Observed,Poly2,RandomForest,LSBoost
1.253,0.926640831120536,1.13411265121249,1.13448659432557
1.446,1.49306988399457,1.34882644172833,0.79967116018322
1.708,1.20341912279263,1.26236194332036,1.24780422176935
2.355,1.47543013231207,2.05305450945989,1.33559232686334
2.261,2.35164360376941,2.45816777155409,1.71627555256138
3.09,2.33617785122035,2.09528414724501,1.65322072736397
2.316,1.74233133844709,2.04322386957286,2.43604257837276
1.482,1.98836066228675,1.76755891691133,2.28295639037976
1.437,1.47776113285328,1.48393318467355,1.18538806391401
1.206,1.32225862436066,1.68469626442429,0.680950739625185
1.552,1.72433872910974,1.48384942112987,1.51641346740815
2.82,1.46230743223615,1.2380142552433,1.47790875718455
4.68,5.08917304295049,4.41744184619948,5.6201671890108
1.956,1.96322352930392,1.75651544296752,1.35760442160446
2.84,1.96253151065228,1.49465672167289,1.21251832530038
0.588,1.31274617637212,1.37677197983037,1.42383981838316
1.363,1.4122687987909,1.26587826645021,1.22692111809096
1.398,1.18610919197981,0.841633714864507,1.65329714088651
1.208,2.05655164214673,1.39188047497072,1.55703228026087
1.18,1.48973996143711,1.57265219067852,1.14032430865657
0.732,0.76579917865851,0.808004436332979,0.754547192643247
2.009,1.67745669937404,1.8967074660709,1.11647060060841
1.619,1.09618937052541,1.13826029928208,1.08335108172188
3.92,4.19807786227638,3.7979846441036,4.44402934780288
1.401,1.09468702120658,1.39009716957492,1.07503786169159
1.833,1.29633206261108,1.79304940920604,1.02460858680815
0.925,1.03890525270014,0.952221312690504,0.686574319603098
1.042,0.931387238346935,1.0718234218957,0.910368636261426
1.246,0.950744069987245,1.15351419620264,1.15157200207453
1.431,1.2561955737146,1.17294705341557,1.24010878155765
1.297,1.58453785118777,1.83564323767106,1.28149933255608
4.63,2.9497588514408,2.27358256710565,2.75642482252841
1.593,1.73908893245724,1.90399827648298,1.86809426195445
2.662,2.09228049835125,2.1901956679299,2.53880063726511
1.291,0.929400773816652,1.00543213563905,1.14212389897845
1.468,1.02356633776096,1.16821412271029,0.69091570168036
2.13,2.19225642608038,2.04737146573553,1.52507609788001
2.79,2.14606592054255,2.39349329540044,1.55132888245567
2.19,1.80943525879665,1.73765583727286,1.04839427501509
14.56,6.37393249769358,4.84242601630648,5.51855972653006
0.76,0.926998569525029,1.11589373272529,0.682202264669726
2.082,1.55703707865085,2.09613640056247,1.40548028737556
0.909,0.880729214111898,1.18412117451031,1.25623667933028
8.63,4.48095121130851,6.42309648005726,5.25178345823506
2.15,2.06464187426242,3.58421378521385,3.8522389677678
2.26,2.19100524166114,2.21732597389826,1.91472847144276
1.776,1.4405267358785,1.97933588758645,2.15129768619583
1.488,1.94481582402538,1.91127119757554,1.75545288399145
2.65,2.82304539330558,3.64043783203586,3.45895873240678
2.591,1.89661956762228,2.0299042250166,2.0012870867974
6.09,2.97690260187483,2.95483334124456,2.49310412769274
3.159,2.60403809703844,2.48637808612709,2.1356862576395
3.87,1.99304421367181,1.97190188532919,5.29882616536085
2.2,1.88674820444296,2.12292430159188,2.73578961810479
2.471,1.66990019630774,2.05894609518065,1.71081426150072
4.34,3.44160296406305,2.80747355576985,2.59054282919516
1.248,1.94243174856758,2.04350469814985,1.98216696624409
1.362,1.39150776352642,2.07006974166525,2.52346073124006
2.208,1.75874549863979,1.98436055772544,1.41558479963954
4.837,2.43941548996779,2.22847270204313,3.24636343089364
2.23,1.90398848242675,2.15262381734699,2.13692818735467
2.08,1.77083196022497,1.68199850918363,1.19538539350406
2.6,2.40427023221764,2.26545877047069,2.26987675748905
1.502,1.62783750117237,1.71709105664505,1.6687203290771
3.5,2.19399737036636,2.21221498386534,1.44290880217359
4.342,1.89581897286404,1.90523712676016,4.06100804106652
1.643,1.96281394943633,2.03075738036608,1.58001763000519
3.05,1.82247715575925,1.53247095966752,1.59132360408563
0.836,0.880952754147508,1.19304303396349,0.478020513078583
3.327,1.64903092274862,1.89910495367391,1.60787266681332
1.467,1.94604402679047,2.14605449633014,1.81987511377825
2.412,1.69095546093164,2.08133966815407,2.16978010763034
1.707,1.67009254605924,1.75419463032113,1.41575270186898
2.082,1.71795489902273,1.91061632244128,2.05086242999548
4.913,1.94465647352919,2.04317935407944,3.09941128640307
2.76,1.75714493750739,1.57914139614301,1.51088816084377
1.624,1.98844100654353,1.79770529622761,1.22791040454297
4.84,2.95898393418559,2.91230798734294,2.09226717116514
4.66,1.83189603091883,1.84120439209738,3.53719931552482
2.67,1.33358941127131,1.53884310783216,1.22367006600449
4.106,2.29277712641869,2.52054777010191,4.12349573548891
1.062,1.10262583710826,1.34123873504945,0.850746609840459
5.7,2.84908518706753,1.99344991086063,3.35099983555283
5.71,2.42161205477739,2.9010425437777,2.62975555886119
0.852,0.59072917906076,1.53026929968832,0.788191856132469
3.38,3.2449155503518,3.20515753666624,4.56712052920942
6.46,5.19297117492007,6.61377430182226,9.48583991083666
1.304,1.56411510599624,1.86119682259288,1.00790621851911
8.74,3.70674163335141,4.0796630687221,10.4875234420534
7.15,2.62462626704406,1.89989130911131,3.11845116587388
4.214,1.73521359712674,2.30436477173768,1.80517611577456
2.27,1.47664344146507,1.58676045382534,1.10431331375885
3.29,1.74340140715781,1.62496329240125,2.16172342051301
4.13,1.80015557254922,2.08787938059282,3.320549761339
1.267,2.17754976491915,1.70126705463939,1.6807341935128
2.41,2.44642018306471,2.32901329045064,3.35270588917151
0.88,1.19669692563758,0.933440400959315,1.32272580001242
1.821,2.1274040428237,1.95302895911479,3.69376319037585
4.037,2.31906676858195,2.10047770995381,1.8147651859491
3.25,1.60269087927044,1.45338981854408,1.77060481233854
0.536,0.476960975612702,0.49880217044347,0.751681804343515
0.587,0.6300909167043,0.806814663200472,0.697290918623941
5.71,3.16230031783063,3.43398638591134,4.32120095401536
0.89,1.03402091550565,1.03423646528225,0.873402090360306
2.458,1.75192683162675,2.04700436422467,2.9790453402408
3.981,2.4162982367962,2.5507967086399,2.75084439686269
4.62,2.15484804202235,1.7610970101862,3.09682793202577
1.668,1.5830139068241,1.57842563339102,1.9971541999409
3.7,2.69537478603604,2.50250845586402,3.22273280747711
1.305,1.558130971132,1.93842739810635,0.90323384702807
0.973,1.18478178357226,1.7065492827427,0.884973268029407
1.248,1.00268457179377,1.25574766207282,1.01558847113414
2.03,1.34394317630781,1.48809726937232,0.804076486225693
1.543,2.74752266803245,1.78326977666472,1.79035730487785
1.447,2.39227007843249,2.08904670396561,2.31580189052769
4.158,2.4698116682551,2.71850071453274,6.65372974367347
1.024,1.33022416933152,1.36073801729617,1.4548168383144
2.04,2.03858768057602,2.15095208324091,2.47479765745453
2.466,2.68040982658421,2.74963586405069,2.42415236196435
1.969,6.81916832328761,2.15036354400838,1.66083168826735
2.21,1.31383665504258,1.54816654650418,2.56383460837203
4.01,2.41536973582448,2.30980201561298,0.93908056625347
1.215,1.75405061021087,1.52399904047718,1.97744227285201
1.516,1.30684108828664,1.46231082913672,1.3416090152901
1.533,1.65307569979569,1.676915765294,1.7758117703891
4.062,1.34622580399326,1.83048697509644,1.45776682589814
3.02,3.21480500083634,3.4370531293124,1.67296997455346
0.978,1.08260561281304,1.86033040256062,2.30417995121167
1.742,1.00974526373708,1.07786525664152,0.830212420387329
2.728,2.71452486450874,1.92758768496255,1.97989520521452
1.281,1.67504842287615,2.13011658816788,1.91161597110633
5.03,2.33686808291049,2.14036937036815,1.66191127734519
1.397,1.62809166715932,1.54208494275401,1.70154142415807
2.8,2.0713335049991,2.33670493328645,3.52748183711633
2.386,1.63827563688917,1.88723712344024,1.26304058199853
7.3,4.30450785509283,4.25441252933348,5.31703239052468
3.961,2.39146682820406,2.02021092110237,2.81278820409141
1.948,1.88836627428189,1.79828580613928,1.37365374967481
3.98,1.6743327498736,2.45289106044324,2.33080842754154
1.609,0.942892971308392,2.05455449202391,1.62089890453646
3.72,2.43053822947729,2.06530846704343,2.85498537609623
1.42,1.91527122833034,1.73507466814046,1.62831959362888
1.787,1.69371870154332,1.7330774866101,1.28039671448762
5.075,2.89361256835629,2.35767858908647,2.013455132782
4.4,3.3151056109635,2.89461412750671,3.12240115505711
1.401,1.36844823134585,1.88583220951177,1.24010859547124
1.303,1.64163418571149,1.57625010563578,1.31486307257129
1.612,1.92427156306172,2.5134493878087,1.36173410623078
3.7,2.13887897328186,1.80660592838376,3.65294149948651
4.475,2.0422230776999,2.4655662916072,2.21788595974323
3.318,1.78136938433708,1.56240863134689,1.59685714069096
1.301,1.471783021163,1.76716098883833,2.15800134150741
1.802,2.48547423515409,2.28946839209107,1.72967609842709
2.92,2.55521122080055,2.27902933714517,2.94565110251714
3.16,2.28232823779149,2.49360983478549,0.935193524088469
0.643,0.802438305953397,0.862991025748269,0.744866961459204
4.56,1.95623789844305,2.0979389878773,2.60177442579707
0.712,0.990952382834721,0.993510419120627,0.545599780212509
3.395,1.43580956302164,1.507599964382,1.59950057161292
2.24,1.6771498667629,1.52710335854368,1.04904028137117
0.74,1.16219988256562,1.20759108575174,1.75276871691725
2.26,1.42771625775091,1.96838201136507,1.02487457060385
1.121,1.22125366522403,1.13782922611563,1.69792149120075
1.311,1.02134107635252,1.01229825921385,1.55474097388269
7.429,2.86635303706325,3.3514104033689,8.14700851890098
1.874,2.82427578506304,2.17669584204622,4.46421836303756
1.295,1.45706154530154,1.21890178504806,1.20909442435844
0.753,0.820775475258458,1.07654386112845,1.70545517418884
1.507,1.43894528089298,1.55549347562011,1.515144989872
1.566,2.29482700323583,1.76471061886524,1.77145095237144
2.826,1.94423921254249,2.11141643582582,1.48554511113351
4.06,3.72220594955551,3.67429775595683,3.85286668957589
2.524,1.26947513075184,1.31410640942892,0.731601238794916
3.162,1.39808541861787,1.37330047636433,1.16197228610636
1.467,1.57959405827932,1.42477447994495,1.90788361678161
3.26,1.58745851152592,1.41302888792637,3.12577134680342
2.9,1.52496981562255,1.60168965409365,2.1089360039612
2.22,1.63884260913121,1.16873559734962,1.42810863741707
5.91,4.5295567113951,3.90322715131837,4.69298930591298
1.176,1.68885580237091,1.60537320607798,1.45851150825981
1.209,2.212221923239,1.7518047275227,1.73173317886479
4.55,2.16962243874006,2.46749532245433,1.71872635078902
1.493,2.05230211555319,1.72433825146628,1.38464636092898
0.996,1.56113260796064,1.36228829384506,0.823638211898929
2.4,2.59343496311852,1.61409236802281,2.0709926732097
7.471,3.19842126523756,3.19504652026678,3.99730309887057
1.078,0.829542458521715,1.00963114443968,0.724864305660821
2.558,1.59529274083722,1.37002621837402,1.40386523874192
2.538,1.50796593870329,1.73665996555655,0.487715105295003
5.197,2.67309819596295,2.84352534096103,6.37807875939824
4.483,2.73320102037087,2.09431382445457,2.16952873816709
1.003,1.9631540935966,1.68199635333659,0.790022416941293
9.65,4.58741252615279,4.95581462189005,7.17826068315808
5.94,3.06492004862442,2.63278760893352,3.71558665501462
2.904,2.08373848716186,2.14108810694825,2.2371366459172
1.683,2.65164490676543,1.65369584736848,2.32514236661211
2.42,2.94282118696695,2.10431713728798,5.53310656125765
1.176,0.971415807634947,0.930896132247306,0.800632117934518
3.041,1.81637017041239,1.7252958228614,1.424264097344
1.977,1.60670377048807,1.3844125437923,1.81300393726281
2.7,2.09195399013771,1.51505777361619,1.48766072131427
4.683,2.93242100291986,2.83211208809107,3.76829273677218
7.946,3.30277421044078,3.95167794848066,3.55421324617063
1.954,1.33585347133739,1.61113534887383,1.43994113829573
1.023,1.31471388686245,1.29479676317508,0.708830535659147
3.738,1.74330928369778,1.52442732917682,2.94406343067846
2.227,1.59600164458803,1.62132468834632,2.12892040485703
5.92,2.09302566176471,2.49097307853627,3.92692764190554
2.46,2.64590704377474,2.24064932215229,1.74692627829422
1.565,1.41208966582195,1.33346359623053,1.40058582529987
1.221,1.41643625959286,1.59098787595119,1.68929690196981
1.734,1.27082933317235,1.19595215020215,1.10526389759397
1.851,1.78969600930734,1.94215524783475,2.31472596349398
3.7,1.40124191167727,1.20210098556233,1.2647915703225
17.26,3.72077088249248,2.07667687767748,5.87643595044185
0.894,1.37623780145804,1.35912159675731,2.39249414866418
0.959,1.10648498408126,1.18684658094429,1.15184710235622
1.908,1.33321670328734,1.31685891202237,1.32943948557504
1.082,1.1063171082512,1.29335070280956,2.34468951387708
1.201,1.29340955896856,1.5909746010812,2.2027601705196
2.351,1.60940303926655,1.33630283968683,1.41482257033784
0.81,0.9526892548846,0.982115089088089,0.811209510993377
1.653,1.04989904127153,0.957912444014492,1.59765447904542
2.179,1.45958585985629,1.24578448137878,1.5315734682709
1.346,1.32628025988607,1.70527297452891,1.53728763804786
0.583,0.6924713729094,0.99345012093845,0.534018913384772
0.695,0.975058422802727,0.743903205487246,1.36621870847677
1.388,1.5507573117701,1.4382459971634,1.27487735970168
2.026,1.56850625518966,1.95652506599283,2.83579021816349
3.251,1.53486100540098,1.46088617580248,1.54762383828597
3.507,1.7437988364262,1.55751258959937,1.29187587204471
1.943,2.43606100565287,2.00256048402559,1.98039163724967
2.7,2.04357620382338,1.72789370297842,1.8973749499673
1.822,1.57186800027239,2.10123288108912,1.06345168891842
1.682,1.38000972736599,1.4447075168569,4.8963414811882
2.11,1.25873966355939,1.21216564160212,1.24936872262193
2.06,2.78381921592148,1.88667232515385,1.87709774282565
1.148,1.17422237465955,1.62524569093424,1.87113613307864
1.786,1.61714860083693,1.8395545866539,2.09916203683751
2.2,1.16112818946743,0.994793436020315,0.719896077180853
7.2,2.93530719569733,2.11702076525115,2.33533997478455
2.333,1.71260014952987,2.07629999381597,2.16290345694381
2.42,1.36575901761881,1.72315769366402,1.37464517128128
1.308,0.971841126939566,1.58161483637866,0.945714893649574
1.67,2.54299214010862,1.77453163205253,1.22069243074616
5.55,2.50267229413118,2.44126806572318,2.02519003479962
0.8,1.11148467412768,1.12189747328477,2.039109015107
2.58,1.75806515637291,1.47702258299354,1.23778383159164
2.07,1.72643337243676,1.54563486088192,1.30603329658042
2.57,1.79898746886646,1.75895684491782,1.54181085794098
1.008,1.66037013216609,1.82588364305998,0.967294460177639
2.39,1.85896756112803,1.85564348140498,1.69404436119419
2.1,1.67855800078843,1.62208474931618,1.42615467395966
1.252,1.18077182221689,1.13888977670174,0.966649128973465
6.698,2.00403291592517,2.09491374195356,1.92165610289749
2.91,1.74107565493961,1.41617881846611,0.57873670183775
1.218,1.9943006764271,2.30017241544444,2.03129303280883
1.321,1.89158412970298,1.60045970616941,2.50594779212776
1.043,1.05788228444002,1.04197678008026,0.689343564271321
1.858,0.950609389108777,1.28311325624804,1.09869114049156
0.915,1.58981744474787,1.24917451376402,2.07750325702417
6.83,3.06883459513043,4.64530223608608,8.32662408272193
0.828,0.869515041078212,1.18704651752848,0.882140124049955
0.931,1.20894257280388,1.18258469452307,0.575568958142671
2.672,2.14696936072941,2.36147154764019,2.66707903767749
1.199,1.93443687375172,1.92087730214554,1.33522863968535
1.307,1.79627540268253,2.00429446755896,0.82596507971073
1.585,1.62682113607356,1.49469338929893,1.33148981854362
4.92,3.84517393437448,2.75565925261604,2.54822145100389
1.244,1.93472772771385,1.6966249761497,1.60071654743708
3.65,3.04040600181074,3.12294317736956,4.73318622287502
1.393,1.35528477194676,1.148143783964,0.787566150636924
3.138,1.40988591666219,2.30730806279865,1.66541329960497
3.153,1.80573864255211,1.94515122547767,2.62754516494316
3.927,2.54755067988351,2.55387994663355,4.28400717668602
2.44,2.82236579784211,3.04016497790416,2.1796194114739
3.57,2.61973832976169,2.48849998845698,1.51144246788366
3.246,3.95517226715788,3.9889888756062,9.48435088578505
1.331,1.76848310104584,1.55283909401913,1.59248010162869
1.094,1.32052359537861,1.11225318497525,1.43155202463446
2.554,1.9369683862217,1.96341423430823,3.88421809946802
2.36,1.73765306939967,1.35154820987741,1.02498171190243
3.139,1.76619043396355,1.37459244059341,1.49755871613218
6.137,2.67397764813257,1.96130113660458,3.44863430263531
8.349,2.75239397839031,2.94132818880011,5.10293256431867
4.13,3.05115075810461,2.99590774633799,2.35039731718117
4.99,2.59177700222554,3.30563395863424,1.13374088173626
4.732,2.53872927318447,2.34734465419764,1.21335240912275
2.44,1.90566738704965,1.29667291220366,0.98884625298746
3.48,2.38823171883393,2.1675783755343,2.60714116192737
6.178,2.58847793327636,2.55693739223944,3.50960996997706
2.39,1.8554412291747,2.56883944366716,2.277287916564
3.98,2.8373412097479,2.76429602842222,2.50430944116361
9.773,3.80609956894677,3.81293126342495,12.391936921292
1.686,1.90203673173743,1.98855092559058,1.59292309077913
5.54,1.83810287968432,2.24909117026882,2.11727644192458
1.519,1.67828847160572,1.47501322844405,1.63154049227184
5.92,3.28998528836417,3.25854456862702,7.80017263301329
1.211,0.783032938117905,1.36752151200817,0.85994428772411
5.27,3.1843816919558,5.34133509450269,4.39735659849795
3.71,3.08805368477309,4.20794325518809,11.2073905866363
0.841,1.09486577083324,1.1048842426506,0.750037537197313
7.35,5.98441649872255,6.09968539367876,7.96979945112494
10.18,4.245427949059,4.97584841325888,2.94508789151092
9.12,4.49832102883129,5.07307861316041,2.78265587193196
0.901,1.0188647921153,1.09427494451435,0.967260775337127
2.833,2.41851229448377,2.74257775278082,1.16947516331791
2.43,2.80985517509703,2.61193695347478,3.87034867161994
1.768,0.944768978296848,2.1245401371011,0.911884715289216
2.12,3.02109441808141,2.31739776983691,2.24416649560537
4.054,3.75617443859178,4.6273531396374,5.27770788863244
8.504,6.44564036307561,5.56497753479542,19.6266797861066
2.4,1.64123044988748,2.48241460419969,4.17328375259075
4.92,2.79716248885501,2.68489909766275,3.53920264637114
5.174,2.11943302779621,2.91293955873542,6.0144636731256
6.36,3.15513179181534,3.61677718083561,4.80188715152183
2.307,1.73790096634955,1.28283689653531,0.872039996296456
1.449,0.935282565027175,1.24693237904923,1.05445165304114
6.32,3.22786702949258,2.80507687380503,1.91906630202153
1.846,2.09441871900382,3.14100623630521,2.88356444024509
1.726,1.41258497191782,1.31475398014437,0.863217537694302
2.47,2.07546756986405,3.0297847660168,6.47629621337857
2.53,1.46758953313984,1.01712733906029,1.04079015327982
1.774,1.4678604758959,2.04308622359042,2.02368935394774
5.912,3.07509969556799,3.73882577239394,3.4797192014061
3.415,2.13627060102908,3.03368424804434,2.03736251913539
2.67,2.20797228622169,2.45271295889962,1.98320026267066
7.538,2.27286839467828,3.16300803825117,5.30324704938114
3.92,1.62255509968393,1.63122211582618,1.17827091428224
4.56,2.35048710113382,2.22258783962034,3.80651686460156
6.86,3.21563941402634,3.78591186493639,4.57782278160259
2.62,0.727821488265474,3.22320702594783,4.48972729497635
2.229,1.55506105265034,1.46424085651141,2.17754966000716
2.979,2.52891161450924,3.00321995807791,3.72930224038972
3.215,2.21199039189147,2.78764752084583,3.32664927698872
3.824,2.19891291932311,2.78561487101542,2.73506363265674
1.613,1.54357574381159,1.72910866410877,2.3209388882112
3.68,2.43730056037886,2.24154052940502,2.54290051171566
0.898,1.03944754379596,1.33232296548133,0.9884143378481
0.897,1.2598308075677,1.34077011949887,0.998108340858044
0.932,1.67976327322562,1.7300562745264,0.923240241326063
5.036,2.48301465286993,2.73143350117219,5.15682133125542
0.715,1.24654525399332,1.35769037721741,0.883448381017029
1.234,1.04842322342382,1.2102874581988,1.19802801054081
1.179,1.06848470943707,1.30277865044479,0.660666942487078
0.964,0.940593506491213,1.0459179774075,1.13808196738956
4.85,5.99859062136855,1.9562969399124,1.70897746957932
0.718,0.947376204080775,0.749533649014944,0.800877183275712
1.809,1.08867175601168,1.29307638301242,0.750661683572068
3.11,1.22415480229868,1.32810429710798,1.85628326599045
0.857,1.08512398606027,1.16482614648899,0.965053719939462
1.396,1.24004173222856,1.29077825147955,0.743870358942922
1.243,1.43886391071096,1.54159355550812,2.08670637057602
1.19,1.48286453163211,1.44984190905887,1.746893049966
2.464,2.93024772202,2.92248235439164,2.29109821185868
2.111,1.44661435697456,1.48286253288258,1.26140686925651
2.012,1.90039745965311,1.79622923199286,6.4153121468733
2.447,1.31598612153545,1.23190583054172,1.53399869229011
0.754,0.847473153082147,0.7772115303209,0.689021751277355
1.094,1.33441136277892,1.12079480875009,1.28772035439912
3.91,3.52275712612496,3.85190082006074,3.20238334012784
2.87,2.42481706215848,2.55739854211937,2.46374663518012
0.907,1.32426601146131,1.55859892732878,1.27038601336994
0.865,0.919454117132228,1.2789069574358,0.576038428863912
2.896,1.80101100501212,1.78166263925643,1.48862308059377
1.119,1.30717009219616,1.24931740714233,0.727951838982687
1.182,1.26371520865791,1.17385550567599,1.32065558267482
1.315,1.09413943510127,1.46681737490648,0.996316223993255
1.098,1.1604857868362,1.10996549139146,1.6366655274341
1.038,1.09220600980589,1.15034842976064,0.644605176648313
0.431,0.70901189207819,0.800536008438376,0.669682218066548
1.279,1.46243304067271,1.78755440765601,1.34049461299401
0.791,0.713264957639719,1.23210485190822,0.856468101281853
1.163,1.10455981072124,1.23899024781788,1.05302699160158
0.91,1.33644262162212,1.41786982399622,1.20439019503816
1.749,1.46309935602967,1.27919802695751,1.05042269429415
1.083,2.25836291098395,2.2481228033705,2.62807300023507
2.508,1.29987076177527,1.46802335964725,1.13272100632721
1.436,1.17998428888506,1.2331420155573,0.697796596274962
1.926,1.28460478565081,1.48482029295232,1.09635258438228
2.483,1.61130556161101,1.57983943160716,1.56404634997668
1.818,0.937337536826327,0.985383576324934,1.53139910303516
1.135,1.14217801850275,1.02044910877166,0.933585845905868
1.536,0.959952506576004,0.962284110873342,0.811007854540368
1.705,1.35279803835614,1.66966509831779,1.99698032680323
1.805,1.64639103693021,1.66253691965997,4.14157481568193
0.844,1.59591957328148,1.62721313094771,1.86879627335371
1.747,1.47264156903772,2.0874457902229,2.43536917273466
2.64,3.03635012504505,2.57519484967642,1.94428455975789
0.95,1.76116690844258,1.98768128515506,1.73996351147738
1.594,1.7512466265256,1.67295023232289,1.42153117235599
1.622,1.85106333726701,1.8723498951534,1.74570854128015
0.98,1.21048503920609,1.06333444244425,0.975551106929463
1.029,1.19291979156556,1.14933917268869,1.12271761766128
4.311,2.38277883062209,2.42272424360545,3.72988992271346
2.878,1.72256414082442,1.33665442348538,1.58293420571817
1.876,1.67439989513163,1.91885424308523,1.8189414765574
2.648,1.78060614119958,2.0352147864702,2.09599205622517
1.107,1.20544357674591,1.38338316298128,1.34077502392209
1.448,1.31138690642549,1.39985332171455,1.03333361748582
2.055,1.60874241421841,1.5797306386818,1.25801031230056
0.708,0.689437815897599,1.04671241281625,0.710511841508106
0.767,1.03389754959795,1.25957237752919,0.752178482701634
1.364,1.35252535293032,1.41900858654649,1.09469213421084
2.681,1.5270623929873,1.80002398775835,2.84822553932115
0.82,1.09950246842888,0.886514919124015,0.925172584747385
2.1,2.79065697744852,2.78787335751285,3.46524627443226
1.058,1.057592625314,1.19001239427131,0.966360694924473
1.536,1.12478765060536,1.39581342693436,0.764364026346282
1.496,1.39996533632277,1.44398582924875,1.25363296574842
1.085,1.15362698743749,1.13753006637836,0.774344636102273
2.853,1.80149767122596,1.64403784143695,2.02611469311304
1.751,1.72754389229894,1.87882913226303,2.16328453616051
1.096,1.01244890439248,1.41032625781404,1.13095711160133
1.087,1.05605000056857,1.26546296039066,0.813419839849462
2.533,1.56235110028811,1.47526234212355,1.59192774822268
7.279,2.472096918449,2.59800190723607,2.56056547263786
1.378,2.21766521907457,1.91876733533203,3.19994591831462
1.03,1.77807419118873,1.94811336300775,1.657408579713
1.495,1.01567830449144,1.10024655446168,0.644661598605916
1.75,1.27396672744063,1.39561372733142,1.51126168897574
1.295,1.22820885110822,1.6410260886176,1.38725737364197
0.973,0.93430190467179,1.02245885950711,1.15407740583146
1.821,1.63611394766192,1.56183629090382,1.32368422978746
1.353,1.1703290027346,1.50553716174965,1.45027954569625
1.328,0.84417386228356,1.0776908353086,0.958042730285599
1.263,1.16417998291476,1.14577894010083,0.99636665744925
1.365,0.928222378134657,1.18073168047091,1.1445659337008
1.816,1.25607661395186,1.71903052343727,1.3615883523265
1.009,0.924919032583657,1.13244087143466,1.05944800082386
1.972,2.03089268934842,1.68438907734196,1.66254719929053
2.336,2.75241766437814,2.48508174535085,7.1840466426664
1.04,1.60979161190574,1.88347628725754,1.89424027732182
0.779,1.02647681539883,1.31199306402159,0.81895848346575
1.319,2.35896771655428,1.78507879297216,1.61884492367462
1.505,1.37999206889117,2.31831255560602,1.86541619356729
1.701,1.72726000515656,2.30375106305941,1.48041888767898
2.26,2.17396777702564,2.161430927548,3.2212174480671
2.67,2.57162382983468,2.03525377990447,2.46323096300308
2.241,1.8121959175068,1.57979448700312,1.1359740765792
2.99,2.32334944601145,2.64138780520728,3.33744604036048
1.173,1.17296598475036,1.38785111579987,1.08246689622916
1.48,1.67690644845549,1.89061271201093,0.914789136326545
1.367,1.68020595417047,2.32255549605901,1.79873236283801
0.915,1.1476410495983,1.29747354332236,0.951014393345536
1.393,1.96634133521458,1.65271993518522,1.76510331671989
0.66,0.995765406132281,1.00422633691056,1.00633549099066
3.18,2.00205155187872,1.97413957020666,2.05750053453386
1.302,1.69233425195997,1.47975731321573,2.05359606203573
3.157,1.19397150942702,1.46954326205504,0.926704357354354
1.302,1.0785793366436,1.08788834553944,0.69195298756367
3.175,1.35824224450888,1.64308796651601,0.806456997830916
2.554,1.61189653154841,1.44461475968776,1.57223386849943
1.684,1.9404634084407,1.91629004122328,1.36773788322789
1.396,2.01320867778027,1.5541681431606,1.34410871675205
0.937,1.38405365401964,1.6843163137134,1.06236095704442
0.57,0.817397424431347,0.972122149674214,0.918903873758773
2.769,1.91956792547954,2.22313478526064,1.509528431767
1.598,1.5124719309451,1.81709695423111,1.58002901588463
0.53,0.994818643832571,1.23477876549898,1.18037555577803
1.436,1.09376721334171,1.26872721336549,1.40948109481718
1.19,1.47566509247706,1.68405318680653,1.26825325470087
1.492,1.07371761819112,1.06641065157403,0.893837404608523
0.749,1.73802017205775,1.37015816939318,1.64264720609576
1.73,2.86622629536442,2.56169669747403,3.05263576739381
1.542,1.7691192086959,2.36480724137678,1.70683539542661
1.483,1.24524225569644,1.01487079926466,1.56146916042834
1.875,1.08482885386343,1.17484148556897,1.21719566072727
0.723,1.10824134252643,1.18125470755538,0.465278665013357
0.71,0.89672011745601,1.12728959509176,1.2297668844373
0.933,1.58639355570263,1.78121437291767,1.09339122293705
0.455,0.733166158148642,1.13355097961403,0.857275935054765
0.659,1.03275838238264,0.960997657128774,0.924179739957721
0.43,0.754189693128285,0.865448452423768,1.07131853816459
0.38,0.645236742244575,0.931416382307215,0.429294350205285
0.894,2.27146578238418,1.29293919863555,0.967774235537453
0.552,0.514083528368529,0.849974488431922,0.485871062391252
1.04,1.12690397966328,1.13441628072342,1.44547927023584
1.555,1.93067743207604,2.13220398032795,1.03605877583207
0.471,0.520354893403162,0.900609475348039,0.454837059269819
1.405,2.08684982716875,1.84876134341333,1.63754136847962
0.763,1.0398222605766,1.06129371286043,1.00023874675793
0.752,0.970636786231793,1.12518940512393,1.06193411269428
2.422,1.64918217707664,3.21800173888551,1.37043156145846
1.392,1.95042419301341,1.9285900427556,1.81804960480646
1.294,1.9662288359095,2.68447495738252,1.15734580424841
0.834,1.78063659758071,1.51942704810893,0.939576152993682
0.666,1.02144856040156,1.02343416397458,0.769213205713982
0.445,0.67328942318594,0.876458524096914,0.86978554300958
0.993,1.27050428547747,1.5274107637632,0.470549255776401
0.738,1.38070125265751,1.39365819382811,0.748189500583866
0.986,0.532201736058391,1.21013852986207,0.562785505566106
1.228,0.892636512654072,1.1786614480116,1.39327317331937
1.856,0.980704238381879,1.16011025092276,0.765125887566044
0.648,0.876374436378982,1.04901563662119,0.898972203370798
1.306,1.65199341334906,1.77046545147869,2.04914654486658
0.598,0.776419474672649,1.17147338762423,1.35043548187983
1.095,1.02253893850256,1.05422433669297,0.751241982864034
1.95,1.52162678187967,1.38764618107687,2.0282448514156
0.504,0.766012738351861,0.850688816228742,0.399779664858474
1.818,1.36797926044366,1.09840030933082,1.14844360456647
2.42,1.89409728744259,1.95668334905973,1.25628460144851
1.043,0.61253965591675,0.70316868031177,0.175068689554599
0.647,0.643741604264022,0.827094726483105,0.623076540415266
0.902,1.08678566602949,1.30837621341209,1.32846215775039
2.05,3.03157272194818,3.39630262268908,5.56985852990368
0.688,0.913322074918668,0.872651944386202,0.586040298872761
0.559,0.640935367358678,0.908509114906741,1.21064756762707
2.39,5.26345782589525,4.20948664355172,1.21638611702767
1.812,2.24432871337991,2.95520326774657,3.69466654233896
0.72,0.979479039551197,1.14906861905896,0.500275170618933
3.108,2.1881742988766,2.09136168595101,1.27972196971783
1.572,0.879197766748243,0.915608444192605,0.860427834666979
0.437,0.573727019437447,0.693739915646169,0.437853629588945
1.643,2.45759768545542,2.23736517200746,4.08785581149815
0.478,0.845049740241897,0.790944329020378,0.752396074395731
1.391,1.60915760346677,1.79509957190458,1.97908331267213
1.605,1.58663679229646,1.78664655257443,2.06519899880784
0.88,1.60139323362529,1.93067778787058,3.78120764666836
2.19,1.59689315442778,1.32989060139854,0.822933815806544
0.532,0.718775503199681,0.868494917673223,0.889120243196219
1.31,2.43486157679049,2.3258368604804,2.28705794628183
1.306,1.64090948186254,2.4589085817505,1.26566177690677
0.511,0.454524109992831,0.714601304419084,0.691844136872944
2.526,1.35232954237,1.54862440654224,2.69746694713939
1.232,0.751374552113228,1.07413193812409,1.47255856174562
0.917,1.04613901319976,1.13977080937636,1.3093449122193
0.464,0.686174661237041,1.03049353886732,0.866889731686142
0.859,0.947969021569618,1.09101011973511,0.816322216842769
0.289,0.318339298205182,0.554239807602519,0.829898311911338
0.555,1.05290676012602,1.13838829388337,1.27599657797995
1.738,1.96323886936734,2.24323634751854,3.07236518600284
1.239,0.920872980556069,0.997451661412789,1.0108309886302
0.751,1.51482449817116,1.80060366918379,1.73249801785423
1.968,2.44121017963083,2.41810212726911,0.745347225954108
0.786,1.18097477239953,1.04769795608393,1.0156325869276
0.442,2.01507089921185,1.75847965832391,0.982372287241213
1.318,1.9630993129312,1.6527479353153,1.72354363448007
1.38,1.27951740601536,1.06823781285253,0.533386791289454
0.475,0.508428112143114,0.801239629796753,0.570716190770553
0.596,1.07952792050015,1.40067615505439,1.23829581632199
1.71,2.85949034049298,2.70917916804654,2.01508277664923
0.802,0.612842521997457,1.0532467600886,0.867345955749845
1.385,1.61859142939428,1.52842037837657,1.52840083050612
1.606,1.60307942365137,1.76125911046221,2.74967630275019
0.867,0.591375256347157,1.01890230372763,0.420913266943286
3.016,2.09825192591255,2.54417909640047,2.64255793990558
1.388,2.32123235360399,3.203489149213,5.50132665884422
0.92,2.03218087164667,1.37881245333222,1.85595052572203
0.644,1.04911658265034,1.2667521021651,1.13735970491307
0.99,1.50112173045464,1.4311807690591,0.613020278096858
1.568,2.74477592660868,2.56255667749823,10.8883020901836
2.523,1.4988565707776,1.15653815856364,1.20142335929438
1.786,0.697564381008292,0.808213743286272,0.884848992466924
0.658,1.05464717281588,1.27716615764255,0.888456233562415
1.657,1.38401483979542,1.28005378638757,1.17086272994662
0.838,1.22533784612658,1.71306722589416,1.39790660319612
1.039,1.18713722745427,1.41067645352535,1.38474894518815
0.648,1.04671270377058,1.34194838676448,1.38322182410382
0.589,1.22428720042031,1.09462339429994,1.08520061164354
0.431,0.286553951583137,0.7063647206741,0.25576243292014
1.747,2.26415465433475,3.04282982551123,2.95906453864221
0.652,0.389099719113008,0.87337869773355,0.359577749657326
2.934,1.74793494892081,1.65517158136156,2.33663081203258
0.704,0.982113779528188,1.21717582837433,0.825784187201613
2.69,1.53805555105577,1.59747660154979,2.1520728525271
0.555,0.705956004673264,0.780021016328563,0.505438522399111
0.542,0.723873124908158,1.12095653302991,0.694782021774059
0.875,1.18296461483891,1.29468586040037,0.756984917886806
0.517,0.982807385190463,0.804769727309106,1.15471124801235
0.53,0.675952849876648,0.679837925056362,0.206473256172026
1.413,1.10733047228353,1.23151704817928,2.02543085172648
0.446,0.540640830508321,1.07542386967388,0.69228859236386
2.354,2.66096069417761,3.58870665945412,4.53869307245282
0.946,1.36311698523503,1.20272271271363,1.08991042092385
0.604,0.878452071539022,1.05587659434919,1.24221525164356
0.96,1.65011872397395,1.73255155656167,1.46469594805339
2.84,2.14014624541077,1.6834214289149,2.02009301314265
0.598,0.979215365893884,1.35471015064003,1.15749540424869
0.675,1.31291021730692,1.78700561529178,0.973062112736997
0.533,0.700700396572106,0.987858185976812,0.82747592701005
1.546,1.94619750964928,2.02802147990372,2.07795852248801
1.189,1.04798582351198,1.19220153987693,0.767541545380136
1.078,1.00265526170535,1.06801743970306,0.78889738955839
0.805,0.989661519487326,1.03840394138758,0.899776297034557
0.683,0.596897507121352,0.683193266699204,0.460364651496544
0.694,0.854208378198929,1.04208132581431,0.615716534234933
0.652,0.980334909389674,1.28771909293081,0.97379327018193
3.698,2.77048850451518,2.78568888881626,1.4952210236591
2.01,1.48378741126052,1.28923765870208,1.25703694135473
1.311,3.45762766588952,2.34771946241591,18.3615345685317
0.705,1.10740945444096,1.13959504965017,1.34540561308411
1.389,1.62775072103612,1.72552045343274,1.66163216137652
0.744,1.11110802580173,1.44748778224446,1.12965776110393
0.805,1.69445892684182,1.61711573412366,0.811725655330638
0.453,0.411466501882847,0.673477489956691,0.343565308581566
0.889,0.780922404227549,0.904744423292539,0.651392183825305
0.581,0.440087378024259,0.814316364459357,0.691311719333871
0.576,1.18715399592628,1.30163689432371,1.14447897683939
0.888,0.616665239642027,0.625965455770671,0.276674992418674
1.238,1.465598173276,1.77068359161536,1.57616715449442
1.297,2.09285293053505,2.26601328430004,2.94066593088543
6.91,1.57302406359458,1.14515578965103,1.55099063503781
1.589,1.92879992350804,2.09933838433804,2.00169767593671
2.538,1.89844973156082,2.71934145036145,2.02301288273777
2.065,1.46651968022617,1.57575369990296,0.521798778297529
1.818,2.86064356132867,2.29539754032941,4.36224268317615
2.343,1.76126599023714,1.87515431800441,2.19641928781092
1.377,1.6818053607868,1.71492003168199,1.60129306281378
4.826,3.07147715483753,2.98011795083317,3.05209489504999
1.661,1.90324731788605,2.23879390319685,1.8713696554272
1.887,1.74920378493073,1.77519870905916,1.78012778374546
1.597,1.30726181559933,1.54013403469405,1.43287590771256
2.42,1.16417050953154,1.44879196429169,0.68707284512417
3.241,1.29412681453063,1.52122962102217,0.924799191192305
1.74,1.7057422518383,1.72363946556765,1.65697899249194
2.05,2.22762574441724,2.36777489339851,4.90429214379849
1.106,1.32521973179466,2.12894636943205,2.2340191788339
2.325,1.77224856792568,2.10289894091992,1.50543448736161
1.729,1.38128023584705,1.55090121823162,1.89410904997885
3.86,3.58020106745176,3.61553392281086,2.11780009122244
2.11,1.89912746500447,2.23214603664188,1.56287393860325
2.226,2.05775884273901,2.02120681363333,1.91061135201512
2.06,1.42699274806565,1.52874764400169,1.23204727146511
2.36,2.98268297566303,3.27274582833303,7.29365096814061
2.333,1.63916093090091,1.71561710848229,1.66729067592602
2.48,2.36129181081765,2.17506127032592,1.24665719509295
2.761,2.20897751530166,2.372148953873,1.50106932792412
3.076,2.54346000022675,3.03358256362745,1.69448312254083
2.824,3.05407888684198,2.95778971296179,4.94238414035749
1.878,1.59404321195064,2.02042890734988,1.19616557555657
2.463,2.18217180128717,2.10999986705581,1.30262907567338
1.557,1.4250821080621,2.07700568590901,2.35708281911439
1.674,2.12832783414088,2.86632714591805,2.37386604062116
6.67,2.65958930155118,2.53607277697792,2.49561374946503
2.554,1.34952611836886,1.83911268261426,0.755080838322035
2.708,1.43044747151735,1.91689528038814,3.88876178755562
0.832,0.876387319129306,1.02407620045069,0.941796283932458
0.912,1.04706112808385,1.08550257766006,0.961180986818904
1.013,1.29701780050287,1.55415253223183,1.29666239262828
0.866,0.887554111087561,1.00279248415392,0.722420080185642
0.805,2.27372725312346,1.38439458901349,1.9388905620642
2.32,1.19777526995284,0.699681332085288,0.767800719178023
1.086,1.22634169180753,1.1357492250111,0.922341703672099
1.753,1.92104599223093,1.99014452717686,1.17327958126601
1.454,1.63940273262679,1.47879461419589,2.18382285528949
2.55,1.64769162506261,1.30210984405956,1.05104479451863
1.245,1.24740991532678,1.26732513597396,1.48745229367122
2.175,1.09163886521835,1.12468064548467,0.853162207623404
1.347,1.13154674151346,1.38728712515529,1.22761629436652
0.965,1.34913867600471,1.32254526204097,1.4956707377508
2.07,4.37001291247899,3.25647515204528,4.43075969679935
0.726,1.0412968046501,0.992395840988129,0.71809633979753
1.152,1.15382505386787,1.1445300734207,0.982979823787014
1.738,1.64579583434251,1.72910289094696,0.569070800838076
1.132,0.981548077883545,1.04323314080414,0.549068058508766
2.44,2.09973894026787,1.87791761276987,1.6270558118564
0.594,0.66405811287277,0.764990134836798,0.653810182734437
0.913,0.585668576393569,0.678233367836561,0.803053294519782
2.27,1.98321389898517,2.00857885979243,1.59340928135269
0.998,0.985765851504389,0.986284617690799,1.0754070793303
2.55,2.63655118688949,2.69127910248363,1.93304345764107
1.622,0.669803420775625,0.739169701918225,0.623658544799651
1.998,1.14600788409247,1.13384838430566,1.01870974236922
1.493,1.44740358311201,1.11312530587336,0.804484334835286
0.567,0.485639837404328,0.916896131565882,0.806498045661266
2.052,1.44741763430452,1.40713755043543,1.39795022368986
3.47,2.68572374578878,1.99484352504055,2.37336319335117
1.942,1.74542882394163,1.73152386319303,1.92657700431537
1.517,1.44465725181643,1.50739601269452,0.963805047887996
1.655,1.39872418866343,1.55331741155302,1.70171697968647
1.938,1.20586948250384,1.20315983569338,0.953292251579983
0.979,0.923675940630219,0.951566765231745,0.905229026246616
0.705,0.576881490766125,0.70185125884281,0.529555915894234
1.714,1.79633685776623,1.98865324026526,1.82101857365033
1.737,1.50072602940105,1.7916649279814,1.54716665474617
1.879,1.21943971392443,1.54640481079338,1.46278592556866
1.845,1.31783924351173,1.48664509219714,1.20052702822714
0.737,1.40123976106733,1.09255724990258,2.46272524655317
1.614,0.854586828583107,1.15470260352575,1.15567121990751
1.786,1.48150760569173,1.30546500482311,1.18201928522442
0.803,1.0773417023145,1.10707214890798,1.17102251019534
0.959,0.836886355649124,1.01420497408613,0.732365490791197
1.39,1.53434818044372,1.15270561855612,1.46353907896136
1.85,1.44053241112191,1.18962147147281,1.040798682173
1.192,1.06988757600724,1.29282319859136,1.28236342111328
1.034,0.967335689186331,0.9424023503002,0.746702677765531
1.423,1.06915262154467,1.07680328178957,1.14687570652722
1.106,1.36577115322786,1.27509128703634,1.16099651598499
0.777,0.742855894449902,0.931134870160758,0.707642066395976
1.799,1.72933270462943,1.50547819409168,1.72408620893288
0.733,0.808793652196944,1.07569591386166,0.669758487080278
1.626,1.15148084077835,1.26107283609187,1.49871072884078
1.531,1.25478338904361,1.24365751962332,1.02012500745247
1.038,1.26996699433309,1.17074668549249,1.23226918968935
0.744,0.916708819653398,1.33129082913843,0.705130137340037
0.778,1.22190096311873,1.4131642816661,0.913598668352685
1.154,1.72891472525249,1.35667062967683,1.91273092616174
2.98,1.91882801258755,1.40013950875684,1.82377211120095
0.88,1.22070115237979,1.21006001283451,1.27114499087763
1.309,1.64988267773706,1.78889297093728,1.4092014712981
1.937,1.43073796053665,1.18646107332885,0.952134165735508
0.73,0.988041529490489,1.05324155420831,0.714672164038086
0.994,0.928464651334949,1.060477395615,0.661740290967065
1.022,1.36027156367873,1.21739736874587,1.0032325635734
0.69,1.13724019139938,1.12708688569723,1.18016379272433
1.434,1.2835440355124,1.29059817570468,1.10893621811508
0.638,1.1236777673945,1.19916115515472,2.03856614778521
1.34,1.38554885506071,1.28561773663518,1.0017898490167
1.025,0.905366984468052,1.14575673814524,0.84103576090547
2.326,1.32892516011978,1.33757468550947,1.16113426968989
0.987,1.57837460124031,1.23979173380234,1.21700752541293
0.559,0.927322621081983,0.989892987329644,0.750111282459357
1.826,1.71800610773099,1.67590337214512,1.80458822719235
1.851,1.20822468321033,1.26855787135583,0.962022922101536
1.755,2.12700386052502,2.24483819665135,1.80754733527286
1.188,0.727142241990837,1.12086806573798,0.967127215548505
1.024,1.28616194827381,2.01671653408098,1.00183995298167
0.93,0.881072723529706,1.11960202802702,0.978742864431203
1.531,1.15786046769968,0.924235684460626,0.756038308220664
1.07,1.21331854940589,1.13484561892171,0.823095505736098
1.168,0.913019630393069,1.13938898444253,0.977786349839162
1.009,1.27948351313983,1.15590504560977,1.04928526172485
0.79,1.44632597699977,1.14769540820854,0.946255602225691
1.575,1.03215633249114,1.75480456056774,1.9475783972314
1.138,1.09104487991043,1.1808212590094,0.904801448134363
0.649,1.04177126377781,0.991111175395266,1.11303202950332
2.4,1.50259283459355,1.1498356239598,1.41092298457848
2.1,1.03586365722766,0.939678899646482,1.19427625974978
1.533,0.764033120114525,1.10037317657003,0.636521096867481
0.898,1.33431319920841,1.14634376678449,0.977021955189572
0.961,0.930414367516795,0.917820049045835,1.10169742349918
2.61,1.91210915747329,2.25678739186742,2.78658978175757
1.463,1.26535872474651,1.31694151196244,0.670757620203641
1.034,0.682168044297892,0.932613018274326,0.929957925450875
0.994,1.54427537325904,1.51242351997257,1.23632909491946
1.629,1.16552373722137,1.25641384927232,0.776875915823296
1.91,1.58735503855586,1.43843022811359,2.20827579800414
0.659,0.6405401578628,0.953079926764384,0.388376519032065
0.747,0.838245630835838,0.901680699888445,0.635957352884381
0.808,1.20878162797086,1.5056568715864,1.12282304274217
1.347,1.39440389424107,1.38542410423494,1.92388143314299
0.991,0.9942865028287,1.12342521686542,0.811555922289968
1.044,1.21593595373781,1.5143196044767,0.776377681873104
0.749,0.638683840925136,0.738117900561688,0.4940146694336
1.589,1.23345956426046,1.25145292382109,1.60431495203807
1.033,1.32382437503254,1.54569213931145,0.888046623954846
0.502,0.849719268107948,0.852329373460244,0.775433427146516
0.846,1.17826824976862,1.1664648492353,1.29556542623606
1.285,1.28034977909854,1.25371867685737,1.47276293071327
1.095,1.81092673103144,1.8070390863289,1.16629525025845
1.575,1.96847689896488,1.98758229412281,1.22844813481583
0.796,0.714374729624422,0.95440888999636,0.547052333158814
0.98,1.50714970500194,1.41982516832828,1.68760979374128
0.604,0.863443367999464,0.813031280400507,0.654982832216118
0.595,0.904485258924017,0.971603322411495,0.853977909950879
0.93,1.36298226938487,1.22107844914201,1.21460941441245
1.12,1.24164350556585,1.43476410733069,1.48979055483185
0.595,1.05033144227813,1.14211526642553,1.08827818369539
1.791,1.81746066229467,1.37711746622007,1.44607387453489
1.02,0.97303724518306,0.919478701890436,0.926454173742958
0.646,1.30080664503456,1.00954253657532,0.912021843799237
0.995,1.43476219498934,1.41857437757683,1.37028453181869
0.939,0.93142336820855,0.912227049392986,0.765804360250568
0.631,1.07864791224088,1.0834896965233,0.838157336070576
0.866,1.63084444639487,1.53762001259658,2.09223350419422
1.692,1.59133088420668,1.15259297095633,0.711878845788621
0.588,1.09030716338097,1.1394201770564,0.890724701980729
0.904,1.40697670551134,1.61835832627721,0.904250437644359
1.028,1.20573356056969,1.16230578637145,1.10748543660853
0.93,1.0409821578709,1.00859380356375,0.76902491739557
0.8,0.840118067718967,0.90068843329452,0.692563830106935
0.691,1.33302815538072,1.35864349488299,1.25154230977762
1.604,1.39357389992556,1.25977252234931,1.71335906134072
0.859,0.895150856056411,1.02106159080204,0.860710108896467
0.73,0.636805231349177,0.58578952400315,0.439229921940882
0.695,0.582950328586014,1.11093800959035,0.972819624959706
1.337,1.20968636705655,1.35202926102149,0.873526693583784
1.623,0.989728861489499,1.74522773784035,1.22564336106928
2.24,1.94158123123223,1.62233381808192,2.22363503009529
0.925,1.0154303013576,1.0772478725013,1.02889036486981
1.856,2.08098579996002,1.72522643962323,1.75147786676977
0.623,0.883798122378484,0.836299395613144,0.291369038706542
1.041,0.990090783200741,1.27410414796616,0.780660496474568
0.648,1.01333931989727,1.02085657779101,0.706963121635793
1.333,1.82407458571005,2.25155215705494,1.19423128796968
0.885,1.32982119948638,1.34463632300595,1.57848361258535
0.705,1.05604265285403,1.10314943262184,0.801005168527748
1.828,1.72562721047195,1.47044995903814,1.91991682539556
0.776,1.16900420583403,1.10533721784359,1.07813370248886
1.28,0.987328090213991,1.10687861757252,0.961082106801757
0.851,0.763259465875762,0.696746920559524,0.524454378304781
2.52,2.33883144088742,1.88797855489791,2.13109643296598
1.217,1.66838955794642,1.40527062340624,0.91889714829622
1.12,1.33849826748816,1.87049270179028,1.80331748363795
1.419,1.07597214226133,1.64325168202941,1.16764672034816
1.387,1.12359316191915,1.36851762324034,0.932253973772623
0.979,1.37801714688563,1.30260846358501,0.792825053644529
2.67,2.27964804897953,1.43648391697147,4.69420538167419
1.844,1.79820622550888,1.96033630482035,1.45743531416735
0.975,1.50519940515139,1.41201530472751,1.44839745296542
1.043,1.36432267509972,1.37047965578135,1.33062832265968
1.684,1.06471883270906,0.779261493151322,0.961271540559194
0.961,1.49940207864382,1.64688195831645,1.22423388765164
1.031,1.9637218572156,2.10875652569577,0.969627012963735
4.59,4.12219451888313,2.86989487545815,2.72773918989664
1.268,1.36034398056677,1.21908510612502,1.37665131952832
1.558,1.0247427350588,1.25907730580067,1.02029806139603
1.306,1.57292021000619,1.78938464863228,1.62779089143297
1.12,1.07814725366695,1.1083305635878,0.799692260905669
1.535,1.60966440051827,1.63737380369424,1.64879924897302
0.839,1.03453443703131,1.17678237917331,1.64130771361056
2.102,1.79975234349593,2.20280637077141,2.81246305570415
4.032,1.84375138263552,2.0132309102481,2.57016492788726
2.69,2.83523443031284,2.64443193022161,1.73604973264853
1.471,2.64464972553042,2.31777962399646,4.4403801873377
1.086,1.2302179254165,1.32934892752995,1.7660613451182
0.896,1.09738678665992,1.04122625751626,1.03516078418478
1.139,0.89608791032482,0.977693421351309,0.565289748895273
2.21,2.64219431115234,2.17555986703901,1.51031132448059
1.079,0.954757029559343,1.09218468004679,0.729458449806043
2.053,1.81388463738694,2.09418834798597,1.81201012801078
1.456,1.06559757119219,1.03062555700086,0.976504777218607
1.417,1.52654639125079,1.05107059539676,1.21230724749602
1.182,1.98855081835516,2.68733526704922,1.69326208929251
0.549,0.982520896860936,1.14803192238905,1.05253281423876
0.547,0.849258117098847,1.24121284459584,1.07118138453538
2.346,1.46100671963371,1.59552573016676,1.60056716767122
0.77,1.25573434942637,1.37295797612449,1.08574103322555
0.596,0.785716643486095,1.0569065043152,0.482444446477141
1.376,1.01240060505354,1.40534753643883,0.901001365868396
0.725,1.00554544788526,1.17973369987549,1.17895961749517
0.921,1.09565718597105,1.08165138603858,1.0945240721253
1.965,2.28999963864989,1.39848207361728,1.62001500200864
0.958,0.804087072097676,1.01945265917631,0.458943977767913
1.298,1.43666064146441,1.5620026120488,2.35680267961342
0.681,0.773055901382875,1.0399543761691,0.567893140669516
0.771,1.36098878384181,1.62929735488729,1.2602166207958
1.957,1.59053324604382,1.69058602118526,1.52171125621277
1.231,1.63764731782437,1.37175439827343,1.18282646212567
1.032,1.05697465411887,1.42884634028994,1.0237900778132
1.286,1.43404475651339,1.45413168069576,1.13287743865025
4.786,2.51726028617243,2.41587181656584,1.5951634021723
2.36,1.73442840923423,1.64114702274749,1.69443726075413
1.706,1.34156417710845,1.60159311392462,1.23634464723116
1.477,1.54429861666773,1.29427761566039,1.08131152005882
1.178,1.43838957308911,1.26494561172889,1.70405668563527
2.123,1.42449005178135,1.45310002568994,2.13056014659495
1.373,1.63420665059385,1.59238131234631,1.72672646618682
0.877,0.879681651999696,1.03811360526519,1.22447385296778
0.881,1.71540030845398,1.97845618847434,1.31610973986574
1.614,1.63366080142356,1.76664746244191,1.93107012956977
2.035,1.35533819852599,1.13980369176894,1.48901903171169
1.541,1.63146442085229,1.52683261193861,1.51318738497951
1.279,2.08807587716431,1.31881642368096,1.16667161703192
1.146,1.33810518448043,1.16570247823789,0.901461252706334
0.61,0.969335052472472,1.05809552504116,1.61716961017046
1.494,2.06595012085668,2.24494972516193,1.96298527703534
1.4,1.28179898471057,1.15186837672558,1.1781475422109
1.98,2.22551389723506,2.45640631900002,3.1747608406673
1.578,2.24133765735957,2.26154086574037,1.52353271322249
1.378,1.57022009139843,1.86531247872965,1.93736170974511
1.526,1.92829168151345,1.60768191788775,1.53804525187454
0.83,0.946980337514227,1.02673646093929,0.741942863759762
2.08,1.88288117610823,2.00922224067969,1.67675350897034
0.565,0.822140464837725,1.06597978758314,0.589049486253595
1.834,2.07028907230485,2.16049202593005,2.22976984494363
0.894,1.42769897122514,1.34950487148975,1.04009256329311
1.076,1.63144666001222,1.04771197477134,1.42047843267521
1.086,1.02014551776497,0.990044111221549,1.01208415660477
1.948,1.08086041022759,1.20396144504197,0.62419126552751
1.253,0.879000289424571,1.01476074616626,1.05919801147999
1.177,1.36758108123612,1.38650809893373,1.34507296646727
0.679,0.84451181744349,1.01527201319551,0.753181168615352
3.38,2.2243096862509,2.11439152939907,2.70435407725715
1.68,1.55034174122382,1.48928630775554,0.966960418038942
2.12,2.21039908023616,1.73357100303646,1.52385092441274
0.656,1.05311554995492,1.00752673215329,0.919914148323884
1.541,1.64812534351278,1.64066625499223,1.64993970768161
3.02,1.57024575136711,1.18078280071339,1.42122344723872
2.136,2.01575347133221,2.0168557521923,2.16084536445299
2.391,1.50996198315842,1.4823812717443,1.29877476726417
0.656,1.08227625053037,1.330471633189,0.947413186358981
1.782,1.09200859320201,1.04609678124581,1.37920637522269
1.969,2.15907273289498,1.8967683417907,1.56521506457174
1.091,1.09585611423088,1.37910174153809,1.096469623346
1.002,1.22543636762974,1.34107209219881,1.05780689182645
1.388,2.17810696424743,1.52278684627016,1.09695034536357
1.886,1.31599333135026,1.37775953926583,0.982095401254923
0.743,1.62413755843803,1.34091923034693,1.62906357284477
2.558,1.64508484149187,1.54540367028994,2.02734275851291
0.545,0.884983987760738,0.924315992726752,1.34548447811892
0.741,0.946681871696733,0.985210897751894,1.07551994968222
1.07,0.876029424587501,1.02428006115472,0.724661903516912
1.343,1.06503352961343,1.01882631957295,0.962872487758275
0.711,1.25833072662329,1.22663253990902,0.876526481388636
1.731,1.15317250722411,1.07548201140059,1.29792477864774
1.585,1.81523162195837,1.34503367226083,0.939159534094835
0.992,1.62575470580051,1.32732560662624,0.498556322721027
1.756,2.11200722207111,1.38543157931383,1.53380315478497
0.674,0.39159017946142,0.539342915466694,0.48943332043998
0.875,1.01663574014594,1.11300464034297,0.600188171807497
0.774,0.685306840754594,0.976636082520097,0.965712034428213
3.035,1.91785311800209,1.50875569164326,1.61435770425245
1.982,1.8954264213176,1.68210291292721,1.04786844969108
0.781,1.15522508604241,1.36296321413043,0.929164941664608
0.904,1.11284107709042,1.35964073998496,0.702752359104319
1.0905,1.23120322800177,1.14313424037121,0.985846313413085
0.578,0.840993155721482,0.837769523909626,0.885978502879038
1.133,1.11554520727618,1.27671299067516,0.98378023166661
1.271,1.16201165688216,0.953614345690601,1.26409288526726
0.545,0.913320925171158,1.06629967396501,1.10657909812664
0.856,1.66309042309025,1.50111065301465,1.12034972678574
0.764,1.11727003816827,1.08035679739093,1.6671739072381
1.34,1.22160626007234,0.968023666291385,0.894788655789427
1.346,0.954198593935169,1.02890873537199,1.03885012728312
0.734,1.25591372411456,1.20339846394638,0.806122937769826
0.984,0.804154738614156,0.970411653571277,0.579252805110408
2.79,1.72790444869879,1.62570201114954,1.72420710253701
0.762,0.890576930769127,1.00288930640049,0.888991663881642
0.962,0.981933152941928,1.04556308980493,0.712494887449475
2.137,1.0256423976458,1.12161232633199,0.989182427874587
1.004,1.79908520031364,1.78669910860151,1.21366897106056
0.584,0.685338407916382,0.889239734588384,1.15737298966624
1.771,2.5721132584246,2.26866072410763,1.92116201073235
0.928,1.09347545671529,1.02648528357335,0.905826666455994
0.999,1.32739749330813,1.38309450594668,1.08626524087611
1.53,1.53768648158776,1.42731038547723,1.53650522931153
0.787,1.0018890003115,0.753253640702279,0.931993568325528
1.021,0.767917511046165,0.711289763546079,0.493768763671276
0.922,1.90929279863555,1.55989311763527,0.779885801019223
1.088,1.55230746726758,1.77371648082718,1.71879148745212
1.057,1.20974190871674,1.36911143049376,1.10273090662481
1.244,1.68854957961143,1.59174425786857,2.17208499456057
0.773,1.22490670368051,1.29491767757749,1.04316696558392
1.72,1.56656788959399,1.24154088826299,1.42252493188354
0.909,0.94485507431808,0.883022775004272,1.05748651530044
0.674,1.29211811255895,1.16108007654463,1.52700999059229
1.139,1.53015452727144,1.56859616000348,1.46033815900985
2.18,2.14963020173995,2.00884792458959,2.48984746611628
1.244,2.68199035098171,2.18228316207663,2.00386027149008
1.593,1.71705803912979,2.22821030536835,2.22003136907174
1.012,1.14494859651958,1.53717218164443,1.13080280252258
0.771,1.19657232391546,1.4307554130975,1.14047762803192
1.681,1.13175007544719,1.40154511615729,1.28221437079616
1.116,1.05120345775045,1.0917701599332,0.66959915763462
1.735,2.01747130584533,2.20098786978597,2.31916026307911
0.934,1.02743226815368,1.12957400288325,0.690880120066935
2.28,1.68321861866234,1.96175986973718,1.47655966959828
1.971,2.0525982514891,1.99452952799969,1.75267415414545
2.27,1.71654237679935,1.89557620384018,1.77517004845925
2.319,1.88045796753848,2.00527057351004,2.71012153320578
1.549,1.47080051509945,2.14681739827171,1.67886230475997
5.304,2.84826191161623,2.10794264987673,1.60145033851474
0.686,1.10376456091608,0.91486003216612,1.20186113396241
1.154,0.890415006041405,0.962661220337708,1.15600085810793
1.688,2.13683863086085,1.14345066121712,1.30558022062977
1.243,1.56050615663436,1.64693918801622,1.58416870769469
1.322,1.42283269356893,1.6319789760857,0.695127531526889
2.725,1.49757407463545,1.31460792053753,1.71835969425062
2.481,1.85499323600433,1.64870548522994,2.03440277851019
1.176,1.71282451698082,1.3551336350751,1.4532874821811
1.659,2.10772433900335,2.06140184794058,1.25501347460086
0.819,0.906136118483098,0.963348494955612,0.662191566818484
0.679,0.645097467850637,0.919660551136475,0.545492278857124
1.777,2.0645974853932,2.07359841092977,2.39950889713541
0.495,0.701577151295926,0.963735203575246,0.696464569025915
1.802,1.85080632946801,1.13917459102614,1.2030558538676
1.335,1.44327259136892,1.39007451384446,1.31639406756459
1.462,2.40081354137515,1.54038771483571,2.67252285176037
3.245,2.3357281676873,2.23155256779819,2.37916870787985
2.245,1.48788113211769,1.23288914296069,2.12763880649353
1.7,1.26546066506306,1.42214011514031,1.7769297521872
0.845,1.25508214859425,1.27298035395328,1.53112505694124
0.938,1.37009364975749,1.14598954709684,0.610178083733146
0.911,1.06724286958731,1.06572133921773,0.867455377725459
0.618,0.733569316444554,1.03493254862743,0.794077072307053
1.525,1.34705515719227,1.76434351297869,1.97327834824813
1.764,1.629346522275,1.44099384655839,1.39076467257348
2.139,1.56541532926617,1.30383712335727,0.999513933442193
1.177,1.24927547767487,1.13915852148751,0.91991754007369
1.186,1.79605585954197,1.49034511598826,0.767043335995985
0.678,1.21812016932065,0.997062748514448,0.93412307310233
0.948,1.0744289470771,1.00188024661533,0.767530139160453
1.225,1.24198718861952,1.5746266544036,0.807715990725416
2.474,3.04822400946665,2.49405428723508,2.3701004702333
1.033,1.30517057708178,1.38063652448926,1.96181039141118
1.85,1.80378115850729,1.74103584416242,0.989390691104256
1.222,1.30848557201492,1.05136081636903,1.57616593818659
1.668,1.48089443206312,1.47598728609288,1.87668477320724
0.719,0.953311900042386,0.938541219731818,0.776301408329943
1.365,1.99003698331705,1.49684487205232,1.36652053888964
0.783,1.36086182863167,1.23354166565694,1.15572614844452
1.021,1.36283160070049,1.23092273348194,1.4341609111513
0.762,1.43338895910059,1.48522166558332,1.41681614611562
1.221,1.28197311222856,1.54497913542658,1.65218628405961
0.647,0.6319463477191,0.888685480727379,0.46679248518699
1.767,1.47402314702451,1.58230294350009,2.18282796626386
1.981,1.53859243903539,1.77747501184757,1.37988162042153
0.8605,1.20763445409015,1.01048854893594,0.771490276038858
1.422,1.01165313929935,1.14672792139155,1.40759706739822
1.289,1.20128993638232,1.04658618539702,1.62600208219371
0.868,1.04409870441808,0.977084914952897,0.999612136206242
2.152,1.36272605961575,1.3066933950337,1.48156314872354
0.697,0.940956866805244,1.0508800108487,1.07954758850116
1.129,1.22584841257898,1.2309037816217,2.21381865311779
1.501,1.16561922440859,0.991342627187854,1.13302100369469
1.331,1.12664472852005,1.05048186550212,0.94798078336016
1.155,1.48572330115763,1.63228824123503,1.55466292937189
2.17,2.42780814150056,2.54251707686134,2.36785944013354
2.343,2.37537649536884,2.10968736996181,2.16520845375994
0.544,0.769525911986424,0.854530662297419,0.422274266930706
1.073,0.917653739615038,0.730451182484428,0.990922400170804
0.856,0.907900740285941,1.06086530300491,0.7090365548625
0.852,1.37070794014942,0.860194878077772,0.536626699477393
1.563,1.85540664907484,1.9414272647702,3.36543799031692
1.751,1.76145705782499,1.5709470453044,1.16635109258419
0.937,2.09157512872112,1.4142855657854,1.23786118664163
1.835,2.04456899824841,2.11494432225975,1.91778026005676
1.414,0.801259478884549,0.83909774294507,0.750241930552325
1.654,1.61620561284199,1.7110805254785,1.91789837203268
1.562,1.53890397763598,1.29541388361657,1.49512765166047
1.412,1.59860774137091,1.41543461911029,1.41863055468313
2.325,1.93616587742573,2.10853925454929,2.56865690603875
2.227,1.88593671468955,2.0507671385132,1.83542485809471
0.656,0.627490517596734,1.15283218208675,1.00891562633288
0.806,1.89463557352703,1.53519478686745,1.73453919130789
1.079,1.43087575318508,1.49809760364896,1.30825990125822
1.087,1.40934585565297,1.2537955648509,1.25675629963843
0.893,1.65282676695625,1.7448224321622,1.50841615743353
2.14,1.63702313938274,1.54404795086806,1.44256010920996
1.686,1.65585881004367,1.97266271687124,0.957460702998521
3.81,2.20903760123817,2.02677706167143,6.16251988378711
4.354,2.85245622511747,2.75920439151637,2.46961059741534
1.13,1.61934541771513,1.81702743038318,1.65013284240888
2.092,2.41017162476206,2.46376134102794,2.26558508004211
2.222,2.32956985437534,2.38672074912467,1.40704445934097
2.02,2.8013179688764,2.79580936118376,3.01658028578472
2.03,2.29266522359412,2.30224704175346,1.97433392379373
1.793,2.07505790002066,1.85543820708579,1.53879816290392
2.44,2.47605729010572,2.75965103636234,3.32087368356285
2.539,2.73873228816337,2.56322375432114,1.61235024663415
2.67,2.2731414626951,2.26332165578003,2.5160207605535
1.652,1.94884268256534,1.86609865907497,1.99289406154094
2.41,3.79066144957188,3.22754559538392,2.48433470797929
1.336,1.76790124929401,1.55089762675571,1.54138033906318
1.249,1.34276082025986,1.30452529787072,0.617869210467558
1.096,1.44286843648956,1.53864079345418,1.16854012836602
2.202,1.38704972907931,1.28257283618948,1.32191831692825
2.08,2.84961996797255,2.62161557697179,3.08759018578099
2.2,2.61346324446431,2.68620263719922,2.9583564628362
1.751,2.77378167495574,2.25328250616604,2.12113575132246
1.664,2.74294858182808,2.4424906185189,1.92329669814406
1.236,1.51682212251226,1.38914390146108,1.59270376671412
1.793,2.14712996471508,2.48382444144058,2.77994414590657
1.613,1.40507748126869,1.74610563732303,1.46515207571264
2.25,1.98766739221807,1.8068700708081,2.38468306415309
2.597,2.1500201868581,1.67139169261384,1.61767505813703
2.159,1.92655633848081,1.93665265244288,2.22367092155988
2.38,1.68294076046878,1.76979014576087,2.03035326184861
2.591,3.81766973463436,4.2035719617802,7.54050316648141
2.209,1.27765426201257,1.21742390555438,0.94014294090317
1.291,1.48290512066995,1.62637443953953,1.85772969021044
1.875,1.21762503382538,1.3423990750377,1.78951514784187
1.395,2.08233938546954,1.91939568661893,4.86495078047789
3.327,2.66058676037509,2.24259683062751,1.85201794856141
4.36,3.80997605752524,3.80477403990865,5.09336010118388
4.41,2.20618427687195,2.95094063767942,3.22685983478901
2.481,2.01233907205868,2.06581307928268,1.31476315831622
2.661,2.35128176366644,2.03536138740402,1.81597435015413
1.287,2.39842974788898,2.33623982551943,1.87607012872798
2.285,1.49269718971759,1.45988917013434,1.32501298648925
1.593,1.78892244078585,1.39734911646328,1.40132983933747
1.419,1.07827777995769,0.9971323655027,0.859502478252477
1.073,0.993583753298056,0.972941024290902,0.884725406539872
1.93,1.768997707679,1.34581254049069,1.09935692556224
3.477,2.29466074188199,2.27273508871007,1.46549867666151
3.75,2.09779629873856,1.56827059587548,1.3308068368485
6.03,4.00705245034976,3.1567354046742,2.84255847053139
4.46,3.66581565774726,3.7175191353153,7.45159673339735
2.92,1.78933584169673,1.71172522376853,1.80919634236761
2.951,2.52872492018445,2.59285490307501,3.48334300567198
1.29,1.17686303361374,1.30340023425256,0.89469245957514
3.856,2.36440263467134,2.14808798336317,2.51959342540455
1.427,1.82711583376293,1.87912958248994,1.47912701635657
2.571,2.60504957357414,2.43926585950143,1.56865571397923
1.845,1.37721240297571,1.48825673980277,1.21831382235617
1.88,1.66392403791476,1.66703549364907,1.92030906087502
1.748,1.57772542926186,1.61098360461147,1.88329348166794
1.853,1.62307069625023,1.53435548143367,1.29922207713234
1.692,1.58939991903071,1.78501915973162,1.78178685526282
0.869,0.862389924761726,1.11134799888594,0.622629590573342
1.429,1.1427319806657,1.03933699600979,1.08724320184063
1.088,1.28202682075126,1.42304497882492,1.15169654316445
1.706,1.33275516704739,1.37991505216222,1.04013179032338
1.73,1.85971510580551,1.92909556681564,1.44390900326758
1.347,1.34696372557251,1.53288233439094,1.93397049906698
2.43,2.08700625053114,2.15726948677882,2.26182349666879
1.279,1.55133009287205,1.3994569748421,1.28020511577252
2.013,1.48053588085567,1.86360244232872,1.37279234398277
1.652,1.2017070894276,1.1184661997536,1.17901717126912
4.29,2.09288914491268,1.8703439962189,1.44644654588203
1.373,1.06733533977611,1.11711512136872,0.896633107661995
2.88,1.77523602983947,1.65425688872146,1.73166495798318
2.509,1.90204802976207,2.15713025386136,3.25570386683471
2.3,3.63772244691943,3.79528457357421,5.29488769719825
0.908,1.17331666636892,1.75643566666929,1.15990327406997
2.99,1.96390335400616,1.76827027839423,2.43144300448896
1.255,1.88581502153219,1.68397938111712,1.24923924252065
1.55,1.26001945112254,1.26517102125764,1.51846415155702
1.116,1.06784870482541,1.10552789797628,1.08041145751593
1.401,2.06965996404642,1.94547686210265,3.23111202111354
3.274,1.59715522599564,1.51851488589131,2.13538046689127
2.869,2.23867172199247,1.66736092807683,2.43041140702511
1.66,1.66970720118979,1.8271137897739,1.09877905999549
1.402,1.75708759133778,1.861847564623,1.8004852561653
2.424,2.43047580087828,2.06368729896242,2.60419724581013
1.594,1.68198688890634,1.03187789955767,0.858556057981181
3.381,1.75431922713623,1.6266387754674,2.14623894287963
4.067,2.43062085101023,2.40080561059308,3.81496859185035
1.503,1.68395902122251,1.77120439574153,1.2024734652873
1.075,1.47687047145781,1.79412555733885,1.42072027850632
7.83,2.93379869247321,2.22869383067556,2.67945993545375
1.502,1.20022704373766,0.978420027763662,1.094305986589
2.164,2.03124911031211,2.37576129702483,1.4671718104145
0.899,0.960503949172487,1.17414043729134,0.907532232224824
2.74,2.84396139043703,2.3633744229474,2.91460422477449
1.26,1.45581088768239,1.60399047397377,1.14622082548898
1.769,1.57219760738995,1.43339638610479,1.46458722040263
0.658,0.931220490844201,1.03023403510548,0.889207619347631
1.51,1.34944461098254,1.23218939283772,0.856670161673399
1.466,1.5871598357565,1.56944365643748,1.8907874434997
2.056,1.6358939598477,1.62062789252341,1.784281070369
1.303,2.04674665965082,1.9490928481266,1.73845311923698
3.905,2.81205482542046,2.47244270208824,2.24728243419181
3.408,1.63714054488719,1.48691766863101,1.20502198362909
1.751,1.50544938233003,1.45391734342288,1.39891742555205
1.982,3.20291303272669,2.75053802270461,3.43217717124029
1.488,1.55125335069596,1.48944079084441,1.36199703703107
1.785,1.4742446263845,1.13059791101285,1.0446896984299
1.802,1.36108874073922,1.38026909263031,2.98703403956841
1.166,2.12312149409181,1.56806073720073,1.54261479380251
1.458,2.03029842147437,2.31623682941677,1.70405845711421
1.461,1.98354272075679,1.44178602693466,1.79149912457942
0.953,1.12381233935876,1.1532500965072,0.714919525794379
2.018,2.75185099000567,2.15935545304271,2.30319226209433
2.391,1.8809957453915,2.11173241102262,2.09386631477107
1.78,1.34404566221019,1.34306114780751,1.6605601196663
4.06,4.69594586546663,3.25315980657465,3.33548473206405
4.253,2.01686431914764,1.77736539984418,3.62251275513135
2.253,1.99842031120382,2.6666040334985,3.04521052975039
2.159,2.04849490801981,2.29051916320196,2.76605973555395
1.539,2.34788183478631,1.93502719046036,1.35404455807986
1.122,1.2308431408304,1.30555806620795,0.9963061767334
1.259,1.61962703553102,1.62375463249575,1.44901014013722
1.498,1.36464485200945,1.39604473023701,1.57457491907723
1.078,1.14541051083845,1.13962165226067,1.42951575880582
1.204,2.08198858142222,2.14254265648222,1.45934171839813
3.12,2.49008719713643,1.94782031052728,2.30923139830321
1.168,1.15091834773348,1.67582470538509,1.6738161363531
1.65,2.32323066137455,2.34674421418167,1.95776505169987
4.837,3.3980774166825,3.52721883240395,5.49878381595422
1.118,1.31336759190978,1.272030884953,1.32595632935802
3.17,1.85667920883047,1.6401127793624,1.3529957446522
1.666,2.14542696311395,2.00887234472274,2.32155643918062
5.043,2.00502115830611,1.5515428881963,1.46423581265859
4.148,2.5545194563327,2.67386987927589,2.07000969674334
4.142,3.14594612459345,3.19534730769449,1.3187229809661
2.75,1.9939293947295,1.96764203019807,1.91147161252294
5.939,2.60351071573538,2.74212560979755,3.94090112912764
2.13,2.85740062679429,2.36055150692509,1.98578241035156
3.192,2.43001573171879,2.95484196444406,3.30046620136228
2.92,4.20595279966977,4.13027399255742,11.0157080113241
1.125,1.69538562048029,1.73440795588951,1.15517064621681
1.952,1.58336697642583,1.58573240640515,1.5850132467784
2.75,3.40017729993163,2.89865015538926,2.02182341082796
1.174,1.92136848638463,2.1332783291571,1.81854094306655
2.367,3.17166472818956,3.31500534904745,4.88108069658505
5.013,3.07492241346153,2.76150637032747,3.42845288746367
1.668,1.47440253985239,1.36461807008315,1.15211027751472
0.412,0.408252519142078,0.560082906210676,0.567426243898349
0.681,0.415837671153615,0.540558420556992,0.247818324116993
0.282,0.359255324922375,0.465412586449321,0.332681527300569
0.827,0.941509491568258,0.916259030274459,1.52217048932559
2.208,1.06864903610906,1.11009305795617,1.52659995259457
0.834,0.440380327577732,0.801844397841736,0.634895752790284
1.465,1.65300302960989,1.46349705973092,1.7991201944376
1.082,1.01666566326851,1.09529743485215,0.916339615860844
1.44,1.07633555118272,1.17014384206591,1.46313345793441
0.323,0.531333772964109,0.632810662170607,0.738350862691189
0.396,0.376520459455298,0.500849551604535,0.458987963819979
0.739,1.27899977906452,1.12738611396127,1.3158442719069
1.238,0.996500230837745,0.953175218665356,0.87480025201377
0.659,0.547697393504508,0.781834991166081,1.08211478758991
1.087,0.657198361862681,0.709078270842877,1.00145113151391
0.484,1.1886830420384,1.13481646766223,1.06896464169372
1.752,0.836527368200176,1.23260305665452,0.656710422690884
0.378,0.440744064739821,0.392471569165641,0.376925662112933
0.651,0.512850373523677,0.744700356686251,0.386628722489189
0.38,0.327590768229641,0.476755280069896,0.526341938476411
1.006,1.0112366449855,1.17623505358889,0.975862268963072
0.375,0.275239977156785,0.401504241010248,0.212588916541337
0.913,1.93544629565349,1.53521811687116,1.14217802250036
2.364,5.35372289076242,3.88917522655985,3.87107052845561
0.633,0.949679453005821,0.728128084158454,0.707361856487951
1.698,2.38125165695403,2.27749869470908,2.66505184733077
0.981,1.42287468742731,1.17410008303569,1.07881673729029
1.156,1.55469488179179,1.17363451668892,1.65998711263541
0.463,0.82146273757745,0.948618229365397,0.649574837209661
1.014,2.63200763940172,2.0579163875674,1.85324206166422
2.18,3.72738261279399,4.45206980826739,1.79852295471495
0.397,0.32242934954999,0.336057858001596,0.330138014046272
0.427,0.374940166155364,0.359603040708749,0.227827791819481
0.322,0.239567979448043,0.466619928216492,0.355050976625705
0.384,0.195842089273217,0.311947749014127,0.227248707271326
0.805,0.936178000535445,1.07993761081552,1.09101169226091
0.435,0.312637529749059,0.551236199228473,0.541224015008668
0.539,0.456877149558734,0.665811541594663,0.513146294108766
0.712,0.559020827529782,0.585450454956901,0.806386576142123
0.763,0.601211998441828,0.626150197970735,0.549962875686512
0.407,0.27796082088184,0.383227939297931,0.401469993355281
0.529,0.53348055243363,0.599605515423988,0.44642837129767
0.368,0.269482540817525,0.386132594085969,0.512216158923447
0.4,0.480151859356107,0.665841550521116,0.687901523754049
3.38,2.34855667609078,1.51246424666035,1.05545359321722
0.6,0.565451005750361,0.669470334767221,0.363482075981244
0.695,0.888030792793776,0.802017620506705,0.722955120523596
1.53,1.60543257130062,1.27351829103399,1.27137346487622
0.479,0.371077094591359,0.426695554588663,0.274503137705576
0.465,0.462152933947924,0.442757637700577,0.385688090809399
1.342,1.69142616078544,1.64317913494886,1.10665227194731
0.472,0.589978588974726,0.555724798626436,0.547438349424214
2.335,1.64825871278392,1.68867081721286,1.50837124984066
2.273,1.45228242499988,1.3745630702067,1.27047826543811
0.446,0.581045958945247,0.431033775283405,0.441562504605721
0.449,0.309870552980094,0.454686597767832,0.435554961158346
0.302,0.345256356616173,0.465383146164766,0.502355007862749
1.18,1.28339888520357,1.30444488163536,2.49732842223068
0.695,1.20562850982819,1.09795541589802,1.09973086951428
0.447,0.42946659329312,0.393482488431025,0.223818791505192
0.497,0.298844495673598,0.498356046088154,0.261471358845136
0.858,1.05845112675771,0.806509602695442,1.33245385338707
0.708,0.759395000495,0.735994659942561,0.556929423486943
0.459,0.667845407581069,0.585706348205451,0.781124728284967
0.576,0.478827027037675,0.508672469144439,0.542630180876164
0.493,0.506260900854045,0.478607635716251,0.389296563985239
0.533,0.442943670400895,0.506703650441806,0.338409983630149
0.405,0.311479858598358,0.486170889862229,0.570006165121613
1.537,1.64897606856411,1.9549966822539,1.43123594723317
1.332,1.64114346884622,1.52490310206406,1.61841852252577
1.585,2.25277979013568,2.43649616931369,2.06509078486047
1.536,1.88000905675042,1.50552248029311,2.37275885116037
1.06,2.05294674566443,1.70045003004534,1.18670469454871
1.166,1.99812206139012,2.29113519201906,2.15808962115341
1.002,1.31101286570745,1.56998853528991,1.0071731475058
1.345,1.8778113186456,1.73106174242683,2.34038315636163
1.014,1.81709792902494,1.67371681897121,1.41914311235223
0.916,0.734563362000729,0.898836645423061,0.729610890116205
1.388,1.76425019726904,1.62476079952607,0.809987862323039
2.788,2.2707305964334,1.60259244845431,1.79742174388586
2.541,4.53779678753857,4.52642791893888,2.47044492914074
1.484,1.83648406396875,1.40069402710888,1.2127747406433
1.086,1.36613652265248,1.39583600826753,1.3789066132767
0.745,1.09536212659665,1.09282394916743,1.24361321805154
0.913,1.18933898516756,1.30931070414971,1.82027223165493
1.087,1.12588556787424,1.21108570439148,0.978215865732599
2.51,1.60393257109558,1.46311369966269,1.40612585692519
1.354,1.55642143521054,1.39911685133608,1.2020214256325
1.014,1.2246732764598,1.09946565817221,0.994222464397556
1.574,1.52189696251229,1.44390742790152,1.16032255996041
2.28,1.88590665217979,1.53317031722977,1.29304445335849
0.892,1.39197162719913,1.13877586489131,1.57959158103857
1.696,1.2514869910192,1.1435700647657,1.37539071617928
1.048,1.61090601780451,1.79602797272186,1.75014928860607
0.693,0.70780412533521,1.06117742343923,1.09853502695356
1.541,1.63846075481511,1.68816939484193,2.10249711074345
2.14,2.00130119636697,2.13200353196621,1.54190992794839
1.012,1.06873120670461,1.01504130567924,1.17759514063064
0.961,1.34977719562932,1.51176034717881,1.16539196104193
0.607,0.633560012781934,0.80626570451529,1.05613356026044
1.039,1.32424287491502,1.0983398249185,0.886127773985595
0.839,1.60431138958219,1.68951898650346,1.62341801949517
0.71,0.65884294722077,0.735156446543898,0.68285119032853
1.846,1.78490265837021,1.88110194432625,2.33585829175673
0.703,0.848028787773753,1.0248494572256,0.66336654695668
0.847,0.988404609890469,0.870839502925268,1.02700893037654
0.653,1.01523574186863,0.950812097953355,1.07831228163181
0.995,1.07772120445326,1.30368604109209,1.32405605970484
0.761,0.499439724503471,0.685463675869032,0.323181722728042
0.707,0.70210765438168,0.618478581067209,0.696474995210177
0.732,0.914185152020055,0.976043595638568,0.828870901869466
0.72,0.891195508173994,1.11514459896912,1.28176474462849
1.284,1.36337101069419,1.47036748161739,1.97217211247432
0.867,0.708061456299298,1.06314820657933,0.793265767287623
2.088,1.95684021026078,1.75738506332533,1.54407651894062
2.129,1.93095205992577,1.7516289051703,2.40401010319662
0.794,1.84070469417316,1.80419625040715,3.56240012838311
0.635,0.684272793257137,0.66093188437937,0.502885343319538
1.159,1.25225433380023,1.061575779275,0.931906469385956
2.65,2.65165722234468,2.44626372780118,1.80733555410796
1.426,1.51348125998973,1.75022648490923,2.30459835046415
1.367,1.09899441691699,1.00572179246878,1.06799676416674
2.485,2.2577164674722,2.40915223007119,1.52007893771918
0.868,1.43725158832493,1.27364199527267,1.13883732792185
0.726,0.745073155794025,0.540986225188281,0.853105409734942
0.607,0.645260738662432,0.595701902035174,0.676002094106987
1.997,1.99222229376065,1.93478885727113,1.64451859994479
1.672,1.93122453479657,1.93387708419825,0.891679835799107
1.262,1.82284716344176,1.61398310824531,1.45060442051023
1.109,1.22792067536427,1.02957427595641,1.17695348789122
1.161,1.46053775529767,1.67261123793566,1.03655254709349
0.578,0.564340034444557,0.520278302627293,0.606068466777027
3.3,3.1023254915917,3.27934224290091,4.28535201452444
0.661,1.08351260947305,1.05475923503924,0.560066268960442
1.181,1.34713141979877,1.03909652392573,1.54346486790638
0.802,0.923518205041807,1.21262633726303,0.987170511702795
0.832,0.704762421099597,0.762950031545252,0.664700394192181
1.072,1.90346583750792,1.78523930411089,2.41056739546392
3.021,2.44888137900297,1.93190874494274,2.40120811189745
1.777,2.29122398209821,1.78474897490474,1.63498235556487
0.745,0.682019268189359,0.88107611904822,0.770613229508501
1.299,0.706687548128437,0.853193823027474,0.839675283060589
0.572,0.863076591749011,1.04913497939632,0.832655428350567
0.336,0.501355373867302,0.628358488911091,0.492723776419869
0.846,0.803956319172525,0.973997559279997,0.644462770447083
2.219,1.86064741434739,1.79213082002697,1.26483650370227
0.745,1.25125934602803,1.08135049175646,1.54458140960648
1.051,1.44794581351993,1.39094651116874,1.41085602269295
1.795,1.5293822133763,1.36372175825596,1.46682109343626
1.651,3.50427691961826,3.57976415910379,4.88562428984393
2.22,1.68780596037367,1.9741835068508,1.77820425070835
1.208,1.29269561860182,1.33482035435616,1.53141093200196
0.699,0.844393574131598,0.78147523421274,1.13375259862099
0.845,0.819544024201011,1.05405264819153,1.02899370574587
2.303,1.6760800219434,1.69150864326286,1.85723266452235
0.681,0.686079979123973,0.800732713603665,0.583590292779232
1.003,1.14354017316551,1.2637690612197,1.07376194394042
0.867,0.86160127039949,1.10114306522537,1.29626688169535
1.664,1.37379227432588,1.45716106482603,1.0617178228836
2.189,2.00291448523946,2.08933941554677,1.65301762627907
1.978,2.22308287130318,2.4017322900118,2.5288505641453
1.177,1.60625775364331,1.46101527943879,0.872812947210824
1.686,1.03506189286198,1.20569390641125,0.601239395273269
0.947,0.84092113802425,0.750537407326819,1.16162463544621
1.296,0.869118094553631,0.931212354699847,0.524520783921998
1.453,1.31062496734339,1.34867384818849,1.68413950068454
13.72,3.56089413557626,3.93989766803793,5.49775164955806
1.041,1.76324119293431,1.48897683782905,0.995602023159349
1.972,2.61002151685721,2.3126020023062,2.53600340599763
1.663,1.67456143519956,1.61055781084945,1.23326899282143
1.694,2.32920256801575,1.77373163228315,2.14425771970521
0.676,0.510203277781428,0.820686300148007,0.580157702258448
1.092,1.3889090744153,1.34612949567978,0.843667965859297
1.136,1.16676494903537,1.14792590275777,1.20477156855347
1.655,1.57895319688512,1.6117000500782,1.64431356645243
1.906,1.7111098655735,2.10438196043073,2.22749690149278
1.392,1.25414731864809,1.42815508416273,1.86668474554167
1.501,0.959611925717069,1.43859869960789,0.749969345616829
1.02,1.44946457229455,1.42779725774863,1.47003613894007
1.169,1.40625973537682,1.19325752791062,0.981707846547147
0.674,0.835829838523501,1.03087835071993,0.780378551153806
1.495,1.26526910152682,1.56989564015156,1.81533655862558
1.819,2.39060965545603,2.29511642633416,3.42810465053304
1.536,1.38224721304362,1.32242469141029,1.38330359623763
0.716,0.662279152074196,0.666956021373417,0.486830151864442
3.98,1.9757037098978,1.79387449516386,3.47637806267658
2.284,2.2954490629922,1.89626394629885,1.31872022957976
0.829,0.776873943958605,0.790771920791874,1.17039115447323
1.716,3.08673586985611,2.16714093448771,2.42231567608015
2.1,1.29037461331567,1.15116174509307,1.37224348096845
1.718,1.8087719246133,1.76342859219624,1.27111982209332
0.924,1.16614046149417,1.09830681912057,1.22726443519952
0.514,0.438025990289304,0.444612907975276,0.451554745553241
1.433,2.40946977961327,2.06704937179805,3.05693022040531
3.459,1.59563167995066,1.51501853910259,1.75718247946337
3.048,2.00284949900754,1.5842089093176,2.54107617412927
3.61,2.62916415380877,3.7486356152372,2.70451050237491
0.867,0.761742135079049,0.99973684130305,0.880604624727328
0.889,1.17830388695909,1.24135749030635,1.16454621533868
1.848,1.36646477472463,1.61850882828926,1.60307835080304
1.074,1.02216054023755,1.13517907913874,0.97387017034094
2.14,1.27889322720432,1.30294343515944,1.05487244183241
0.825,0.556451393411337,0.765615256679075,0.160181314697893
1.259,0.836571515424912,0.936227250685061,0.831596237104717
1.551,1.42299005524439,1.73903343213886,1.73121373325012
1.106,1.28267917770124,1.16949481971097,0.985944198258636
0.32,0.240213825633225,0.392947581613802,0.431983128506623
1.971,2.28900780250188,3.20707752289421,2.53256063625253
1.059,1.32064900684184,0.857897215292613,1.07655526400222
1.718,1.59827501662158,1.21458326321284,0.88813331619883
0.491,0.47460892553338,0.588765152812329,0.475582975285275
0.729,0.487674984056515,0.908573695631174,0.8223193388048
0.816,1.16662286262112,0.798483287702672,0.825951136640927
0.519,0.457917490998439,0.570545962584839,0.454796962029439
0.667,0.940980884789354,0.906857722174075,0.812801042235106
0.51,0.802098104679054,1.03766897575537,1.02133571002117
0.879,1.57415464512181,1.19769673942424,1.03126803492386
0.713,0.927615155186267,1.11335864956668,1.89549267920629
1.866,2.03178993529811,1.51842774698665,2.0591291014048
1.003,1.17000830702136,1.03318964553085,0.79854442581821
1.092,0.987550018494034,1.04775272014443,1.00498471637268
1.079,1.17433168798633,1.26269185720428,1.62779126172185
0.494,0.298445518037247,0.344888533068144,0.451157422222765
0.791,1.32346508592509,1.3561034011838,1.47521871850835
1.92,2.20606569018127,2.71967900098361,1.83975843236691
0.742,0.977029916378445,0.974055290369512,1.06856378695706
1.295,0.959111232324579,1.17397701321902,0.761907010669171
1.09,1.18368435903685,1.27678335005561,1.65543244572815
2.17,2.38040940590477,3.30763021962922,6.67856998684024
0.319,0.290110361862467,0.423317879836518,0.248327589728152
0.922,0.821254178354055,0.798872588792414,1.5567354905412
1.2,0.925441572585235,1.15226919014031,0.723099807594154
1.051,1.51772552094877,1.42118760528696,1.66131014420112
0.505,0.377253630374944,0.498156675227216,0.441975203760712
3.39,1.41792899235661,1.61646675088244,1.05375765009235
0.822,1.06595380326562,1.2247933453848,0.621766289997985
0.707,1.04397349905741,1.18049198761535,0.982740565971966
0.746,0.667552280930283,1.07696209904212,0.566790668146251
0.898,1.27893381610474,0.800911495570089,0.328135699142041
0.713,0.882419551429127,0.826969248598292,0.690141168098065
2.55,3.83263481648013,3.18455428471567,6.20412867175816
1.074,1.9556135775283,1.38297386441213,1.29568078977198
1.317,0.911053302357967,1.11817118605454,0.664330627458737
0.581,1.04772676627256,1.08913276926843,0.478207524540829
1.512,1.59499845717541,1.34510433009047,1.46591365260383
0.775,1.30959346334931,1.11213706908504,1.37191763849248
1.404,1.48968676883691,1.94941485533836,3.09637266039448
1.138,1.05786017641027,1.26592733772447,1.07843779105452
0.819,0.964239149042133,1.0952297228225,0.815243725624457
0.614,0.63776015279331,0.556762245763858,0.604484444875852
1.128,0.690772660593153,0.972482307054073,0.931497824301574
2.104,2.36871509659494,3.28557100724673,2.48731986654952
1.341,1.52769609413835,1.11867533446007,0.558572181128658
2.277,1.29323136688208,1.66972357495614,0.965054065792455
5.863,3.6977606974803,2.70796381343119,3.76519955632848
1.28,1.36615196230703,1.39545407409217,0.796027063528624
0.517,0.671933818906363,0.863737357053122,1.10970351964521
0.804,1.74889706254505,0.911358203805449,1.15713107853475
2.006,1.66488670708227,1.74133202311698,0.757071706132607
1.833,1.32312548183017,0.990967988191182,1.21547114624132
2.646,1.2026485833799,1.21192044711842,0.855452599438404
1.214,1.91312189342925,2.4272296429758,2.30835221838769
0.759,1.16922507070889,1.49831930519785,1.29465332833209
1.395,1.10075107071855,1.4145169338502,1.04909567099749
2.47,2.25251983695977,1.27926082486277,1.89041213354977
1.722,1.48781552054987,1.72663923541666,0.905512109396518
1.463,1.36086080347967,1.29176568120532,0.95120237349758
1.025,1.53607782952482,1.63609338425922,1.20971963802793
2.23,1.80898495481332,1.76381745843157,2.16769761138581
1.457,1.13792860685149,1.38126674523649,0.524233673071176
0.555,0.770075049947406,0.917569069209552,0.788412930039397
0.709,0.724471740025573,0.564918208474876,0.715744143082279
1.542,1.41440117316342,1.80959616934178,1.28961480116179
0.868,1.19205083699421,1.14411653614879,1.24680200331478
1.149,0.762015632180342,0.971457771387768,1.18577232522997
0.624,1.0386697333854,1.21946524448981,0.84340444343589
1.942,1.44397083162871,1.63809554115123,1.11764296358615
2.136,1.92569724873169,1.77756003260434,2.00482837747205
1.014,1.20728309982484,1.22541977559372,1.21394146735188
0.873,1.2433036417003,1.4291263002911,1.49907499356382
2.629,2.50358925782774,2.77859423971871,1.48229455522984
0.778,1.21046449988491,1.57196815716615,0.517134055891086
3.934,1.39580242418921,1.1851400044963,1.70043856865157
2.302,1.7269252630275,1.56567166997677,0.967144182275075
1.489,2.1536819022779,1.68589121458911,3.07799617198646
0.7,1.01710475683602,1.07839982186472,1.12491718911825
0.963,1.68277818522418,1.50291825122577,1.28764633658224
1.846,1.51745711940007,1.54994799639792,1.47149429698697
3.119,2.32366199373652,2.28055632928173,2.56391604704923
1.843,1.77357587465292,2.03950962302808,1.24309264477993
2.97,3.56185654299885,3.12217323617441,1.51231468181365
0.658,1.3219768437154,1.27119696927222,1.3188179871755
0.914,1.25595022757323,1.48113990216434,0.870930605773651
0.753,0.827931791414241,1.08259792621659,1.22505465694103
2.68,1.58296129057109,1.60247436582168,2.42504111631267
2.79,1.08230075645038,1.13519488221494,1.22809996117326
1.126,1.67562660157783,1.57073638618598,0.847177396821577
1.677,1.29207593346422,1.32749510890102,1.46961589535774
2.678,1.83674198042126,1.95161011357986,1.97204817691524
0.887,1.03282882438817,0.929205444588794,0.58161368300245
1.893,1.76248584456606,1.59638236801009,1.46528086211325
2.88,2.27855472119603,2.05199032732909,2.02095254009826
1.001,1.42741992554822,1.54703503934964,4.02889693916602
2.298,2.08429264548261,2.23933869353045,1.68608235812337
1.176,1.96439986694598,2.05741649896897,2.03426278153667
0.594,0.846447528015712,0.845442614869679,0.600456969490648
1.662,1.85029115125033,1.82403555935817,2.16481361757354
1.735,1.58689029266902,1.70479517514755,1.55731349360145
1.378,1.39264778882243,1.49615798156353,2.64083753079209
1.874,1.19797035572199,1.07944280379297,1.93816003239492
2.02,2.05051209421108,1.44499104339106,1.2255510201702
1.76,1.85628212314689,1.70818197600211,1.37005177118776
2.983,1.98937134211774,1.78837527775218,2.40489445277413
0.802,1.23050666375669,1.20745461114807,0.934303885625152
0.893,1.28671539446537,1.07485087512374,1.30127514606894
1.196,1.45566386926099,1.28086843307417,1.74488023745136
2.1,1.80125662800626,2.35631246744701,2.72187903513976
1.003,1.0223762875997,1.24622570551975,0.510294346216662
4.6,3.18266063208894,3.44184701017503,7.95129859918117
0.656,1.2569324366277,1.37571489563126,1.09400254758683
1.363,2.70756614673766,2.28900602993993,1.43679595179648
1.893,2.86590717800722,2.31258705714065,2.73749003932734
1.036,1.84834913380397,1.64085372504594,1.1154296287589
0.774,1.14905172344865,1.12732224653475,1.24689840700948
2.61,2.32095284889363,2.08582090236718,2.16774611283397
2.91,1.82634627333981,1.73327118924595,1.63185359438043
0.952,1.25526122757473,1.29063224062836,1.43409395062202
0.835,0.959279162671727,1.13177887951259,0.728390205414477
2.348,1.7875217060544,2.06242629696119,1.21291387435783
2.956,1.81772605252586,2.09580410949837,1.75559813636393
1.779,1.93010470227112,2.14149193021506,1.94833154713166
2.166,2.10981560929536,2.14711155547907,1.67498666533868
1.504,1.70492076232828,1.77847881450063,1.72672642064005
2.29,2.04571600321389,1.91234111532102,2.03668064234181
4.064,1.98406500021773,1.84407143579458,2.18790184084343
4.396,3.29199873587083,3.57673961412037,3.46585655889806
0.888,1.16542063761987,1.39288510583942,1.02574974449995
0.77,0.763031709493404,0.848799700337861,0.411325738464106
1.668,1.56081568939366,1.14583183459845,0.899962178359556
1.211,1.28648651582562,1.37365125890011,1.28102611044467
0.759,0.759741121825318,0.757066645628241,0.78260595219326
1.583,2.13099010483762,2.51867081164003,2.09399625042017
0.983,1.27455176934369,1.28474791853423,1.81270571385435
1.779,1.22428716695392,1.28685810649596,1.37552180874818
2.06,1.91308028963602,1.68239081165098,2.22540087630376
0.52,0.703451591603112,0.695861797243074,0.690071724730748
0.85,1.4019045933395,1.3224683647436,1.59294878626408
0.774,0.600749448044145,0.607898988298361,0.483415474325465
0.574,0.630805147716466,0.878831575078086,0.519682504624986
1.255,1.11840718463531,1.36936259945285,1.53329624419452
1.851,1.32893312905843,1.31338383878357,1.53772718535728
0.852,0.536071317409069,0.629173003034165,0.704863715400333
0.837,1.15694511774371,0.864426708650374,0.835751167761116
1.243,1.59558653448603,1.11846930562385,2.37518411364202
2.69,2.41493954903903,2.13690420493958,2.20523725815482
2.665,1.94110049737377,1.42704424094521,1.4963236051108
0.775,0.732219269890595,0.77888789278165,0.389743123269854
0.996,1.35288948765077,1.30638701474251,1.55347387948584
2.207,2.09217614364844,1.93357695944282,1.52281980708362
2.49,4.83203664815694,4.26360293473725,1.95103564466002
1.238,1.03959688714255,1.21577260474353,1.33242733732781
0.594,0.576002604126265,0.625496075343851,0.557419423403374
1.889,1.97334632596571,2.80026725505056,4.68706584692471
0.986,0.635041019255524,0.693010643654823,0.671188627580994
0.344,0.204252725654143,0.363782080070561,0.341862355129248
0.694,0.904750226940867,1.17320515106131,0.794043064673776
0.955,1.86996772280738,2.95435350154889,1.52551054873068
3.886,2.05552946499266,1.63884946072364,2.80626392585132
0.982,1.71986679578287,1.91451200375301,2.55203370880818
1.001,0.989556189918549,0.969319164234138,0.95093786300285
2.498,2.72038652901021,2.33405477327524,2.40919183749677
2.428,3.48627327495576,3.392669284074,2.90194084704075
2.244,1.51937993198298,1.51161237796722,1.66065251396855
1.729,1.72874875930017,2.22095793775379,1.46537560688388
0.869,1.9094770678772,1.36710808938324,1.16661349871056
0.719,1.11174523866597,1.40568459681202,1.16808650406158
1.633,1.98021641852967,1.78928389925627,3.18427301579972
1.255,1.51242647993185,1.62780303633916,0.944053505167396
0.801,0.837416401821409,0.887581175002845,0.412077662537865
1.338,1.35071358368537,1.62069934093283,1.49386159727389
3.943,3.20837571295054,3.04886205083472,9.18050177265942
0.548,1.10624016483958,0.87504038339298,0.74341825579743
0.428,0.490950244884012,0.802671336776022,0.568817926781251
0.882,0.843511738044434,0.909305277060296,0.642096176660495
1.305,1.29659151806384,1.29275293210735,0.72720867705829
1.934,1.40166510373313,1.44428924458587,0.932221784497196
0.635,0.57934475635456,0.607578226952694,0.491021453979548
0.799,0.799841850990538,0.624784039049605,1.14833059218567
1.329,1.10938017841722,1.37074930778504,0.662371865667519
0.836,1.4901405123684,1.3197814496306,1.08916774850898
1.612,1.80436173452366,1.7411856691213,1.65738076029325
1.696,1.1514357904762,1.03946780473816,0.928903897031251
1.419,1.49362888067578,1.24095639155174,1.3111676374476
0.924,1.37953370467952,1.28783736311614,1.0966237757123
0.68,0.710051215154913,0.98839239883505,0.524803389454583
1.163,2.22526480177106,1.7493940580112,2.42988283671063
1.778,2.01783737718662,4.05272287273537,2.88196884140093
1.173,1.61334176989875,1.38325426566159,1.2579780406788
1.144,1.62430479473899,1.58408861370709,1.47864100905182
2.96,4.30757674765133,3.83498513638388,5.44198004218691
0.984,1.689886499253,2.83116165805411,2.07433891615797
0.723,1.03256386212583,1.03490164239216,0.572793368833146
1.393,4.09466881615264,3.64064256063492,9.54698521011565
0.844,1.1265541671374,1.27433156435938,0.757757404700268
0.773,1.61652761238293,1.47921648585408,1.2388500641377
1.325,1.92729007680615,1.64429130875322,1.88646081778754
1.049,2.15443793837939,2.10034541794999,2.05959287091308
0.489,0.620020629619679,0.763426428971136,0.791989775529217
1.032,1.67992164975343,1.57483857294759,1.73441917035138
0.852,0.932645026554761,0.886446249220506,0.497540959310104
1.252,1.24261076743739,1.07641484775247,1.14915530838019
0.963,1.03034540861969,1.26735732829153,1.13524091520161
0.872,1.263092406301,1.40663440101252,1.65733688324098
2.308,1.70565608029732,1.64684951281922,1.11009940747321
1.027,1.83251189189616,1.54449696378097,1.70864365546454
1.685,1.54270286316357,1.41860216098299,1.70410771450361
1.04,1.17721813149047,1.03415493499948,0.845738094730583
1.276,2.00523450039127,1.87840027363292,1.84663303471777
2.385,2.12804264297219,2.27133796686175,2.1817549814086
1.76,2.19121441999349,2.33267527380977,1.67597832877851
1.95,1.87914452860718,1.49745201039856,1.46995719669191
3.28,2.77835799917224,2.46645972131376,1.64639711692081
1.481,1.66115432908262,1.39767663466846,1.48386891086534
3.405,3.08663939176571,2.63718564054978,4.28336607075469
1.142,1.80852545984047,1.25465327953086,1.13222772613385
1.61,1.79712246084591,1.73869643972158,1.527051214205
3.112,2.56231177553523,2.78621085992768,1.30967249827162
1.44,1.25894095968621,1.42905893940808,0.789593487953416
1.725,2.08583027974809,2.18774876048014,2.28113299857763
2.17,4.14787681185876,3.21270188288153,4.84281400255467
6.396,2.42483140952927,2.12248887840568,3.01688989777228
2.285,2.16967520379114,2.20117729332817,2.29114664842049
0.923,1.14982859315899,1.38286703169021,1.02495684942985
1.43,2.19102647632439,2.09326157010684,2.07040080982087
1.888,2.21894967312803,2.22594194439295,2.37146384359625
2.831,2.15733581818453,2.28289926825636,1.63599809243916
1.072,2.31804166583965,1.85646413514406,2.34008582674931
1.791,1.50991801422572,1.47148119768845,1.96567216211897
1.604,2.05159155639932,2.15978428502731,2.00746029592885
2.93,2.63780439164349,2.79785703383231,2.66855113204977
1.534,1.55524306041763,1.38013826100822,1.18399753701081
1.464,1.88534720664421,2.18577915200276,1.86271871816502
0.341,0.712416623485947,0.719141954882096,0.659765558278027
0.484,0.658647818883601,0.719128610388398,0.492495097420976
1.853,1.86248655116279,2.05668410400193,1.84320520653935
2.19,2.72104213145522,2.57874441574338,3.05254295187431
1.355,1.07805638878214,1.08268227493777,0.915652143423237
2.887,1.7048678502718,1.89608367691332,1.67823266279526
3.873,2.3283246219209,2.15410749357379,2.16434818050567
1.024,1.45130672083093,1.44632406174963,1.51644002576638
1.811,1.74118344343057,1.76098354848067,2.37071183516126
1.767,1.81077658790954,2.01094865312475,2.114125804849
2.001,1.61454621243237,1.29231109296625,1.06448065752517
1.727,1.04681920425031,1.38801877194996,1.30095513423503
1.786,1.30717300018362,1.31741310028125,0.860112858927264
0.788,0.747221300403848,0.894539902669024,0.452565135524568
1.512,1.39153567576418,1.48202726417283,1.38920378196584
0.833,0.832612223242555,0.861192777247697,0.863259833856848
1.522,1.53613113171506,1.33043860628601,1.13610200999495
1.154,1.87040495053236,1.49117845379413,1.20139221087075
1.089,1.43476119636548,1.62093782758058,1.25957610326106
2.29,1.79522999920059,1.53942176538773,1.70722060254306
1.335,1.32914294647213,1.38574289777408,0.966985839765433
2.302,2.12985317469468,2.00818390269886,2.57563161151873
2.437,1.37602175639167,1.2823826706241,2.06754453415108
0.81,0.9791552291044,0.893823163190107,0.797215437111765
2.226,1.74086390040054,1.91952964017351,1.72337224912509
1.267,1.09959724115484,1.01870928244483,1.0242191047183
0.926,0.760153163790978,0.952251169792467,0.574304939988124
8.462,2.69686527058052,2.60062042873529,3.41888107584138
2.635,1.7495254230853,1.77618836128489,2.07443888536117
3.26,1.83873105624608,1.95382251095992,2.20689049852999
1.092,1.12659631383385,1.1219367754133,1.31433808114328
2.29,1.70083768829453,1.9411062089811,5.16400553151029
1.211,0.981458738811146,1.33389801817439,1.94295400085082
1.126,0.342227915525212,0.715492208786039,0.655329412300259
1.423,1.08787238670303,1.09664964073124,1.69315492688823
2.195,1.50712616893229,1.22842889451951,2.73612272328995
0.607,0.929129154819365,0.93706702331946,0.860162932850623
1.812,0.993339411435611,0.74634499238913,0.615754641472829
1.669,0.989567036564495,1.18331181342125,0.952014041185776
0.645,0.516146034028071,0.791233504221656,0.630742062774825
0.797,0.62764534207519,0.937625637386436,0.527735876688361
0.726,0.566064264122508,0.850062509556127,0.382586009475281
0.484,0.421460371391668,0.562293113920154,0.289184389086583
2.621,1.78001311141855,2.7656450639848,2.34055764082533
0.542,0.603425505730594,0.835964242023137,0.418279063217791
1.052,0.667604540148437,0.804150673743388,0.629311525181077
0.882,1.01176749528041,1.09015021883802,1.16108986029715
1.502,0.876865493868209,0.892210765075358,0.941367921000885
1.088,0.991556844649057,1.04951337814002,0.745018324958374
0.768,0.771953926268135,0.865486290292047,0.515096222184069
1.606,1.41651409843957,1.41112215547825,1.75041079770992
1.103,1.29746590589744,1.33832593512327,1.36674004539591
0.977,1.08374529651814,1.32729802734673,0.747676045890693
2.01,1.5752141417274,1.47274808223062,1.41019109011656
1.094,1.70501648120814,1.59802548291585,1.76135799473167
2.052,1.32505879768066,1.34814048679643,1.06085770025489
1.672,1.12784386734119,1.0802163867044,0.89535853398285
2.198,1.22216677569716,1.23517346098939,1.07888458128953
1.892,1.11872835563805,1.19923675099525,0.913174116519031
1.222,1.10621027215368,1.25302042992423,0.804026723879974
1.197,1.39217118055952,1.27144704363286,0.755907230601439
2.254,0.973421777937797,1.13108148651205,1.19704228894666
1.019,0.971623595503108,0.912424368638726,0.784468538683049
0.728,0.63246404148146,0.670533405985401,0.469132698379696
1.843,2.03423115089656,1.46606355467464,1.55590446251169
1.685,1.31797422538679,1.49140784347301,1.82984885410047
1.027,0.887358731052398,0.960336841244353,0.872492155471822
2.06,1.92224215622081,1.75582481496143,1.78069360554578
1.298,1.77702623405394,1.46634473793126,1.17737037536431
1.923,1.74738341097371,1.66320806411721,1.34815940373552
1.911,1.24845450682295,1.51370121754659,1.56713294605373
1.287,1.36718205987197,1.33811812326802,1.0551114057778
1.688,2.12652395353223,1.68166439344194,1.44377899042442
0.774,1.24920048355011,1.37688106568002,1.45246957411672
1.588,2.37012452631491,1.58431124047114,3.26777449218134
1.96,1.1733988491404,1.45665196195422,1.47840251247515
1.627,1.27212596229405,1.41485557805591,0.940037729990049
3.143,1.73816438776001,1.58222007548283,2.06857496233804
0.735,0.701062049876868,0.747698468408985,0.450623194687714
2.04,1.39598943525243,1.74331798118999,1.68897254688942
1.151,1.05487284205631,1.29933775057426,0.937513289230422
1.126,0.820831564026028,1.04564407218323,1.31985595267511
0.948,0.777859840006285,0.92827219656557,0.88303696109871
0.933,0.58288014094611,0.802987976769693,0.551516908995844
1.255,1.54994857597094,1.40430445989862,1.26625369490216
1.005,0.726738238819058,0.755313722042257,0.380022191083575
2.453,1.4463092796455,1.31944979429008,0.97501702111806
1.107,0.656725078727379,0.84506511604014,0.803732291758183
1.236,1.87512157994963,1.55197149766009,2.32504419126868
1.382,0.750843186891858,0.881771788667561,0.616734098017572
0.715,0.437160686320643,0.661885396438393,0.236805908254298
0.676,1.34179585482833,1.6485642337301,1.16298394118536
1.702,1.17537551035083,1.60973293791067,3.41682786867473
0.845,0.458902669716787,0.719852163523681,1.06711605296048
0.607,1.03769652972803,1.1136938501237,1.02637881818946
1.518,1.30408944037748,1.19806967389256,1.21241538844514
0.377,0.398736310615055,0.497944415736251,0.411579520942995
1.031,0.720743605897736,0.83285935863432,0.801432720112486
1.254,1.11867003141262,1.49096838933873,1.3421839196048
1.274,0.989159864570587,1.03770603857949,0.642552718524868
1.978,1.97218158622371,2.38960553837765,1.86648444066257
1.344,1.5879653795861,1.31579295284404,1.02732332129229
1.241,1.09368787748211,1.24968563871743,0.82815746078764
1.682,1.2384265012782,1.12997044134049,2.57168950843973
1.349,1.47129599865692,1.38432482570634,1.42273248412284
1.232,1.39369425843671,1.4836636691687,1.03911652353667
1.298,1.51323211610555,1.43185445206488,1.51792987383595
1.099,0.807418709642694,1.13484294669582,0.672265098436169
1.2665,1.18195472917075,1.18980110917791,1.42189807810908
1.392,0.847729645354617,0.96647729685488,0.669659335288416
1.465,1.84339690201372,2.29434141599272,3.01030492018335
1.827,1.59021921505398,1.32100234029394,1.42410865704671
1.435,1.60971558503856,1.69769736472129,1.64281801311218
1.053,0.992020453397469,1.04459928458666,1.07442395734672
2.27,1.40989571996769,1.33849611039652,1.40895594161238
3.863,2.09347696991397,2.07723188619733,2.50295732851667
0.83,1.18398327129554,1.23558138840194,0.850926869365151
1.015,1.19521743743698,1.19098777227033,0.960492571756858
1.122,1.28253361752134,1.31865599259026,1.12746893699988
2.024,1.45550147082998,1.40608411389845,1.81769778172671
0.995,0.921154965865412,0.824414258587832,0.94580111469875
2.18,0.898455995930459,0.841314969231666,1.6472363286958
1.889,1.36946190522723,1.38837369543113,1.32125354272318
3.084,2.17911417005001,2.29807863281786,3.45513301945489
0.963,0.151873596887971,0.721357155448717,0.583005797215401
1.1,0.75467113732003,0.700037736893432,0.4629113214092
1.512,0.440604765455246,1.12646966818191,0.683792103733336
2.1,1.11529539717357,1.03421982407437,1.25200267045508
5.12,2.09560006705385,2.1652509242509,4.04804215019306
0.751,1.21710748927049,1.16003786946803,0.738934658616411
1.756,0.92854110721723,1.24904023067764,0.655988017419629
0.8,0.842594734603902,1.10137192302559,0.875409658949613
1.156,2.03829192295307,2.37440417291394,0.771801541812947
2.739,1.56483419806586,1.48715798950468,1.36714962826146
0.761,0.674286280217567,0.98860548402312,0.701014772440549
4.19,4.21738423120439,4.07212858273803,3.51036861783124
1.755,1.08320631714491,1.20823793743645,1.46922962453462
2.12,1.23284373858752,1.27765654563194,1.27657998132639
2.515,1.73544793843574,1.27838953264016,1.5322452627576
1.574,1.31044219381214,1.40958271851315,0.938847612957999
3.1,1.42155223931222,1.34572756781983,1.57765162100312
1.713,1.3344682532395,1.08083075600296,2.05800483138739
1.217,1.02563867032433,1.13837613990862,1.62189449378527
1.963,1.37642924235986,1.17762167753251,1.27971998424754
4.382,4.71980572948343,3.80151679207735,2.78833318931458
2.27,1.49505592466654,1.46602563113825,1.70038962228453
1.4,1.67176461075888,1.3349599434524,1.87827922797831
2.07,1.27452951599137,1.36550015965439,1.13895331702562
1.396,0.923236385488691,1.07785577667186,1.1488828256476
1.857,0.836800429528401,0.947072002873769,1.17978815443995
0.67,0.450537145698691,0.776587006928928,0.57526758032323
2.756,3.04730176520955,3.41500323718883,9.37934662298724
2.45,1.94265325774508,2.27902326732473,1.59537316684264
0.751,1.4074311635211,1.19081690140481,0.944082820847715
2.03,2.4183057235833,2.59457141256908,4.30030808525307
2.48,2.27387095534902,2.65696103032391,2.13369345996793
0.787,0.67043739892421,0.775707418533635,0.761382163674163
2.13,2.3909842404486,2.10043669490043,2.10747008897835
9.23,7.81965053697936,6.64781148625157,15.8197850979981
2.268,1.94475664997538,1.95912975828068,1.48968135445442
2.379,1.93371339880283,1.94951542843278,1.43193028121404
4.29,3.02073780103927,3.90648135173185,4.92598611895189
3.81,3.64794974267088,3.27511932340327,4.36205450403919
2.84,3.27195167513749,3.36529435135229,4.04614235755651
1.234,2.1542531696098,2.31653636604703,3.96267838804593
0.839,0.911243066395463,1.10529285107906,1.09213898691768
2.47,3.34545069030721,3.67442282533839,1.67455776164517
1.854,1.89138806141895,1.91433482063789,2.34194696218818
3.337,1.88395319504646,2.17607799606943,1.17503803039253
0.617,0.973788662578666,1.1783707512715,0.766327375406595
1.603,2.4866586391627,2.21208129830485,1.72104909978555
2.49,2.1443504607009,1.84473728077728,2.04721954675815
2.285,2.17102702387464,2.09002494228393,2.35837731859392
0.475,0.647646509334194,0.652611412745256,0.500045424533734
0.789,0.545842380618933,0.59958020031187,0.758013396755913
1.728,2.35107246339269,1.82172160022228,2.58185665329332
1.206,2.52689378007351,2.38359690470329,2.32236157992774
2.958,2.44429231042941,2.32162840412708,2.58164029796471
1.371,1.3925392385866,1.15561121837668,0.826711802264736
1.82,1.75326806314755,2.06992037845792,2.2053026413588
2.97,1.88306835389849,2.08511926567418,2.5971270549531
0.553,0.478381627360054,0.687871947652441,0.526666692144857
0.953,0.970087034366602,0.950453690782679,1.0793027080492
0.245,0.385172989342241,0.427068461579275,0.419437416337198
1.763,2.17113956456675,2.441538011042,4.84103625741229
2.26,3.80002978550218,3.67229309136856,2.30746654815344
0.286,0.286659622059528,0.469255817525337,0.425146082518319
1.0155,0.964076670257714,1.03053346628141,1.00102637564343
3.76,2.41404875511726,2.56056004931004,1.94760729464791
1.662,1.19950076024187,1.19921133056764,1.03288928602058
0.675,1.00770961632352,1.07045163093266,0.905227809374486
4.76,6.25923230750162,6.42976170950135,10.0997845405695
1.707,1.38995618896321,1.32530512570512,1.08022803154327
1.046,1.92459520351259,1.55955244583848,1.17106551245207
2.15,2.81097668007061,3.74791023474065,8.17992678391642
1.735,1.56297338791026,1.23387548576289,1.33272527486566
1.767,2.97042326698386,2.4990373006129,4.40103697122981
0.917,1.6299872945788,1.55645007929161,1.2943925208207
1.363,1.26716489994159,1.30674197061411,0.977025033728463
1.513,2.07571548866315,2.00542892609778,1.83850046606168
1.611,2.10693947202623,2.00007821656999,2.2064072161485
1.456,2.29056997133591,2.88705030463684,1.74127338292563
0.843,1.39006419341019,1.35472247521625,1.05891567809884
0.973,2.14852200916853,1.5546290978122,1.69783425275464
1.225,1.15593192644748,1.29880275281359,1.18742609076172
2.21,2.72791636644711,2.96137627238372,1.63068901539417
1.133,1.3017930547723,1.16005975921514,1.45303313293586
2.412,2.0308195815477,2.33988669252167,1.8801265996559
3.117,2.11557110164998,2.08508227863894,2.52721398520963
0.892,0.823499267225675,1.18331897675613,0.743823433928747
1.653,2.0593353184478,2.36929365332681,1.91887128615565
2.04,3.13419750142521,3.76442830287101,10.6264120376877
1.706,2.00173361142542,1.82752898942777,1.27360139609068
5.34,3.80212417882594,3.94561140309297,4.71976390485439
1.164,1.27575076929837,1.6929866441386,2.2813998053145
1.508,1.92638442002246,1.46613541714393,0.858088102242869
3.98,2.98282414263259,2.53784005354322,2.88635777035046
1.595,1.8601787725178,1.54581547480306,1.45515570759878
0.891,1.36213180048395,1.21091597811777,1.06878551932635
2.71,2.50079375823842,1.57332830446868,1.90052913435556
3.513,1.98001547610676,2.14503049486424,2.30517870768885
6.73,6.34966448378818,5.56103831872554,11.5405163680538
1.203,1.79245714202228,1.78887862969307,1.36277159014366
0.771,0.813372642647935,0.844378673042698,0.919775268744467
1.21,1.71601238445572,1.33558021943813,1.11026793091423
2.37,1.54055498184079,2.02915004150477,2.02176457762737
0.356,0.695665848017687,0.945843924461313,0.69919642964438
9.79,6.48808400553792,5.89211839224761,6.07631287782501
1.068,1.40762294968589,1.41628387807746,1.48747829097241
1.171,1.58017431223936,1.57433572902037,1.3605228527467
1.391,1.71673858949508,1.55215224599258,1.9564776472944
0.711,0.889369003562834,0.911156339654113,0.683472434454635
1.745,2.30849148720604,2.54283508719609,1.79031211293614
1.079,1.05743600365057,1.16396742546412,0.833395853209172
7.86,5.88607354863898,4.3518233748934,6.50255380635135
0.245,0.110941683950901,0.318836036515643,0.271615196782227
1.595,1.78526874639619,1.85727953082543,1.94768105288444
0.496,0.415972310307103,0.485446603902621,0.489149688409297
0.315,0.264196056202668,0.339712356009339,0.19057027187385
1.625,1.17465995461643,1.17966844032853,1.1284867444653
2.346,1.50411130081717,1.55032871685286,1.06461708605985
0.909,1.18127641910745,0.947516087469078,0.964880059247039
3.89,6.33794676636045,4.87127368167644,6.37215690080127
1.841,1.53280876447438,1.84165953883966,1.62034330372229
0.843,0.80804079851546,1.30048098515513,1.49891752097495
2.219,1.62915016325394,1.51036514952767,2.15208316820529
0.602,1.06035890263379,1.11155574978449,1.09386843636779
0.633,0.908832895028882,0.893408765282045,1.04116179632579
1.088,0.956129318272399,0.909776033256755,1.18403120880819
2.16,2.38901888181284,1.86818474916749,2.24831679691239
0.793,0.776314296077788,1.55218702829777,0.83873792733705
1.236,1.40367802462314,1.13741177342389,0.970546611076858
0.861,1.01877745604194,1.03763891138492,1.0119936769701
0.969,0.968981538676947,0.858352323779231,0.434502253063786
4.059,2.64423148171904,2.8382025172494,2.72541977479466
0.288,0.244058025724176,0.390966370494322,0.206698624020122
1.435,1.80071266306136,1.57191443006595,1.47059155258393
1.345,1.13705858799787,1.32556587064603,3.9175819608446
0.726,0.663628956052233,0.978117756264442,0.659306666727833
0.806,1.06054415067699,0.989993548922288,1.32289944111994
1.724,3.99920494875826,3.78474064672383,10.6949415795818
3.51,3.57026798245474,3.68129741561483,2.59365146388778
0.846,1.44269362430171,1.08930890669146,1.03797013894445
1.64,1.43418244078075,2.33554824608281,3.57319620407483
2.92,2.0794842436158,1.65771610148556,2.96317059802288
1.4605,2.01943721263709,2.11629578768299,1.58851986232277
0.758,1.02998500847741,1.0990456458363,1.39152623724684
1.874,1.83951164630079,2.12152738181298,2.21836061773996
0.9225,1.68056604480517,1.62588213416356,1.07656913124404
1.446,1.53227181581763,1.18947308830109,0.990126281277999
1.8,1.41288764060805,1.69731457900277,0.996205331698086
1.454,1.37530715501542,1.20383564829847,1.12895298002675
1.132,0.864008159374663,1.02105482630616,0.914456233070269
1.241,0.929090778334946,0.978197363823332,0.685576342595399
3.16,2.98052118415286,3.55920426232766,7.80547519811712
1.177,0.880666649234117,0.780364267472662,0.599209803877742
0.305,0.180546812707593,0.359580572567517,0.281096653374967
0.822,0.829793658801853,0.844916861391115,0.527691465653877
0.333,0.266989506440838,0.383810535098022,0.276634953262678
3.32,3.65571410383263,2.90765575821021,0.655841451357155
3.032,4.10349396633571,3.11332550956659,4.99055341702864
1.783,3.04746789586404,2.68291326125308,3.98889029827352
1.895,2.44120202224225,2.40274167365673,2.3763079031755
1.642,1.83604703449632,1.77654764701774,2.18217355974432
1.942,1.99450372403855,2.49451454748475,3.65423559514807
1.874,3.2504665794378,2.20069194466469,1.24799365079372
1.899,3.17319072432843,2.06763813924772,1.09406133709452
1.808,2.23345341817995,1.9640454140949,2.53325854454267
2.572,2.92486763822859,2.87957941301567,2.59787491942171
1.776,2.36459042904166,2.28265682685388,2.3424502107111
3.282,2.31765580086435,2.09358971833618,2.44619014341664
3.359,2.16091562984262,1.99371958351475,2.206875669464
2.075,1.8406579172211,1.97807876482703,1.91764731350133
3.064,1.80854189478024,1.42700280902531,2.12188304550253
2.89,2.690094543097,2.30145069632724,1.76299535506011
1.605,2.15572482542126,2.04065741541868,2.15023326727844
1.847,1.50364405731212,2.05214333072707,2.73624538064129
2.209,2.08474421447559,2.20895988436024,2.6348348798074
1.924,2.30411738358055,2.21570247145938,2.07030917044895
1.774,1.66583913373827,1.7315513727682,1.03346729085262
1.177,1.82723350368891,1.62792874884095,2.06937505684224
1.066,1.42979791766944,1.42080157346775,0.964703523320373
1.259,2.50852001055218,2.40749640329863,1.88662505934206
1.869,3.126611085424,3.02565061077865,1.31940874277598
2.04,2.15611919819615,2.13955521923041,1.70956397271187
1.642,2.37791488541271,2.16379640678277,6.88919317863506
1.325,1.62564935528706,1.19510129445142,1.11096777512028
5.187,2.29828623233958,1.98853026045023,1.71194678425761
1.691,1.81518342842493,2.10676453608004,2.45905977855608
1.527,0.845707448002681,0.725978901921636,0.834441016716171
2.885,3.03094451501508,3.04862722818065,7.15240870338238
3.9,3.4257314211568,2.87920911921393,4.6194090243308
2.37,1.83421855570266,2.15909452720083,1.40425830720506
2.75,2.11542250513597,2.43096019535945,2.32495443414453
1.469,1.50895663750183,1.03737810259049,0.833831196481062
2.81,2.37181513255049,1.8262848172794,1.30125176038835
0.408,0.353010928570399,0.625989771490507,0.275473839395629
2.023,1.52810647466964,1.4793536863846,1.40478266146599
0.502,0.843244282172033,0.785037248572956,0.4807828543869
2.053,1.32762567277129,1.34175286123387,0.835570724288435
2.9,1.17499942936171,1.05120539059285,1.06359678739515
2.75,1.13234520998508,0.99855795219315,0.996264826512614
1.049,1.29131610659508,1.47222361987062,1.32025407455401
0.993,1.13573639839472,1.00576816023052,1.52429474821483
1.172,1.19622598387853,1.16415167474715,1.44312567826618
1.52,1.23375012021347,1.36039995587901,1.10542258866357
0.554,0.398425243149729,0.69070502645837,0.51115302601556
0.699,1.24371018180772,1.24269926200021,1.5031413351441
2.425,1.90614464595272,1.76949600294687,2.90997076668687
1.342,1.5333317849269,1.37463493440457,1.35868305863588
0.521,0.715818839987273,0.708417750803286,0.470843222093889
1.055,1.92469567626506,1.48720392957374,1.2481118763289
0.498,0.723166991974816,0.737069340485262,0.483895465344456
1.269,1.82217018834442,1.92669156066788,1.16821619989064
1.373,1.53604703798754,1.21413889643101,2.40971693544785
1.7,1.27760314511228,1.6138323077133,1.30504031224281
2.039,2.63641921526999,2.38288291419915,1.76160560004522
0.835,1.39737831759382,1.44509999264045,1.33256445689931
2.25,2.59203845241148,2.5366559036122,1.82803594944153
1.723,2.96885470722726,2.75364365016943,2.69754065042987
1.315,1.13842713917176,1.49962517695459,1.72893441034035
1.953,2.54925719819829,2.65651999135952,2.20457264005869
2.672,2.3969153326712,2.11720548504095,1.68172277506238
1.749,2.56180513964466,2.41507808495875,2.53240742660443
0.921,1.27760443453778,1.34369687452482,1.72151647557573
0.886,1.36885177176186,1.41832452664999,1.38578052061293
2.01,1.60841047511336,1.5077459154979,1.49957069006527
2.096,3.06589804465235,2.97099121433853,1.46269459053944
3.054,2.23036004053654,2.23197722310469,2.68042843581872
1.778,2.2823806256602,3.41581687663943,3.25214141099817
2.715,3.00424717268135,2.46345655776114,3.31009485991754
2.16,1.54731273482632,1.89798617730872,1.84692524514656
1.73,1.6982896630229,2.04666085952163,1.71772834904099
1.729,1.77032620845983,1.85919026760796,2.45011272955063
1.343,1.39336971965671,1.69000617056117,1.26280354838445
1.528,0.916851384384508,1.07947423118493,0.732008413113322
1.243,1.19069938981615,1.450926810604,1.16777687032941
1.638,1.38516724586951,1.13658420207384,1.23948762881579
1.765,1.78883220820544,1.62179506775599,1.75799090962815
13.846,5.83870417017074,1.58895114768559,0.901697595537618
0.464,0.623743647080139,0.655117034440992,0.394927144901472
0.894,1.47073358541377,1.30672187148012,1.63499110723116
1.772,1.70162863469748,1.74573403362914,1.19715792675675
0.63,1.0123814612173,0.996799438319083,1.01004994013526
1.428,1.42865981631318,1.53385063255127,1.74332320727205
3.21,1.01711958263413,0.844846256061426,1.61961541555241
0.356,0.597534931180662,0.736491699289076,0.547261707428178
0.479,0.75269517725097,0.91142756687457,0.756400545450839
1.846,2.12135763133062,2.49160390633296,3.26821199628689
1.972,2.11037771896479,2.23901681509076,2.39703699619786
1.049,0.693744483469823,0.990220566993637,0.717236595770151
0.698,1.90218259728519,1.44590527122923,1.48601874780868
0.713,1.22241654488337,1.22721875257927,1.43084964697529
0.542,0.599052664830118,0.939334628451496,0.639643348659368
0.557,1.01926140071425,1.70624242813429,1.67083596977108
0.681,1.27195885256646,1.23549506757692,0.645027015156086
0.841,1.44074326877,1.14723428772398,1.41734803434111
0.853,2.04471023097892,1.26191417879837,1.13674613250752
0.359,0.60552831046027,0.870520489766847,0.683038468354875
1.367,1.76302697191172,1.70726397928453,1.74369442877487
0.532,0.584885663676448,0.708297475480418,0.456450457157101
0.723,1.07982810354311,1.36973006108401,0.673369175877673
1.08,1.19511019293782,1.47561359970456,1.17342500704653
0.904,1.37596310795106,1.19399296200246,1.36873493338946
0.759,1.02088244610942,1.16643300281483,1.32230484718166
0.553,0.867046156379068,1.13475442577627,0.913445624189196
1.64,2.34805534009893,1.88038870418828,1.85571356994723
0.288,0.588055076614454,0.519146280531469,0.376204972043788
1.157,1.58381759324296,1.88352020297608,2.03478631630804
0.756,1.34541864871134,1.15266199662267,0.691218620062928
2.219,4.48157174095089,3.16219538316142,5.3730299863834
0.89,0.99668605142309,1.15982228406287,0.982661142336287
0.517,0.943021033882376,0.852701979751139,0.632149870801345
0.818,1.12347319766424,0.929337673232208,0.788560395371375
2.05,2.84759547514353,2.42186050204858,2.8008895992677
0.476,2.0914848043882,1.57611891492491,2.90121175303948
1.865,2.22373960574155,2.08203053220658,2.67180073635432
0.705,1.76004910972897,1.42101871659227,1.25183433108158
1.509,2.38899182977763,2.17565269362413,1.90416734573858
2.161,3.36969679811315,2.56986970030664,2.11206217781546
0.883,1.86909499959299,1.99032308397578,1.89096530411705
1.693,2.00633607227932,2.09869528197915,2.72633097802214
1.892,2.94848130496237,2.52594930643331,5.03299345970661
1.618,2.51409362089648,4.11738793959204,2.550662042736
1.557,1.30478474653371,1.26024132312461,0.659807490668999
1.774,2.45965877075001,2.79823895055392,2.26870219255556
1.95,6.4308814605298,5.30539516051022,14.0457597832371
0.564,0.944502408198493,0.77575151692134,0.901298973725173
1.952,2.6530415195523,3.43091816761563,2.03957998516324
5.596,4.20794613800153,3.88650725870463,6.23535602962039
2.28,2.41172931421343,2.85965353262654,1.57375638814609
1.5,1.6581055205773,1.59338035201822,2.40927154442731
2.948,2.95991731207811,2.56032472293135,2.68649692903934
0.862,1.23113449138476,1.30780264814984,0.97962018232796
0.516,0.709321681814584,0.740527624747037,0.601365729991993
0.821,1.27336827894183,1.49909579378707,1.23448787290364
1.288,2.93454069511244,3.86073528491009,3.33468592116794
2.4,4.99481324169665,4.70016994690404,4.98266347731159
3.239,2.40384980406979,3.00440969611579,2.02746631100797
0.686,1.19371724007785,1.33492103622572,0.937736253838676
2.35,3.76233451718349,3.45229115609447,4.38120428183156
1.878,2.52759241377418,2.56820343621809,2.59754285796184
0.933,1.13192179134572,1.47219282152649,1.52564218452183
1.401,1.57676599133477,1.8330685205515,1.51468405220699
0.418,0.839476592679731,0.934620560761245,0.739639541148575
1.321,1.48668244138307,1.59049261893109,1.33335427514827
0.874,1.07225786673712,1.05740297762853,1.50118223891075
0.934,1.06475010428474,0.977432239100662,1.00099490830431
0.886,1.00481365391,1.21799389201507,1.74852580977725
0.585,1.17286889587554,0.972909727449048,1.12396694104816
0.874,0.841901097518524,0.992823659247396,0.661321511953069
0.883,1.06996852476594,0.931170949995852,0.807470971188363
1.547,1.43452627797548,1.64289733919704,1.49542859691895
0.575,0.946764347310148,0.991016088172514,0.88597980513837
1.955,1.16026071441597,1.76022376739218,2.38578918600732
0.964,1.33271792259096,1.18890428377293,0.869277390650728
0.892,1.21725235896336,1.38826368115448,0.988825923254264
1.206,1.05282056571591,1.20444843315774,2.24564960905081
0.766,1.37374430374451,1.34339883603139,1.2823214437068
0.889,1.15933740096917,1.17661677879606,1.48112266749653
1.985,2.31358204167317,2.56755357631505,4.1033551486576
2.303,1.39361774443451,1.53789121897391,2.82323506909227
0.963,1.85570119885195,1.60250485266999,1.4751670262895
1.186,1.67868862964178,1.79710020408943,1.73181407597034
1.471,1.97091331710424,2.37848275443421,4.18467187435238
0.748,1.08988526680259,1.16278667420576,1.19374938510411
1.464,1.42390864533306,1.95481663884376,1.3567605684195
1.197,1.75838584640624,1.57759275895533,1.98251318073214
1.38,1.47592601336399,1.58245545872222,1.76976786461529
1.135,1.44662392900486,1.32891968060038,0.971455964827739
1.257,1.95729287570946,1.92003729616908,1.57717597892016
0.879,1.28036177326684,1.40752594706222,1.02642214426934
1.971,2.12520717026437,3.2142976930883,3.54971960914837
3.212,2.46956166185033,3.34896049697185,2.78538518545119
0.695,1.40426795674448,1.21230481413155,1.18849698138807
0.878,1.36071014913369,1.22170007559802,0.917690292553104
2.215,1.63652531780192,2.08245614682441,3.47430175483612
5.799,3.16477120860721,3.13677551260419,2.45244597533315
0.858,0.952085114072434,1.16080111871536,1.28116405928088
2.817,3.01551373098725,2.94314735506265,3.45824033815649
3.86,1.84380439518969,1.81096266782111,1.41853281883813
1.898,1.48317817735262,1.57372836147802,1.49439267945052
0.955,1.42097551364346,1.42611566465064,0.652315447929481
3.397,2.26765777035704,2.11333588773121,2.71602660150527
0.669,0.895582094436736,0.70678281080903,0.956038814892439
2.46,2.16609225539636,2.17105098846662,1.46682998139682
3.627,2.25049532759075,2.17911804755808,2.26995894463441
2.09,2.2269956194391,2.57493063346205,3.69957219517182
1.609,2.48405920076642,2.3314560621976,1.88745824512263
1.257,1.38482655434251,1.56677420486017,1.39526778685061
1.248,1.41872702135326,1.74540396826681,1.49229267265927
1.278,2.19712270071527,2.22448035403371,1.11774277924617
1.906,1.90643806278606,2.11250464552128,2.29608250000563
1.187,2.17566061833487,2.3890803596507,2.92830052594364
2.53,1.90263043958106,1.69323867183202,1.34032005544092
0.913,1.47428963702027,1.43458987102576,1.66603386270952
1.268,1.89207150391482,2.12129252176257,1.53876183914001
2.21,3.45917495482034,3.15193525182132,3.00129626159518
2.54,1.6396617954378,1.27452439640281,1.28896314619749
0.665,1.08019598052052,1.24888659090233,1.22277315349922
2.387,2.11025474704882,2.07325455445762,2.09125514973102
1.034,1.54894845178014,1.72347323973107,0.98493254542405
1.351,1.70676911737,1.79111029982032,2.85153712666361
1,1.77132304750158,1.95449935172196,2.21853925701899
1.607,1.86268115537607,1.62082223686796,1.04867914239084
1.075,1.67984670630552,1.58664668596579,1.38870257397522
2.35,3.66482978765695,3.17120163051938,3.39439373184435
6,4.12934206670664,3.8378815140486,1.98748721053725
1.158,1.41341359581527,1.4305750782376,0.865835374594536
4.051,3.11608347628265,2.31351236244199,2.97764987946616
2.601,1.85641219688835,1.77206739396907,0.933767755100403
3.636,2.13609060473446,2.68150737866606,2.65805791154971
1.438,1.35310096234823,1.73365546650088,2.44785578793645
2.853,7.24804024345562,3.87699942677837,11.6176750766835
0.726,1.14764260526178,1.51232707134396,2.06207118057593
1.161,3.14346387110876,2.2933107894923,2.66645048508689
3.724,3.18662464150237,2.53940067758663,1.21741309430786
3.653,2.29647299405776,2.28864499414271,2.9127089229646
1.638,2.22157763468472,1.94870113088429,1.25462001868749
7.89,3.97606835719992,4.76780755672379,39.3616313054769
2.76,2.49086940480194,2.95267087423462,2.60913065523409
1.726,1.64555684555206,1.80210817908556,1.30597772054088
1.258,1.81641533871618,1.92872381739322,1.05121511095498
2.738,1.91360722857861,1.91039409195122,1.59157259310803
1.94,2.55361150970518,2.27177005234412,1.39104139760839
1.884,1.88513336228062,2.45360369197262,2.87867930135532
1.341,1.24952244030455,1.2971770770919,1.79517344359604
3.873,2.57364996379341,2.37831676681212,4.28819876392861
1.175,1.57483402265564,1.45757097140382,1.70593972873394
2.07,2.49006151779884,2.61504640482899,1.38104288022167
0.891,1.28851767329326,1.31169271276775,2.11426223525015
2.068,2.27455347759963,2.13535439171738,2.42119847212019
1.268,1.49246718051168,1.86504325331589,1.92723570856334
2.65,3.65927315007502,4.30632402299516,6.5800980887496
0.424,0.844434475064405,0.901953205795112,0.801797309866648
2.45,2.44114236987039,2.1264064472854,1.58628762326231
4.945,3.54362497611979,2.66339469856754,2.8127615381853
0.945,1.48913307328734,1.13627538856086,1.33919518337722
1.056,1.95501929333345,1.61083453685611,2.31703668965216
2.8,5.1796609184909,4.0436202808267,1.92619150048287
1.408,2.12695015758074,2.18762957933955,3.23953583394706
1.659,2.04189121530565,2.16828900837346,2.04856463581532
2.32,2.46325583838374,2.22265150959194,2.02273496597398
1.301,3.04341350571632,3.1652656693573,2.89852782367217
1.518,2.13444904154157,2.0155026763249,1.57684767279253
0.598,1.10359063114514,1.13441792721903,1.52271882499868
4.88,4.0255600858644,3.56539644945727,4.07872992240452
2.629,3.06543451154829,2.30450219726068,2.2145634820788
2.75,2.98749238484754,2.51957565210766,2.44571741662405
3.033,2.07341557311975,1.99713444813401,1.52862194706063
2.566,2.29134221379177,2.29410250223985,3.18041711631191
2.429,3.46738415016668,4.16279463261795,8.63517404545656
2.25,2.16637209411415,2.35430301606451,1.52504773713216
3.166,2.75021403916554,2.23173092031878,3.851736865332
4.579,2.19767317111578,1.30619271904291,2.8441043752145
2.46,2.57054819867684,2.78139710052257,1.36673755463735
1.591,1.46537603559844,1.31314721409389,1.29080015947594
1.751,2.47461226210515,1.45263336393267,3.41813416682106
0.55,1.06178407668179,1.02041534160511,0.472995551889012
2.11,5.70858308896783,1.75100800505949,4.91883112374828
1.656,2.94491137172451,1.38343188160286,1.43068460144866
1.785,1.53355215388068,1.39249130958159,0.475555566660986
0.768,1.82968514764554,1.10161502915177,0.523180086257204
0.561,1.5874591732578,1.06685140788009,1.42709417279064
0.888,1.25786281484529,1.42493793306854,1.39639543554064
1.078,2.18337552130635,1.67119881829361,2.72958773829431
2.756,2.83511245873245,3.13334766132083,3.28482636177977
3.13,3.03925087031319,2.73893856606773,2.00500089413562
0.412,0.900106781145271,0.780094955576925,0.548500658738247
1.713,2.08335603319258,2.63368947913061,1.81533491559347
1.671,2.61102220319398,2.59834187666738,3.45275107799878
0.619,1.12220258513205,0.943127654159222,1.47961814012879
1.185,2.17560591062207,1.61403037915709,2.15545988856998
0.739,0.930493052820371,1.13677197880525,0.554447048770674
3.62,3.57557075903008,3.3749774308762,2.52008722776117
3.404,2.00525004364703,1.80978309933172,2.30951170737919
0.752,0.863328952636695,1.0383259766543,0.690216546425615
0.951,2.02630923754224,1.21470834765153,0.433812654722352
0.79,1.85862419817232,1.90026657379771,1.04345696810964
0.538,2.1857796133739,1.46236462677694,1.14309106955223
1.047,2.68874204275727,1.98266288003708,3.47024562291084
2.11,2.84059738156551,1.72257758442273,2.88221832877886
1.438,2.07410705567672,2.13457030901844,2.13936552254609
0.559,1.20788667600537,1.46856575149564,0.950135267667696
1.61,2.84115223575672,1.68056219616902,5.35413407480648
2.12,2.91113418612035,2.54399533379732,2.1447883514599
1.014,1.23713561937727,1.15959766286141,1.28959611147416
1.077,0.928531170863416,1.20843879931472,1.12223600920407
3.968,2.11732158099356,2.75243723530083,2.07785350310189
1.119,1.63744356130761,1.76922753954723,1.2250089636028
1.905,2.05702180795408,1.64875326636164,1.73500080548492
0.897,1.38775483474391,1.96509797758013,1.50489783463575
1.183,1.69041103506257,1.82331033158312,1.55178316402512
4.187,2.92816309728712,1.94391615189539,2.11128482206763
0.415,1.13362067718895,1.08887178527125,1.23691001281974
0.737,1.44716278979348,1.35170660844258,0.533476704174887
0.719,1.1775038661811,1.16478369490114,1.94173008667074
0.478,1.47376856067258,1.02891179068639,0.791174845679208
0.443,0.823219438765733,1.05993095666794,0.386696894656445
2.21,1.74610399125111,1.58612864665811,0.77763084033474
0.749,0.882796857969113,1.11311093330324,0.654884868868357
1.671,1.73226421194723,2.20902624438077,1.55525046846778
1.562,1.22498407699979,1.23489559436987,0.75272868529384
0.866,1.27514843850852,1.47854907841492,0.593036341218803
3.826,2.36230573408305,1.74664329235827,1.91696569903508
0.644,0.882721734715073,0.791494087986286,0.56494101128926
1.259,1.30961960734363,0.757629037645846,1.02090895254993
1.599,2.32746113781557,2.51683013932996,1.93951799053598
0.749,2.10075375032614,1.91153148530608,3.38907301691066
2.87,3.43046891313307,3.7825963117607,3.73930661067177
1.725,1.77316101604128,1.02941164596179,1.76364580243884
4.08,3.27711866695204,3.73907044867854,3.51656194668418
2.66,2.37348280855917,1.824901795139,4.62468769743932
1.875,1.59366759161141,1.13909821582047,1.2844726860807
2.687,2.34627342273444,2.05720693626769,4.16572267325399
0.934,2.03529619795466,1.48322041111294,1.32665648966404
1.531,1.94939221138827,1.76201106178779,0.888901131928771
2.63,2.26764748484425,2.64028678518274,3.87282222598696
2.47,1.60945251871209,1.5782547506326,1.24288013014968
1.286,1.06442669972601,1.44960148510025,1.06294056184694
0.808,0.802794367496026,1.7321295654668,0.946178872476419
5.415,3.04582882610745,2.78867357112143,3.52301183892046
2.18,3.18856997288469,2.71227797545842,2.15622723555802
1.359,2.09352447682768,2.84587376872365,3.24904433748073
3.118,4.03199116209023,3.49493987403552,7.32964096115333
0.749,0.975538922222392,1.09894976311944,0.954388804989637
3.701,3.26044636515285,2.70610725210966,4.30125019129859
3.3,2.9544850116665,3.18004409324189,3.79426548771926
1.393,1.23403860801231,1.16035798401195,1.45794405189957
2.249,2.95760920771127,1.82122711811842,4.14982123265162
7.82,4.66799428816133,3.72850115130161,6.25768205703255
2.237,2.40982120404379,1.84038585923647,2.18732902972915
4.4,4.39013781115353,2.58250216699956,3.48841356995953
4.065,2.80665703368122,2.22488832508425,1.90882533768947
0.98,1.75564486008235,1.65021995095384,1.33388211027215
0.406,1.02434839040675,1.13223499673011,0.628601983951877
3.2,2.66265367762499,1.52658437182704,2.65310102339741
1.047,1.93536297393945,1.42508297549872,2.10531540387292
2.43,2.21817889296693,1.47241431604263,1.45976855415701
0.855,0.373180513694051,1.15401779698792,0.817122925649645
0.629,0.867736870094819,1.26812208891,1.58325424281821
2.95,4.56983461160273,2.71892543285905,5.36893680710372
7.287,3.7988259350801,3.72866950008166,7.80682059559245
3.24,2.22139062282033,1.53407167704195,2.10390732316428
3.481,2.96752819612464,2.83033387334194,8.21964689737878
2.541,1.4315298052807,1.51652006766201,2.03966699269032
2.25,1.35977890841438,1.7391689249357,0.65682712411186
2.501,2.08205355249405,1.32434310682723,2.59824260146341
0.353,0.850410528957968,1.0269674090251,1.2354137704047
3.49,2.19968584965633,1.70848814665117,2.12837489356273
3.1,3.85454730835711,2.06284881620366,1.50779033739116
4.42,2.55262799739024,2.3573632063286,2.27462213742499
0.423,1.15115275720974,0.895513632438138,0.322192658020222
2.78,2.5986377991676,1.81934832266225,1.69554316818753
12.25,7.12984490958913,4.39742208167087,5.26388555712455
2.507,3.34285624474098,1.34987733224814,2.22174134194251
3.76,5.25897772826336,1.91611963962149,6.3140862439555
3.14,2.40763055081466,2.84613964287749,4.63746212426463
4.288,5.94669515302569,3.72081715985436,5.36190283180885
1.798,1.98871934345152,1.82104287900478,1.89106740024559
0.349,0.771991900435862,1.2196348954252,0.795263786864302
4.94,3.36953126786115,2.88327607079575,3.5645470342628
3.427,5.63004151291727,2.52977332995436,2.40506732001612
2.951,2.44586066162026,2.30131543904689,2.3662384669716
0.656,1.30577487049193,1.51139479734836,1.07735796442062
1.185,1.21262412823673,1.12387368434886,0.865213570609387
2.694,2.55911579279712,1.75771064905636,1.72751279998973
2.63,1.32321287023244,1.69417917717727,1.12855100591458
2.74,3.47943707465901,2.34974241619311,2.47957731964314
3.87,3.09064113550014,3.04422726160343,5.29993318636979
2.85,3.15608469619495,2.72017156441412,7.20637820046836
3.93,3.47912444660954,2.31461107681496,3.70406543659989
2.54,2.07955552182649,1.60279085089397,1.22306097386168
3.18,2.8033994103172,2.73080769297144,2.64221742833798
8.4,3.88925750423086,3.21391758384664,4.4760100516399
5.64,2.75300843059155,1.94125811157897,3.61433246019178
3.733,1.8400272848162,2.43751846829171,1.14320422276648
4.71,2.78186887961715,2.34394806237734,4.37177186936292
4.379,2.10919503382747,1.71703069794749,2.17924328871366
4.497,2.60793771483959,2.17582487235188,2.91117029249039
8.281,3.86765480088375,3.44764717963586,2.60239581174085
2.29,1.54621463200919,0.999549676458202,1.1104516605179
1.926,2.17122910195092,1.83053894785549,1.34973361424453
4.797,1.35930888154202,1.60419024523577,1.37441915094212
2.547,3.31399287141832,2.74031544814985,2.45909336680842
7.3,3.29601526728742,2.70515674481231,4.25502750218581
3.064,2.27826007840447,2.29560768895643,1.33795527294298
3.68,2.04841127055196,1.91560496605299,2.8802107933127
7.311,2.64708854921262,2.65837930156989,4.34341557222765
6.99,3.56936970597298,3.12451309393487,2.34080937931306
2.95,1.59474882193278,1.196579822567,0.709308597947808
3.71,2.98299549423087,2.67082973079675,4.43339940724053
5.028,3.07895984681686,2.52001146330926,5.30654993355468
1.971,1.52179333501155,1.93609191770409,1.04941704801738
8.31,3.73588358496326,2.92177984711082,4.19824493616124
6.819,1.33841128169556,3.06725588993042,1.6868343497803
4.524,4.50894294909512,2.82017739967317,6.28239385227458
1.746,1.07441642051454,1.31190995512003,1.43734336210314
1.569,1.31410470744255,1.57516242271591,0.888442416174995
3.673,2.52511253310719,2.88592806969134,3.35152356878187
8.483,2.89730193600527,2.19704346243261,2.32875708578702
2.223,1.93099061125837,1.93537704278964,1.4747782537906
4.61,1.8151650506673,1.97486326816053,1.38811450523984
4.37,2.60325845468604,2.58767187013975,3.86025168886363
5.647,3.41206448086864,3.14055701406272,4.64906567012039
4.8,2.86173726738373,2.67880587091526,2.84515959888431
5.177,3.11931279603872,2.14672168560975,5.72366592509465
6.402,3.63046044987022,1.64609367757085,1.94856679924423
4.76,3.38252000835536,3.49023222807659,3.34626093853652
7.66,3.9105060027486,3.76873424662655,18.7819290343088
3.7,2.89664455754475,2.8755678825017,3.70570220417111
4.71,2.87879462002225,2.67254078688705,4.74924707026156
4.03,2.27928287841447,1.99046890250838,1.66262640381747
2.74,1.23603337614364,1.43872737494365,1.51315536596683
1.295,1.09095869331489,1.17043144316779,1.83906785937136
2.1,2.11033141440258,2.0532769069509,1.73473703550225
0.645,1.0000300128722,0.637860822726047,0.560331779646953
1.522,1.86861965890827,2.05404733753183,1.9144314608316
0.56,0.800142036024078,0.969040533273345,0.549730844605702
5.33,1.73461610360103,1.61602520227163,1.62327230655961
1.401,2.27528616943331,2.02171560823867,2.12752328657237
1.591,1.9548621137363,1.85019965534071,2.20581826752039
2.76,1.8482329942986,1.95576573203616,3.25201358476361
3.85,3.74597918961796,2.49334737761276,5.73804075399005
6.676,2.68460880564199,2.06982747719542,6.08726835295297
2.24,2.27826116313486,2.79265421729673,1.54925132316241
2.267,1.81010495018779,1.85869516048359,1.97019821579061
2.58,2.01652615680197,2.82187152811925,2.95068487537735
1.653,1.54338343387646,1.83363048256972,1.52283884745707
2.05,1.89907068263501,1.69020782491188,2.01703889718617
1.514,1.9000535222773,1.77595614198361,1.45997343847718
2.176,1.91393594541189,2.06228011877521,1.53091815714567
1.895,1.85467904918492,1.76012531455921,1.56948218674036
1.502,1.75175198689225,1.90526500887357,1.49699951187402
1.816,1.7877475110933,1.90956434919396,2.1384960311386
2.19,1.91901224807013,2.08318674811344,2.11494244728363
2.322,2.32393621660883,2.06665139568323,1.76652966464349
1.63,2.01151899361368,1.9980653427583,1.65871265702264
2.082,2.56529288337131,2.47276962439597,4.76903287124754
1.429,1.97665578921426,1.84267977093139,2.03607290277574
3.04,2.27484777214058,2.66985391391678,2.70775501232983
2.23,1.80561531872591,1.69704009885525,1.43197211605459
25.062,3.38932102776801,3.49466093074888,6.02480934489892
2.376,1.88684190353572,2.13492131639498,1.18988345867282
1.598,1.75276737170063,1.89590009054461,1.33034054200173
9.9,6.04612646767041,5.68584825233444,3.52282724912035
2.87,2.79365168702603,3.25273536660561,3.10089907187924
1.643,1.78904027248127,1.87719469743786,2.00931133612645
1.479,2.72027892215511,2.54141649321794,5.80970657402831
2.27,1.90944779432943,2.02240642076254,0.803325264465077
1.296,1.81496717195181,1.79661254347462,2.39981327182413
1.443,1.9047048593329,1.93290181381,2.33074126314941
6.202,3.6559723339127,2.92598038018881,2.37834758265917
2.15,2.0107717199452,2.17057413527283,2.54236408800059
3.34,2.58879419545972,2.31323925509123,3.72806127816655
2.21,1.7309519507704,1.99892810132772,1.71036959289112
1.299,1.84271472170967,1.63041359312737,1.78450918711663
5.2,2.31295608675516,2.62771460994107,2.55540862360321
5.79,3.06513348760815,2.80435065189673,3.31685880889812
23.594,2.67527308166214,3.83449630068032,3.34486293949377
2.718,2.02727239919405,1.91805043372762,1.54628355957599
2.709,1.99110845480529,2.17110442517318,2.25600815492126
7.008,4.7766040597761,3.65126868536102,6.76080408511897
2.942,2.29822726364438,1.97393172107676,2.21728726675728
1.627,2.98644417281004,2.83313713548938,7.55213995647653
1.843,1.93265749254803,1.99953369448435,1.48505695248636
1.273,1.2717236843694,1.15595819651335,1.28708038268363
0.998,1.32488882857373,1.25670893083132,1.41630491825483
2.63,2.91897805588301,2.53026586590316,2.10684460802272
2.194,1.85009106405584,1.6720251921172,5.12883772992536
1.095,1.60459053932619,1.82044159978431,1.1994206910604
2.06,2.00582780247165,2.40440144168085,4.07246209990364
1.912,1.60297735966352,1.74988838700922,1.29957667334532
1.955,1.78942680462674,1.80326622386239,1.88894857513928
1.608,2.38844485250366,3.04053657481078,2.82812912774063
1.625,1.69989396741396,1.79323920000968,1.50331611455937
2.19,2.19121109207905,2.38771363666867,1.82223908459019
5.36,2.29454185963947,1.72600855393362,2.42536043402246
4.6,1.9243892824108,2.0183271677314,1.9269737546375
1.673,2.54582297675564,2.6801842637134,1.83752898898798
1.709,2.07153920204912,2.01879458313393,2.39154404606637
5.4,2.34092498918214,2.41718623230964,1.93646254765442
0.991,1.41137137525508,1.52284027203019,0.980014541509341
2.42,1.71168043261618,1.67842636697152,3.51187771046794
8.476,4.20813591804784,2.92985052476721,6.66438816507312
2.01,2.01552290555868,2.08002341878539,2.38988077274517
1.124,1.85884952743915,1.41218450149732,2.01617489503521
4.82,2.19053337835382,2.00577610449885,1.95963964889638
1.486,2.00738574751521,2.21987885855736,1.88967010534057
0.749,1.03692070140825,1.77022450458661,2.14527644722301
1.839,2.77077931743545,2.62943016539089,3.39989815896224
1.584,2.07961610264243,2.00305145828053,1.70044106238756
1.533,2.27957918155783,2.28782868075488,1.9313321505613
1.832,1.98753081258589,2.03035618312839,1.30880937784977
1.749,2.18767642190303,2.14904917202314,1.70804766169316
0.774,1.63963885984748,1.86651367833726,2.42298505521848
1.517,1.94895724052482,1.96324393205097,2.57157274643736
2.4,2.08884707548299,1.94403688801587,1.48342039554253
1.069,1.36857430380527,1.04435714268907,0.909805703466427
1.249,2.04181702779889,1.98031164804185,2.23259806164983
1.924,1.57918907971753,1.23690872744137,0.989310758522064
1.203,1.55701668068777,1.51982667252158,1.05377146300888
1.86,2.52163368873521,2.27994813797956,2.65879322605376
5.797,4.54509319996121,4.13674466316022,9.950320260382
1.849,1.857244888101,1.92410881658164,1.89473418892834
1.216,1.47112586650091,1.51563646796934,1.30925749556037
1.924,1.72961711016579,1.63027584685886,2.09058519112256
1.945,1.51177145960953,1.63934724391664,2.24011276617099
1.505,2.19072603473001,2.12492166863314,2.29293878831077
2.78,1.83687948589837,1.86579773705594,2.17513948216312
5.01,3.68338112634574,2.15559142726732,1.90906200091301
0.65,2.61434022615385,2.41348971615909,2.87544061581367
1.505,1.94728561585537,1.7955870600944,2.10850903664693
1.812,1.97511625487293,2.03042646041282,2.21434141194156
1.672,1.6124134666306,1.76829687177294,1.28316026657116
1.712,1.32682429086845,1.39114454677792,1.50637648361509
2.747,1.59559441344533,2.27963985275735,1.3785293109735
6.139,2.64889759414384,2.86265026936514,5.76415789934516
26.54,2.41473305484189,2.6627734261811,1.30911409883695
1.534,1.85807947098217,1.83208739958045,1.30804916953337
1.609,1.6175154059167,1.67539460396053,1.8441981060401
2.774,2.40264168524675,2.36636087440006,1.55375454089308
1.827,1.3566824576614,1.41240235961133,1.84269830025143
3.108,2.24379730635495,2.46534135374887,2.72149362637035
2.7,1.29319596013213,1.92220444357109,1.7505292188361
1.62,1.45621013317735,1.5292978813158,1.57796354917516
2.14,1.99144818602158,2.11007050436014,1.92333019558818
1.648,2.33620282279149,2.17128310980837,2.30865883472015
2.248,2.42334607514883,1.99670997255087,2.02619541767538
1.476,1.5472880037697,1.55051954078418,1.45942583796884
2.41,1.92408303452674,1.57779460382881,1.78522535532809
2.009,1.70222376482899,1.84849482670113,1.80378065505918
1.213,1.46348408959211,1.43349365134645,1.39665519907288
1.426,1.49414466771037,1.51596689895488,1.85487994715226
1.422,1.90387415067595,1.8222582785984,1.50921325277694
3.032,2.58669483023195,2.31800548103963,1.40169593054264
1.487,1.91490344826398,1.81236414429598,1.62075531862055
1.862,4.20396184558562,2.88220880730682,5.61222160478344
1.249,1.79722409785371,1.80905051975111,1.32650305078991
2.28,4.41909452462717,3.97691658296491,3.60764970169342
1.849,4.19375660634826,2.93660189815366,3.7087426320206
1.597,1.54643252396258,1.62504902502746,1.70501043137091
1.461,2.06585511895928,1.94301133718481,1.65590439923807
1.63,1.55757582903438,2.06442970259953,1.81907839684863
0.642,0.65829294525928,0.91639442398939,0.390540018356809
1.506,1.68242623870658,2.13853983634941,6.89547891813694
1.689,1.87881778558881,1.92393097547412,2.5151569463014
1.79,3.07926760375187,2.62543259293271,3.02163766646343
1.641,1.78852227364088,1.95511419443349,1.2724506016773
0.917,1.84394074728949,1.48546669429871,2.15551253801213
0.917,1.47967099898978,1.35062932100985,1.22401389455303
2.49,2.19135759105339,1.94441147973816,2.49625029027637
2.317,1.67880258922109,1.70722708889822,1.3622019339782
1.789,2.49488867163037,2.61769386393307,4.26502130725065
2.035,2.21588697632056,1.93830035986173,1.78725299692918
1.847,2.55297288729399,2.82887092505866,1.80021417129223
1.801,1.80361834988311,2.14942270070338,3.01147340149977
1.908,1.87749885060636,2.34313274830914,2.59715236277275
1.781,1.84149157171526,1.77499479511716,1.62685510569063
3.162,3.7321892916627,3.34295529501058,2.96801999379328
1.528,1.97872833971326,2.13563635472819,1.90525370324085
3.04,2.29980654955345,2.05551726347325,1.77238048971063
5.08,2.64232572827935,2.41655000624731,1.17529851203567
1.487,1.66928373356606,2.1893475421466,1.10899828667105
1.759,2.22660146571969,2.07417124646978,1.67115805483308
2.777,2.28023141886402,2.11104270844461,2.55585200648612
2.21,2.41337967829233,2.16365051651796,2.0508379398472
1.265,1.43660202535383,1.62720634418321,1.11028697528321
1.938,2.14961840199486,2.42052464760338,6.37524077526706
1.708,2.20744274402958,1.77263224421105,1.2920593057657
0.807,1.33501480950566,0.87481265133661,0.674842791039392
2.08,2.04989805560779,1.96140132227512,1.52632237547219
8.829,3.08604058230506,2.65672233886427,3.81975479609052
1.943,1.33921246186692,2.27671022685513,2.67027507712463
37.966,4.33694614626627,3.955503664324,3.3305929918152
2.843,2.83759293720035,2.61094739802451,5.62744553287024
1.839,2.04463060724115,1.98936390707894,2.04177459248001
2.31,2.02464816921767,2.10235786015005,1.73913720935802
2.069,1.81811964256595,1.90472353057467,1.59939031166886
1.545,1.69994836085179,1.76487356461748,1.36378259036498
2.596,1.73912292198026,1.79677231339907,2.02807137283035
2.08,1.927197267986,2.00048717655745,1.47648663130999
1.89,2.06754676581506,2.15233801969905,2.76722844269144
2.83,2.78654069171123,2.53442436254404,3.44490301349259
1.536,1.77925223240917,1.81107377436468,1.56255566476152
1.817,1.69057739002252,1.54093136509486,2.75890021369167
1.841,1.60865626978146,1.47236221537635,1.44210937143047
3.473,1.81784109461674,1.75811414816811,1.95932998826021
1.647,2.32431378404283,2.12033733690261,1.67720015797357
2.294,2.1968190601525,2.14726776643726,2.01228760752921
2.073,3.03651837823682,2.91662002613673,3.08675585447045
2.264,3.08666270334144,2.77697620386283,4.71575432625546
4.656,3.17021038614584,2.44225926130476,2.08545665643923
2.02,1.8330791625723,1.78256984960885,1.35953097266578
2.14,2.25003156256589,2.18653006774174,3.03460349412996
1.261,2.2241409239919,1.9793098657588,2.9046187556335
1.65,2.03677663821779,1.77568404211049,2.03735770183283
6.78,3.0451703943422,3.42618148173991,7.3587664070937
3.48,3.11781865445081,3.14546060975094,3.2744551571225
23.9,2.66432140508843,1.98871494428722,1.99460840538262
6.274,3.73338369379282,4.94081702415764,22.4731907685602
2.52,2.31313432615431,2.01375249444712,1.49847991865001
2.782,2.53408818028761,2.3989690265751,3.81217746969383
1.893,2.39457672177091,2.14873911664174,1.9738659568206
1.559,1.53033373143433,1.75559249352082,3.20036396695159
1.788,1.61877938453589,1.77838867529439,1.44781865626366
3.01,2.77950026670842,2.45573567007724,2.56717171866447
1.302,1.75620988722552,1.76943335704152,1.49394226513745
1.927,2.26677056304351,2.11007146413248,1.91140067406456
3.086,2.49162875475002,2.18131743009324,2.52803651973971
3.188,2.31350239063231,1.98655294317,2.196747318147
3.913,2.48393468810793,2.34247013115494,3.84245084700619
1.873,2.01062812741789,1.8748564833916,1.92034246457313
0.712,0.765022816343236,0.585401324815368,0.719574839898666
6.597,3.15340327600836,2.42381033843002,3.38882656237931
1.568,1.62222983937749,1.75410776022668,1.5092738926328
12.83,2.90408516683005,4.73505143016704,4.56325705281374
3.826,3.27528241825911,4.57016955030359,2.87727839898046
2.121,1.75772858474026,1.76128151670359,1.54433230536653
1.398,1.63225142767451,1.78149518412481,1.61189326791928
1.268,1.54226112279476,1.68832751566885,1.38391847764131
1.655,1.85414287022868,2.00395695534948,2.13313350313344
2.79,2.30279785208184,2.48025922475371,2.7293627021991
1.706,1.80561334999407,1.7289272191927,1.69754783103017
1.524,1.16204701171992,1.59425866174913,1.08864872175351
1.875,1.84870691230537,2.08419993067481,1.38871107430988
1.71,2.14180382441296,2.03749083376909,1.87908421581453
1.351,1.6905703698873,1.74915807997591,1.58818844432429
1.539,1.66749862160646,1.91295971638028,2.00869997707891
1.957,1.94208041790858,2.0639575244814,1.27727564436816
2.2,2.09438808019309,1.98777513857941,1.98957461353278
1.986,1.86646639256596,1.95538679223993,2.03073487240562
0.837,1.20479812928706,1.37095835160636,0.643481824131545
2.165,2.45910277509594,2.45783627545985,4.46188499437864
1.313,1.97229572681313,1.83298722886784,1.5369748978553
3.4,4.53333911156877,3.45234745422224,12.198420416381
37.468,2.90412894106089,3.89115701023016,0.693996352190711
5.39,4.39624550797602,2.61417617385701,3.56582706340019
2.24,2.07297643375458,2.0473739658048,2.10466205558268
1.734,2.0860961046234,2.09834773525519,1.82090874114613
3.15,2.0881902006216,2.12291615610942,2.21051128685171
3.001,2.30872088561193,2.13330966608879,1.46334875652914
2.314,1.75423220572289,1.80078738851308,1.47082321970046
1.538,1.93302265391148,1.96161092651636,2.48334008847716
1.912,1.969349038965,1.92552212980044,2.1079762404993
1.673,1.66978469125028,1.74498236051781,1.38772537269748
4.552,2.96598068026367,2.75851558823358,2.92075036348215
2.59,1.83555712517929,2.01146647922693,1.89227304721819
1.919,3.49986708657312,3.43669959795599,2.57080340513867
2.1,1.72065528429366,1.71225443276585,1.36143696539478
2.22,1.98772010866171,1.90085866978221,1.92953912229868
3.815,3.00457457868677,2.66147273295571,1.41749786537004
4.875,2.79529384828412,2.33627568568678,4.56655610487818
2.019,1.8901276613817,1.95499777156106,1.35444652776815
1.571,1.76669882763451,1.85404625142661,1.58214140212419
2.11,1.8578067109506,2.1247452939723,2.77173789059821
7.55,2.64770705887235,3.39722647055032,10.4957091621732
1.785,1.79042076274878,1.71344844546786,1.29141606237104
2.74,2.17162470201573,2.1576871339594,2.52671906618771
2.59,1.94128965508629,2.20761369190471,1.6223684510174
3.35,1.76355335391764,2.00100546813045,2.3914958372724
1.967,1.76131540369693,1.78987957630841,2.49248978385171
1.861,2.03333803979883,2.06980358499571,2.1024502849193
4.54,2.64034736518618,2.62732117988738,1.68221644913429
2.01,1.71046141712009,1.63091792415953,1.86446987949223
3.53,2.70232912676122,2.67335908222043,2.26709980134525
1.901,1.96046429814468,1.9136172321664,1.95763442700505
7.47,5.97688601212641,6.28725738060979,4.83626366740523
0.774,1.09443017366146,1.44032407593464,0.698703418511468
2.1,2.05670768265214,2.12965776818272,2.16244357306449
10.45,2.54974667093026,3.38539472801119,19.2167169296049
5.98,1.92320131236692,1.9093101321136,1.86693842122027
6.906,2.56279289585554,2.35475348896355,1.65502292639943
3.12,2.11600804434012,2.0284718883179,1.99042439019778
1.534,2.12657029588812,2.0364256665678,2.16179306244694
1.704,1.97080859134413,1.82023443792275,1.16230432533466
2.399,2.38538978022598,2.38151031230694,1.34555523744276
1.548,1.83892148836175,1.87576603948795,1.97637875114661
2.24,2.02572795615026,1.92521745272575,2.12724571445419
3.331,1.98460723067577,1.91486566691963,1.93327105772188
2.241,2.24569397054284,1.89335450045039,1.92828490406803
2.501,2.27418869930254,2.23481642689235,2.29280004053672
2.04,1.53383379059269,1.73044534800746,1.60290365078733
4.53,2.5571138464872,2.1256013412849,1.47776870852432
2.2,1.7941006002083,1.79187815141685,2.21537155951763
2.924,2.51115495438356,2.3385777338942,2.81424495447599
3.1,2.07739667791563,1.92402122897142,1.3201306285943
8.081,4.29047128747138,2.92997930043335,6.87641477717889
1.538,1.81626916092754,1.76607194130284,1.57554652313473
1.506,1.56540833324718,1.68000539148997,1.41101544401138
1.907,1.80210831642389,1.77224246609843,1.84900728299615
2.016,1.66174806113961,1.65839427465149,1.4977169875882
1.605,1.63673397464947,1.76486033216071,1.54145421434624
2.33,1.9533337514322,1.9188148017822,1.54081453585735
1.391,2.1161738608326,2.08487074878949,1.69441025204709
1.735,2.30455593317569,2.17119157267037,1.81016155601425
3.968,2.50265002713643,2.42621113868199,2.22303865110364
4.566,2.95895470381951,2.68656051705631,1.92049794831889
2.215,1.85745207593576,1.82457909110815,1.5953274213604
1.827,2.16167374332488,2.30811800499679,2.0600221715897
2.313,2.96342673390599,2.50728572371984,3.49532589605179
1.953,1.75428262291439,1.76878160424046,2.45144435576305
1.504,1.82762661012898,1.67111788158482,2.07177168249545
2.48,2.22299086234839,2.15508772459237,1.81619765494949
3.8,4.8927073239069,3.98279420506757,8.49444878988342
1.603,2.15511183028525,1.93356122481906,2.41957040859372
24.2,3.46279250304369,2.4428555582139,3.16689073834818
19.78,2.52065710926112,5.09527315101604,11.304764871168
5.803,2.66061628813663,2.57071991240989,3.57554446350487
3.411,3.02504460542637,2.70363765890537,1.74034104936832
23.8,3.17388823012471,4.18070017067943,8.30931583852036
1.793,1.91104448188088,1.79965234456738,2.56302060333224
1.636,1.54547651011163,1.54478714832504,1.44978099177246
16.407,2.23139987817464,1.88219663167981,1.57662220980279
2.305,2.32094859892156,2.20845918733601,2.01941998478
1.3,2.1108371797492,1.94976412338797,2.12128157506201
6.28,2.54292346168421,3.06636857783665,4.450919017951
1.706,1.87609302387417,1.68160184807987,1.76745941754355
2.6,1.65266814091456,1.68888234110311,1.55383804169354
4.65,2.29335905744628,2.73378384445995,1.96075174144615
1.392,2.63079122337454,2.20481947902373,2.02738478516953
1.907,1.7853872513948,1.85549417558927,2.03845727841706
2.28,1.66180950564426,1.75370514831148,0.940085914658921
1.856,1.73286049309713,1.91690479549048,1.6724094920357
1.702,2.74663186135545,2.32950906900722,2.18513036432812
3.44,2.12110698685743,1.94084808551644,1.94433912141773
1.629,1.7855371877881,1.83668325877774,1.42270869037353
0.817,1.31456759827273,0.904996116163414,0.694891703939061
1.766,2.24735517296778,2.32399870982242,3.83337044026349
8.83,2.32706616673136,2.65152219736576,2.35574197605934
2.96,3.08239850626968,4.50721345838505,3.75977735365206
23.8,3.31169765204578,7.66796231746593,14.3413702825082
23.983,2.85465427257788,3.14113578491588,18.1122158890937
4.89,3.46205415417811,3.9771832812729,3.69467135370631
3.103,2.66564860165257,2.80648661152529,2.60797830241751
13.05,2.35445292338867,2.43614337890567,8.84608231653619
23.7,1.51042149610397,1.71141154502108,2.10912982451335
23.72,2.57524891292001,5.9565971483566,30.4717956009092
3.318,2.92817103365393,2.68562703790142,3.40671429177811
24.148,2.95765144243667,4.16637785138739,2.26083208560634
4.536,2.57005004363541,2.1200804428555,2.251233972795
19.576,2.83327747400553,3.8800365382562,3.24482927370083
4.485,2.9895939901307,2.30646743227407,1.75540859580732
2.839,2.38095056708029,2.34843653775343,3.35069240475089
2.478,1.95079293796672,2.12270322243672,1.81272729288093
1.943,2.05221144629836,2.07207548065378,1.717779945534
1.749,1.64933705472322,1.75577693815659,1.65338999464678
5.63,3.41442774266897,3.28380410924673,1.49010668717127
5.874,2.58381385353851,2.31069401108139,2.53652990105243
2.44,3.15263841846601,2.55865336587683,6.42084619031105
1.443,1.34719984761178,1.65553088995655,1.22231968310332
23.482,2.18441956167169,3.71273605716346,2.6845380453223
4.3,2.14484786447633,2.38219238054035,1.4982778430725
18.482,2.50227596090893,2.0934021356628,1.63875356248432
2,1.5501280219864,1.64291356699348,1.53104048614162
32.3,3.60140903395042,3.58628686757588,3.28946128568221
3.153,3.26504023113794,4.21337676951156,5.22707504677406
1.777,1.40083513705592,1.81518747120275,1.85452178340631
10.962,2.83582949735156,3.12448949838519,4.2659913799326
20.4,2.92812843049846,3.04131719081645,2.50125214586072
3.63,2.05784507432405,1.93471201650287,2.3759084604792
1.834,1.54710392265946,1.49869570738455,0.825053625975993
11.72,2.20705084717039,1.98476092692498,1.60007802646825
1.644,1.8013090348165,1.79634242482002,1.52772950662114
1.642,1.97939938985684,2.13848223762695,1.61585494482147
5.08,2.44753219785199,2.7684547653552,4.83158353896649
2.6,1.86492600445717,2.24126319341548,1.67444677264655
2.113,2.83184986721602,2.25755609249191,2.84856225990423
1.378,1.63975079403668,1.62493881262441,0.939204740104733
25.652,3.23173744831816,6.31016435149067,16.7920228278187
2.95,2.43065432515534,2.24075384309107,1.66823852264658
2.363,2.72419749175931,1.95066526560001,1.6172712886417
2.04,2.16300032379721,2.22313805293854,2.3735694860632
2.231,2.07941464050527,2.51792990573094,1.81920244719234
1.839,1.85805994833625,1.99103330105283,2.61948443038513
3.16,2.77355798919271,3.3776598799329,0.991454092874885
2.619,1.92821611673073,1.9721387928989,1.69290604379941
3.408,2.49255570277372,2.60857626660702,2.13568831827814
2.251,1.79134759302456,2.03480890355448,2.378116074489
1.442,1.90163182543568,2.36979754815343,1.68777158332406
1.781,1.88046886510026,2.04879212631495,2.30131683467062
1.721,1.84792004351574,2.37643463371972,1.96001025405815
1.231,1.46113179263098,2.03802248865858,1.20671601558733
14.33,2.16939741397964,2.81086541423174,1.75835538355056
1.812,0.681106770982364,1.86011352777865,1.18604146637701
1.112,1.50019081002477,1.68685422486314,2.08933981258019
1.642,1.98747439091637,1.79176510111917,1.08578430111124
2.17,2.21289228962857,2.38544250925784,2.11108654060878
9.261,2.1335373447712,2.14794342439497,1.29716201871211
2.174,2.33241079595457,2.63769046240155,3.9266356190421
1.424,2.04404224902886,1.88430802089705,2.09330480259266
1.753,1.75018603351107,1.71521433587199,3.26399725498878
1.32,2.13378785752464,2.76664621191797,4.46031597978694
3.36,2.30170686431951,2.1249662296794,2.46575147413003
2.262,1.95047944101498,1.84887752466628,1.24243074243793
2.051,2.12822825591315,1.84641078282375,1.76244270938778
1.275,1.58308583876047,1.65663162479854,1.30133912192828
1.305,1.75564545284835,1.74612411317656,2.140853956709
1.303,2.31906243067395,2.03070232313517,2.08135142437725
2.35,2.29162345330802,1.99020039865836,1.33872524131535
25.29,6.58915647045198,4.37885112254865,3.6642542145489
2.388,1.48904741813043,2.02757508362605,2.46478319495611
8.053,1.52087826417856,2.00948946076312,0.986887324745378
1.373,1.76609485157786,2.2503696886689,2.37483578480481
1.712,2.10109681362161,2.17258990415985,2.97085338743681
3.286,2.289741286892,2.66275275497347,2.67893467744517
3.6,2.86927284290299,2.15306921162047,2.0091957153232
3.043,2.2912040877858,2.44265039202188,2.30155988140692
2.276,2.47465083416401,2.2122415536882,2.85310502167039
25.594,8.27743298978274,6.05757121404018,70.4685506746827
2.4,1.32438600627389,1.6733360152455,2.01016571284134
1.516,1.92047953907862,1.84573766422856,1.37746981330392
1.912,2.22336041128974,1.92332352805168,1.46082051338738
2.083,1.65958166658638,1.94227669697831,1.9648427927976
3.112,1.62406973785533,1.83386334827359,1.11958855045347
3.837,2.6572054075212,2.48705731630653,2.08077661180924
1.3,2.37016103916248,2.14143518511802,3.03764834596878
2.67,1.99422847217356,1.96819488180101,1.76411885878343
2.39,2.17321753538661,2.12968160424082,2.74967514008155
2.198,2.02810406108106,2.03689401392937,2.03645890480767
1.708,1.43666053953386,2.01427958308649,1.61474667760362
14.24,3.68542086340189,6.08531922165355,9.21558047648945
1.895,1.81891862606016,2.0023576222393,1.98927452024429
1.69,2.99348791487707,3.36853708064277,3.50203561344489
1.888,2.15109355582039,2.08700467268809,1.60100689416778
2.074,2.30621715498786,2.41194155600779,2.38568213425044
2.38,2.16773030786765,2.12029228190878,2.81583338589272
23.47,4.56175283758635,4.0310322754772,8.66151473164723
1.53,1.45808862132989,1.86100049306576,1.9128064136513
2.573,3.21839062765385,3.06491233725313,2.22448593172852
1.251,1.9412579387396,1.90244658933,1.98809845591079
3,2.90496338064441,3.13252219237806,3.13940181388546
4.9,5.65597166236313,4.90018840417881,8.31504572266658
1.288,1.69466595581567,1.53323112319094,1.32377131274864
2.68,3.87369278121894,3.63956139783744,5.55064903232264
1.378,1.59992337810886,2.46981233690022,1.29881314466874
1.246,1.29613875974108,1.17985543430659,0.669196221942555
1.889,1.72659391224302,1.71372575016871,1.23472187739214
1.578,1.26795513924045,1.26497587772143,0.598275655191942
1.258,1.49451761692683,1.12006082320905,1.22846982978074
2.178,1.92130019780814,2.13482054316123,2.68217059781084
1.547,2.23834780292372,2.43248052544449,1.66311098849128
1.356,1.03024509825748,0.95193674291555,0.895613371744971
2.64,1.52452068036121,1.37559037914349,1.07878840551161
0.681,0.991472239554733,0.951586318782174,0.935605903936321
0.412,0.666757270334736,0.762498238435077,0.500237732234241
5.97,1.6099488287795,1.73672091402131,1.50996490081468
1.824,1.56036891342408,1.68329980781028,1.94046756863962
2.277,1.76758010666387,1.80803172919796,3.15726354258058
1.546,1.62578810700175,1.89857623631489,3.15286155776883
1.557,1.22032585916324,1.44040051227273,1.44008555135815
3.261,2.49972016335037,2.48389913517427,2.2225788119443
3.818,2.11794791859419,2.0265315615344,1.02551362527414
1.671,1.11711194628539,1.18487776126488,0.812765101303757
4.28,1.63965580479268,1.29420681974052,1.13496298495599
0.843,0.80270170273783,0.599193720920192,0.452002096954206
1.899,2.00640852872734,2.25621248091819,1.1792912800948
2.102,1.38063418931224,1.56379175850919,1.35447364067977
1.801,1.74193615270904,1.76673126562369,1.89884585887524
1.663,1.31160444415864,1.07121740275514,1.32092425816488
1.646,1.63874317149433,1.64487836373334,2.03204727611289
2.38,2.29291545890437,2.36505438369738,2.34499318447567
2.63,2.49118295040703,2.67157501888039,1.41310016379368
1.061,1.36355498153992,1.55861133496674,1.28043427729593
2.79,2.80038908908832,2.27154198872112,1.84113203969919
1.361,2.85586593006212,2.5299970564393,2.80029497222575
1.686,1.68941441667707,1.89644490349683,2.16701592304778
4.76,2.28263984907272,2.01985960068122,2.16847952474641
1.572,2.53129827243259,2.57393955390725,1.94637180861695
2.2,2.15613018165534,2.19303691053431,2.7973253889286
0.436,0.985033779316768,1.06259973055418,0.802496326824167
1.569,1.81287560365392,1.80939891752371,2.11120606644916
1.66,2.23934509343078,2.21069902435036,2.14190654916269
12.36,1.59190965905652,2.11595861367814,5.03800815689033
0.877,0.77345875564063,1.09272580924827,0.905969428873069
1.758,2.08981287660207,2.16201160526709,2.25659183022337
1.817,0.898994705917681,1.05737120165589,0.677288359590476
1.502,1.5889092522764,1.60148128824933,2.19947757114692
3.25,2.05366280959645,1.86375128464948,1.48784447886521
2.21,1.54462950873197,1.63500773309674,1.2086691595378
1.412,1.85342178220962,1.87427453727662,2.42491924010192
1.592,1.1622844573219,1.69493144690467,1.7948386934177
1.392,1.87225360332825,1.74852434913024,0.694679323134741
1.344,1.71713177582691,1.36284502946386,1.80248933743839
1.583,1.65570974498491,1.62380009064098,1.19022239860975
1.861,1.93914180956421,1.97475649054988,1.93680601506703
2.9,1.9905412881614,1.97346534921884,2.41111615293137
1.725,1.62137383641421,1.79566262476131,1.94217677796616
1.628,1.861275763712,1.85274132545947,2.18025741830792
1.792,1.90354884253048,2.10484442833818,2.25135756035368
1.673,1.57016800384958,2.08086513783524,1.09061495352319
1.577,2.09641383883048,1.82518519251085,0.72838616416258
2.1,1.83250343761023,1.88023781287116,1.93382051475849
2.834,2.1558828341046,2.60635555034593,2.18678497548152
1.327,1.78799624043018,1.63422504516218,1.39240488902288
2.19,2.85860243648357,2.37946681659859,3.38811194948751
4.299,2.83538307762996,2.07408914242783,2.89899884668068
1.181,1.44945712195194,1.01973695510774,1.43886216364208
3.54,1.87145258944199,1.85605132802221,1.35196364306962
3.88,3.18970433912482,3.20196215224541,2.34988520605177
5.36,4.98334388862692,5.48186950941585,11.0102638091376
2.15,1.65714533258533,1.82552713125014,1.80766558169479
1.561,1.11782818487577,1.672687388838,2.56273942890522
0.598,0.692548186954684,0.937121076302796,0.973831407458666
0.433,0.573166546204808,0.631536181663831,0.525724398225906
0.234,0.346451691216643,0.657241445355679,0.300145641023554
0.825,0.540252664646251,0.485684881794208,0.549144678559413
0.738,0.871474114294023,1.25169120570287,1.08842360559222
10.876,4.69903328054782,2.94492810108155,12.3640644502085
0.226,0.308459511673826,0.472714481289519,0.216737623025391
0.99,0.89221479922224,1.0062359576063,0.882692835157049
0.548,0.517038934772696,0.679509666513026,0.491114903893057
0.924,1.97870957257666,1.4445728394662,1.56660216130707
0.482,0.572042615634712,0.60813317194347,0.858006976661712
2.9,3.07831883205764,1.59976436135196,2.23344750942012
0.701,0.813420151646318,0.75523969085327,0.74453425123428
3.21,1.86726917427869,1.60809477273524,2.4411833125047
0.427,0.73752159256089,0.714210418727462,0.367166837217247
2.07,1.96700383796202,1.37131926840411,3.05180946274139
1.475,1.83634573799673,1.56838259823013,2.7504891010501
2.07,1.70199687012787,1.15897786020591,2.63002994434274
0.632,0.806138825962631,0.563513212190735,1.17339850962612
2.16,2.79866784120139,2.18354075076426,2.15959422628281
2.72,1.67576017947033,1.57685094692978,2.5987881271279
3.13,3.28624832452349,2.64385423984488,4.89435432236948
1.604,1.83027627389609,1.90033630747224,2.37997791780557
1.196,1.24050405721132,1.39946006543871,1.1766851210972
1.309,0.679049267840509,0.810225216823798,0.658896818450447
1.441,1.35263205280375,1.17131752522895,1.80040865500595
0.515,0.61840090294953,0.639873074093608,0.552168622650163
0.65,1.80962581877158,2.14075603855856,1.99119750275105
0.633,1.47079472454755,1.44828383478034,1.51392525818763
1.948,1.24531505194451,0.952443490365441,2.53344290535486
0.477,0.877291004063152,1.03507253380744,0.670661477214643
1.242,1.74999000579493,1.37535129306703,0.941420092959231
0.322,0.480745253816624,0.619306782108123,0.346353707380439
0.394,0.465690153422333,0.633128907273216,0.315493465081951
1.076,1.74058042809523,1.78909069102864,1.94280855088202
1.786,1.37301836196914,1.28391991493661,0.803218691341855
1.184,1.20689132005226,1.47806788878999,0.877057563880431
0.512,0.677548274694484,0.692549796490844,0.686239393825139
0.414,0.641408787327083,0.384555445548958,0.31900765193632
0.62,0.802657386156206,0.539278407299089,0.460714016836555
0.79,0.965405853962877,1.13650965389436,0.457632764288325
0.617,1.27062194770589,1.28543710791486,1.41852519340818
2.452,2.26715425129984,2.08250724396286,2.62185799610815
0.878,0.693489888893604,0.80865995908218,0.675986504879952
1.436,0.972131703103658,1.10317698618396,0.697432264968612
1.473,1.54513737976832,1.60364295503762,1.40868158066038
1.667,1.44929892270207,1.47900634254074,1.57474354609809
4.161,2.70407493097224,2.40475113878391,2.90127915428907
2.078,1.37776357128202,1.18192736638919,1.4928813115437
1.303,3.4783366389797,1.56957520232132,1.36128741357601
0.627,1.12156878521856,1.12572867029844,0.982699012118465
1.399,1.1155339958624,1.67538104916657,1.09607114257341
1.948,2.04758184273541,1.65943795993935,2.76582609846958
0.723,1.12051432051342,1.10827313772573,1.5726219309672
1.547,1.10748677645255,1.19018677087949,1.306546837424
6.132,2.82425261534335,3.33219779188765,6.78627023557705
0.435,1.4454962962037,1.52167941210614,1.18503392084887
0.637,0.816343815177255,0.66031863901765,0.376988504796171
1.305,1.55684631634306,1.27554663334847,1.26973025640082
2.64,2.8135732749368,2.72356482617347,1.59085679056515
3.348,3.35728883946656,2.46278172149213,1.93156505317628
1.179,1.05905576541388,1.2068070972767,0.782597549952731
1.255,1.02319709254319,0.856959604962552,0.566326623491884
0.888,1.65862016710517,1.49412666155151,1.56148027420529
3.269,4.0166654052647,2.67887201873084,3.21927027067623
2.228,1.71015852135781,1.72339987841161,2.48535999770267
1.336,2.31980855961931,1.0964573177499,2.59200623418948
0.631,1.54891901713819,1.82460357219457,0.937318837410622
1.505,1.63502576745886,1.14360827266626,2.35883365255161
0.664,0.685922068226336,0.903220508002822,0.28942963101902
0.559,0.694068838779286,0.647813179925435,0.594441322550069
0.905,1.87473899503911,2.28258943582453,2.47314626075335
0.399,0.459545273963911,0.895172660466767,0.440359955071641
0.431,0.73565092690645,0.660578902520362,0.463769972238989
0.368,0.641423409253112,0.684694311185259,0.478642733688137
0.788,1.07172340957076,0.847054787620665,0.928954253117447
0.612,0.886007722770187,0.708300010405118,0.663570741536914
1.704,2.98045947371895,3.01035855436984,2.11855296131853
3.137,1.16923788475546,1.37517122416625,1.1856371228424
1.062,1.24548412593897,1.49436129399768,1.33000011985176
1.545,1.16948693341604,1.43096753667233,1.6042306541715
0.407,0.695139511347978,0.74714462315876,0.669081264726097
0.988,1.54413997901734,1.60014477790865,0.938274191736594
1.47,1.90398172703289,1.4850636434045,1.78014307856014
0.974,0.400315898111102,0.781137318918499,0.474120903344928
1.572,1.72508201795578,1.85568947344035,2.14441306238946
0.503,0.860021791552717,0.709169866358525,0.760415196459189
1.007,0.9088851670858,0.597741677373106,0.818276120209027
1.263,1.08630894289509,0.987254295260549,2.00905949804267
0.881,1.78487746679249,1.57799755907933,2.10298738227877
1.332,1.56396120206466,1.30969471281107,1.33283346003051
0.382,0.620447358217184,0.709734616205567,0.65503096038401
1.581,1.97453102148169,1.076786932154,1.93120526029382
0.529,0.666649746890932,0.62897231292901,0.597659868489915
0.952,0.8280911544064,0.666920354362023,0.537009986047794
0.314,0.622976344050023,0.806931739697073,0.473443076787311
0.858,0.954550831536092,0.978305464089753,1.03686724864043
0.413,0.354021067714249,0.856934917112532,0.431544459756265
2.57,1.61999488863081,1.36597755919111,0.932976020446458
0.683,0.51874274874139,0.755975418957517,0.846061557391645
0.331,0.53617984135829,0.597554687777047,0.616299703268267
1.496,1.47276050098768,1.14323509621442,0.8407607832567
0.981,1.14730973311904,0.911178448364268,1.60551710933285
0.227,0.517765936416486,0.611965289591453,0.653342300989004
0.45,0.538774362595978,0.767380204842299,0.674446985752072
2.286,1.49937877894407,1.68067471891983,2.00051678449683
0.814,1.08408723676956,0.763278454512102,0.382240100752125
1.592,1.59816842389414,1.44327332699993,2.41257078445065
0.991,1.72213608330157,1.98562081806964,2.31685432508388
2.252,1.06749303850965,0.978626334806176,0.897529971012232
0.931,0.609932909783252,0.516192671953431,0.464898283617057
1.988,1.14469893385509,1.41618333651036,1.30931906926021
1.566,1.30835444537322,1.55320117702442,1.66721765657185
0.609,0.936723814270304,0.68513983562776,0.928530290792844
1.57,5.91091107100727,4.77362493503372,8.57840095547137
1.35,0.998522958042024,0.739392915656752,0.792019305096769
0.43,0.547342698763084,0.625180502936094,0.441870237529877
0.604,1.03577349216477,1.14405989320926,0.753423252945732
1.514,1.5181738638191,1.07722735612268,1.37642286296311
1.35,2.45639471856783,2.41648376841009,1.63436005044658
1.604,1.40563376644183,1.608765134826,2.14378131262298
1.182,1.27470010157047,1.7842581108948,1.17500783314829
5.15,2.30683032559585,2.18054427023434,2.39357776138631
1.345,1.92530155347126,1.80011822970271,2.81263530311389
0.503,0.696035511077419,0.586143742562692,0.296006723060324
1.875,1.95819951013349,1.88143488258859,1.60218460103075
4.01,2.08654329521797,1.75633316770357,1.58899325126753
3.455,1.49872125796696,1.28179481238625,2.69913795435342
1.57,1.86464936883811,1.29991546126661,1.51070146725707
2.535,3.76231977175046,2.19503008887541,2.81142266846635
0.685,0.63134828022344,1.12664694999697,0.491260527415186
2.067,2.31142280959281,2.13581577821555,1.72362639006559
1.132,0.520718335244451,0.707689838258034,0.812215423127924
0.776,0.871888670336478,0.738227710397032,0.643517006529541
0.377,0.39260138730766,0.687337320604313,0.674642274731029
0.825,0.80809583278366,1.33970251732649,0.833973721467378
0.601,0.942056573233813,0.69630843828084,0.73572163148262
0.665,0.76351304630945,0.734218447527495,0.895347402543692
0.589,0.964576610314076,1.09261025111193,0.866568743736808
2.87,3.03303078759546,2.35147607724008,3.12727493268054
3.58,2.07472567681479,1.76615461472094,1.73750372817171
0.914,1.28063449997875,1.02233583044446,1.91385480889396
0.809,0.58538241624224,1.03961915714826,0.637835398483873
1.016,0.655131941160244,0.594123029682876,0.967320432689885
0.485,1.07629723474557,1.1792035790371,1.0490950933206
1.908,1.97969941516278,1.81705205149649,2.1318716515283
0.576,1.31099936235097,1.64758210726707,1.44704794443927
0.54,1.02401786324641,1.04789335126161,0.837907358927675
0.868,0.821288273336877,0.663148326822433,0.409109270430719
2.16,1.05915005689424,0.854913372810716,1.05491298184997
0.591,0.654807594945754,0.784974524207602,0.631140078234768
1.109,1.18715596696076,1.43296067724798,1.22539446535629
0.331,0.749820100486697,0.73520083752795,0.712789316605824
2.513,2.85027106855217,3.53666056297521,4.96220930231116
3.01,2.55312726047615,1.8969803298833,3.35123503068206
0.542,0.534480181010149,0.729160404454127,0.492429296875444
0.488,0.465550938458791,0.65134545526828,0.429022484867326
0.682,0.731986997791422,0.732793669946196,0.913068042690527
0.314,0.393996369036079,0.630382463138289,0.404306402210066
1.3,2.15084718911309,2.11938338753268,1.64910116534964
0.592,0.67431783851718,0.631198647858999,0.363225853863165
2.17,1.56378528570302,1.25288149570133,1.40491862729426
1.536,1.41727741038147,1.19807576352908,1.67402955427472
0.413,1.36564748016214,1.24120865482469,1.90557771438897
0.627,0.809796654640768,0.824649430856073,0.635416862100531
0.607,0.852152878770075,0.825946691500684,1.03844967702856
2.136,2.6132917657173,2.29738786082934,5.01824265806639
1.677,1.06728385700702,0.758067626114812,0.699969941251021
1.519,1.37523200660591,1.10714895268432,1.26367519023958
1.697,2.10818326672818,1.76886639576069,0.89304837086212
1.368,1.36883129911857,1.36452398233154,0.749985759923205
0.344,0.775244145458126,0.774463739309514,0.555717476589703
2.39,1.64216176573756,1.64104629753918,1.53483993276969
1.712,1.60667610201058,1.3512730420375,1.22910873655244
3.2,1.60148258470178,1.11922314610741,2.16828166490227
0.687,1.16251542926677,0.946411482678098,0.673386746473376
1.168,1.0082340828208,0.731687146861752,1.00189615680318
0.674,1.02080082433011,0.840917354154826,0.834885968926824
1.563,1.33875220661857,2.19227882062564,1.79435171585497
1.162,1.64116246307604,1.78471482555933,2.11727831199294
1.76,1.64448782546455,1.97566816915838,1.55797473190119
0.384,0.484261404477992,0.67233412113271,0.417388936665891
0.202,1.49563148742843,1.52099344716381,0.859005583958938
0.425,0.344358525638226,0.772155892620989,0.387423631266997
0.409,0.906440429038119,0.99644886796784,0.644773004953947
1.086,1.18284329766743,1.34003270474507,2.01376692123413
2.6,2.64432773366789,2.55762308116994,2.73589217045356
1.416,1.13796992092273,1.25051979853123,0.83087852732371
0.373,0.461761033111181,0.584775678018336,0.599308388828413
1.192,1.20333672410111,1.3016130494228,2.42038106111739
0.658,1.23880861728683,1.36910354405237,0.790030245291043
1.206,0.707694454882835,0.789811040104183,1.06739630059603
0.442,0.504554007770246,0.724356932525138,0.418878427937634
0.674,0.718343728094775,0.848428640598366,0.5944317104547
0.643,0.773195288309736,0.574095260513549,0.483029314374451
0.935,1.17060703424824,1.33265435000509,2.12167607738929
1.392,1.69784900189471,1.69124427484828,2.38577233280253
0.334,0.801996426856665,0.956062991347506,0.755414599094938
0.338,0.423426859404408,0.611513674355441,0.583451027559722
1.347,1.45192900099375,1.5054426992117,1.7914001742007
1.134,1.92246626659164,1.72214091424889,1.04180118860639
2.374,1.67673163100127,1.67803207505455,1.9231957398178
0.541,0.381645198269853,1.06432010341234,1.11797717561571
0.539,0.710982820699327,0.783532657246639,1.0940146525474
0.451,0.611640020983777,0.677616543180321,0.506564866197876
0.931,0.545760669974255,0.612254548429614,0.59781388453341
0.598,1.39644949945771,1.12506420187174,0.755702874922419
1.197,1.8226665577606,1.67495302235801,1.69380607645175
1.412,1.74837375065737,1.63336282186049,1.63853320176154
0.312,0.63777969582329,0.51878460561675,0.236439302787496
0.595,0.831243141083148,0.913226058910196,0.64599131212048
0.645,0.797283419465631,0.947036733157677,0.67843497383257
0.436,0.385374090224849,0.542592019342964,0.838080406428244
0.818,1.10770551019583,0.664494884425382,0.367854970813833
0.891,1.28628164700069,0.852596566379074,1.49386867830091
4.544,3.56179593247507,2.70348100503877,4.30687303478349
0.421,0.245152391803373,0.771059134974952,0.834894761225691
0.813,0.908730440653075,0.980141163415361,1.67398323699303
0.605,0.983597658567181,0.756488132747868,0.443444412928862
1.395,1.21883301867737,1.18140687887091,1.33172009576115
1.103,1.64353381370211,1.67400821634911,1.4989119194878
0.214,0.723370095519205,0.561473429536248,0.302826056666987
0.543,1.45452857943262,1.17561650608124,1.22860208714245
1.953,1.70739646017392,1.83201996698755,2.26554966269176
1.285,1.49391985703351,1.11555096943828,1.181858050542
0.641,0.576405913207808,1.50600695180539,2.83739540254746
1.207,1.42461550986076,1.42053974270844,1.24371521460676
0.741,1.17934049660794,1.2390937371819,1.47419494350118
0.741,1.0961413086073,1.26946972578771,1.06268993629225
0.87,1.2513142706008,1.13369010784801,1.0431117616829
0.663,1.04228749108305,1.17444050597961,0.654395130869799
2.45,2.27091562930172,2.22166228020241,1.96046642118951
1.233,1.48047106722776,1.25824072414481,1.22958511405459
2.075,1.80413046465853,1.74215287220941,1.6116692441976
0.737,0.980617748925078,0.772820637520376,1.23670992392679
0.66,0.779876641114769,0.878423727246504,0.997845015791403
1.791,1.24725018362812,1.11086064864139,1.31991034675825
0.346,0.549520595596547,0.569455130954625,0.539593034199413
0.553,1.00456997724302,0.853126254710772,1.46098833399784
1.413,1.44629915973187,1.59164538305555,1.30863141446957
0.488,1.15665508418034,1.24365338419264,1.13351105094946
1.412,1.2786307477968,1.54055250356796,1.32905176115786
1.166,2.10399334189731,1.74544038420186,0.910883223013451
0.45,0.506838886251034,1.02122193124858,0.562415420855198
0.422,0.583326729508276,0.620518688622042,0.508761893216742
1.918,1.59654347482111,1.74248737070899,1.64496408027417
1.326,1.40827677638664,1.38311678414448,0.80390912083394
0.427,0.643804872999746,0.801254131541,0.668291962810507
0.831,0.666210633092704,0.638294975897223,0.392646272863523
1.13,0.992466345303633,1.18519801564946,1.12475982391741
0.689,0.846086082490612,0.908264635416776,0.616635904863045
1.952,1.6441782780721,1.69933595594337,0.761774445160699
2,1.77252099744078,1.69071686732222,2.4136275574043
0.542,1.05639980274577,1.06526199676535,0.783373388308753
0.902,1.41445425974864,1.44994169281288,1.70977487329178
1.512,1.69410066776517,1.81463074425576,1.59126963975807
0.142,0.351152123193391,0.479714523171253,0.406118771766534
0.715,0.830239025346569,0.751019483572133,0.954963833212642
1.077,0.948657641054492,0.938271611484407,0.8413405181722
0.936,1.31984376861654,1.40871728868397,2.085231781813
0.995,1.68646387449261,1.95879111140324,1.32357952970182
0.628,1.49019973871833,1.31872629810128,1.5882800187623
0.382,0.235726349091406,0.854900375536206,1.47208851207597
1.425,1.02628443655508,0.820060694503928,1.19525720898856
1.159,0.93166198010069,1.08808690600834,1.28591887850789
1.492,1.8608175447266,2.34401226178772,2.03383207109051
0.389,0.742708422845723,0.643273583338875,0.488311297935703
2.13,3.13800087215521,2.86607998606872,5.90631456262227
0.53,0.73350797275146,0.717166279147877,0.712933129609713
0.719,0.983598038296126,1.10419169903785,0.670783427509845
2.291,2.22713418167081,2.09963309924744,1.99804659554209
1.768,1.68834193095096,1.6042134227779,1.53281006487112
1.465,1.66492687969944,1.86422292279107,1.39351359943099
0.339,0.685221280124786,0.813905684202934,0.377935652373223
1.008,1.12652572579147,1.44638185580766,0.913640117477968
1.801,1.59763431485275,1.63199099456519,1.98562053804784
0.583,1.52539101659665,1.83644676616745,1.20549837073941
0.451,0.47171286368184,0.614150848494115,0.339729174477264
1.776,1.10296117404441,1.37887834518529,0.940978173950381
1.379,1.1406234560027,1.36330220853282,1.70463762721333
0.295,0.412971221292705,0.532078113583757,0.650647041009275
0.34,0.719504218197687,0.694576343606121,0.42452439201334
1.277,1.69831853211018,1.78647230027705,1.03420805103159
0.691,0.776923044670158,0.969103265378319,0.835522685844729
1.161,1.75273589136989,2.01267631157903,2.41538242488995
1.723,1.45162867498233,1.66665822733205,2.2354904593088
0.68,1.38693730079632,1.37740468593718,1.38291048094799
0.822,0.824021332211112,0.683428596895632,0.618709956968442
1.329,1.11728241523376,1.13717223603683,1.32989075267762
0.824,0.816056251420164,1.5584251311703,0.721393463908654
0.508,0.63306744353439,0.775256184296096,0.305424877485193
1.167,1.48166867319941,1.70276620203072,0.968691054705923
1.186,1.05397964465753,1.33749941752126,0.735203381726302
1.045,1.74341998498318,1.6653333377951,1.72630434741658
2.36,2.53126837911597,2.57939563292908,2.50425036800956
1.137,1.62194399070606,1.56322881239467,1.48700895110309
0.825,0.916351830346981,0.936367983486983,0.548570358831642
0.659,1.41995967250255,1.12520554629454,2.26780647062634
3.42,1.04154445329337,1.71039640865141,2.2187047966247
0.683,0.636286126976578,0.913322733476199,0.710602689475774
1.125,0.857347063671297,0.764035577698864,0.839222506106779
1.071,1.43958299591817,1.51625688719815,1.48668533971143
0.607,1.10376757046483,0.919970913045651,1.49630302084031
1.245,1.00934528701995,1.50658465106712,2.23706352361492
1.02,1.09919409999475,1.22227546259458,1.06736391017314
1.43,1.65245339805095,1.73800001152331,1.55474634351029
1.009,1.39219961171935,1.48573486461169,0.818196162492331
0.567,1.22128395258842,1.1139834428758,1.31703846988001
1.376,1.73573512138785,1.70086194822166,1.58127542278181
1.547,1.59086764516726,1.24937448757313,1.0019776566688
0.428,0.758557401069626,0.606851756133427,0.752978765354846
0.488,0.612674535465872,0.62091839721555,1.08805398671624
0.699,1.00734345014507,1.04641946909201,0.811839615968071
2.513,1.62965664398957,1.10041734423367,1.51343820475346
1.142,1.63391170873386,1.5851709200171,1.39423253101785
0.623,0.818213130954074,0.957544645571711,1.06191017183203
1.126,1.0612036362478,0.991086761396973,0.931186754917716
1.467,1.10155033745255,0.989272089847574,0.973330771531733
2.167,2.23393731782903,2.17260432359188,1.02301037626797
1.546,1.59413561167559,1.78734115037715,1.88283097082805
2.63,2.68974799674004,2.22994607243119,2.19958312477367
0.279,0.584047115280461,0.612440590466606,0.719920402776915
1.058,1.01825711289571,1.32387853455154,1.93008093905519
2.152,1.76457546208829,1.7654463914104,1.40217811983832
1.009,1.02409299469831,1.57387886035538,1.29958912207557
0.977,1.86589760203299,1.50969364785936,1.99336268813445
1.642,2.23348999823912,2.42442407662397,1.51235514528286
1.156,1.66091952246393,1.05339720740569,2.2138524440549
1.206,1.40932035366904,1.5037268645284,2.59945457940999
2.7,1.96893298435585,2.02987228686594,2.14574990333718
0.764,0.696761983353325,0.954377429175894,0.773976626900128
0.749,0.703973307380032,0.647025457541327,0.926085021136636
0.573,1.74259473134739,1.35487301535396,1.28813871025938
1.172,1.78516402042357,2.10668644892864,3.51440622855683
3.116,1.87913614053785,2.27762089599821,1.1893055711819
0.977,1.23797524623355,1.52040176866516,1.53069009743371
0.708,0.774259173671979,0.724857435413724,0.642347475138926
1.046,1.80447051559906,1.55162829276739,3.49372258471396
2.3,1.9339568990549,1.73585699553172,1.93307916267603
1.297,1.61057056559728,1.73048019742865,1.55298392653712
1.105,1.54775533483044,1.52357536625295,1.62369605213662
0.406,1.25456704879076,0.916191322860885,1.00990520189293
3.607,2.03387578873902,1.88540606742838,2.42482448843756
0.317,0.440901649142356,0.623350964592333,0.405219168001809
0.372,0.653062179598923,0.589415011949894,0.331843870353342
4.292,2.29611180891038,2.29962302355165,2.65250906362287
2.21,1.98485375800985,1.8979951438545,3.20841523378122
2.04,1.87760912478114,1.81806403906893,2.49059766020358
0.989,2.80466787767774,2.41693256668651,5.20068954275443
1.148,0.831677577894912,0.748532323053983,0.496618233755199
1.981,1.83252549894155,1.97568572684581,1.19229975668835
2.131,2.39892364575608,2.2002615667692,2.19334802053862
2.536,2.01518695673855,1.64326980820512,1.36205440603542
6.068,3.24326632692226,3.23877718941083,5.14235060559503
4.6,2.42713858212163,2.5223664672138,4.21261874930626
0.597,0.711058945862046,0.702646256963368,0.629203576185775
1.388,1.68804346477033,1.67449750530704,2.17114674830264
0.483,0.600088172443581,0.598120545581827,0.546535946589797
1.606,2.36838892001637,2.19189344772259,1.71036274194296
2.42,2.40912519645853,1.96574721087827,2.25616156262577
1.175,1.9389864818712,1.95536473289441,3.82142582967536
0.71,1.02025029173767,1.06322339182082,0.462504271117885
2.7,2.09330112550909,1.98737617195931,1.50084390020579
1.3,1.14018420575369,1.16721290772977,0.574509114384121
0.326,0.527260086774239,0.588743515175368,0.85812011421649
0.832,0.898279914280406,1.09906165910583,0.763236065255791
0.454,0.362952358875979,0.587852422794861,0.582394978956705
1.192,1.26196335936966,1.09317662154877,0.689355353605153
2.6,1.37782672512156,1.62365282894173,1.7271916388826
3.47,2.16673927386644,1.98725509531404,1.91750483108469
0.445,0.799674240882916,0.584330127181641,0.525798463682449
4.613,4.17208041495458,3.6495791051939,4.00454895762819
1.539,1.76364112887591,1.74267102793386,1.63275101461959
2.385,2.21592972624651,2.14361886466803,2.08192600577107
1.252,1.29179361714094,2.84134196042398,3.47462294865652
0.639,1.38302668342115,1.37766949636828,0.655395646942624
0.829,1.25986026866908,1.59702788195466,2.02433869435149
2.691,2.47567366836157,2.34923214715034,4.60913858815341
2.5,2.63560385383226,2.57985165014141,3.69090891794481
1.302,1.85668473696285,1.87292363709018,1.99415923734455
0.57,1.12383505720656,0.879856811173894,1.92342879240895
0.609,1.31387045385343,0.819435080325813,0.782619376589019
1.975,2.60530295201079,2.79660826977077,10.8310672202408
2.11,1.80308184776296,2.01152230630872,2.275247327614
1.427,1.9605107302821,2.03135931995808,1.87619873978772
3.091,2.53950996104132,2.64222704855709,6.40111923882237
2.01,1.78343147527053,1.66207226250735,1.2562927737967
1.341,1.69896774198614,1.68984408951784,1.55505517711562
0.561,1.62458915980989,1.46590474441256,1.12370567393542
0.946,1.98245257232585,1.4834931194527,1.08175099395891
0.808,0.720607569951342,0.933538618422053,0.479534434078183
0.68,0.80184093934484,1.16740078860717,0.843373615622282
0.521,0.87911567345022,0.855382190160572,0.578984718795067
1.914,2.11792595717619,2.51103354896988,2.88015941674351
2.106,2.24624205426331,2.07738541920523,1.3822308771276
0.96,1.09252337194689,1.02409481938397,0.621750559050571
5.52,4.73471048143757,2.6863053870904,6.65334460288184
0.616,0.943324469288455,1.17955925131258,1.36792750053394
2.05,1.63408284552931,1.62691541812188,1.36143869064053
2.13,2.03313406381523,1.96484646787005,1.41454949710777
0.906,1.49121668859311,1.20226687159878,1.24796654100026
1.462,1.15428080092031,1.44154911240382,1.43576565943466
2.065,1.28800728207856,1.07908828994367,1.1413694201943
1.765,1.06696129844802,1.00275728554693,1.11065525758767
2.87,2.30482936788633,2.36064627677232,2.66568403505967
1.787,2.37457578080363,2.23479854275937,2.42067898907177
3.14,1.25763665074972,2.16759666164192,2.98802608067493
1.718,1.84839978844752,1.87665913160803,1.29664009454778
1.114,1.13408233485398,1.10062172686358,1.47764448944208
0.459,1.21102871802286,0.93670924307103,1.14288286877466
1.782,1.35349810826139,1.44785295108059,0.893710709145503
2.53,1.87741833677749,1.81186040013149,1.65411135691045
0.45,1.06516206297154,0.90958932242254,1.50491671550638
0.665,1.38182846814395,1.11756425987884,0.990835829403971
0.69,0.701676601084343,0.723210663702503,0.584093862876991
1.524,1.79543659012519,2.03235081685346,1.45954414261079
2.55,2.1132926392061,2.27854688490592,1.3429350856651
3.626,2.09841394195692,2.19843991817278,2.38481223591385
2.134,2.26669058106831,2.1823882145334,2.04322044993495
0.758,1.82938253723488,1.75282806934957,1.68228270862372
0.991,1.75777670956221,1.77329800533951,2.17502524600616
1.361,1.74010870939088,1.74988003853524,1.35964355823414
0.602,1.80575725746922,2.13601127237041,0.764196229038052
0.975,1.99585074063208,1.44967214716458,1.58309457083282
0.271,0.560765726025696,0.54096396119503,0.208837728045095
7.14,2.00762639588313,1.51039657732619,0.835646743141481
3.64,2.53346374766679,2.22763145825968,2.05038082952816
0.997,1.73232523704516,1.68335974466357,1.80278898976258
0.663,1.03143481624422,1.21660114700771,0.819709951934898
0.266,0.694782674793333,0.721807411793954,0.652305561848311
0.507,0.863002709320658,0.728741575589603,1.58691453858062
2.633,2.28510773661248,1.93933538110454,1.64137900443778
1.399,1.88188779254203,1.76710477391852,1.81755299772077
2.369,1.64711217951111,1.74813822594021,1.48135122883064
2.058,2.46890576670496,2.36739834419151,2.02773051300567
1.892,1.85412525437356,1.82899331754773,2.0215869123536
1.294,2.09371538541097,1.84196440303681,2.11967342002684
0.933,1.16275465281467,1.15194978506278,1.52299113924808
0.491,0.694637812543413,0.734612138412788,0.54679139318639
4.779,3.42596338060727,2.87908058167617,4.45357248582763
2.276,2.24646397221997,2.01081188855212,2.559901853115
1.572,1.83423403137607,2.00700235424164,2.49799755857785
1.365,1.9691206080702,1.8331316737164,1.7366575094196
1.262,2.30040810059352,2.2397747951913,3.2775234457609
1.202,1.02866558769974,1.23110906038424,1.16958851353941
2.845,2.51606892134512,2.12243721122495,2.70963083366404
3.66,2.68972836247098,3.04537079146928,4.58579435784874
2.135,1.8703716084106,1.84937615319741,1.65432836439085
2.623,2.40235204937041,2.02165425137406,1.54940783881379
2.081,1.94249331694713,2.11360657870101,2.09890875854871
0.713,1.54317231902161,2.08469781424992,1.92456243136932
2.077,2.0170016874204,2.04983308697962,1.90055937338177
1.324,1.91015835455132,1.811321276796,1.90331132255866
0.498,1.22754037851744,0.785990544826821,1.47741393727947
1.577,1.47057687896329,1.19226011876525,1.17714773743596
1.367,2.21845015003718,1.88024702177219,8.57917874516048
0.808,1.25518819013756,1.37301048497075,1.35084295727481
2.071,2.06522773851616,2.31634677255571,1.84393650283862
2.23,1.79732673272778,1.96878288848394,1.80995189048925
2.25,2.2042838435123,2.14810297394067,2.22675835496131
0.536,1.10487101173486,0.975508159432164,0.779539855427372
0.8,0.949780980600714,1.2085539552876,0.99297931974483
0.445,3.23082451492615,2.0008786209114,1.3850588041969
0.468,3.48356028565981,2.2812403088287,1.77890172566246
2.088,2.47494691353214,2.2847115198463,3.39356934136611
1.195,1.72115151123115,1.78290454335885,1.51063749239376
0.652,1.54313948768061,1.00816953772356,1.96025081493189
1.297,1.20971394772728,1.41959570441343,0.842407144046148
1.296,1.63426664222641,1.63617245600497,1.51055178955072
2.31,2.19847660157323,2.13184224446485,1.89804919054695
1.613,1.65030497758257,1.64678941984992,1.69820228566948
1.828,2.28138625528907,2.24852640715958,2.22292788155158
0.946,1.56288561834846,1.2458877594923,1.29753607011386
1.325,1.42000940829942,1.15199011982832,1.11638913824503
0.931,1.81587455763295,1.47905499927748,1.29050665017995
0.687,1.91005220478515,1.59818597842281,1.23482727248236
1.994,1.7851355654885,1.94703542133438,1.73183365572874
2.182,2.00784889981673,1.86889197516027,1.79377827676665
2.515,1.58318862046388,1.60584124554259,1.57165845846546
1.346,1.8262687938036,1.8616269703975,2.1794950198876
0.401,0.917090084173324,0.842770886013218,0.597142690040032
2.984,3.14545251157415,3.498882561191,2.27312806116255
1.404,1.5737617504134,1.73584550060174,1.28609949070474
2.304,2.31394143061843,2.74757428641598,1.95533450504875
1.873,1.73846071286584,1.99433603645235,2.33520118208916
1.785,2.14673400516839,2.07859877934282,1.83564157471607
1.913,2.07727437780566,1.99168046510343,1.56558396856832
1.516,1.72351585026704,1.77080895287933,1.72880457471361
3.369,1.51726395102872,1.3982507326801,1.59651134461565
1.525,1.89418243719157,1.73085418161584,1.52443788316751
1.638,2.41685262861981,2.27515126202499,2.34622291644412
1.338,1.3432201653728,1.41686404677599,1.14231777710915
1.417,2.85115067255875,3.28162194788813,1.57921076924746
1.846,2.09369510873285,2.18946427978207,1.69084124609289
1.528,2.42691230868997,2.35384625860509,1.90623559433797
1.106,1.5677539736867,1.35706802037913,1.86151992028568
0.626,2.08617993255433,3.34451387761788,9.80915132995536
0.416,0.699882269990335,0.725118528148191,0.771734000275077
1.571,1.60478253373267,1.89744419488134,1.51840185490581
1.602,2.35409619504402,2.29769773449813,1.97692200905732
1.605,2.02204646491411,1.9600233738083,2.36337816716887
2.701,2.32553785582023,2.9277828145498,2.25362998491452
1.253,1.8682205609206,1.30607097200459,1.90629264613447
2.16,2.05791227934523,2.07085785396398,1.30287662108375
1.082,1.55441598773999,1.35089215589122,0.925017843357861
1.83,1.80622717306256,1.93331948819333,1.65910423020377
1.704,1.96626384927506,1.96926155218011,1.9951368948729
0.616,0.840373078554008,0.758234814256488,0.527228305626878
1.838,0.809662954349572,0.888693370768711,0.84229372383829
1.41,2.80496120885704,2.25512102371984,3.88351871074161
2.603,1.93831820070509,1.97565752877369,1.87747350709541
0.815,1.05162091190525,1.71252653005675,1.38677224065155
1.924,2.75810078310757,2.37293743537173,1.75955209342879
1.693,1.95864172984981,1.90826270363784,1.99317968434691
1.365,1.59723682131447,1.7920925131163,2.00830660997906
4.05,2.17267517804226,2.36458203377541,3.08816855953547
0.692,1.29358032063611,1.24764868967526,1.17880274973213
2.03,2.21032303369773,2.17491352988963,1.68944232858524
1.691,1.54279449818968,1.81185969775174,1.86859611820788
1.622,2.52869432935564,2.36007321579312,1.92984171146388
2.378,1.54978503373943,2.17360403251638,3.37498034528563
1.396,1.54803935709784,1.66030500870403,1.43691618255487
1.144,1.40935298546942,1.99585553182901,0.778298683907294
6.96,3.41396131254238,3.15838074772136,11.9060752376738
1.216,2.27520257286272,1.73469472710946,0.947801989385236
1.44,2.48962018036207,2.35939163298501,1.95297933495452
2.012,2.87229673141913,2.78751853216686,2.48048229799448
1.615,2.15517234895474,1.78824589712889,1.6429403961238
3.16,2.27825188636541,1.71150628127383,2.33998930508686
1.321,1.96840308276402,2.14502391503515,2.16008468725676
1.301,1.59380591498306,1.97819631322201,2.13757036944775
0.751,1.22260081953034,1.10838903491038,0.530214074463168
0.398,2.34026838058746,2.08295478262313,3.48530936021981
2.68,2.85653072287756,2.11110697025061,1.94515832113248
2.932,2.55478852764939,3.06121521974473,3.20280438501063
1.608,1.56784065956592,1.59164885965097,1.29757384390716
1.822,1.88901931496854,1.94867163674013,2.23170137214063
3.101,2.482649980037,2.53839907841018,2.74304257533744
1.604,3.94325696116609,3.18848975329535,1.17557117621247
1.102,1.07053401369261,1.06628328856588,0.748339724712438
2.277,2.3401782015791,2.47151438814252,1.39857620612236
1.657,2.06776498902369,1.97323607834481,2.55293821677822
1.388,1.52792359005817,1.57161835878062,1.65056336262409
1.737,1.84851587016463,1.94550770073515,1.43864960150133
1.74,1.58983541233394,1.66405571640842,2.09126991812143
1.876,1.91986159465808,2.10005553330222,2.051822498557
1.501,1.50495645390782,1.9498046867905,1.81563550786026
1.851,2.03685758167275,1.93323238420895,2.23451997189299
0.966,2.19875110618275,1.72542464683861,2.44969252521164
1.669,1.8587710540208,1.84711833407852,2.16969325250553
1.506,1.50128158799694,1.60547383953261,1.57670930225237
1.394,1.79217158038244,1.76515497553885,2.03612267460008
1.212,1.33476079416181,1.21081867268174,1.03782801321963
1.662,1.66001930488892,1.78986792270049,1.91374640037997
2.38,1.97434063449665,1.96415574738774,1.07490235461251
2.61,1.90480658869667,1.66984496175064,1.79041932086317
0.716,1.83517538301988,0.800927734511258,1.00072574449143
1.276,2.60087581887942,2.27134310512102,2.80067467865453
0.604,1.40208200013213,1.95958841022827,1.86304480728217
2.291,2.27982953965817,2.23219337010627,2.37856487752069
1.44,1.59017815448061,1.55168746953439,1.25563117019372
2.294,2.31096510143044,2.28948975182112,2.33311292692264
0.969,1.05880596206881,0.999987592519809,0.75596897366948
1.648,3.14785745042188,2.92282909534872,2.2546623866066
0.957,1.44886788642822,1.21530857362797,0.798581250558469
1.437,1.60317922284534,1.77999543872816,1.68691928278015
1.252,1.66736156462081,1.62285896598543,2.55478841089497
2.14,2.2177404977305,2.01223706391031,1.74297146035448
2.192,1.73370779100527,1.99315285159362,1.64815338804332
7.37,2.51504799834068,2.3045037239387,2.23956495647602
1.625,1.65710451066666,1.72422300788462,1.93369285557866
1.426,1.90227687205067,2.01048072521494,1.80231390717028
1.469,2.15141972442405,2.275985911849,3.48044982647816
1.717,2.16521785454775,2.32590081968987,4.51019934075108
1.312,1.83063420107836,1.94173941548108,1.26838139800421
1.526,1.80368643189073,1.67752087713324,1.47697663631325
1.594,2.38849599136774,2.0617462165596,2.22356132621597
1.709,2.44686647727151,2.28532679676223,1.89642862818649
1.636,1.66843285049104,1.64337484034274,1.81629341545544
1.57,1.35958912546392,1.46239299313006,1.15606983908154
1.559,3.20635692460188,2.21209606837761,1.46660578925018
2.073,2.02034644108598,1.9228651335655,2.05646096025847
1.785,1.90850586831109,1.84890720401482,1.62314054765362
1.809,1.89274555942213,1.75562393108389,1.35477926747916
1.939,2.2113204906899,2.02520025459823,1.72564483805899
2.85,2.47498363731002,2.88339718293433,3.42515762036152
1.666,1.67738159448334,1.69045928822691,1.51734748709795
0.61,3.02755619844102,2.44816591777213,1.84325650943029
1.741,2.26984186681569,2.28123788809615,2.70659149886786
1.638,1.49119323340943,1.5561279221371,1.24727150942715
1.968,2.41081791919357,2.37875848922217,2.26789824080894
2.2,2.26226507351895,1.9782439254478,1.843233347389
1.71,1.83376684705856,2.14281266105809,2.18294598586419
0.726,1.26927116272026,1.30179922903524,1.50860974034279
1.534,1.86381675805721,1.81411307584843,1.85482348394245
1.119,1.88480000491994,1.89303449853392,1.68848641702904
2.102,1.66236728511911,1.93048977269003,1.84246457170055
1.868,2.01355507082893,1.87054044535027,2.6206406716792
1.723,2.43324834852768,2.25891222574522,2.20971432641981
1.49,2.8284847323991,2.51980818010335,1.93088342441427
1.673,2.40240772822758,2.36119201649653,8.46302008716386
0.887,0.927821371628312,0.692400463826615,0.62473055296513
1.664,1.58885245114493,1.59910096648609,1.47980960511118
1.216,1.63453913381619,1.6873089770074,2.01133630425828
0.588,3.73296463980442,2.60787986007859,1.174084343272
2.02,2.02085977519434,2.04848540027784,2.05003701792044
1.834,2.02340547391655,1.96278765757113,2.26417180716105
2.284,1.67330321787053,1.49904631724643,1.47615191732203
4.83,2.8270329030007,2.10454828508278,1.85391828975647
1.359,2.22779333465111,2.44330482846901,2.68522722657119
3.633,1.96749157947766,1.46657198164038,2.87618493984784
5.804,3.60131974919938,2.47903217062234,1.91916163924106
5.026,2.85511940148554,2.48441935646051,2.09814466269014
0.455,1.15481715608293,1.01179872076981,1.12795830838292
1.575,1.51996676287433,1.51436314219998,1.72380229389031
1.432,1.19031957925914,1.57382460604843,1.76716660948929
2.644,1.9388516286975,1.65017816834846,1.88641096331779
3.198,2.47702326161704,3.01526081344726,5.13504368979617
2.235,1.48074570008199,1.90780293243469,2.16053146746353
2.144,2.69733113415725,3.01804818319783,2.64151642812553
1.426,2.75140241126984,1.84883450924649,2.22549829327288
1.047,2.15987778080245,3.72293225132852,5.26345293751469
0.872,1.14275553066198,0.905807214362508,1.7880443600649
1.497,1.79366689178529,1.87870529822999,1.34263109415173
1.877,1.68101608694593,1.78105559669058,1.73162879046915
1.738,3.42731202026397,2.75812538888368,2.15564688668593
1.85,1.63612277257191,2.11354187587501,2.89034356541913
0.874,2.55890769013518,1.55403879471592,1.50029586579196
2.26,2.48296442515329,2.07523543229861,2.36012314573435
1.553,1.94223122971646,1.92270056782944,1.86908170646131
5.03,6.80284709402172,5.12120939158938,5.91463304099962
1.882,1.63494608354257,1.66394651958471,2.45631780579376
3.652,2.41072258223791,2.22771585533189,2.28805148193546
2.31,2.82202426479869,2.35671639848271,2.23886984563537
1.917,2.00479653250663,1.94216389731461,1.4707663762809
1.819,2.49028531147463,2.19027685271615,2.35155069114491
4.098,3.28268285996545,2.93108363436783,3.82675688136821
0.3,1.13203494345877,1.47879072189148,2.19817873587281
1.514,2.54290354042427,3.15379797645469,1.18314892760782
0.418,2.71249604240612,2.05940482407659,2.35007978122193
1.811,2.37614179673566,2.22259154847251,2.98838962566321
1.843,1.53957910819951,1.49220625279408,2.72626283148906
0.575,2.72096760847949,4.27515368472561,8.6611796991851
2.069,1.71016432454793,2.01613119850177,2.30192093561677
1.655,1.72326211520496,1.76581917446811,1.99773654722927
1.658,2.0014773890402,2.01697878721224,1.55901148926619
1.352,1.55546482432797,1.86994811059725,1.36149263763922
0.73,0.818144760079707,0.768918687268525,0.762399392180344
2.194,2.32066623018119,2.21060234829596,3.33451853841752
2.074,2.884502432199,2.0168928718122,2.23682159032952
2.48,2.532055984278,2.31280302240766,2.36484452940034
1.955,2.1294645819171,1.96999764255087,1.68571046782991
1.103,1.10780389549914,1.25674271552671,1.72437906725492
2.347,1.41018863344147,1.66291650107092,0.749643033644979
1.041,2.59652937308124,1.96077103811643,1.30650606825127
1.131,0.952859356691528,0.698042184191521,0.614839970205152
4.181,4.2251242406506,2.71184125402382,2.39832708107332
1.489,1.48668163542818,2.07982637022246,2.21990925695103
1.974,1.79620081514504,1.92359326785322,1.93429233860855
3.97,1.9215021445713,1.46089442243972,0.780927463551517
5.26,3.63468646513327,3.07046560349653,14.4174968252018
3.56,1.79802664663822,1.41327534877669,2.22419434809782
0.821,2.85742875958057,2.30139079328507,1.7036629631316
2.201,1.59303340988535,1.6342786709802,1.94331491413426
4.12,4.2188108145871,3.69732255684217,3.79284025153672
2.587,2.02695637605073,1.93257768556486,2.11064500227979
2.69,2.45114107343684,3.00938726970219,4.89823728051221
1.431,1.74190652306827,1.54797025425564,0.998065560133133
4.213,2.35294857911197,3.12344772098326,6.77217975499764
2.092,2.31102081672223,2.1274892685739,3.0619350056003
1.285,2.90940196194777,2.26311653305886,2.1221452834676
1.753,1.96650363082566,2.23113333404886,1.35185259894603
1.611,1.43025927724792,1.91623021410696,3.04041586267249
2.26,2.60862588043812,2.43404411869,2.45243413791867
0.853,1.42365252331739,1.27934127660714,1.43411402381791
2.03,2.36761229007816,2.32165875703391,1.67221227731398
1.856,1.77063465289948,1.95404169655953,1.72329762140329
2.15,4.11912494563994,3.2048001524905,1.41345956516527
2.49,3.15059658134174,2.50354833132874,3.11632014641421
1.853,2.13975543420515,2.19430534967497,1.44560300434556
1.583,2.04146726524903,1.99116024680893,1.66113570328774
0.896,0.584880555183893,0.931896437034667,0.977787756172327
2.37,1.97079231821984,1.69606469353138,1.65510167743069
1.807,2.75385679304496,2.43154867078258,2.04464205720484
0.597,1.47251794827,1.60845163359065,1.09476661688078
2.13,2.85421434097701,2.96714364032794,1.30218531163902
1.916,1.78645214549435,1.95619450236108,2.05220441741333
1.367,2.24265417114766,2.33345543158611,3.54283879772985
1.725,2.45750206568843,2.17282323867909,1.44803219851151
1.578,1.59667234244258,1.78897698847228,2.08079673902475
3.54,2.47772640713714,1.96705592806849,2.2438207033366
3.89,2.76272505434721,1.73492487169776,2.01721386659818
2.074,3.4322742364762,3.00227040405805,5.18633444170654
2.06,1.92718542119672,1.88371391997306,1.49134278535032
1.169,1.22429535280075,1.36629536580604,1.41013206646071
1.583,1.75306536923711,1.58044361337518,1.1579598289239
3.18,2.50523649579545,2.13101063413505,1.93956175596291
1.575,1.49332927147029,1.52303084301074,1.03826480062597
1.498,1.86783247573589,2.21584078643037,2.16218105159285
2.33,1.71358077729203,1.71900634695008,1.19148882922902
2.344,2.4933631870473,2.13019564487376,1.92013208177437
2.263,1.63278426915928,1.53323699594751,1.60766694568078
1.972,1.85346216628069,1.81409334097854,1.25593520163017
2.013,1.73597876314295,1.77988789251602,1.46937473895105
1.677,2.16437013402171,1.81105139107893,1.60205810350918
1.592,2.81202751197301,2.61433407441855,2.59749799946589
3.38,3.02302899553812,3.40684942312395,1.31667332641006
1.383,1.47770318293504,1.69842976670797,1.37229296424636
1.537,1.98886573358792,1.81785363217547,1.79636070833274
0.367,0.330617443872995,0.644274857361249,0.28042394387415
0.365,0.634670219830331,0.583516080437315,0.383664277893413
4.83,3.13420426540719,2.79195718634856,4.11050052170009
1.739,2.46200902060038,2.23828754921906,2.37964001735933
2.173,2.00461945383794,1.81675179851833,1.25433769274274
1.733,2.44238574300505,2.05601501332924,1.41677783783319
1.352,1.56516499614973,1.56077545398011,1.04628392149617
0.644,0.730396170831711,0.588984763228311,0.756839195837133
1.606,1.8657776770402,1.91592699451762,1.28988146682828
1.53,1.93182714789059,1.80489882227831,1.94551692966738
1.376,1.46896716159073,1.5551798407828,1.18587314295848
2.878,2.22978911984519,2.57931628576893,2.61771082921108
1.116,1.31254542362338,1.20603527549758,1.56687359403032
2.272,5.22577772750173,3.09404703080875,21.2733872604078
1.507,0.974388793314818,1.09221137706977,0.741931763017915
3.45,2.96178228341953,2.68612259921831,3.26001599202549
1.143,1.62220658722384,1.59839913553669,1.45953521069289
1.526,2.97935745673548,2.43142257193167,2.14002326980638
4.387,2.4765694564209,2.08035070927472,1.89526494804404
3.36,2.16223951496857,1.32723753812948,1.86164733711278
1.295,1.31907989798953,1.39455426702241,1.28536152629976
1.49,2.82253862676527,2.43936513916289,2.59397622111724
3.706,2.17705830319693,2.22098585594838,2.7275163821605
1.74,2.70547790222178,2.39591737869043,2.08946469637298
2.17,2.08004906012741,1.92019314747139,2.25935331879273
1.678,2.15082584514229,2.01152745213917,1.66558938859429
1.361,2.76692458944549,2.19478457509827,1.55055902860895
1.658,2.17929415734608,2.5977234460174,2.06771739809441
0.389,0.837102726379584,0.677034200381283,1.0377374451922
2.071,2.09195779925372,2.01172580112502,2.19145110364614
3.985,1.92355374697108,1.56111186573898,1.24866555584644
1.384,1.84827974785917,1.95658182948565,1.52266448425515
1.653,1.65010482970059,1.64137012963527,1.1144901443636
2.521,2.03862397823892,1.99824550543303,1.61571394492414
1.878,1.746568217432,1.55305138454502,1.71377626100135
0.554,0.612467161962444,0.627722544576711,0.621135717151241
1.865,1.93588240669261,1.63202271641738,1.18725525671212
1.585,2.20422335916254,2.18235123508109,1.46848750681041
1.555,1.81887839391991,1.70466642496549,2.1672879329564
1.802,1.88125969636122,1.75452069270659,1.85073393005268
2.416,2.24265477786706,2.0972408836501,2.75288049990133
1.239,1.60990297111795,1.82214828547903,3.1602826828244
1.916,1.85377996919805,1.85980861380869,2.14886480112453
1.707,1.96226540125946,1.80710435045006,1.43432955743513
0.999,1.27857951630109,1.35238058964803,0.859920490489075
4.679,2.59846759842645,2.84980668414058,2.50748627481825
1.703,1.99944708678541,2.00756359955186,1.98112548197847
2.34,2.15896500683532,1.95409707751123,2.05344992861817
2.772,1.51524544205524,1.48201434665025,1.34332475485121
24.7,2.54497928341512,3.27487694850075,8.01914538223506
1.507,1.64358389256097,1.58144065021154,1.40241204268347
3.531,2.79636961988466,2.5156027509281,4.0353628562616
0.928,0.586504570662686,0.628447669413444,0.224808773026142
1.391,1.64288609544589,1.61013503531356,1.8310389883981
2.28,2.17624787547399,2.38827868493011,2.17115897869962
1.858,2.19269854106399,2.11216918602075,2.55747221608594
1.149,1.43129799396148,1.51939556474906,1.40929816670602
1.35,2.12563087706026,1.90759379662299,1.59452725460514
1.532,1.63117730960836,1.71888429704156,1.45706149419054
2.136,2.34389952116556,2.11643979189795,2.20709654391488
1.862,1.94847896767363,1.96973293704387,1.50115204157672
2.112,1.85736693151774,1.73861886992466,2.19526922902459
2.341,1.87548055217601,1.90000812466913,2.6459741725028
1.387,1.52412212267447,0.969627380892113,0.457745905354217
1.9,1.02513296257462,1.36210351685911,1.2654984816113
1.733,1.46630149946346,1.29991762734658,1.6120002126818
1.029,0.881055053184199,0.903569646966563,1.35628864254499
2.1,2.35985428909688,2.15688974579327,2.25614538418204
0.543,0.720491977424168,0.665678178111512,0.952111997550382
0.985,0.881840832436667,0.663944246504236,0.656578710921477
2.082,1.56558361037735,1.79979885854225,1.16430914940331
0.273,0.374373857188616,0.671268197123235,0.952817067314504
0.461,0.71707491436773,0.838467769559835,0.693581783632497
0.832,1.08922618683957,1.23278876419313,2.41031480408847
0.552,0.901286844619829,0.771029217663741,0.505154434182677
2.295,1.78393957770853,1.78011414929872,1.66889875556399
1.386,1.45304072114129,1.77546390207927,1.35975125437967
0.706,1.22489576724919,1.00491949284211,0.648833730615554
0.544,0.711939313087084,0.757064000867571,0.521551726088564
1.567,1.01301391133307,1.09248089640333,1.47753945529034
2.311,0.894045263586702,0.902435181601237,0.613062044568647
1.308,1.45216185311274,1.56223676692116,1.7834056204215
1.638,1.43808235633465,1.78726637098326,1.87079379094932
1.028,1.12840689485592,1.3345260358211,0.836486238772446
1.532,1.13708586592359,1.17856417600747,0.931112438826194
2.686,2.09141392051041,1.85630309582307,1.64935861410295
2.655,2.51607726881317,2.62195135879197,6.02807096128839
1.645,3.30337061558492,2.48163389156129,1.84655923453495
0.816,1.63134099147017,1.24999365631487,1.64794089727316
1.587,1.73900631729563,1.55761371950877,2.22066752151665
1.621,1.70469977436719,2.16370412566861,4.64074309108344
1.272,1.70311061377475,1.87299521661353,0.920325983970815
1.931,1.57262604767757,1.65481904536043,1.27612844605714
2.473,2.18476454441584,1.92028527026442,4.11675474198938
1.893,1.58326292626373,1.36546130053451,1.38385757356189
2.05,1.51356424737161,1.52760415184698,1.50489810187867
3.42,1.92599115920789,2.05143739549819,2.24423985639936
1.462,1.46100332854237,1.70478585671508,1.24185041202314
2.477,2.04305451091951,2.23842796653778,1.67764464309685
1.365,2.11317529858167,2.15685650243161,3.37271208765759
1.916,1.64526651354069,1.67748122142795,1.57948172011537
1.408,1.66364560314998,1.79906763993724,2.37874055221972
2.08,1.37474352386523,1.53405977465799,1.49541772996669
3.115,3.27680988232621,2.77125813090558,3.52357004074584
3.431,3.45574098145842,3.51523624604589,2.93888414643014
1.683,1.81422410686752,1.67359703099385,1.44252673591908
1.966,2.59227269861744,2.22101132804067,2.08194625535172
1.023,0.667407745542631,0.556064942482572,0.434983415354369
2.33,2.10813129596011,2.514428595431,1.29637277590416
0.774,0.740538319305421,0.946867429121062,0.479105203697145
5.3,2.22664774674013,1.86805496627148,2.89634794147852
2.434,2.04438778563829,1.92389736863292,1.11128009660804
1.553,1.68436649617317,1.81195141895936,1.73978588347478
1.703,1.74027976751522,1.60499325240719,1.01087438520271
1.157,1.44877463982751,1.40438460521248,1.57142334770673
1.415,1.69625252557734,1.80680705406,1.57658531305275
1.924,2.00870625986603,1.86668359460053,1.36565519163061
1.666,1.60448288007537,1.76513736388912,1.31919543194705
1.598,1.85031481905689,1.95534359376882,1.22375504303369
1.886,2.05997625856671,1.98280268051195,2.00233499698714
1.384,1.43532195307331,1.82625275402479,1.53252186845962
0.552,0.801662894622801,0.835815714081125,1.09544783643135
1.846,1.75076248964391,1.92016531138609,2.01861532612086
1.721,2.25991657463388,1.98474121235552,1.44535738216517
25.4,2.92967670896081,2.45290275143849,1.14934971176453
1.765,1.7899393088069,1.81165307525812,2.20302685273198
2.464,2.56617647028072,2.69675605438839,4.46946547763786
1.274,1.51054552757715,1.81654132388349,1.70906610576541
1.414,1.50417702800069,1.63088574631004,0.937496158097806
22.8,2.51871948753263,1.75837606671058,1.62080208424513
2.2,1.9015602409446,2.02542358016944,1.30438753410896
1.636,1.74505237188812,1.88756893478224,1.69738470005724
2.67,2.72087637572325,2.17164076783882,2.27226217709617
6.55,2.0200881346439,1.85548234890265,1.70502648435205
1.742,1.64333777096607,1.7350598551797,1.2789421461515
7.25,2.43119016897885,3.34508828966537,1.84123905103188
1.924,1.70697295980677,1.69639218168616,0.971690873311035
2.21,1.88610128812039,1.9147436252021,1.62357592182992
1.422,1.62827655427692,1.5703465368591,1.4966269109491
1.465,1.41236542835014,1.75896778999137,2.17295600955945
1.414,1.84237546151754,1.85241268455472,2.21907141520152
2.526,1.55948897159328,1.66690641499891,1.66234360035518
1.591,1.39738969882586,1.59596216711047,1.40170116597988
2.418,2.22382489655316,2.08377178117968,2.45274657903795
1.574,1.76080388863808,1.91891600010841,1.72890830156924
1.687,1.68851848036395,1.67641868660868,2.03879719996844
1.7,1.67781971509777,1.68636542031525,1.47920810432825
4.037,1.79167445515277,1.6041466535951,0.911247293364596
1.748,1.50284383180076,1.6091841550295,1.17863832350129
1.75,1.56799876506553,1.75593828295828,1.75317713416186
1.38,2.03426911325397,2.31374616439292,1.87207551922594
1.483,1.67242193303781,1.86204955592983,1.86168924918856
1.867,1.77586211122565,1.78062525975302,2.34264722183492
1.522,1.4986182303876,1.6924299487209,2.00314253873745
23.466,2.20063423282562,2.70740024390832,2.46406931853631
2.582,1.85661720786922,1.95562641268851,1.77037847547831
1.492,1.52694630456409,1.83049202080662,2.75763412685992
2.06,1.94236224494643,1.91825951987917,2.04850138677006
2.51,2.25081833377756,2.31139684212797,1.88651448763737
2.07,1.93401816234877,2.0263685671852,1.97423473127413
1.877,1.73410889648163,1.76646850847033,1.25881575227749
1.561,1.49216391030919,1.68712993671413,2.11954425057518
2.24,2.11684887116312,2.12795327848621,2.56728949620257
1.704,1.93377703722705,1.87674879843097,2.23846590048428
1.972,1.59046220114243,1.72707509653153,1.7026247374166
1.561,1.27730869341554,1.72544434077604,1.41737851183333
27.766,5.09618954442164,4.99058089682049,30.607318495586
2.01,1.51501863126068,1.80450521185589,1.2656375271115
1.98,1.91679964206615,3.4369032044262,2.66463773552865
2.188,1.72453376752479,1.83743639035546,1.4729380535249
3.34,3.06293633950826,3.27082483241983,8.11408442713973
3.799,1.85494392896024,1.89852517148258,1.53869970329015
25.31,7.30542145749395,5.48810565345169,31.0631425707296
0.608,0.599116590473725,0.714443838170236,0.518438587276607
17.74,3.20078899426811,2.86369687534244,12.588199919895
2.049,1.69913848619926,1.77115166562654,1.38630899171804
1.443,1.60284462532313,1.7872099432415,3.91375026813949
1.979,1.76497780577195,1.71859378147796,2.07474525453809
2.23,2.49170172076146,2.7669905862872,4.21549658935285
2.365,2.12947665719965,2.927429675237,1.99885456784777
24.4,6.8391553246057,5.50644238104178,41.5224236840328
2.31,2.03298534016708,1.93340089848969,1.94220402955513
2.084,1.71292246602209,1.90315858345474,1.43217792299935
0.475,0.814295986089454,0.920227062691777,1.0197142519636
17.552,2.98943031121516,3.34784871129512,3.28587099834937
1.114,1.54340991607903,1.777701951996,3.22016134592206
23.6,7.30318901288605,6.69922230423764,84.5678540639842
1.433,1.75552013600139,1.91319195737812,2.12690585535522
2.73,1.98458346738244,1.8820630796283,2.36456852844444
1.395,1.52533426733875,1.18326616796988,0.912998951691008
0.958,1.0303178500658,0.982953666618269,0.984954715666369
0.802,1.12928042949014,0.995921024575254,0.850566712734739
26.64,2.36811969142052,3.07956395966585,5.65090354173614
1.187,1.40997130222083,1.89921865050257,2.41497519743104
2.49,1.70081039268036,2.05252451130048,1.83727977044744
1.821,3.19221347075132,3.03426811561694,1.04566411794436
1.109,1.24856536450187,1.01224201473279,1.03081204175962
7.273,3.50773367812458,3.29574008870076,2.80307130005141
2.06,1.75008992849077,1.93722717913154,1.22932726589877
1.62,1.56325580978925,1.59865519029157,2.38127604311517
14.634,2.53464625875406,2.57292390831524,2.17335724004022
1.307,1.46657897920612,1.57141706368111,1.18834749344833
2.819,1.88125138704217,1.80656705146471,2.12173752241242
1.155,0.843988167237661,0.677592315328395,0.937408023416791
1.284,1.54015032758385,1.5891003671593,1.51592521303552
8.37,4.33794622882193,5.22921007183146,13.7429627861326
2.747,1.97858586356586,2.09839990922485,2.70353135010974
1.661,1.7003422387381,2.01622786756067,1.48930882755077
1.541,2.00491332098524,2.04207576641301,1.31388444747524
1.658,1.64559770053897,1.70250164747229,1.66476456408222
2.068,1.93918339973301,2.21051003704569,2.74313329471285
2.393,1.9419720245833,1.81834230141166,2.65643225640966
24.3,4.86346814372029,4.64120143418771,5.53766329342918
2.426,2.27860914087747,2.02529030679044,3.23666044891142
2.31,2.08088362552899,2.01056531748468,2.11764818665631
0.951,0.974119385654678,1.03103437029059,0.398645460300782
1.48,0.965520503163245,0.936495526092356,0.635659220739279
2.58,2.02074207322182,1.80301108488602,1.38510420985049
1.467,2.38199096832664,2.15226298551674,2.58848501116595
1.619,1.87670100712155,2.06390410605984,1.5365527135289
1.818,1.72393688411174,1.62591708770379,1.82120253406331
1.701,1.70283057194726,1.80678038924414,2.63452319763861
2.051,1.92333834852988,1.82485692990212,1.27828108644618
23.6,5.1247085971855,4.06972960321087,7.49940774501781
1.487,1.60253155644454,1.83551519541945,1.41895712911755
2.161,1.46588744751498,1.64820816202655,1.39119287233984
1.607,1.90869536431529,1.96959541988668,2.45459334363633
1.987,1.97979707151659,2.06489773678155,1.46511908843682
2.238,2.05569466179069,2.1400898870851,1.8548868161369
1.519,1.43077661999562,1.68815739817114,1.66679026273733
2.359,4.88009426236491,2.82286778078392,1.57660505932412
22,1.87305941079616,2.09773501158839,6.19141592690429
1.904,1.87332786648728,1.98072732416984,1.91922338483185
1.575,1.80974725195517,1.90888787328205,2.01909429785222
1.886,1.9910451756666,2.2405697284162,2.13282953959114
1.723,2.29727762006009,2.1733571340284,1.47840531362179
1.64,2.12786424035132,1.90492449119963,1.9718699112569
1.401,1.37074907534126,1.53128167511569,1.45954189147965
1.356,1.7440596851367,1.76538362183228,2.2019383867506
1.629,1.3625941073278,1.56300506128048,1.37389136584045
3.439,1.83845947342655,1.72406483074957,2.18243442440337
2.312,2.23443289363331,2.14970290897804,2.01376336657629
1.594,1.66293887842199,1.82846390068641,2.29067422264504
1.516,2.1732971351471,1.92948760927901,1.30156132929896
4.712,3.90763165703855,2.45116676189423,1.90746186748382
2.16,1.84575177909194,1.927333757868,1.7690261482242
1.656,1.90837476534831,1.73761852887714,0.800197196495231
2.381,1.85136635025606,2.1980272375652,1.39139885439692
3.495,1.62499497709396,1.62121117208416,1.3064524996746
1.292,0.918696282864019,1.12786152917838,0.783445919292208
6.713,4.2665509347678,3.52831440250824,3.10243527035046
1.498,2.08431644363239,1.80650729278778,1.30972191101316
1.831,1.92895534813442,1.87719509663219,1.44876179752511
1.728,4.03633133944647,1.97799327723622,2.37396907110965
1.612,1.68456168498562,1.65090321794137,1.41525245897376
1.963,1.83574721047953,1.84179834267313,1.7771974765689
2.32,1.6839334598611,1.69047744724932,1.19253530094547
23.4,2.59783290148109,2.39720682359261,2.42419369865342
2.123,2.0052623401087,2.00891403875644,1.6423758394332
0.758,1.57180046504885,1.4667467824557,2.56337334832878
1.573,2.14625428569325,1.9810420280353,1.55934777114823
1.432,2.21337130773946,3.31250001976269,3.82172600416677
5.483,4.0501778422447,2.92293417714897,1.26702999353211
2.5,2.13750999418932,2.98869484921733,1.07831185533738
2.794,1.77777816317987,2.06999896611588,2.27862643883321
23,3.18646762114413,3.25841831064472,3.32123321434531
1.446,1.87213982670719,1.89078755439909,2.71968191714308
1.698,2.5281206199566,2.44599316392223,1.3187505740503
1.424,1.96921988849938,2.18421339776181,1.70372340114536
3.305,2.69449351621694,2.23433846374454,2.39540331534786
1.515,1.23100918244659,1.61677211913972,1.19143967540218
3.497,2.89157995000431,2.72280236662706,2.98095439193398
2.009,1.83408929464767,1.87068640107557,1.57920586947667
1.358,1.16539980027952,1.32510782466139,1.1110769016591
1.158,2.14707935602471,2.20970484508933,1.6722380347501
1.629,2.10259361729578,2.02227283101784,1.21021242188729
1.438,1.62737761457225,1.72869890289504,1.66092888078827
1.339,2.32654309499109,1.97299009128421,2.60942569513485
1.231,1.72826579027788,2.08611889024947,1.77925203668923
1.4,2.1740330080636,2.12445010108185,2.83388678191181
1.71,2.74919072195869,2.48487786249467,1.83681307385491
1.637,1.6394878697788,1.73294673061198,1.73295362010207
1.582,1.60691189718041,1.97942663804742,1.60593757851774
1.842,2.11437820898967,2.66502378894192,7.58919418818862
1.561,2.41384399065719,2.13234545372323,1.17939467130133
2.08,2.15781097236668,2.000848383065,2.33938060951511
1.707,2.48540402836054,2.21108072681469,2.66013737751436
1.561,1.7667756331268,1.77385156212096,1.71252755895722
1.84,2.0825504755477,1.98191426588515,1.96531097846595
1.703,1.62045342065758,1.73026205373612,1.43118515612081
1.718,1.39770111974816,1.44899993537637,1.24819136623505
1.352,4.01019573844642,1.73015923715585,4.87602411656214
1.86,1.69872816624507,1.71435205121327,1.56420349341376
1.394,1.86909215824078,1.8525177991395,2.08675267563224
4.253,2.1984165537109,2.22956745516911,2.2552426935849
2.846,1.79901140328267,1.89005280094305,2.58109345305388
2.75,1.74904003593305,1.70116795458261,1.26364514150534
1.832,4.68427736896622,6.51994192899105,34.153447035043
23.3,2.33371806034757,2.69107599113645,1.86948835716598
1.64,1.84196042622343,1.79822109764788,1.53286310075242
22.5,2.57185051643216,2.92958535377047,4.12095253627315
1.324,1.40540512587708,1.57937136160984,3.61119336714302
26.678,6.44879227068366,6.93763342020407,18.3278706348144
0.789,1.87138496308044,1.49904766991084,1.5667236707597
1.438,1.4833093874216,1.63765344514954,1.38735750742567
1.537,1.72309309312922,2.12818821642033,1.25918387234556
1.355,1.66041189907189,1.77459267663234,2.06707875535236
2.56,2.76391094494886,2.79987707232427,2.84904810436206
1.704,1.78407741955226,1.67630562872566,1.42619468532508
1.716,2.14882588047048,2.21361232036005,2.59988583396873
1.399,1.4668898247098,1.52695140473663,2.44959668141896
2.164,1.88681041574294,1.72640183410938,1.76001552486774
1.248,1.18388070530459,1.38330905759498,2.38452715845697
1.832,2.07168548305254,1.88563119838489,1.59796441077169
2.153,2.31335831263725,2.17547543172353,1.86220651632508
1.652,2.18358147793463,1.98506022997442,1.36922035507898
1.545,1.38390538860256,1.75065773824018,1.4257945111441
1.441,1.45006685022143,1.65119059479782,2.2017473246525
1.596,1.23011040009273,1.50897462774956,1.25043728429942
1.888,1.47556070338645,1.56778688417667,2.06202219508913
1.451,1.84791988500625,1.71407551119365,1.72134311038707
1.311,1.56992987578802,1.90621286656318,2.08603302521038
7.189,3.16267693462464,3.05092494586072,1.25830687103553
1.424,1.76079063609305,1.79869646744828,1.84405457196103
9.585,3.11624763089657,3.26390152292113,2.93218110080231
1.747,1.88292466153879,1.80779002056676,2.69701900330235
1.711,1.81824217565455,1.8917300911166,1.78865138176135
1.907,1.81976979861467,1.86394522125198,1.37864949078777
1.806,2.09369894501001,1.95564828671247,2.1056320104233
1.868,1.9021484051733,1.89168610668082,1.78178054303325
1.599,1.44509615615741,1.60959655129682,1.28623159414611
1.255,1.40383018599333,1.641789230451,1.35496476751177
1.55,1.71946593149819,2.0588915484881,1.38953927133929
1.609,1.32442755371696,1.50940042395283,1.29153596197677
25.3,2.93154264010078,3.65783270378232,10.5803647513088
1.406,1.5372680405356,1.58869067401908,1.00167329504772
1.805,1.83340785042132,1.87701634641521,2.21507289434324
1.256,2.44634975246043,2.649352362211,1.95249573550545
1.692,2.04535824080969,1.81443616854526,1.52992588904467
1.198,1.62931476033826,1.81436939857264,1.39137836616092
1.646,1.87319080474909,1.81413082628429,1.10962846375489
1.307,1.66677013184004,1.8907509403033,1.25776227314721
1.563,1.82438249490539,2.25107864056776,1.47838097134603
1.706,1.64945585071703,1.81645612173559,2.10671955730556
1.881,1.71762959412424,1.61575589544012,1.34442316538775
2.175,1.6952270032439,1.96168418788435,1.20303200120183
3.21,2.71279119142076,2.13520737637741,0.799503861732979
2.026,2.15569359960381,2.11766002591293,1.878714850944
1.473,2.31986304079375,2.12408683148033,2.36905316557067
4.49,3.39844592391134,2.65041228577535,1.36999794876142
1.359,1.18771060144176,1.61827870160501,0.892255973701767
1.808,1.89151308121053,1.82474351645472,1.4529350445407
2.008,2.14406174274631,2.16654215674132,2.22076047719292
1.619,1.84846708471675,2.05172371216029,1.76414545168136
1.697,1.58204037023471,1.9562018490951,3.35837578541015
1.303,1.06738439816163,1.31773959977831,1.89441887350898
1.651,1.83272233568151,1.91688348279653,1.91779382104616
2.4,1.8006477366708,2.00546412352411,1.6998860203678
1.574,1.37252392348489,1.57804071356143,1.45043529192823
1.917,1.99537944803612,2.06258324195643,1.10790815993006
1.554,1.83157985864032,1.91155248186604,1.87615622014067
1.714,2.19256334707927,1.86345443498034,1.79445188196193
0.586,7.75829811632725,1.4420060030441,1.9925519793082
2.376,1.86610168968881,1.77065005572495,2.04000807118211
1.533,1.41576638361369,1.69863035948496,2.29315757072344
1.398,1.59459232069674,1.75143620033178,1.6997671024726
0.994,1.07878849840303,1.25907699074649,0.916950538382226
1.67,1.77944773523372,1.92995164675984,1.58295463508712
2.985,2.63541300662662,2.08966910900738,1.97342119533921
1.518,1.47162453848522,1.64791962892335,1.8353071784204
1.897,2.57106165273448,2.5679407129601,1.37603654457669
1.374,1.38779582717706,1.56096198060765,2.05115596785513
1.988,2.21907282239842,1.95774913440753,1.12234450397245
5.306,2.51263158934575,2.64889561940287,1.60795315816524
2.011,2.01054781079068,1.89299686729725,2.08702395278543
1.509,1.485710295473,1.64851137185959,3.46722262375208
1.903,1.43744412264101,1.56276885357455,1.67200843516334
2.23,1.80879583869016,1.75316824840258,1.73520578735827
1.388,1.2491431144236,1.52648162105269,2.00953512047484
1.856,2.47789972726849,2.05515197383516,0.961392134002275
1.608,1.91958996695939,1.86416183614124,2.0953195263217
1.23,2.50526755505746,1.38755803635962,6.7987640282549
1.241,1.44964998591603,1.56608017504748,1.87497195582275
1.569,1.95558058939762,1.94134188962255,1.95008543153804
1.296,1.51970050147068,1.90262336285807,1.99945960972325
1.54,1.41336495840435,1.62086710881163,1.11231291425248
1.459,1.35536642713449,1.65977087839287,1.75382353016624
1.614,1.67585885905912,2.01407216629985,1.62915652123654
1.367,1.36589089311774,1.48816899004401,1.64309483427493
2.305,2.06982056142046,1.88005631621333,4.26054514187015
1.393,1.9085380306244,2.36312643448715,2.20320490286603
4.135,6.46689110021919,4.03710779864845,5.83233815899868
1.434,1.87550521057459,1.80538112506119,1.5421459624196
5.69,2.23141509992466,1.9315870260547,4.28874175919265
5.685,2.53035902325833,2.18570330231535,2.97422982900796
1.55,3.10316360177245,2.01354341453462,1.20418448768544
3.088,2.08620325130991,2.78572786975402,2.55299049450086
3.47,1.86335510137625,1.6610170673742,2.34734941540998
1.638,3.35795030722239,3.13974387565073,7.8419203020542
2.676,2.50827642456981,3.1613295971588,0.853396334206853
1.792,1.88860591622916,1.80281864977582,1.6625003868679
1.982,1.75912922572068,1.97977657421684,3.14381153984443
3.642,1.87301020057733,2.42310600859006,2.15619889343696
1.601,3.15505194313117,3.26836191114266,2.15166477307497
1.596,2.47272707297495,2.80598467418648,2.57525539618088
1.768,3.07011967584337,1.95568689981272,0.732881424676542
1.484,1.67208576163583,1.81783795936404,1.64461472995131
1.388,1.7735403823974,1.94077012401929,1.81488771771512
2.502,2.6252440107978,2.71655744085889,5.22298293108702
1.712,2.17296919534241,1.86781450448075,1.91029830628897
1.651,1.94674813590499,1.78310241986659,1.49086142227097
1.731,1.77756670957383,1.95157560874121,1.49159369268933
1.443,1.57913344932434,1.81191891643478,1.89167139466838
1.441,1.33459364771721,1.72125451525704,2.53305680511807
1.473,1.92949184073365,1.75636238842778,1.27134930582456
1.823,2.3234232262723,2.20726194251749,2.13887094717891
1.57,1.45996690506632,1.80249781944886,0.954656702900969
1.397,2.31095948040963,2.39950606798671,2.33505047222294
1.352,1.53623986064504,1.64884895616495,1.44710725021308
1.592,2.11663601663528,1.8544305752296,1.6457543611434
0.584,0.671548702736483,0.926956371702991,0.619379770892444
1.485,1.60433516533129,1.80136350379393,1.57627857970477
0.984,0.961969162970084,1.2277118619942,0.876114943474434
0.447,0.934802662724729,0.861947357143729,0.413254507071863
1.411,1.55992029119327,1.71343446011967,1.30022761233278
1.492,1.43448712762568,1.56480374248829,1.4951944332555
1.471,1.70251112141213,1.57252001150273,2.1272850512362
3.11,3.40701955315799,2.99349004321692,4.00975808813549
0.383,0.609602918732704,0.609798614615997,0.469999337604693
1.461,1.49635458423784,1.52155671968555,1.20416884128286
0.832,1.42970642310614,1.46345913750522,1.32412465946893
1.539,2.45722064912283,2.59500982828658,1.897591211956
1.514,1.52360856976618,1.7331872515382,1.92713122246308
1.676,2.12016793030219,1.85210326476181,2.38627479146284
0.66,0.79325429229447,1.08288154811794,1.24615426931573
1.883,1.74011616440443,1.83949123901677,1.4155104492232
1.584,1.82644851520651,1.81395895286072,1.92189053864187
0.426,0.449628881688778,0.432035488303937,0.38037657425732
1.5,1.475175769757,1.81333774270797,1.72581197753054
2.483,2.58049698267327,2.07876082596629,2.22797190806132
2.43,2.19937636760923,2.49805175270168,2.29453312335862
1.503,1.7264735608881,1.94561305394131,1.27854031929293
2.309,3.06240463638462,2.92631300751397,2.31627835480445
1.492,1.53245261266347,1.51398100681714,3.0530503427988
1.19,1.68523108207206,1.82355028299851,5.50606140511353
0.529,0.713872194035197,0.896428285651407,0.780107087671471
1.689,1.62178053514215,1.91679580091823,3.20777769222506
0.657,0.702568524236327,1.05504555101534,0.885182573817702
0.562,0.817388847776099,1.28988917175732,0.536783331200638
1.746,2.34358990898741,2.11419615826759,1.38603279884788
1.103,1.1838771274515,1.19492480676186,1.51879486785134
1.387,1.47433836248021,1.59206560811027,1.4060008623277
1.316,1.72477944586421,1.97455652544082,1.95805197917645
1.711,1.50040559141827,1.77448557247745,2.09438093983871
1.038,0.591571600187263,1.73513283437678,1.24601162823211
0.627,1.35309417442478,1.40575095877398,1.81990549155267
1.521,1.38830843815227,1.60950380468107,1.19635007339199
1.225,0.922688607738257,0.754468034590753,0.52252383057726
0.6,0.484135970495327,0.847223986960612,0.711884238701549
1.434,1.78081821201462,2.03635800752443,2.73465256650342
2.342,2.09449575802106,1.66459848791316,1.41476322311398
0.991,0.858693543974902,0.712163904823887,0.758230907455235
1.072,1.61557284052523,0.936212155861676,0.684291998849835
2.639,1.30737525695209,1.35018625700812,3.72276323215472
0.486,1.05081246189051,1.14047350175854,1.16529244304476
2.702,1.41850669320856,1.24780973062817,1.15490782593626
1.662,1.35104591804473,1.42051780733805,2.67057925464908
2.495,2.0322655754048,1.79608966543655,2.83403460326243
1.945,2.09273650786809,1.98153309396278,1.53508495260069
0.988,0.740587371299279,0.912803680115681,0.629748164226357
1.536,0.721792178539718,1.14349078420411,0.508736814137335
1.315,1.43211407805679,1.56954987762023,1.38926987859077
2.127,1.31473534628025,1.09621277834711,0.889436282392463
1.126,1.58872285555337,1.57997801865084,2.33935783612842
0.559,0.656272427231576,0.559350159450831,0.361894007947471
0.809,1.48174906121862,1.39021901208957,1.58206830314299
0.909,1.63037259395207,1.35337088596214,2.14837057201008
0.803,0.936818341504247,1.01173657443445,0.762778149031265
1.75,1.96193181780514,1.66627824256369,1.87936183225134
1.183,0.983266197277525,0.877146523008503,1.23592489789565
0.368,0.755067528427938,0.781147375782956,0.383507795647581
1.391,1.50517519328754,1.58390799331135,1.24107852897488
1.482,1.88195701786173,1.66165704118144,0.939014152422461
3.284,1.28832012921663,1.20610173540928,1.03296624671945
1.259,0.683000935920216,0.860385433220511,1.06199466466202
0.896,0.816576755315742,0.814673295603494,0.580343962283897
1.693,1.16771561518156,0.853125934970202,1.34475411109466
1.498,1.39392759782491,1.12459892258202,1.14739858727396
0.726,0.909942485636918,0.988621676427149,0.557830974584147
2.221,1.90229840196949,2.1830524661576,2.2543246709741
2.003,1.17720259761778,1.34961177018714,1.10764627282358
0.634,0.73310733016869,0.798661140464666,0.390134045739358
4.834,1.35779600908036,1.40622786749982,1.41081186570926
0.849,1.06900643212879,0.824861054319288,0.537775035926326
1.067,1.11743479006128,1.54735010661222,0.595099715065645
1.584,1.74805962502233,1.72604410750608,1.05055667268581
1.286,0.640800280801802,0.600182803087609,0.76641963417902
0.474,0.767115964752061,1.46970707122257,0.657183832304471
1.954,1.10134607282841,0.624582502476339,0.500330632132339
1.67,1.39814341273605,1.64151353807162,1.66872983526279
0.337,0.604731540437797,1.14698212251029,0.630230905968392
0.533,0.855951869192573,1.20789665678394,0.93316450762849
0.855,1.09904004356307,1.1675477827153,1.85382924037251
3.21,1.45106045433679,1.26168293002315,1.01030817142688
1.035,0.850750477066466,0.953414234567989,0.897814159389657
0.372,0.617038879612051,0.9907459048286,0.497393899816362
0.365,0.295872640302114,0.650807535468494,0.277229306665645
0.481,0.804885422922469,0.656777702748515,0.308043784613329
0.635,0.849640853504662,0.882085106082513,0.8129751183287
0.773,1.13115824599685,1.13974877309818,1.79800126699017
2.08,1.55037301522487,1.74657181617953,2.24927355977018
0.254,0.565529140121174,0.6885855242136,0.319707800668018
2.85,2.44391071875464,2.41863982025866,2.67601379466621
0.251,0.483944064908437,0.861730767282949,0.651262538757555
0.304,0.543777113903498,0.862338222064895,0.357822696388192
0.945,0.957907850081686,0.823218349358603,0.804700837071971
1.481,0.811804143232335,0.909090149849814,0.7230578792065
2.708,0.838568522343227,1.22372420067264,0.86376116776253
0.552,1.07450028929387,1.30946816593375,1.16123911432181
0.586,1.34906246560913,1.4594531570187,1.34464889195543
0.947,1.38004254146812,1.37894238654258,1.03532240131447
2.043,2.35291296431223,2.20403277093377,1.12612647839366
1.641,2.47698665968771,2.63319074174739,2.11732213062885
2.575,4.73385482651583,3.13529876811631,2.24664431160489
1.831,2.27977834500651,2.27280795897579,0.776342497614233
27.324,3.46473807030268,2.73559470239839,3.57125736476339
3.05,2.74519208184279,2.52082289783538,2.08978647033385
2.76,2.2602093334986,2.25766846242758,2.30194306640362
2.86,1.93403018758649,2.15618084248778,2.89355653213622
8.88,2.02944992835414,2.13759316398281,2.38759737298332
3.224,2.39660862309788,2.48025871591351,2.83287952164105
1.952,1.7929119612892,1.724947454252,2.37628092745633
3.689,2.44731527229917,2.40773267772164,7.18122011284741
1.958,2.34859779246909,2.43875797071444,1.76529924508904
2.38,2.78059762098269,2.37845033965131,1.88797945752988
2.73,2.77994019284488,3.45344723416119,2.7500189321988
3.16,2.78899031237748,2.26741197699747,3.47262255131443
7.96,3.23031106247238,2.75596908683312,2.95063103384756
1.641,2.38478703320535,1.93419625073386,1.54838151862952
11.7,2.90479210087216,2.38644935595245,1.76490901915238
3.806,3.19417454328967,2.9593604042096,2.20478663235417
2.93,2.31219953367655,2.03984118445579,2.20278328187124
2.439,2.7671611577448,2.80962388773954,2.23058149999139
2.44,2.38009483675544,2.413784913955,1.54206122100995
2.055,1.62741572025212,2.32874526054902,1.94856432929754
3.16,2.9479538088839,2.68933744892799,3.74019664199275
2.274,1.68939380062505,2.07082767475842,3.20692503327425
3.826,1.20473476101523,1.60173005321808,1.8245110018996
1.015,1.27687960971713,1.13195327062778,1.19841567738989
0.898,2.09504389883029,1.91579051382723,1.84756327350795
1.991,1.88151624016395,1.81539856686967,1.94763816554285
2.02,2.31273598547368,2.69159414893382,1.76085899290103
2.94,2.44342909517045,2.21545440268755,2.57121842153348
2.165,2.31276681874605,2.13747363188576,2.55277495091567
1.853,2.12494017664866,2.24501211847992,2.74212002550879
2.08,6.44463982523283,3.90893864777834,2.72995905684508
2.982,2.14873400036512,2.00342105691561,2.10694177057608
1.735,2.06947065181794,2.27587630185121,1.55191615969758
0.606,1.03797630540945,1.68826313230897,0.665861065755069
0.834,2.33171568338765,1.8890435657441,2.06679067616798
2.563,2.31406465536507,2.2846046750258,3.34288773086497
1.753,1.93025822514658,2.12433699621378,1.20376630961337
0.555,2.17423448303675,2.73422097399338,2.01909782349751
1.588,2.07772664140505,1.91301963947502,1.43533289908647
1.496,1.84738830244274,1.71609441778698,5.3177115875103
2.364,2.4315020359378,2.60762367389788,2.04424319376344
3.08,2.34384227817185,2.64330267367208,1.7957608227422
1.726,1.8832863877304,2.00559913509721,1.64827110469067
4.36,4.7033172654669,3.89893203238256,2.73249303581162
2.45,2.98282512101883,2.25820060316117,2.9107080824961
1.913,1.9540245123158,2.19508628859285,3.90846473936739
1.629,2.00293643429978,1.88919963594497,1.95450726765545
16.5,5.21153662778159,3.80355643688554,3.68408625205784
2.52,2.37753584751836,1.90522492479269,1.69957097046819
1.622,1.14957563606805,1.37638103617555,0.675442257414941
4.39,2.86951351005323,3.22448884934861,2.32743307195387
1.676,1.68621586941828,1.77709950377144,1.3633722181619
1.728,1.92658767478695,1.91229153500834,1.69569389049344
2.22,2.36646285309642,2.49182278746244,1.99010038273977
2.07,2.14771955270696,2.0509557833083,1.99356379767624
2.575,4.76863965734562,3.10636057921729,3.52145772958429
2.326,2.43544483806297,2.34230738320959,0.830632013897494
2.11,2.92707222466675,2.56275460682684,3.23750579139029
1.862,2.0374648430061,1.98004500719742,2.29509745041303
0.584,2.16311309121481,2.0188366361175,2.22538592762355
1.499,2.27164098540256,2.07656460990449,1.81553884917785
0.33,2.22693962516283,2.14035808531997,2.02767397477448
2.939,2.24677946652211,2.47637538633459,2.13990808339203
1.59,1.70208553129501,1.74309163654534,1.24387844459779
1.369,1.50695904498308,1.55941700826726,1.19221828738101
2.19,1.88488493377432,2.9078207756239,3.96807373034066
1.82,1.65688471903267,1.91078748319338,1.64713552384858
6.01,3.31916442022958,4.53038294758563,17.0333303270641
1.373,1.45916116888733,1.57148578933344,1.23025722588124
2.38,3.80228649330726,3.13834910482209,3.63437620789384
1.685,1.78454727339383,2.20198489043308,2.07836539404883
3.54,2.65125682711606,2.42345911698843,3.15077946655776
6.918,3.79286396210775,3.36133828207269,4.57658005089662
0.711,1.36412985831842,2.49970763952532,2.11766332717684
4.821,4.62543855852529,2.64036318318947,3.83620013771575
1.308,1.69004559376736,1.86640597708768,1.5563065740706
2.85,2.66916893129143,1.94973051140576,1.66255063101674
1.658,1.7706945766724,1.52962975881431,1.73706681199311
1.796,1.7651749317508,1.86483114550179,2.2848098648312
4.975,2.82553430564826,2.66928255759263,5.47475195493013
1.844,2.5803435157491,2.91234092892523,2.96082197023602
1.324,2.85369348776818,2.77903432299944,9.67066811365137
2.056,2.38197222497889,2.10005565200567,2.74294045046366
1.584,1.61348837717481,1.73612900810397,1.87514837817613
1.118,1.41981071510997,1.4656794233468,2.05513826672836
1.117,1.53823577146271,1.05614351929349,0.832794746796076
1.057,1.64270827215127,1.70793237467496,1.41877741054255
1.765,2.23065114609671,2.21020810202684,1.35557025457331
2.01,1.86311872505514,1.95662256749323,2.00894857768285
1.471,1.60010032089609,1.83658318815169,1.80769806197407
2.858,2.53881663010011,2.17077686171067,1.53014085123699
0.78,0.90999330834756,1.005935220097,0.666940685478462
1.379,2.15124433499627,2.04147019929113,2.81239604965903
2.645,1.94253889705518,1.87794842780975,1.91302610581254
9.07,2.12265334488477,2.31472999782821,1.71560218172103
1.835,1.67305156453527,1.75283550171898,0.852846661009834
1.722,1.9039282019629,1.83938975358583,1.79647462184237
2.571,2.21938300426798,2.60250713968445,1.47696847285346
1.191,1.19967015439174,1.31164131536764,1.55027892647167
1.573,1.92994051561308,2.39376474132163,6.70760019693018
1.888,2.15475404461877,2.11375392105765,1.65148916126703
1.728,1.95494590139208,2.0248077310352,1.36942492621104
24.08,3.12530403753117,3.24275706974496,3.81503952812059
4.748,2.55043700943172,2.19081150958434,1.27312053271072
1.642,2.09547553452252,2.26538865089233,1.81409369894296
1.562,1.76551172543233,1.8826494295699,1.39793832513289
1.575,1.81638107369196,1.62949341167693,1.85719282518591
2.577,3.84631928362916,3.00992504963621,4.09335245419363
2.905,3.67264515317331,4.3227735027297,4.09540232364619
2.553,2.19061424850047,2.25462403074852,3.20921893250409
2.66,2.23086315853007,2.22259807798214,2.65982263212373
3.338,2.80771308874094,2.49562246644767,1.41622729196252
1.564,2.13895565345281,2.34557103861075,1.57863117039672
1.987,2.23334952251921,2.59453626586207,1.7842225204042
1.678,1.74103593008993,1.92571656408882,1.5380824888601
1.589,2.3363225888012,2.73984267474127,2.80968708880967
26.504,3.02622002846513,3.32582092334701,5.28057305772458
3.16,1.73892876042558,1.73293654932149,1.51766933532918
3.5,2.22836370496174,1.97660974450742,1.31547266026898
1.681,2.8864680041012,2.59021482146576,1.94465439014368
4.535,2.81977627185847,2.2026640793026,1.54589404253102
3.06,3.13415527031988,2.50752809348628,1.88998724547166
8.182,3.8997600275407,2.35762779699827,3.69979160406977
1.983,2.21232743655238,2.36570435173455,2.00947627842733
2.888,2.76708459400616,2.720283348813,2.58695525794408
1.492,2.74477281602544,2.32942540846055,3.11204145189983
1.557,1.55561441188808,1.60307948198799,0.923345365145156
2.16,2.25462417711236,2.58277777166111,2.80536135185008
2.191,2.55920249093004,2.37268514073652,2.54325461198547
2.22,3.31019063495867,2.8238791556503,2.04053139376778
1.418,3.06276862871951,2.40433698928322,4.50687366102783
1.131,1.73093510454992,1.51480144174617,1.30827836322626
1.115,1.34430774152101,1.76089467666774,1.18269885112853
3.422,2.47267890653427,2.9571053511991,4.58953896768991
0.758,1.09555171886196,1.12329972806335,0.710677367673595
1.599,2.02022006998149,2.49745085678257,2.80730309586652
2.04,2.01965554946936,2.36201889326449,5.05536586199261
2.219,1.41189574906093,1.23236012100905,1.32199680782783
0.371,0.736989585382402,0.869694495521501,0.548149335591656
0.953,1.07989154690839,1.01890576234885,0.8490925730962
0.873,2.12171013897855,1.73932862737108,1.85464555117103
0.949,1.01608236092155,1.27503599358632,0.999842523309316
1.383,1.27676582395198,1.54017128203056,0.659396309465876
2.01,1.69148743453579,1.70978378555864,1.37826122015756
1.673,2.53085211621289,2.47559537496548,3.11934397496052
0.906,1.02976036843561,0.946365900869076,1.865126500301
2.662,3.12081644316585,4.16225047103051,3.48354234342119
1.502,1.96862469497923,2.34973228067844,1.59844203762037
1.916,1.82277460532049,1.91417611418146,2.15938614315956
2.343,3.09757767301197,4.01206948943068,3.6942766726408
2.38,1.48589688973943,1.39871949894024,2.06958894234718
1.3,1.97173649826449,1.99063110773282,2.70987364323959
1.391,2.47006252075689,3.2208948152316,3.84621743187705
5.497,2.72655580615604,2.79581018947267,4.83653465648784
1.505,2.16391402851638,2.33842615345386,2.04942021647005
2.69,2.09250351602264,1.85756030923018,1.37823861194983
1.28,1.6548501177289,1.43726740551865,0.922882800944315
1.71,2.64562789884044,2.23999951234096,2.82211435840766
1.444,2.23688873749333,2.67032105116383,2.67807211368953
1.553,1.49409943504549,1.58842689268114,1.18903249492351
1.545,2.28176895201504,1.64250017755235,1.36787271947995
2.06,1.57559731048576,1.51267472081733,1.50567755724574
4.324,1.17328050684657,1.45237918544479,1.3490467890341
16.38,2.69650588931937,2.74379942457745,2.19036686000759
3.604,2.27611213747722,2.40741120123604,2.03619359425132
2.99,2.52993669728296,3.164073166509,4.40975866460719
2.237,2.36513354604373,2.33972223637659,3.38345116157674
1.249,1.24321170304534,1.5158434563904,0.954312277765512
1.774,2.40631825992459,2.47726513262503,2.57127791713776
1.772,2.10932157965591,2.33038696386455,2.12880126268595
1.628,3.20070365278414,3.2299734805177,3.33846147350826
1.445,1.73773985118956,1.74435015905553,1.19194982731505
2.21,2.04480608718621,1.92076113496649,1.30129166558536
1.457,1.64395173926663,1.73561828228026,1.74264826654838
1.723,2.94221970577934,3.29372431977444,1.65945283450946
2.137,2.38878810998855,1.91970882095544,1.75812842001687
1.523,2.96602997407315,3.16240215137706,4.05703313375171
1.704,2.48450621878945,2.60913842735327,2.08308945073381
3.352,1.48270306761198,1.5884250430513,1.02354858712852
2.08,2.26010242033983,2.2345255705147,1.02287939504198
1.691,2.25090280241011,2.50731761399845,5.6807276190993
2.073,1.25656366667011,1.47244784741632,1.31811608359924
1.901,2.09386239304484,2.26598611858789,1.83862729638717
1.977,2.14761096419982,2.22582894211099,2.30571817971026
1.619,2.35230012744309,2.17858816843756,1.28904050681008
1.622,1.97875043058346,1.70749395663886,1.42078468576062
1.508,3.51511661338852,3.80742358731086,10.9646553757324
2.09,1.47197341498341,1.94081233942685,1.61382380522211
7.153,2.74960440705971,3.87065543578947,6.68509279882169
1.422,1.83741410813074,1.62210786292376,2.08595876830586
1.37,3.55529935936188,2.92704931081801,1.98214051272571
1.454,1.78750571490498,1.85399704698787,2.61426481643991
1.624,1.91118114343656,2.11066208756263,1.93075279554664
2.159,1.67180940038323,2.05663572982496,2.21602164917806
2.51,2.35628959634046,2.73248997693842,0.985946496473668
1.672,2.24156776306062,2.54458427569654,3.11197762180709
1.578,2.55905414808406,2.89580277725704,3.46276820840649
1.311,1.55816347840338,1.52002170668405,1.13245475466346
1.551,2.68468589249931,2.69345570926677,2.84777438478617
1.598,2.00085649488143,2.17953418469684,1.50127954516029
1.663,2.17305875706227,2.67372292916776,1.85187482043957
1.512,2.54878508822974,2.49835518441976,4.03705693819599
1.755,1.77301436234789,1.78563213774548,1.94802243963401
1.876,2.35080226747852,2.92390578557575,2.0924390213377
1.828,1.84819159507178,1.73567022602172,1.56573475084382
2.07,2.52594826313847,2.74117247139417,3.72901726191955
1.738,2.76086155511721,3.98390117477958,6.45567715681345
1.176,1.22944039776309,1.42925142664622,1.64160409268438
0.956,1.58991445371325,1.6709081309458,1.18874090377873
1.744,2.19987563107498,2.01186539191505,2.21606903514899
2.82,2.87612737757799,2.97853917399072,1.42834922012525
1.344,2.05411506924092,2.74351923473506,2.37366148850042
1.673,1.91077758847117,2.43328436782788,2.84043855313211
0.94,1.07455945372737,1.5611964661199,0.723917939915356
2.452,2.28608271382966,2.18657688862109,2.28651816345845
0.52,0.995151176114858,0.871809466600617,1.06711877041549
2.025,2.44667856536794,3.48641738916905,5.25871210093314
5.943,2.04518123523777,2.26181680953938,2.12270625411022
1.953,1.90976454688986,2.44248091096292,2.86304242324121
2.053,3.31241746457559,3.46742163973948,5.71112957286842
1.74,2.31785521731979,2.08103224097829,1.90713421767431
1.821,2.19394086831351,2.5700857569957,2.05582459642058
1.735,2.2610804638161,2.19970804131602,2.80444497697439
0.631,1.27696839822523,1.13212991746213,1.54073701832902
1.52,1.92818112294307,2.25965988515646,2.33874634187957
2.88,2.34381956628348,1.92718032403511,1.45330008667256
10.042,3.04714954637984,3.40845087120253,2.51120780944838
2.27,2.21524028698963,2.23900679130445,2.25505510562896
2.36,2.46170299719768,2.78425903101912,2.3476616669752
1.461,1.74128434019164,2.12499692241655,4.61474171049994
1.613,1.92502275132116,1.71965687942407,2.04789589917251
2.05,1.91466632792157,1.86155114649659,1.11375939322962
0.757,1.73080543999097,1.34918729633165,0.776302032730703
1.289,1.94667870553289,1.75465539498112,3.16446565811314
2.771,2.73273152496945,2.75368128788568,2.38746296143664
0.539,0.396678140455575,0.879099221906786,0.683838663116287
3.919,2.19886403029888,2.26645341973195,2.19743222651533
1.865,2.49534113175665,3.46619527785263,3.35016957616113
1.515,1.94079417058977,1.94614257237156,1.59809836086971
0.463,0.539550750076622,0.756240791680101,0.550208390797462
1.651,2.30723990055174,2.12160216049276,2.74404696845108
1.828,2.20751229284838,2.49994344895512,2.32751470499605
1.468,1.26478325803209,1.90686654936412,1.46613034159697
2.12,1.87480562726557,1.87240995653712,1.58830175449821
1.604,3.23994880260147,3.18982800247152,4.29450456667756
0.987,1.50123933933332,1.39017487036304,1.03219700331553
1.781,1.72460888363317,2.16048758582953,1.95656087753197
1.471,2.6030531084596,3.09115094647023,2.41255677286433
2.247,1.30641409856815,1.27717364863054,3.04360879745479
1.974,2.42029591534956,3.05875248474784,7.67246958209806
2.541,1.85757002145237,1.87017333557814,2.92248023202406
2.151,2.28316727756486,2.69364967142346,2.06343495020207
1.432,1.66734729555359,1.85371223391345,1.90120890210872
2.258,2.3956265918974,2.76027296195396,2.52648221240562
2.229,3.97966333632417,4.68102972460771,5.98045704259578
3.52,2.59712172646226,2.21837364393691,1.90239001984903
26.506,14.5271051584995,9.81621316934426,8.13129627078022
2.144,1.79873638659009,1.79759242606913,1.4012055084082
19.81,2.55555199691794,5.08175953357098,37.5135417400697
2.144,1.96479723363632,1.90427261877505,1.17616419832177
1.642,2.24191357546607,2.94566229985573,4.09437868923859
1.193,2.39030380323179,2.47751664502813,2.89433059498495
3.48,2.12324828273091,2.02883082573086,1.11608474078963
2.165,3.09835921254527,2.86807661437256,3.62931144352537
24.097,3.11463247014319,2.90044900318292,2.68654202368353
2.109,1.77504365429454,2.31943983883788,1.7056617387916
4.679,2.15292862357391,2.07170305259838,1.57618940316457
1.758,2.93818155829641,2.06811190146949,0.994052744028268
3.51,2.25328986687751,2.70907276932325,1.81120241492824
1.301,2.33129247839877,2.41786164291806,1.72380488154235
1.726,1.73603191760761,1.8719000022377,1.06151856949524
1.199,2.4131817826685,2.56155027355988,2.70509365341413
1.05,2.77286241211803,4.25317313832658,2.04650970111618
2.144,2.31670560970872,1.89175875085026,2.18424653176247
2.063,2.73316002661629,2.65015258690188,5.22748306578847
1.615,3.1809962823288,3.22255196492036,7.45359129861803
1.204,2.29403417940843,2.53336780690151,1.3888830704865
1.37,2.66082926206234,2.70276637628595,2.5704079234642
0.794,1.1296763223733,1.21282794976293,0.638239920049841
1.211,2.06087509044377,1.8003649422011,1.75783749076198
1.496,2.67773432188935,3.23493975429707,7.19992080173424
2.246,1.55446690653318,1.49549903724734,1.39444646400695
12.34,2.79654479643455,2.77045613015876,5.20531782712066
1.653,1.71318299954798,2.03645843321351,2.04459779618891
1.544,2.04219937185178,2.01654218870526,1.17924072105864
1.734,1.5799397313721,1.82761126793714,1.71173358234404
1.555,3.24355123620234,2.67701561626288,2.28379111451449
2.88,1.98554411879106,2.16769717487968,2.21968506828114
1.236,2.32522509200386,1.82815692047329,2.95194559902335
1.488,2.75399248558914,2.03337047360551,2.45615719969512
1.34,2.71226421687113,2.06486399154202,1.67271579261508
1.294,2.84548242710886,2.5207468413557,2.02452339934097
1.481,2.58183899547942,1.75358784697843,2.22367717422558
1.508,1.78024159432768,1.86047786142148,1.22314173909196
1.814,1.75392009223548,1.91814663927877,1.2390080357285
1.818,2.99358092050353,2.67577967744681,7.49603023323217
2.17,2.00191837598318,2.12412355739634,2.43283191151788
1.244,3.09572870279711,3.03704078808054,6.38987830364194
1.575,1.79139904578733,2.08100658693654,1.50967143321506
6.21,1.30940684503636,1.09317099239914,1.02143440138077
1.372,2.95708288254435,2.13700287936127,1.02195818625226
1.459,2.27137563298549,2.38460727796504,1.80225268663173
1.264,2.41066202486038,2.26157108678068,1.99206886494488
1.636,1.86867761990047,1.87462136273655,1.51205382336347
1.54,2.1361095012757,2.18843825697605,2.63962641730852
1.913,2.32481307528605,2.09717831748153,3.36643583946084
1.207,2.03682573659579,2.1562972360158,1.67554306438778
3.338,2.80153332644118,2.48164728381111,1.71084541050894
1.458,2.79542748029227,3.22111714985137,8.16413926904874
1.261,2.18615057703863,2.14316160643175,2.480398170238
1.197,2.2406862997781,2.21770666248566,1.16623966238509
1.766,2.02768345368901,1.81460861271079,0.947587979835059
1.32,2.26821503332405,2.25840803204733,2.37572290218823
1.09,2.09370807309445,2.33209099288682,2.81925850097439
2.12,2.15418451566149,2.20432119900338,2.10530779669202
1.648,1.85030946789942,1.88987037301212,1.04293652472534
2.139,1.74129697043698,2.33846802131396,1.64088774241483
3.72,2.59396519318353,2.50605163888339,2.54063532337608
1.684,2.56565097861743,2.55155382706678,3.70056667118091
3.8,1.58949246804018,1.82576822328265,1.41382401928595
1.418,1.83181553641581,1.82624550719846,1.23953065879691
2.42,2.09634973093475,1.93739077085184,1.68856222896493
1.967,2.15914424156436,2.22995117265044,2.30556842190798
2.21,1.61835389958034,1.54860518141666,2.21777624768836
1.793,2.58622296529089,2.24789783386816,1.89321783875514
1.526,1.54191277438818,1.5294200162444,2.27679162891074
1.678,2.39300633361941,2.07079490630507,2.47276126326527
1.442,1.40831630793391,1.6624625946236,1.316171194812
1.446,1.75172061763706,1.88899001412673,2.02709541790016
2.5,4.86765010277167,3.44487674467186,0.636310429399418
1.542,1.85629321422594,2.14537020224212,1.33717940202661
1.254,1.31509534608822,1.47550685770934,1.27275638714864
0.78,2.42921916625006,1.39973749813759,2.32982308985507
1.775,1.6375092529711,1.63934542791482,1.69477365817854
1.611,3.80142429171334,2.96104523127955,2.45590509769624
1.978,1.80611764147305,1.89760400142054,1.55334304534938
3.34,3.74813037221899,3.22206375288686,4.86683067038704
4.376,1.54079257316471,1.44287227874693,1.41724983807355
1.891,1.76920101990882,2.19213130452782,2.13720051614285
1.299,1.84895591910173,1.8551798006572,2.46059713465051
3.008,2.272896853253,2.6619501891224,1.67518201583676
1.815,1.86473336128221,1.78443153353281,0.937414034969587
1.735,1.8553770312299,1.62881281149057,1.61077527292984
1.18,1.70901102716789,1.62087516644543,0.752697872857488
9.11,2.68107526950134,2.59275581623723,2.22949654937978
19.076,2.79833260712224,4.35790311804421,3.04567912840675
1.782,2.05157049249747,2.00822989028789,3.88395412986782
1.649,1.77508908383787,1.82440401162477,1.60993237095522
1.781,1.60125470972234,1.61734560206506,1.825714062589
1.779,1.86852441014954,1.7803083507037,1.61561071328445
1.542,1.79779867253121,1.81055458299465,1.56437895001518
2.573,2.32588023271425,1.82509187207151,1.02784628110161
1.319,1.68770464325739,2.0405375404025,2.05809885905096
7.16,2.50637637857546,2.99374223730045,8.03743817492679
1.884,2.9588816224918,2.48392505288382,4.58026998699544
27.6,2.53598298913035,4.74634893119572,11.601688176756
11.12,3.37583656747646,3.82387318813361,3.50122494092671
6.59,1.99770364660729,2.16614210430795,1.83287268838055
3.29,1.52291526880185,2.18047539505053,1.70089165332942
3.1,2.0137671430202,1.90797942495815,1.53894796450155
1.624,1.53901369093804,1.61805624576114,1.66190301600533
8.2,2.50998759704637,2.74465880944671,1.67528653784436
19.05,3.75105884768239,4.1323884102696,8.80018795044531
10.55,2.5619350574356,2.84205248367025,4.60231359154126
6.52,1.96886079637089,2.65366843896522,2.05574953764297
11.41,3.0166116206798,5.34519689980108,20.4193331933037
6.201,2.65539445185093,2.99660988552717,1.45064041011933
9.56,2.8226494143429,2.8127589544235,2.97826287688139
1.833,1.59573856080604,1.6667839046359,1.9320875959874
5.04,2.60487765008826,3.32855354166265,5.55997155631381
12.24,3.58131896966188,3.67178095405884,17.2922184281639
1.335,1.77340785267518,1.67588046857172,1.82670029640849
1.765,1.35499134979705,1.5435645858137,1.78177518307941
0.648,1.44521680292229,1.73217022251128,1.16713799133235
2.961,3.49766602231349,4.1927881770251,5.65345193605064
1.572,1.51018331661031,1.75423199590131,2.17682755362031
1.269,0.997402835818242,1.25131642964991,0.801964886564677
1.806,1.30929901384807,1.85662366490109,1.84107240771583
0.733,0.863257291381023,0.937209416577241,0.896969738016661
0.641,1.4763274686619,1.20594220174288,2.4698096187748
0.862,1.00484803086556,1.08456327572716,1.05814977925818
1.012,1.34492153752956,1.35056547413201,1.14480717675639
1.697,2.38294152650202,2.12081972596706,1.4397153259824
0.671,0.746429228953429,1.02202077962036,0.75989956611995
2.081,1.28244390173293,1.69214014082667,0.977866370908603
1.841,1.83505950716737,2.19825269717622,1.85039256111489
0.696,1.3234854198447,1.21840851181124,1.15400755937354
1.901,1.64255819528732,2.09818601780358,0.851582923200646
0.89,0.802582897935485,1.08987490729261,0.866297982922429
0.603,1.10049934950262,1.0755973619872,1.13412125198185
2.63,2.30560589553775,2.32514985206564,2.01135124634672
0.683,0.718532801554887,0.860086791981413,0.504904677221575
1.11,1.99711327635349,1.57742379229993,1.13241937539589
1.147,1.75894680318517,1.65731797188053,1.79460956110093
1.576,2.81012377883268,1.89306987625716,3.19358178120666
1.732,2.16465031647292,2.1910421524806,2.21233696740683
4.074,1.92751648561688,2.19079193070052,1.87944766831968
0.894,0.898448027787012,1.34089579709879,0.722112607973617
1.143,1.60309475664086,1.41400829269558,1.1648890325294
1.126,0.862567784073149,1.23158440901729,1.08992217547906
0.784,1.2365675819677,0.876808980905796,1.15127621847926
0.44,0.529400311833811,0.654847201635811,0.285454285703505
1.101,0.495814872641931,0.740063093202266,0.685638630040227
0.586,0.748514601616066,1.18988642745281,1.54026999336745
0.695,0.94634020627599,1.43025940434352,0.818747036966125
1.028,1.61112701161306,1.60330208202089,1.50210625540999
1.444,1.38207985651468,1.68176387330798,2.22177798120009
0.718,0.499960848217984,0.549263867103845,0.800558853362985
4.967,3.27216316740658,2.51831817423343,1.83310861523095
1.863,1.49465035383681,1.47610273098964,1.65565269094966
1.224,1.48240062121051,1.56308884685772,1.77003535551671
1.98,1.04737765447685,1.25653544677887,1.28438065134502
2.04,1.83338420255095,1.71421916598391,1.5442207811232
1.8,2.23520736247992,2.41444182660406,2.54129318083857
0.948,1.64406027691855,1.63472132301958,0.837524552717773
0.724,0.683700589809364,0.780272960215819,0.581806975057127
0.923,1.23718330282122,1.27040132411931,1.0223762326406
1.841,2.68439897949299,3.36893038476132,1.90868308893226
0.645,0.713559375013756,1.1542363089187,1.54778710054808
0.771,1.399977436482,1.59452230811045,1.07670535887824
0.28,0.257038234772324,0.427766019427772,0.304125026597615
0.541,0.564126712327043,0.712928744413398,0.448566834756738
1.174,1.51521596571612,2.23547862016938,2.73743106555729
0.615,0.580454511691941,0.895658529618281,0.688617318973952
0.787,0.724189493113368,0.96851091254918,0.705171155802665
1.175,1.42127758964516,1.41183218316239,1.38577223769983
0.854,0.920792201300949,0.939029895729678,0.947584299193044
0.248,0.159990200751525,0.32536268679407,0.259619287904028
0.359,0.422594668082671,0.530247319708769,0.53853514923205
1.109,1.03591176248728,1.02315021178141,1.05148999667412
1.186,1.38381039688139,1.17544190238056,0.796175417814573
1.944,1.53790936138512,1.84083864664914,1.49780592632996
0.271,0.266748284742271,0.301299105907128,0.312637782130325
1.615,1.91603299638766,2.11056135022228,1.09491458560408
1.244,1.32904541321185,1.26069245604691,1.59844509178551
0.538,0.535195670167364,0.660169434008382,0.375742494264993
0.293,0.523926830090072,0.932957729703938,0.39220386760534
3.46,3.13565433718704,3.27111632383111,4.31473316629772
1.019,1.28742081757111,1.36066270800129,1.37841538721267
1.472,1.19801249137497,1.65075965811064,1.24922894620517
1.123,1.59164520230189,1.5473334852177,1.61733190704398
0.584,0.707256609223918,0.730254040254624,0.944085932214631
0.315,0.281260266601522,0.379748474968541,0.331572040438492
0.31,0.192553972864847,0.361784099031188,0.299992539918993
0.217,0.167003431627052,0.345729314882034,0.234423070805405
0.531,0.938052987585746,1.03927611398274,0.933256767667906
1.287,1.46050681845124,1.64413431701051,0.718123970396605
1.019,1.4109930270405,1.36161897500513,0.909669716714034
0.498,0.419755310130908,0.702898250038357,0.438800826345385
0.715,0.810174393443544,0.824601215866821,0.556844476192534
3.8,2.29667147450771,2.530374751779,3.56175768431307
0.481,0.374789188993455,0.663426796807617,0.415769186608913
1.164,1.3098758142289,1.53763437418852,1.70381693161502
2.613,2.1718145626196,2.91723390328175,2.1911577479382
1.167,2.07926802135938,2.18195191452788,1.98213790453234
1.48,2.67404364318225,2.43898804152927,2.96943259799338
1.873,2.09739251291928,2.36175702785786,0.698733950871977
1.501,1.53268566040418,1.72311773863572,1.27099150750237
3.066,1.84282847750739,1.70073316691711,0.968704317055721
1.865,1.73189685654419,1.83069138145953,1.64514118376723
0.632,0.57610047938587,0.75080788613818,0.669859640896577
1.133,1.51355554180968,1.51262088109215,1.5925084342945
0.266,0.213730144872433,0.327819074180203,0.360772203035388
0.293,0.468025615492556,0.32250830071421,0.27788338196731
1.044,1.82120319565559,3.83994156631378,1.14317760176198
1.117,0.811714446445094,0.879168719680348,0.640625835635426
0.74,1.07634618719424,1.26917010988179,0.900661815127048
1.877,1.60959941494461,1.66714185061733,1.36150642575061
0.771,1.4053651389406,1.90220755666998,2.55457001993105
2.54,2.41461691075271,2.50356961747106,2.28678870054605
0.734,1.19545919636629,1.47839476599441,0.625929605063633
1.042,1.57949341689142,1.76288080722352,1.90218453558533
1.312,1.3824724944349,1.20641984056498,0.366485471334091
1.613,1.19547858198334,1.27095855962506,1.23821186291339
0.307,0.509010739068401,0.611450518429551,0.33125499643162
0.654,0.879192013624453,1.24300817840942,0.858840221438098
0.749,0.777411171274077,0.777917697169028,0.747844552378422
1.832,1.14947964050165,1.68071412027497,0.535076890161984
0.869,1.02592303803773,1.05930428743206,1.35673883653671
0.776,0.905969927714348,0.96397057817702,0.974295756493922
0.922,1.36889695349524,1.47077232768365,1.48817683381561
1.091,2.48671377509415,1.89589792452435,1.82100855327224
0.601,0.547315118034548,0.805522748591213,1.16458994398872
0.846,0.709673046554425,0.815230825541759,0.578602844953773
1.214,1.30273504287448,2.18734716786742,2.34433121234915
0.655,0.690936579094723,0.833365852082506,0.533591618106416
0.372,0.631481077848751,0.562387815287817,0.804163594320885
0.908,0.917178648362249,1.28341230434916,0.963496428870972
1.737,1.32521504871293,1.276851492078,1.34949817286462
0.748,1.10268061693495,1.48708864219618,1.00410693301309
2.448,1.6660176621934,1.77284075715149,1.27256332359874
0.546,0.567214955983056,0.627131588129527,0.714603443681421
1.232,1.54149844903262,2.4110426900625,2.25256543986508
0.804,0.804191485232879,1.32522971066434,0.835196618577768
0.836,2.68692278135895,1.91102015969505,3.2848544050646
0.479,0.458798439800225,0.587567574502914,0.630496693897173
0.497,0.464029442754611,0.519686696123454,0.417035149331887
0.914,0.980777346993203,0.946144317110545,0.979945618410797
0.714,0.551622010431359,1.27450691243142,0.839617220217125
0.814,0.884696050132054,0.93651285279417,1.51016045799138
1.063,1.45833107812944,1.2760113691363,1.03566151532511
1.826,3.54054740235108,2.82939985772097,4.23507411329028
0.503,0.51764312729509,0.6426455452043,0.538687249198368
1.165,1.52507860918507,1.30232220588948,1.39596853411997
0.398,0.700025015215891,0.479219875248005,0.415029307514117
0.353,0.449794029657854,0.403154755791161,0.337427585856897
0.654,0.682521194951734,1.14273792722921,0.752324247392935
0.487,0.620741008790526,0.658789643632151,0.831355152654279
0.865,2.03073592402187,1.6101625857622,0.917075791598214
0.611,0.507222709055048,0.622077536261495,0.323121327989797
4.27,4.15483631505705,3.02039521342947,5.19882662421722
0.637,0.674718025015238,0.939560936923145,0.571025512154287
0.376,0.332851057803196,0.476073995454756,0.355419473291445
0.476,0.524771458219978,0.546674454027303,0.429713954638922
0.652,1.21174712028575,0.994840869315739,1.2665229389583
1.45,1.46314750345462,1.50837171178886,1.39815962190154
0.766,0.625123832859378,0.759632422944545,0.714658960837694
0.464,0.517788298492295,0.480396693170354,0.606478701594099
1.511,0.884825538380419,1.05626305018204,0.992115322805268
0.525,0.735887525706618,0.790403665315225,0.487726946603662
0.446,0.444863339920354,0.622085051931072,0.490051762827591
1.151,1.25749450250369,2.85027359742207,1.57091963214688
4.879,2.22404648514617,3.00097347311811,5.04763536865534
0.573,0.708902148039361,1.03818874655652,0.709973343065845
0.823,0.744792023145869,1.14023182013268,0.824087941318171
0.7,0.730925908361019,1.04921341410611,0.560685740694088
0.847,0.37469224681887,0.737239142591296,0.382037460373811
0.506,0.699703429508601,1.0606556688521,0.74752437742528
0.595,0.422684338032354,0.46309864105182,0.386572118447721
1.705,1.54887465341619,1.96191520900728,2.03122054132852
0.372,0.369792292789928,0.445730302497709,0.399117827910507
0.87,1.07759151996602,0.94762576248307,0.62710989835908
1.399,1.27401944677075,1.88778462120607,1.38001226071652
0.699,0.697231204880237,0.928232558093839,1.4146457553056
0.807,2.03263055464939,1.74015252490645,0.581474037168314
1.036,1.68537763417266,1.62714577635411,1.9766082942155
0.934,0.93510190864127,1.23984712636189,0.891043743727202
0.835,0.730034438707302,0.970974970561447,0.604753066384932
0.818,0.855714512648048,0.909362234213087,1.1887684431959
3.14,2.14666508597343,2.87567240627287,3.46242757614042
1.359,1.5719447571188,1.29032041661564,1.42863574271242
1.31,1.88692647101748,1.63328544570614,2.93916653323922
0.718,1.05535547532052,1.06275170988455,0.783559917178179
0.511,0.551050683556923,0.58343883169914,0.439855566579601
0.68,0.968082794202696,1.0086955900594,0.752597133804719
0.452,0.80539091792403,0.831890446997775,0.752153238764627
0.833,0.7079625509329,1.10688738732983,0.733066286138574
0.921,1.09584552840504,1.03241330535738,0.841977705121062
0.675,0.937940776011585,1.24663660881805,1.13835726797113
0.378,0.455655409720122,0.517761286811118,0.388534149995208
0.453,0.656766366907015,0.685945060894521,0.396050150909559
0.706,0.726298270780555,0.951899734102691,0.723404919361681
0.508,0.687128936625027,0.927352274220395,1.07058346118973
0.635,1.04371636317257,1.48289326292158,0.855521168645091
0.653,0.794337244007775,0.897825304212651,0.617498734970225
0.636,0.395950887629301,0.804295255194451,0.365882226050347
1.372,1.07281759428188,1.23588717288648,0.940593817873058
1.514,1.37361906613538,2.12556140666014,4.11547629673511
0.363,0.352964672399763,0.599614982091286,0.701095470812201
0.661,0.577018871798611,0.900893922461538,0.860560209101866
1.593,2.74709146364543,2.16454297099065,2.68862241854237
0.439,0.437093046906254,0.662104941861865,0.457273497273039
1.882,0.93704514634559,1.23926588327066,1.70549945988788
0.372,0.442358151665909,0.417594307377166,0.395063750095204
0.573,0.886009409168559,0.766970851145954,0.778732373324902
1.616,1.74239151456573,1.78452272888746,2.11221141989982
1.512,1.29130809619362,1.17349665777914,1.49682383903549
0.526,0.532993546155748,0.789116714155844,0.755641636261201
0.665,0.853518963761154,0.878634222747932,1.17531013270316
0.913,1.25910475980716,1.26162982085855,1.12166892231393
0.669,1.04092491447815,0.934386340502067,0.831351238263845
3.31,1.48001998806598,1.38235066656696,2.65496134933551
1.455,1.70023782756821,1.7453357294183,1.40961642121311
0.761,0.907042975652382,1.20365487922234,0.811224633017409
1.13,1.46812928423614,1.60040009795629,2.61153612257587
0.706,0.932027497087282,1.14776111729044,0.624385380724237
0.733,1.32207213057733,1.27614195520917,0.772554009564839
1.271,1.57017789816454,1.43451975735469,1.62614744230504
0.821,1.27567456624956,1.78230292747515,0.816835285155867
0.756,0.809249805128669,0.908311877002021,0.812609871519675
1.05,1.02617299073018,1.71519488000173,1.57446024066201
0.736,0.8303364011438,0.952702504357158,1.36898627669638
1.134,0.800509070678995,0.640055407008287,0.593310816754875
3.699,1.53110631938303,1.35289457164122,1.37548028403202
2.303,1.3553408068063,1.27814188182849,1.33432179418306
1.38,1.57916919551066,2.47187309155619,2.18870259079286
1.106,1.60928807632838,1.973340631335,1.55416859066981
3.07,2.85056820425567,3.08411141140594,2.33235774999846
1.792,1.19610904553476,1.06147003159849,1.32599057569945
0.727,1.11707976753791,1.25577219005952,0.725070348480737
1.795,1.79406786195486,2.0171991641877,1.64481743785086
1.197,1.30034443779052,1.69968159285727,2.93981436031854
0.658,1.13934475241544,1.31770571488702,0.557716260023694
1.204,1.37813373325119,2.14928764411633,3.52920693812935
0.675,0.686521407493231,0.916882291272258,0.664387932517456
1.091,2.0949189876484,3.09792195242346,1.88530280200355
2.47,1.64432506918571,2.1994729226884,2.34881138783209
1.016,1.15795980099905,1.52828111782008,0.569053665404352
1.202,1.44983235418842,1.54894271640728,0.961641307113809
0.689,0.685181012617014,1.08683380818237,0.968593079004503
0.739,0.825834296109324,1.07222293853903,1.49374512527602
0.262,0.245045824960948,0.419390953889729,0.344840169661335
0.798,1.13105402220724,1.3032234735108,1.05882676431775
1.167,1.2169923552805,1.65485616660869,1.95098991315532
0.802,1.12242886179184,1.49076159632355,0.672872852111583
1.181,1.00203489038627,1.43954350094062,0.709597218381639
1.026,1.03645580399015,1.24245752066758,1.49905071475783
0.688,0.668281015626737,0.649366505335369,0.56128027491894
0.816,1.03511939866839,1.29030350540142,0.982002571710827
0.995,1.82294806753224,1.81500422371857,1.31841924717199
1.048,2.85695313804345,2.37440856117089,4.05897569355716
1.003,1.00106520235659,1.40879944885728,0.653213933385604
0.835,1.71363859763948,2.50011267403406,1.33903073046017
0.759,1.03226722710831,1.23329636726483,0.902737633111435
0.433,0.561921345829582,0.983474796429854,0.493159495754172
1.703,0.725938044607171,1.08223227221377,0.873294983599214
1.486,1.41746091920921,1.44720234656397,1.37984949866694
1.194,1.46384750510651,1.51624616257149,0.767718074405252
1.003,2.45907221146922,1.68202504610362,1.5621109468118
2.04,1.8440419383473,1.83425543440281,2.65096944767892
0.84,1.11435083021851,1.41165338920451,0.935625156649311
0.39,0.371153989098955,0.493454348978194,0.168817655819038
1.828,2.03059782724958,1.98083815627561,3.05058608420698
2.1,1.87685553603428,1.95788370390913,2.12485955383941
1.849,1.46075040603563,1.47118943585752,0.834163317079934
0.775,0.807197366519269,0.95120819809985,0.920627167887633
1.86,1.56525190312322,1.41843420184146,1.20502254813414
0.889,1.19681979515056,1.16432735254813,0.917570797431162
0.864,0.678417034020204,0.762302566838055,0.616326673568628
0.485,0.432663781481708,0.490576967277609,0.445694501661864
2.505,1.44810189601349,1.54325546638004,1.59166509873298
1.108,1.14023902757886,1.80186332583819,1.80278811827447
1.016,1.27915075108781,1.28402020628275,1.20972391860466
0.833,0.963948535488802,0.968319812627324,1.09662272891088
0.943,0.873161316537689,1.15765529912942,0.914534263269777
0.525,0.607967258695649,0.814576242159145,1.03961529488208
0.44,0.471692829979979,0.594810390369595,0.543003357392754
0.456,0.493688315903309,0.542547084650594,0.42345484653344
1.229,1.0535287138971,1.23982668760706,0.999224458550777
0.944,0.6400010011278,0.823475594888146,0.56520275634041
0.819,0.972006336283376,1.01658452033144,0.873708785845444
0.923,1.00822812532352,1.22864304135057,0.908129692212546
0.893,1.03242691517258,1.14211167953757,0.733621817442377
0.546,0.485785978987532,0.659391637561637,0.560656744204678
1.214,1.26676961262206,2.23470836399193,0.98891201885641
1.208,1.22073610629347,1.11674005478655,0.867531602387638
2.26,3.74992817114796,2.29899757843027,1.74325343679336
0.763,1.12175887028737,1.22393435699073,1.35796536536771
2.988,1.96606636641646,2.41891459429388,3.01893346009485
0.636,0.546693616672987,0.521853069585509,0.477616162073406
3.617,1.61504739569465,2.4337503775854,1.65100956120438
1.04,1.05099809580286,1.30842960052465,1.12286834027809
1.725,0.852067071856442,1.07889866632588,0.546859376382039
0.96,1.00204907756409,1.22587791602078,1.22062306818633
0.519,0.53755529905877,0.63799452987729,0.403781533188461
0.697,0.74610395395463,1.15732332545396,0.978713573930062
0.579,0.591795764162661,0.795857220058216,0.463090435562987
2.53,1.97544226242505,1.61050219356887,1.32193358930137
1.256,1.27537718220541,1.64834358622994,1.6396441616886
2.52,1.95027806065619,1.72871930290343,1.25160796599956
0.632,0.830761964988935,0.819331472650781,0.781747522896924
1.14,2.01555629427564,1.56196296194431,3.60221658601666
1.102,0.83338866247484,1.14301023388241,0.477873939579671
1.091,1.16802631817828,1.11734244127411,0.785851203731365
1.412,0.630267109117685,1.02821681145055,1.01150414132558
0.603,0.797630070612163,1.18421000509113,0.717226914342087
0.992,0.933538201612826,1.21728985926104,1.10209549738787
0.836,1.06714683654091,0.786942655622979,0.61175878565341
0.813,1.06470523726358,1.85416767218031,1.5462425836843
0.618,0.93868923270533,1.05635518017534,0.74710266220348
0.81,1.10196426471887,1.43063447008971,0.910161219946926
0.806,0.963351875502572,1.34857248900289,0.946620101555282
0.575,0.587170433649941,0.958794017441557,0.837886382403387
0.936,1.4338649198799,1.36893260854558,0.857111061955051
0.428,0.506217124832504,0.461910660964193,0.527362515424755
0.911,0.682570772593093,0.764304606107019,0.644501934345032
0.769,0.700175598955606,0.787508822388848,0.474117592839971
1.001,0.716540431607455,1.12321459616822,0.92740392441742
1.223,1.23861565779105,1.06266322351198,1.07186534874519
0.374,0.345853783027012,0.440319476154432,0.436241569479838
0.924,1.25969499612939,1.53626174723906,1.86395511805464
0.52,0.642729225158415,0.470901904145504,0.643407665534407
0.588,0.588462585136506,0.708843889253082,0.369378220536776
1.1,2.32419269125011,1.52068545614078,1.45439829677339
2.35,3.04887539406011,2.48181750693578,3.65108911025599
1.371,1.51099421353118,1.56454155905397,2.53675549699562
0.841,1.05787241463995,0.902790357351245,0.916601499549263
0.425,0.568842715843044,0.723200606406879,0.492172823253624
0.479,0.842333745597898,0.714789164835575,0.582044819362578
0.545,0.603313898957984,0.749717667323803,0.550475046525763
0.577,0.690844810643906,1.1768482819954,0.62933945377117
1.328,0.79968293585387,1.12965581228954,0.458482265989442
0.67,0.602744580797105,0.782773941714774,0.401556665672242
0.533,1.10279397301894,0.898028554495069,0.613263346934204
0.464,0.384314062696687,0.589961758028752,0.378398196698544
1.587,1.01925801033408,1.04454869374478,1.17693532840766
0.368,0.232336088203719,0.451352033207091,0.349599378772166
0.797,0.761633763420593,0.657126480219107,0.733576910727137
1.258,1.52472529199871,1.62795004755607,2.65262048648353
0.913,1.15678138583799,1.79033457913082,0.958696897162141
0.462,0.897531274879634,0.731570746180187,0.843546860210975
0.76,1.20166374918029,1.33143983861246,0.903162507900789
0.298,0.374415082463079,0.438674182825904,0.368454381858148
1.012,0.811691436442322,1.11990136474665,0.592976092389158
0.357,0.40693894872089,0.590958498530617,0.62588029465567
0.3,0.281374465588564,0.347791932225154,0.359647319657738
0.436,0.447172366886574,0.526879509993366,0.528583339368158
0.336,0.386918006976138,0.493153350984546,0.458746055464545
0.382,0.304208461250432,0.518290555316785,0.339218740043347
0.395,0.404244701116221,0.408710674869124,0.307503547999037
0.344,0.346297825620072,0.383501206547941,0.429438418353901
0.275,0.365364885896789,0.325496799415736,0.327399121378956
0.314,0.343036363217839,0.368373732031438,0.264177990024135
0.304,0.317762148039686,0.447000856852775,0.542224222604421
0.26,0.239202856857141,0.312427676913976,0.266142503278807
0.388,0.448736635261305,0.56411164004811,0.321662744004729
1.834,2.50579755071614,2.55794222062311,2.85810475640513
0.303,0.329580406017439,0.383508472278515,0.471944308173344
0.641,0.910225156314955,1.07921280101343,1.61050902492895
0.467,0.580013792156183,0.58753908528195,0.682633573307641
0.407,0.486844164214386,0.474210003815921,0.465163788159585
0.32,0.278046474270026,0.313499568501927,0.229528173078492
0.284,0.234734210697631,0.299037321225076,0.242630055356073
0.899,1.31593840943188,1.56140739023063,2.59237793862947
0.64,1.22697453244661,1.26644286891354,1.54113650538681
0.349,0.301225721269295,0.376385499469789,0.307432753883045
0.366,0.434965498226654,0.412579668547372,0.29106384914959
0.245,0.221891592988108,0.325823383544751,0.300322256752667
0.386,0.412187422696124,0.478725425840804,0.354074001787824
0.32,0.299719374262642,0.427728100224131,0.229488765265672
0.28,0.312283716592865,0.345957251181997,0.235057628373162
0.415,0.474281086501219,0.951704880437535,0.584879477602827
0.304,0.351086110766031,0.36527638988094,0.283299283161173
4.346,1.94851044662388,2.23755335014126,2.39651211040686
1.935,2.10780187061976,1.79111605729642,1.74248874412958
1.205,2.08324030134428,1.64999574897486,1.91765630709537
0.285,0.328034341437755,0.342803453224989,0.282419155007833
2.28,2.50565639832471,1.84679770763198,1.18046035960462
1.41,1.51558558853427,1.9099985014436,2.05176088500428
0.375,0.351273758938892,0.418777645688449,0.365609248609122
0.308,0.262133205464037,0.373816973096097,0.278941040928083
0.411,0.370955087973645,0.530526739077769,0.412216761341707
0.599,0.54880850723116,0.626205653261766,0.680363336219953
0.894,0.907178765745696,0.916956987802617,1.03107020470372
0.452,0.587326250980553,0.593656089245726,0.775841223386537
0.368,0.542804817655307,0.735346088520363,1.59296884225995
0.466,0.599653074260657,0.770963203272454,0.553668344888626
0.415,0.352888289547293,0.575369155316241,0.367309441635857
0.505,0.610227462446395,0.813812353485553,0.60784571955511
0.181,0.300952701484742,0.299981671677444,0.354388197368174
0.312,0.386668414503462,0.335601870333125,0.363759510731983
1.014,1.29820865689152,0.987538075696018,0.771144670804301
0.281,0.327552279056138,0.330205686664267,0.547358426940256
1.223,3.2523236952951,2.58542509894703,4.06700196526507
0.593,0.534859051350421,0.520834692119054,0.572847917973245
1.376,1.12589921868873,1.25269747099498,0.576318971560898
0.665,1.85814862248288,1.88500530903913,1.42227818740572
0.575,0.615509528275896,0.701378279668618,0.768771477102105
0.475,0.488450775334729,0.518902817916699,0.606443455311431
0.842,2.46225591483832,2.63812086810253,4.11691406082971
1.701,1.27004526116084,1.34185591720644,1.05957973199489
1.126,2.01492301171243,3.76224527845424,2.7319957324592
2.15,2.18058103925831,1.79805463478479,2.78170933980473
0.577,1.03216115815125,1.40317754025491,1.52917403202094
0.352,0.741993458318343,0.576807147319088,0.445057585108086
0.262,0.519196036397019,0.3939128428514,0.46850589377591
0.436,0.654873105555997,0.73582943398081,0.820550920877437
0.622,0.66836670678348,0.969185939236857,0.868245053211112
0.502,0.468400414266867,0.593952036679443,0.390469467327995
0.739,0.745934747600403,1.01318232113076,1.05396551686032
0.519,0.710302528087942,0.841642133189821,0.643309339917968
0.712,0.767497739778165,1.00483865328095,0.707771076610512
0.524,0.713176801408959,0.607847655930133,0.494587330874689
0.32,0.541043340569736,0.365820816109938,0.244253550219232
1.122,1.34105914306588,1.70576545592276,1.61534730116951
0.276,0.231480109656637,0.301512774785478,0.260439044537225
0.495,0.430604285592703,0.521911024491264,0.598739664760914
0.393,0.235535402578377,0.395507952875549,0.375010880820279
0.249,0.372965249128007,0.334392980898606,0.489497291778557
0.653,0.709744633040671,0.741221568540169,0.666359008883657
2.05,2.35806269716393,2.75503140577189,3.56142138648913
1.288,1.23490576253564,1.15041834987304,2.19190507097895
0.291,0.25798825527396,0.371729873954534,0.364591255441035
1.229,1.54763160285867,1.86664337116539,1.76870501894537
0.736,0.992404077342605,0.88643226528052,0.582780755247142
0.403,0.495112344772872,0.704512176150625,0.785432370404772
0.957,1.30342112954452,1.30186416479494,1.39963173256394
1.63,1.47145722948958,1.27922653197919,2.34729874015151
0.475,0.506923380599177,0.488205375393079,0.574761804345559
0.448,0.40987414814115,0.54606136343637,0.323588656287367
0.866,0.898329117600299,0.963277771636685,0.778322260807344
1.058,1.48289330029137,1.72775540923032,0.725137614789197
0.896,0.863211891563824,0.787273205802774,0.660991259760733
1.513,1.11104273294511,1.00674905491051,0.650893122659068
1.107,1.25032671866424,1.67072875065134,1.58700406525935
0.453,0.599541121503651,0.848288985020101,0.332550091683066
1.328,1.09548846001516,1.35429466415317,2.33124297944391
0.371,0.9175732679082,1.16800051305338,0.797276406299848
0.724,0.873111744529623,0.727982752056153,0.671066679151217
0.564,0.961666214945717,0.745546651801278,0.912204075298202
0.444,0.357746783005211,0.436698826175793,0.365129744830019
0.274,0.290182840146036,0.326177667977771,0.287214262863332
2.02,1.56054314322471,1.70392247510696,1.326905504962
3.95,3.52901117811146,3.06139474127975,4.68040009582736
0.72,0.595627200672372,0.423793245819784,0.465476081125985
3.02,1.40636227964364,1.42498344177331,1.29834028826871
2.12,2.16278746876813,2.51227063027537,2.13806022320408
0.714,0.628435668405632,0.652474097538204,1.03407245911693
0.774,1.23892003983164,1.55348648161745,1.53394334488212
1.836,6.61686964698344,1.9520103178698,1.1665035902595
2.116,1.51131988777808,1.8902143712439,1.11353300101554
0.403,0.537976302307176,0.557658587915863,0.897715382767176
0.831,0.640495628952373,0.942669142713839,0.458914303508816
0.25,0.169324666026974,0.40260865798846,0.267495782260038
1.834,1.34013296416163,1.83736762846151,0.948940945459068
0.341,0.504952775385499,0.681417372958297,0.168026048120683
0.147,0.534565962930936,0.403226933012057,0.336528398425461
0.491,0.670566384899329,0.681760482759683,0.630668822785213
0.913,1.00073743946746,1.13039559347769,0.898667771138342
1.364,1.59280356540225,1.67767098684112,1.18171414904509
0.438,0.314276971472658,0.670608998610205,0.600084149886924
2.07,2.57219796305811,2.37356374056544,2.20149180371991
0.643,0.768202100460801,1.13541041536884,0.522223439992876
0.606,0.473651701262039,0.851710717204514,0.585309470848378
0.495,0.472244891346478,0.795842303955969,0.370734774672406
0.473,0.648884492769056,0.659607306212491,0.584978100795345
1.945,3.16788913219499,2.37543896595704,1.84959691823224
0.817,1.0618149274192,0.922401552978214,0.929586842155376
0.709,1.22762483701361,1.50071431742606,1.27221085051449
0.409,0.540652511378978,0.677918884930615,0.562695797371093
0.238,0.386695434399002,0.418225628208031,0.397007308717007
0.356,0.336686558775022,0.410412961341293,0.406973200409122
0.756,0.911694002885382,0.711180867975765,0.963312233780269
1.577,1.10231104177052,1.02556153420328,1.00127905787574
0.572,0.823332642955549,0.677220565689642,0.588087119372772
0.57,0.846002489536767,1.13573878596765,0.712279449159167
0.477,0.485086395525941,0.49746850859789,0.521696465106684
0.638,0.84786687941693,0.940274311458814,0.612997487810546
0.277,0.262051700536049,0.273591175982249,0.214406610008389
0.402,0.537342066993878,0.619825351955465,0.406611876432931
2.2,2.96678405737373,2.52392776319565,6.30667634016324
0.345,0.474210753331271,0.385717001296679,0.295624350897195
0.221,0.140251691025888,0.322196420246003,0.22691245452822
0.334,0.391947522449871,0.393506438755171,0.410030471716724
0.254,0.349746410759289,0.310517414117316,0.316984679205734
0.674,1.03888224412452,1.23378009001358,1.37162329175125
0.476,0.497133075092455,0.481864940824809,0.470887863864213
1.081,1.24838060332153,1.7674448760212,1.61555308042942
0.359,0.419724456611124,0.465113972722911,0.364689429318772
0.442,0.536237520695888,0.690204016417249,0.474986928502867
0.211,0.218803130584534,0.373853737991586,0.498163916509773
0.584,0.658576634362035,0.981647841819794,0.688267456029532
0.182,0.316458482919107,0.380570523986628,0.264325250558003
0.643,0.594524616238365,0.632653081698136,0.52875578593395
0.495,0.663905166307375,0.908085371795052,0.69585001528193
0.703,0.765434190878979,1.07201216314684,1.23717093632532
0.69,1.01154533370964,1.016982509242,1.3880946502947
0.304,0.295551001410463,0.304616733883185,0.231104784458389
0.646,0.846822892056444,1.03177858839063,0.863572343964922
1.662,5.22817765530333,2.05616746846743,3.81734333534206
0.549,0.763838046568546,0.866693369938088,0.76902167770729
0.396,0.279662608582549,0.441232858437247,0.221645912096097
0.411,0.359433303828886,0.717123831998375,0.368960263308016
0.387,0.487786237533587,0.544987912067083,0.415233419515641
1.421,1.75330463840095,1.44756713349977,1.86281335317944
0.236,0.612024844423341,0.430780366830533,0.374341697138903
1.028,1.38864931902411,1.42973229159993,1.33744970602667
0.306,0.493850334193903,0.458984568189783,0.454229494078455
0.349,0.457614563104122,0.342169112881466,0.22347194566693
0.292,0.245156717997623,0.286939328510389,0.27972597522089
0.451,0.56916849085077,0.610936958820528,0.600826561774565
0.326,0.416161599153848,0.371341445549606,0.393661570031755
0.335,0.263713043462888,0.453040197892523,0.429560063508177
0.318,0.389356395441392,0.345983389043101,0.281137866474259
2.849,3.28786967765825,3.18073997581424,2.35574077929271
0.436,0.29243047541907,0.428256080932417,0.456486957684364
0.358,0.249229738807305,0.628920596684805,0.324109998302183
0.384,0.484763056257343,0.788922598578962,0.591888958005125
0.532,0.716807201484698,0.729422918017607,0.554540852349738
0.558,0.690503776264328,0.531389657517438,0.559609501072933
1.778,2.18112388265253,2.26785788190911,2.15090086462089
0.826,0.840292273960742,1.07865844951061,0.933188302823464
0.632,0.892873716147892,0.680789681965476,0.828845362309956
4.092,2.19687381533746,3.10303806497241,3.48644443617244
0.78,0.839139582911791,0.938173507546067,0.662934585812673
0.322,0.309404099303575,0.384046167818419,0.310693206812832
0.488,0.730370868615297,0.617194826243339,0.560426288674655
0.675,0.913119389137098,1.15000705565824,1.14168444910446
0.316,0.61566210119804,0.450175021929438,0.422411276459539
0.555,0.633670631568545,0.605674404355935,0.720710452326869
0.551,0.763843813567873,0.667554571619844,0.743035702494301
0.804,0.829827296084764,1.03754424735921,1.17307048745574
0.754,0.949380540097603,1.25601642922728,0.753647272200834
0.673,1.22654034912933,1.05699377366383,0.94228558548964
0.544,0.750487271565591,0.809777600163294,0.956030779723899
1.34,1.97900479131572,2.07944362830022,2.026786349673
1.196,1.61084844391783,2.67859412048665,1.55812379461744
0.272,0.61667346829817,0.472184842125487,0.459373609112577
0.364,0.480966132757708,0.358561733065933,0.258407564249413
0.302,0.400038151612524,0.311017715309009,0.391664700244853
0.519,0.448072122288991,0.498423012042065,0.572371557935151
0.789,1.07477044986808,1.31689796178263,1.14128225049467
0.943,1.36306699464235,1.36489289526852,1.59997960269987
2.65,1.98440139489356,2.82054828379368,3.66614147472159
0.307,0.324660872743991,0.393369459947066,0.361733815824681
0.974,0.676029685556324,0.621012356375249,0.569308628871095
0.401,0.373635338747563,0.569065196872109,0.41836533934708
0.519,0.497654814171482,0.463934778756888,0.336982412457003
0.534,0.639230686601716,0.644639847451621,0.703009805403254
0.961,0.755208324971573,0.919150018017668,0.535568211828705
0.75,1.14125824482796,0.821116199117605,0.672218385761982
2.13,2.24220425193595,2.31385978240424,3.60100348971874
0.224,0.583481105982084,0.46823340869687,0.331383990065177
0.219,0.259193759046712,0.310176347617584,0.117380984110577
1.096,2.16250140278277,1.96465249357447,1.2600734760735
0.25,0.435511281413129,0.298841261391607,0.378647638914167
0.432,0.516859550524022,0.447454685794865,0.554751599671666
0.307,0.410510782251891,0.39969209155143,0.418402000284034
0.548,0.883947704598548,1.01587464796232,0.676569631597974
0.955,1.03282042030236,1.20035901442968,0.580755214477978
0.548,0.987491932925173,1.04269496349136,0.55922182998421
0.268,0.3452455291328,0.273888843920103,0.136020951246933
0.339,0.327750544328365,0.30850276303874,0.423774320059716
0.245,0.213109657871152,0.301315700577398,0.222116004072634
0.742,0.818899301217988,0.887303925240006,1.02809112597581
0.968,1.31829077096074,1.82709320024012,0.88675336712635
0.371,0.68740765908976,0.53952033680258,0.411105145018494
0.855,0.96306638573763,0.996715942398782,1.63091108267746
0.639,0.78496333721501,0.637266854981191,1.05529196561796
0.41,0.440461542983576,0.446358039105665,0.390876983598907
0.63,0.924967244943861,1.10082207319864,0.905096361275715
0.525,0.902101013676501,1.05727214833755,0.861424001268146
0.477,0.597568427825291,0.833153930057061,0.437515086874983
0.348,0.304029188934025,0.392266370426811,0.365802920423128
0.466,0.754376500736401,0.724026466996055,0.954826660371824
0.689,1.11010074345757,0.951994863997997,1.53727307801416
0.836,0.97287605902365,1.47105818486846,0.525793765131802
0.564,0.678702826236276,0.98113999654874,0.855874416203695
0.484,0.354576280282759,0.415399608315771,0.239086753780914
0.236,0.254151626493865,0.27413740332662,0.18735652667545
0.353,0.167942604259292,0.55481017849763,0.2938780322943
0.273,0.274504356442082,0.325360545235467,0.273586980139956
0.969,0.851602660639915,1.68740726848473,0.790399529829
1.351,2.1058837334636,2.36319607192913,1.75676765465533
0.392,0.532324693027704,0.491077526902531,0.532785952346012
0.313,0.203651166898334,0.294066557008458,0.157464114636323
0.307,0.29319070189685,0.287889492292571,0.303002671850204
0.398,0.618622418209562,0.526855059329442,0.496529381419447
0.53,0.45065908895501,0.641243350811525,0.598567451863239
0.399,0.531247799706538,0.651302928166916,0.443985937023998
3.33,2.3012117443513,2.22326170761565,2.42072935063403
0.237,0.233478196476494,0.304226079549712,0.262870251648157
2.65,2.7909005730744,2.52548187270781,2.42753427965133
0.363,0.31161434550617,0.329737476211278,0.284084456032007
0.466,0.735601695075419,0.456213885972451,0.611963809627465
0.356,0.46742137253964,0.540191423328603,0.277536969883546
2.455,1.61673166255074,1.90899690729459,1.76029004349808
3.507,2.87020536721747,2.64573039716726,3.81130499809063
1.642,2.5778090814018,2.45875785367696,1.7968447271098
2.113,1.4264709426535,1.41264010582113,1.06985913640984
3.411,1.31037818243447,1.08672056607392,0.846371381343509
2.124,1.49079015468181,1.3861237720524,0.789098272138265
2.495,2.09210598245352,2.14244009172413,1.4991104366582
1.397,2.71948674812379,2.30583420279465,1.85076955486375
1.642,2.26166368858538,1.89948739593265,1.67966951742088
1.378,1.62536165637179,1.58176972557774,1.32180804827668
0.912,1.68877788284442,1.41196427710866,1.49310610043221
0.828,1.51564896157521,1.40675985972468,1.40161205670825
1.835,2.4799560301035,1.94482781654859,1.30594133764169
0.857,1.34819251052792,1.24978267892823,1.86582244620846
1.031,2.45958073681537,1.95806616744266,2.0804193892675
1.079,1.26215724033625,1.72228502739597,2.30819131052751
0.442,1.02994293276509,0.854728128679907,0.820354409504767
1.301,1.65014523489615,1.72080838293972,1.49473497221685
0.566,1.81618919584928,1.36205614848497,2.67692893251874
0.759,1.09244586772622,1.10744610260435,1.32108259753807
0.695,1.25502621406008,1.03348311995091,0.733779691747001
1.481,1.17311501827309,1.2951321042922,1.31365081064955
1.261,1.69527411858062,1.88387224013276,1.36492061139743
1.605,1.78186196154735,1.74062261261397,1.37606474496839
2.15,1.71355178637106,1.67712805105037,1.56582586508379
1.161,1.26795944278492,1.77665394742977,2.094057860751
1.597,1.66962360510753,2.04170299022374,2.91911214408954
1.369,1.47490522732879,1.72961227873621,2.25357791654122
1.021,1.32559085987971,1.1682914753032,1.17854332068906
1.771,1.68831688920603,1.98359263017655,1.75349248592813
1.165,1.46383945953638,1.34576509070392,1.02147751193237
3.282,3.3214909629295,3.71797355254847,4.80817747950968
0.757,1.27888670893079,1.00162766200828,0.816141285300559
2.381,1.81922748027208,1.92291977365867,1.44637365822856
1.237,1.93893513143079,1.87970557714,2.86065149144829
1.192,1.79867985979406,1.53074863312194,0.886877228362896
2.57,1.1776655451678,1.00250959111566,1.38601959813843
0.932,1.14163083597332,0.953146079224481,1.12941652675523
1.051,1.56129502978763,1.50273381854035,1.53156801061976
1.671,1.02211675178358,1.10944194308523,0.328457418963551
1.541,2.23760480623209,2.0068159454456,1.43280550309996
2.186,1.83495291754051,2.11016676652479,2.11827081996726
0.851,1.27205682966832,1.22749508314872,0.778565302341278
1.828,1.7757691529408,2.33145869572049,1.20578177710485
0.806,0.86456300559334,1.0030431548226,0.882841223591718
0.753,1.44717575552549,1.15636901193766,1.06821221609788
1.12,2.30083226158485,1.89199252950264,2.61489006329893
0.756,0.936141798654666,1.00309544366843,0.82337005300013
2.297,1.90684772876426,1.45663363808553,1.45512197463674
0.722,1.11958938220302,1.33841015937623,0.680374762612312
1.748,1.50089137485437,1.56639079865581,1.10676012727449
1.603,1.57623374033682,1.83073673198423,1.69098462075678
1.343,1.70991105343804,1.46333564105117,1.24942972721133
1.125,1.22586538408859,1.55715717090739,1.85150446681179
1.485,1.47611050400518,1.75719253517292,1.46226341043465
0.761,1.33820463482421,1.34985305202268,1.41784418630191
0.6,0.888558588812376,1.18172969885835,1.02201719545161
0.818,1.09695913420733,1.20467478249527,0.868494982978411
0.78,1.12896446452068,1.18582238765656,1.22353372762247
0.994,1.45691609225005,1.48528720236021,1.00204563113339
2.861,2.45400762474191,2.39822132841642,2.02149131586612
0.446,0.605305992276221,0.75163428644116,0.739314620855869
2.868,2.15807871337821,2.32922747385335,3.28506416260847
2.257,1.90394809768202,1.97926372266746,1.70802005265761
2.492,1.33624100999914,0.974779323831746,0.521047458684515
1.074,1.59644234993798,1.69416045667855,2.26859649831695
0.533,0.871712299403316,0.948886046556105,0.788303457370568
0.993,1.31851425446374,1.27196581901509,1.58048852857465
1.601,1.68674190623042,1.1537234627062,1.41966227293243
0.626,0.837941199963149,0.944007105524495,0.640926155519373
0.822,1.46684978034714,1.0687176904493,0.987947789767134
0.769,0.969858821258082,0.991003890163943,0.645039452761026
0.862,0.946175257832979,1.10825435126463,0.726199334304539
1.334,1.80631461532172,2.00962732303185,1.41964821590804
1.162,1.73897307418502,1.49866220927524,1.14843963710723
1.431,1.17631237515163,0.983295969909419,1.15050234871701
1.002,0.760352029900397,1.11223501089157,0.790647989594048
1.595,1.33314038097862,1.27784564646869,1.16270164685343
0.68,1.06699534681698,0.943623711544506,0.829770467846766
0.977,1.40820126176521,0.864431069896237,0.681988242709561
0.832,1.39725453889827,1.22740119215219,1.15272700288525
0.883,0.85484724471805,0.999821822111902,0.586008808630415
0.826,0.967676825420876,1.19527524238097,1.42121316898839
2.071,1.530610469375,1.63140831671817,1.50950973773993
0.698,0.873036394577542,1.12079206781597,1.24646903728419
0.989,1.38892308151983,1.21788237135382,1.02869447294554
1.912,2.01351429812108,1.47084589532554,1.88734672098532
0.636,1.25014832981863,1.12403188478355,1.1154007817136
0.851,0.489989456400827,0.89466139784158,0.770522240478981
0.998,1.5966508182901,1.04296710353791,1.17903668856905
1.532,1.80864922401494,1.76269932819896,1.82449919396333
1.753,1.19307290683388,1.13672365911398,1.90603098319043
1.138,1.16546568779455,1.08163404871817,0.581303659976476
1.206,0.964542758879692,1.06544894411904,0.920702476889939
2.166,2.04249253951657,2.10039704456694,2.11299826983914
1.253,1.29849522811969,1.52357450820661,1.82372119702072
1.775,1.56330318675998,1.45857251243433,1.42232061824751
1.548,1.32386680519328,1.19958889058875,1.12622668247118
1.282,2.94139442018081,2.37551025937724,5.01759723691013
0.573,3.28536649088986,1.8019077597801,4.42056495739901
1.214,1.07959832721495,0.944168882608,1.4915361091062
0.995,1.23942855562882,1.28070889205406,1.20310651018841
1.519,1.13466764716335,1.23357034347444,2.24924661904184
0.845,0.790168083455259,1.09010793464499,0.998009885490837
1.486,2.04695167380991,1.95976477623593,2.04069400146174
0.567,0.895668927411549,0.802193107372765,0.715904386328053
0.789,1.4185499305783,1.05536216232414,0.907052463226471
1.228,1.52921812022876,1.43410087232108,1.29468306589878
1.503,1.55512215745693,1.26301847776166,1.98862218171519
0.995,1.42188897345164,1.27857369422619,1.62679633222636
0.727,0.547244184640328,0.67140894680075,0.511813438950735
0.866,0.836613681808075,0.992245062182212,0.57489232921689
1.265,1.20735113721084,1.18373658532934,1.2020134642898
0.702,0.526306695916849,0.915577576157362,0.567005424987171
1.492,1.8515206702651,1.36534549381706,0.996321974105294
0.807,1.31184953257921,1.0937550576674,1.31066177193479
0.887,1.90249613600498,1.53536631539655,1.30113988282906
0.686,0.933225612326365,0.917362839881992,0.736296485618031
2.124,1.89074409259003,1.51592894316271,1.2563867881655
1.761,1.7942696100697,1.26858962335123,0.9082488923729
1.247,1.68567739465041,1.46690847150767,1.73793530205653
0.73,1.27158565105464,1.22447363024427,0.805456958371167
0.916,1.50519842601333,1.01613711820259,1.5611145569154
0.615,1.51997332176755,1.34049172663791,1.37331123373177
0.631,1.3564324524961,1.0820607299001,1.33783818670231
1.67,1.68524035746768,1.21566873993816,1.19606597424765
1.184,1.26263953192821,1.24155734970348,1.48231089459739
2.244,1.57807747315477,1.14192287597932,0.883317929503453
0.683,0.937812854354063,1.03881458524851,1.50955716117865
1.561,1.11046848355226,0.980202064448563,0.941324011562478
0.42,0.668244405173948,0.711755110713433,0.891973137338044
1.782,2.19167404391414,2.10810164076131,2.34394245983342
0.536,0.721427629581808,0.861439813709826,0.52133514419161
1.29,2.54613338180563,1.83296529723985,2.56314965661056
0.827,0.96075646640067,1.05664666246304,1.01091138336748
1.097,1.39130355750425,1.07376472540015,1.05809612141258
1.141,1.10617609367212,1.23214649873949,0.893323463481291
2.132,2.31104083158437,2.34887945244667,2.49997428489788
2.135,2.02558938415421,2.17083006458971,1.96390931574653
0.914,1.627601242953,1.44127073147318,1.09929720632839
1.396,1.6078669415909,1.50784988993177,0.960326498053218
0.993,1.20141429892515,1.00257544006664,0.918825306639948
0.926,0.721296167369417,0.853283110854446,0.779253166879886
0.884,0.815231834275163,1.06183077498717,0.758321725342118
0.507,0.602281355154349,0.812859501036951,0.980229557225782
0.881,1.02076584840701,1.39713528280642,0.851668225750868
0.619,0.68877211766446,0.675384298893691,0.693186475310373
1.328,1.81146396637443,1.98031412772343,1.62627840733466
2.972,4.10915269401063,3.06699431424451,2.68370303337713
0.833,1.27082257473467,0.952110119279715,0.786447527894735
3.05,3.12202088821559,2.52398859720844,3.10936161366696
0.632,1.09077874437132,1.40848085485821,1.00122394966039
1.127,1.7196922136378,1.69419047860336,1.40630316812068
1.032,1.14780485450196,1.23698802353972,1.5163401880551
1.763,1.39530222592703,1.07742877023737,1.17850136736072
1.081,2.73246465708605,2.35439985808386,1.83649483704617
1.943,0.868029791424147,0.790371414493851,0.761745122546275
1.749,2.09907415112321,2.24922270530572,2.48955897008651
1.028,1.55414567736514,1.54630784811936,1.20798929782903
0.708,1.20894293770537,1.0970805641784,1.1041865172578
1.49,1.82178155719072,1.71731061219015,1.53273108800791
1.2,0.941531928354539,1.11415067458913,0.990196665477952
0.784,1.19920974492344,1.19388718375617,1.31791836749972
1.198,1.30903577800499,1.92264984633394,0.846297865352586
0.62,1.34971798340625,1.22973540846514,0.96835106700802
1.072,1.60663325951335,1.56912810432194,2.51978761828972
1.135,1.94832437254383,1.41089316807762,1.46357226819736
1.158,1.42189004579188,1.3317120539109,1.38150690445205
1.497,1.58347286291822,1.49147708193551,1.24085221588004
1.265,1.91240006706642,1.7680986205124,2.16522637028691
1.766,1.67522688174309,1.86708604521631,1.72287601079042
1.267,1.76022400326991,1.85225617488154,1.92966466456704
0.714,1.12529024161478,1.26138620709026,1.02259850602696
1.663,1.72719198394388,1.59367342893565,2.35380170990678
0.884,1.08598065391701,1.00333871436545,1.13769059510742
1.619,2.55662552910662,2.15085601805737,3.14042173805501
0.859,1.23325617591374,1.05302314329634,0.942931464798237
0.653,1.07372318238818,0.986718105095492,0.662049830476584
0.766,1.46025027164147,1.37723205822134,1.2476441035682
0.741,1.34651402621561,1.02166090958062,1.39629618123585
1.755,1.59739369866886,1.9362711087463,2.24947890080596
1.954,1.89405031673029,2.04146289616365,2.56865653656173
1.734,2.01122865415447,2.02948576658821,2.32606455729769
1.392,1.73759923035782,1.63767061551771,1.64899959589701
0.846,1.07111071888939,1.06230701374669,1.35161527326964
0.388,1.48492557345236,1.36449891998715,0.909189270997485
1.832,1.73225434977167,1.92143830488849,2.17871516373897
2.438,4.259058674466,3.66830308638675,4.90492065614789
1.222,2.28574259867901,1.71173060510727,2.65401311336499
0.574,1.22992320659015,1.29332981213504,1.28551643816594
0.628,1.98815594113369,1.91433072337063,1.57304146090671
1.026,1.10063067759153,1.12187752771727,0.819904018845819
1.702,2.3260063432776,2.57092942270963,3.17229272614741
1.511,1.72469673616214,1.71321712636897,2.09497161783961
1.039,1.96462671943901,1.50936836454904,1.30430742966217
1.052,1.48536917182921,1.62800575592807,1.63886115443368
1.492,1.20412626303369,1.59749608282832,1.63225699736966
2.649,1.18309202685675,1.47817393609914,1.20547934273797
1.682,2.30098421398778,2.19676077790243,1.35521556210168
1.15,1.07770779117617,0.89451127839783,0.839487229314884
1.573,1.57933653752072,1.88146111056292,2.35008614983174
1.441,1.72863430871676,2.49336970194138,2.16602062220607
1.412,1.84360021500619,1.80646465529691,1.2923728859312
0.687,0.865566922769671,0.951696212369623,1.03801467570526
2.371,2.01514961787893,1.76697896554304,1.76811285023827
1.208,2.06811493725685,1.93939160468942,1.06535178989919
1.34,1.32730150684434,1.53654370687963,1.66763403007661
0.759,1.34894939711268,0.906246048055959,0.894206548976772
0.738,0.826720875525206,1.03303689241522,1.17668628096011
0.922,1.50106846804702,1.60337877534262,1.5801158784125
1.411,1.5267014083443,1.80760618903539,1.49587941254803
1.059,0.610233455180182,0.950237023119624,1.22542121092603
1.982,1.9628461904652,2.02664326136618,2.22877922422745
1.206,0.9228037645593,1.00482023172645,0.925286249498957
1.878,2.10934211948593,2.12607076344446,2.04833669299451
1.983,2.34941365774792,2.02503432858376,1.85933063348177
2.128,1.95355028201738,2.07715338616742,2.28301362099671
0.79,1.76570181181013,1.23190957664562,1.09750274184886
2.068,1.21698143939068,1.31270872157917,1.29359600560102
3.435,1.46177976705041,1.4541595646177,1.73265307833166
1.201,1.44285449052562,1.25279955326559,1.66336196243275
0.995,1.11473892144466,1.05132305574796,0.878497378058311
2.153,1.53143751910661,1.91025128967629,1.03495221244715
1.252,1.90579181050179,1.70320178733615,0.83961416366588
1.124,1.82197260426974,1.66129266789111,1.64618194156146
1.854,1.93091529235312,2.22191964231527,2.244761356482
2.64,2.43852244618883,2.4396778071061,0.832060346421269
1.732,2.33235673121533,2.15138706794924,2.48889505313851
2.31,2.34329987831521,2.53518536905105,3.54186895072389
3.016,2.62426223521898,2.66210071999239,2.32260830265042
1.436,1.78145624423562,2.24231383919811,1.15920652759693
2.24,2.3898284270766,2.3190436139994,4.49343736794732
2.512,3.15501205935849,3.07710229912208,2.82249240579908
1.492,2.02318511444445,2.07270563630964,2.12859357406575
1.213,1.38629576726269,1.67763236736754,1.6208155741543
1.354,2.32102631833998,2.00817863338794,2.05549930242969
1.507,2.55926019328195,2.41311606646069,2.11344569577574
1.223,1.86329237069457,1.31033242129824,1.13888780301594
1.713,1.89191630846733,2.05725253464169,3.42381388924046
0.744,1.1253056989825,0.996622799973132,0.979529433138956
2.393,1.42123331289134,1.46316854960567,1.24899866113332
0.613,1.28006298561597,1.13889661258642,1.00602697406896
1.285,1.51473160929428,1.40055729398352,2.4389330171076
1.342,1.7887348969285,1.44602261650143,0.879745070308747
1.123,1.77075280572637,1.21947598748541,1.29326605937734
1.945,2.16948591248615,1.75651702873605,1.31643360096693
1.075,1.40054486795588,1.09380136086553,1.29496666726085
2.71,2.54460393681102,2.85822832542942,2.64276798285752
2.81,3.29594615208172,3.31321188354719,4.26221587415644
1.784,2.00895683689321,2.24163152199875,1.43453305421469
1.691,2.16572921764068,2.01918330022752,2.17536173446804
1.533,2.42493850142175,2.39071490871946,2.57651791521397
1.946,4.83029616541264,3.57420789671811,4.92047037694457
0.843,0.758919205102803,0.664604175123005,0.570516938131731
1.576,0.705950648108099,1.14514248135639,1.49695924974671
2.54,2.07511068669424,1.17915771871703,1.28805965055857
1.806,1.29427328840716,1.28610829681741,1.41905761192448
2.12,2.76036016228346,2.31966869392017,2.69721117500142
1.105,1.64704985584048,1.89463014646209,1.64261287190064
2.605,1.87361793622992,1.67902881379577,2.1071963629576
1.667,1.35147434258176,1.10941069419282,0.734116319194103
1.081,0.988016472933262,1.18040100177636,1.19186842053194
1.784,1.92530432820908,1.71435532303125,2.86943326064597
1.969,2.88933215283506,2.37051997485983,2.2416502412137
0.877,1.47268641993482,1.0313694239398,0.9710523767467
0.58,1.20567723515169,1.07725482727839,0.974372739192182
0.563,0.760538649938945,0.883548406008844,0.580054036275201
1.065,1.39087219411791,1.54057635875533,0.801283348267414
1.731,1.58693912382661,1.67324199320523,1.47269552636274
0.712,1.91138357315522,2.09627783488648,1.9298903738383
2.835,1.91477575230871,2.2287003421515,1.56658049453183
2.537,5.41188344731424,3.50825075743027,2.17235274068709
2.429,2.70023708178563,2.4135888614082,1.95003193712173
1.665,1.85453402858257,2.00679999116449,2.08287386469844
1.856,2.2901691013376,1.82942818869522,1.99499433629697
1.834,2.22936222176079,2.02170749825952,1.83483947330726
0.923,1.34008252312494,1.05088156816248,1.37392105842277
1.083,1.9908708914043,2.00187361085471,1.41234577434404
1.522,1.60572621535526,2.04122298532782,2.47538950035842
1.243,1.2816634567295,1.29881618108882,1.21064341388088
1.679,1.85325900971242,1.86785106731892,1.51424876158326
3.343,2.44431361706227,2.31146670039511,2.37283285265831
1.971,2.08539236319785,1.98605731913961,2.16162848147491
2.232,2.20302818192278,1.86993334652932,1.9476908754261
1.167,1.45179495760599,1.35302964332803,1.26315916967498
1.407,0.993450061188233,1.11116319284578,1.22788121592493
2.904,3.14908175644806,4.2353317437246,3.32924190143589
0.844,1.36266051724335,1.18376312682482,0.869123103941699
1.74,2.25803395378124,1.77710547948291,2.00122401153519
2.29,1.9122074663445,2.38292928470015,2.55550306673121
2.088,1.65830299006647,1.50394695652721,1.70953037202557
0.597,1.82380411338958,1.52825631663784,1.93881669489182
0.671,0.963180808990896,1.02637611607648,1.18968772267898
0.65,0.705836313701435,1.00011467974304,0.547171794665574
1.848,1.68878491288369,1.60611685035817,1.58555935696244
2.382,3.11947262219057,2.32181963857226,2.17191745863095
1.623,2.58439664191345,2.30280582819793,2.23088842791605
2.931,1.99146774320933,1.70614643696589,1.96343720250491
1.567,3.00685468920783,3.41533007847407,4.65354969966451
3.361,2.63886793811535,2.38870481743285,4.05731631748413
5.06,3.97228364820441,2.96273033501173,4.09373929572946
0.547,2.44872541499457,2.90425066484473,2.78466835393102
1.094,1.98938855775836,1.38225093857564,1.33406180052955
0.882,1.57060543920423,1.562791011298,1.62927068179267
0.76,1.52130611306042,1.32135940746748,1.45473908139091
1.122,1.59601708192157,1.32352985383087,0.755091010610426
2.658,3.47300997453689,2.38322324362254,2.89244642187818
1.681,2.68698509672738,2.17370983612367,1.07897371638766
1.854,3.01139881746262,2.42074548986968,2.02385363305879
0.937,1.06655787755557,0.942285708475026,1.20987073297396
1.076,1.5040043296,1.42806390390047,1.48503527262371
3.23,3.24879795189638,2.41910369127817,2.75884425399302
1.022,0.891799965874039,0.986377300694512,1.01539178352167
1.248,1.69852887262116,1.56847651354253,1.33493093365616
1.812,2.78154236702815,2.54588464537304,2.25549463882036
1.095,0.941416191951188,1.04667367149645,1.08338339556073
1.054,1.72040184674072,1.8882634432672,2.7234448496338
1.798,1.92984529793531,1.56690710003677,1.4749564071279
0.89,1.12402874551633,1.05584363771295,1.63737960794466
1.199,2.07321677041548,1.73078252600142,1.14939780586091
0.552,0.906598808644055,1.22108009778888,0.648463763999879
3.475,2.0716848978346,1.74564551160182,2.02969412264847
1.247,2.65620608182816,1.66367870818247,1.61195117818291
0.929,0.911586169135211,1.01075856875566,0.633309063131497
2.573,3.63813621299188,2.91302012979224,2.11255306990597
2.076,1.4983298694125,1.6259620266,1.47882295949241
2.597,2.87062937520437,2.75423608570255,2.34176694251972
0.439,1.47970545822342,1.45731545853728,2.09426283016165
1.185,1.3182710994613,1.08838975474679,3.13011310899368
1.582,2.02138520848405,2.8231730366768,1.70380543243231
1.863,2.12624718618977,1.84681555260426,1.36286608502968
0.699,1.45193532920151,1.15610537780429,1.18504371810527
1.464,2.51955942117693,1.92671840565191,1.19185772602248
1.275,0.888739469157294,1.03420390463179,0.605578683160518
0.953,1.54900567548207,1.40068011483765,1.46598158005633
1.628,2.03740734559537,2.20394202809029,3.11812398809152
2.16,1.68006982779149,1.31415927872971,1.81589861459066
0.691,1.1671784565285,1.13122493660297,1.0396625769156
0.81,1.41248330413921,1.16644752915688,1.03886003093718
2.233,2.57795471377826,2.30960863122117,1.44419580615041
1.467,2.03412789616038,2.21147613018058,1.59917302484651
1.821,2.41613276743381,2.25506040486913,2.0355618913633
1.779,2.13454416509112,1.39868145595551,1.18037882488994
1.997,1.84340098259887,2.11720086730097,2.09298122067825
3.19,1.82429707948438,1.69310995398653,2.59397792645453
1.836,3.00511886033578,2.14694768316419,2.06690309758314
3.7,2.86960671219196,3.14717325688321,5.14576307383033
3.357,3.60785318693991,2.71892716747006,2.87592877859574
1.267,2.19550626533439,2.1332582428976,1.40795863715742
1.444,2.7603098894251,2.41483112943993,1.99869216295818
2.129,1.72609521473522,2.08450444102229,2.35223323033039
0.933,1.08823268650014,1.0704493630679,1.00656091151621
3.087,2.8897234682541,3.75970726622547,2.42255676256138
2.277,2.75366764031494,2.3705571634616,1.53386452921692
1.84,1.59158655727231,2.05878107359433,1.41105609466847
1.072,1.97270815934302,1.76509236314967,2.92410259516326
0.719,0.778019428147313,0.634976076415094,0.481891604105384
1.307,1.66681981694247,1.81799148187444,1.12115062127925
2.56,2.415460731346,2.946850222573,2.06841930943566
3.546,2.10436820839682,2.40706822270531,0.896070306990255
2.359,3.37574056588128,2.91921529090004,2.38196100475832
2.978,1.08676417050039,1.1424416124009,1.08360376519227
0.94,1.21374760801244,1.03971803900994,1.14307343007933
1.174,1.74844917059607,1.66054863058425,0.663720652226438
2.1,2.35804494883361,2.13280422840607,2.04326874678638
1.631,1.63315941822169,1.48861050294937,3.48611544006965
0.932,1.22518725448571,1.01653828480642,0.889207896529612
0.839,0.851363634774515,1.01222813203251,0.908676223188031
1.705,2.12971953828592,2.05975444946689,2.28764563563691
0.942,1.74281285316354,1.23722171165338,1.25025722891114
0.674,0.954580591360826,0.93028397176456,1.92933019291765
1.21,2.37040602597159,1.52571542189914,1.6322628749923
1.078,1.41619026158141,1.23990699013803,1.16669619622227
1.344,2.06985678203467,1.96677349616175,2.04192632155725
2.53,2.34423710184774,2.34147392241188,2.13291389995024
0.837,1.27432626280097,1.07556868906695,0.868969590359068
0.865,1.49900126506336,1.06475510486302,0.950119687642734
1.666,1.69983686751447,1.60173982087372,1.59156042456688
0.754,0.788450023914236,0.909253505624346,0.510669917541303
1.93,1.88477138061677,2.21008583648719,1.90079138562292
0.676,1.0995279908803,0.942227206198559,0.999402562040591
1.331,1.74868178762193,1.73082804037145,1.5196860660395
0.765,1.46313033488762,1.40198197923079,2.0064852735795
0.617,1.7956863659406,1.18863504192046,1.16101768348576
0.338,2.07517249051379,1.61810695233507,2.12206714806592
2.159,4.05275183467568,2.66724790020041,3.85975274523975
1.424,2.02141258786677,1.54120066998783,1.66365283652073
0.483,1.7022363973476,2.05208620450728,0.777392035996576
1.451,1.0346811970335,1.03360802156337,0.994793491572227
0.954,1.30636445497979,1.21726282320358,1.21492269008911
1.769,2.41126174897222,2.31626942231726,2.05315145370812
0.995,2.69809836561788,2.40780830235336,2.39686830031616
1.631,2.18147378667052,2.25062004650775,2.01558277847403
0.763,0.862008668055055,1.05584294665149,0.93457862231486
1.758,1.79615477674001,2.02040081782205,1.96188978692357
1.203,1.55345923077451,1.69194781366351,2.47426389289572
3.2,4.07669425106832,4.0272811108356,4.41815690095387
2.251,2.98708322787495,2.23679529769051,1.6184174543275
2.56,2.09110344366889,1.80572847571626,2.15923658106305
0.397,2.10270326233363,1.7590651603086,1.43107102260987
2.023,3.39285656189248,3.45181059700746,3.68047793862794
1.652,1.63295247638804,1.89731348310375,2.78147568644608
0.94,1.90344006843782,1.42765781777559,1.63253923219315
1.84,1.88853828371115,1.64348383737356,0.91618718637651
2.431,3.80926041531084,3.12426471409884,4.36983426875095
4.28,5.26793212866595,6.35694607468634,13.0724760198578
0.95,1.65018765257588,1.7270097302464,1.37154161224825
1.283,1.35786057870952,1.75358784314981,1.2622931151955
0.766,1.57619268096523,1.4124916451425,1.20617011269593
2.49,3.27387727013728,2.96194233892987,1.20457182768312
1.206,1.02440314364337,1.04440689270209,0.722628154001151
1.062,1.08624768533403,1.32883284060328,0.546310363621056
2.719,5.54198218324361,3.08170479946143,20.0961282186623
0.657,1.07964885517215,1.198007669621,1.0599585545341
1.121,0.901138054138694,1.13079884802159,0.813604484345215
2.74,3.76209074616714,3.29708641285236,4.26215092272355
2.738,3.05592440592381,2.86666822952616,3.46121425953569
2.138,3.31309060049231,3.36132146253742,4.27970664928079
1.853,1.87159044348473,1.57033396213607,1.86299570256834
3.6,3.47253483706377,3.02961927232065,2.73705165270563
1.137,1.85827525145155,2.33039510356007,1.76515158149939
1.101,1.44716189148436,1.88333423370629,1.49568457785952
2.089,2.29511139463702,1.47105157153893,3.33571941524423
1.167,1.81864787877382,1.72857573513051,2.4535640804599
1.41,1.30435205723253,1.37951061064057,1.17516330891196
3.777,3.34330947703566,3.52405136020624,4.11068567434243
2.759,2.39002715923891,2.9468575334565,3.63239722675055
0.651,1.52213324738049,1.28567184300447,1.66522039084632
1.084,1.12225359841005,1.16675497934712,0.545525803958557
2.318,3.78010555887391,3.68731985235663,1.80710528472926
1.396,3.1515083524303,1.95127161914913,1.8118155376052
0.936,1.85395688388631,2.0809027747417,1.72859259764268
0.929,2.6286273499161,2.11210043322045,2.00092197987006
1.053,1.6784720284478,1.61382449989739,1.7912150022024
1.153,1.74391378920977,1.54965899551091,0.960902376926081
1.434,2.3707210270039,2.19663080988085,2.78737502085108
1.531,2.59650573983246,1.62624524830932,3.18165761363652
0.879,1.03806491856597,1.33058440181531,2.10789708499612
3.08,3.3084660682694,3.36356939469589,2.71574554793688
1.773,1.63010764043624,1.70361235472192,3.58696471984761
2.01,2.40009800095925,2.71130820025205,3.01016374432923
0.808,1.2463692526731,1.01769100349718,1.22026280498891
1.855,1.63494060632308,2.13322250015932,2.00072944426653
1.683,1.66712396009411,1.96537605997009,1.46401696746289
0.655,1.46830427358184,1.42309847041848,2.57233981744494
0.74,1.20982557387419,1.26275079755672,1.13062500136659
1.182,1.00528481967247,0.90474164797239,1.28793014441592
1.159,0.977423229253316,0.994151628873381,1.08351602566544
1.396,1.75091914095183,2.34430519509086,1.57580398089175
1.903,3.23622540382204,2.07659692293277,4.34237378303838
0.89,1.26173921897564,1.40800785463039,1.03152157871288
1.295,1.89382059468074,1.93738947957248,1.88622744945881
1.533,1.22186579065205,1.25303705069058,2.10181348910097
1.894,1.65602637840759,1.21279591815974,1.47152805302186
2.493,2.12729641427321,1.9525009302172,1.5595026347765
0.92,1.070133824345,1.15793255424356,0.962279485593642
1.241,2.62559611761749,2.51647476172327,2.55743611559627
0.634,0.930356118343596,1.03459786290495,0.39812107326228
1.207,1.75832814211161,1.66894870891634,0.87198045083712
1.149,1.24005305028585,1.49143579392935,1.11551190076748
3.053,2.17557585506549,2.09960258896698,2.23666091221493
0.85,0.912514625500469,1.06702535775111,0.820067019835981
0.905,1.89981420662548,1.80741810283584,1.91887897090387
0.891,0.919124298845031,1.10331096711675,1.1545068064334
0.873,0.954858223739215,1.00487357517872,0.641771888140645
1.061,1.60894884476363,1.69414091218718,1.69324293872235
0.917,1.17797955588626,1.05962664715236,1.81753948528824
3.253,2.49926686141615,1.69340034893416,0.963062559779654
1.578,1.8988918199423,2.03701454598119,1.88416163069942
2.249,2.91199564715124,2.27893494588078,2.08348198147421
0.864,1.80667949190457,1.60791597990709,2.97833932679445
1.682,2.46349170546051,1.66127604049854,1.58819767151484
1.114,1.39758340438038,1.33008296352254,1.30916023168862
0.82,1.3257808718725,1.46196508886537,0.74547259935134
0.949,1.06136766746787,1.424031733623,1.25067886096858
0.855,1.35960460446812,1.31446334323202,1.22338190766949
0.562,1.2283355452132,1.89805289356284,2.00870429629379
1.177,2.06175738657245,1.56810840863287,1.70069426489143
0.734,1.25885414641618,1.3998906469276,0.711277496099211
3.404,3.16387762081082,2.33717202941017,1.76912081767165
0.845,1.2160409611217,1.25137621881443,1.58822516590887
0.799,0.618259939926021,1.17554495316214,0.565751284837441
1.825,2.63037251435943,2.29195151358291,3.2232957320033
0.64,1.48208219906525,1.28737620978653,1.58414298423868
0.861,1.56745940169698,1.461161869629,1.47066133633443
1.046,1.35874603891407,1.18782451065118,1.01366991330918
1.715,2.26563659039929,2.00651390152766,2.48562452528739
0.979,1.53834006613765,1.49165602621274,0.830992922635103
2.811,2.27606566118656,2.35757587827747,2.66443085223234
1.073,1.83103112577722,1.92227912325966,2.3252735166402
0.651,1.51271495622118,1.52651264770103,1.41751325833457
1.064,1.16622929737884,1.08409795711055,1.04793178130613
0.717,1.41124062993566,1.13138696931388,1.23817945350142
3.255,2.88678109199461,2.48675062308233,2.52855890653057
1.552,2.22503185061273,2.21586977570691,1.32928983273988
1.86,1.65264336765552,1.98946089183937,2.00573032836026
1.162,2.67085943353579,2.44982661066535,2.651195893287
1.023,1.03630563238578,1.18221411446798,1.16432701643908
1.868,2.48608227563746,2.35192589533686,2.09832592036781
1.982,1.82568017494532,2.25827439421229,1.98835044116075
1.49,2.08330963871117,1.96228754720456,1.91804438077098
1.289,1.88286199185427,1.84971470011126,1.70425193052264
1.498,1.8816198638743,1.32175095400447,1.20373918700893
0.769,1.20337258298302,1.03304634812634,1.14544743881211
1.491,1.75200128097243,1.84398558032195,2.74086375484581
1.457,1.7502095466696,1.96833688180357,1.43718308486717
1.602,2.44428003351377,2.20088733651955,1.56008108591705
1.593,2.54106933462608,1.82300212128902,1.58364767386439
1.094,1.64931044753737,1.41119546419963,1.22294243106175
1.789,3.04668499176982,2.25842232896901,2.07761513815279
0.847,1.88728882411004,2.0653649040592,1.95068471209296
1.199,1.34235000734953,1.29246041284967,0.787859546198707
1.712,2.52175180659498,2.57064336093024,2.83696282272077
0.998,1.25016973463142,1.11521718888853,1.20485171173354
1.169,1.26718437785828,1.12109204619475,1.36664664756068
0.685,1.01029651641737,1.14919220709834,1.37827209188057
0.822,1.45583660546969,1.43786941661809,1.69662880821058
1.187,1.68420762243888,1.53744448365501,1.64911767156557
0.984,1.17182225029866,1.14333233008849,1.24712765080864
1.091,1.11645171434018,1.01804409867343,0.759892554043859
0.778,1.48278320111318,1.47799077528268,0.970544099346826
0.524,0.825904867821305,1.04941067431179,0.758613298848854
0.544,0.617403329163506,0.973172967388676,0.456119257057391
2.063,1.8361829973935,1.32411230613704,1.97740526832094
0.827,1.3970236213936,1.35962442316812,1.61107210927242
0.745,2.01087238319518,1.6068886526547,3.84316312466171
1.508,1.41663445792251,1.08533614394138,1.50214160758101
0.886,1.0210454022919,1.07975254499179,0.756393964381626
5.322,2.87464569330888,2.50113277918264,2.7239265392046
1.236,1.78425699343221,1.75260667426808,2.6110230674195
1.472,1.63913591389068,1.64204221847638,2.27941281726792
0.66,1.8532413106851,1.382952955091,2.07944751189536
2.702,1.90012491313283,1.68471670852337,2.25698588837134
0.754,2.74615944165422,1.51375466254577,2.01577825232528
1.434,1.68117794840667,1.17145420421512,1.3608504357623
0.887,0.964301017656125,0.904825320123151,0.675349924302071
1.332,1.63462337426328,1.49414889044715,1.00773562578522
1.386,1.42491127948461,1.51816307379948,1.32671346066872
0.612,1.27577736471025,1.21988172618415,1.80106048283731
1.203,1.19897639651214,1.07103627522376,1.56349293856764
2.657,2.98125166236814,3.13113370803639,2.05901473919232
2.74,1.24683682377119,0.985398700955981,0.527173333667851
1.257,2.13072547443955,1.55525416150014,1.68460071961283
0.689,0.938870009452745,0.9744842091791,0.823612167577022
1.942,2.56767962710346,2.14800573015033,2.64717733182039
0.973,1.01372384720396,1.11113280379457,1.17273471845226
1.861,1.4469039680711,1.51719992061584,1.61006513502291
0.636,1.02761485792371,1.04316179378511,0.729572732267905
1.047,0.967405219283808,1.17024203053104,0.943441166714811
0.645,0.792535492550734,1.33455837118412,0.699611494045843
1.205,0.945399144688153,1.30557511455575,1.06000245312414
0.95,1.44763180415471,1.22382577484707,1.6956962589046
0.848,1.17167356099357,0.977689609821265,0.542368073161993
0.724,0.817232388724805,1.1354923338198,0.526047440284069
1.254,1.49364930021268,1.44593528883258,0.809359086336848
1.076,1.02333627166218,1.16639171407288,0.566266979323891
0.796,1.65924869371736,1.25107114379196,1.20105277540273
3.085,2.20419440484868,1.81287561392051,1.38630964694854
0.648,0.50742507778036,0.987017672389205,0.820927484746971
2.208,1.40347429900655,1.16059097311191,0.833103000154665
0.653,0.959823123137289,0.960306293820036,0.822648740572012
1.245,1.54933262150472,1.44207171773451,1.31596053325383
1.03,1.01867275829069,1.17008129925392,0.845009922776075
0.842,0.964692084196965,0.894170269189843,1.30740781108048
0.82,1.37042607969867,1.22969964878235,1.27038714476789
1.274,2.01151796428186,1.84456606464806,2.17144100815467
1.825,2.09882082717631,1.36328586414886,2.22967009908307
1.569,1.83379381900839,2.05243307117742,1.79472903840083
1.148,1.6257737116992,1.86503195900684,2.49102260299689
1.779,1.14305568465074,1.40833185798903,1.15319361987269
2.322,1.92705073312902,2.24335633216391,1.91497084279947
1.988,2.44060502466863,1.31779734738495,0.620747957293558
1.023,1.23877000791726,1.16371363346984,1.33313383908124
1.531,1.09311156529612,1.07443886241505,1.08949327897879
1.972,2.46417839464074,2.64936166398763,1.88252941411498
0.845,1.80600417776258,1.46623503694281,1.260297458865
2.307,1.82445605878437,2.10703232263997,1.3279126350231
1.104,1.73257547594142,1.02236545943237,1.48465597673528
0.829,1.60937881526104,1.2486999130919,0.923759827878154
1.412,1.50962409788869,1.63354475902658,1.68786781715697
1.888,2.28210479902084,2.08915559164768,2.89032113160442
1.285,1.49326622711379,1.03281944372758,0.789509102584019
3.509,3.39807148224503,3.02604707330182,1.73912590734424
0.668,1.17279605717394,1.16855432579082,1.60310164215991
1.661,1.99250887092466,1.85159671712986,2.10985390637073
1.907,1.94278700208162,1.89464049872615,1.5752307253765
2.071,1.54394607720279,1.89223988387374,2.24740435602624
1.03,1.12265937154578,1.18400800455429,0.982306447669009
2.859,1.7803901300485,2.37570538544317,4.55870380096655
0.623,1.25652629926782,1.33226210550265,0.544871291512741
2.763,2.56675894853566,2.58439631720879,3.6148153891858
1.369,4.06226101774465,2.73082740037009,5.17400407424839
2.663,2.7930430157493,2.3471921697973,1.70217430917834
1.487,1.96663905808314,1.63076352997578,1.11169225100488
2.357,2.09587829138546,1.63877885864801,1.78943494672602
2.329,1.9069195467127,2.07144079667925,3.37440604735172
2.823,2.53059359328731,1.36308495291408,1.81225554349482
1.828,2.40012641703537,2.05588421668511,1.53298386025176
2.016,1.76889615215385,1.67757745596318,2.42487997379738
1.509,3.77686901904082,3.19764417481858,3.95785297774557
1.06,1.82860410362132,1.37096244949122,1.57134765371866
1.202,1.79108798747481,1.23734437432733,1.93212199210705
2.771,2.48894832653225,1.41786803084046,1.27745325139269
1.888,1.67274243887066,1.4797013181748,0.779528163870925
1.109,1.64157399999971,1.46165648259103,0.817912321892884
1.725,1.75771017691841,1.37221385245368,1.061692774082
1.932,1.39534295542199,1.38204437334928,1.65698810822332
2.528,3.32483589080127,2.7831896910131,5.46696774117952
1.705,1.23192979781634,1.81586177264921,1.65162341429976
2.543,2.65374354403848,2.47221155965612,1.83657599141942
2.183,2.48820929033529,2.05310699041983,1.81400748023433
3.867,4.66918724319687,2.82035170853481,4.68969330478807
2.182,2.11687501183482,1.96676666999349,2.46485644499215
2.636,2.56872052990191,1.91839458287854,4.34820847149571
1.041,1.82287097194889,1.73812602598799,1.63445243179402
2.078,1.98113709108198,2.21505667777462,1.59923348191441
2.622,2.64603013753321,2.65461839593575,2.32605330298063
1.101,1.40075082551687,1.53570458509776,1.41149191370978
1.698,1.49192141713043,1.70559671993124,1.15290125105278
1.831,1.33761769425935,1.64190426603449,3.81619557123247
2.274,3.13450500877098,1.76663275892139,1.11826713758531
1.909,1.62293599821519,1.39087827842856,1.7727694982538
2.132,2.39633167108988,1.25226766263428,1.65935146877077
1.535,1.22370639914519,1.44228388194903,1.80497500856723
1.798,2.97890230579069,1.67554447811257,1.43425156611238
1.81,1.41197644892126,1.78659567884392,1.21235216173513
1.891,1.70223063148872,1.80510726727702,1.28828111213394
1.138,1.79438273035288,2.14913303522169,1.57140310029237
3.344,1.65180766270299,1.65305191734813,1.63124856948462
0.935,1.87511729055287,1.18267122462685,1.04851015692997
2.319,1.56013099244098,1.68882815264382,0.953455913290552
6.025,2.53109858044643,1.78296195355702,2.57000861930576
1.412,1.30590431817942,1.5004566293078,0.87688012395239
1.741,2.07139595998892,2.87621499919375,2.82244107244914
2.339,1.82308163716502,1.45695697761427,1.5945722246766
1.086,1.21694298129496,1.24564473255074,0.82387505654192
3.462,1.95595569034073,2.28288017977159,2.63702568560624
3.029,2.88295402314962,2.07642665599805,2.53026143846241
1.343,1.71631765697006,1.71051334723055,2.12832149094309
2.099,1.76183664730913,1.5767454679852,1.9545376377077
3.145,2.08008946839311,2.26620861303219,2.35698683646526
1.086,1.56220450453265,1.63694632135041,1.49632755134056
3.838,2.67406272841238,2.33678732634885,1.79848768846225
1.393,1.77869771050378,1.63229922953051,1.38516505951262
1.011,0.881988807338063,1.04677323208284,0.942779766959127
1.843,3.0674915898097,2.79804128974511,1.32369286488584
6.884,3.91805650380754,1.95009723950304,3.57650998379907
2.998,1.85817651417381,1.55578114841644,1.10935413124535
0.622,1.71074724466822,1.20142526211228,1.90248416560987
1.886,2.37683777839133,2.12596650431318,1.54745564766949
1.959,2.33949027105319,2.1034665308293,2.3326407881462
1.175,2.19363935833991,1.7851104022469,1.37982018532388
0.889,1.55647344869053,1.59554169449728,1.63332489416048
3.459,2.6295751807094,2.57264060338463,3.75740591222165
1.188,1.39928352601511,1.54704318936924,1.79051714240327
1.351,1.43773325403237,1.5461645102718,1.82121174455908
1.44,2.00485899171342,1.57205319496703,1.04414552405776
1.337,2.20922729250431,2.24842376808178,2.4807100130955
0.927,1.57393178806143,1.68730146945805,1.28018622919853
1.242,1.21696382124235,1.38542586977608,1.41043173272979
1.566,1.75857738026199,1.91735049842261,1.32149591872358
1.214,1.8314942817522,2.0176463989579,1.72719249697575
2.191,2.584285358652,2.64047297939693,3.09280338525424
2.021,2.28697271014835,1.43377023282969,2.00988635258348
0.88,1.52589798969824,1.49037987067765,2.00286475413403
1.144,1.06703178317817,1.16937708317335,0.798755619701262
1.805,1.93457768442511,2.18513500594568,3.25843991419347
0.911,1.27051840073503,1.03209601389618,0.886951390758593
1.675,1.89874386244769,2.06507102746401,1.7575951536266
0.791,1.08837416112056,1.31262382085045,1.21592225694007
2.443,2.05478514626668,1.93868552440626,2.07301462192183
4.946,2.92032936747887,2.33203661410342,2.85626331735574
0.813,1.21242414730772,1.23295963313448,1.92616073490983
1.381,1.56747179419811,1.62903335928386,1.4880194173261
1.399,2.06773362974445,1.25837022313616,1.49292871920601
1.099,0.925016302690472,1.02541962426168,1.16441700007618
0.984,1.86031430955992,1.45564910780196,1.24536613060642
1.821,1.67795290660563,1.74835705604422,2.06665019743365
2.975,1.38737251248447,1.23182090469494,2.66970172728819
2.714,3.07263327517795,2.33730974323568,4.86598248553696
1.359,1.73774192196179,1.75930159589825,2.23243752493769
1.971,2.51239108294922,2.29324607175475,2.73268915521806
1.946,1.98460175407615,1.58793832370158,1.75185599579119
2.658,2.45421662875673,2.69604838290756,1.5005278212011
4.228,3.11812807318506,2.33150997134127,2.67731764899043
2.173,2.2554237692963,2.04452923177333,1.76119118700864
0.758,1.01813122904255,0.976907682085991,0.881477560333564
1.174,1.8497009086223,1.39365261674081,1.4667201643387
0.928,1.45441163131193,1.42242881854607,2.42599983767482
2.41,2.09431359481615,2.20724076835067,2.33074905630205
1.79,2.01879866989114,2.06562933300509,2.1309522913396
1.889,1.9016029955299,1.86915216603976,1.39553012600278
2.118,2.80579659943587,2.42368190998342,2.02601987072494
0.539,2.05427584620241,1.90387987589858,2.41847845327241
1.122,2.27925397867406,1.8378707411641,2.03330839339114
2.281,1.66485467588454,1.79968455319142,1.42626394515222
1.732,2.73359363959017,2.25147829925428,3.43898734303881
1.635,2.04688651586904,1.83252869380955,1.74393152343208
1.105,1.34414511146449,1.36729184528482,0.9882133561039
1.074,1.63265935808924,1.53390227548108,2.14685999466112
1.684,1.91351925458962,1.93546997062499,2.08957569454087
1.115,1.62201461035301,1.51882156970068,0.99994061507428
1.5,1.62995304776216,1.61552336877192,1.39222336642439
1.149,1.72971919213798,1.62724952298815,2.24194232979794
1.514,1.48025254436804,1.80237939523199,1.4905563739226
1.628,2.20478652894859,2.29131846564012,3.48716514104887
2.091,2.16918995588377,1.72697894217476,1.71685933358303
1.956,2.40011369311002,2.44176580257295,1.4306298872895
1.261,2.03699168640532,1.47480298179249,1.40410134118956
1.171,1.83381069009483,1.48551238430231,1.29909531003996
1.527,2.36803482832938,2.45683656512694,2.67032764434122
1.79,2.3712952852778,2.11722978132206,2.81360803984483
2.234,2.15794065067811,2.15037652857102,2.25239706138882
1.243,2.33617799429114,2.02037071026442,2.06178121217498
1.052,1.85844175788356,1.43604613399728,1.28108854161274
1.12,1.6871395894867,1.41137207548373,2.3642011941333
2.076,2.02908249240913,2.35950768351538,1.9610738640245
1.425,2.03272234681125,1.93606486185921,1.0062769139694
1.12,1.25362165900898,1.11675058515587,1.58832017448832
1.661,1.4808123200725,1.65469313770189,1.31573203143098
1.268,1.69001326341152,1.64503166694632,1.06913946332172
1.752,1.42607353554973,2.0085736890192,1.97287168331075
0.966,1.66277290875224,1.50341379815048,1.11934787052299
1.996,1.93280312781723,1.92079656110794,1.45444937200221
1.852,1.76284107707725,1.58506500730009,1.11457606772954
1.447,1.6005657224341,1.51321059431686,1.15143521458973
1.807,1.77088493853211,1.85196975587658,1.70197575541738
1.206,1.07670246017084,1.33057758971636,1.43595514150365
1.633,1.6924979188522,1.54493929685297,3.34446586442819
3.384,1.89715073311229,2.23579485752981,2.72166275984854
1.622,1.99105990005555,1.89386679129013,2.20623668484604
2.014,1.42112174988905,1.39666143872728,1.68630831258294
1.537,2.91549925310954,3.15710079216511,6.1107260027547
1.262,1.82503523040646,1.83473598334491,1.83917519809688
1.106,1.67098236840789,1.59124004237387,2.14123977524506
1.882,1.97240261538395,1.54849237057505,1.20991854089052
1.102,1.70158466618163,1.51698662686478,1.37887680485771
2.037,2.05016586559967,1.90540291510647,1.82162732528894
1.321,2.41306137512188,2.09607172585081,1.66033625792574
1.742,1.47453720327599,1.68805986786508,1.52322505948744
1.821,1.34652656547437,1.71355818928266,1.35251669438524
1.684,2.48735770584526,2.52140716205098,1.92549898337868
1.837,1.55002890003477,1.53708026393256,1.51165594719844
1.666,1.4340706266435,1.7702716702242,2.19121341075805
1.212,1.17819519235082,1.25782873365529,1.06757670168546
0.756,1.33099552194427,1.2002220454308,1.00267210957961
1.514,1.35965279090393,1.72963772930201,2.11129989719231
2.395,1.42486241426483,1.75155306212203,2.13462137299876
1.452,2.09373972920401,2.25369364550121,2.82606073660354
1.817,2.43319313173165,1.7138000170352,4.38736528798504
2.464,2.41583216038801,2.28742022432781,1.82810401666625
1.47,1.63335334017286,1.88779829496206,1.67821006852552
1.092,1.57147639563076,1.67047699134565,1.78077036873063
2.016,1.78538971773523,1.8294902778593,1.27760484067222
1.916,1.94906208961046,1.96549968312272,2.99601566441616
2.199,2.17595197179333,2.00397819844832,1.91125984923131
3.135,2.62558586292501,2.28542365847389,1.20686166716069
1.337,1.63684777377497,1.60381687983734,1.59616324833005
2.269,2.15139772936173,2.17149324940251,2.12693282395532
1.635,1.31418513122202,1.50301493500234,1.58631920826777
1.911,1.81686897034304,1.99468319916704,1.53910794473191
2.363,2.29665709496597,2.20225276051967,1.77694859677323
2.329,1.75389766877637,1.62535010386143,2.04507869719305
1.585,1.51518632843862,1.51886288660869,0.446952430759453
1.098,1.26164267736822,1.49266835660923,0.991890889052835
1.628,2.30057581272695,2.35834841327369,3.61593605637534
1.086,2.27716724700371,2.38973679196814,2.82339105248672
0.359,1.73090316368676,1.70743598532639,1.82707950277915
2.017,3.45226696197496,2.71870122371243,7.69744205723013
2.337,2.30844211376964,1.98592961483148,1.3181214919207
1.545,1.81082551956944,1.86014865115553,2.43438619172819
1.261,1.47181630401319,1.63033595680229,1.14584023540485
1.411,1.70987081859319,1.90966355035304,1.23985561226883
2.855,1.84378215955946,2.07365665037412,1.37380362978371
1.88,1.81844983284465,1.96502982514264,2.02600297416604
0.851,2.4628699131375,1.32902961357933,1.6317515830797
1.301,1.14430507369221,1.18845345049734,0.776448164149148
1.32,1.94897279953212,1.86413529622514,1.90979681282606
1.457,1.42099603128307,1.61198842399389,1.53028827112179
1.36,1.74138658464968,1.5970953828194,1.27093895078861
0.899,2.83647001260587,1.71424268662576,1.48641640936566
2.2,2.3055724211901,2.12541356857789,1.44164099372143
1.485,1.76156063396778,1.32337177915877,1.7501024674566
2.16,1.77287500109577,2.1588350098358,1.43877166628189
0.735,1.06867029494122,1.00969633830185,1.2935818173633
2.21,2.27134785171049,2.82320088376478,1.77717999255401
1.068,1.15122298903078,1.27425710254179,0.876750215315924
0.889,1.84318475047491,1.456423040672,3.16760425271471
0.776,1.60275758933111,1.95420444944131,1.17084366273273
1.394,2.21709403153654,1.86756243377539,1.64155464634978
1.108,2.11153264634689,1.59712353948224,1.78777945910402
1.284,1.31023933801536,1.50039121429326,2.88334493091818
2.36,3.49317899288035,2.02501917087462,3.30412610132169
1.282,2.16566248057537,1.62959480989383,4.31274631497796
1.422,2.20311239603648,2.128085589122,2.75910939592905
0.768,1.15046206124082,1.38784584676215,4.27205935160358
2.127,1.8518387094443,2.02235864371583,2.36347629119429
1.286,2.0153425331754,1.82943940053143,1.71176898998925
1.229,1.86173703858898,1.86448196202995,1.74902106136328
1.106,1.53132877602749,1.79488454558405,1.21383874085774
1.643,1.69502778510251,1.96252085916678,2.51794424231242
1.881,2.48486849852428,2.58649911086175,7.03429041649811
1.312,2.26391009817419,1.96180984443809,2.00302236217814
1.314,1.5346281720856,1.8372321737259,1.98724718298255
1.294,1.74143983787544,1.73278500527809,1.74508809035167
1.85,1.60886650668242,1.8906836292374,1.83388688471794
1.626,2.49915467306205,1.93871795065764,4.80746912675936
1.597,1.91017616945756,2.0410887380638,1.80089398753357
1.466,2.39074133378895,2.08375050347177,1.04719530788452
1.761,1.99137659989705,2.08743930988855,1.7691405441578
1.422,2.48130259920093,2.89805510337524,2.27253232926672
1.411,2.89941528003204,2.58783697263646,3.61803359887963
0.774,1.84607368885177,1.32145193947379,1.60609805462547
2.121,1.44946065360516,1.76094749381994,2.00564634494299
0.737,0.912827538726584,1.20834005135977,1.1082540393038
0.927,1.93740422586799,1.52716504108025,1.54166214871214
2.051,2.14572538984809,1.91749427125025,1.81151173028237
1.297,1.6083132913912,1.87097822707242,2.33170882402975
1.569,1.61950479914559,1.79495720412907,1.83816035630843
2.083,2.13590245229741,2.08382999320854,1.48975761414763
1.898,2.16938456983323,2.25359301573938,1.57831605805672
2.411,1.79352236384118,2.14346406125243,2.72619375337654
1.901,2.10005418097126,2.0535919546287,2.10641228215815
1.67,1.69375203372393,1.71813503462688,1.36031339933762
2.845,1.94248968750436,2.0931410311706,1.673822485066
2.342,1.92002425275443,2.124555643816,3.11769245201911
1.309,1.79728512070005,1.74728163733246,1.85240775130685
1.914,1.75878145151503,2.21873378062811,1.90759456390136
3.085,2.34432029680639,2.54689236708443,2.38825494147229
2.024,1.89153592753629,2.05047037143793,1.6511794456857
3.743,2.60372023858504,2.13334929318302,2.10971257724347
2.664,1.74631440641312,1.94039774783214,1.50118114141185
2.208,2.03507677344633,2.17730908872852,2.17535111896926
2.95,2.62943965632798,2.43419342893028,2.01550524293375
2.286,2.41829450638039,2.12785464196478,0.903662952378068
1.992,3.4537181258998,2.29437795404316,2.25101326205992
1.857,2.49987567629857,2.27750830420573,2.71502811212073
2.039,1.97175403675958,2.64980664370048,2.60617892659278
2.976,2.46144341911345,2.46265046132289,2.91851644320001
1.926,2.24705192293469,2.18742913221324,2.38837072556983
2.375,2.25733384080843,2.2742243058659,2.50745538077368
2.133,2.00950393348164,2.13027394177589,2.10258779832875
1.662,1.64516706410437,1.83026609066243,2.10701755349433
0.744,0.92232512688829,1.42384809765832,0.90171973507228
1.909,2.08219503430536,1.89524498786693,2.34548339599381
3.37,1.77608572678724,2.07707806884949,1.9728361984106
2.051,1.57342054681722,2.11880162742987,1.69983731377733
1.834,2.13241210463514,2.18055534931855,1.94451598390451
2.733,2.41161205747848,2.11883405517379,2.62365027059331
1.658,2.42215418784715,2.34242872601575,2.10849783887101
1.933,1.35742759256725,1.63731475855513,1.77437057309921
1.71,2.39655520485397,2.31391775920756,2.00479410685676
3.114,2.52238150297517,2.20239111151474,3.00576970888519
2.091,2.66903873374748,2.38421857958775,4.83943085009874
5.265,2.38975059569111,2.18679215222266,2.62248032690913
1.634,1.45761898492513,1.70306458032309,2.12945338175822
1.879,1.90084358271621,2.1899282925572,2.34097881555199
2.488,1.88836409521322,2.24315628895778,2.0170322645098
2.044,1.84405896209761,2.0213817960772,2.04120212524567
0.785,1.60243980597023,1.48846573532698,1.29372084228321
2.601,1.88449001846067,2.08535108245125,3.06030576012911
1.959,1.83760836471932,2.04761515477493,1.86077941643782
2.456,2.40136105448853,2.1947519208519,1.60133270075761
2.13,2.18321552077218,2.08306095136298,2.43992865898792
1.627,2.32394585582265,2.27371283257285,1.5950691806212
1.591,1.77536718223004,2.02831699426014,1.93329369643811
2.199,2.30867066485706,2.15400718791366,3.15625357949728
1.836,1.46114816081119,1.9416614409481,1.97954827103142
1.705,2.39124590715917,2.16135956633563,2.09393914303303
2.491,2.90312357843235,2.32029375565538,1.81611733275158
1.939,1.7791793718663,2.09467022145523,2.27387041453741
2.082,1.64403786140408,1.99373058820061,2.26332384877115
2.294,1.95576212962283,2.18286271564439,2.40480617070343
4.025,2.34909719745544,2.23590306550591,1.92892812103597
1.757,2.00412544007547,1.99419527895709,2.68104216397979
1.95,3.13450021904022,2.8664519443994,3.66092889803691
2.379,2.40439997959202,2.17862623359398,3.55788617960971
0.814,2.00195562143177,1.84511467328995,1.68636695185018
1.681,3.25840760864478,3.49273696882132,4.69917243317383
0.756,1.01805783059345,1.17304295069564,2.16622197479229
2.682,1.9881271623366,2.1632817895649,1.41836591364512
0.902,3.06272217479484,1.73790786349009,1.60378413910696
1.951,2.20316628692955,2.12379453552738,2.51698641953632
1.371,3.67947380145137,3.05581341150912,3.62365865092726
1.897,1.63511005526595,1.88104327013733,2.05074551097574
2.834,2.50751112767795,2.29122643574837,3.00934501906288
1.029,1.67574749799783,1.38039951111485,1.23062808487935
1.677,1.42678278645683,1.56390190650004,1.4132811833381
1.997,2.75987253446734,2.35934040760014,2.18067154802039
2.09,4.09585218147803,3.48355518864642,3.84008290941426
3.334,2.8626276391689,3.19904231316509,1.73708199112055
1.6,1.9527276523477,2.06108979514534,2.04475009080165
2.206,3.2442803508175,2.7696221620641,6.78411369059632
1.982,2.53854675277672,2.59684007467539,3.58949707341172
2.239,2.8327717816129,2.71914192225667,2.57149348833876
2.144,1.54980618003754,2.02996351472175,2.73704993368972
2.148,1.89025745826398,2.07175492603214,2.10865920409666
1.984,2.26803028766222,2.40560428162312,2.79572579430829
2.256,2.65091127575612,2.16177563399556,2.3529252320319
1.596,3.84997249698886,2.01675311151162,1.91118637799222
1.804,2.63281611498351,2.34233057309285,1.99269213111464
0.666,1.24200970722732,1.3369372802475,1.04235309128266
1.179,1.23499780089006,1.34196459506648,1.30836932951656
1.907,5.49074889571657,5.5228639612882,6.6846622973736
1.761,2.89582494086607,2.84922902959385,2.48302832164285
2.109,1.46814477203514,1.48669877568787,1.22884817075988
2.85,2.49951998003202,1.6339248729481,2.10867772433691
1.834,1.59761859840284,1.28366292755988,1.38321812517522
1.948,2.34138187443279,2.34760694166938,2.27047013714043
1.952,2.45154182743553,2.46776186400749,1.78640137670002
2.878,2.14941239446569,1.63209995526447,0.979071581141802
0.664,1.26515214971275,1.31670733718705,0.773796657243792
2.274,3.97852529684802,2.66577296494599,3.09933535203766
1.838,2.94146099409068,2.71044763130595,3.79928681025208
3.253,2.8212848369552,2.98109375711808,9.23154682962366
0.985,1.32681700270057,1.17838266748068,1.31360119114735
1.603,3.06155848145069,2.31745579776209,1.86285384894156
1.556,1.68329021656606,1.91864101502903,2.08796732298661
1.075,1.72417479724573,1.50729921021238,1.43128042236256
1.728,1.89344870686678,2.11221286086666,2.03804963805759
1.843,1.61923939052838,2.00818548340028,1.71651534828115
1.346,2.14211712349195,1.60016663988412,1.61558087138668
1.647,2.84316192123246,2.27086444066074,1.46472996692989
2.048,2.84127376413615,2.54894293620526,2.26125505629146
0.733,1.63783455308217,1.5714101923875,2.12306283255694
1.266,2.08879542253685,1.5964978039826,1.53200736877354
2.092,2.36096099158391,2.1606004971155,3.63911830484567
9.229,2.90873248018621,3.74778157422492,3.87524018542062
1.558,2.8233317740864,2.29180349724103,1.9786636181562
2.292,2.64837500697005,2.27771762017565,2.62879206115748
3.269,4.21482443027808,3.89744976758663,4.77112883644877
1.147,1.10344721808639,0.995514691481527,1.15419885545154
1.927,1.70389944437672,1.34625692042256,1.20478274739034
0.797,1.08794971514673,1.14547984457965,1.3824148087881
0.463,0.582547981916432,0.681766803616962,0.504595545627675
0.781,2.22979034233973,1.63649660121327,3.35573201522099
2.958,3.07852160006691,2.3204468813671,1.80409974114784
2.082,2.56637645023843,2.46277885385632,2.08891801141802
1.711,2.24077132054049,2.1898467707554,1.85230135218499
1.97,1.73492605442254,2.09690207559652,2.03901635437129
2.058,2.86378660857471,2.26062199431714,2.06976713056847
1.357,2.0872496964874,2.08520922902699,2.42274275040981
0.869,1.40324548412752,1.25972536275454,1.1308391184862
2.102,2.8351851054567,2.59049185956792,1.96613539454899
2.469,3.53406797278376,2.40569482354669,1.47300620640301
1.928,2.49943308253066,2.15374760142133,1.60335000905356
1.793,2.29410428720402,2.35579730655513,2.68478069483333
2.163,1.69556542669873,2.04224838535002,1.45262979590148
1.066,1.94926678651966,1.79125347701223,5.04562425140546
3.85,3.20725333456162,3.62996049258062,3.39460338077396
1.738,2.71631514857474,2.25486830834993,1.77934681239587
3.537,2.6412949966091,3.65549029836057,3.52027805847605
1.948,2.45547205392586,2.39390240526495,2.05466427193405
1.725,1.84687267055289,2.02017308907708,1.58975700697851
1.115,2.03498835705812,1.6994329336313,1.87292849511016
2.021,2.318609354125,2.46710580052496,2.59400243051352
1.682,2.22872209860721,2.0764699087349,1.44542196280338
0.625,1.31328382249049,1.1540090123953,1.12349982792455
2.707,2.69646935838662,2.3209697580583,1.80809102879293
1.487,2.04628006811544,2.00344200982189,1.85922572861486
1.625,2.84624482097201,2.95869776692314,3.88434988184194
2.37,2.42470072256245,2.62438147847426,2.15080379442152
2.565,3.06957761556687,2.27380933296901,1.61432269091842
1.74,2.2954426753327,2.25206131286863,1.93064000538334
1.761,2.81600360853154,2.61502222755875,2.1504982519179
1.54,1.66264690815923,2.13793598073913,1.92320977526506
1.199,2.06555072600564,1.81628086765469,1.56958361032611
3.551,1.70822572944617,1.8652342051388,1.64926730387597
2.138,3.3913777478161,3.58594537627876,6.44908941915829
2.164,2.65330265032225,2.58809906964234,3.46486699040127
1.439,2.19618786586323,2.25626188576865,2.12196672370722
1.924,2.01392828500657,2.19631025486224,1.82347165944708
1.879,2.90886430219033,2.43108841030535,1.43023713367407
1.056,1.23801056447923,1.1090418701983,1.31823535257387
2,3.37657590540752,3.0656898714634,1.87005128431264
1.8155,1.89615127173472,1.61786513522551,1.70587107431634
5.908,2.94387523770771,2.52033020230091,5.19170251435021
2.65,1.58337367731798,1.09996439890347,0.849700120291766
0.889,1.70682596316011,1.25675240790445,1.57273250758257
2.827,2.84030915466853,2.77711375759923,6.10062644204725
2.352,1.97766182502039,1.93394666688367,3.46932648457635
2.678,3.26912580148189,2.60943171509996,4.130368068641
1.353,1.83921326931807,2.09673801921896,1.65678253913587
1.815,2.09571419291198,2.17977135508901,1.43821489281829
1.661,1.83068213156694,1.94115323056691,2.21981285898073
0.607,1.07599455258601,1.28150537114912,0.642106931711542
2.22,2.07632924904521,2.03823652106348,1.75786329045502
0.609,1.06214291986947,0.964085128881109,1.1967291666069
2.755,2.37022447530131,2.17397004280935,2.36915195760441
2.162,2.419164813045,2.26564390407459,1.80883735814623
1.28,1.95342148943955,2.01315178514282,2.44698525336288
1.767,1.74333718261459,2.01395981864167,1.68149102859569
0.782,1.700659182655,1.19579903907291,1.28302365514552
2.77,1.90889478153464,1.8521926663597,2.50968886377108
1.532,1.84148291084197,2.00840646777715,1.31477748428955
1.389,2.1609370861111,2.17597313219899,1.68271601145738
0.78,1.61131682466495,1.46043473354774,1.11187324971497
2.044,2.64183247268223,2.53283071133436,2.4100978071715
1.223,1.93190470750196,2.0575373181597,1.79638333107582
1.444,1.60332861249628,1.70409832928446,1.20107413526091
0.779,1.29111152206605,0.943328204467899,1.59914677215743
1.454,1.74884531863388,1.60167115124931,2.01512627026921
2.346,2.4786039771317,1.62191630681418,1.94906666301208
1.937,3.05021078011802,2.73901501126539,3.38046569505307
1.934,2.47959351265815,2.16201001892,1.64315056431798
1.587,1.87240370129554,1.84447948821731,1.71467314010174
2.113,1.75688445259542,1.98564834727413,2.62450158204997
1.217,1.16021318634861,0.917084187617572,1.58135092446571
1.435,1.81215904500261,2.0074718441276,2.01921877394763
1.01,1.42263034528923,1.0924289327091,1.20401086757771
1.463,1.73958966321043,1.11567602570039,1.03194694743287
2.1,2.68304542016923,2.26706138264092,2.1329339905638
1.341,2.27069021105894,2.23303199775518,1.93273838779917
0.739,1.00554303642667,0.866002020919666,0.337118663860574
0.868,0.930320245223755,0.930248839562479,2.45222228969401
0.802,1.43289128550159,1.07554966749154,0.9690970983834
1.786,2.22191613598646,2.01974401136788,3.68324924976768
1.36,2.53361224003664,1.57882511129079,2.04556939596982
0.689,1.24724665592736,1.28446620186998,1.34665163002985
4.715,1.6512427003079,1.5362585373031,2.45632137248684
1.448,2.43401357140702,2.2533391543986,1.9794075442802
0.964,1.41186000126968,1.03624455644794,1.48490349844133
1.266,2.41455416237011,2.27609409366938,1.10417842098784
3.78,2.80497912957731,2.33849412822781,2.34126728373498
3.13,1.75620246945685,2.97101073961616,1.50226729459831
1.139,1.60775065593072,1.49912335641103,1.49750841782831
3.016,2.23740151685731,1.63401985275042,1.44380511022067
1.186,0.799305164244999,0.861485703578848,0.958185917419264
1.137,0.798117854949762,0.817004373432433,0.569601104028567
1.144,1.02912649301706,0.952703501813815,0.97739637925479
1.279,1.59655086142014,1.42834801144483,1.44190684469428
1.734,1.56869877229294,1.31783518362647,1.83203472163465
1.16,0.861840459755193,0.798369839690573,0.740382830643794
1.839,1.99036012401527,1.24844300903816,2.46326510894196
1.696,1.35760596755543,0.886724904252715,1.27690043798569
0.802,1.47955406299786,1.32346319743479,1.74275028009662
1.234,0.938994106877726,1.06498293148896,0.811311430711901
2.116,1.17412934648776,1.23358618428532,1.19950004369686
1.154,0.897078951539449,0.945381960968857,0.668882689592695
1.581,1.2408472284821,1.25396096010325,1.08886640690259
1.515,2.06987970968842,1.43744889721179,1.76464953502311
1.408,1.19808479844949,1.22060479899717,1.22726983819209
0.694,1.39978267811947,1.10213621639296,0.99100494675312
1.271,1.11463428776841,1.09566568512494,0.96737106245636
1.971,1.25492415699439,1.18739797802651,1.19541691186352
1.325,1.82346916207298,1.84248816541401,1.78872106246779
0.989,0.998586544828798,1.11858924944939,0.711031591619568
1.213,1.88553727702794,1.42375215521258,1.8885038337716
0.616,0.868393110865215,0.972948960374435,0.787905492031266
1.256,1.0903300287892,1.18963827880887,1.69744774902131
2.198,1.31186443936942,1.32114455508709,1.0960274431625
1.778,1.94522830631847,2.43481492454088,1.86870444096711
2.319,1.49325581331985,1.39969209405995,2.97682760610381
0.631,0.907300827929587,1.08199149021656,0.926786593411837
1.849,1.61247768246237,1.09862343827104,1.19413360874385
0.842,1.19028571392799,1.03677143503964,1.13555651647885
1.225,0.982749964378526,0.970833985187053,0.820215812093903
1.805,2.01597817630951,1.40449866803358,2.01660637451186
0.663,0.796917867854086,1.04742572528966,0.626495381201845
1.683,2.0032656234866,1.86922858691931,1.43665805955652
0.904,2.62595653272286,2.25192800511421,1.87742750094669
0.801,1.1108207530911,1.34938713226752,1.2687333525988
3.43,4.23903531582937,3.51341883373255,6.25675542448465
1.144,1.27555587173713,1.32159119167828,1.64871739990566
1.734,1.44972169360676,1.4087220292143,1.54790823442691
1.448,0.737217191212183,0.893682261544756,0.91013627222633
2.578,3.00889242223001,2.44401597968575,2.94309614074245
1.179,1.52283507537906,1.01534196340525,0.920078800194626
0.792,1.25076572109114,1.02729695819707,0.950827505914974
1.227,1.52942061261445,1.34795130001225,1.57584689693898
1.801,1.83086842022093,1.59738155166863,1.52546274245925
0.752,1.35662090773489,1.37085870363099,1.39624801635317
2.471,1.80794739932854,1.54804073893536,1.96808839148705
1.484,2.0557225840088,2.14406329381262,1.56205425545565
0.438,0.815469277076524,1.01520839127617,0.652523602586727
0.622,1.99334564001408,1.50378650898784,2.36907452293574
1.746,1.44339112149385,1.20831093920424,1.59228547196833
1.576,1.54446897274694,1.09497671841845,1.52137836766042
0.752,1.41091286974578,1.03630787284928,1.22855053614518
0.978,1.12296442493154,1.18828760732693,0.703012649104287
1.674,1.08357487582072,1.07005023556501,1.47245775737375
1.28,1.64336736556933,1.2460730914679,0.959226131970547
1.12,1.46143697488446,1.53263929981128,1.31240616279844
0.558,0.745526963678127,0.892824473936161,0.574903439369778
0.966,0.922327137800826,0.95428494280569,0.641405659124082
1.025,1.75846521883768,1.31008498214374,1.30277749022064
0.682,1.30115313168018,1.06333787514851,1.358396463719
0.532,1.17998789690645,1.26332206823863,1.25417230914295
0.815,1.39574231466088,1.33637161242626,1.95110043653056
1.826,2.03197191528228,2.25830706304342,1.17825909292094
0.752,1.56573831150105,1.21627559582303,1.33285670089973
1.056,2.18440848109282,1.82020480076498,1.93243757391047
0.689,1.57388726268037,1.64650230857577,1.49940773803436
0.947,1.03107801293097,0.888045656519958,0.816515925240137
0.726,0.875578950782877,0.97829431302108,0.972488811399417
1.336,1.40734064553357,2.00700202297831,1.82335503924792
0.683,0.634974589036678,0.900839175652845,0.690769468661761
1.212,1.45340955591633,1.45126682997173,1.44991172041751
0.679,1.021685617617,1.18546278920519,0.799765392154723
1.208,1.07065147946478,1.02904389983259,0.910164681656341
1.29,1.99421875936024,2.01037381149923,1.39494131151047
1.134,1.98040522999429,1.64954106282136,1.18401899995792
1.364,2.35234624651089,1.59009147290892,1.61504830938274
1.421,1.72094078759365,1.37823782885156,1.72530406970207
0.706,1.0588822296991,1.28647308961377,0.669477190233952
0.718,1.46425901581787,1.42468718832991,2.60606414808388
2.259,1.61551755774354,2.05682830050763,1.75968855636372
2.215,1.36167344240623,1.14504301882344,1.9186964126501
1.684,1.69353954334706,2.00637421071535,2.668166402959
1.066,2.26419340425386,1.79947899632698,1.67771665144072
1.687,2.82313810959111,2.13979395036971,1.72085430533967
1.62,2.13700174822578,1.97175231217999,1.92518092235194
0.855,0.958227074285981,1.00590446645847,1.0887560179679
1.05,1.7008482266191,1.61470943733468,1.23402860460005
0.698,0.994603716812651,1.15332018679713,0.998193568468777
2.12,2.75870263583191,2.8413339324373,3.33633583831337
1.284,1.32088131522521,1.26128454471738,1.1315127154159
0.548,0.628902587945819,0.868603397579103,0.55082013813894
0.574,1.1116994737271,1.03974716816881,1.95841101357109
0.639,0.965348459388482,1.06767774357614,0.986652163491439
2.115,1.31505664462515,1.71070890423601,2.22194666253713
1.154,1.42632509472545,1.09551154180778,1.18656997311445
1.047,1.44386609796443,1.65217634813398,1.76490499110515
1.134,1.50192059710516,1.42565085480344,1.55626734565219
1.172,1.78878206972555,1.98080747942679,2.87051730938132
0.994,1.11262579035052,1.29812664123332,0.898036585737185
0.896,1.50696441071143,1.44670188579339,1.53096479510386
1.507,1.5507241116147,1.10599719209053,0.86428291749465
2.377,2.11659477963568,1.72555370246594,1.96041150995258
0.733,1.07506903451955,1.05329397415709,0.793600462976136
2.434,2.31277953128913,1.85198874626553,1.49235683699698
1.399,1.61997411077121,2.08992394604319,1.44732274168569
1.436,3.01161880757872,2.23283872126982,2.75549317220939
1.783,2.94699134698402,2.4052722169668,1.530877070163
0.7115,0.870362361685135,0.975126834631494,1.07024907707519
3.074,1.9010531675302,2.05704450793412,2.15264656433252
0.225,0.72223122451925,0.504969498693088,0.346464743063881
0.78,1.62838858647103,1.13092882384321,1.25545386232501
1.026,1.78020543058779,1.57639763769623,1.79113721828986
1.202,1.15789064471876,1.5086029246442,0.809747357918491
1.557,1.77208925040074,1.5370354573482,1.43168996657934
1.163,1.74173821131348,1.70614151325513,2.18900008243968
1.925,2.04093117659188,2.22709936335816,2.22565741739358
0.757,1.27152731821688,1.2403433441545,1.94392583639103
2.276,1.93281678232209,2.34625053694756,3.24962743785715
0.802,1.09752797257762,1.10104852438009,1.46940678367678
0.674,0.776342490526747,0.882479288221435,0.463095978336855
1.079,1.37307294027678,1.01911941610618,0.941343940927343
1.859,2.00422567733533,2.30207422754871,2.12622918107749
1.026,2.24580996040167,1.89193596589554,1.76615004341479
14.17,5.89595128262208,6.51425497959877,12.0549475369478
0.502,0.904264546956136,0.978157268637883,1.06655606161685
0.779,1.20515401657378,1.23736819454374,0.97993745631157
1.256,1.28598746402714,1.13701822598944,1.12401327289824
2.594,4.02825499927419,2.33905473063503,11.5295356871934
2.562,2.91424627079144,2.82334003549048,5.57577336143163
1.415,1.63832080406413,1.96252072790038,1.14037039699009
3.404,3.45870386011215,2.19586130032605,5.52919607330824
1.901,1.56497368677788,1.63836517182456,2.55909162308098
0.901,1.26938576578953,1.26644744107518,0.90253977955898
1.593,2.94737745867641,2.31381705113684,1.98410039985716
1.215,1.70106004369435,1.54025354145615,1.73554116800633
1.765,1.43073176431307,1.55980445550313,2.65415889416523
1.301,2.00490827655596,1.83870061292462,2.82326764859362
1.597,2.14447844248614,1.89019883509446,2.88746971759301
1.22,1.5582820701738,1.84678774428085,2.15470195723977
1.507,2.57968011258598,1.86338720987665,1.83421802349606
1.774,2.62199989980397,2.59017453346452,2.84361138463104
1.34,1.46920944795229,1.33156110932123,1.22367259047523
1.534,1.93227856054159,1.42842045439552,1.74971731941864
1.525,1.57527885699305,1.3612985835553,1.31495767484605
1.845,2.4480274296577,1.8802552327621,2.17824314902135
0.945,1.7681165448239,1.63353185083795,1.10514767479918
1.763,3.52678112065937,2.28835806231241,2.11673303526758
1.355,2.68197178114597,1.75981916493995,2.53496143952356
1.97,2.55155134166858,2.262113817272,1.86066859612633
0.92,1.25381047061298,1.44576588023524,1.50045934581185
1.649,2.17236685613099,1.78891766696227,2.11648840577097
0.835,1.33521797339565,2.0399249087945,1.51532488126615
1.383,1.90323999939929,1.81416733750656,1.7014858286062
1.283,1.90155307128034,2.04044281019489,1.07355263545003
3.891,4.9902835182356,3.94294054125426,4.49101204761175
0.893,1.60344287671335,1.70238165082472,1.80959051641886
1.487,1.62940599650631,1.60760410171296,2.69158765930907
0.968,1.45388783633036,1.57536360802966,1.02081723205928
1.986,1.90438930182799,2.0574981735787,2.26810044639369
0.91,1.32858707428176,1.39737802851089,1.62163699920624
1.102,1.3433206168169,1.28179566555807,1.20584074495614
1.122,1.62677262883231,1.58343069887064,1.52896736336106
1.306,0.97687993876535,1.30356869669471,0.493542239696436
1.309,1.65614105210671,1.75400985689905,2.29466867940531
1.124,1.937563289776,2.56269425006169,1.75060779505052
1.317,1.23913042776024,1.18244690198778,1.30309642065296
1.601,1.43982910287162,1.25037407710674,0.708869299319529
0.787,1.2892536710345,1.30296358001143,0.917683039746726
1.688,2.65357158669166,2.22658200563319,1.94045630096915
1.394,1.57759556047478,1.53574176001278,1.63510937857933
1.297,1.74407091481251,2.01002872370462,1.8451934367793
1.215,2.58071224532047,1.83518453271448,2.02205682790958
1.423,2.1571152098517,1.57922202153173,1.71304659080352
1.606,1.389367300333,1.64469560657913,0.989690718206561
1.846,1.94200559491004,1.71930085283833,1.09746948229436
0.775,0.957203969370997,1.02892298221659,0.601899347394467
1.348,1.28743776177888,1.66789532247597,1.56143335424893
2.833,2.13761107854381,2.12081199671735,2.50605517099053
1.307,1.91581734943281,1.615577587746,2.33114551500585
1.135,1.22415776213939,1.15980693105642,1.46953814770593
0.909,1.13595200221631,1.39831610609647,1.03310337097453
0.917,1.19150797388194,1.47369090713925,0.970563667885617
0.929,2.3003567963853,1.51947536187273,1.56036415322713
1.058,1.30924391872955,1.40442149306743,1.09721276154908
16.197,7.13231556363338,3.40736623577598,9.62891279985445
1.083,1.15249759196674,1.42579196550992,1.4780208907671
1.665,1.68222978217802,1.72222827778594,0.990814997413591
1.261,0.910256567674835,1.21333411000132,0.868228997137237
2.113,2.47100262517766,2.04137202256202,2.17757802362886
1.135,2.16501670294298,1.73651026888049,4.62045103795238
2.546,2.94177707378775,2.60767447522456,2.06794151483643
1.403,1.54051002692344,1.72211671147056,1.3959305437135
0.667,1.12257733138785,1.1856453226382,1.0601093912412
1.193,1.35891851902353,1.71799955118486,1.85202993935248
1.216,1.88887965655862,1.96556828213578,1.56823808034758
1.718,1.30307421134254,1.24486872015872,1.04708061035809
1.112,1.19155554778075,1.2818307445375,0.730013173454787
1.399,2.0857702354358,1.4756284701477,2.23305854126091
1.041,2.34006668753215,1.72861728892321,5.74156279410043
1.111,1.09301536961138,1.02790741980779,1.23930359741417
2.309,1.44471718589996,1.61326737836615,1.31482874653483
0.584,1.00691045660021,1.37281494522048,1.25618150927278
0.999,1.77601918026884,1.68358197153997,2.88871745573364
1.338,1.38182410459107,1.38409785286089,1.27773502919442
2.059,1.74340187710768,2.04178031568841,2.46770380355884
1.474,1.20218021675969,1.39256070731248,0.9340597401013
1.075,1.14776613660455,1.21437881103692,1.18159766083033
2.568,1.64353376453781,1.42050939730743,1.02477121772525
1.317,1.05148041169177,1.25149214916674,1.05752861445755
2.398,1.64387250912244,1.34521913118634,1.6846830827783
1.037,1.90616421108259,1.52666578077801,2.3498635918715
1.282,2.1226200940149,1.96050526256031,2.36652272962681
0.868,1.14049181408904,1.2607800460396,1.05497662004533
1.486,2.02128284900989,1.5651384737139,2.24544324154615
1.293,1.29899194280375,1.28307481274114,1.53371309361292
1.766,2.3565210122035,2.10306244485818,2.10353838296083
1.663,1.3914999119778,1.39607433471509,1.67983319848176
1.362,1.37513903035575,1.4759389605655,1.2541583639607
2.465,2.44488149199011,2.38747155715244,2.86069426417392
2.008,1.97412205804979,1.82646509594494,1.69385817135318
1.205,1.88131044099413,1.43960839761881,1.66724215132761
1.178,1.18668361882377,1.1871211964792,1.23529512242791
5.586,2.70606847110998,2.01759122852845,2.48474017868357
1.088,0.843667028500136,1.000996500272,1.09828072295103
0.958,1.19532996062152,1.41015459977321,1.37955766808827
2.791,2.05657038185862,1.59261928658001,2.39640528451365
1.248,1.20599504731022,1.01482350586708,0.763657744564421
1.864,2.59932198611965,1.87413303536708,1.32953817970657
0.984,1.19416909248065,1.27208473335924,1.02712598622905
1.731,1.72757283389404,1.46428278691143,1.92044368311418
2.054,1.89343440447467,1.37995803823249,1.98240801119128
1.239,1.39525046524199,1.22819927333078,1.48374103727506
1.532,1.51829117401683,1.66724112713857,0.888618986078059
0.782,1.75626233337677,1.66623938627057,1.83492202329882
0.555,0.996175983366282,1.15741213863384,1.15222612093825
1.042,1.30549827228059,1.37559974906846,1.9364909102048
1.106,1.33270806669302,1.46174916291806,1.06890754183616
1.228,1.18878868655999,1.24981998716564,0.949089246908982
0.967,0.963786957527567,1.12391987111072,0.54102510041288
1.914,2.49422775770989,1.96034341341651,4.04587034288458
2.056,1.76771937195783,1.28651822332867,1.08590350514441
1.358,1.40285122831893,1.37088520735371,1.37065384973253
1.458,1.00868593319854,1.12026814899711,0.805342040437519
0.859,1.16438240011269,1.05651285172496,0.943661692541054
4.459,4.00152506187204,3.22743964974753,2.12139028227745
0.821,1.27440161704962,1.40357003992576,1.08582333448504
1.727,1.17125587211804,1.02014448528378,1.11855759332647
0.576,1.14526605924735,1.36381895501502,1.1910308841967
0.715,1.54498628937968,1.34150336760204,1.79176258242322
2.119,2.69846094250715,2.49995964058871,1.25172486649501
0.867,1.63767656416608,1.49357948103536,2.06625023211975
1.04,2.10923223771938,1.83826561589041,2.51101507799447
0.56,1.51311226385486,1.54873347769321,2.5145304844546
0.665,1.34637537375591,1.35910940357526,1.60088987710792
1.308,1.79727579012835,1.40074800747137,1.66714608182094
0.612,1.36941820634393,1.32111735799786,1.51554327065373
0.718,0.749116939876899,1.33956476560883,1.17935489938322
0.734,1.01803129529999,1.33169250836337,1.4649894652966
1.308,1.86827427312535,1.66478020493356,2.08636568787554
0.758,0.888248412926709,1.08101437922914,1.15355292828945
1.651,1.06561370850965,0.992235855498775,0.957898003439059
2.05,2.03967723501319,1.75365451674065,1.25543302419167
1.166,1.01118126330683,1.10083232703666,1.64565919115133
1.418,1.58011711326657,1.58545610817243,2.07137678206278
0.916,1.16057296006463,1.16272762436151,1.10687280994373
6.19,5.6178910465629,2.66069107399469,3.90512046627942
0.732,1.15572266331538,0.992941044924067,0.783379583977313
0.771,1.33660693485148,1.68655678406963,1.45425970190845
1.956,2.37068180481105,1.949427886168,2.95258006687214
0.849,1.23103844339654,1.37736673550128,1.487705647108
1.54,1.12873344299388,1.31824267847087,0.927928547341919
1.803,1.77407989122638,1.75583775219042,2.06067092308588
1.102,1.23845516124346,1.17169770702423,0.987604028603204
0.597,0.775729880774715,1.06092950669289,0.448508487391134
1.328,1.05506978056974,1.05905931687845,0.801544732475904
1.068,0.999260966752152,1.10467902708876,0.753598691823611
1.987,1.12098076065524,1.27772392590074,1.49553263145591
1.126,1.78824657139835,1.60744541124271,2.12045672217856
0.926,2.26199120092111,1.88222054687471,4.66716074995718
0.993,1.08331216946212,1.3880567733979,0.930338929095034
2.611,1.78841603986749,2.16600558824732,1.66331255727381
1.482,2.1221124732819,1.65104975388506,2.86829653212826
0.799,0.787755668835387,0.795561405909354,0.719082586485964
4.793,2.28933286494679,2.23584736987972,3.13990345181073
1.339,1.03059212640839,1.37163348743953,1.4978294290453
0.56,0.560195093255997,0.578046881647239,0.913167218610878
1.493,1.67999274968036,1.61021955949061,1.19823393660734
0.736,0.979006725936899,1.00588869637277,0.991564060564685
2.699,1.98770883136585,1.59131020949249,2.70621986659897
1.359,1.03699922924686,1.3295681567951,1.12676809637616
1.082,0.753163253115635,1.18668250353387,1.03235564393152
3.735,2.2795360885875,2.02161001637055,3.46429981882549
1.019,1.38770284544709,1.47802439999941,1.8192735951463
2.037,1.62626606088475,1.79138264991198,2.06393014548526
1.045,1.08324818273522,1.26544669355295,1.26229440926584
1.133,0.835741747090903,1.05568934916422,0.815392479518275
1.133,1.3499929226171,1.54722241770151,2.0535564887547
0.549,0.493299428549166,0.580210088207443,0.452269331479841
1.018,1.25678822892827,1.34910703885259,1.04906814306606
0.909,2.39513444251164,1.08087446034149,1.567702480517
0.713,0.78041127167333,0.855733766558107,0.567341920951557
1.041,0.872809719489142,1.00286475624673,0.885287236730069
1.692,1.47038391887424,1.14474241272843,0.914981216901821
1.04,1.86279129522156,1.68725906697108,1.18264713146511
0.579,1.50072026867562,1.03461544594563,1.36905720142545
1.119,2.87285342351957,1.77468418650716,1.26660223719837
0.73,1.08503346178185,1.1193376253208,0.8069365222819
0.748,1.22338819249641,1.1908446978275,1.00365215341085
1.154,1.39863754476122,1.59938143069669,1.82915270016426
0.733,0.932581613871026,0.947482937328444,0.815431937828664
2.17,1.4661620445408,1.89525536130974,1.53497447821774
1.023,1.47962756875704,1.20135588610278,1.39409097359376
0.539,0.661380615048573,0.79700531385071,0.514228881843092
2.598,1.30334066945941,1.6314871173884,1.61215168329162
0.722,1.00378775374443,0.779330984917119,0.942583032091968
1.74,1.09395478639649,0.934017339580012,1.53496313115085
2.148,1.24143949980449,1.21111927395257,1.09296474172965
1.57,2.14366311200414,2.01978219420067,1.87928460202663
1.486,1.57223626114798,1.46313462327226,1.8633188666836
0.757,1.08817540557939,1.20845887823852,0.586536730164134
2.603,1.00456196577597,1.07323572996058,0.880460389098693
1.301,3.20532175674853,2.83221262595113,1.83811837863251
1.478,1.30221606578022,1.07841111761308,1.25775006314909
1.114,1.45176491453189,1.45061655659057,1.59301889253461
2.597,1.17212407874681,1.19194187226561,0.884295893257797
0.945,1.99477182545245,1.45680313726106,2.5416335290694
2.871,2.81197851719185,2.4813349194884,1.95550517088476
1.614,1.35054427864426,1.34875549956019,1.19754368784029
1.952,1.68660821964635,1.85117510407452,2.04363760502779
2.192,2.59237651167435,2.41612404398935,2.3741883962104
0.969,1.69321539912899,1.42269605779279,1.25095661244108
1.679,2.24527398492988,2.482616846775,2.78597618922818
1.198,1.81296025962205,1.99366784595288,1.9960594077093
2.257,1.71728290243818,2.19787044387149,2.16811252704554
1.776,2.42602370251436,2.19511644595004,1.29051305542829
1.406,1.80391331760071,1.6657943137041,1.78507625066511
0.49,0.732388572714539,0.789852323356411,0.499560322397499
1.965,2.68070096756921,2.4990910836571,6.59915288276608
1.404,0.86879898818407,1.28866985152366,1.53585403857932
0.605,0.67871113107732,0.706972884680334,0.592150378124019
1.964,1.30483844204284,1.67898203583531,1.2158316143745
1.049,1.30140192617044,1.63372639356402,1.55786073872827
0.827,0.720928737035573,0.937076943143604,0.787689808737203
0.657,1.00962614283702,1.24911544258922,0.92088166405276
0.904,1.59841073235891,1.42249710258816,1.73461835015665
2.723,2.62930401982076,2.45588519260051,2.63398064723128
3.805,1.76576089133221,1.22083435523607,1.17908491639637
0.595,1.09723682291547,1.40606507438969,1.09800251728284
0.792,1.51960701792164,1.34748066645766,1.25558050192022
0.759,0.88336035364994,1.26174508168938,1.2413746535435
1.525,2.67941280040868,2.5603504270918,2.61963164091719
0.741,1.2662552687433,1.30629568190611,1.31406849061887
1.73,1.4700296813617,1.31634667158204,1.81633167054124
1.338,1.08855648588517,0.96551160583176,0.861696247573524
1.415,1.69179840889287,1.352541952309,1.49029554773701
0.766,1.21273673077929,1.00242595809917,1.18751144216593
1.771,1.5043585568645,1.37179790791196,1.15150667932581
1.341,1.26817178490307,1.22243274248675,1.87224668466832
1.395,2.37689308646999,3.22848696467637,3.59611689806345
1.564,1.82484173190764,1.51364020976602,1.76101186375385
0.943,1.1639632211123,1.22177958200079,1.28768637548124
1.581,1.7278396448645,1.3913019593639,1.50339736632573
1.047,1.81403418111829,1.2776410899908,0.795502504743554
0.962,1.12415854497549,1.15282332734144,0.854289284736651
0.951,1.60360199580541,1.80800889069696,1.42623489825111
0.988,3.15532845490341,1.67102234134059,3.05650614332496
6.495,0.730143247309668,1.8245629784449,1.45878197060067
0.807,1.29057198845567,1.06986029941194,1.41594024097245
0.939,1.2071264360093,1.31392039058842,0.725242247773517
0.748,0.794488342369096,1.02988116500651,0.931982212003493
1.036,1.02734018117936,1.13895505493989,0.987895244629412
1.042,1.39338185633091,1.24761726687024,1.431963328748
1.697,1.91938692855598,2.31471950606477,3.21153880070031
1.505,1.80127429896484,1.62373140576036,1.86580833743918
0.823,2.34879149867255,1.75773664665449,1.77216273908111
0.787,1.22677436563027,1.28669914793583,1.6386055286196
1.307,2.08696518004712,1.85795352342097,2.23090958719314
1.834,3.05966550955362,2.08417661738717,2.41174387662914
1.004,1.9393895591714,1.75922891881081,2.02566667407321
1.109,1.46063420329646,1.27838941221302,1.40847031003293
0.938,0.996014983514583,1.0004918313828,0.600459553605493
1.786,1.88895514405392,1.33055573612212,2.2372310821613
1.268,1.56325806488939,1.62160525061899,1.5435437678222
1.681,1.9247397326364,2.02261279156213,3.05960370782557
1.657,3.31598543408068,2.79033497875108,2.76027748628422
2.55,3.48497332686105,2.1070271439893,3.24772866255901
2.311,2.7085493142469,2.24235901993604,1.37950704428215
0.619,1.38565921328382,1.26591173647389,1.34476133798713
0.584,1.12916569376031,1.00778253025813,0.501822299983119
0.723,0.841111642459882,1.09785145299511,0.759232738968083
0.894,1.64197450487717,1.1105642509213,0.57236105000294
0.983,1.62447659268655,1.84059145013696,2.41054184887837
0.95,1.36132540202464,1.27372446208142,0.980351044125563
1.391,1.98008973433521,2.00997309280733,2.58383366841348
0.754,1.06345364618315,1.21984633954552,0.994404462265819
0.914,1.34068425382755,1.26665005095475,1.25089128135526
1.016,1.81068656055849,1.53233237341644,1.57848974537017
0.764,1.8873745317271,2.33879173712109,1.58273853839123
2.013,1.59934014738992,1.88551633648972,2.4081871928765
0.772,1.07358034685552,1.07477468865143,1.06332913622709
0.535,0.765887491263,0.770683555589337,0.615758516506795
1.139,1.49363970314237,1.60928672651856,1.60152042247838
0.759,1.2664774999834,1.25279468573747,2.13519715159302
0.631,1.15979719102179,1.09971245040827,1.08179990772438
0.958,1.59235536027408,1.98276632599626,1.5829398415496
1.995,1.79981568656278,2.10704930922005,1.60619122904631
1.497,1.92296072920596,2.2594663733254,1.65872991214298
37.7,3.78887046320072,1.72644306311198,1.81964707001141
1.955,1.55393571010919,1.44502294098971,1.1801890161128
1.893,2.66137127722497,2.27630512808692,1.9519975763995
2.234,2.07547654672668,2.26266313444635,2.48396431719733
5.398,3.56873392628397,3.01961190573553,2.40958675085079
2.688,1.31162715585805,0.951711121645589,1.1487102087978
1.952,1.57363365536493,1.80083568256058,2.06451647731144
4.539,2.69907756730839,2.47243115552126,1.50028902694419
1.783,2.23757198203504,2.54860104734225,1.94330659334117
2.39,3.35060819643303,2.51480764665661,1.88455213541183
1.342,1.93855133507923,1.46503960689411,1.08619558099087
0.92,1.66946862617171,1.03146043204579,1.07973754794199
1.92,4.17144933186301,2.62458654085814,1.51711764566853
1.102,1.82403769982512,1.3466065265424,1.65741688222104
2.246,1.21565087680998,1.88348272037104,1.32889296387498
1.813,2.06649944378183,2.31302425143299,3.63396367124561
1.554,3.20363628508905,2.69789954021937,2.13784956171083
1.944,2.14840751283567,1.53379378507487,2.02554893618585
1.975,2.59877343674852,2.31353677944522,2.64970378871643
1.853,2.16010667667509,2.68618750849955,2.21672072678797
2.226,2.1906655071225,2.31526547911997,2.27986606141493
2.135,1.53846408772618,2.07669779066541,1.73674255769241
1.36,1.65287937937949,1.63065173913258,1.55015623482745
1.581,1.69068380458617,2.02275992895803,2.3102225518543
1.571,1.56474413575541,1.69262344609785,1.43185932980281
2.502,1.65894354681138,1.87375392355911,1.21372101103776
3.15,3.28510222626908,3.31551076474899,2.90805431900678
3.249,3.25830109635826,3.09634373898397,5.28698832447291
0.804,0.918806067975907,1.44195322327989,0.993135422363426
2.582,2.76937637277808,2.7695120667083,1.8637483751396
5.785,3.26383500173958,2.70973989665811,4.07487915931169
1.452,2.63199025418612,2.57060301910732,2.19328701327653
2.454,1.95948593772133,2.15238356676448,1.26075207059844
1.873,2.1132725534069,1.79598471571724,1.6226984209275
0.663,0.661829655449617,0.63610975424275,0.485652013522683
2.274,2.66540070086753,2.34766457873547,1.84122620771803
1.707,2.76032825689308,3.45472035956133,4.06680893261296
2.09,2.051921375753,2.2001982818393,1.59760032421936
2.657,3.28133540090985,2.57248276910474,2.09812113995847
0.677,0.683405910573923,0.909801184995313,0.854475968586763
0.699,1.16719397210315,1.15716443538614,0.914008079241549
2.05,3.29503115498418,2.57836788423543,2.65807690360177
2.407,2.94493604389448,2.07955284839335,1.9990709807727
2.039,3.18647417220725,2.45249619882167,4.44794072554462
2.104,3.89092301612336,2.68338598030049,3.05012829840479
2.075,1.78963269796296,2.08707594994784,1.49002766442047
0.687,0.754878802981285,0.959229996951156,0.717659861918078
1.54,2.86134673465999,2.18085972367361,3.23290069268427
0.723,0.788266034556074,0.850692008927556,1.14876909545896
1.624,1.90057360446243,1.96546948816233,2.12284575995807
1.482,4.44655425678553,3.17423158117757,3.4857148534441
1.268,2.05052899674287,1.57225528037876,2.02306870175894
2.255,2.28660628003662,2.50239385268804,2.67858608200926
1.944,2.42625262687491,2.14691935520179,2.16665271617157
2.189,2.58458768927483,2.6923329399713,4.0071629000484
2.459,2.26671204272757,2.24152755295081,3.06376703259763
1.061,1.10532250222356,1.00169651901426,1.24022134750028
1.74,1.52099296235703,1.31794227477773,1.16543412959914
1.073,1.19201468851001,1.16870626363468,0.787266946549993
2.06,1.70068346381958,2.10839589085054,3.02772549201411
2,2.00671252312295,2.36410763689318,2.11150061188704
0.756,1.20456081912939,1.10664514290392,1.22164899692671
2.216,1.67227781454924,1.16185087864666,0.906908619616353
2.999,1.31312500548956,1.23324217897246,1.42483077717942
1.466,1.1854588058245,1.41768242929222,1.59885211396762
2.171,2.25232211653619,2.13059629026117,2.15093759152363
1.968,3.22877613347514,2.51536899965864,2.4770865081608
1.644,2.72839042182282,2.67708277621846,1.99463511337999
1.067,1.57814805517855,1.44308546050655,0.903636331599769
1.129,1.96030442784631,1.65773519342299,1.76199225380597
1.793,2.0000919477671,1.93176001786859,1.87439642689869
1.15,1.62029821134193,1.43702498125071,1.36776544312872
2.459,3.10316013452933,2.79720406928847,1.70960260920917
1.288,1.10355931676249,1.02479716252059,1.03934270766267
1.603,2.29919057775698,2.47603635125341,2.21507394108214
1.168,1.49882264242344,1.13296434592616,1.1984739149997
1.876,1.63794801138906,1.7480035822145,1.8991176793427
2.168,2.15614958528056,2.13852656863018,2.17824368264491
2.456,2.30205203647275,2.41737129829627,1.67494136316963
6.106,2.88265036429344,2.37957132858604,2.22607628415315
2.366,2.11922723731255,2.24226736706188,3.1349430934369
2.026,1.83409044474427,2.11763389642159,1.35846308389658
2.019,1.82719634874745,1.98604406306992,1.99743755855761
2.535,3.03019790433768,2.47883840147548,2.17532615664107
1.631,2.50203909740776,2.18979322602786,2.06011148890336
2.412,2.26428318215213,2.18318776803271,1.68490903017557
1.229,1.71379188033973,1.28011322719809,1.41610290543571
1.687,2.43763046610313,2.21707348977874,1.75195132491087
1.387,2.54247041283079,2.43658876887369,2.02394566606349
1.342,1.33454131468455,1.67367795969063,1.30525124413733
1.21,1.3577315993247,1.06855145692922,1.37475975963933
3.352,2.7143378844936,2.58398103719011,1.3726155532381
1.687,2.62270785702156,2.60597279698934,3.51396634617132
1.116,1.77480732604405,1.32464195288003,3.1894316294247
1.411,2.17371152553435,1.75249973755965,1.47282892070782
0.951,2.06161352834925,1.80149404525788,1.67110995260279
2.016,2.35917278197407,2.15731869954418,1.25001574329539
0.768,0.957110894216812,0.763076146341792,1.27425002493348
1.483,2.13428186139216,2.00267565329888,2.38724421730164
1.599,2.32252497739742,1.76863212493103,2.23722931238289
1.636,1.80650559441155,1.9486021877805,1.68304002241517
0.889,1.20509660871749,0.992304865572601,0.862697976685616
1.321,1.02243039280591,1.02933911776525,1.05749450381006
1.317,1.00446360237814,0.833810169944717,0.711496510193069
2.086,1.64592344433583,1.5328401274527,0.917729547154122
1.363,1.74877530354735,1.69858190077061,1.56851954858154
3.065,2.20108779930383,1.80873337431617,1.22574682950436
1.032,1.28476591047327,1.03325529919261,1.15575013602374
0.667,1.02898247844707,0.838125853983864,1.05388652009958
2.314,2.69372309427823,2.33111138391601,2.47924256817702
1.015,1.25166775868978,1.26636568354965,1.75941349169991
1.043,1.15389461459612,1.16310521807465,1.06942581955486
1.713,1.41225471137987,0.907039363390171,0.79612761671375
1.152,1.08285765064305,1.04072683503718,1.29104214545814
1.972,1.57266596348182,1.31656329826688,1.29492668853087
5.29,3.04901375254447,3.05460562984737,3.23639187312434
5.08,2.38030032966474,1.87532685628484,2.01666193265417
2.644,1.85460470962909,1.9742103348525,2.36787790328529
0.657,1.41019790793667,1.56191269888349,1.27082936636891
0.517,0.589789929317237,0.592218750766806,0.493311927392749
0.377,0.700897719620117,0.613489963134377,0.416940698564327
1.46,1.55082639330202,1.38588482746567,1.34762306766594
1.235,1.30196193331102,1.397855764617,1.97622574066676
1.272,1.13033214408458,2.38507942123906,1.62360198608122
1.132,1.14023263543392,1.83589710621059,1.37659186863723
1.634,1.68941435178219,2.04918579225595,1.72549442207703
1.083,1.71726444041482,1.8027539918906,1.92334424430538
1.283,1.75374850522723,1.77359647402311,1.90458929358021
1.498,2.02866248871594,1.96013636811805,1.66801781880831
1.353,1.91447094238338,2.05668418175964,1.79580257345943
1.712,1.53678959887274,2.05498375485553,2.39124431996616
1.472,1.86001373356783,2.00304675008302,1.5646163163143
1.048,1.10992989567942,1.18097355333159,0.638221489196073
1.206,1.71225146691285,2.00593717229403,1.5804525656713
1.464,3.22894729861356,2.8283986591573,5.04964909783975
2.675,2.46077736929417,2.46215357422509,2.44384759535928
2.187,7.35857661336045,4.82031654464804,9.90270078131176
1.628,2.17599513968439,1.56811636445933,2.54347372293762
4.427,4.02550636401609,3.21612787072954,2.36219973536467
1.053,1.15718018756544,1.22282717434206,1.19166765853784
3.885,2.21059384777607,2.5378601307643,3.62109413401451
1.512,1.46135324045698,1.70604489237301,1.97386629032869
0.658,0.690536967346538,1.52539129172025,0.325419219229599
0.728,1.0004765750965,1.11075082696401,2.16060901455232
1.569,0.951000893751227,1.28655799321166,0.70995740867838
1.644,1.62930871610463,1.9653741476437,1.22859925753924
1.278,1.59575919869897,1.73403283241864,2.59020021877827
1.457,1.48974695349782,2.03374109712331,1.76337592920985
1.221,0.963746852732884,1.64262664717528,0.877041797478398
3.961,4.14752995108775,2.33335397052235,1.35044973096428
2.222,2.00099504880682,2.17937440899199,2.06984241673909
0.938,0.870771978912419,1.12305355734616,0.961520367568657
0.947,0.977928474244372,1.01894640084209,0.754724549796705
3.202,2.74085179711632,2.44574489210996,2.46853554546696
1.165,1.34409368777306,1.44135882651321,1.40960010699453
1.548,1.75307621078302,1.9750366822675,1.35173523716788
1.305,1.45257691648364,1.76079732820235,2.13817454349997
1.928,3.98745679795111,2.64248664608695,1.90542263535026
0.944,0.967126792763468,1.12691517693942,1.03249370345138
2.29,2.3700547273405,2.09092610794157,1.9680285801824
2.658,2.51729213167607,2.51370094524771,4.98651036748207
1.074,1.71538116058232,1.28648188024142,2.03366500123402
2.757,1.57522509508363,1.17387560280693,1.07866267740589
2.04,1.85919717598004,2.51967257375807,3.49497026635489
0.865,1.01812302441861,0.861788137012569,0.900353451676838
0.958,1.37027464571048,2.1649285419817,0.931951767761407
1.264,1.31197553011512,1.30640348102756,1.15442745165435
0.81,1.79762047646881,1.79711884200007,2.21575520979284
0.632,1.44048007475338,1.680072151939,1.91749204287358
1.091,0.911477654418003,1.07355766899546,1.2901650255123
2.559,2.13397929649694,2.98317274679737,2.58105675194589
1.482,3.25301113585525,3.7931206213488,2.54403726589585
4.203,2.57473827660074,2.33993757571298,2.47227135577002
3.229,2.36691501437148,2.24161152511463,1.48676533280196
1.916,1.64699026904119,1.66844698528515,1.63364054024537
1.717,1.64949598836183,1.87375880099492,1.40197729862208
3.02,3.58176780221378,2.96842989845999,4.84280670605681
1.831,3.28897043568418,2.79256459066067,5.04898701384469
0.525,1.69472288310203,1.47548334288395,1.96363468900942
1.823,1.89920781142234,2.14527156275583,2.68221433175776
0.676,1.16813849985847,1.00832014935142,2.03616103044557
3.35,2.77871882173175,2.1618159805239,2.29145703772284
1.051,1.96174813735616,2.05315344414221,2.08417914193471
0.594,1.19939868900535,0.747545769250898,0.768631426911781
2.395,2.27355030518998,2.10726290061746,2.55455619998378
0.732,1.45431977398321,1.95291848350791,1.48083451183721
1.025,2.4221198978563,2.82560140250698,3.27519053442974
2.172,2.11938443305377,1.56616869606653,2.00731832900345
0.58,1.33420704777159,1.44368404851773,1.92779790851456
0.749,1.45812752561159,2.188260183972,1.80864349000796
1.336,2.44373194889848,1.7528286466013,2.17972028341946
1.317,1.47759433154309,1.31929619254812,1.31949587168138
1.506,1.23572363455691,1.2656102673612,0.858910306780195
2.16,2.89626177411052,2.51322551124954,1.38767389522248
2.12,1.60012046307209,1.96343853592339,2.62229266451041
2.017,2.11741744990112,2.09938566568912,1.28632949676681
1.495,1.87499840510899,2.07378155164249,2.47954075833693
1.841,1.87561733317844,2.08523750702899,1.80804465469904
1.491,1.35665114385542,1.69400551190726,1.0844492350524
0.675,1.15664934581569,1.10486277250343,0.690908197168826
2.674,4.06137989625834,3.45629516034493,3.55651067830822
2.085,2.82844049305593,2.34912267566762,1.39981384873933
0.894,1.57300467029211,1.45663608025094,1.02739440760062
1.637,1.89473655421483,1.85153547170007,3.11227035730169
1.957,1.4871417827316,1.56520522076025,1.49627001201117
1.539,1.18645894959183,1.63557886731201,1.16978956669117
1.528,1.40902156351917,1.58484083647226,1.33187732986731
0.969,1.52254942783004,1.76885727261314,1.30773472570056
3.86,2.75947712595837,2.62119870895611,5.06504322893789
2.047,2.73309901944477,2.74139576751959,4.10681044177168
0.781,1.91198632464618,1.3889021532756,1.94403454513005
5.133,4.95792126225161,3.64205480416335,3.46838652212577
0.777,1.26035698588738,0.866014880134621,1.11734818346039
1.001,1.73033851510945,1.89519529569896,2.82401926425681
1.31,1.49913127965825,1.46658939533928,1.67131877647151
1.533,1.77303167436163,1.65157265388777,1.96725729103338
0.913,0.740848493983591,0.834391621759459,1.21120453705296
0.717,0.827188646506522,0.952051869427875,0.763081325679646
1.831,1.98339071466936,1.15144843130191,2.22955193430073
1,1.13644867266814,0.912313386360721,0.779102580984975
3.402,2.38997456403729,2.60559290089887,3.07642578414984
0.825,1.00586070460012,0.954172588486313,0.497965157024075
0.767,1.11809121684194,1.56977712209753,0.969207313109278
0.798,2.12200142693694,1.20922909541096,1.42153884136477
1.666,4.32906961917836,2.47867021435804,5.41933404366822
3.591,0.161355144339432,3.35884225573865,1.72514081299408
3.144,3.88219177765913,3.16579081741429,2.67393115469568
1.654,2.23939572530669,2.08464155725637,2.71480416641664
1.976,1.9096073121589,1.62654508650732,1.26445117528378
1.333,1.83675778156839,1.24814091872891,1.422177550548
1,1.22426228279847,1.13786265966455,1.29985567591512
1.304,1.51551506798301,1.3382776926645,1.87577104651347
1.812,2.17952237593733,2.05422637555966,1.846031112823
1.714,1.54154050573056,1.92683968679986,1.69839279610758
1.029,1.11681155429249,0.867068166989345,0.789100848290921
1.536,1.51400612583476,1.25993263721432,1.25887672441635
1.443,1.77884290943562,1.3558078416138,1.29602950599214
0.48,1.00605961440979,0.869241854611877,1.56257452345275
2.09,3.1758203370693,3.89948969501469,5.66113172513923
0.724,0.722241525302939,0.809413995353142,1.17612759481735
1.025,1.5297010337769,1.44881529656997,1.41070333365156
1.681,2.3177754501069,2.33122136427856,2.58591169751969
1.76,2.1932538736645,2.10653892035797,1.8642441756421
1.384,1.93456990209038,2.00109839394019,1.86546267530116
1.139,2.00175697890182,1.23701970246925,1.46381073300246
2.334,2.80854999293292,2.53003720656534,2.7750351666418
2.437,1.65367366510652,1.86396460976264,1.45524662167551
1.549,1.89108921642097,2.08992907472081,2.50087765284511
2.067,2.70624179994523,2.35623007449135,3.31299932272966
1.875,2.15011601569684,2.15095824761068,3.67456992623499
2.005,1.68991732943827,2.12139642640881,2.0997083692869
1.415,1.25058250056682,1.10503082181063,1.40136380004689
1.548,1.56338564820388,1.92739239180187,1.79738139698817
1.635,1.83169355540382,1.88558930859473,2.14975006022797
1.267,1.83944635382917,1.95488915839384,1.99668190785946
0.923,1.60049031343488,1.4710316323561,1.53133804135414
0.748,2.00443403047121,2.24687117402642,1.66339129858115
1.59,2.21998697859362,2.26715018947267,3.17978597148532
1.51,1.79664982099012,1.88794016192552,1.6635950183762
1.584,1.78328939348889,1.7137473048044,1.07538568153812
1.113,0.968236117474084,0.742079138383668,0.993159842310642
0.653,1.29980155862294,1.0213183577901,2.20890638804907
2.298,1.81259323473709,2.06448307467919,1.67884130348565
1.773,1.14313846521286,1.5025897893457,1.43840622539434
1.678,1.4911165839527,1.3956766763831,1.48550698151699
1.201,1.535695506635,1.75784684426665,1.57144783831688
1.113,1.21999085339113,1.2331489829402,0.989576194254228
1.265,1.5834137408042,1.26160147685097,1.52798291504511
1.294,1.65497123158615,1.69418255521313,1.72031436410422
1.641,2.02369712743519,2.06681116469664,2.47488172235615
2,1.97059457197582,1.83891653190294,1.63670839268653
1.02,1.28652563621114,1.38498669703639,1.31792477620844
1.429,2.04803852256887,2.35646015131173,4.68106518611051
3.56,1.95831773873069,1.81482419062581,1.68346468973012
1.082,1.51999158590486,1.62550909562064,1.66111823130027
0.854,1.28130838371812,1.08111811049043,1.15369148669561
1.572,1.36690723014993,1.72149828636383,1.58280466620513
1.643,2.08323245754461,1.73296556636559,5.23441968262916
0.993,1.43074583105877,1.11357177628237,0.863985638920528
3.2,3.58142757864204,3.81661203666056,8.01605360655966
2.154,1.80899957420788,2.27244700657039,1.61595937395489
0.768,1.50585471439147,1.24494408794447,0.984322557896706
0.578,0.810197955245186,0.987314554592092,1.100293196075
3.83,3.28668567424722,2.76182453489207,1.46464572653971
1.437,1.56589159864083,1.66056944429778,1.41580029652262
0.825,1.08691579871622,1.15185550660032,0.684161907176124
0.621,1.17825518027541,1.1642801501184,1.03071043926724
3.598,3.37488557163111,2.91627451843681,3.82300770659155
2.02,2.63801398088962,2.29344875997529,1.75241988635465
0.442,0.791078730100043,0.856922864092156,0.787184350454439
1.638,1.66419833413411,1.40761943784636,0.963463816895077
2.152,1.80011098475862,2.03576788129025,1.19597817638497
3.145,2.56895754493933,2.37690204909692,2.60642075420848
1.128,2.40010833526108,2.36288864580949,1.89439692090443
1.654,2.17896697926406,1.81316963422981,1.00022994334937
0.695,2.95993558960532,1.81389614434889,1.03865923128702
0.737,1.54578295552462,1.16434732444411,0.843963702871999
1.225,2.23863778820742,2.04964063901343,2.15657760497782
0.941,1.62108117717544,1.60145877768114,1.47301624089258
0.91,0.860772533299571,0.929378518384759,0.786315193564473
1.4,1.29286130832758,1.34301041166419,0.659602472972463
1.588,1.81871569247313,2.09531290478595,1.61123907943321
1.148,2.92886761785988,1.93866287088184,1.43044370739719
0.953,1.64549396528037,1.42743810591354,1.39812784968043
0.757,0.92867662407251,1.01035195518007,0.87100960113858
2.807,1.69866541415025,1.94977561940407,1.27295939761271
1.091,1.29850914043764,1.1618855543543,1.59341288683267
2.414,3.02211536702025,2.85948115092144,2.63494822664998
0.861,1.61876609808005,1.38117595211028,2.12955312066499
0.715,1.27337429056874,1.78242427248788,1.07625159884428
0.564,1.42640954903871,1.19066168509077,1.47253790378888
4.054,5.3718892423957,3.76173148322623,5.80735677455135
0.986,1.8158155632655,1.90798480000148,1.20321414810453
3.024,3.61022542465249,3.03493956855657,1.95704392315424
0.859,1.75116034306079,1.55608435090409,1.65010436090912
1.443,2.33634753519442,2.31780365110743,1.96886078796445
2.72,2.3653867834556,2.05484142245812,2.9765797466096
1.641,2.47866818715666,1.94012301054038,2.87038219107683
5.177,3.59699543184362,3.8708186340491,2.28900853919215
0.968,1.72506354265642,1.66650440427961,1.82430691669186
1.768,1.53931026434208,1.41646452048598,1.7861706686874
0.846,1.33757994161902,1.34537678710119,1.58742584071222
5.21,3.87268333047701,2.68685296314714,2.17533103283377
1.725,1.84826583106311,2.2426892553008,1.03385964145958
1.949,2.43411477677919,2.43518725814404,2.28021909982444
1.296,2.67436105354088,2.78047433928192,2.86037579057223
2.2795,3.20075890424026,2.50111100137889,1.98723483577631
1.169,1.98294238813065,2.81457068564957,1.34456711034042
2.331,2.562942180885,2.45248018925178,2.1141652153001
2.79,2.19047044782258,3.5429939636339,3.31452639778541
1.878,2.79409994515704,2.38182280322197,3.09717943722838
1.119,2.76974943432697,2.33248683908295,3.12320574712197
1.525,3.13165863404104,2.52629342614368,1.21712596432735
0.601,1.49082186800156,2.04764179666816,1.19334569893317
1.193,3.00543514268434,3.50685540090054,2.27504565548209
1.717,1.54923439018116,1.76806260218267,1.73038944617916
3.27,2.78822728353227,2.56320758332224,0.326368673440133
2.32,2.30082866300013,1.52621348312599,3.03375391918191
0.978,2.00915825803393,1.74038085845387,1.47791805249163
0.962,1.9029815812723,2.53423658078845,2.12971548021917
0.906,1.55490841399435,1.72516857919014,1.31182838302192
1.604,1.9477427584539,1.75365896809681,2.78506772061746
1.192,2.1760423589309,1.68989234806208,2.22388668815549
1.906,1.61888901785603,1.71575435261123,1.34479863293444
0.823,2.1100462043283,2.21916917445582,1.62774680852406
2.859,2.20017854956651,2.27468917961009,3.32881628759521
2.2,2.61537356079182,3.41855713455199,4.30163082780841
1.629,2.15603173249371,3.52183710502957,1.65019608892388
1.509,2.01102446668326,2.09642849047095,1.88519903069246
1.192,1.86646317372638,3.23902839078918,1.66400245663305
4.461,2.16508973231187,2.13344961232916,3.84950451337675
1.832,1.68118063742949,1.30213147296005,0.977583405683931
5.827,5.88324772404016,4.53898857338718,2.17919711607399
4.183,3.87730682793862,3.24966226092942,3.04182694752316
4.877,2.58034143532976,1.97222075679435,5.78070087801183
0.645,0.928889941988039,1.27888900096754,0.856056790776597
2.667,2.25122811691633,3.73865307032713,1.80215375793982
2.33,2.72848865398689,1.95466713457597,2.38356241427564
1.464,1.74158284318161,1.74022321800438,1.02230673776132
2.298,4.41779307131002,3.41739125568101,5.72023277575677
1.414,1.10992310287848,1.47085221260289,0.993474194227338
2.067,1.74203623951916,1.89944525766991,1.02418472754412
2.452,2.35691967060891,2.81893423505231,1.6141773174122
1.307,3.6596755464761,2.45037860578723,2.35155885138981
3.182,2.3428275284014,1.98704496086919,1.4897849694146
5.279,2.60753862398711,3.49442658046233,4.4397743939247
4.35,3.22151316062357,2.39908036866911,4.02554051604753
3.216,4.25672550899702,3.2046044300897,3.23904604147853
0.984,1.76133575587125,1.90224930061217,2.14507907222811
1.895,2.418667550414,2.19131749767595,1.66589112899185
1.749,2.10764538727347,2.45961835021194,3.22853403183891
2.557,2.00225568761848,2.2374344911177,1.17758661543192
1.907,2.91072830597381,2.63634849713616,2.08409788662796
5.994,22.9710472605028,3.17010333530867,7.52920635741855
3.194,3.860647679947,3.71874486045652,2.75697930532835
0.791,1.66195366983306,1.77298414279575,1.70330353664358
1.339,2.23020860357114,2.04581898392087,0.932336550565083
1.036,1.51303232631497,1.43451353295908,0.97899650057498
1.969,1.8980015857637,2.07099388417798,1.43041213782594
0.984,1.22625052307059,2.66746044807215,1.31202723930498
1.76,2.71421207519256,3.00316578043564,4.72186779376002
0.807,1.43882448038763,1.72239327044207,1.90929869835056
0.891,1.14330006728469,1.15406846671139,0.782602479927343
1.432,1.90259425540486,1.82283507473729,3.96198183637788
1.285,5.32258586801363,2.79888124756625,5.96254863847306
1.237,0.597241624086241,0.841851453721558,0.584182594564064
1.18,0.951533031355806,3.2727853234215,0.744200178332286
0.945,1.21351380751866,2.48828774912562,1.55565501261893
3.421,3.52101249895629,2.43299205508562,3.06190166170757
5.55,2.09554514143078,2.37873903130701,1.78570964829346
1.126,1.79263034468428,1.72739166323999,1.73152302417019
3.56,5.24264774051746,2.93322474336861,5.8854765897351
0.919,1.13858461278127,1.14379989760767,0.802561871687541
1.983,1.52407350317008,1.56734705300602,1.7670981260412
2.82,1.91525069003233,1.69437973050448,1.10813678486949
0.497,1.37529452242628,1.84607831031539,0.731643951261061
2.051,3.3606267342138,2.96976149623077,2.49185564691797
0.892,1.8058223751246,1.42552525856389,2.23736679223341
2.912,7.40255371437925,3.78346057918099,8.4093320779357
1.243,1.00778327634829,1.85841876561996,0.823610996920504
3.248,3.62158819988151,3.121935848436,8.93237695398806
0.637,1.21657406945666,1.20553287505621,1.12453649215375
1.456,1.35248632674736,1.1336353356342,0.574224452020022
1.419,1.9239721686297,2.00159537679498,1.94397840369501
1.893,2.40749336439242,2.89413545339475,4.0051983240825
0.708,2.87575370870463,2.9420142500111,3.77920758329854
1.383,2.33161479721322,2.64744853860908,1.64359406872356
1.024,1.20537982415301,1.69197113854857,0.860774454808648
1.423,2.24628938773877,2.29699849463699,2.05939797462102
2.549,2.66827715244931,2.59173857992496,5.3787642328785
2.117,2.2320741156283,2.37661955559329,1.46508257954262
1.243,1.8030532492238,1.90099897639156,1.69225924343151
1.109,2.09033920786443,2.83027101744793,2.42776262077561
1.056,1.69935048277204,1.68326647177113,2.1010561710657
0.812,1.34134238407348,1.28696343470783,1.07736366800055
1.064,0.854893048359555,0.774537076380644,0.796536110889217
1.011,2.13643849837751,2.19113246276125,1.42670529153879
2.993,1.98933199634557,2.33308858142883,2.45200711327151
1.449,1.9221535615748,1.44265102484497,1.14894721192036
2.46,2.29380809060221,2.55052351797571,1.09726753341379
3.441,2.69769196700251,3.4705096645819,1.43426057356583
1.473,1.97464703296985,1.7897566289083,1.78149728905273
1.697,2.3321930848197,1.92801790118214,1.55872578632914
1.177,1.71600618470276,1.52926983901875,1.14722687031485
1.724,0.977041053000174,2.78005141267379,5.60948787030288
1.128,1.20027235188182,1.01566766683659,0.829764258284232
1.043,1.12916125044513,1.29775110860454,1.18182227187888
0.835,1.63591860901483,1.36645877658697,1.1590468305824
2.582,2.43565694029648,2.59389482448322,2.27149036331839
0.918,1.60500001820244,1.41630141321169,1.31310975481035
1.014,1.74014500886969,1.68737615664914,1.23987828824293
4.815,3.2013624355368,2.91840462010112,4.01829984149966
3.166,1.97835299997776,1.64317946181952,2.02616515248094
0.513,0.902217456694689,0.774909166103559,0.928925555494787
0.927,3.31703722669125,1.77831136187768,2.30254038518329
2.878,2.13917232788616,2.51917404755191,1.45279553532472
1.678,1.63566892715067,1.73256930677801,2.07499995753929
1.149,2.25282887550667,2.28756565188431,3.21791109718306
0.641,1.20215109713753,1.20352919848445,1.22482583494143
1.155,2.44628954580263,2.44583334387339,2.47328426905006
1.095,1.85057504348965,1.895008596622,1.48606281058952
3.068,2.56515486822888,2.51537509043676,3.19657968275463
3.245,3.36277881898312,2.66656617133834,2.43306098446899
1.383,2.71665476257162,1.9433023159576,2.22237619199013
2.077,2.12512953015815,2.42969747183647,3.65504614566234
1.138,1.59428707424512,1.40152778880885,1.41572931440807
1.622,1.92741981522286,1.91446872641291,1.21007997664843
2.33,2.10243099792276,1.99754782527248,1.32161291237034
0.75,1.29948859867617,1.29244572172693,1.94259231320613
2.483,2.26606681670591,2.35725134681893,2.56147026198824
1.829,3.12422503635775,2.79889260323355,2.42548390919184
0.731,1.69363274567183,1.4345539279753,1.53386708256351
0.785,2.97259845927289,2.67867197657939,2.54245124665268
3.038,4.92713449885477,4.08329136095429,6.58358144627227
1.114,2.33621766965598,2.56288193096836,2.20554541102483
1.583,1.82454898623982,2.03582024361504,1.41712303123358
1.446,2.04589267413383,2.31853301674465,2.78832244567195
0.758,1.7740672792749,1.76812059574613,1.33958807009881
1.605,1.93677175102721,2.92942488154005,1.47929734045429
0.882,2.47746932857402,1.38386000254803,1.39773888055908
3.395,2.02311089972085,1.55463701600116,2.4242136016395
3.21,2.76971490329695,2.70177809972431,2.39997988706193
1.284,1.53212568910708,1.51594593828615,1.00326971869068
0.565,1.49822647807227,1.42636677151439,1.54445461391211
1.129,1.97688794640875,1.7454667015932,2.42505670844506
1.062,1.3520195327456,1.3363856606511,0.899043693915923
1.587,1.62885735323567,1.7317606994628,2.71718102177334
0.984,2.13340104662485,2.58295859378698,3.19098665637965
0.706,1.3506751614248,1.29052251956416,1.14306199168573
0.545,1.41812033873992,0.813247780952759,1.22977494415225
1.211,2.25584954802858,2.47770033706009,1.92042640443026
0.569,0.96480558445582,0.91963561422867,1.18862093920954
2.902,2.92607719976991,2.85838432355707,1.62823578384305
0.516,0.647981521498842,0.896663949248155,0.593075243761196
0.682,1.5286369007114,1.27266245854971,1.28273105993375
1.641,2.31355026256083,2.52353865515492,2.9405259854109
0.907,1.76917202857383,1.87860827381984,1.91540176284465
0.873,1.72077267167617,1.69034165462362,2.46699890729711
1.722,3.95066264158072,4.98807219523178,5.01023772510713
0.956,1.6969600188463,1.67177852514607,2.02739734957575
0.724,1.41079051336552,1.32184011490108,1.9403545278178
2.604,2.1923382204718,2.09669899955044,2.93674839139969
1.213,1.60357151980452,2.11849023725961,1.46070987736562
1.025,1.04127972533267,1.05247996022755,1.08403429224616
2.243,2.18394314416392,1.91339141250862,2.6943015053244
1.011,1.23603144490847,1.36774471079679,1.3814388555255
1.479,2.26097816011299,2.24086856612114,4.3072518651369
1.298,1.78690420719535,2.13127618782335,2.52681304708841
0.516,0.856992478103249,1.02906314311916,0.651804470607706
1.835,2.42824192741766,1.76388086623961,3.29894051492139
0.934,1.03939511472828,1.0599732560017,1.3057601768682
1.899,3.06527694912481,2.91935182827808,1.93431736187586
1.478,1.95248323648661,2.1320579312169,1.98725823430014
2.03,2.41375287509261,1.88865576480766,2.38617693005326
0.768,1.00742521543646,1.30097966500412,1.23968900889672
0.486,2.09457518555107,1.35042986633197,1.78619644926237
1.222,1.42590735570869,1.52792033176214,2.10694028227202
0.865,1.74695057774275,1.55727295717455,1.41821338272621
2.12,2.5696627095662,2.22465509228278,2.34590501173903
1.275,1.84107636684821,2.58629762533122,1.9144055230582
0.681,1.19148555385276,1.42557328222148,0.991577892060058
1.597,2.38890630550633,3.2361975441527,3.94815154542702
1.086,1.04209747501942,0.935379813315553,1.71668107910141
0.625,1.23497463823313,1.02576131128129,1.16470047384292
1.065,2.13648624608564,1.69387087127458,2.08266579612235
3.594,1.76578799740311,1.24251939416122,1.02774380827567
1.017,1.61892925260903,1.94025385712036,1.12071230049104
1.453,2.80748689133453,2.35736244961724,1.04181307426694
0.832,1.14671132010511,1.45809974424774,0.765727284319557
0.73,1.90610800088428,1.42349871623567,1.61844855660001
0.982,1.62864009799163,1.728536350157,1.38185197678403
1.195,1.84797286658766,1.47017080624641,1.66978329440591
1.849,1.54048672878204,1.54945569176721,1.67582715859778
0.905,1.29905069446362,0.987658183306435,1.33510051523462
0.76,1.27401409120957,1.26953216717115,1.15655241888768
3.156,4.56394418219872,4.11551913899317,6.58272377582129
0.745,1.93180697923766,1.27273943405686,1.450056617996
1.293,1.66771892422211,1.60626744973161,0.998062703525923
0.821,1.86585290919511,1.6663960400227,2.53586454796937
1.087,1.63048988869432,2.04786396975512,2.09470270702187
0.579,1.39318061786885,1.88602632750422,1.40388276735859
1.071,1.65002687175981,1.29359880952234,1.60951909486713
0.731,3.36755219203332,2.15791824187634,7.2116183848429
1.098,1.10715702652241,1.32347812769541,1.43012891247999
1.369,2.50290659504988,2.79999834141313,1.55548351846178
2.16,2.83483797188036,3.02983574320973,8.01959932714806
2.15,2.80801372882265,3.95133824195144,5.7832982789557
1.599,1.41109031556173,1.72813379947775,1.20510789603933
0.814,1.50411921290116,1.84311068472533,1.93282322262491
2.026,2.19684143946595,2.0320579857045,3.36783906077446
2.447,1.53496004553171,1.67132573627215,1.64620800741877
0.935,1.87287525502382,1.78023108282273,1.01512549640882
1.051,1.27389204767429,1.54620107386017,1.15496627412432
0.748,1.60621742896292,1.13640858201983,1.88225854947818
1.376,2.31760419401498,1.66055964025775,3.64135206839899
2.258,1.92808957621162,2.02693616776643,2.04563273954322
1.419,1.9864673429374,2.9190962949508,2.13640640707941
0.717,1.82468719538615,2.26346225746092,1.08508703239098
1.223,1.59185697375555,1.43452101154691,1.65923887803804
2.403,1.68502614468048,1.58184088228641,1.73743746397396
2.37,2.1962363499707,1.61000074047422,2.6628317991082
0.662,1.08640298701377,1.11562708468923,1.05340227080771
2.592,2.20604253840429,1.58256622787526,1.59607674232752
2.89,4.01850919396446,2.18828257508223,2.7163315903127
2.49,1.40175875600394,1.47621462349288,1.09537778317047
1.649,1.80397808329845,1.80462266855723,1.98987384562513
2.127,3.1285899380442,3.14815048581752,2.4608965407658
1.314,2.0288904099224,1.79245550740526,2.48455585256467
3.711,2.53400153005554,1.64000463002583,1.4677907830006
4.514,2.64149954308399,2.26724557405474,3.83941338085444
2.08,1.56657136940241,1.29165637813661,1.29606089340375
1.41,1.57776098588529,1.57420786064391,1.03705093100937
0.782,1.6031364127441,1.57908235803622,1.81894688937034
3.76,1.89688890578675,1.53871588850938,1.36143515290958
0.597,0.899567066652041,0.785005020613546,0.580150640191865
1.285,1.3781882999984,0.972969263596116,1.18118601976911
1.565,1.86827984332675,1.90252430469126,1.30242030544661
3.83,1.5168038229548,1.24738584466447,1.72696662549833
2.591,3.68559259073866,3.55340799832623,3.43411029128885
1.449,1.8687108613003,2.56147675218277,1.90370256689759
1.821,1.85662007432559,1.21911334979986,1.97565141372838
2.541,0.0335469146115857,1.00234541214027,0.329298911311548
0.7,1.81818005068839,1.37056610221011,2.54292842503436
0.859,0.823222557605823,0.901933466423919,0.479771832964458
4.597,1.9910523574259,1.53490642814396,1.75170405086379
0.501,1.18172366680639,1.68981564817999,1.33666120426503
0.814,1.33090668423826,1.08869670598091,1.5709779369009
1.514,1.0650234162236,1.04014364469337,1.00774490610825
4.728,3.46792881579507,2.99732586400509,5.19849759939203
2.888,2.1435090922502,1.97757619260538,1.4988214826153
0.604,1.27914978274937,1.27529555554238,1.07215988756747
1.592,2.43108549825439,2.78497809346285,2.11409617033967
0.636,1.49261051248617,1.16112234258173,1.58147313832181
0.58,0.647668947462045,1.00067564812675,0.603144846666702
2.06,3.46798534639097,2.20867156689991,2.72845863456995
2.26,3.99332221267243,3.12812086137376,3.85212612754134
1.678,3.16979366703499,2.7149492298101,2.25079855322049
2.59,2.53803834172415,2.28297792918407,1.30321703015702
1.326,1.56292076597984,1.4539418776617,0.80198371302923
0.916,1.41036018383288,1.14434978088407,1.70006170691129
1.47,2.17924849238843,2.46571917811454,2.74062861536002
1.563,1.9049816786485,2.08273533808811,1.68335696491692
0.657,1.05786681953424,1.22966962531767,0.967660036564291
0.778,1.23738686168108,1.42010575379377,1.31407288432726
1.067,1.71220965975848,2.01764658009328,1.23686773338138
1.737,1.664464843715,1.3323051444239,1.45235665383566
1.565,1.43061411059574,1.89756422947762,1.24358583529287
0.387,1.00519994012761,1.10671965391691,0.625561906448111
1.308,1.53974647357636,1.70430443067432,1.27761473528648
0.825,1.11477365680692,1.05731305347954,0.982653778369702
2.235,1.24865681222045,1.17157356411026,1.18294878257466
1.191,2.00225957235677,2.21184377660172,1.97444545249287
0.544,2.07606708485363,1.62879996289164,1.601746772785
3.565,2.3910191704891,2.1809267324764,2.31076905262472
1.066,1.92494830822702,2.14092977746623,2.26009225968193
1.252,2.1691351708251,1.79485383979555,1.97303280477938
1.908,1.66835561853499,1.08627370956112,0.830902384086061
1.507,2.72953214198499,2.65099055146726,1.80309215789083
0.768,1.0863179876903,1.02745650135003,0.927638372255646
1.664,1.4647474104644,1.48337030808368,1.62260500690316
2.53,2.42871636767727,2.11056740228726,1.52785035723304
1.609,1.53883219131246,1.17197583413923,1.41294390576914
1.104,0.903288075420822,0.907508563945982,0.893390121820871
0.405,1.10849807871938,0.960350886702206,1.11266864875486
2.47,2.82808592056951,2.15120128771183,2.67938003437133
0.762,1.02926826103202,0.994159312016397,0.709769886676003
1.479,1.78088877448945,1.95215963807032,2.75557205074947
1.328,1.09854421115373,1.04900060149693,1.6352282492086
0.503,0.883031257241958,0.715327022031954,0.947943998024528
1.194,1.48068178662659,1.73007466616801,1.17287189465582
0.68,0.989894503584707,0.994295265608031,0.874328037912734
1.795,2.22112073143336,1.95243492700139,1.88586988116115
0.623,0.887361134509063,0.730867837582031,0.643899676727039
0.886,2.40953206210319,1.98883584268853,1.54074860435243
1.416,1.84132977902358,1.54895811854658,2.15553002336783
1.654,1.73683909034161,1.46463994811349,1.49089925384095
0.716,1.26487484025856,1.28651201679204,1.27515698541959
0.701,1.07323099867792,1.29630348484041,1.0231501118537
1.812,1.73334314127074,1.78493198141744,0.834577685494968
1.142,1.29790454189781,1.03108209114001,0.983752122715099
1.365,1.38730059053957,1.35615786304054,1.33879816718214
1.445,5.80030682244239,6.3472756637218,10.6303151089839
1.989,2.08690772995456,2.23610138432795,2.0424571594356
1.551,1.68394428445322,1.3862157203241,1.01097325093173
3.099,2.01801880580115,1.5631889512333,2.05294408640746
0.527,0.77192581090023,0.876213101998694,0.619615706837719
2.369,1.83353723389647,1.3681616019123,1.65178493325293
1.255,1.48537550446455,0.846856394699801,0.865930135666997
1.968,1.68846018365965,1.22717695770111,2.07498968881788
1.352,2.17968373314242,2.19208252312449,1.88783912505621
1.001,1.109593676418,1.31521170084485,1.04319027813726
1.287,1.65157507164185,1.55852336491404,1.22874723349539
1.203,1.5385194759872,1.6378602070021,1.33046542283832
2.882,2.71214762837532,3.48774228978103,1.99709184273683
2.65,3.18248506243538,2.91652455927196,4.90473788922395
2.52,1.68032010863461,2.27260780459702,1.08295746053252
3.52,3.17954176537347,3.99897065141691,3.45751368848017
1.219,1.26993222012699,1.13759793461757,0.889597236105007
4.08,4.29678936367086,4.2177091841313,5.60233898397122
3.524,3.09067996019713,2.55113106671149,3.28113946291145
1.958,2.68421248666805,2.68107498704559,1.93056732379005
2.108,2.49127786095969,2.99503069538051,1.75659615226573
8.384,5.60918640086835,5.84364171878527,5.21332253833088
1.338,2.60404016582104,2.63268322268083,2.53324438144046
3.15,2.72707830459727,3.55928938942381,4.52680056342575
1.921,3.92276624002406,4.95171898732431,5.88789624618564
3.592,3.85190844330899,3.10860720192907,2.46162057282116
4.414,4.00858746091208,2.81923333113676,2.72106534608749
4.11,3.68022033313669,6.20371204331549,9.26469892326697
1.193,3.21529841650549,2.58798409612309,2.07189564964137
9.371,4.89987706287252,5.85907472382689,4.34438406490184
2.082,3.15492916796225,2.74257799928093,2.07667592942916
2.9,3.01612620768071,2.46971187397517,3.21827411312666
1.857,1.62343796766015,1.78628222132565,1.23366700290963
1.165,1.69081085067337,1.68663052212887,1.04975225774134
3.43,2.91061140501151,3.09472379755016,4.46486822889238
2.222,2.40694363453379,2.3129532838287,1.89644670533921
2.69,2.40060015503346,4.22445767908729,5.9314347196281
0.811,1.83475325024434,1.60882239831985,2.48350700295895
0.97,1.51001104193186,1.37848564634806,0.907926491636321
1.636,2.23835314558871,1.9934707538984,1.63092975790652
3.213,3.69467356900737,3.12564781047477,3.1852013434039
5.11,4.61493218346906,3.74676983085952,4.65087951245495
0.985,2.270509925209,1.72585943900641,2.46382775554722
7.57,3.63801534320385,5.20783580586823,9.79332788970562
1.489,1.34797020929005,1.65519606910595,1.06234474377064
4.2,4.23952858391972,4.60715171542435,7.02974434302987
1.791,2.31929109043213,2.59416614402063,1.84717420862487
2.458,3.30241369032132,3.29128131031132,1.9709935506774
1.806,5.43295972809145,5.03149099259688,9.47516177916353
1.089,2.0301540765269,2.74503648020291,4.68934566462639
2.238,2.0569233159044,2.00040351139823,1.80482532824072
0.7,2.55859910582133,2.21965005931865,2.4868150831759
0.854,2.52955085396592,1.95746360532196,3.9118364406554
1.728,2.30881937914961,1.95977387955463,1.9185465154656
0.663,1.95236394695999,1.65434478100082,2.27707417968159
3.36,3.53592996989303,3.01117114730097,3.95347268882797
0.938,1.59618195091275,1.58692080275578,2.29410302478909
1.094,1.41975980519863,1.40066118250318,2.11157879664941
4.63,4.10734795492578,3.03009516524574,2.76638998396628
4.26,3.38277951816485,2.98132728023837,4.10097739202118
0.587,1.57909394385688,1.27706364524102,0.868482768572927
1.557,2.29914015721597,2.26257730563891,2.95431053370931
1.532,1.07300945905294,1.38166734481422,0.982907003214864
1.67,2.27384886782469,2.19708352790173,1.82063392531523
1.627,1.24999410704357,1.80050668920453,1.2212877742497
2.4,1.48084574349852,1.67707623093237,1.7948640930784
2.671,2.39482163126663,2.46620759815351,1.93577775887783
3.31,2.67590129067902,2.69595905224287,2.74734649129601
0.965,0.841908953766191,0.986615152051739,0.772346029355133
3.614,1.87801938475064,2.20137178366373,1.56866302569123
1.913,2.42557995861344,2.48705281961418,3.52209934069672
1.848,2.59851946752264,1.50609972930326,0.632233447252489
1.882,2.06326332460369,2.00348538134826,2.2956975037018
2.834,1.64159315632174,2.06689344278149,2.13740285034929
1.686,1.91227400060343,1.88375926588932,1.59407742890812
1.542,1.68102073938543,1.92045396258943,1.58046261276073
2.548,2.08204348970996,2.22537196798007,2.3907861551707
1.967,1.69145156657298,1.67358557094806,1.9822947027343
3.057,2.82417398268592,3.70187357312752,3.62703745616399
2.057,1.44275841150367,1.72480178465227,2.02015094110407
1.03,1.31461707463236,1.39519065931464,0.540555330640464
1.013,2.00756070321645,1.39629937185756,1.71458877863169
2.47,2.89291500632298,2.72756815156947,2.17962727347839
1.344,1.69062331237331,1.66516025648091,1.88027825549282
1.578,2.16717675706724,2.08732514052444,1.37346936350016
2.06,2.86838032139424,2.36360211921739,4.14262342425085
2.34,2.84051404875422,2.88778694730809,5.24304362085969
2.06,2.58166136267417,2.41893739429993,2.05678614113392
2.36,3.32718584849022,3.1023131750842,2.50161774106846
2.14,2.35741430893365,3.03369705806282,4.47164207440478
3.37,3.08225732622291,2.79691837801216,2.77309663112779
2.306,2.41131241838604,2.27709422826323,2.28578596437373
1.945,1.9757394428243,2.30070481457434,2.81367754292042
1.481,1.69860147106313,2.12733677979809,2.04720477348009
2.751,2.15801611744923,2.11927022656901,2.08586780820875
4.345,2.84978151517401,3.02266594763095,3.03354618866892
3.713,3.37768548052169,2.83894335743384,3.89775053343907
2.22,2.68077593973153,2.81306523069521,3.09431101897234
4.617,3.2196217491666,3.09681248014504,3.78203635740953
2.25,3.65276790895472,4.25065476609184,1.87784132495585
1.267,1.7834472581444,1.41311737374148,2.12209010076548
4.4,3.1103927552356,4.14379157725257,2.43013804739481
3.745,5.40851624161736,3.54151635621209,3.30397825548055
2.65,2.66427392149335,2.75596962482202,6.48691720357713
0.873,1.04107913437623,1.07099866012648,0.861370745687783
2.87,4.16530964320685,5.03030166043496,4.33155458320233
2.09,2.65908651582943,2.68760104052319,1.48438076204952
2.34,2.37073904987203,2.77924182267112,2.75469070193518
3.572,2.86322928052827,2.37890834738213,2.15759193695021
1.106,1.12931671475079,1.00895033599283,0.925673499073754
1.028,1.37767114561204,1.12467685236857,0.859960914871617
2.01,3.39823766032403,3.10955635896083,3.44046352049358
5.12,3.01531441725669,2.9953015484051,6.74721771801933
3.721,2.41324339629165,2.96137959750095,3.5080884449763
3.543,1.95502252878807,1.57597811899337,2.07585403186076
0.907,0.913428804795827,1.13950511151788,0.74247521715246
1.614,1.72719071345436,1.77997164247223,1.74897382602778
3.307,1.70366355654282,1.81406150949009,1.7215768499415
2.883,1.30602182218805,2.16190990627541,1.55865504923748
4.53,3.46464285720871,3.08186223322337,4.28466616952782
1.447,2.10272581180272,2.19347659844542,1.31226200874541
1.335,1.7913290574283,1.8554868672936,2.22736922220699
0.805,1.0445123217425,1.13097036352538,0.938250903981051
1.068,1.00193610527568,1.09676805565808,1.23312252860073
1.381,1.75574311160516,1.49259084328982,1.48708229176526
1.413,1.0825700929273,1.21916672272336,0.883089009236494
1.266,1.01243485033722,1.10403726239439,1.39286986402096
1.402,1.66432148955796,1.90532712893292,1.89678619361641
1.981,2.36600607975921,2.16430004346012,2.38429228302281
1.607,2.55446562582421,2.15524604886255,2.49877780774508
1.404,1.63288636508538,1.66124433918712,1.91349349848216
1.703,1.72525459058484,2.03493894351201,1.74955107362963
1.214,1.55866295051321,1.58741318002779,1.7464490938711
0.852,0.882760882576525,0.821781499096023,0.856670780588929
0.809,0.901700868540052,1.36908255326988,1.21002781120691
1.536,1.99001031197005,1.81368621010607,1.48911549737327
1.731,1.22351133285521,1.67157936597906,1.59567680177769
1.833,1.65655166551128,1.84537937538094,1.75009452362037
0.654,1.1941689929391,1.03547298379373,0.814470477915188
1.873,2.18006060618465,2.26720971980297,1.89219689144954
1.861,1.54162659792783,1.69556361809792,1.53181638142637
1.821,1.58191670649753,1.98504708847997,1.9545772871699
0.791,1.04319739888587,1.05285234197364,1.24806285192514
0.839,1.27065990520389,1.2838041713696,0.963006783391844
1.142,1.1436278975076,0.923913611416625,1.34314041668658
2.06,4.77918959990763,3.43144181831688,5.34171805288064
0.437,0.528821723138528,0.690926474588815,0.561409317240008
3.62,3.99978551814284,3.24138503369853,9.28812645923703
0.346,0.648948237701009,0.594423355120214,0.383961040294834
1.76,1.6160124629392,2.2019773031756,1.99281339545319
2.099,2.29013213874902,2.31322099470062,2.59268258080303
1.813,1.84747389820532,1.7739405217937,1.49574863411852
1.412,1.56096910121425,1.83315899280248,1.69491348914566
2.36,3.39290009146296,2.96774240556885,1.50522176563123
1.736,1.92842253896516,1.85771824542907,1.87725485529993
2.157,2.09953786300312,1.98382786162628,2.43500533642397
1.553,2.54080518705805,2.32901835356929,1.52073636402348
1.648,2.05633560114509,1.87362241572796,1.69075116114296
1.105,1.45509981832825,1.09000543837155,1.60377997396803
0.636,0.902089844764758,1.00565977105183,1.07516158720589
2.301,1.64052826113468,1.76908199308509,1.8176451371416
1.879,1.69012089358006,1.4807070518463,1.80762135818667
1.057,1.6800066896695,1.26560772127185,1.43676496649283
0.639,1.15619668044235,1.03595469527934,0.965064625010284
0.479,0.562355502944664,0.799838612626537,0.718131592600131
0.429,0.611615988215429,0.733945040678264,0.872519321289167
0.774,1.79646701517376,1.76806020667472,1.50249604920243
0.495,0.924492535601071,1.07184841867041,0.945607136589422
0.916,0.921229774705406,0.971559612309767,0.752477229809148
0.91,0.965874638700286,1.03346289690081,1.22010907862723
0.894,1.09687172859944,1.65439004510516,1.53318109399771
1.467,1.44921042373978,0.716169499076928,0.819570574555414
1.385,2.09547548145856,1.62854788143934,0.802055227084569
1.434,2.40144360401377,1.63956928281389,2.5737299136123
0.597,0.866610089742937,0.98622271458974,1.23836535196984
1.494,1.39120596028018,1.54551296101419,0.935129677944279
0.912,1.81442947251333,1.93008874390283,1.81275486512098
1.08,1.23475755091961,1.09274930792689,0.8912199051787
2.23,2.797020212745,2.30344974923404,1.91630701635745
1.896,2.08768720940007,2.44697384423237,3.92167190455277
0.764,0.923180142604921,1.03406095109131,0.798820700370031
0.876,1.31764316434605,1.07422764443237,1.0714984640948
0.915,1.21894922984302,1.21819559202518,1.05313989494613
2.91,3.29316897512028,2.51827128929382,1.94996550738407
0.943,1.49609356415659,1.27255929351682,1.09381455510869
1.076,1.09123384715096,1.13257489169434,0.739311617540573
1.612,1.01846209154254,1.14126095700418,1.05330646322655
1.301,2.33505599200162,2.10271851982059,3.22345336379378
5.87,5.28304807106252,4.52190206844996,7.5828618394991
3.02,3.66725623491036,3.7522282064661,2.72745745629881
1.365,1.55767112884151,2.21127355517727,1.13691835086831
0.93,1.08565026203566,1.22385419302555,1.06400655208836
2.175,1.99201418783487,2.08018938093502,2.24615251038693
0.269,0.434241448262416,0.727485464056236,0.373240035938887
2.1,2.37846779718045,2.28733030087881,2.66746301820039
2.237,2.11216931234232,2.21867582758419,2.25176847897503
1.1,1.51773607709344,1.53934453906369,1.55133289081009
0.508,0.645308605478881,0.698351885787204,1.92696453955767
0.394,0.50686034110543,0.458104761776601,0.488912512305883
0.535,0.919295711614331,0.918639340979577,0.909134248251023
0.446,0.393962708247376,0.896735013494184,0.538920937597073
1.317,1.05887000756216,1.58980525628168,1.82586764067457
0.73,0.937106761471378,0.800245300373471,0.522654506368127
0.325,0.445241908616767,0.578256912297316,0.379735097588609
0.72,1.38233833918579,1.2260433052685,1.22158382914242
0.354,0.483122731342431,0.686362200739799,0.637495974378803
1.954,3.00161269709982,2.78455876151477,2.63492023568094
1.263,1.90403245347299,1.5523163102999,1.67511881579372
0.46,0.640641442879856,0.858896134179767,0.441364111713726
1.215,1.96540369251562,1.57059801021565,1.68044589093547
0.733,0.978034072894729,1.16367657935129,1.81921111321054
1.107,1.55519188869957,1.82067826781098,2.17242228652025
1.355,1.197430436873,1.80387948765528,2.0617104967542
0.588,1.19405661707079,1.34773194963119,1.2833511502817
1.329,1.58932363626333,1.14055027315679,1.33055005359458
1.595,1.21786806852868,1.71080212330492,1.82898054711208
1.62,1.31761909126596,1.99858280055794,2.33740982031566
0.763,1.1124965739674,1.31083621535344,1.08924649145474
0.613,1.29951128786504,1.24896355669027,0.653507044249574
0.597,0.670404226985848,0.949152478858926,0.401193190725925
1.026,1.32320211205996,1.44170639899057,1.18145731858902
1.87,1.4120768119482,1.81087124327422,1.85309664279696
0.646,1.01457739203478,1.03514256199275,1.61087873286423
1.61,2.30747192448652,2.18943735682012,2.15906153032932
1.552,1.78021485761403,2.1905398236733,4.62849947761016
1.025,1.25790746961646,1.5534396523486,1.30591427101003
2.239,1.94063161573028,2.07794094695652,1.64566411003521
2.34,3.9118505627358,2.79502232252791,2.96083883323664
1.806,1.44109922949472,1.79448699373988,2.14990182566633
0.877,0.787966054665004,0.765213150951445,1.17578320417397
1.605,1.76058571317357,2.02184969956244,1.81311541946343
1.899,1.67885221833365,2.04894126078825,1.88971543159686
3.21,2.5150338484482,2.26010239482979,1.08175834222854
2.212,2.03015741974844,2.16210771348964,1.8827764090798
0.786,0.797607929325703,0.820038535856589,0.718971177343415
1.574,1.39436997585448,1.26526601677776,0.882375852009908
1.977,2.86169561381629,1.73895420209323,1.57888366305604
0.541,0.759136493873672,0.840003325542337,0.252703874178502
1.178,1.33737023295501,1.2128569034853,1.0947356867353
0.96,1.66534273385959,1.52573752416215,2.14159853312532
0.659,1.04558898645067,0.979036349231445,0.847499975925985
0.689,1.54615480897356,1.25024235814041,1.17028498952522
0.588,0.879957759377269,1.13453587270515,0.830361225649085
1.471,1.08779251826113,0.996470227343658,0.587403807522532
1.118,2.27777430156016,1.36672079044296,1.34107706024004
0.67,1.0344161755622,1.30997685836974,0.802876876886061
2.84,2.27302040381635,2.02842377977321,2.04543791120153
1.493,0.553567947881251,1.78304173853754,1.61969082805236
0.411,0.645395836360356,0.744306862055522,0.746657045129653
1.034,1.34337214029564,1.74022170161962,1.42716249735277
0.654,0.948786902209084,1.09963960942308,0.642310916482119
2.242,1.54423787767207,1.94240465232619,1.46772469108357
1.338,1.50173688305825,1.88805532925593,1.77562195226129
1.249,1.40772335235926,1.25017756322825,1.37681413366548
0.917,1.48010225466235,1.35872279234693,1.19724652017779
0.783,1.5254718823401,1.20073562587804,1.14409289469508
1.399,1.09418369389548,1.22268334313202,1.32070138814563
1.058,3.11938471326631,1.39321085949419,0.762897222554313
1.639,2.92514873085331,3.53364527096166,5.09450213587601
1.462,1.45590473856015,1.41873029205394,1.30889949902323
1.255,2.36780427422775,2.18891866218396,2.14108861388261
1.482,1.94769645159794,2.02451023628227,1.26515748255098
0.951,1.41041776341604,1.17829505974354,1.38296756296635
1.147,2.15153138858892,2.23474808545999,2.1424974793625
1.252,1.78548229862399,1.52645953113702,0.742174834053456
0.809,0.968144344048417,1.44638416636136,0.687601005755157
0.8,1.10230095786091,1.15511213991333,1.02746026742595
1.486,2.62788322533912,2.18427640463498,2.44836075302785
0.574,1.13937764305078,1.09873898253641,0.874051935983588
1.194,2.06475835375371,2.58951747729378,3.6448530407013
2.43,1.1445867174713,1.17860815327497,1.60341760497562
2.503,1.44787567505728,1.13960613489725,0.817914743836135
1.686,1.59078715019327,1.93881077549431,2.00307933023507
0.867,1.27673660870631,1.60374766608629,1.54575538704745
0.495,0.717714847061645,1.29861702852406,0.962883507116127
0.716,0.903341511741037,1.16049814991789,0.884193208132671
1.058,1.96528456348396,1.5604567367716,1.41519168230159
1.103,1.48359830906661,1.64550287308067,1.54404104206957
1.737,1.56345075709282,2.39550228487039,2.16252354148754
1.426,2.2326676957322,2.40144986957219,3.27688524286697
0.546,1.07151588372971,1.21593059238881,1.26985496835571
1.93,1.89423414154036,2.13489718050958,2.57206792881543
0.838,1.19678417834388,1.53900968638715,1.4438249172717
1.172,2.85124246183144,2.11678129321362,1.51772854192198
1.743,2.36821301725013,2.16696236292394,2.44350745762749
1.235,3.0748122658491,2.18935939930354,2.71015626814419
0.399,0.807929202806239,0.785756756078851,0.472301849312877
1.378,1.77643811928143,2.03995696347894,2.08485694537013
1.159,1.30269514340378,1.14953384245438,0.632458921922167
0.715,1.00971101356246,1.17861501281754,0.959347803073407
0.981,1.68728331575442,1.34356652981293,1.34843982804807
0.717,0.771510401082195,0.906621539806445,0.47579543814443
0.454,1.07592110535181,0.866397384646146,1.2731844548146
1.601,2.32976310928576,1.51292967087572,3.24462607136928
0.754,0.800390490742713,1.04174673399656,0.842069748239189
0.681,1.15239773538024,1.32296341608783,1.00794502901292
1.007,0.383743438198553,1.02297931306188,0.399628672471567
1.164,1.79899011660622,2.21800983871925,2.11870855158543
1.537,2.58915436988644,2.01910189653386,2.67126199068124
0.199,0.38125767989284,0.55243661248958,0.439945623222642
0.516,1.47714206402084,1.17744219734978,0.857700542995373
0.238,0.265206139485674,0.435564952825194,0.185768246123046
1.645,1.2035071755708,1.54212572775362,0.710722735687533
0.728,1.3013455277281,1.29433633415155,1.01431517496039
0.433,0.569181202351302,0.71075633998283,0.690031640100953
3.02,2.50595152062502,2.16365305725428,2.35949167012801
0.973,0.847081019958363,0.904603570470757,0.843374429179218
2.305,2.07933758565202,2.19159248324624,3.05093942921779
0.606,0.932922407743766,1.08968858231093,0.624645569586838
0.548,0.698124295483678,0.788065454117105,0.530419209432419
0.547,1.03041559763393,0.795468449125455,0.982100430474882
0.315,0.661029857079722,0.773772125309115,0.442502806217255
1.941,3.063147604273,2.58852722882123,1.89485608780178
0.489,1.0824177674184,1.00818512292951,0.582848737601712
1.429,1.74750725148872,1.9129795403155,2.36392435132822
1.107,1.29578084273057,1.27531782776274,1.15061763496479
0.392,0.455032816427773,0.52326472348715,0.189155514803964
0.844,1.21243245206602,1.06181834707941,1.26070120344745
1.327,2.73238755376259,2.70012910940438,2.27315347951878
0.591,1.07860848498877,0.986102695252275,1.11078225350716
1.322,0.470519612043629,0.932853935907004,0.52331676148475
0.973,0.936063529903068,1.0031786062059,0.857038642773589
0.884,1.30622703049795,1.37413597382898,1.53807030336269
1.818,2.12438071894229,2.03905323388536,2.92517393587358
1.86,2.77616581007576,2.2614520589388,1.77150870904612
3.41,4.21674356261059,4.57759775827083,4.44819217945366
2.037,1.2509069514898,1.59337971282642,1.74434119545396
2.035,2.25189779188556,2.198570495267,1.81439304318321
1.587,1.98504575801924,1.83774650420965,1.52884691844704
3.29,4.18553290965788,3.1832378485272,10.8165213876199
1.63,1.25205845163928,1.3810801302219,1.15193177855607
1.716,1.32882387869276,1.61091851923449,1.6373791731122
1.269,1.10769298499096,1.12476335970581,0.907922645006408
1.183,1.84991283762713,1.89175167987345,1.82427507802781
2.14,2.59320254072275,2.30320708705989,2.00429424041182
3.65,1.66317526500615,2.27622752532055,1.41845221465
0.88,1.38162478813121,1.36777652806003,1.21595200123911
0.571,1.30564155724105,0.981751860196298,0.829402374329072
1.441,1.58335860767022,1.44043789654013,2.07368379704911
1.317,2.03544803645765,2.03179986781738,1.50766612328345
0.966,1.61097678547652,1.43700116514637,1.65131868946779
1.321,4.13089142992733,3.60286770996947,10.4289394787272
0.953,1.18743055044047,1.18009045652137,1.01754231128987
1.066,2.4183226561162,1.67944400686587,3.43993355334691
1.161,1.76886772916434,1.80450456685748,1.14836959124981
2.629,2.3229355775687,2.12930564794569,2.58284067109267
1.752,2.501493570976,2.60815611841645,3.65999137425746
1.682,1.89170714994658,2.01172507296175,2.02433437223389
2.341,3.36257301585658,3.32155868460655,6.40494368219557
3.54,2.13719503653123,2.9770596769607,0.929035432150817
2.574,2.15040608842516,2.09049077807804,1.50365839269013
1.472,2.42595724835384,2.04576026198729,2.59444673485774
0.666,1.14581556934109,1.10172546261479,1.11221569594139
1.729,1.91488754871659,2.05684987171122,2.46187534548339
1.719,1.5979246868034,2.22046133442936,2.16050781070153
0.942,2.1252497530786,1.54303294292251,1.56705318609731
2.38,2.82831928690265,2.83304297807345,2.43709813117357
0.825,1.60464881575966,1.95946637276439,1.48111278744838
1.167,1.66367912156472,2.03198012039555,1.44575042683974
1.904,1.5370327030743,2.25915325138562,1.84800116399501
0.807,2.1012123303077,2.02672710291875,0.940949440928567
3.05,2.32437025907949,2.31677764026071,4.34484792503218
6.158,4.2309647693052,2.62778373844266,2.16540352099768
7.527,5.11925746671907,6.25735402330634,8.48048394789904
0.639,1.33622044827966,1.22835465063226,0.787061122525313
3.67,1.93322047375738,2.17455686024332,2.26054500593336
3.802,5.08555409645859,3.71083100620589,9.7389273607205
3.874,2.51399642676369,2.69516117347868,1.91553845186966
2.447,1.89585979093774,1.83481665979238,1.39883553741512
3.507,2.47611090105081,2.19878240055524,2.73168749665609
4.604,3.39402089648052,2.84772126764648,2.08482642479405
3.46,3.1940635875388,4.08979483709566,5.05114891488674
8.889,9.8614467936268,4.16012882255703,3.94767578079467
4.857,4.11782949925017,3.69695020121419,5.80535900752889
3.076,3.48822277525067,3.78629465429751,3.12973063930157
4.457,2.5920352667496,3.31716588698801,2.65366343247577
4.817,3.89983050610783,3.43591367234133,3.86045994028699
1.602,2.13596033277403,2.88262286944404,1.31159735211887
1.418,1.3988611621275,2.23577099242247,1.96816291526894
2.717,1.56437806269314,1.86566054639131,1.12188409188482
1.899,1.56937991403281,1.73835879229735,1.53736327972844
4.665,2.91727819690281,3.28400021938329,2.81692059100534
2.83,2.31036610708179,1.71581759001858,3.36095748641881
2.852,2.27356149249225,1.72587462971956,1.5128138083865
0.984,1.43213913084244,1.79695806348747,1.67701088270658
1.429,2.25973651736216,2.44957844625445,2.42701400101836
2.304,2.50090022871365,3.08943644476549,2.86911324816747
5.836,3.26162739299863,3.32336824820361,4.4778396019154
1.327,1.86364108988283,1.69408557619135,1.57834578800209
1.552,2.2530717822203,1.84547434642691,2.04591009451696
1.819,1.91398443689966,1.1989789527325,1.77740953552134
1.136,1.35908970284339,1.70517497736991,1.44192217514532
5.397,3.5550556600124,2.89003774599251,4.10649817623828
1.81,1.90736582778536,1.7845556669762,2.33987359628042
8.193,4.05158512242583,3.75677744042093,4.1013830754741
2.17,3.29941672006148,1.56735889840093,0.623164071800305
2.987,2.31022317034964,2.29323370379856,3.03991799423922
2.72,2.36461725590876,3.254832081069,4.47621164655354
1.953,5.18587402976125,3.31767330358425,2.30603715096464
4.13,2.99937686706558,2.235968214967,4.36120874110991
2.976,2.02575732588601,2.34886212990371,1.82303089406741
5.62,3.18655486526451,2.70213000527739,1.60016748351909
2.11,1.86997548671026,2.05595233689716,4.88733556845793
3.61,3.98551689830126,2.70197818068125,2.10726941612531
11.814,6.41357131621642,4.33977341500123,8.34707876084507
5.972,3.59792208246235,4.34825971670734,6.50257130090623
5.989,2.6131891087462,2.56030594186701,3.07971344319806
4.559,2.28989090227139,1.88363434149007,2.69028212378253
9.57,4.01672908948325,3.12314401551833,3.06788441192256
3.635,2.49736659853216,2.07499604430958,2.26523432190349
12.297,4.54001972668998,3.5151104678426,6.67420691392527
0.91,1.62857880885118,2.03738866393323,1.85225331555129
5.541,2.21449615834372,1.61802475076078,2.71885259905155
1.325,2.16395281698992,2.59180610759827,1.31592151547735
4.906,3.52412541197593,3.6879715634056,4.23782674544404
4.6,2.83438049253071,3.15050477179833,2.67935287111568
0.83,1.24757341659499,1.84648230708367,1.55241404059353
1.46,2.24502745385224,2.25864553109632,0.72534639534667
0.708,1.06919274005743,1.05025169864318,0.91852854882698
5.769,3.30738480685,2.97223375442299,4.35563725843268
2.653,1.79866857932397,1.92910914103355,1.06789460190654
4.755,2.1933677503902,2.22347856042464,1.41471181253871
1.995,1.53002246313405,1.58445476997506,2.18253954427801
3.918,1.90341742480867,1.87497442668749,3.41344189692127
2.502,1.61614021052162,1.93604425819028,1.89660251070934
4.18,1.82003853624534,2.03987142890219,1.79392696672918
4.506,6.66502183121442,3.93574879000828,5.40307167682005
1.918,2.06016505367985,2.58846257116663,2.60805489161838
9.98,6.14314999628626,4.14971309959924,6.57357497133707
4.076,2.25092464734809,3.13924975951315,2.08259329707399
1.036,2.21701428501537,2.47658791474948,4.86798847028288
0.936,1.16053272865615,1.30098632656769,0.936573676942102
1.561,2.08645065671049,2.16718715954369,2.56242643964603
0.574,1.35860002141591,1.48102046281411,0.89534517814503
1.41,4.43762234618424,2.2423349152305,1.36588474332895
1.319,1.77527860459797,1.72665502881983,1.20533469162632
1.567,1.71362976559678,1.27457460701699,0.92419746215772
0.983,2.00174852514334,2.65023407980105,1.82460013411956
4.008,4.57981098328152,3.93985668743092,3.73352802548814
1.899,2.79741193712071,4.1267634544829,3.03329600707229
2.762,2.14675910509736,2.07268178984625,2.96950885535359
1.186,1.66530051177784,2.10446313368786,1.39463111919279
0.977,1.67016871581516,2.0116499005148,1.38209886456488
0.563,1.12536605595263,1.69550418939781,1.69521008197197
3.566,2.57517928626295,2.1111906676551,4.00582408151529
3.342,2.17788252845762,1.96246817416366,3.11406702643381
52.654,5.26274330736962,3.74682551139397,2.64138681219587
3.6,2.19399218672626,2.50754462660979,1.60781502532349
2.15,3.5768296179812,3.07942441290786,1.84991053161564
2.335,2.79280867440934,1.74099368822689,2.51293312851028
6.415,3.08148032239534,4.025428593444,3.55250192756365
2.02,1.25286261591543,1.3917329270325,1.76939454500302
6,2.95821768589417,3.6636889516132,2.96193176874561
5.468,3.49950948075106,1.87462444584382,2.14217607697361
4.218,1.63049758270027,1.28955708550409,2.47929511903427
1.486,1.07631365395137,1.22628718289681,0.799616759991117
3.78,1.52345446770272,1.63358055148274,1.17397792675373
2.986,2.61224179782301,2.68590485094591,5.63798201815345
2.535,1.46372719764548,1.08678144158709,0.982331943509933
3.943,2.4868648993005,1.76823021803901,1.63632359616549
4.374,1.68693966599342,1.11614458618516,1.09579667024384
2.811,1.72206907012698,1.44088587690734,1.71013757727972
2.535,1.85156372214629,1.84850471763285,4.20759085572293
3.105,1.68964880601552,1.6453767027926,1.05039472603383
2.165,1.83228539019312,1.52476042204397,3.64909685374798
2.439,1.31304052327202,1.34856166033088,1.58632008535145
1.967,1.3087248725822,1.3230492074756,1.29025585637304
6.657,3.03269720130355,2.35461422124915,1.58592969610137
2.59,2.358988364652,1.98471614556955,2.57365605019204
0.75,1.60509166056786,1.23082165196496,1.62749140020047
1.919,2.11766816337615,1.85104242708669,1.7864521310857
1.599,1.58667617045571,1.02927173654667,1.05423238909203
1.237,0.958247736122319,1.51117018349977,1.16498507491497
4.435,2.41398291829316,1.98513730037687,3.3587476307127
2.223,2.49521980068808,2.19398720068444,2.49496512727062
2.114,2.43253708441239,2.21524178430485,2.60345472734786
1.377,1.37135497977254,1.26938513641675,1.51441205556034
1.876,1.65591852960976,1.85412392879501,1.55362396861396
3.667,2.23963003816643,1.57028616001227,3.12103769882372
2.228,2.11344324808908,1.95691346271058,1.44628148646565
2.387,1.68348704086706,1.40569817849258,1.21124300218483
4.614,1.88922572247295,1.70343462862539,2.93802848962472
2.591,1.29040740618532,1.27901753942555,2.59484332535134
3.13,1.33896944353858,1.65822851852025,1.42341351911099
3.984,1.82885951371627,1.27665944336992,1.80489348444598
6.631,3.58690913457947,2.5446137351073,2.23473787807431
0.814,0.946174488920544,1.04667309243641,0.8795132550304
1.225,0.972427165494193,1.08767148263563,1.22331073901129
2.43,2.65965295135796,2.373320860415,2.07857704336819
2.532,1.57615114639568,1.26723139192621,1.26165427014325
4.958,2.50504333766106,1.5943434155524,1.41592873170306
2.915,1.22257890642994,1.41754165011749,1.17396475092816
0.953,2.63923103536481,1.61821967307716,2.36123527131884
2.232,2.24252535534428,2.2613934305999,2.18499784457205
1.636,1.02454893105193,1.07332753892299,1.33805578254349
5.743,3.46249889531021,2.6880464703025,1.77193392766348
1.28,1.00297724548739,0.853072162990136,0.582906815080513
2.126,1.68851178933949,1.63542573180977,2.58065037278633
1.107,1.77007911214393,1.0541356485854,1.02250302527239
3.746,3.73198554379787,3.05572270007459,11.9531069911026
0.399,0.666465281518155,0.721078941836371,0.350726633872937
2.03,1.11923537398654,1.158243456071,1.2972809096202
0.68,1.0508777398689,0.879748513229052,0.894467830441929
2.154,1.3955939763638,1.583245031011,1.49428417512317
1.499,1.36434032780918,1.00679494113882,1.48170394053663
0.863,0.709569958492037,0.915062863341839,1.64237803435886
3.08,2.05201171502737,1.3604503348022,2.53684352916593
3.503,2.17682926422114,2.30098253476533,2.81752626266574
2.145,1.86841810355332,1.70396580068043,1.37088814873729
2.859,2.42887235962646,2.36394124434718,2.46321954368595
3.82,2.23348246131965,2.26001819586743,2.19013923112512
1.553,1.81934176635574,1.30911632551531,1.35940295476301
5.24,2.98824453314099,2.96302760146376,3.40447251529166
1.933,1.47705019129529,1.56130535957207,1.81135134301959
1.351,1.21108523701126,1.59909058530394,2.19477148875995
1.058,2.75707443853712,1.29886415834594,1.21597518117434
4.09,1.66941812962706,1.76533204055506,2.74823613334206
1.466,3.39398181060324,1.9557787766454,2.05443545693076
4.556,2.27419687745281,2.23685655340743,2.82473033813785
3.025,1.65766489400229,1.53792789576248,1.26356756673345
3.19,1.52317486768786,1.39772476746094,1.14169191397346
0.982,2.38317750467107,1.77650131641763,1.75901920976103
1.29,0.757382877997191,0.838180400128346,0.541571844905775
5.18,2.41222012057636,2.67223302844258,2.40855339187132
0.704,1.45758774788774,1.45167026318002,2.60374183335965
0.862,0.791782413452192,0.759718039064416,1.00430988144692
0.859,2.05866376844557,1.55711326739567,1.33949982269003
0.847,1.6873182137669,1.3974424166998,1.88739542828695
0.842,0.810203306160575,1.13771344879333,0.992432106333835
2.453,1.99282191950088,1.47961310286053,2.95368325488594
3.78,2.98227521858054,1.90786164100938,2.01967551480362
1.17,0.991930309290088,1.06486638616942,0.87518232797834
2.918,1.50352279115445,1.36293699516028,1.6899491880494
0.785,1.06872825035717,0.984821186944469,1.3163077224926
2.671,1.96958880605167,1.95484519595629,1.53899737536925
3.437,2.88722149912613,2.08688768428177,2.7046737054973
2.259,1.53184326907199,2.10695723928566,2.18260398220405
3.864,1.66707467863226,2.22332911602011,1.70646812725918
1.649,1.85918040516208,1.9665736803497,1.73170869316482
2.307,1.65781374191472,2.01236615123474,1.82580163061061
1.616,0.903635628411493,1.15425743920224,1.32329646728593
2.537,2.09941092811913,1.98719263571734,2.16823238321484
5.181,2.60736948294741,1.78680926732322,3.1061175231543
7.032,2.95874715838798,2.61627717994151,2.89878139441368
4.75,2.70905607349616,2.91074839436406,2.83867954668888
4.55,2.50425109823204,2.59502109502079,3.56473594767735
1.414,1.45399861966159,1.6277304647459,0.882147026741414
4.086,2.13061856432065,1.96545414176923,1.84490844064788
4.75,1.88076535275617,1.87516345950093,1.27991687313812
1.158,1.00885768621773,1.77014222419758,0.97790774475654
1.984,2.02223128279098,2.50462422055633,3.8073518220753
1.242,0.870467031505404,1.49228342689274,1.70842300369816
2.81,1.78161050172487,2.60184114565884,1.53808084611988
2.04,1.11738897783249,1.61192382906028,0.936677024317232
1.537,1.58452222147409,1.6467516563747,1.92692443081373
2.12,2.15334052113984,2.3200372907102,2.1830288105346
2.84,2.64337725573647,2.97372793967335,3.09334422529621
2.05,2.09196309641612,2.56585723938107,1.79329929725864
2.642,2.01739046556123,1.65660582699306,2.02753980209865
1.675,1.34518923341737,1.85349439459376,1.95595881640043
1.412,0.731973575524306,1.19980912442649,0.714867987889192
4.42,2.22499298606392,1.75880139679042,3.57115539691537
5.053,3.59744949285508,2.58092931531872,3.28920501593622
1.808,3.24821459540135,2.05223440444004,2.5260488222783
1.266,1.31805703362295,1.55777343485119,1.67797785588575
2.6,1.88164650377778,1.27396113242503,1.96969872608796
1.287,1.06710550395947,1.21521503486635,1.08681843501379
1.685,1.17606771806087,1.32746748375316,1.47474273799841
0.88,1.16073534160165,1.28468149435855,1.0183993730935
2.069,1.1665251298007,1.43050171635741,1.01703621121881
0.999,0.670296183436145,0.719825628188425,0.540774499963188
0.945,1.07413612549815,0.849198597132829,0.936866049690372
1.206,1.28646483114197,1.73824236914315,1.71645592294667
1.674,3.08767492046248,2.01153798814703,2.44886255038131
0.701,1.72949092279429,1.31500485963599,1.57519473899672
1.572,1.61082022967127,1.37126453459676,1.69977589636764
1.171,0.800329825551347,0.840192039258211,0.850814075021333
1.695,3.15667415480349,2.1027696050598,2.46054859858858
1.023,1.2916798963985,1.62344843229311,0.937702525451186
1.027,1.47080671798402,1.69091056999162,0.708693796265575
1.467,1.28635103440853,1.55615603372619,1.58564792327908
1.891,2.27495567422875,2.50004876334901,2.38131597691744
2.202,1.88871769060066,1.26152350565718,1.25272856836574
0.843,2.69787503765511,1.92278746708832,2.32594011660721
0.985,0.998326674170269,1.0567178952077,0.505663145574276
10.337,4.71730015754183,2.75379243560695,2.1839890225378
1.326,1.46749789266313,1.29063743519072,0.946776634424809
0.522,0.984692151249178,0.979791881630441,0.432294352240089
0.439,0.825434995608333,0.804750926480119,0.148862478491204
0.726,1.05291247119667,1.13144425961312,0.549580841779119
2.292,1.85097958835207,1.59215680522988,1.96889785912247
1.975,1.42965763392003,1.86574651412216,2.05853545448607
0.512,1.07218555114791,1.05492775698378,0.945174611139687
1.349,1.22825937791286,1.14707133218443,1.41915912931875
1.581,3.28615600977336,2.80713243684111,3.2436194431186
0.865,2.036424100532,1.69486319382777,1.61645179423161
1.026,2.12082971346222,2.18636102970847,2.21392473582046
1.835,2.01295984912824,1.68836354830438,0.949108326866943
1.824,1.98997200853568,2.18631609268235,2.31001686010682
2.569,3.16665932300882,3.14664171104887,2.67340814777176
2.187,1.66337912686391,2.01038490671928,2.13734498997902
0.68,0.814311310236395,1.11189550402424,1.0659285315703
0.97,2.28762623032678,1.53246825464892,1.28811678725989
0.72,2.00268636487816,1.29224964048948,0.691059453866342
1.349,2.34008585827495,2.6633085792108,3.01258591251835
1.684,2.66636418462709,3.06420662030669,11.0028880078188
0.721,1.38969307482796,1.32712895609815,1.59331292131688
2.449,2.92403283618705,3.55981726818646,3.25988354240864
2.548,1.9906226900173,1.56777752324115,1.85630673912642
0.986,1.62148448705964,1.36536054083372,1.20189081830536
0.873,1.00508473889746,1.07691912722623,1.42274672177109
3.181,2.26998840362609,1.95682819693519,1.69781473218068
0.971,0.939691871370386,1.03818182379697,0.898725327217121
1.674,1.44882797150739,2.46345986347452,3.35626768555734
2.275,4.01680976542628,2.7499883505297,4.31555211377159
0.776,1.3350540692245,1.31031597811699,1.0587683430494
1.741,2.81196841567417,2.3812165583798,2.17936212577891
1.826,3.11413679812877,3.83588648577246,3.5649082234652
2.484,2.2301966493539,1.81101821062902,2.64158209417348
2.282,3.9094341878474,2.67384825801322,2.8883676167575
1.092,1.64549074551264,1.65702989077086,1.26363536149806
1.367,2.11529652629662,2.32229715453971,1.548533164548
0.821,1.45529123392143,1.31454648374768,1.40843840209045
1.875,2.33273134883728,1.94623683403856,1.53210818346813
1.146,1.72522480660961,2.03876101278749,1.98933147905504
2.967,2.63381157481462,4.01556338953535,10.2785213645837
1.436,2.26526552554622,2.47935721346709,1.19394602065115
1.075,2.21496216074098,1.50205151034647,1.68916651022602
2.612,2.98836943331642,2.56442659039701,6.74330785996486
1.734,2.08972777881653,2.33116691648462,4.85068200010275
1.738,2.72913134455749,2.42303047922608,1.6662083089388
1.581,2.14943769436122,2.19862385641817,3.04312613906507
1.555,2.52977266859662,2.11526282271524,2.29740847830043
4.17,1.05061250349559,1.21592286319214,0.990056698403782
1.386,1.44841390661044,2.01887024229273,1.74253125360723
1.793,1.482100292752,1.80636697170018,1.53399332652412
1.491,2.04311475439104,2.98012434398934,4.30552760291404
1.312,2.80513809929698,2.78906182881341,1.13407098221811
2.635,2.95954431646272,3.05609054399411,1.43757323202974
1.431,2.63468594846642,2.54831037743603,1.81369803589816
2.097,2.09839433649505,2.25127820665609,2.45935280018021
1.72,2.60371723853802,2.32201631158568,2.28712552906167
1.73,1.95207868536658,2.52442732781257,4.45196424637158
2.37,1.76422273126944,1.75520289911178,1.26874552493568
2.747,1.88521944869256,2.15134014870857,2.02005343484051
1.609,1.34657763072818,1.6460546053413,1.48739809330482
18.46,6.99727488923461,6.59188721790504,37.5219746834172
3.559,3.10166971274339,2.62622906284187,4.13357317101184
1.486,3.80134986963594,3.41613853094869,8.38765303922579
2.259,2.56747109364274,2.39445051175052,2.04721145367965
5.119,2.40671006048109,2.54115845842167,1.65931898792295
3.47,2.17034668559771,2.29769293189716,3.17037686985098
2.067,3.20416728309757,2.65131982657729,2.19158734098788
1.649,1.90094371775396,2.16015586526896,1.96032484907044
1.609,2.47190829238171,2.51093365643687,1.50946079335224
3.281,2.22075777443873,2.12928201771033,1.21715118581444
6.37,4.50014320416214,5.37227885993209,8.17568819401348
10.58,4.47605189358206,4.74314696822639,5.5726913436233
3.96,2.14107798256278,2.21309824831531,1.95294486714956
2.078,2.37636268449548,2.37765054269779,3.11466833303462
11.022,5.72975314167379,4.46412127404169,5.59311561389555
2.348,2.10779125591995,1.90997574014917,1.43410418549009
2.084,1.61194523340008,1.57680569999313,1.73664734477539
1.354,1.59246279869844,1.72107196274356,1.41311442670238
3.421,1.95646088385399,2.27290153234487,1.61982592331815
2.375,1.9770338795341,2.10578653053747,1.83966955553411
0.668,2.10990952713227,2.28669575537352,1.30258675750039
6.54,4.54307298616535,5.20614863070432,5.64307755759367
4.05,2.69135127764399,3.32645218001344,5.47725665367177
2.449,3.79283293256168,3.56399966610635,2.68930648420149
5.81,3.91133748548689,3.23493163704015,3.97790148315695
1.987,1.72544962465274,2.56653337568082,2.540321015439
2.555,1.72637514056831,1.92766834929892,1.84968667874184
6.642,2.62303036967541,2.64091893741427,1.78147719640034
1.697,2.4342510709776,2.20373482788727,1.62092723878104
1.92,2.15212663696921,2.28457475023137,1.34838539424047
3.505,2.26487795667926,2.70675337035536,1.99327002609549
1.383,2.57842035691057,2.6575658659077,2.42781754778558
3.953,5.30546867197617,3.71094912996641,4.96816846434576
2.983,2.2833178027064,2.15343918813217,2.02118726115591
0.91,2.1518161167072,1.99257352196691,1.7986307506844
1.133,1.39662221252821,1.31907897896185,1.16280423261558
2.554,2.78777024924245,2.88575346219418,5.93944079369723
1.156,1.59756100964816,1.37601440637855,1.05260869257445
3.199,4.85829006311466,4.63548249066741,1.97565685366039
3.76,4.45911929914609,5.16906016616346,14.488214495039
4.05,2.68153225259456,3.31650838598567,2.38107131165588
1.677,3.4973563238517,2.23362738635216,2.80773953801574
1.806,2.20597217188421,2.35245976106645,2.57731338285418
1.402,1.9304721790478,1.95708618541602,2.44760938486662
2.168,2.54239065780937,2.62821604768497,2.97813051080394
2.049,2.52666599895914,2.17335314669244,1.4701583659645
1.062,1.27977816979446,1.2215416982526,1.05641345214262
3.59,2.72404083891228,2.32091147645241,1.08684743924252
2.583,1.64672408192169,1.75174656414477,0.761864399000706
1.452,1.57522735262635,1.76478330990263,1.54377013243644
1.417,1.38462544177935,1.51877813600794,1.02624996693275
2.283,2.15545310002994,2.05182653527471,1.29036424338848
1.845,1.89117093479099,2.22419524980503,2.82050108655743
1.552,3.53525044954761,3.77825977030528,1.85843885133506
2.086,2.08134668151999,2.70441007474161,3.80837927058178
3.984,1.8480479860248,2.24181865178623,2.0344719905972
8.65,5.62688450488462,5.01514374246063,13.7713437400773
1.266,3.1134876481581,2.79735465685277,2.80682002517898
3.453,2.87102898362128,3.11199168971412,3.22171672735105
2.48,3.76500017198326,2.92045154087042,1.43186526243006
2.764,2.73494764786628,2.3365724678594,2.65709600981584
3.068,2.85528161440619,2.39242062688035,1.66620822238831
5.21,3.01631443864053,2.89805420362258,3.31393136634609
2.898,2.13896613702576,2.12000011853825,1.08490561806469
4.094,3.03622259462013,2.73277519491928,1.77538028827964
6.403,3.42907760146506,3.06428616186537,2.84936518464092
2.674,2.82958340116838,3.33669373795534,10.3752859885341
1.265,2.58988849403209,2.48904127918392,3.07913290921745
1.281,3.12563317796295,2.79972713753952,4.01620211311942
0.747,2.25727706855963,1.93937870199761,1.19781670118277
0.934,2.4331580532809,1.85183551379499,3.39928151216268
1.528,2.3058674026807,2.18358767819325,1.79418103016067
6.073,3.76687384731641,2.81728323942729,1.80068417348395
1.402,2.22514137306912,2.23815590247537,1.77257988482641
1.425,2.05196471941698,2.0608675077134,1.3621136130201
0.791,2.7776612223447,2.5694375666235,2.62294086901436
1.648,2.20394756531346,2.59799621226667,1.62245150687871
1.184,1.48750862500591,2.17160305132555,1.98442812793804
1.622,1.9010844285406,2.13700909730433,1.76438193996579
1.54,1.91174512916926,2.15492920491426,1.41040592805402
0.697,1.62901726279957,1.62835499535121,0.86578440531208
1.962,1.93779402556204,2.16384224109432,2.45708100457636
0.948,1.23799176081064,1.51499270036465,1.48298655291675
1.543,1.97425400750145,2.12460360863229,1.99318645717325
2.01,4.34563776242419,3.17985461656241,4.94788439524015
1.453,2.08523131702555,2.55105662424508,1.56365024630106
0.867,1.75081996553914,1.91252683719588,2.19967160921783
1.443,1.63630379581663,1.67740186028051,1.39158926562869
1.74,1.42436437240247,1.43568348558503,1.07058051832126
1.584,2.03557002882034,2.11440835608446,1.63822432520597
1.802,1.67467180897696,1.89277177975878,2.30721115696187
3.085,2.66503141522674,1.97741686300719,2.46663417347376
4.257,2.66522326354943,2.94166569421546,2.70340114901132
2.56,1.88827828769319,2.50311153675998,2.07071116428332
2.361,1.5225058178992,1.89287039183406,1.16487913041806
1.612,2.48982290834265,1.81026576586955,1.06426435663306
2.182,2.45035914980362,2.14946383771074,2.05015506723007
4.02,2.81816453007866,2.63965525289785,1.86062449745967
1.777,2.48637913177028,2.51693053970029,2.13075037845321
1.899,2.72749744105793,2.11238314250588,1.72016588686112
7.591,3.21619382055577,3.21065511435156,4.18008986967173
1.88,1.54623969225933,2.01254488737069,2.13924658233027
3.083,1.61917237803117,1.88059803528579,1.3530074022262
9.623,2.9899271531687,3.31328740650915,2.09588469580896
1.368,1.30724909958562,1.6541810671479,1.35725565097318
0.668,0.841412807247852,0.837467426134509,1.02746234008291
2.729,2.38374270137086,1.4918720354233,2.00775034025032
2.03,1.40064584880424,1.87642437549738,0.827016826932964
2.003,1.78011878300267,2.20377397742402,1.57013511123609
3.916,2.59517537557519,2.35562996721004,5.36330002177175
3.146,1.47689224328178,1.33161624797206,1.28852082995659
4.666,4.48748576893808,3.82166564229271,8.82239516366606
2.429,2.69517052085054,2.48135883830044,2.71791874321756
1.752,1.76560102641816,1.80311564931937,1.84651612954407
2.085,2.07454706449165,2.1687890135657,1.69959919581723
1.197,1.84762939873607,1.81284499370865,2.64095214165466
2.42,1.46866404867285,1.87181963440488,2.47696701688154
2.398,2.65553031438825,2.88004708142434,2.14053311917104
4.581,3.50299858269239,3.14359795563528,3.71211283046161
2.347,2.32827806155591,2.66619778765032,2.27838716424551
1.558,1.37537828526217,1.63243228969552,1.54887947692748
4.619,2.18136100562139,2.14073272159023,3.50772746987805
4.712,1.68275374709782,1.14608304836112,1.39199888602218
0.634,0.616323867867311,0.870494674541398,0.499325882112127
1.34,1.72848422494074,1.37283754670745,1.71548715525024
2.13,1.63489803675808,1.63058197792897,1.50186931045072
2.01,1.12255304430338,1.28192470038738,1.08476736290443
0.778,0.744311327967127,1.09001027983671,0.972104727617914
1.776,2.13534784110494,2.12125217184397,2.19232769850861
1.727,1.69346690271793,1.81135068860027,1.79476109490533
1.575,1.67109152923984,1.50690276016228,1.51378974662083
2.043,2.24522482841853,2.13830867915055,1.59394289190215
2.2,3.0922944330686,2.44298644200098,2.1937405047396
1.368,2.17513202093527,2.04824207324421,1.34977679262488
2.131,2.79386546305931,2.39451180816949,2.60465943278985
3.91,3.11708755113383,3.80436122885904,6.27269771870711
2.833,2.57028333410589,2.94134895166295,2.22376959194022
3.523,2.51603571080125,2.27284285503824,2.33954933652649
1.636,1.77446022860889,1.79445746226815,1.57656702132701
7.381,3.07987757008348,2.91489052483085,4.14815654750556
4.516,2.28672548606381,3.19062902060579,1.38460492101141
1.973,2.24586874773661,2.02783817452503,3.14566613171626
1.693,1.29537177061915,1.53711382954983,1.15130259431703
2.28,1.63905537249253,1.85009311108504,2.00787018929031
1.363,1.59961929209543,1.51356449712413,0.751300289546931
3.303,1.3072437706659,1.17706333757478,1.14670401617142
5.552,2.99480064338069,2.78645359878919,7.18175746420352
5.005,1.47850660796488,1.43121922690661,1.76295913485589
2.16,2.68377179996958,2.30753685544383,1.89728971171105
0.84,0.772897852911983,0.825916868969854,0.393223387340778
2.915,2.36724774216589,2.66754063173884,4.91745338822495
0.563,0.897489249968717,1.09331089166016,0.716585311348838
1.759,1.70434253394217,1.51073782892959,1.73181243451321
1.747,1.45567376269815,1.06646807327486,1.83997474105343
5.59,2.88917038684543,2.20153068650258,2.3793857764607
1.608,1.47224643484286,1.36565177054254,1.07829370896094
0.938,1.13749198143804,1.22872314676547,1.56481676176442
0.966,0.866810122679764,1.04017837348408,0.914192541277504
8.453,3.16322671892416,2.99513286040335,3.62300994390867
1.432,1.03049967684551,1.12950545380259,0.821531949011389
2.062,1.45624566087179,1.53739353809018,1.45274130471935
1.462,1.66188356548356,1.70334923201902,1.69649438924686
3.379,5.8434253725547,3.85224540626054,6.37703726472331
3.64,2.32002972527638,4.04827978135946,1.86577457670396
2.132,1.53290504731972,1.48150759590313,1.28284207368675
2.548,1.67604749181485,1.39839474212866,1.39638885202867
4.158,3.86473629391463,2.98426108071207,3.83356356235176
0.53,0.348171687941385,0.52079214873249,0.574312286776435
5.334,3.09147332431361,2.48490771508282,2.91078257387868
3.609,3.73674178456198,4.15492167206483,5.31638822620065
1.535,0.7725833021295,0.763406750917322,0.755779546217704
2.917,2.62850983217737,1.39013822380133,2.06060208671071
5.583,2.00471313981154,1.74869454141948,1.86544889291538
1.963,2.17634277770623,2.23591775889978,2.14507143585195
2.505,1.70368321876829,1.83330674459142,1.40109686730988
1.487,2.19095086249445,1.6952751670207,2.07920704331109
3.213,2.26150997597016,2.33684016248667,3.44170967467019
3.551,1.95319028281953,1.50874431223322,1.22232503597118
1.112,1.12000510004435,1.19150901673692,1.49796965426849
0.774,0.533988696628869,1.03386172919286,0.787012617199582
1.29,1.38706234156642,3.26017260126858,0.440576801582371
3.41,1.86213967848487,1.83790567021944,2.15131540335441
2.57,0.976695799498585,1.1853946927862,0.79419030737031
3.633,2.45827155807824,2.84250017649469,1.66936152484448
1.142,1.41733428843761,1.78934758165452,1.17444698755648
2.75,1.19294856798721,3.25682381207078,1.11621100388788
1.729,1.71488340407937,1.59888772813844,2.19126024591889
3.148,1.87763408798819,1.35819784828277,2.43747636126644
4.12,3.72544540361874,3.21103590500826,3.2492625788001
0.723,0.600618182723744,0.755173056316683,0.52742651693493
2.082,2.44541418756714,1.63798740364037,3.04910930708492
4.355,2.73147481582662,2.76976106214849,2.60370861290843
0.937,0.820015743309832,0.986272540919777,0.624826255156211
4.07,2.71375258704784,2.55088097720913,2.78756013398254
4.462,2.28775829287651,1.81757784434642,1.39699633639816
7.31,4.294493133583,3.67189934389617,3.91881212155366
1.479,2.14961408235827,2.66936715404018,2.36401240039878
6.919,4.06240452561823,3.16561127537297,4.25573259014606
4.811,3.19933950547908,2.81122704343922,1.9491937535597
1.792,2.52663059782666,2.706590232903,2.27228387798818
3.953,3.80555495758328,3.95252495827245,6.53815791205943
3.794,2.89869779798794,2.60602753728077,3.25566972369813
4.483,2.27703148669725,2.29522959525532,1.53306502816374
1.976,2.42289448854191,2.12913626060603,0.955994039810341
2.493,2.23022301534673,2.27029022680761,2.24159387454825
5.069,4.5583205038645,3.29703463381598,4.45301936353257
1.266,1.44290992075968,1.77666155109709,2.95155782944588
7.759,3.57378993816926,3.31856944227616,3.31062522870097
4.49,1.86455840393439,2.39683603301392,3.32392971716869
2.062,1.84071136529455,1.64684460640322,1.36138475980953
15.01,5.68912726522344,4.92876255074269,7.35971833244753
1.893,2.43637778435268,3.21093148694324,6.08510858292685
1.847,3.2252733534779,3.0361846642159,2.33762397706885
2.597,2.39770110107707,2.32181076883977,1.92835021222734
0.838,1.50209448649729,1.76839366174957,1.11554444402699
11.34,4.14596232861325,3.82470183186543,4.51440460567286
3.211,2.96014522267728,2.18707523965189,1.29333675583965
1.792,1.06485369865342,2.42639198686961,1.23354361075391
7.843,3.27587680935879,4.04323078565068,4.19009885889392
2.412,1.72197220543701,1.69811980201322,1.49378143542615
4.781,2.3777634874663,2.48132528048281,2.11076508382348
4.83,2.20213576851423,2.33393243458524,2.21412925658506
4.06,2.9534571172813,2.97757452660165,1.98429424286265
1.276,1.42197640802162,1.37251722414144,1.39744941765683
2.429,2.80592386008679,2.40638175211946,2.98673812025556
2.949,2.68755769942141,3.15973154380912,2.0534375358386
2.26,4.10525256909421,3.09291276322948,9.60203010980166
2.924,2.19285755659459,2.29771142452197,1.88239868614924
1.892,2.18891769990409,2.14575060699739,2.14596575951981
1.948,3.38013802699538,2.74366519767857,7.12307934465616
1.454,2.73538010079923,2.26567793725812,2.64710087614716
1.805,2.06072308697726,2.96836843550921,1.85046025281645
7.91,2.87039632320263,3.13648730503101,2.36611994849419
2.685,2.06113997633405,1.9694154245084,1.91163763996273
1.765,1.84762315384041,2.14197561912321,1.62981347486856
1.801,2.10333085214026,2.32347957901643,1.59154097573541
1.178,2.03555275277259,2.82703524677949,0.642661684553025
1.798,1.74215014075816,1.86805316272183,1.53895754531244
1.5,2.37196838877328,2.27612681351656,1.52894870907314
3.35,1.64912874861921,2.16504816296522,1.60412483181983
2.493,3.09934436147104,2.65323467297364,2.52995272714584
1.617,2.93334825240987,2.93436666959637,2.38704359733204
14.516,5.53283135168095,3.66276020757028,9.45235328795376
1.691,1.85231029011583,2.30610474672951,1.98422468596439
2.585,2.76914349739903,3.37910908766311,8.37301946075137
3.77,2.02490237337965,1.63291350322557,2.33355658807063
4.718,2.49774317470157,2.15458742433397,2.20166907904383
1.25,1.97687345893775,1.94875172013328,1.38831478362749
2.009,1.5914973052986,1.89948851668366,1.70335170903286
1.736,1.68169462013336,1.91122958836284,1.9375712149403
1.461,2.23659394340832,2.96276643761331,8.09389564699402
1.731,1.52326874063759,1.20594854071179,1.3114799643255
4.03,1.86616328514839,2.04089875071161,2.71766641004227
8.31,7.07493231957164,6.33534159951434,29.4560400866787
5.54,3.2443026179134,2.73146126763336,2.09322489901812
8.025,7.98471835000722,3.84889527169824,12.4287968452986
2.342,1.80626973072789,1.73702882937188,1.10533830060346
2.974,2.25242740420197,2.10112744453518,1.34188127132626
2.533,1.84322785790928,2.06939340467769,1.53415140474986
5.72,3.09224671205936,3.01995543822097,3.46048402698121
1.668,1.70412043393965,1.69230126742868,5.38434451175634
9.11,3.70244335321352,3.84069040377947,2.62755387600458
3.539,1.76363727032582,1.93992607761888,1.60331533485419
2.32,1.31080165812437,2.47892059213857,2.31886105502969
5.674,3.10764521322162,2.31070757632469,2.73329078123498
1.953,1.85612842309475,2.12138221618272,1.70089077719296
2.03,1.9517077765042,2.22794552750882,2.02498045054774
5.707,2.03898215724066,1.69594684211734,1.63773430643787
2.01,2.23114075560901,3.90180901711763,1.34416871975215
1.924,1.84147470283507,2.19420419013843,2.60670087110553
1.842,2.25370607148752,1.97169315346445,0.929638163077904
1.618,2.51353169267207,2.28093120156509,1.63627712135251
2.79,2.66553686620247,1.81775967809354,1.87049026079925
5.02,2.47075223624332,2.33727746346881,3.88898046643953
3.096,2.7828536123668,2.76242284100802,1.99026825955075
2.716,2.53529871764701,2.31588421308713,1.98475084105414
4.53,2.15377786443789,2.22098825844126,1.96749300788994
2.105,2.08911106351181,1.91668639678524,1.5305080907439
3.046,3.21716286648578,3.2715030056748,2.50890700249526
3.475,3.43786572061967,3.24179774986669,2.89383333454295
2.174,2.69453835754571,2.69734832455485,2.10952802618091
1.728,2.3382982406742,2.13948925260948,2.40674207906527
2.406,2.35560962616029,2.28216411286759,3.11188724029489
2.699,3.4376509972365,2.52643513658507,2.39481033523611
4.88,3.16767626013449,4.8322233467739,1.47425834844344
3.34,2.13863444440693,2.04907004722998,1.39237871379648
10.11,5.0444886637251,5.65514339022943,10.2955153668841
2.66,2.80695553329723,5.13303420437038,4.67986836788589
4.381,2.85401814528584,2.86030838027476,6.02058667982489
4.588,3.18859913766252,3.36194589215794,6.05773486816658
3.063,3.11083476473431,2.8873364384641,1.71899838957433
4.775,3.07714748114945,3.03038609428076,4.90055240227466
1.155,1.98905399337218,2.0612600768575,1.26066002465139
3.383,1.98957058205292,2.03317432646529,2.17976673080033
2.47,3.89603292995963,2.32693690633367,1.97087642995974
4.026,3.72816369301675,4.62022411250122,2.61959099916146
1.824,2.66796573879556,2.60522369516997,3.17020446245889
3.338,3.29681933232216,2.92044815584244,2.0379444858032
7.24,4.56916966437555,5.5992831133735,7.49479536589492
2.57,1.87792405139264,2.69117469260351,2.97191255118395
2.102,2.01886226979409,2.22664970204467,2.01744926821993
1.481,2.15836854420798,2.17782290692704,2.83376514317402
1.6,2.79847844432168,2.8476667986583,4.32991088985537
2.902,2.2667489738605,2.03325565771929,1.49703337177629
2.611,2.62786473333795,3.2618098519707,4.3975973682754
4.583,2.83556238713537,2.7741864896083,2.94247964216544
3.474,1.9440086327701,2.1563425926813,2.54531756558372
2.242,2.67166042410817,2.50730132310083,2.4524019580903
1.549,1.97354979155789,1.90056311756669,2.13583575288728
11.13,5.51808292454451,6.75439808350973,4.86460891239009
5.21,4.46023586134742,4.31738230669319,3.17243111582663
3.566,2.95329240414426,3.09969641270696,4.7364792686901
3.876,2.63283265895551,2.44465747642526,1.24926663962588
4.45,4.00806685827396,3.85341129901099,3.76079513877698
2.519,3.09304041703499,2.39028971181325,4.64337832116331
2.015,2.54970929038799,2.45565160867676,1.96240373361839
2.233,2.60301838931479,2.62548481993935,3.14465918091464
4.03,2.8114940537105,3.17282986386492,3.49775022495308
2.099,2.11068427010388,2.10473950495421,1.54330184609002
2.78,2.16545623220918,2.25008015243955,1.43868611175077
1.478,2.13107063117661,2.16463843030293,2.76104578311323
2.725,1.48903078265359,1.96938534548494,1.67833117080462
2.307,2.10185180393244,3.20101893692181,5.02732155132685
3.064,3.60543141552434,3.05823447154552,5.249873527699
0.756,1.38956152506309,1.23766805927767,0.900770302495683
2.494,2.16299954058133,2.08819053008503,1.65485997463142
3.143,1.76496417699398,1.93859218942139,1.92702472646641
2.699,2.12322994052111,2.29457302266177,2.62397342430638
2.242,1.8440119874614,2.15804126362414,2.27536428968712
0.627,0.544104896111465,1.13608159545704,0.844877341689899
0.844,2.17242308318137,2.21681869818031,2.001803050694
2.024,1.84992583274602,2.11933575579379,3.09509356855559
3.436,3.06174658479263,2.6579445313989,3.566697162071
3.42,2.44382417672656,2.65238783433566,2.47720187243143
2.249,2.71631787645084,2.45981489155235,1.96471641359188
1.984,2.40085455019044,2.36621759549726,2.36946797259892
2.265,1.81831846345418,2.11645897237954,1.48541916945513
2.166,1.98883981420333,2.2630277561477,2.7528827202058
1.054,1.66606124711744,1.58088478950332,1.19653002171538
1.282,1.99000651844233,1.41078018629947,1.16295073172086
2.368,1.59238885690027,1.52729678700877,2.01899733269663
5.906,2.5736622199195,2.02134394329924,1.5486119986047
2.096,2.45500193938815,2.34347168719875,1.61362471108652
1.765,1.77719020667945,1.90147381240903,1.57884293829159
1.535,1.72052143383717,2.26637664302805,2.20402916944391
2.681,2.38798301640521,2.39862178261357,0.995751592124125
1.522,1.71985856197581,2.11810215996065,1.64523001158006
1.317,1.46952294934955,1.58959398002429,1.9543009349885
2.066,1.95674460965911,1.95537777332411,1.36462284371873
1.242,1.9808078822334,1.83589442336511,1.74597947539109
1.421,1.47029618123879,1.69547057903059,1.57934698665539
2.616,2.45253833718626,2.57997705416721,1.89577695544618
2.588,2.3225802830417,2.46430739561931,1.98580526840512
1.93,2.02168614013028,1.92064888716336,1.8328315523846
1.857,1.82123283342926,1.88842335927706,1.7646684247303
1.879,1.89671697902544,1.93232509531314,1.84473805506835
2.14,2.09653342658946,2.08030263475322,2.09617299910195
1.971,1.69027230577061,1.87599183165414,1.79947200659688
5.904,1.90783549626249,2.15227317514204,1.88154645931977
15.29,2.64533117100603,3.38934260150125,1.45175877615951
2.312,2.22801961659584,2.45221907742986,1.65328548667187
1.94,2.07676469453931,2.21675433736256,1.79115797814117
2.3,2.19341710314515,2.30280890105897,2.52768222749996
2.31,2.41235752800105,2.84289159281087,2.00194256618176
1.956,2.14441442799758,2.04819166957999,1.48216556724599
5.57,4.19935744548295,4.0954447894599,5.17245802928333
1.392,1.61205380997055,1.39162112978668,2.02265195752433
0.903,1.5986311938298,1.29250448477109,1.0957913961329
3.236,2.23672348279698,1.98676699765593,2.10141286705408
1.874,2.47792034268643,2.2056879648436,1.85159031716318
2.071,2.32090191085394,2.19014917965142,2.64415241661833
1.62,1.61902942293982,1.83404855629807,1.20772057830508
0.85,1.15069638287334,1.11847649020624,0.653446367576163
1.456,1.06875017011432,1.80499639443484,1.1250605531693
4.98,2.8621596796214,3.69711814760922,4.39702177270816
9.794,2.50204044930517,3.6828826459047,4.58563610687804
2.389,2.38144544936535,2.13820524550568,2.95312079717531
1.803,1.60818144106496,2.08788762006742,2.34290579911809
1.936,1.63625039802485,1.81726792840741,1.33218026899553
1.66,1.91827005772574,3.02147866502,1.90821096068827
1.864,2.12911466226035,2.01763420160632,1.56075318699105
2.851,2.83164759005352,2.48244620506467,3.80962873968703
1.459,1.97835590301728,1.96075935000334,1.94883556053199
1.866,2.69174925614128,2.86799549232487,5.56731124758872
2.783,3.15673274214093,3.27598819858336,3.75565272812595
3.74,2.54103707669464,3.98187654164737,2.39661085891604
1.157,1.55723944039579,2.16649415778312,0.846849254783277
1.973,1.49838324960423,1.81380200940245,2.67349709184597
1.508,2.36888134340686,2.27234078940403,1.47576848360384
1.82,1.6753789544987,1.48643592207819,0.892435102630431
2.925,2.00163581583215,2.4453372700767,2.02255629816367
0.981,0.730659409747285,0.737418171365843,0.366577621986106
1.316,1.59708089825154,1.58255953858,1.73514556677076
1.401,1.64699823971682,1.63465292421336,1.35718016166973
4.57,2.19925008267992,2.70314387288312,2.51703177881287
1.405,1.5978225093699,1.24338182020286,1.45150757923758
1.092,4.21615505949346,2.0875592958325,1.98156548716902
1.612,3.35626600902749,2.68287180867449,2.81749319001538
1.401,1.95613497564043,1.75973742806264,1.92024062080211
1.612,1.67522156906548,1.83711163672226,1.7397695753703
1.283,2.01938986486277,2.24208480569671,2.16350042348607
1.793,2.50092280271026,2.32175219252026,2.0336573578141
1.794,2.80462591987461,2.46240770578419,2.57423740127682
2.201,3.06643983838611,2.42338523798916,1.92279042710931
1.963,3.31543181741234,2.63711896219551,2.15477574900001
0.957,1.66929189830859,1.6117814813562,2.08257184458161
3.03,3.00710673759418,3.29793154525452,3.1922477774567
2.35,3.46809452167264,3.18766919905703,3.92077425976427
1.684,2.32499138139173,2.34938958340167,0.679511144574251
2.083,2.18140694972521,2.01639354349198,1.67717537760091
2.36,2.02289633348441,2.50408392209335,1.97665306077404
2.62,1.529088897129,1.96785274801056,1.93470639231602
12.4,4.62718182519514,4.46173731864246,5.68878661614259
2.236,2.45670405636571,3.1713003574738,6.2410535656944
2.34,2.37190881662963,2.38899064920958,1.3363133801288
1.988,1.64171362625432,2.35450653545963,3.0480519016852
2.93,2.22854669377151,2.60066356320694,2.37084731803334
7.3,4.81019181347158,3.78257054537016,8.50829951338452
7.34,3.64145712711458,2.67829820982358,4.48044598382371
1.574,1.54888266185341,1.76835962154884,1.39758107613774
2.194,1.60359846363957,1.90875283359936,2.06093832205646
3.916,1.78593887837408,2.19399667145636,1.81678835194208
0.95,0.935418099857665,1.0681215827511,0.8875291187979
1.549,2.13881170586876,1.7402276352696,1.13403595996823
0.741,0.64472625309788,0.672135341751078,0.461783507702645
3.216,7.75242390116597,2.62330449778967,2.5728643920509
1.146,1.41279846419845,1.40237272918081,0.487976677907027
0.635,1.03485717387839,1.06120744287411,0.68229065799628
1.534,0.87569895237691,1.12096561878909,0.979151293075467
1.653,3.08475255684198,1.68481176462528,1.54588388431318
0.99,1.80864460261043,1.81602044385332,1.10648114789327
0.464,0.629640084906166,0.706353700365721,0.554125924152986
2.106,2.5862684513111,2.21922023547556,0.978194737653657
1.627,1.04773205629049,1.30446528428742,1.36985475346216
2.157,1.76618925873555,2.02158926854958,1.91759971033242
2.273,2.08477770750282,1.75194906360709,1.97282489625417
2.888,2.19967652627889,2.93030438622513,1.37588933623294
4.36,6.69441998979682,5.38511869929333,11.1136321637914
0.626,0.646356866808232,0.768829482889756,0.572276884289963
1.533,2.11409706963983,1.99453835005834,1.55170950964323
0.844,1.11836740117527,1.00647221577493,0.846098206854373
0.244,0.332080822590271,0.406496257734555,0.264535138077984
0.726,1.09504708862582,1.1018364476272,0.824400925411151
0.598,0.506405226311934,0.504898669698467,0.430925132713988
1.067,1.73366810462345,1.37110461233686,1.57682509057939
0.315,0.56879738204298,0.699043583961656,0.371102528652375
0.784,1.39428539932718,1.09970642351874,1.21849791126197
0.861,1.3683057023034,1.43024507025892,0.872611943297627
1.431,1.81583596734349,1.2973895998546,1.76263703377721
0.458,0.812185375947144,0.973724136385672,1.2414475146573
2.23,3.33842785955417,1.79868271969295,3.5428390800089
0.394,0.402450046359661,0.539004188498565,0.214118218681631
0.565,0.916059135405595,0.930690372596916,0.734943720011444
13.51,6.29976320212608,4.99645634520468,6.91826091441335
0.319,0.586227823663583,0.739766515388938,0.741745456968483
0.59,1.33328014763589,1.27962953439928,1.13766064114387
0.499,0.905163975652163,1.01531365936462,1.26754919877504
2.13,2.77180050423047,2.99274452286528,3.11388362447674
0.519,0.718327105756954,0.728335951277865,0.564851869459096
1.081,0.950756858102454,0.988048206505217,1.24010276075892
0.697,2.17431893235599,1.39952401565418,1.36558672319331
1.006,1.50072453752964,1.86109124517884,1.3867147082647
0.627,0.803822026143092,0.817210116383425,0.607814749417872
0.832,0.855549471967468,1.0794101342135,1.17678275304643
0.439,0.340747354807595,0.452555237494602,0.530453260612077
0.516,0.647902309845305,0.896556113721332,0.529486945109738
1.908,1.3146425891467,0.960088101956824,0.904185977326429
1.248,1.03117406504698,1.01928034980335,0.856578980363758
0.621,1.14310113657195,1.13780495675788,0.912213859783788
2.661,1.39471696778553,1.4178652894026,2.30642791176758
2.61,1.95768182097388,2.66020390304606,3.12947683811351
2.288,1.25284608324118,1.49145303692079,2.16749636042076
1.85,1.14213746271524,1.14972379274699,0.701074734858552
0.949,0.909903432239777,1.16161085625315,0.685440441395983
1.549,1.66988769910401,1.21951443616082,1.00242672584173
4.272,6.10921760800678,4.09642995569491,2.82462684059456
0.669,0.989583241325589,1.00672882136167,0.877700803095014
1.68,1.44613658707061,1.69643675795508,1.69225745158698
8.844,5.65790058166857,5.29286956827736,5.81342714224721
1.194,0.775304229114288,0.905824584838619,0.763668095067743
0.83,1.02433347156811,1.01825879176843,0.977589592647953
0.577,0.770668507889142,0.896049799869701,0.378102554434684
0.788,1.69409376221812,1.49267288353797,1.38432786986449
0.462,0.38147561896605,0.492847825722809,0.474607442015059
3.196,1.7779122923918,2.06334883770813,1.46644695241661
1.288,1.01142943375691,1.02521855295266,1.81763410195398
1.511,1.22868298558434,0.958170244494828,0.70984005873657
0.812,1.42775401800705,1.3705505698821,1.33458919426513
1.712,1.05707996230312,1.05558794830635,0.884840216339857
0.722,0.744480615012439,0.923216109059376,0.498008062186672
1.294,0.967921597489649,1.05910976401063,0.776741948237204
1.271,1.61857507767836,1.47839847909059,1.72686931254947
0.447,0.844465022812829,0.858733311681886,0.915974737976712
1.951,1.57619657982274,1.74636620673691,1.77551395980137
3.03,1.74720628317074,1.77796912830156,1.58843166396862
0.564,0.937332707326772,1.07223436288236,0.565866426109494
1.805,1.74014814978046,1.74577972984072,1.83513899335238
1.745,1.14626595808646,1.23469995118817,1.09820298620306
1.085,1.30301677665368,1.13266538038704,0.712511731295387
1.486,1.37869661996026,1.18999491862953,1.31690801159163
0.959,0.859638510882785,0.801192648374198,0.870908585828546
2.55,2.55417562161574,1.74760517831429,5.19163185025477
1.501,1.44835007345025,1.78188494347629,2.04999763471433
0.791,1.25778014554905,1.47290007526695,1.6785969461483
1.89,1.60048112587664,2.03613953662141,1.19216353252992
2.186,1.61584221529485,1.93536901704655,2.4433743186022
2.365,2.36008324378354,1.23812174606815,1.76814440362424
0.706,1.02059904505457,1.14935946539023,1.27981079199105
2.417,1.63734350217458,1.79699665983072,1.53590664548896
2.109,1.62224925576784,1.59837439960069,1.60699122251463
1.394,2.36319516685525,1.9698080501767,2.35987989884267
0.627,0.912661107250832,1.0080671331988,0.884753387464542
1.535,1.96260908203428,2.21977355303456,2.96847932960242
0.488,1.08186963093724,0.973973969538353,0.890054587877635
0.576,0.959773654776907,1.0748819898643,0.734462438024884
0.992,1.22896511587357,1.04228536137832,0.521826830964494
1.18,1.81781791749672,2.06474033165838,1.80708667560086
1.156,1.36658058120375,1.27842526012137,1.09515808132791
0.691,1.11784254999564,0.979154598544447,1.29565231090129
7.343,2.62074025751578,2.14770014060606,2.39898397268996
2.06,1.24668136036774,1.39209285348479,0.88956174293463
2.022,1.86059758434328,1.74834207511094,2.1817308007026
2.58,2.52414337714854,2.76260062186568,1.90813051675001
4.58,3.40506311397936,3.08210446994691,2.57048807995409
1.714,1.44991791452113,1.62550510764424,1.7016492526399
1.565,1.30140164568625,1.26121389530419,0.801330060271779
1.769,2.17453136597939,1.65013166817538,1.59731720688643
1.351,1.6416577623948,1.70841437759414,2.43216115095855
0.43,0.82233865448953,0.852525205805391,0.900566544427936
1.538,1.2076644350376,1.5326095206254,0.648303890356209
0.998,1.94403891751747,1.77297023969629,1.32386882393079
1.22,1.40660661971001,1.26788786187054,1.47950630367659
1.061,1.36622556280977,1.14148904118567,0.741477568107055
0.746,0.922583137654437,1.2739916859522,0.7629356757972
0.938,1.24962540747646,1.16528520732192,0.971724337130395
0.824,0.859652233692959,0.884926606674477,0.438111819753052
2.1,2.30479473947942,2.29027504803406,3.45630020037181
1.548,1.64719122450629,1.94734289121905,2.71251590013988
1.514,1.75306487729584,1.59780119058537,1.47838320292474
0.451,1.04533311050564,0.979641514579328,1.14473350185416
1.226,1.15928906317519,1.17261989999394,1.38050363372198
5.123,6.8708063050588,6.35789488530526,9.23967843394966
1.506,1.38099914433365,1.64475552916446,1.70201050492329
1.195,1.99685670500802,1.47150474619831,1.73666813539063
1.313,1.36570998996327,1.51338668738263,1.19332399251351
1.728,1.8058337714847,2.24892236221521,1.95101615566905
1.635,1.95836888222768,2.00388847827464,3.24072180274054
0.894,1.27196240383792,1.30194406060176,0.932688268069761
1.522,1.60308326176273,1.49185272962261,1.64831598868678
2.08,2.41872985265095,2.27392369748477,1.71085953477137
1.088,1.49597193956771,1.28464787150629,1.10956751354983
1.97,2.1498168396382,2.00910062137369,1.48336985680962
0.928,1.20302383531539,1.2573305528413,1.29240364146706
1.237,0.940354534867594,1.07111293256842,0.964386285181967
2.82,2.09478070138775,2.14620753164238,3.29888580068536
1.7,1.30232192978187,1.15575931882641,1.08076695600205
0.401,0.670820321822681,0.872793926491173,0.550531402980377
2.12,2.59560686133887,2.48068087658542,1.51374693685113
1.065,1.78085563365417,1.40884800893618,1.50288967828995
2.34,1.98324907123527,2.25919637603876,1.76822213715898
0.774,1.27756126097237,0.878952316435488,1.25691679741526
1.706,3.11592713248868,2.78610155319417,4.13843394400843
0.893,1.24706473389906,1.16638149595159,1.76545283826934
1.313,1.63311185198509,1.667601493667,2.26434309776441
0.453,0.553537618277705,0.414195335505359,0.489462505158002
0.868,1.02921610086006,1.14038871465063,1.11573036043975
1.433,1.97715545862034,2.0600930565561,1.3383993224411
3.249,2.35473134387526,2.241470862836,2.57875150751096
4.3,2.69421791236585,3.05584361640824,3.10871654246497
3.551,1.81204785458676,2.0270614023857,1.48821091177425
2.796,2.34587762677474,2.08318247300678,1.60414359392829
4.21,2.89509973387156,2.9720571831548,1.9396491408658
2.281,3.1630631203201,2.42909784672124,2.79538685305369
1.162,2.21267331803454,1.62135730751075,1.36432257360802
0.619,0.69462149467932,0.708524475700347,0.473462246958174
1.538,1.89053704847509,1.80201709123153,1.77688556976833
2.27,2.1853664151632,1.9565549467198,1.81284738319384
1.939,1.82711726041135,1.81655240418752,1.97704361665767
1.863,1.55430886959355,1.86725688152141,1.43197629685855
4.75,6.69400178964412,7.61613112167265,5.86820884291971
1.351,1.94176396113032,1.88124473510184,2.99708765926639
1.452,1.70278189796741,1.6829552658581,1.51473629175847
1.686,1.54357923394381,1.84664820158985,0.718401346582704
1.452,1.69207562244601,1.59283622854027,1.16047169004252
1.633,1.73643019155172,1.74382570631696,3.87563413350082
1.276,1.68754348131606,1.87344402596199,1.53734034082499
1.727,1.78578175338154,1.95218592592273,2.11032926952174
2.121,1.82943375476233,1.74302849272979,1.32530920182987
1.156,1.91256024122116,1.81322295221552,1.41580280976916
3.668,3.15741174248782,3.01123183875927,2.99615083262123
1.603,2.69820213361197,2.10832332163672,4.44764825605309
2.599,3.58747774508529,3.49333388034744,3.00942234772332
1.689,1.82334258841583,2.2007276959815,2.19525327881547
5.54,4.48454250406293,5.1822252083934,8.93918388912335
1.561,2.42821638728404,2.37436791038715,2.78284440070725
2.04,2.86508445786134,3.62579138360925,5.33589585635295
0.495,0.541596698448036,0.520154946316883,0.638496119884463
2.029,2.10669205657286,1.96112081474286,1.57354352376343
1.941,2.05641471820073,2.19182956606184,2.13471213296844
0.307,0.91090169851883,0.773887580287395,0.451938542484473
1.949,2.32776263371976,2.09055649693626,2.43648230426923
2.23,3.29414081507738,3.76733277831241,3.9427632282488
0.973,1.96891601242948,1.99321458665753,1.76679561358736
1.268,2.06449764207357,1.91277611689482,1.64169023218939
1.991,2.56317475486862,2.42409877698203,2.42501128002225
1.415,1.42953717848236,1.66844031076042,1.77752689404454
1.232,1.6345685070453,1.18444030725656,1.15575991115936
1.453,1.35391479725894,1.30376119942062,1.11802953087927
0.846,1.40198994408712,1.58738620715229,1.54598936042751
1.524,1.77624736821693,1.8124947013251,2.07702405483426
1.136,1.27940282587004,1.50551621522569,2.13760354471214
2.03,1.80974950967552,2.02941941740179,1.30379360685335
1.362,2.02005715228109,2.14160758071246,2.29944959209361
1.801,2.91284542753081,2.49689721080001,3.74673807590066
1.006,1.26176866383734,1.2589357692166,1.04738305654455
1.366,1.6788254735119,1.79096484360947,1.83893735869089
1.162,1.48874817311554,1.70884119352545,1.38754113958334
1.093,2.0321900314909,1.43343739978187,1.49056549360815
1.501,2.30725845452757,2.56199951360958,7.00746898008103
1.124,2.15957993039579,1.89486256379729,1.71797516567695
1.863,2.19839708634802,1.8897053906629,1.91210883662326
2.476,1.93708844103133,1.94730473887085,1.63251594387839
1.317,1.28328967669633,1.3514196906431,1.40971489312596
1.277,0.942795706436961,0.879145134193357,0.920831120497425
0.882,1.15999376961462,1.09149331914231,0.988505570395363
1.473,1.75425306631671,1.69534368233674,2.0731697485767
2.008,1.34333741131984,1.13818175745965,1.03144884374834
1.843,2.05385434201226,2.06793292387114,3.66562872883421
1.198,1.73341234943641,1.61314307974017,1.43878004426536
3.54,1.49303953809467,1.85662425574808,1.95681265323558
0.893,2.07469747676266,1.80439772369817,2.08631990770332
0.609,0.747897537380748,0.868555147895297,0.920306128001534
1.639,2.88397600531823,2.71553967401743,1.38683488530051
0.837,1.44005257486912,1.4337357663138,1.39537630344027
1.108,1.21607953567383,1.4523076542686,1.60620755033483
1.151,1.71996275042296,1.46659698294403,1.35795010311011
1.86,1.84841157010894,1.94392820427121,1.64864067855076
0.347,0.203805675992295,0.333818107271056,0.244493534948159
1.771,2.12565259189197,2.12674410966973,2.76356286835045
1.346,1.43132480530623,1.27137721925951,1.41369809890881
0.54,0.70389672425743,0.650326184434131,0.624850719798611
0.964,2.19379036339271,2.0467762016015,1.52248535996806
1.584,2.57764787068348,1.96106166096091,2.28515527616298
1.139,1.31143820738209,1.38804541740194,1.43561684561062
5.117,3.18865632599959,4.04432594001907,3.25297799554511
0.682,1.02093509894089,0.851601255174663,0.612571679671071
1.494,1.67489569075557,1.78106980747822,1.82128791276897
0.546,0.828597101368141,0.894189704286487,0.898460257614697
0.511,0.868822910937344,0.842250665878099,0.757116134079214
1.108,1.76480365872173,1.60290387352904,1.08347219595519
1.194,1.40683741116749,1.63109509374494,1.34352478198227
1.042,1.66805387160383,1.49199401494589,1.4458115308231
1.109,1.30887069199394,1.23242875434609,1.07740751339688
0.925,1.43441989965681,1.30193566881104,1.13518270765025
0.821,1.36668055005914,1.43739083374208,1.4531099691125
0.683,1.30187246807935,1.14859681843818,1.11668521276574
0.497,0.688525067876186,0.940559146611824,0.642755888163616
0.292,0.18844383955797,0.332864288730832,0.226551794986958
2.123,2.09156457707726,2.01283681772685,3.35162667710103
1.488,1.16077180725322,1.18030174366322,1.9243801148212
0.692,0.978097681631575,1.02389698808106,0.983766365753942
0.675,0.984811716935823,0.936162707047745,0.736792755644774
1.622,1.17765514805305,1.50341025212147,0.965913291285828
0.424,0.660456305996451,0.848922630341526,0.539092294747751
1.363,1.99374803371501,1.39440710149058,1.6585777838775
1.606,1.31870063145834,1.12579084269846,0.956141461480568
0.902,1.78680044500813,1.69709969038591,2.3869413348727
0.801,1.80547513802118,1.7980036638878,2.2282893181181
0.884,1.25375750530504,1.18872443642774,0.97805279735259
2.351,3.68092225885182,3.65532807665997,3.97414009035193
0.648,0.69834247912588,0.744962462037928,0.509357079213741
2.12,2.66353615311542,2.29833300396099,2.23643636960455
0.531,0.741089815551255,0.766653506239923,0.536458650866293
0.481,0.496967027247715,0.78507510000728,0.470635198115916
5.27,3.46954664826621,3.56033357918184,4.98507208333667
1.246,1.58632935656497,1.48888125531857,2.02989246518174
1.376,1.67028588384145,1.48295708273287,1.88730769370703
0.594,0.430878092238796,0.555746453908999,0.474815986946502
0.805,0.983446891270515,0.970041908068715,1.27487157636075
2.2,3.34358952546651,2.93326411350737,2.32976691826737
2.061,1.32504444226406,0.945682306178757,1.56907409425478
1.99,2.0904633593874,1.52491713329027,1.75218161153013
0.937,1.75865967700297,1.63514641078994,1.82233025821123
0.964,1.78703156349683,1.60965969210925,1.04763730110823
0.95,1.26088983839205,1.61805894946157,1.19265935811953
1.903,1.91378150183032,2.27501146340541,1.88927277813738
2.214,1.5933684447289,1.27166933591897,1.13534123832071
3.373,4.17369729967552,3.13158387114299,4.11833184258124
1.58,1.878253733694,1.80811810857588,1.69111929488057
0.586,1.20218350009236,1.28820644657294,0.766260607374967
0.898,0.63491923660614,0.689463695643678,0.409601452543708
1.183,1.67534963877394,1.72071695201381,1.75952341554344
2.053,1.0226955534943,0.874874982849579,0.929071274117413
1.039,1.32842329162051,1.7189207835631,1.64030894508748
1.007,1.44673953281473,1.0504235310779,0.889505779469901
0.472,0.576336272288911,0.806188265685648,0.539892680233485
0.63,0.775626774715885,0.857376487534653,0.65425594665905
2.237,1.82915908031837,1.55320331226567,1.73818192819887
0.631,1.04462910235128,1.00821761897091,1.18970761342624
0.925,1.11510850770025,1.29663207309004,0.715281543947047
1.569,1.08798370295322,1.2960892366131,1.26069506145526
1.676,1.88519539600717,2.02763432638348,2.15121951970325
2.66,1.97932386746757,1.85422448760803,1.98808562468393
2.606,2.67124121781823,2.01911433483611,2.24968478894589
1.132,1.68643706291434,1.64895329482159,1.45051197860302
0.426,0.764382631487017,0.821319114367267,0.604587280016171
0.819,1.65634638119904,1.44871097622425,1.64924922204258
1.124,1.66999769402883,1.65059756456881,1.04333468467112
0.464,0.739782139487359,0.992806652012709,0.72206350886729
3.08,3.89677576861448,3.88157370200571,7.5782080498469
0.4,1.68248569686449,1.82571532400371,1.09758977655249
0.502,1.17261094810155,1.09535238072673,1.00230666548096
0.797,1.05504961746295,0.7775494427009,0.490663538006141
0.715,0.704772704994969,0.760843916260125,0.79795742812143
1.359,0.933619134391433,0.944279849416306,0.634773892215491
0.427,0.448594025381777,0.48940399038572,0.263861095353388
1.036,0.815923668692023,0.834686683479988,0.834250199201365
0.945,1.89856901015329,1.66054377526759,1.75741793765454
1.123,1.5299916528037,1.75446291324574,1.31933100712516
0.461,0.680497198100688,0.743340646261881,0.450682868184287
0.609,0.677863578560632,0.752790282284851,0.401295938373185
1.263,1.23049134741087,1.55787137257023,1.29196178194731
1.422,1.76270395057272,1.80184536104046,2.06508980698171
2.16,1.68032409994319,1.73529320073588,2.1439481081635
1.233,1.6640351395667,2.53966503709566,0.652981720240306
0.514,1.03453429846257,1.0246612125114,0.867006805710875
2.907,1.85907939738204,1.727041582542,1.64407458435495
0.495,0.694506986520584,0.854521105520991,0.628513488964902
1.102,1.27861600899305,1.39090431117623,1.32533321595749
0.685,1.39877627705968,0.999364621171963,2.40387989532749
1.459,1.76075935587913,1.40877566064009,1.65734094173804
0.92,1.17208884493226,1.26254710593324,1.25433625552818
0.654,1.00061574664857,0.94789290243172,0.984359034649062
0.887,1.28947601133232,1.30909016818519,1.23665355468653
2.19,1.83733820793707,2.46540683809097,1.54290971680184
2.781,1.99420936981137,2.15296805461941,1.59079503460344
0.968,1.55411346448622,1.36977076205942,1.30258072463435
1.854,1.44977040037611,1.64967897936475,1.03109868852297
2.08,1.85581983725421,2.61197808173813,2.87713784787617
2.102,1.4574244168041,1.70716422316495,1.30088576816979
0.582,1.03780131472237,1.28752046798614,0.879217170206372
1.14,1.62344923542912,2.41866697465352,2.74164586867462
1.205,1.21519604893248,1.39528324026917,1.11174543509808
1.815,1.26768779026429,1.35271537317449,1.11848725373102
1.169,1.31536279873822,1.43011818616551,1.14234492159634
1.351,1.37494863192853,1.5145822079785,1.44973189970688
1.811,1.44271331595471,1.6158317905892,1.60301238840972
1.094,1.38011076110963,1.2228201359642,1.35077231668041
1.301,1.36995308990701,1.32622944711684,1.17054072998074
1.75,1.92460990325286,2.01613783155121,1.64026135923172
2.051,1.87621833879503,1.80354925961416,1.69316585738366
1.931,1.46132046096965,1.49678425801241,1.36796005417553
2.155,1.55933527615389,1.289959114307,1.55371993145464
1.358,2.23139225793494,2.30631759724126,2.31482076465747
1.322,2.09817799715653,1.83942051011737,1.45174381023558
1.847,2.3941113703474,2.09309299673935,1.88014831770859
1.595,1.9915947040213,2.04033359888627,3.30823917831566
2.756,2.87663571837651,1.8885834903343,1.52569899532302
0.948,1.08580685708384,0.969886627439671,0.971257557664712
1.517,1.73837017200935,1.78761734060564,1.0125051412099
1.491,1.57366912330949,1.59296741336991,1.46479886882487
1.87,2.02585101040557,2.00195492096764,1.68308456973366
1.423,1.70558075308677,1.87990086824335,1.27053727714327
1.636,2.07558017578303,2.17623126246944,1.87623736721376
1.786,2.25372816509336,2.1164452565744,3.0569580118123
1.862,1.81125475606917,1.92409628782909,1.67713787524357
1.701,1.89566707016741,2.25212121407798,2.70343231563994
1.594,2.66626230949562,2.81077047139117,2.10599213149692
1.446,1.97674732406692,1.49134024339182,1.2003314625853
3.02,1.74965467418218,1.86523083351571,1.84371985591574
1.55,1.65982970191944,1.39397235896061,1.3067129180153
1.24,2.09447723041177,1.53221255204439,1.56969447878599
3.36,5.0945566905703,4.92498487475176,13.4960043079864
0.948,0.917412333743803,1.01210545733275,0.793347502648442
0.823,1.23233800426955,1.40367585179586,0.936168961054525
1.154,1.56759377033873,1.912652973727,2.21966978592871
5.7,2.9990480053206,3.67105038457439,2.7730494185825
0.5,0.780146383119416,0.870328413237271,0.56589917251568
1.803,2.80599177211921,3.42105618070076,2.69941953110451
0.562,1.15528774880895,1.23341370939319,1.14115962219469
0.985,2.24088333023836,1.64677345223335,2.89346668696334
2.313,1.48091894144098,1.44639518796874,1.05091096097227
0.423,0.542915665321745,0.544339375743545,0.498787310372115
0.408,1.1540969406464,1.06305820908145,0.869108314162728
1.662,1.17372597231439,1.1836365936876,0.858130901478677
0.616,0.532833429221318,0.623587663923998,0.290888097234383
0.512,1.01439313775075,1.09431587971717,1.04848424254005
1.641,1.97625197247401,2.81650210950982,2.56406991124017
1.157,0.952852377610517,1.03440386812952,0.714959948471773
0.66,1.2923941669684,0.931280424101009,0.969396038417292
0.454,0.518681295842919,0.528662110633207,0.408106659358563
0.523,0.893666795549399,1.09440169121744,0.694187390929657
0.662,0.990549647699352,0.83773253232758,0.671003237957789
0.716,0.785319962817403,0.884370646579062,0.607282545383462
1.352,1.10307150483263,1.29369041765135,1.63696061179814
0.441,0.973753048508793,1.00409497287853,0.520293763763414
0.501,0.75105527976092,0.833878649591705,0.332680991767481
1.042,1.61595357344156,1.30475022291124,1.32935535193023
0.672,0.819030015019971,0.957813710044026,0.734242396051058
1.128,0.811268401233147,0.580427901829494,0.524842422010575
1.421,1.0364564431572,0.909348847605409,0.698096632364497
0.821,0.975131893984639,0.948687241866423,0.687032366946826
11.44,5.59016218911049,6.04361533684568,24.7434042501201
0.348,0.540640886694525,0.843643230400672,0.609412049469332
0.97,1.04837857526443,1.14162758234453,1.29770552639355
0.412,0.548336232689632,0.577490658288274,0.624628070231365
0.903,1.48122514619135,1.37497869229249,2.02923976050201
1.366,0.831778434963113,1.05397571580731,1.50957908833888
1.133,1.53055406284715,1.43466604784451,1.13505207449185
2.284,1.36146590011177,1.09545061374298,1.12317951396642
0.671,1.17126066920744,0.69183780464938,0.642119450872853
0.677,1.09760461541848,1.11585313507601,0.919878535298833
1.063,1.82414940445604,1.38247792001444,1.1244776735946
0.596,0.875193084309749,0.703917247033032,0.752284319917444
2.265,1.91853289493039,1.46385398509073,1.04388187075335
0.544,0.687510459061833,0.713333100797125,0.596743400535154
3.66,2.91781333850772,2.79281563165843,2.19315728134029
1.876,1.28603918224681,1.24323921435546,1.08619562569729
2.032,1.53738713850765,1.55643405067502,1.11315482653944
1.409,1.66154290376379,1.63230324919809,2.50099992286774
0.509,0.532843408350872,0.887931310360469,0.362814891756726
0.437,0.582175717348522,0.549169311407549,0.492379965946602
0.562,0.910758920961157,0.731044043183334,0.767605026555079
0.976,1.33966940227923,1.37755358634481,1.22420731246924
5.56,6.24688973849025,5.70705822613701,17.5740013022908
0.651,0.872186509371603,0.694807260510141,0.705079472092961
0.735,1.2804055213344,1.06293178791335,1.03582188018565
0.472,1.0113491210508,0.916076424679444,1.17122851209872
1.681,1.65284675255684,1.48963504406356,1.14772990598882
0.524,0.84566349487267,0.787680334689766,0.737721158466804
0.746,1.0129260056203,0.994421249228713,0.63564895668761
0.61,0.698622981596293,0.679135573245668,0.644472945456315
9.027,2.756759499233,2.22159022082123,2.12314044459539
2.078,1.47353600187348,1.80327692724123,2.72292386175498
1.299,2.04184058170142,1.57816657645854,1.09411582877654
1.076,1.76047806054246,1.51114907279896,1.44500695727852
0.759,1.05676243608661,1.15664384616282,1.08290609333064
1.25,1.35217463707889,1.2775341774148,1.17812612609817
1.688,1.49275852550624,1.7972683222621,1.45219644022468
0.734,1.16617529423824,1.29680540477463,1.15626114167885
0.79,1.58069018670103,1.15271534848913,1.73725498074989
0.912,1.39927145993388,1.21267853876802,1.93780770491491
2.707,2.57987112817116,3.0187858105262,3.32562328879726
1.419,1.28082415855419,1.00540946858924,1.05617009220362
0.809,0.798802777576985,0.903832382937069,1.074469577555
1.57,1.32952992867451,1.59723828616138,1.1040821061691
2.13,1.56930598867497,1.72475806560307,3.42902458432511
0.82,0.833790607533207,1.0664810275477,0.784445561195837
2.844,2.5277331711787,3.43029878917151,2.84942819400111
1.343,1.46408617068921,1.47636801791067,1.39692060136209
1.296,1.00493578419814,1.03929149356968,0.997285844504739
0.726,0.766809738475208,0.625077952964466,0.812545402723818
0.567,0.720655454729627,0.715827843418985,0.878043064713617
1.718,1.69986965177113,1.88849162415755,1.67838043031387
0.319,0.331288765055454,0.403503949477482,0.279345631245128
0.668,1.12941303179419,0.922204876149266,0.886912249496747
1.539,1.34115025383443,1.19891947531621,0.877504302008968
0.508,0.830181130447359,0.956012451516215,0.9615099199804
2.571,2.02191158948774,1.83381369350868,1.3208012641932
1.099,1.19413629507196,1.13511807423281,1.29421719824828
1.34,1.0342285877407,1.08897268808028,1.02365798237917
1.766,1.73952762601246,1.95155186341736,1.26129892379508
3.23,2.21909374286848,2.13818533612004,3.45529486525972
1.725,2.53002049316292,3.26536808480011,1.98545543583399
0.799,1.34458559365766,1.09162007740888,0.722274094844863
1.456,1.39943875864731,1.7633014166259,1.39714908648034
2.187,2.05248242762402,2.21654233448494,1.4845763295435
1.182,1.21721587402554,1.19182725910403,1.83536887807248
1.355,1.84574192909486,1.98742485490776,1.06700982248902
11.77,5.93986277807353,4.20938648129836,3.58516360956299
0.529,0.815957359881605,1.03512283334628,0.826149145564776
1.186,1.36179351525511,1.37836035066651,1.33453081018913
0.332,0.138867946693201,0.341906486357055,0.385157109820921
1.886,1.43643954464889,1.90050941687721,2.11801524035171
0.891,0.757267089497616,1.09294079175801,0.778251415261793
2.74,3.14987482258538,3.43370964871438,5.21297712761835
0.598,0.885022959202667,0.895737735483102,0.793640750408617
1.199,1.64167654686822,1.6717611492496,1.50953554583802
1.127,1.25768085821977,1.23791408464801,0.946351477400327
1.261,1.42807095645226,1.6033153316824,1.18821935355122
4.423,3.61161388956058,2.77438812491677,1.85218200946293
0.679,0.903437180013543,1.09930165855427,0.988314370182863
0.572,0.758480062974881,0.866673849876167,0.683610688374066
3.52,1.8471915543369,1.53557133372083,1.7993183217528
0.829,1.02951103650805,1.03933692508174,0.50792558613418
2.294,1.8863657287964,1.84766026426779,2.38870168124811
1.262,1.26730449398834,1.29528966631904,1.42698535428985
4.35,2.16963063893786,2.31535647192331,1.91631346231109
1.192,1.61519828991536,1.51384237742367,1.44309821024914
0.678,1.31308969754889,1.33692465628096,1.4713035829877
2.2,2.01352763728826,2.30783154150305,2.53375577090772
4.44,3.52489147084526,3.00785918560942,3.13127459163131
0.793,0.671227392968596,0.744849570646971,0.557954405296431
3.41,4.46467072851812,3.78368664709349,4.68212080378443
9.09,5.22203472929028,4.50498025281595,1.21231039513804
2.067,1.79379944588802,2.27967435458048,1.93948369803822
8.99,3.4751638815509,3.37254945905432,6.13822939670958
1.524,1.68869767778842,1.67194431057362,1.93411172679897
1.617,1.48260706980625,1.87073687669042,1.37281887755314
2.561,2.47484024377988,2.29652349538919,2.36068981596354
1.171,1.05312030369842,1.43373757293603,1.50968352179085
2.488,1.53023546827274,1.71806610367456,1.05725203935891
1.423,1.54852085389195,1.62823575496116,1.52308419240045
1.125,1.73702946556163,1.7552648187871,2.67404555398339
1.519,1.65998461672046,1.97582425225879,1.58433754444705
1.228,1.73053344556706,2.68314039042413,0.957940263575739
1.185,1.4985921966251,1.35916443810589,1.18144294816441
1.443,1.41148020297976,1.40969697650411,1.12624271598103
1.411,1.62516539904026,1.86021718765461,1.39565498884431
0.754,1.3027963345419,1.73199329144258,0.798994157896303
2.334,1.40406478423996,1.3223672227998,2.59211399049398
1.367,1.57048907951487,1.52926714942929,1.38536782070072
2.154,1.59625510467844,1.79044979417129,3.74652724789818
3.847,2.13734966735351,1.95885827902248,4.23108840396122
7.789,4.73052785782622,3.57760268511995,6.16962073773748
4.26,2.11321460934686,2.31354700007191,1.83542903106755
1.542,1.69880504965247,1.93960170738921,1.55621851589032
0.024,6.29828598708776,4.00850015380589,5.86217084483545
1.341,4.03305594219916,4.02036029199472,1.8023561189832
1.021,1.10171309069531,1.17158301037951,1.61681208882358
2.58,2.12328285113024,2.61307208981094,2.46632521847934
1.178,1.83804596143646,1.21130668161309,3.10187199103537
0.979,0.804721077527554,0.613263803436379,0.698318608042677
0.599,0.462498633362697,0.589155623643735,0.578707101114123
1.333,1.17546120519462,1.80909640928609,1.2452200487532
0.373,0.803748859796077,0.993037159247165,1.31763891045115
0.84,1.12373232861261,0.97990652779013,0.831140567574036
0.841,1.27179785624013,1.37949071890515,0.232695130458151
0.559,0.88662252418555,0.978145201050837,0.725899716879535
2.26,1.1777840372885,1.13551410068501,1.99279810472177
2.29,2.69167513641272,3.61484304409136,3.79086061812705
1.406,2.12838643431165,2.17271960928105,1.69146489157255
0.802,0.910660840558092,1.12763432024032,0.761751602340591
1.564,2.14724627125679,2.95486354789165,1.31050001553107
0.445,0.34709754013473,0.385026678914244,0.523246148604176
0.466,0.614366532255613,0.48111747152375,0.453782205448452
0.495,0.885261056323286,0.956825884187097,0.40261712744612
1.209,1.29459039557695,1.66092053038222,1.49206047224846
4.35,3.64089375174131,2.7625362825999,2.16586623361537
2.54,2.19966100141342,2.86214336198647,2.93886326549194
0.881,1.0065376627392,1.10797096446622,1.48609451769209
0.817,1.60625575725605,1.07804755750325,1.10329725431248
4.14,5.11038866643696,3.99725426757938,2.02228517836558
1.606,1.61746037069483,1.95843713019895,1.88098421294828
1.791,1.91273980728807,2.17372661263049,1.6313823110781
2.5,2.05517325202383,2.17581956460291,1.98652812205347
3.43,3.53092650245576,2.54626805859836,1.88723283508662
1.662,2.53845338731791,2.02469500516612,3.90155744483142
2.482,1.66566298886655,1.90210251325747,1.2515827475843
1.642,1.63194204610315,1.98144664185636,1.18180298119871
2.477,1.43648141971722,1.64877715297954,1.64851580606717
1.167,2.12157268785273,1.2613000594613,2.71491702807437
5.607,1.88058331661942,1.95596824114022,1.32893542596591
1.737,1.58573012768464,1.88149931111508,1.96594975555773
3.576,2.06428087811547,1.93420004963224,1.74469837622751
1.801,1.48234876699712,1.71882856804602,0.943559246119245
1.481,1.38650939870538,1.73829549772938,1.63263408384373
1.629,1.68594474758843,1.85882783615884,1.75523068612758
1.402,1.47817639331986,1.84812595773506,1.83930027412514
2.261,1.99441558067178,2.01103548223595,1.73507446906242
3.601,2.67064347930075,1.87889512229608,3.16832059765755
2.722,1.82355243369816,2.28415265957855,1.99581559664407
2.519,1.38864819246161,1.90877394230712,1.46366138826371
0.545,0.543465489927768,0.385896982282365,0.379447256227811
0.758,0.666048781852568,0.586572813529601,0.488892424726951
1.396,1.3904082102892,1.66168155132872,1.39332367845851
1.527,1.36773376612504,1.50795492941513,1.1271390661458
1.126,1.58487232722577,1.59477675144569,1.85361519499573
1.463,1.55151831550305,1.86749983982467,2.94212226590735
3.71,1.58111860045337,1.56728621514388,1.87928873779167
1.544,2.11810540110924,2.19174394627643,1.74028096582316
1.331,1.74525122184029,1.94359303353252,1.80678046334662
3.42,2.71814230436654,3.23881020402551,8.13113414642804
1.206,1.76871049640315,1.76598068692884,1.21591393088177
1.315,1.36508045793428,1.16165913291501,0.88582038817083
1.335,1.32209657894681,1.38453646648334,1.33432334741302
5.789,3.61995367780711,2.20191524872711,2.60354292877908
0.713,1.3205221341856,1.18906908016831,2.21218330937752
1.045,1.39974043712767,1.45563646882904,1.63521598202339
1.214,1.55844621817417,2.07841850076121,2.49703886584481
2.583,1.19812588333488,1.26545111362482,1.03308463112704
1.341,1.79015934028618,1.30931366103384,1.32416872047529
1.21,1.43887410896044,1.32693299119694,1.70832291420245
2.32,1.93001577463773,1.67331168549387,1.52166834067581
4.229,2.59089108257928,2.04978284527603,2.39897692691408
1.275,1.33984864717061,0.993413801495088,1.03891094752657
2.693,1.82003044695943,1.8063155650709,2.2389233209818
2.21,1.97520514106394,1.82800658541434,1.75561663962899
2.518,1.68397704595996,1.6668648056771,0.619060202774364
3.23,1.88255660470717,1.77817032979012,1.56559920201176
1.394,1.25993723242128,1.39496740655823,1.29897148427218
0.737,1.34890547879027,1.23804953134234,1.86326905707491
2.978,1.82716663488745,1.49367742651369,2.25858110928891
3.78,4.34471847639375,2.81087607178122,3.08326601485581
1.302,1.39333408581117,1.50449541836476,1.58910273134361
2.12,1.96604575191424,1.81280794756477,4.09492142751965
1.893,1.38460998973998,1.77541393673354,0.989441176034099
2.09,1.64200262950417,1.10133235578696,2.04406619453056
3.53,1.88631424540955,1.86436174779822,2.57828529898577
2.4215,1.73834391772342,1.38019539619618,1.73999059971571
0.852,0.977459515451811,1.07290973468472,0.616929806669853
1.624,1.15469345529964,1.07672518343579,1.11112861323821
5.71,2.67058937462861,2.30847422598851,3.28062147261731
2.375,1.63296434451158,1.79790615101089,1.96681866408042
1.153,1.02928787728918,1.20923577217739,2.1159539510486
3.1,2.6876392907144,2.02094721121735,4.71313352784889
2.439,1.64545626055287,1.75360772332603,1.46981783063195
0.805,0.860078737922743,1.44108539728463,0.536434333933106
1.095,0.798046044246134,1.18832798580552,0.610959526816353
0.574,0.868153574512845,0.9369063117865,0.844312272047571
1.536,1.12452408465481,1.27879393250904,0.777184861914623
0.696,1.4075668876911,1.66339727315232,1.37908646876675
2.305,1.53632541838067,1.36099340408151,0.945438188027133
2.501,1.19229981784655,1.31877542569985,1.62577838277766
1.966,1.46225143106944,1.5627623241219,2.88837088035934
2.14,1.82848613391469,1.72969903754929,3.17641491900066
2.947,1.62522018261732,1.59586845602225,2.26976048771318
1.314,2.71712419825471,1.91676574143553,2.19958329107299
1.567,1.90121460376153,2.12713745472346,5.09216124035793
0.984,0.915727670131799,0.646966379593956,0.728097706809838
2.168,1.55746251703089,1.64019387659479,3.5576196570964
3.581,1.65826224266131,1.3838717941747,2.28248887478711
1.006,1.03902322295936,0.99284302230332,1.25846310294549
0.822,0.973434336088867,1.28777500462902,1.2269051072856
1.462,1.00650832008025,1.10062836051263,0.458504529508393
1.431,1.34410612542202,1.08820016311377,1.42037406954799
1.793,1.03512182799418,1.53569940574968,1.10854763675414
1.058,1.10792143890288,0.712251317508142,1.4381083312207
1.497,1.62923353601829,1.10767392160078,2.84824678053199
2.368,2.35155285216914,1.96806887970769,3.32283311350179
0.565,0.781076022157415,0.978410030557773,0.725205442437114
0.812,0.853044146815204,0.842629310655873,0.442875276182986
1.371,0.790860976148596,0.860773718987513,0.7019364640584
2.627,1.55608802467734,1.46457665797511,2.48310663580651
0.915,1.43218294710132,1.00689695095263,0.872488015410714
0.951,0.918638231060656,1.04928030161346,0.985761455483615
2.453,1.87207344506431,1.76329921833819,3.68320536107498
2.682,2.11692295414118,1.48759185916222,2.18295999327377
1.367,1.79076994225948,1.60072065588308,1.7363389616832
2.14,1.68586028852024,1.59694294064177,1.64378735878817
1.697,2.10497970211024,1.79679786940491,2.3730511633443
1.632,1.38539936303308,1.56602630994207,1.32553770152302
1.05,0.768092890209897,1.0340140392758,0.737482424934135
1.256,1.23992129079246,1.39548304931145,1.33973370740146
1.264,0.936429537516857,0.905125719148802,1.19078920896166
1.964,1.31883331108907,1.09807883647829,1.10423130275315
2.09,1.86020923083961,1.72722483622461,2.2463100577421
0.623,0.531858791334359,0.537172362015458,0.533875810311629
0.528,0.57357210748296,0.790758551175525,0.317041530373878
2.038,2.49442649067312,1.73761481582689,1.29722171118676
1.767,1.75450284535592,1.9026365801622,1.47012374557526
0.935,0.85443284367962,0.654488786701308,0.80621388260405
0.635,1.06058749847261,1.08654953525587,0.698551374514669
1.686,1.73707110835592,1.630087329978,1.63376410152126
0.317,0.264658193657477,0.36998779418829,0.284128093283817
1.072,1.62092478639438,1.33284827969094,1.61921976761477
0.896,0.772546614843148,0.647547425933989,1.62538693604323
1.85,1.30517701503497,1.49991002798791,1.71697703422541
2.28,1.17834015692518,1.09522260155509,1.23682750084371
1.666,1.64914031860366,1.44554253553467,1.64307809345573
15.996,4.27416543550705,3.25967894124277,2.23052473184545
0.495,0.558697128228075,0.5347697489631,0.290245124674319
4.29,9.77547084475259,1.94343891047825,3.87569026186063
0.312,0.161457442147892,0.336097010227192,0.194738115292159
0.396,0.566866368408567,0.407981452344702,0.402777846331764
5.44,5.85648815882341,3.75038085421521,6.05423831967911
1.011,1.98036357518042,1.9141090147011,1.27141462315631
9.74,5.03379250430245,2.87947803918561,2.36420055026197
0.375,0.419461543207899,0.455794260443549,0.490997785249789
1.561,1.46752702265348,1.22183372517287,1.83613790696054
1.533,1.34862433625149,1.3615543798306,2.43200457880355
3.465,3.04525871147048,1.94290056677584,3.26501881408267
1.248,0.806181136886587,0.82819783932221,1.13204135794552
1.2035,0.919258905763177,0.973878924075349,2.78422267921694
2.545,2.18244426106576,1.94438949958043,2.75552504800402
0.976,1.02219430948936,1.13316868966551,1.41870638993625
2.2545,2.65134169483396,3.41071048220609,3.71782895740637
0.438,0.372505487973528,0.434672997882913,0.271077721115679
0.541,0.618456604135234,0.694850059064939,0.349237735370292
1.162,1.06794035996763,0.983510888047896,0.843215517454754
1.666,1.26197280803364,0.999977829818606,0.67682901744381
1.805,1.86317975546653,1.52369727639944,0.91451243620649
0.796,0.64039000583666,0.694835436727737,0.497694658274396
4.69,2.75676572388053,3.10742524152881,4.11082574056426
1.042,0.784743660741313,0.982999383669559,1.18374242085611
1.465,1.55504401047533,0.958529767396909,1.85392510975749
1.722,1.70952740336488,1.5020094436381,1.60110433809223
1.145,2.18028705357406,1.61460875846563,3.94911914082704
2.482,1.31111906814097,0.807101000664029,0.92450284283404
0.688,0.647964430419732,0.575804366064117,0.961577143034903
0.415,0.585321379102977,0.673782668137151,0.35841930675753
0.606,0.870983753673725,0.663611175317409,0.913913226096147
2.074,2.05770053201983,1.87908223976498,1.21953617521274
2.033,2.69011343737548,2.20441721584931,5.38778565596749
0.536,0.737530524308162,0.696784492458576,0.664618401707872
1.929,1.21208959911725,1.20272815827299,1.57506350013353
0.79,0.82084445630148,0.896544432933808,0.65017600524325
1.183,1.71355871475207,1.76134269893778,2.7713512786029
0.908,1.26782991765579,0.875057673486617,0.748042302305383
1.193,1.26052855009206,1.28876813056629,1.40819208254644
1.652,2.05118163147709,1.66788521063408,1.75558137378412
1.709,1.30766177147375,1.30354692964627,1.92546867661105
1.497,1.75833828267239,2.30226956008465,3.8510662528713
1.188,2.04916072576042,0.864924669168747,1.32996338995018
1.614,1.19001187610114,1.31356076088618,1.39116727051936
1.377,0.919794226225398,0.946360295136401,2.34383683037132
1.428,1.07044452312853,1.24556276844822,1.32325975775093
0.903,1.17716082019381,1.26024076433968,0.98926621754969
3.245,2.40978563978501,1.34987817836382,2.74752373481994
0.396,0.321194146232541,0.388223907243056,0.3863825958548
1.378,1.49288186007905,0.922819186548025,1.03074879364262
1.455,1.16701087983962,0.876046712053178,0.848713909605019
0.698,0.76981618965207,0.767919037051049,0.944235457841685
0.697,0.750822884578382,0.787301511520389,0.678411518721208
0.743,0.765424179702498,1.26788885832613,0.512327330738283
1.27,1.44213893112595,1.29990704309498,1.85795971334707
0.742,1.08677666972647,0.971895729560385,0.950974795870013
0.682,0.601488204210105,0.746029059991734,0.465700375302579
1.191,1.26687519782504,1.09188960641274,0.921853078746622
0.368,0.41476902746905,0.438831435888933,0.458364745088079
1.115,1.53439121001037,1.17051543120002,2.06101835171355
0.318,0.350190837733287,0.399944690153635,0.280776159541631
1.421,1.06130742968402,1.02536886330027,0.910765838274838
0.559,1.08256113716001,1.01826674537441,0.905838514674127
1.288,1.13814438646383,1.04038675525185,0.765965156243755
1.249,0.778986162439063,0.735189274202115,0.532843903470306
3.126,2.07246798781254,1.64383933311204,2.8098476609982
0.533,0.971995642057563,1.15749638873941,1.64173535107043
1.11,1.03259921143822,1.1816828150351,0.957371468301218
2.185,2.34398940590647,1.29190490020198,3.04725975539706
1.019,1.30077932902222,1.28520741183872,1.39326582101405
0.441,0.142821525172768,0.356887793868474,0.301323885300048
2.081,1.5625729195883,1.76135182649055,1.81039003940879
0.592,0.439279640102814,0.494325858086199,0.626444506828287
1.38,1.3406211101488,1.38892475412225,1.47255199576645
1.152,1.09242580424067,0.900685893460711,1.16854604946298
0.549,0.522294492956273,0.64583615817623,0.549505909081429
2.53,1.42423761416838,1.19087451878959,1.28354913933805
1.412,0.946723176006549,1.01522248714624,1.22969735722128
3.218,2.39749178318885,1.97577291965946,4.7142156986869
0.832,1.09200815715589,1.18410208285677,1.30218454280621
0.478,0.526805936315063,0.663499209880897,0.445507170741481
0.696,0.640940387145123,0.549700402708786,0.286650102178408
2.646,1.64239552502644,1.49769865792113,1.47832145353743
1.783,1.67162652849535,1.25940956630894,1.38210885826219
0.629,0.980515085961004,1.0987225602478,1.0451224681945
0.484,1.08841262120908,0.551241871508121,1.06983976644874
0.425,0.925582334971334,0.997249568098954,0.824009411054537
0.571,0.697892321251964,0.487025735384094,0.770773428106602
1.008,0.937857370791141,1.26339781997057,0.527905066891873
0.419,0.479590962419903,0.487932683913879,0.564485387820408
1.089,0.631323015997253,0.781211265820829,3.05598490117295
1.377,1.04414142323004,1.28190065010112,0.949786699901714
5.22,3.0759238777208,3.17012178696854,0.842376136808426
0.32,0.208620424934677,0.502041559141852,0.391790012067772
2.596,1.8187782639133,1.21406520158767,2.20305466393167
1.604,1.21791965191843,0.783803372850263,0.955890206542459
1.73,1.94374428066988,1.41049418301333,0.677179343313611
1.805,1.31341589884288,0.927416783943174,1.31065686659339
2.38,1.10290638925796,1.00438241662813,0.921637863882593
1.363,0.896067536388151,0.839627203854593,0.692772612948041
0.951,0.846517201700345,0.99201389690073,0.807479268058046
0.75,1.12639953264657,1.27946208801392,0.363068144487916
3.696,2.47327595503923,2.79195211224412,2.07940317560811
2.115,1.68052992669336,1.65322312933854,1.53850694595013
0.717,0.791448419293964,1.01830685218979,0.806760378545089
0.344,0.533404510804428,0.554839042896092,0.596548641463896
2.034,1.22529071913094,1.07848205023002,0.888001609066941
0.973,0.891970550951783,1.17456781934143,0.830328234741507
4.08,2.55128684360592,1.76210394341253,2.69472349974444
2.863,1.88164315452881,1.63021277994872,1.88603429698441
1.344,1.06212736373098,0.943998286236175,1.56430471861308
1.896,2.08069769146445,1.5711201958313,2.65973796690402
1.365,1.23658182886993,1.23107792978115,1.12036158802648
0.535,0.681966980778838,1.0178156566804,0.967925502417995
1.498,1.3567947106682,1.34889847742067,1.38906926599774
1.215,1.32801796053958,1.41091056724915,1.59575380699805
1.176,1.20940330053201,1.36595196025587,1.27004345501984
0.746,0.812953231350675,0.596711479133994,0.767487926804926
0.953,0.846153544252472,0.728483550474988,0.497628919223057
0.948,1.48662965851932,1.28483273536883,2.08800657756253
0.687,0.764223945012944,0.806084876091482,0.70437143989424
0.98,1.06771252980964,0.977390664060537,1.37761175838261
0.477,1.72189890017555,1.41557521029243,1.58828508202287
0.584,0.614411133421496,0.675252833790859,0.444256241376455
1.916,2.13920959510599,1.4787849219248,2.64812351474557
5.39,3.80511443800579,3.0928990243035,3.75315857912252
1.101,0.957855341585583,0.995026069020246,1.37324385317242
0.353,0.345481300558322,0.354463736537811,0.175898900920297
2.112,1.52524524240324,1.24835245088298,0.845511902476398
2.014,1.81244448604957,1.2109625594202,1.50141199411248
1.927,1.72466675731185,1.47456532197149,1.59926518290748
11.102,3.53623607349551,2.79638350288988,4.548396368969
2.312,1.65128887487533,1.72634343685768,1.94078624530878
1.818,1.74076121360694,1.31587989082761,1.68688204422591
1.058,0.918596727436521,1.03442605365183,0.576274792330215
0.91,0.889903723504323,0.981769719752253,0.604055143353761
0.513,0.678393161416742,0.947323537577573,0.595212613353363
4.32,1.88159308542312,2.43523218908617,2.32924579087253
1.29,1.10014240734306,0.911698380075645,1.35818803507551
1.386,1.52640778583901,1.29067466240693,1.44206364628106
1.078,0.824812263622736,0.675503511007394,0.97590193945898
0.368,0.58763752109273,0.624929334445736,0.677824184044259
1.787,1.4811520181299,1.67226374680169,1.20730255379166
2.457,2.06899415016515,1.35064694780368,1.23119080507304
0.729,0.683266150980643,0.850714098364664,0.616761196271566
2.513,1.97248623250668,1.65068391922287,4.63362566595596
1.104,1.07169675641938,0.843111641863064,0.900045542073068
0.417,0.514269474393314,0.460216561326458,0.435858997559804
1.777,1.0576775327129,1.18093926569037,0.964602499822469
0.291,0.365002686092882,0.410434280483837,0.362283486609508
0.875,1.12793409594807,0.659204696190413,1.88831217587756
1.216,1.24687249765645,0.998488918710222,0.989677507609799
1.012,0.704461086947423,0.617825607198175,0.474909584276261
2.86,2.56346368346222,2.87476813358926,14.4036483273258
0.873,0.940360221485156,0.943335823693753,0.888604861730565
0.799,0.698491693843096,0.728310724444363,1.11579697595272
1.7,1.34961783837826,1.21138712586585,0.839409406692151
0.889,1.23823748867042,0.953486637102323,1.70005259218789
1.275,1.08726389547727,1.16273645723503,0.940093356906059
1.126,0.972320690475663,0.907662781747385,1.24194761942082
0.892,0.597319333009036,0.704995448621584,0.711322993375175
2.29,1.40714271461836,1.3507106284758,1.88720041246689
0.848,0.716557891890769,0.843505372557773,0.921086639857938
1.019,1.34710800349893,1.43670816962111,1.57631175759929
0.679,0.667274745701798,0.812466541588874,0.335680339457661
0.914,0.838429709564928,0.57611382976022,1.38641785912422
0.876,0.856807593482875,0.837719000484946,0.870293744670962
0.421,0.653639582747595,0.850415935069806,0.52068264063416
0.709,0.631958502644854,0.555295079960639,0.866202346593477
0.275,0.475040853804921,0.534621147206959,0.269868489633512
0.394,0.533282856601119,0.556869830970817,0.508304484616262
0.589,0.603787534550217,0.531570905829577,0.524542296937746
1.902,1.31698766883777,1.1037072732812,1.46755446657048
0.999,0.741137918073052,0.736569778097967,0.468595389909763
0.402,0.402963561739678,0.465332213878288,0.356704063044644
0.9205,1.01924312335137,0.944688695229145,1.09629169515571
1.533,1.38559395178785,1.20619062332508,1.42161879808686
0.848,1.33446344761144,1.28660644965385,1.7657483171786
0.576,0.481910146899342,0.536093289724344,0.853131637788995
0.511,0.679255506454886,0.815825829827064,0.603062790076569
0.401,0.625966985227824,0.575361343753258,0.348859569623019
2.098,2.19371292984208,2.62500209864206,2.67671366346903
0.426,0.312069852312425,0.487375102463268,0.239116456210454
0.657,0.9265104268278,0.822681304371973,0.647858093415267
0.449,0.655851301952836,0.557420711272648,0.456170381020283
0.68,0.468266678427939,0.500674738795903,0.628325639903123
0.283,0.284661175707083,0.329855713483993,0.440626644514551
0.537,0.587692586434885,0.650293514479087,0.427284903817589
0.386,0.372766806754283,0.39613782742298,0.529003768578038
0.649,0.458369955838351,0.542663280084948,0.915579048584216
0.379,0.277680702036674,0.413269851934135,0.452671850426087
0.609,0.842316422226401,0.745328649817698,0.668897609122192
0.994,1.27121796473526,1.27671331874891,0.591053711800276
0.603,0.674055657467305,0.637019643484817,0.945083586399021
0.761,0.712014426694179,0.843977231975137,0.487445277417115
0.864,1.51717389362278,1.21264844799285,1.38344011991349
0.426,0.423976577672983,0.453814466126611,0.369730927122115
0.797,0.812047186172369,0.727651930312647,0.438789203466024
0.552,0.73254727199225,0.645150438549124,0.497358822721221
0.45,0.690149887440749,0.816941977581504,0.44112805571636
0.331,0.496680292364318,0.686411040280086,0.850741532600545
3.11,6.00104483793656,5.13092627982867,4.97972342741379
1.232,1.64616992072681,1.24652585177354,1.25970174669218
1.321,1.55457054777842,1.46473487696811,1.33008898344244
1.914,1.99579858542568,1.5580579816893,1.49010808118578
0.41,0.498451062410759,0.500779864177935,0.760170731311757
0.48,0.639973330981046,0.589136102246719,0.939070640911009
3.96,2.60583333689156,2.79784683000388,1.8066171664434
1.869,1.20631641020656,1.22298001524456,1.02400633183868
0.291,0.286557912799454,0.397885310996193,0.277500558718081
1.198,0.705215183559274,0.815681762209736,0.653833768758165
3.206,2.01620764453761,1.75823319443746,1.92139021003913
3.393,2.13960229801632,2.01428397202762,2.80199003427805
0.602,0.827450369347023,0.61772833192199,0.276155022188374
5.21,2.35814119782359,2.27755369500428,2.65065761935339
0.695,1.34683756866317,1.07929998447791,1.0267431694051
0.606,0.308481907383311,0.466981629919084,0.490499745826407
3.23,2.72127609279952,2.14738930846333,2.57227246188124
1.863,1.62676950509108,1.5673366907465,2.756944344609
4.4,2.19830748886918,2.03093574040209,2.25536675793988
0.541,1.15369010424917,1.47021286385437,0.56764135966024
0.997,1.09047240227908,1.56116396540739,1.1727272251082
1.961,1.48417644667011,1.16530526280759,1.34190938427495
0.658,0.580945617146169,0.559917058343185,0.891328929638854
1.691,1.5587175358026,1.1651920511194,2.52286473562997
1.37,1.37976967537508,1.46421883448662,1.63865342254585
0.608,0.573619803410708,0.564481505309513,0.276910995035007
3.627,3.16541587127553,2.02345809071946,6.81970436024517
4.44,3.51444805684383,3.02490615095758,4.12774439580874
2.445,1.88217787920026,1.54725133810151,1.4209779682983
0.688,0.933724454464708,1.50602339343793,1.12018570936202
0.466,0.556988739108338,0.668857368900883,0.586155688886752
1.805,1.5665680343734,1.53333920515918,2.2541880981709
0.735,0.893866462796004,0.862926781904521,0.668997142612304
0.772,1.82562270008409,1.11518768396846,3.0608418469329
1.395,1.48415392438886,1.32937413739753,1.20921719251101
1.887,1.16222460375822,1.84016016017961,1.11018432478204
0.568,0.704203424871968,0.79940249442313,0.392259429003358
1.591,1.04620586023664,1.39531391474111,1.12290505676506
1.523,2.05316518717517,1.8907416488943,2.17782004613656
1.702,1.46944694320919,1.19898223680377,1.15535012967445
0.275,0.499257313593368,0.729174989958441,0.976737258431307
1.385,1.53914524064753,1.18800000892967,1.62073996456644
1.993,1.19531149044583,1.28834133612746,1.13471047428885
1.679,1.34128382665038,1.35174568542415,2.91966302298279
1.957,1.81642843863548,1.49205308705768,1.62215904426942
2.44,1.98029955987248,1.6223646422016,0.930218971173177
1.451,1.38905127614953,1.24404955885111,1.56774687248578
0.42,0.511291282283995,0.62205393750202,0.445605488795281
3.3,4.17073238503753,3.11396049428958,9.59822826724327
0.856,1.10847795617097,1.01011734365121,1.71833749404745
0.907,1.2413267728414,1.48468552216121,0.671350368522534
1.101,1.43429948515164,1.23463305066202,1.21550444171151
1.5,1.87535495625058,1.54634472366335,1.25342333926526
1.62,1.73663657692176,1.34224847405461,1.78343821957299
1.476,1.81019453737134,1.6868154484581,1.09088632934808
0.846,1.62360658307224,1.59700208018063,1.95860363824482
1.154,1.26083357199633,1.3263005100996,1.60044419420208
0.535,0.580585562596288,0.593763154915262,0.495483780108167
1.139,1.18689738648255,1.03140449911243,1.42677226446364
0.461,0.835775598896725,0.958446039304947,0.555719838167012
0.336,0.138396552471691,0.486566345330688,0.345852678451003
1.783,2.1570595070573,1.58231452556566,2.23085688975601
1.665,1.29918831735946,1.32232921127961,1.77894966997363
0.442,0.659778121081425,0.572658332888649,0.321968948668255
3.56,2.43604366436542,1.61056455941568,1.39418120988525
1.448,1.72574084813051,1.48304257418897,1.55331743663149
2.653,2.58492323250351,1.36293708648861,1.57373569425336
2.54,1.35909908399365,1.47708806613791,1.78925474987763
1.549,1.02484371003815,0.731010881094111,1.14325878740582
0.695,0.554059575405246,0.525615753108631,1.13209117630859
1.087,0.704045479198442,0.877875986054092,0.564502342718049
0.435,0.668844628883401,0.636585289138211,0.451638725792881
0.716,0.671666993774688,0.730305561318711,0.577821687070855
0.749,0.858575218185962,0.559776355250059,0.438524064470992
1.357,0.799002332525071,0.777134903949123,0.961699185174301
1.76,1.80025932085087,1.51831437299137,1.62263151038743
0.958,0.982570541207517,1.12384611003973,0.969526449399592
0.677,0.412184726986146,0.401482233694051,0.419731531880867
1.172,1.09223698388598,1.25014294648379,1.11688233941449
1.592,1.15937819001865,1.16672658980153,2.04198367948021
1.285,1.24714837191921,1.1702553405323,1.04771915548184
1.625,1.50450284718167,1.52377723047113,1.37680052873831
1.453,2.17925597729389,1.69436622786839,1.48354955399038
0.759,1.35443055660142,1.32495876670536,1.05575281121484
0.751,0.782321239443857,0.655654236897692,0.798614546282617
1.659,1.37079644948432,1.31710955004724,1.56884041550812
1.331,1.00550004075907,1.03072868670821,0.789666713976655
1.611,1.15314646994392,1.06563824174417,1.03988992585611
1.781,1.78167750327627,1.29483712964595,1.69616341847434
2.63,2.97037334125395,1.86407687281707,1.95939162285304
2.905,1.52285213371226,1.23547142306003,1.29824209080928
1.97,1.89113628547575,1.84862376842814,2.21076480691793
1.03,1.04744270531498,1.18966959245418,0.884943688345373
1.763,1.54877616411604,1.51342011069816,1.77580419831885
2.27,1.63940856568364,1.57862068186736,1.24266335547382
0.836,0.904762030686902,0.995352812927597,0.906355225474408
0.913,1.03471174416622,1.09030551889084,1.09211833313711
1.343,2.22588087983659,1.50520983729485,2.66904873217692
1.091,0.824977334075555,1.12635101135564,0.777941414736455
1.35,1.59559543714731,1.50518174812091,2.45177634440321
0.856,1.18452818019963,0.780018505266059,0.766306321450579
1.556,1.49314768220294,1.16845214608098,1.04772426096428
1.339,1.3191645577584,1.32681988564202,1.13253072615403
1.861,1.80875230419618,1.57764687875463,1.42584952399046
2.764,2.19945806813521,2.22983994162698,1.97746733381379
3.3,1.90109640139026,1.58579743706425,2.15147825395286
2.584,1.72887674582729,1.57425195346347,2.09357511484785
0.591,0.729527500811461,0.699060904766743,0.644067713916761
0.982,0.991286064383769,0.671605834090548,0.648896199184743
1.473,1.43277508927345,0.96612342014242,2.31207302811915
1.264,0.748785802948623,0.857092977341,0.696332665439785
1.073,0.987083921857565,1.07290742463196,1.05166218169893
2.08,1.6435677247975,1.20781457141165,0.996481652979691
2.503,2.95448320092047,2.30150896268182,1.36286670005048
1.746,2.52169015663055,2.40952507669865,3.05537927191082
1.373,0.713501028855141,0.879183784871215,1.06046973831682
1.541,1.30015520878935,0.965329418175003,0.925642355320201
0.487,0.495758270588202,0.604347018216871,0.836285991931825
0.758,0.991212328567372,0.907132203899484,1.57931067425036
1.098,1.31892767924715,1.2851264591194,0.882654771529491
4.416,3.23642586526783,2.36738191093504,2.25228958151238
0.569,0.566115005352553,0.604537265549595,0.366090326836366
2.543,1.3734907009233,1.35709347585889,1.68783635040289
0.654,0.765967740053722,0.774354710782608,0.579332991315047
1.847,2.07608789930807,1.47610244752874,1.91269502894862
0.477,0.43046469493631,0.480375678703751,0.420681555767825
1.136,0.929419373422252,0.828721094669656,0.925426484046521
1.855,1.99654968069299,1.56532779182466,1.5806475475978
1.652,1.54287495373758,1.48264349543547,2.40531163843729
0.459,0.430993967636777,0.503695856429476,0.313093286795813
1.094,1.19507437457861,1.18716899387633,0.937758023181081
1.357,1.10250332138009,1.03937342413065,1.15986192160866
1.488,0.832229418599139,0.926225484132891,1.34914097241057
0.745,0.567618384341178,0.477905102093898,0.456598193067814
0.945,1.13218568908571,0.851270261221836,0.57317710817725
0.793,0.800679517870813,0.76784861462178,0.702389744070446
2.017,1.90024452693158,1.75775001809274,1.68839251060132
1.035,0.763309133990607,0.955359884117229,0.686939266684008
1.507,1.31981397580365,1.09072261306927,1.27938726906989
2.323,2.95011892235109,2.01420411384311,0.959422717786376
1.043,0.949889959760096,1.05813535866823,1.04525635741924
0.409,0.387317406619334,0.420196537038984,0.699849784962018
1.304,1.52042763118003,1.45741450465536,2.2562168784118
1.428,1.59922445687604,1.46784243299232,1.71197980389357
3.587,4.67562572058896,3.36091588444517,15.2511565411839
1.88,1.65473412609791,1.17425920225447,1.57536285856874
0.361,0.45455326845636,0.526150313103241,0.271899302744164
0.608,0.625344705329928,0.768040845374997,0.721375304032699
1.758,1.33929265085961,1.65162628625143,1.24548704173936
2.27,0.853342297850389,1.2007777155527,1.02037915839414
0.675,0.772565670569036,0.910222667549296,1.47380844837
1.353,1.45409340092667,1.21497551195663,1.15581316386085
1.491,1.55864879342334,1.27639244754482,1.03472251333955
1.035,1.05895623891095,0.922280635205039,0.398551132472683
1.246,0.857627625223915,0.881726220593021,0.878945676721743
0.953,0.689509602019982,0.70022040933815,0.631451940380932
0.629,0.755917561704276,0.911913314129174,0.545335473183855
2.781,1.99963512348965,1.74973367610145,2.84421814072186
0.933,0.646717185134573,0.822567139476755,0.693626224955598
0.708,0.666288337950238,0.651198754995208,0.603163315348482
3.064,1.78785666015776,2.26493983487469,2.0742092642471
1.222,1.25802205036578,0.849999846788712,1.12859075413583
1.867,1.75193638390157,1.71142426047631,1.38956468402123
1.413,1.35286285592543,1.1747493042137,1.12028796255042
1.741,1.81675167135219,1.46696885396548,1.81470482290896
0.483,0.414789632721028,0.454289049702264,0.839548935651503
1.691,1.4476076889221,1.581759714051,0.94532019579923
2.83,2.51682150115229,1.22060879551856,2.30895699050982
1.376,0.910543262532241,0.770781434099111,1.55939685817067
1.331,0.832907310100507,0.526000112713428,0.480213037781425
2.143,2.32221691118969,2.24991641437374,2.81930201325154
1.261,0.983810469268456,0.754342658932543,0.868038620256972
0.49,0.900182831096447,1.12509880440802,0.411910122691302
2.135,1.43120528614964,1.55295222170212,1.38757058674576
1.471,1.53182791748383,1.27767274707525,1.34815234518299
2.247,1.75238038925732,1.20971404385712,1.59342824382389
1.134,1.20583618975123,1.18303829534548,1.09237871418189
2.327,0.974231015286683,1.22302519337601,2.42225019414325
0.548,0.467471967132571,0.485481959604283,0.533434913248323
1.123,0.791925739773174,0.42632702351206,0.435171370123759
1.935,1.20681345788934,1.24585419825984,1.36262993862305
3.721,1.32159362364733,1.27902785521189,1.78754261313138
0.597,0.807848601586951,1.0261876329605,0.738435127885836
0.649,0.670297117270009,0.715592144517093,0.449987594843189
6.932,3.16549985046079,2.11731859023234,6.32226062381008
1.482,1.55658920400719,1.3351186919658,1.487335774085
2.455,1.85529733007795,1.67887108918932,2.28839782652757
1.669,1.16292335318538,0.969789518926188,0.834347523624921
0.939,0.712306756180372,0.825668823049315,0.83805756595185
0.638,0.931615039373602,1.04368002889949,1.26015796244371
1.193,1.37566812711562,1.37525901707102,1.38100573155328
0.73,1.0370847562972,1.08115337533739,1.2361133309186
5.07,4.22513508949852,2.62019961957524,3.51282953722406
0.479,0.685130424623542,0.614248290408591,0.581908275833873
1.133,1.03356552773737,0.936167375739888,1.53541968949823
2.03,1.50351974255997,1.36553543692806,1.31724258082895
1.521,1.424928099891,1.17361795882782,2.63092911740628
0.533,0.850460916178504,1.06222404258512,0.738612930321364
1.254,1.35539851520335,1.23180571252672,1.435003185839
1.099,1.37290195497979,1.01452799810471,0.938199428619432
1.788,1.75346554400065,1.74066125103071,1.31960335018906
0.622,0.950514201238259,1.00850423428227,1.6638585182118
6.1,5.09191522284563,2.97096823095877,4.34522304024011
0.443,0.919330870698769,0.992695995652222,0.826446879715368
1.997,1.75552915532902,1.60637430847014,4.11102417502766
0.455,0.969475533802019,1.00113249115774,0.756435058123361
2.02,2.06263512547173,1.39084348918527,1.45429988745718
0.457,0.658618841486054,1.23833145990052,0.752768660802031
1.187,1.00852566445909,0.867254116219053,0.860385630698673
0.356,0.389282272141397,0.503506487503442,0.464844355624347
0.532,0.503567854402052,0.538671306752449,0.429985774857674
14.05,9.61350228591257,4.51736728138874,4.34195607545173
1.842,1.90298687770024,1.69073936305424,1.65273701722072
0.763,1.05667512448235,1.1943910338316,0.768471430508546
0.711,1.13467110214519,1.0989320698363,0.910123265033241
0.954,1.26671528600502,1.30265104286254,1.11444410299752
0.873,0.764541251105271,0.65996110826765,1.01048779749365
0.589,0.822713616207857,1.0211122202374,1.15318430764841
0.869,0.870929585420401,0.932008318412286,0.970667339161813
1.946,1.2225814262412,1.16396988603731,1.34230091568242
2.024,1.75421327722172,1.28828417081296,1.37046318422504
2.528,2.12923256401208,2.63127881191274,1.71689670882338
0.636,0.433481705157409,0.460323713356687,0.279284157581796
1.717,1.35678815091691,1.16006421479419,1.29110340949649
1.772,1.66655109177989,1.27005386731715,0.543649830840394
0.507,0.340795112768359,0.575291420147947,0.528215807670247
1.841,1.90397300660136,2.20171975690311,3.89654726349354
1.838,1.7584880304757,1.50335713517915,1.6482228222697
5.16,2.05489685824792,2.181778298719,4.50542885500753
0.787,0.992020882876156,0.9559929659109,1.32412466143554
8.12,7.01182064532247,5.23146037963945,4.28711794627819
1.393,1.35087377247844,1.53892667176451,1.43439023943738
1.734,1.682301813848,1.92104764774274,1.47809082059701
2.28,1.45319137680903,1.30725123306743,2.61448028632668
0.793,0.935673447271286,1.01786575096426,0.906432107627534
0.577,0.777669025942022,0.944912223960545,0.53195292061409
4.14,2.96951574230481,2.83716320905473,3.92826704535329
2.11,2.32162631940489,1.68903071377637,1.10572035386389
0.413,0.355854131164559,0.403245669673175,0.287297500752164
1.786,1.92843682895876,1.49079772487433,2.27191501273094
2.641,2.09807562457292,1.48168043992066,2.50697488499202
1.207,1.09781777187894,1.51965560230756,1.54737631301318
1.09,1.17188970702191,1.00145350971868,0.624417921568834
1.038,1.15404428409685,1.50490064546818,0.988433650736111
1.621,1.44128295383502,1.2064716749903,1.33730299897319
0.615,0.518382892096036,0.433128542723571,0.731458350336207
3.73,1.62040493376867,1.35512722378662,1.23554434498697
2.69,1.88933500388605,1.31797587652225,5.67489046307037
2.38,0.534291077736556,1.0513470947288,0.758168369430667
1.145,0.962329619401148,1.11683082956164,0.717838626906071
1.359,1.23986309605087,1.18891396594229,1.9057700609525
0.625,0.771435034132636,0.963135269353472,0.516647093482493
0.918,1.01870308206962,0.88047491412606,0.989202924781908
1.707,1.67748125054979,1.288221623466,1.7248944242401
0.291,0.17225999481946,0.337159488613599,0.265326486097762
0.817,1.00247925338741,0.897358012627641,0.990220897585974
1.145,0.84420644140485,0.98437986759113,0.840352868634047
0.768,0.666674672855921,0.806361532611576,0.55862548526864
1.067,1.96451140662589,1.83891527781423,1.96459221055031
0.511,0.766097458055091,0.687866055372361,0.671783771932522
3.118,2.47362694461355,2.06737528453125,2.08378948435748
2.25,1.64243020787922,1.07628294106043,1.22092385909629
0.671,0.880515368498166,0.936764394782217,0.898644989528794
0.617,0.424611417319613,0.427616229534859,0.417726668045004
1.738,2.01227697072721,1.99253015011099,1.76716194342426
1.87,1.28503016138949,1.42456769644345,1.40911392168275
0.685,1.42108722591852,1.17504155680243,0.991387430349275
1.753,1.8023215866217,1.65083012070188,1.47152449987228
0.709,0.880914180437854,0.991962899653898,0.914632457556134
0.947,1.23398763674799,1.27793349635821,0.865042457438034
0.58,0.543936806566029,0.454543997516102,0.290134220096791
0.446,0.396940770847941,0.459812548077131,0.442835203069439
1.202,1.01897978057616,0.74875239107268,0.934574876305231
0.375,0.390743499395445,0.484485293217225,0.319667886085539
0.454,0.360717856320136,0.522393272241374,0.227744735702901
1.369,0.878272251462585,0.79530080949796,1.53234030228578
2.042,1.49763727943926,1.24594045704431,1.46126904902928
1.235,0.795511941303314,0.83872145673649,0.68429863719113
0.794,0.743137608330348,0.670694119877614,0.849940072378635
0.605,1.5722713840376,1.35377204325184,1.32065943020441
0.621,1.23223456715216,1.18514077403678,1.36105112001625
0.382,0.276753794779855,0.361443009454224,0.474146504058961
1.473,2.11452704194349,1.33235222093035,2.15640439568372
1.246,0.933348958742476,1.04210453797231,1.11201034400466
4.176,1.61876247198851,1.80558500743382,5.23850885718391
1.053,1.36821168080353,1.34983872246845,1.16539826970223
1.2,0.95088547732004,0.762197802267933,0.671285360209263
1.308,0.7947692590516,1.06951231637338,0.748799523938171
1.128,1.05653306262121,1.15025923249713,1.32592145476817
0.876,0.716337135138758,0.713305045026719,0.567306925435083
2.31,1.62582416392607,1.137515561794,1.60938391463239
1.431,1.44952569230896,1.27493895933027,1.23146225526343
0.597,0.812145137364748,0.966525368812813,0.810418816031768
1.736,3.05944575088429,1.71195364668281,1.71261290260379
1.981,4.68973657320493,3.30617699783076,7.57247394929004
2.45,1.93846134983292,2.39019568306545,1.81164559196506
1.591,1.35294524970551,1.48892239321704,1.21887565037112
1.944,1.69790584526291,1.59440420144761,1.60649901544419
1.225,1.8050194380947,2.17457543627296,1.64668200445554
4.564,4.82805695007648,3.94139889039433,5.92477872979732
0.647,0.786032246534792,0.768896229033614,0.851492450825521
2.016,1.69988979948802,1.94134601885359,1.6578470557762
3.54,2.07072649736796,1.65030172951207,3.82281204729173
0.693,1.65278897764816,1.49904194418676,1.42279171939285
0.541,0.530552978237526,0.51175648262862,0.362632053107406
3.287,2.13835366452631,1.49572493439731,1.89655720353995
1.473,1.28625031146892,1.26187302473128,0.91162744724384
1.11,1.54603548824734,1.80582914384086,1.26936886527751
1.617,1.31098166085941,1.00115680330225,1.21399045783247
1.658,1.65231846753374,1.63820102650299,2.10439866797236
2.21,1.30510375227005,1.41989615642549,1.68925931784777
7.22,6.59182486465537,4.50387779335269,3.16964070240761
1.54,1.52823683685127,1.42736455084739,1.51457323794928
2.303,1.46470091043043,0.998874974929133,1.46225770222398
1.549,1.48552736469286,1.50342819531829,4.02012752213026
1.893,1.29259513808814,1.3068970191702,0.930414027709942
1.493,1.82388180963686,1.56647071499565,1.73256604341688
1.456,1.0770251613993,1.02770306978718,0.603794302052703
0.645,0.564296407204796,0.583778401153658,0.448628657235111
1.888,2.50547992751101,1.41367841365776,1.24956606685634
0.472,0.603063853229884,0.754794939543319,0.744053031710867
0.639,0.441736698263765,0.41637160652586,0.613852100769055
1.339,1.41680616163604,1.38349885429388,1.75093274792162
1.158,1.17306130631037,1.12046367671787,1.25351314394714
0.961,1.62892449446817,1.63565051629669,1.6970399158136
0.474,0.696663192425031,0.598652152709506,0.779237179074806
1.298,1.21681762664596,1.32421731544499,1.07151077532231
1.378,0.837678610532918,0.914616666733293,0.927116367693747
0.556,1.34605240114664,1.0202261355041,0.404468698401349
0.34,0.572285443408104,0.519055265085203,0.359428297612367
1.258,1.92435026750224,1.73013991882401,4.11159633916382
1.222,1.69345209612653,0.785916920218576,2.81090075294299
1.393,1.25009619943461,1.53016126610054,2.16056757968004
1.246,1.31932124240698,1.15557357197708,1.01660759175547
3.133,2.27805370015586,2.13804733717529,2.39260387068461
0.738,0.605510409958,0.712681259094107,0.386618181745615
2.262,1.23711451302153,1.20283743686921,2.09138305366749
0.48,0.794136812356007,0.904428060734491,0.85665661347011
2.927,1.08438579342817,1.28571056796382,2.96603073345181
2.807,2.0572673710501,2.00461127839755,2.47471911213481
1.694,1.45640933639989,0.847131362349699,1.41985098425721
3.176,2.98443695259139,1.14501558828533,1.27473502511645
1.104,1.1306897072622,0.916498264643551,1.07996073088758
1.139,1.34767275564217,0.823837203761174,1.1488728476777
0.635,1.16326137496709,0.495901733185035,0.672237223706762
1.48,1.34740564984991,1.09771935289485,2.09203791067849
1.276,0.955088155342433,1.12354930039096,1.16290597934208
0.674,1.0897731451326,1.24692893367228,0.897399514889234
1.312,0.876588284679636,0.851205362465943,1.50691315441826
5.051,4.26928123582702,2.24163478814738,12.2444140252692
1.404,1.65956984125018,0.931364314345315,2.40688925599319
0.972,1.28761461247187,0.742992730055375,0.995834565629822
0.712,0.805265331478915,0.638034647253057,0.878479470089438
1.584,1.46439251769467,1.30512653210024,2.14359397597834
0.311,0.626087380188128,0.788709649341179,0.586206504367507
0.525,1.18946244452503,1.07661957412859,1.39909494040479
0.271,0.77057249906823,0.612757045017561,0.423489554144223
1.65,0.991228686585071,1.06669409344722,0.685216126726421
0.5,0.722891449652079,0.884223938907271,0.961009265310115
2.026,1.67679404010407,0.866411201925241,1.19346606494193
1.541,1.43427445317767,1.48929650853739,4.88393214425743
1.487,1.87201527793235,1.47719418020522,2.83170690763588
1.542,1.33147376045909,1.33988126955049,1.50355845641921
0.501,1.03557746049537,0.744945423103028,0.421562935247774
0.419,0.501922939292921,0.585873714798311,0.526355055750638
0.684,0.82471917006381,0.704806243402725,0.956253929426795
0.454,0.749413442460749,0.812548856671562,0.475505297267874
0.354,0.383388889644829,0.451552045835305,0.419824931975451
0.641,0.613580292717499,0.681246466729398,0.538407189297836
1.665,1.16832832368226,0.95869114075381,1.00804716586631
0.389,0.36997804660576,0.374859723003137,0.437158944853397
0.53,0.725443382952197,0.78742122465244,0.678516335863947
1.1165,1.18772797195386,1.13909051491791,0.958871313252617
0.412,0.387743738024527,0.445369064967529,0.306764773966682
0.298,0.354214693601098,0.466800367177408,0.245626343606864
1.347,1.06065460230035,0.753599489443079,0.814165006740512
0.37,0.777237350639435,0.841870849658118,0.74853244021393
1.334,0.997017526646747,0.768209320374396,1.0684301992123
1.544,1.81481080729425,1.25563665859871,0.806679176909062
1.072,0.964849483897253,0.478636904220481,0.375321133566002
0.661,0.729462178740849,0.743717778093919,0.296126210311747
0.316,0.517905184718593,0.677672270572485,0.573582365262248
3.84,3.58902425137748,1.89292182703927,6.28479719241394
0.715,0.663057931021919,0.623745161171455,0.430488570651306
0.369,0.639938368380633,0.425094230162183,0.52828788646016
0.528,0.785527449732526,0.729718372750509,0.677153563190441
6.423,3.08819090907315,2.76767655022886,3.06009193285056
1.828,1.64515957620936,0.740968844639833,1.50658925859196
1.022,0.897758942907134,1.1364735643211,1.20976617995541
1.514,1.23007813472646,1.93970982729834,0.933421492669603
0.451,0.747551562454952,0.784842409919548,0.884184868057146
2.29,1.61843523862966,1.23909322924409,1.2794255544429
0.977,2.54875967270867,1.75112496093063,1.88643876837981
0.62,0.871034502049945,0.846396133648824,1.06729249466858
1.397,1.818117024725,1.63382873335868,1.49090200597048
3.3,1.73939057859478,1.78656900963333,2.76267824646124
1.304,1.25556888200593,0.670082879549326,1.10646806748833
0.63,0.540896316259206,0.494404087971495,0.465666449344371
0.41,0.967828025949777,0.910903289853055,1.17035886823138
1.314,1.18421997210392,0.874809519551883,1.29511909566198
3.099,4.4686523255329,3.63770877187746,3.58628654206005
0.429,0.660878374527369,0.662309181128566,0.524953242368068
1.079,0.871912240146436,0.956890067605355,0.713394228665701
0.543,0.796817845667829,0.975086618089997,0.799675061412655
0.835,0.930498962327287,1.25289028019896,1.01440134591402
0.407,0.746123080698416,0.666771291578408,0.576039219090674
4.319,2.43835384528082,2.33428098575603,3.46255656330929
0.413,0.54861973811212,0.580528308277388,0.590462212850689
1.475,1.10426071033609,1.15441649129194,2.01944770787025
0.587,1.06096195292015,0.973793856037059,0.908862079796324
0.949,1.12141193260868,0.95366234700479,0.974024314525128
1.091,0.787050093363157,0.679543754083676,1.13821079232849
0.313,0.332136740555675,0.68925526179153,0.687335308455495
0.328,0.336195779345043,0.468396381012495,0.294367943535644
1.251,1.26904216702266,1.37960370469866,1.75430926897518
1.24,0.969932081588334,1.13483764803419,0.741551226013521
0.747,1.1017489495273,1.00219032481276,1.07744472224144
1.008,1.13843712792944,1.19889899887618,1.33789594375412
2.06,2.48307121119804,1.60337997533913,2.69706542150761
0.929,1.12410330405761,1.28107327906084,0.67467527657913
0.401,0.307395581717585,0.333143681877247,0.260137612117525
1.928,1.51728496223055,1.12136631811097,0.671029316370617
4.353,2.13001603571691,2.00657817920864,2.14531743094424
1.432,1.648320200394,1.31419029668013,1.26619303926425
0.471,0.657988592246523,0.586676780803686,0.520759706608535
1.227,0.900586176888258,1.04395562485466,0.743660128400315
1.107,1.01365306488326,0.83627506239074,0.662971781037632
0.398,0.792978606904261,0.586358410166575,0.82290594650798
0.733,0.843868636508971,1.0651921438652,0.488271724488625
0.999,1.23293608939253,1.1749134367224,1.04678883163158
0.293,0.587279505513111,0.695783432207046,0.511213229036821
0.632,0.694187322132035,0.677798405345294,0.60471317634781
9.82,5.70472900774697,2.40229335367266,5.96815727855149
1.064,0.97907957089064,0.787242192717142,0.650913967086544
0.236,0.386712733672744,0.4690486629048,0.374424292872412
3.845,1.95159578695483,1.75593737867205,1.21500550542955
0.274,0.278774272735141,0.60370834324657,0.357038955707592
1.156,1.20008520631154,1.27202502821338,1.72054897493911
0.424,0.654767614122535,0.679816775885028,0.341047900634375
1.504,0.86377070524007,1.01616221246229,2.15876770604477
1.643,1.35904661386349,1.48392667393317,2.01229907604288
0.636,0.724160496729095,0.748100533085092,0.827820401834532
1.016,0.876621458957548,0.678523938668387,0.837781774488867
0.778,0.90701482915364,0.755788438422335,0.915120968309124
1.467,1.08072352646197,0.628506145694055,0.907633609050003
3.155,1.44198786715065,1.25549851238879,2.74296298120651
0.495,1.0043018512903,0.464097184772283,0.580691755523262
3.75,2.05323766630877,1.28260121760176,1.56507365628208
4.04,3.08190887530726,1.55642878149088,1.8489834072562
1.127,1.90631328573856,1.11558696189037,0.932323259718245
1.898,1.85894641795248,2.5525570253646,3.37999147217615
1.051,0.934529139022183,1.18234065208052,1.6163255757862
1.117,0.810122947417257,0.805936072467268,1.17185540256978
2.43,1.34449531418629,1.07129561828267,1.7396024145181
0.909,0.333021541796609,0.329664994570316,0.404166489846847
0.551,0.49578646532856,0.480226494254485,0.871049892059468
0.914,0.507960277528146,0.548497482654325,1.01852650233172
0.56,0.463535026255651,0.625326994833127,0.137725733281238
1.028,0.88823571359512,0.626969460158322,0.81356029412138
1.372,1.10741154236139,1.13425970608444,1.00604453144298
2.799,2.37607684915729,1.87263554832776,4.79413834015867
1.575,1.30208637297147,0.798208393919955,0.872720550521042
1.032,0.92743925601104,1.12873097201366,1.23973248671856
0.494,0.198758397373261,0.41032895236501,0.165775518575561
1.06,1.05440799558582,1.18194934372535,1.01343347921684
0.503,0.442614351266944,0.485386883337962,0.397627538767141
0.601,0.515210851271015,0.478452938809254,0.46594509734184
0.345,0.48096995630458,0.663158442527451,0.722132286206795
0.754,0.756468771516036,0.924521493248542,0.522748574853034
2.68,1.52554122910043,1.40443699946421,3.08880651515567
1.445,1.30476044813981,1.47274259706416,2.26492812779429
1.606,1.20822686792131,0.74094258339038,2.06128563643813
1.217,1.30744797933968,1.31728571944225,1.19213952420582
0.551,0.85265320497621,0.788338020341608,0.676222901680343
1.485,1.32539252638943,1.25742774378566,1.49035245110085
0.685,0.775767131467496,0.865655106957793,0.363954725227276
0.584,0.60074578566209,0.56678326694342,0.739387570698174
1.131,1.69013390687005,1.38218288854147,1.42289826101448
0.548,1.00984017317181,0.843444939303836,0.975752547587302
3.829,2.05710511256148,2.49141647544443,3.6153701479657
0.543,0.362209543336953,0.401850268656187,0.379121893495949
2.688,1.62660589432302,1.34190086287929,1.80469814434985
0.82,1.13304297825184,1.29193993687086,1.19767093859213
2.38,1.76725695313764,1.6988737930525,1.57385433436944
1.14,0.958162350120796,0.723367906796098,0.632727434847349
0.958,0.688956203986521,0.699416812196887,0.760683310077715
5.824,6.25891014203951,4.27739801774852,1.6002554192078
2.306,1.39574999540672,1.4668767907973,1.34470872640389
1.084,1.10286368378805,0.710859304018388,0.823719083461689
1.515,1.26556455583215,1.37129159480647,0.792450386727074
1.856,1.29545072574391,1.09228830546639,1.09854591152001
0.981,0.689697120145708,0.477591377861921,0.694220949496929
0.631,0.983636171226504,0.581218292171995,0.687286754167703
1.675,1.04627301926102,1.08211343224353,1.78705374575688
2.054,1.55872993321202,1.26193476934674,1.58070182225795
0.701,0.810133432650419,0.862107139596692,0.577123845649854
0.398,0.71650198283759,0.57289588594698,0.583224221569367
1.756,1.13169597014393,0.937276988968728,1.19684566390403
1.236,1.89577017597729,1.25287740523868,1.62543011829696
0.763,0.730423317874247,0.855294546524644,0.729898695670156
0.388,0.507927120005405,0.497465734999035,0.534448504792016
1.47,0.815917701529197,0.787788767494354,0.803926161541312
0.863,1.03370426308825,1.09374293325418,0.652509249685651
0.952,0.757837720602413,0.874288668024443,0.987968899733733
1.51,1.12587426514398,1.25118936527129,1.28923842843372
3.414,1.64518599997717,1.43787295175823,1.01706157418203
0.579,0.777791027141983,0.860134036297766,0.575483855670978
0.784,0.90015939311444,0.53210497097627,0.593392273039535
0.696,0.277691109533268,0.493653354102792,0.542138969590416
1.766,1.95989306490956,1.60767243276291,1.57493170567297
0.602,0.9677748665974,0.849956542946668,0.687363953918865
0.775,0.799266987060257,0.953646517605397,1.46503254903183
4.73,4.65747636439828,4.26435831242125,4.98961098051736
1.366,2.0511482720364,1.78322275892139,2.1369672219143
1.429,1.03451273559658,0.798422831778995,0.928600887342019
1.679,1.86733996714581,1.09547209453964,1.01655362652343
2.38,1.70636595170872,1.14386968809837,2.65710099688122
1.741,1.25036343090061,1.15805539424709,1.17640410871305
1.886,1.46812927159947,1.28612108770982,1.9147445500505
1.801,1.40074145712477,0.955543025077784,1.17250457930747
0.849,0.632757943166039,0.759285478976703,1.05074926767622
5.235,3.44616660059678,3.57301514031663,4.40168221184644
0.52,0.579185892671233,0.695669442213072,0.507031021856212
1.157,1.8837855844312,1.50616677797082,1.60657197427265
1.336,1.8287291170793,1.46036319569197,1.93016048428438
1.694,2.36016139259934,1.38595971582267,1.55910202136249
1.788,1.17871138243995,1.33670475620344,1.11170295442922
0.866,0.864015239271128,0.781874715282961,0.630349924545993
0.881,0.727689820844027,0.659663529406932,0.405949096835465
1.523,1.3928718700041,1.18129801798759,1.50497347192517
1.643,1.20105537994941,1.06446678295612,0.706656584503126
2.431,1.81411625718328,1.60374611640012,1.46205475521885
1.821,1.43504393270113,1.5724355914185,0.821660802541651
0.746,0.531276862027085,0.51473044062934,1.21097267309436
3.409,1.66391866779436,2.4194796774946,2.5821595648643
1.395,0.652924616412177,0.88020535697815,0.384793271282324
1.413,0.770369713628392,0.828597627007205,0.788886527485488
1.268,1.18897670371777,1.28552236025149,1.86874150276634
4.13,5.90770915985073,3.91906893812376,6.68763692298585
1.856,1.16732020557008,1.17118804175608,1.54352259308715
1.65,0.89934169617585,0.740102631842818,0.841512305000017
1.789,1.83151789106086,1.72476582629323,1.14772360283985
1.058,1.25107944507982,1.3928621774642,1.50819535454027
4.185,3.13241279129967,2.71156597297099,4.70851836174985
3.144,3.46560079474475,1.99132314434646,3.59062621243385
7.146,10.5855688172504,2.9361764817103,1.08498374999476
2.02,1.72196955731759,1.91000770628427,1.82388012245195
2.18,1.24882597544789,1.33965524131862,1.27497928856847
0.583,0.675512983337653,0.702829826590889,0.563788600578757
1.701,1.39407058136722,1.12454909736114,1.2852402683445
1.496,1.81603013502767,1.89192174849553,0.781453702708148
1.894,1.70417658247713,2.09818010799232,1.33499009099144
0.385,0.424847696454391,0.745357447133387,0.945759793520744
1.356,1.5012833096058,1.32585868919338,3.04812341104504
1.106,1.12260009662597,1.19730184615512,1.0963030932687
1.648,1.55325106187694,1.36360966788723,2.15145908531285
0.726,0.867586852406564,0.913618165472537,0.753031880332861
3.86,2.03247567840245,1.60028619625428,1.60781469788596
3.057,1.16663121533565,1.36981764113656,1.08816410936287
2.09,1.45208664592915,2.11734133323137,1.9172011312016
1.487,1.34724062574369,1.57904874696107,1.77135373583124
2.175,1.81391062773458,1.84122640486313,2.35467750172051
1.529,1.32044998149023,1.30806038787985,1.31051126070975
1.372,0.966587888212139,1.10549714877213,0.993871708932403
4.59,1.55421070668175,1.57811117884451,2.74663665189814
1.379,1.52707654923001,1.22938407272268,1.13416329941278
1.616,1.18942669084575,1.00551270728888,1.02870380347566
0.993,1.4245901869076,1.19980029752589,1.73322771150751
1.546,1.10588641935683,0.969587185769364,0.757917611769344
1.048,0.779637369678505,0.719964739737482,0.838308188157106
2.701,1.66030654706842,1.71532227897561,2.52615362521551
0.558,0.219246315251612,0.36671580915558,0.696153927217347
2.88,1.19575761343964,1.25046468548525,0.899415816129288
0.383,0.745412645079434,0.527601119795026,0.550179600263066
2.2,0.954241745141761,0.727103108775744,0.734810747103822
1.885,1.62753529795469,1.3326862401728,1.72306791175127
1.596,0.73341785198042,0.488012304874118,0.88446892041352
0.55,0.735816434300111,0.731166020295808,0.547323576674292
1.944,1.5892366075355,1.73447390603236,1.75459544367339
1.245,0.721662134998776,0.944705673837238,1.35550741933449
0.864,0.91609007441811,0.950825856260681,1.58713794463031
1.317,1.81376581752166,1.69378560145034,1.86585257814
1.602,1.44677090365515,1.47305425800403,1.26191452405328
2.394,1.30339773176264,1.39622021751454,2.41694977801355
1.689,1.36570390807893,1.3385692093981,1.35309049148179
1.684,1.84263000345274,1.37713209845687,1.8667247560333
1.72,1.95487654793009,1.89369238931213,3.99625650020089
0.604,0.694440662873003,0.539234519158229,0.558844855950699
0.714,0.68536718895686,0.785025089050817,0.511916252707375
1.196,0.909512688564042,1.20993996259819,0.87757891027517
0.656,0.374625341511622,0.456751717179606,0.295138735207083
1.161,0.872721188735855,1.03885977036931,0.852271142889612
1.928,0.91592464681602,1.08919062684335,0.899289063768448
0.598,0.720790047922253,1.00250098951696,0.659466976447892
0.811,0.928024610012507,1.11028007875012,1.32239139002638
4.115,4.31237454994055,3.03221606581659,4.46580507400916
2.648,2.38728882041353,2.42020247175163,2.46823817563604
1.236,1.12819520665861,1.00648295950604,1.25464923813042
1.221,0.977855779512319,1.23405307030385,1.30837988365089
0.365,0.527932072465659,0.476667216217067,0.610359641811936
4.243,3.89641813488304,3.58515314484701,2.22326911326952
3.36,2.52434148336826,2.10579416624888,2.96783245972949
0.292,0.44193562694117,0.681283929862379,0.453051618347618
0.315,0.199691394988714,0.338085398740192,0.484306063104563
0.987,1.0513242195597,1.35348701352094,1.03258973379102
3.26,4.22618260383346,3.63257399966889,4.39433746953237
0.359,0.594337360547162,0.759912396089404,0.542664033852568
1.612,0.771779920124868,0.751629777801839,0.903126169029809
1.784,1.64129777864179,1.39816955131463,2.26224686516101
0.513,0.536322482527947,0.493162489869417,0.425652809110449
0.539,0.891543653062398,0.922101087098256,0.468381651488742
0.24,0.477699468418629,0.673639518210661,0.679857745132088
0.363,0.735868863125424,0.721496071263432,0.557339916837899
1.834,1.03666032848357,1.18786567791237,2.06912595061444
1.392,1.29062949196602,1.29461791397535,1.51192519763355
2.21,1.50911270947659,1.37835521385694,1.41606262899064
0.568,0.753247800982526,0.97262411549124,0.640303528542915
11.66,11.1865442213558,5.67071262144693,10.6378520630149
0.339,0.516067692062979,0.484446231854143,0.363921406019652
2.34,1.5416215782058,1.09688024288968,2.00003158842984
0.476,0.789761190759968,1.08221726189874,0.81738920388753
0.386,0.37431494392738,0.458816353607913,0.280240895572981
0.738,0.94832698981732,1.01774933411469,0.79090499119079
0.608,0.738179689887537,0.799493885682553,0.645370677857953
0.579,0.7551092152084,1.01066646938951,0.93756024653541
0.344,0.664575079097052,0.665392303657008,0.436144132694456
0.862,0.936946763954912,0.823170941764836,1.13969703281698
1.585,1.97255366322286,1.83310003528703,1.54348469537616
1.932,1.52182593956152,1.49837027659725,1.40219874682965
4.011,2.7011444985723,2.93793358358192,1.67763334738549
1.475,1.02268082146209,1.21572468140061,1.48067526166991
0.263,0.403282016274136,0.394001662211134,0.165716617019654
1.753,1.78708816670742,1.32972348630116,3.00086347327963
2.318,2.05153490974925,1.76979411742549,1.69616927653878
1.745,0.183098409589878,1.13621016966552,0.625483852801752
0.513,0.619183421103725,0.757162889270219,0.464199483645783
0.377,0.522772884904064,0.817654090842477,0.564855771067917
1.285,0.89171667448251,0.935272789290257,0.652345122846477
1.377,0.994653107516871,1.20802885304486,1.41410674725751
1.404,0.894841392762142,1.01443975282291,1.05224837966683
1.24,1.2346580667981,1.01358177093522,0.547877611030642
0.873,0.731633257474015,0.770392694367176,0.855084587296458
1.705,1.03849683207435,1.06919045114688,0.916185194267513
4.75,4.27921485729206,3.054912465176,2.84098638740679
0.594,0.769561491741731,0.836176215720685,0.665599087022299
0.363,0.630807095248815,0.669299057408797,0.585016939902116
0.315,0.560560431490632,0.717147650948611,0.563263459031512
2.92,2.20903638603873,1.90549062815041,1.69639501806306
2.825,1.44170466259111,1.50979739495877,1.93313464207344
1.476,0.98649199623901,0.97829873305702,1.11149190435568
7.421,4.23110083661426,3.61151992861935,4.13146213106469
1.351,0.772987786686203,0.823534422298801,0.966493264529873
0.925,1.11960034067408,0.780401774810948,0.746290156192419
1.256,1.08023642098523,0.799999837549428,1.42234122165676
0.641,1.45454461482894,1.21964513277479,1.97053166428426
0.675,1.08864668717304,0.952653988582059,0.702854326038687
1.879,1.34697780636266,1.20601758164753,2.09810590558283
0.365,0.445756969559405,0.482401192817627,0.569405659314672
0.666,1.32326555058546,1.09882940533938,1.19522177747224
0.643,0.566419608398903,0.777735003078395,0.382019399042313
2.182,1.92474857174719,2.46859718574558,2.32792246656218
0.276,0.366882853390168,0.393307884607165,0.48074807585116
2.23,1.10040298316688,0.906901770882835,1.14708261398952
0.833,1.01052882186787,1.07162286046548,0.8862620859448
1.448,1.21992679049835,1.1011455344283,0.900625390306319
1.548,0.361663571774754,0.764056142374347,0.675836910305861
1.197,1.24008430896203,1.39875747172795,0.838134182563524
0.828,0.633290676378627,0.924198013723339,0.889729978411635
0.372,0.625218790618615,0.599301693082984,0.611404816005852
0.72,0.487049342829271,0.554169620188037,0.563108234216299
0.466,0.517359516615171,0.52004021540913,0.571739367443696
1.17,1.03483661853436,0.96217882589205,0.908420917869642
0.396,0.373635201811002,0.423806254945304,0.529420536266687
2.78,4.09416717840071,2.28983081036011,0.838604096286154
0.572,0.860386855106059,0.683486360193501,0.653807029899782
0.464,0.929991549952448,0.751379289525067,1.16829746592034
1.054,0.598722146915467,0.55489809781311,0.574313049925182
0.881,1.2798791917993,1.35533869884229,1.02675276388823
0.244,0.440415502213354,0.489145573916835,0.334808334527703
4.83,4.57744251468909,1.98050751424869,2.24120076513543
0.329,0.489591336762941,0.504407641463209,0.765378611792322
0.302,0.2712620452461,0.389908201609167,0.342042293233603
0.562,0.696260478504592,0.733122146695723,0.815232961223946
3.82,5.11698572076223,4.58278189418384,2.80760990018679
0.538,0.711192878201977,0.437731393061463,0.669570242055175
2.233,1.02151043427692,0.821869293204192,1.09168995831634
1.696,1.69878506483929,1.49196019282658,2.62333821359585
0.931,0.756847483828786,0.667146106179012,0.362616786469344
0.696,0.461373173329988,0.534003999747327,0.693281860623298
1.933,1.1737959694716,1.16160464551273,1.02840599549119
1.18,1.47795767496924,1.36115524094092,1.33682201864099
1.081,1.76650208031054,1.15545729682804,1.35102443020616
1.73,1.25109654526831,1.08916450731073,0.863480149431229
1.218,1.16449877552838,1.00142773917249,1.3937292352702
1.578,0.844637464635877,0.828771956201412,1.48095725645412
2.571,2.00428941508203,2.09030107960926,1.82403929761866
1.04,0.63746831880976,0.598573743869422,0.689386153886073
0.905,1.01683924613026,0.785830479069772,0.517093746482005
1.556,1.32563652257274,1.41874102842939,1.84227123131386
6.981,4.4580978541849,2.93010589388504,2.69963764456044
0.864,0.656914283275221,0.820369022275171,1.48021123764223
1.259,0.958720589256884,1.05478737656843,0.789954589529842
3.475,2.81188501706786,2.36869167017616,1.91932295138355
2.784,2.6024399664219,1.93008246832235,2.0710539245328
5.38,4.45296413540258,2.82160081493658,1.64269132562628
1.205,1.02352568874119,0.90037945747918,1.47734080371495
0.405,0.406999131163468,0.387512320160307,0.434435678691036
3.94,2.85671292061348,2.70592175507257,3.27031139536658
1.256,1.49429663887164,1.07091468757216,1.75306398141548
1.892,1.19850310147019,1.05867488523547,0.864704807419609
1.854,0.882193680679864,0.853287693666982,1.39646094342306
1.299,1.07733992643644,0.6638011970691,0.963485231326423
1.218,0.936991940425067,0.753151240163132,0.876645858372238
0.28,0.246914287637453,0.377856476869071,0.383116775482167
1.445,1.61746400975831,1.31634588916878,1.45446251214487
0.615,0.636998849575631,0.485471508892374,0.868460442416067
0.438,0.699128226886914,0.850007731230173,0.631982760743895
1.049,1.48133981484364,1.31278564821395,0.41268191033906
0.711,0.693829956011991,0.724516534450603,0.78825483659004
0.386,0.229295593586362,0.402627944175693,0.654794804839229
0.474,0.690266536069998,0.955157590853505,0.500268648211969
0.333,0.507375826464922,0.42294078163778,0.256316775782145
1.128,1.29313815536935,1.08422731607904,0.767728886091171
1.209,1.45258844210744,1.54786373389468,1.05890444412658
2.636,1.45666987525013,1.16414848918311,1.40043519803325
0.881,0.970544050163462,1.12451836658669,1.43903670975152
0.4,0.620229316052417,0.83805686721831,0.570226301117154
4.65,2.27428994153903,1.82031630413656,2.89968979030602
0.802,0.979976902410185,0.685281544176815,0.784514327438431
0.907,0.975238899199884,0.884724044248901,1.11548802458369
1.016,0.908597027579245,1.07390706399745,0.576804866255416
2.983,1.41286519724514,1.11738030466141,0.967134685735362
0.771,0.754646678588467,0.785676518774538,0.692345633046985
1.405,1.53545184060055,1.29936274289466,1.18002099070134
0.491,0.545586046108671,0.682363897551767,0.479185038224903
0.778,0.856029778485481,0.891412474640988,1.43679080079209
1.49,0.446675943375979,1.01017601582505,2.02012068452616
1.525,1.71446239191111,1.82892694238934,1.50216092961969
1.788,1.17676925251245,0.945320071151852,1.24618604843929
0.572,0.652346904729446,0.654817237938043,0.875694361155644
0.426,0.492868261240714,0.627066846946616,0.441226763716668
0.462,0.511400128425167,0.656674385178691,0.792805553285379
0.223,0.294681669303806,0.442117763360689,0.277927147657641
0.409,0.703246744455145,0.721358329285277,0.712524188727395
0.459,0.616792320830221,0.717157186959108,0.454253335282642
1.574,1.06223314462921,1.01902697193215,2.36113143708944
0.331,0.42485798577138,0.427784849199536,0.41772615604032
0.499,0.495155571051379,0.439594846104553,0.396722849465286
0.545,0.784599304228125,0.755835928127346,0.511044557178866
0.527,0.633268620240854,0.899540299357918,1.06132719589783
1.494,0.961807973709789,0.88501592875346,0.839859795349829
4.34,2.67033709798995,2.45417958905777,3.27792151212117
1.159,1.2616894832534,0.799559128240722,1.1664682791615
0.75,0.76783277289282,0.572959274572756,0.897317228478135
0.532,0.791840434985889,1.0772617932563,0.592561936372098
0.439,0.662549685130116,0.641036032915371,0.820875522166914
0.985,0.793703977485117,0.705637664007808,0.769466390315182
0.743,0.759395019025356,0.60488712514903,0.278279410826602
0.422,0.49041205705471,0.563491285070991,0.284224006430416
0.479,0.365438134695616,0.436840402331998,0.570906298502774
0.943,0.760954977038339,1.02350203978756,1.35140246884112
3.5,1.87506390742793,1.62855847254866,2.63732881525731
0.832,0.708764645543703,0.640080939199216,0.749558527340722
0.562,0.539158233615608,0.542674469010091,0.524923740192618
0.565,0.359247323582771,0.457822785157709,0.583121635049075
0.942,1.97160860057617,1.9571997976781,1.60215475929936
0.712,1.13629793793214,0.839075424350861,0.615986940534995
2.22,0.985094297792511,1.03153975973472,1.16845845872272
2.009,2.07860193250956,0.866793891316125,1.04714273882974
1.139,1.25993871034767,0.810098141406516,1.04202302084375
1.722,1.41668326265222,1.38016689756238,1.32668197382087
0.562,0.67864240107549,0.681877345868409,0.391149885451093
0.548,0.800376160762794,0.897576268307444,0.930819277507685
1.124,1.61473136134678,1.43957675391026,1.61868945774271
0.344,0.399874633331433,0.385012301668797,0.232077830946445
1.713,1.19355733745717,1.01857626130925,1.00683195993794
1.773,1.1987438816285,0.950176975546603,1.31183196261133
0.493,0.62118913521459,0.459303900152856,0.630626793916367
2.086,1.48110381348733,0.913888954140378,1.56104586300943
2.062,0.880479949875674,0.839258022591643,0.742846696841383
0.996,1.09250921516108,0.887878635507747,0.596626391870302
1.574,0.816009543707365,0.586338957483969,0.574920402676462
1.414,1.07290082410729,1.10413036105221,1.81545747281583
1.176,0.945877183821709,1.04540165931948,1.05355702394255
1.275,0.955647949328031,0.794140797777282,1.25565048012686
1.283,0.880065388179077,0.877943583135803,0.871048397812049
1.633,1.70159447315555,0.798010840168801,1.44434471591809
0.857,1.16094228275014,1.10297509971947,0.989323353286853
0.288,0.198503963316425,0.386176408011279,0.469987385813633
0.912,0.830331615802812,0.963570754564695,1.00462137992093
0.636,0.904247890247969,1.06753747322052,1.10696430335134
2.05,1.5043181313312,1.31882941620442,2.82570737820664
0.649,0.65670631751246,0.670744697621173,0.637355660476941
1.106,0.936078136168557,0.836782301871845,1.29679779844846
0.667,0.789364851765364,0.686280477932355,0.971595406003225
1.999,1.30815561825115,1.05506964126354,0.923825333022735
4.83,5.2579229933837,3.94472273167908,1.91281880823323
1.787,1.14350532774035,1.26188424121471,0.984229223748863
16.977,5.08249292395011,3.35764452598956,14.733117592891
1.681,0.995142102981992,1.05832753090206,1.25921607913828
1.938,1.29178818754629,1.39857869331191,1.63122707707811
1.668,1.21604162007387,1.17647799015631,1.76717797206784
0.995,1.11373211726988,0.641556248690815,0.849194352489346
1.128,1.02630111959625,0.828507224017545,0.844022955251707
1.12,0.990835368790433,1.09817018115922,1.55928126439127
0.34,0.352510422187557,0.359647479741486,0.436647307938322
1.705,1.54536312599779,1.21363922557239,1.710180231344
0.843,1.00896245914327,0.962063736418671,2.00340403461692
2.272,2.66991931203991,2.51112541272081,3.4910404735795
0.477,0.456534202313712,0.482083863511581,0.456107251947496
0.409,0.324320695227942,0.3039962271058,0.302274258748661
0.602,0.491983606707927,0.632675297451172,0.692691186806035
0.563,0.794955018881218,0.785912212710429,0.759421330902003
2.134,1.35438789860493,1.56379141208949,2.02046670422759
2.49,1.84547342112949,1.74442933290917,2.44098419392412
1.36,1.46730099330579,1.78739705917908,0.980631659099624
3.03,1.85649010248076,1.6824967906459,2.60760480014243
3.62,1.70324371550647,1.72709165803871,2.44083530335904
4.07,1.99507253948147,1.89655478074921,2.21283729217325
0.654,0.863748084299524,1.19097392882675,0.832373258073889
2.261,1.68693252419354,1.94577147487286,1.9946406903987
0.85,1.37521409290046,1.60640308161307,0.89501440074293
1.646,1.30377115402655,1.21249231001708,0.855169151340607
1.402,1.65824358005272,2.00223189188389,1.92345363002094
0.575,0.468536984218114,0.555761449119053,0.349998522527166
0.855,1.43670395390038,1.34653706517542,0.942207386933101
0.524,0.624230783121858,0.794034901701429,0.531652363641267
0.848,0.246623051394439,0.734116615735489,0.457573915571391
0.426,0.961578269964615,0.8348174913445,1.05715941404162
1.329,1.31713004980488,1.36534264073987,0.979497064739097
0.355,0.811966196186009,1.06914718363489,0.43984482552384
0.707,0.758989543087822,0.996754020591814,0.670871629739666
3.773,2.15721311443396,1.71610953799817,1.55536803185227
2.64,1.69427352258968,1.62211028309972,1.8075967143705
0.911,2.05297268977868,1.36056856722844,1.75252732860432
1.305,1.03137814007827,1.20042419456048,0.569536868177461
0.46,0.647218098523672,0.841842470020714,0.962879449541824
1.137,0.911811397023235,0.84287472953646,0.950245273326789
0.226,1.93224897967248,1.09745636884779,1.08397773721345
1.497,1.1800496819505,0.779215141725823,1.02577071680765
0.44,0.513942335191418,0.979850380707245,0.509634963435714
0.355,0.834360506650957,0.745968267696576,0.412264297876346
0.231,0.765251034998621,0.935367622941722,0.735883535800802
1.813,0.921709337381129,0.967289049838784,0.768987613448585
0.319,0.596720766742587,0.766010841721421,0.40535437312819
0.397,0.984975125653145,1.21992729566211,1.66946650308968
0.402,0.909055214449702,0.677150310238923,0.960474778264316
0.503,1.24446039887471,1.25271278907455,1.65358362218495
2.123,1.86223499929921,1.4986793758174,1.10430783563101
0.363,0.541972040234897,0.946430316769268,0.618754551664195
2.1,0.977820799638535,1.10142080352876,0.962119308500636
0.222,0.55887389755586,0.77761958135641,0.431344429360886
2.82,1.6475001306889,1.54404009169011,1.68478024898427
0.284,0.337658152442599,0.597344132690751,0.299762072526857
1.709,1.10319077972239,1.08914398300909,0.927490557640017
1.412,1.37654336908433,1.10545361238694,0.630108320919422
3.897,3.72842259119293,2.319341051251,2.23821393137626
0.526,0.581211041400475,0.811163905120818,0.698285264843506
1.113,0.993811316357778,1.26201381037464,1.58296066386535
0.78,0.892691573356185,0.866175532744305,0.756450311517392
3.707,1.73940942976075,1.47471241411436,1.18958519353817
3.89,2.08180193676945,1.78425241284414,2.59529903490357
0.503,0.575248449545734,1.43090576597641,1.10578291293762
1.303,0.829029488857249,0.670775646444812,0.571986078608325
0.517,1.13998406569502,1.28711001924969,1.28048719586158
0.627,1.20148990054606,0.988646247037111,0.525690766001028
1.424,1.07743518203071,1.03392417390477,0.963896939552832
0.369,0.57368123321463,0.763997184365569,0.450687528151923
0.535,0.580396224553328,1.01764721453293,0.722993084854509
0.631,0.636364040255999,1.17752151123291,0.61761531075696
0.98,0.914291323597497,0.822359683878946,0.470324998677248
0.262,0.528313550345744,0.574090814803594,0.531586828246685
0.594,0.716537834802595,1.20620419054185,0.725234879366752
0.487,0.86434572962939,1.00125500206665,0.858278686908271
0.401,0.499895673417217,0.594861681951512,0.886815969289024
0.293,0.392018059859412,0.596212757129853,0.344767543207759
0.511,0.674321209857092,0.85789529242029,0.631933206579473
1.588,1.41195929139025,1.37890206751929,1.49110575828413
0.376,0.546861766377379,0.715334466974879,0.735304903209999
0.352,0.30815611167578,0.614713439846693,0.462919822162653
0.972,1.24044603733882,1.76068425853851,0.689541709001866
1.944,2.03150635813818,2.53652844911272,3.22101343193623
1.839,1.88008384696213,2.60756298186276,1.67118092465819
1.718,1.94633867877841,2.04029198544715,1.95248954385032
0.97,1.48292930205885,1.98444425182791,1.96515215651477
0.789,0.548187270343682,0.827214968256526,0.383124056462916
1.815,1.37525390783878,1.89802131853081,1.82609688577852
1.241,1.23702144191631,1.47199287334824,1.32519473069221
1.326,1.48511285211277,1.3076014188965,1.59460664826857
1.903,0.778640057082088,0.965950460244313,0.549548934552321
2.91,1.13985095384508,1.32828357352793,1.26280971526415
1.495,1.40748892973414,1.64226849215594,1.83887661165437
1.152,0.620670228952476,0.759019542202318,0.744896326806961
0.767,1.01396138690138,0.952973910042885,0.762516930481935
1.572,1.36140610100482,1.80073259147348,1.38358901606717
2.56,1.66532280440122,1.30081251194381,2.40892653540073
0.374,0.462668952496128,0.681469424243142,0.270534869619007
0.613,1.00959361668119,1.28905778996904,0.973987920131397
0.619,0.610790279438156,0.618008211673437,0.521394762444031
1.954,1.4465426183849,1.32334541091528,2.27856429937734
0.839,0.74692589262536,0.956526804170552,0.55425743663847
0.591,1.258694980485,1.61236736288072,1.43040628912647
1.14,2.10959432539383,1.30020109395515,0.902732354783043
3.27,1.57922051521516,1.4259934680357,1.76280644037429
0.361,0.620529689824198,0.692334242984668,0.488099991510068
0.507,0.613058344449072,0.810502968293964,0.40294713751727
1.583,1.02763732440003,0.949521957246461,0.976971461496692
1.304,1.29767667276253,1.64813845933143,0.989892297799952
0.857,1.6531503892018,2.1620335382994,1.69564396151144
0.438,0.293976838530542,0.588301910507567,0.528366453744756
0.535,1.24714990600721,1.24243606396707,1.71421268712221
0.41,0.706334955271319,1.01845629918768,0.426174542452947
0.676,1.03218454342139,1.40178936259807,0.651379238200094
0.807,0.986758805068293,0.851098352004962,0.788397343813569
1.768,2.35532412747275,1.60925463015157,0.874998681671189
2.843,2.89121510416097,2.60355701252065,3.68860102120886
1.625,1.22379493842532,0.943605384327603,1.08459039020119
0.45,0.380605992659037,0.902147149150001,0.721331788335739
1.847,1.09997835981674,0.908691410935948,2.21978878592186
2.766,1.49708244399325,1.32045789741508,1.51297783941375
0.511,0.656358871134569,0.800378105475621,1.70937441007601
0.626,0.773124997781307,0.946384262092269,0.506373896261318
1.127,0.886144659398914,0.825789094146903,0.755310281870279
0.339,0.718911986894385,0.52310341503953,0.245765983312971
0.471,0.431100023888786,0.679602014947472,0.606718141455622
0.94,0.953317271432403,0.572549596113286,0.507425782175004
0.556,0.758127012725479,0.756995322064264,0.625494466347285
2.937,1.44418549400261,1.24573786629185,1.15678954221264
0.607,0.999159448001755,1.21375491694893,0.848724149617789
0.466,0.743746515665586,0.847222196991727,0.646103529741324
1.577,1.57091603720203,2.1772603456754,1.57601709293917
0.399,0.585799898106108,0.866426931323553,0.47946157259764
1.309,0.781033055445445,0.853537124750374,0.800629545749938
0.284,0.488537540828053,0.584714358385923,0.620852835835516
0.253,0.197671090921869,0.471023822460354,0.539719651662477
1.571,1.56130125861847,1.85675368466243,1.68713387959855
1.018,0.905133184950239,0.529490691955068,0.505737286471179
0.453,0.639851146740038,0.561337579735432,0.534433428867638
0.582,0.593667481122829,0.642585624769754,0.470482208736993
0.852,0.410198864316118,0.497971751027575,0.514049260004806
0.52,0.629576219984882,0.851905763690258,0.461806818609852
0.758,0.444681674938028,0.615009978421386,0.545796923948489
0.483,0.314445982061663,0.488519572439569,0.239427663439758
0.941,0.604861547414073,0.701317698602887,1.17426953994227
1.289,0.916006457747264,0.910674061536401,1.05958658059759
1.559,1.32764196133942,1.15917741645904,0.752824605494756
0.815,0.554306497861179,0.58518808750242,0.497857891761771
1.881,1.50144840376203,1.90992649075344,2.43848090240853
0.801,0.538867424109572,0.836280292114791,0.529883981082122
1.486,1.59746528841121,1.78211137997069,1.9090891266003
0.891,1.2644588938204,1.65055226663395,1.16603406148115
0.623,0.615625125690696,0.749606037458428,0.611555598784241
1.775,0.970589941790111,0.807677626365414,1.11426804808067
1.662,1.63317619722618,1.74927366401858,1.66434050798518
1.321,1.07083646657492,0.949268561420024,1.03198196779745
1.079,0.597531982282018,0.674170021453806,0.775838569873251
1.946,1.49726541730428,1.55938715164355,1.5747216875428
0.607,0.457524644207569,0.708215250220559,0.363393901396148
0.909,0.683898820543611,0.764488362466829,0.661035101272553
0.615,0.780342049413059,0.675900804493207,0.432801711130515
1.55,1.38361159878217,1.72041283458955,1.69680767549708
0.859,0.736719837858266,0.937960552825728,0.464534386267976
0.515,0.834357001657966,0.816639745688799,0.670621063069818
4.249,4.20673535417724,4.15475929718564,5.89389427537878
0.826,1.38864668001427,1.32377784247674,1.25439716023485
0.763,0.800986907411376,0.979466863050493,1.1222075255314
2.65,2.09119847068227,1.42424938139167,1.67148283887186
1.73,1.74766154678514,1.78986127458261,1.65221862673327
0.436,0.525093546848098,0.573022331717136,0.506960360249193
2.617,1.46556784518945,1.22679150956839,0.680773180517663
1.622,1.21516428498833,1.5261659289534,1.39493015757877
0.573,0.793953229770441,0.836519062516485,0.748094479620476
0.669,0.661062873132906,0.691570424890492,0.637980158103141
1.334,1.505249220408,1.6044542092438,1.59293285183673
0.829,0.839121614470263,1.01216578977466,2.28785397704152
2.21,1.18194181957813,0.932931661464301,0.779389901772084
0.921,0.646096731948809,0.664365624810006,0.511634056881836
1.34,1.31555427078514,1.30997435277522,1.43915802317403
0.729,0.736653974398164,0.789263928804027,1.03519314163785
1.176,1.1453829924475,1.2304516195613,1.83196934505753
0.437,0.564067064587126,0.584300197680784,0.694424590182012
0.515,0.706163230258546,0.772961433717029,0.756266573224828
1.254,0.756157663747362,0.616576117743055,0.529721768774975
0.947,1.09395975870993,1.16567331228671,1.02278168437917
0.627,0.638821819777017,0.744929124875297,0.78219956661705
1.094,1.89198165863473,2.61227335710356,1.73127869605627
1.743,1.72721598426037,1.72472371404904,1.7076824124778
0.824,0.877593933474662,0.894240895623566,0.804649375416814
0.865,0.935375301235086,1.5016251500249,1.45606721791416
0.591,0.808524680674868,1.34057965738753,0.382541261208992
2.85,1.39637269639371,1.05590447325384,0.66498448802412
0.745,0.818834910095131,1.11932362427692,0.994990049184902
6.459,2.59897550719318,2.63634948952895,7.88208996760945
4.3,1.29234110751882,3.01682818597404,1.85543629269894
0.688,0.971924631536673,1.25475896155947,0.990282472131185
0.711,0.810198852307095,0.906775823603692,0.785335720905399
1.439,0.916822754364222,1.01337922469312,1.05745654742771
0.981,1.36046100864461,1.25417180596069,2.3026454984026
1.497,1.31407425173766,1.27538258022607,1.41628751302044
0.706,1.04217057441113,0.824610056831804,0.532961165562034
2.03,1.53379406041044,1.58756115306864,4.13367555061622
1.274,1.09626096535355,1.46536079292849,0.599175444985117
1.083,1.71625619637543,2.01006221942924,1.38026338977054
0.924,1.23229644724462,1.36157553510389,1.86174664813296
0.733,0.474140063631389,0.7674147127579,0.600883712387309
1.684,1.35926486050428,1.63981171179496,2.55930819990926
1.226,1.69233583827016,1.49934364299483,1.93888567709798
0.468,0.694209437133697,1.05033911142746,0.935391348738512
4.18,1.46168964334349,1.69012296940908,1.54091561153571
1.531,2.03801996096265,2.03945896956206,2.18707458596914
0.376,0.806693108316386,0.823741289621539,0.47435889967634
2.58,2.49520008198501,2.3590010834068,2.10180961553273
2.54,2.35724029944473,1.55476439294861,1.9745331600484
1.877,1.03072980875628,0.983222720440999,0.837467417616562
2.12,1.50575955244856,1.47711919222046,3.43497718388394
1.013,1.57271072319514,1.52874870616509,0.92719463922054
1.145,1.63060062070029,1.10328968032558,1.12800817192661
2.92,1.44888740622971,1.39462061961001,1.96689489255205
0.782,0.978347044952605,1.07370896327192,1.64771271372166
0.666,1.14279391140024,1.16127252237755,1.15456863350656
2.96,1.27113458183123,1.35074108649516,2.41815992308651
2.23,1.32573215952276,1.1089343171464,0.769193419851151
0.892,0.696027634358292,0.720414675662775,0.40322762233993
4.24,2.2873326232282,1.7332731405617,1.72938884203969
0.636,0.891728622765813,1.24612798641647,0.522911666342124
2.29,1.62770859246594,0.985390542025945,1.11973827874626
7.19,2.86654018900135,2.13349669873472,2.46976774919417
0.552,0.80749187754423,0.816906017162806,0.760125082674219
1.614,0.555809719638229,1.0112684875459,0.636885577620026
3.23,3.59593137952092,2.03486517107565,2.92308923600042
2,1.3704550548318,1.5388645304324,1.50879901423173
0.621,0.577879406799198,0.956448811357775,0.495726717760808
1.384,1.75944955321979,1.66943041502033,1.88458717143912
9.26,4.59483022876175,2.67915426599297,4.82402337353664
7.17,3.66873780739026,4.29246606158424,11.8846901588254
1.573,3.170310175075,2.59500031668967,2.40621634149241
1.541,0.965727578082066,0.805090686098361,2.11271650199992
0.598,0.854231377918953,1.10265563265347,0.958815986302333
0.874,1.40328699123486,1.53524101917008,1.47372111767235
0.739,0.963170951455488,1.1780740299667,0.653248206791136
0.664,1.24734997482749,1.98757899967472,1.07466381029245
4.28,1.50409506412634,1.95945544875174,2.51162080216054
0.608,0.829869001090501,1.237960212518,1.08240265381347
0.436,1.10101470117386,1.39444242620351,0.890244982783346
1.72,1.72847764102462,1.3714510475017,1.52588727851435
0.888,2.37506736368402,1.60987793024712,1.36166347991492
3.45,1.44516156460812,1.49827792574425,1.76324393408696
1.23,1.01464425139971,1.68026286234306,0.760819729902754
4.66,1.83920756825117,1.87637734884205,4.29719802694932
0.852,1.55464860715877,1.37714297388322,1.02753391344303
0.621,1.26331258277292,1.08217465155736,0.617305084785337
1.616,3.0227772695878,2.75120554304949,7.23007358228121
1.199,1.28522750837276,1.43491121811039,1.4290133770341
0.63,0.706014577189483,1.07216594935447,0.833081143864263
7.41,3.82207667982284,1.98219472185861,4.31430240621871
0.778,1.24617559372163,1.21217318744484,1.94896878531007
2.4,3.08014515108305,2.74474157747794,5.07249911211379
1.396,1.7308110453009,1.81591457724751,2.14034085000484
3.32,3.4994140343616,3.34534334251776,8.70044685916127
4.43,5.79371972778149,3.73882315609177,2.12126364674198
0.843,1.6494537357237,1.2816211723566,0.647701869680173
1.819,1.82647842667882,1.8130547724021,1.72057594282761
2.42,1.57543682597113,1.46971174841364,1.18872476539723
7.06,2.11283309327043,2.41360042644338,1.50187452386166
2.19,1.73586141473554,1.61436516075282,0.973829889791902
3.88,3.06610073902455,2.11641032084857,2.7758723211923
2.41,2.46189889757791,2.69094291992602,5.00330790979568
1.412,1.22464897771088,1.25883254090158,0.791527681864257
3.05,4.7366887982324,3.46323778813173,3.43759890861519
0.707,1.29996842206736,1.33578180579435,1.82415116297141
1.087,1.30210902113439,1.23332094110335,2.05112454716162
0.679,0.802887631868103,0.944998720108208,0.581967318766806
0.831,0.98167480447145,1.09935352788577,0.893359193839735
3.11,1.55999264252776,1.22810879484818,0.789864455598599
3.33,1.34600228092666,1.54581406481303,1.38883960228129
0.49,0.713257302379023,0.881611268735458,1.56837803981331
2.02,2.3763767360533,2.38541831573646,3.45064272872445
3.2,2.86691536269231,3.40751032412109,4.64918693907157
3.28,1.97897614580455,2.16830504478405,1.97450955127957
1.061,1.30849654682484,1.53133565026049,1.9311551067862
2.18,2.04325602503031,2.06732053463397,2.35586780577288
3.35,1.93838970242593,1.2115862656494,0.926892254431025
5.46,2.62090955823535,2.59739891604386,4.43903664257137
0.732,1.07442695086247,1.2104294987745,1.22261130039514
0.816,1.70839381537283,1.29482203284231,1.1851702081277
2.96,2.11079458366031,1.15690474782461,2.11906665853268
1.672,-0.314223085237549,1.47527006504942,0.573315986948188
0.893,0.785969725431768,0.94456946688461,1.35717545272342
2.5,2.87232766259032,2.7378096863466,0.638782398273932
2.83,1.6348375741483,1.52528534428757,3.05257491443299
2.55,2.82824905944967,2.71568176127158,1.527563033185
0.581,0.789255166514707,0.909297977157899,0.899417976322914
2.77,1.96889548589542,2.09965573575776,4.04722510671267
3.95,1.52279946038299,1.77678531541779,2.12637866517495
1.865,1.11511686273677,1.23705818576338,0.81901203472039
3.03,1.30609510365468,1.47546558835631,5.1863791984865
8.68,2.45862688444194,2.25782666240348,3.50701521621163
4.66,3.47569072257444,2.4506903564916,1.81645071305843
0.76,0.877676329806549,1.068119465083,1.13784381514469
0.488,0.659756038941388,1.01028633172052,0.685102886389445
1.196,1.24204109150318,1.55877346957289,1.18805193270319
1.166,1.20011330430887,1.14442357957975,1.02600010666093
18.22,13.7359401306562,5.78989636209485,11.2270221406419
0.778,0.994183592537555,0.681446658857146,1.44559594269045
3.52,1.532897786647,1.47918951555515,1.48774876647949
5.06,5.98198865840726,3.15933300250634,0.802338185331225
2.68,2.07474225354645,1.68202840412529,1.39482036320813
6.24,2.87200603599728,1.75617212275276,1.24716641945504
1.761,1.44943134542839,1.32841965710231,0.591061528476955
1.183,2.04786749518471,2.02212926243909,3.67063158796232
0.906,0.963314016688951,1.13760551685031,0.327754965038507
3.07,1.70125550908973,1.21317782334119,1.3558252286818
2.11,1.62859478863745,1.42669577427647,2.69487577729367
2.12,1.32734114147049,1.23103522789185,2.4677248700385
2.75,2.6165850204187,1.5569841014507,1.134282731597
1.144,1.35931063298968,1.34573917943532,1.50961120930324
3.366,1.52129183505359,1.62771395678413,1.16088910008118
0.685,0.838156121237245,1.39696697775379,0.516822875995362
0.93,0.997095555317993,1.07435304136483,0.923663377859629
1.87,1.03465859712156,1.34874433589928,3.61551612639187
1.998,1.13189406829847,1.19494701953711,0.554858132403546
1.81,1.01103931792069,1.21001635114246,1.50245726033336
0.577,0.838872611519721,0.951745404054653,0.525103515420738
0.561,0.816283005368571,0.85473095054354,1.02972094086772
1.624,2.31531187103738,1.52336816424879,1.17007774691977
0.857,0.962338802711307,1.01693066998656,0.863608863260158
2,1.84955255879524,1.74678795743174,1.42458494156857
2.22,2.49671947281981,2.2920866085819,1.79467637270108
1.818,1.57821877201452,1.268209214368,2.50049688573236
2.72,2.34507910833334,1.66210408864509,1.24637518805495
3.81,2.07604427166962,2.03897855455515,0.768408563266146
1.304,1.14396564064165,1.24525394107693,1.75117168600637
4.46,6.65605475966249,5.18008111322055,1.26933533950479
0.886,1.07492712236859,1.03490918006269,0.873426144367861
3.84,2.47249103437727,1.95064340811042,4.23513251423226
1.322,1.2554112164399,1.46577203968389,1.50233835749527
2.58,3.19490163646539,2.71159662698894,2.2773274893524
0.735,1.02470177277032,1.27749003213619,1.1479696251982
2.66,2.22647540478527,2.79743492108137,1.94726313964543
1.3,1.42176409371739,1.70246687617624,0.974643317639176
0.7,1.45646470721453,1.13292306480096,1.16359485724883
1.53,1.10483604089624,1.11260139273333,5.98989801778409
3.12,1.36410591656798,1.47840526985012,1.66904279456443
2.21,2.19081084922233,2.16653952027201,4.02698817521865
1.659,2.58745187275248,2.25157447335407,2.02898337954116
1.419,2.2460924671831,2.14723969204093,1.6057945440514
1.72,1.6227156105217,1.79057107072278,2.66050310153794
1.122,1.50498409667845,1.35688691787602,0.96554710429317
1.055,0.951982905678535,1.01112489023123,0.747639654748736
0.474,0.926943456247719,1.0462603019237,0.741802889240546
2.49,3.24988513763026,3.936740507025,5.11375821575423
2.18,1.37640322096053,1.56320129454383,1.70976799649361
1.357,1.64063847533767,1.86800557752,2.06867806334991
1.308,2.2334509092755,2.55279231992422,1.62752391292575
1.342,1.53412017708825,1.03609678059529,1.19333507547085
3.16,2.16773861819622,2.30960179810709,2.56547472464593
1.16,1.65913066743179,1.46693645177495,1.20062394934846
0.837,1.97766657481624,1.05609413181221,0.983715823599267
0.805,0.949677319171183,0.889975348477091,0.627181591641042
0.93,1.12687634534409,0.879213053659868,0.65355192267134
0.654,1.24552451353821,0.865877004620222,0.576596979711953
2.15,2.4490442619793,2.29446721061992,1.87990976949889
1.765,2.04951095686889,2.04819221494467,2.02403609083145
2.01,3.08279317252558,2.95700680523372,3.97645673829872
2.47,2.05464226055661,1.90404219523158,1.14182904889819
1.227,2.01046019373163,1.90906978524067,2.45531153920659
0.723,1.18307810259128,1.04319277571958,1.17563977810147
1.545,1.46501075836795,1.73377505216413,2.02352458811021
2.63,3.07169340594241,2.79510560173892,1.44153928903994
1.36,1.82273301424422,2.06090957110462,1.21178469368873
1.766,1.24908340320801,1.30879635314919,1.45728272961561
0.606,1.01091991195338,1.00303851868483,0.467427217737631
2.14,1.93219451750329,1.63856556311227,1.49634221928905
1.873,1.76448679599088,2.1392047190072,1.83181692824387
2.55,6.55317559699952,4.15505936767374,6.64854323844392
2.22,4.00430330145655,3.07523774500631,3.58040489789419
1.431,1.68578364496886,1.56762965794383,0.657203671975499
1.961,1.61790446943163,1.33148701179133,1.81191150529819
1.595,1.19280703312428,1.07070539802947,0.714929222093312
1.966,1.34865956768648,1.41430956016966,1.88373136537934
2.635,3.65620419922576,3.35584930626136,1.98074868804595
2.47,1.46239668513729,1.34628160129542,1.31182038824686
2.37,3.25094991988129,3.55384313582635,9.98770951037001
1.88,1.82903375786399,2.32945119708852,3.76040132949102
2.15,2.11895233732081,1.917594948297,2.40169071659515
0.921,1.41511812145476,1.24031935154911,1.12894286302199
1.76,1.27189269405887,0.942568683660648,1.1292390914126
0.416,0.580388959064488,0.647891546590339,0.390419478864456
0.654,1.3191765127125,1.01332534958436,0.683972826676661
0.983,1.90850737490815,1.91012819093475,2.71348035963399
0.66,1.22923425418828,1.0789640301534,1.18592942750286
1.744,4.04360740412154,2.87836249801273,1.55387958889695
1.611,1.14106757604819,0.975595334795057,0.953581195201358
1.747,1.84921572848046,1.82590987935171,2.14493398581369
1.814,2.11150751343579,2.00037732010506,1.25232399890295
1.97,4.74293403479493,3.79411099131277,2.07073968741566
3.47,2.61538582322658,2.52485959256696,8.37877042623981
1.611,2.12235341644304,2.02016416853425,2.43040207622277
1.777,2.16303138582047,1.95804021403765,2.36908929430459
5.08,4.1817982699424,3.17267194208822,2.00761341534765
3.69,2.74912170720351,2.92911647857047,5.89648012037294
3.67,2.83729627758903,1.66274616359821,5.93088395333537
2.14,1.9981810457336,2.06439499325939,1.79819544319841
3.79,2.89101308393674,3.44727540094748,5.11769126682313
1.43,2.53675602343682,2.10696936906628,1.78325308463884
2.11,2.33325617732674,2.26924986365969,2.35044655583527
2.675,2.7699518510309,2.42675380726979,4.56698409588683
3.54,1.03482016486946,1.21408472849161,0.626167476526768
2.42,1.34591038734412,1.30127112067582,2.959231208436
1.535,1.23764984513945,1.47486287193517,1.83834995245292
0.831,0.876069369381836,1.19100126821337,0.781802798130075
0.94,1.78374379627751,1.6855148093343,1.46855430970595
0.498,0.729620118354253,0.879178878202134,0.781477362578185
0.474,0.764120896824199,0.740154510909902,0.693664399150257
2.071,2.2008940102498,1.91942589325303,3.23445403205609
3.79,3.67040915905323,4.03293985143027,4.20133370741785
0.515,1.07857544871781,1.0187552042576,1.45144210484687
1.283,0.904229454602585,0.855052020238415,0.579430135462677
0.682,1.10034597972333,1.14469973700486,2.50101620078138
2.634,1.2332651819296,1.84552066584396,1.22018033842513
0.64,0.986295045120336,1.09492458127576,1.03334784327949
0.467,0.979286373843382,0.965152686894205,0.667344956768505
2.34,0.9114813330272,0.941032430389474,1.17962961702881
1.46,0.913279395204445,1.16115670737329,1.35009911868166
1.831,1.72079418491795,1.66029251172104,1.55679607494331
2.8,3.25504655130569,2.48583565636237,1.28329756450231
0.562,0.785335360794688,1.02000927660009,0.938549325974042
1,1.45890497596156,1.60919490265698,0.27163411880065
0.696,0.860909732784293,1.20848202677037,0.801827044928199
2.08,1.28101283977653,1.26260097782226,0.963721981174118
2.341,2.14907058187317,2.22315610042922,2.70821857801547
2.63,2.38606266925055,1.52128426516644,1.06425084470987
1.633,1.80056604567905,1.77683461334994,0.827969949533228
1.303,1.33901160184549,1.3571539051838,1.26101498377812
2.39,1.2920521298541,1.27314968259498,1.35832912121748
1.8,1.43533653704634,1.33329446590381,1.05705338071238
1.575,2.05895518597476,2.1676014928867,3.78601163849851
1.273,1.13672173110021,1.43013144888634,1.01615826635642
1.784,2.25236894339702,2.42809985971702,2.77758927567548
1.206,1.51361190516709,1.52149663896657,0.751330547454359
2.87,1.74119011330252,1.57013197102856,2.56713277429105
2.35,2.87100918343922,2.5371672790632,2.28942667913294
2.971,1.10801503692293,1.60221905415428,1.52998190253002
0.678,1.04617782802018,1.20083356351941,0.733879743761345
1.36,1.99432855909349,2.13496386090443,1.00534851376236
0.625,0.672441256497565,0.991852574106463,0.732812777851776
0.491,0.424308141648886,0.692676244821896,1.04060693901588
1.513,1.27911289392955,1.4629616107417,0.783540451252851
1.309,1.6177948858413,1.29147239816282,1.50813453794324
1.481,1.67585484664368,1.14456585352444,2.19215044138902
0.796,1.45609712074688,1.39634428623596,1.48455808124607
1.081,1.4145416214151,1.1795165929855,1.30991332072204
1.084,1.33826386540986,1.24150189929435,1.65910061137009
1.728,2.34032150635472,2.34341982307153,3.45662773718808
5.84,4.03685393256364,3.76101893709991,15.8397822440926
1.431,0.943695227795927,1.22042354397829,0.839472993579462
1.326,1.43678167508964,1.37746184414496,1.30485580781902
1.92,1.44886454533978,1.32745983693433,1.09128715902344
1.295,0.843647123491554,1.07537745426123,0.5555033191709
0.9,0.731553603999582,0.940100569356802,0.829787309383921
0.838,0.952196165725811,1.01984206794946,0.714079699163517
3.24,1.06854343429709,1.02927653291581,0.81057229972618
0.439,0.729247448455146,0.666479123568593,0.431092915403579
3.69,1.36132477728896,1.14850732342687,2.08202341412655
3.49,4.36604760687094,4.09004454659237,11.8442337912179
3.58,1.56078764163821,1.99564669752901,3.73312869031474
2.72,1.86171053793373,1.46199291199648,1.42651942050193
2.37,1.26195937546968,1.22761613641734,1.13177998651777
1.74,0.727137818760424,0.927523373276241,1.07513527101187
2.677,2.10546471212668,2.27032075975196,2.44340781534348
3.67,1.78581046050926,1.18119709485864,1.08218439319865
1.251,0.828497429104359,0.913805216117191,0.646066560348868
1.408,1.15083683922011,1.19125694844278,0.681275369324224
0.982,0.534054430495314,0.945011180990293,0.384874788318381
0.811,1.4226228116028,1.10835083777689,0.624117700427621
1.093,0.94439307462404,0.673269935405439,1.19154461069383
2.43,1.15856177342155,1.40585962291205,5.98199425771682
3.426,2.00557670178565,2.00143874451373,2.08964812790889
1.808,1.94668514742377,2.10545561733027,3.35191664003632
0.791,0.957280634870825,1.10993604742631,0.925380833136021
0.561,0.710532676772446,0.865419142174569,0.42382789265601
0.414,0.863549045502179,1.01857686669565,0.437081002169491
0.501,0.981828892307491,0.914266310063712,0.976292658823662
1.017,1.18005734254598,1.15317507845115,1.26752193092535
2.87,2.59923206891871,2.37770996820542,2.04207143094142
2.34,2.72401441711632,2.36453918457574,3.03139427141426
3.42,3.18203363296011,2.5699533563502,7.25037100002002
2.26,1.35843650719218,1.39679455957351,1.30475251205079
3.95,1.7556757728576,1.50355161569973,1.15831235078873
1.613,1.40267903318218,1.89158599315336,2.20266980905713
4.6,2.62806086686031,2.48048576141427,3.23199685882305
2.84,2.38569329339688,2.06822890594528,2.4463021959514
3.46,1.81493421396871,1.59138132214081,0.94189912826762
0.738,0.935682286552535,1.14569195990966,0.7315486301842
2.28,1.76548410739727,1.73353436894163,1.65141115603711
2.67,3.28917042539559,2.64301159344596,3.45748220584866
1.67,0.898618851602067,0.979603235067702,0.862446733463145
1.836,1.20233887613861,1.07934503367487,0.784445462548109
2.51,2.32348497804271,1.69687546314088,3.0444598623906
1.337,1.39449314645042,1.19901156098333,1.93391496137985
3.95,1.719730844269,1.60506437042206,2.1762558022425
2.04,2.3391629131872,2.22328734936548,3.40771144596518
1.35,2.24207666786147,1.99818476104702,1.46260088429819
0.847,1.06755455707112,1.48796918672554,0.817263955297984
3.17,1.35163663866693,1.16018062045163,2.41401550345785
2.31,1.0959509579394,1.04988249390147,2.39078795823538
2.67,1.82103723456915,1.30207279254181,2.86038498792746
2.72,1.01516967539459,1.64323962010635,1.32178470506854
0.715,0.852050501240288,0.85117106392504,0.49693096743799
1.509,1.21951821374144,1.20161879872363,1.627237824852
0.753,0.887943726520007,1.21438116626629,1.7405934784271
0.696,1.03510851324584,1.15129574566168,0.820340324716688
1.592,1.70598700033813,2.15182397012076,1.23172864378785
2.14,1.28021648827316,1.11544084181605,2.8583325673405
3.01,1.14361739764677,1.11313527500118,1.65964604925906
2.03,0.894098626264455,1.05701012673688,0.542584431137907
0.342,0.6939640315234,0.805082372266396,0.657217697278249
4.74,2.60002163929127,2.01535029622902,2.16688331810837
1.538,1.34474274008146,1.07686954872573,1.0470732672933
2.08,1.35343861681936,1.1795422593632,1.19682045739046
3.28,1.93317975155426,1.806653841943,0.740782473685699
3.004,2.54007258238893,2.5145399072277,2.66253457362853
2.23,1.11850967326748,1.02430286684602,0.794481802612607
4.05,1.49080589782433,1.68087303992392,1.78619630400294
0.795,0.958261209035175,1.21195792704995,2.12510584459307
4.21,2.27163660902246,1.41774857788355,4.2746001837982
3.81,1.39684205723108,1.03413796549832,1.3166446240355
2,1.19264320795417,1.5608442707355,2.47313312334536
4.41,1.65438725118712,1.71114482877623,5.6095694326537
1.232,1.80839770803275,1.47624933822754,1.6387602855059
3.94,1.9820132561095,1.43139112736798,1.21419891413681
3.17,1.32650886249249,1.40251439239153,1.21666095441533
3.73,1.63105175466571,1.36372824740855,1.96590488288851
0.95,1.19431903375099,1.11301995132165,1.63680893159266
2.169,3.23498031674385,3.36902661950077,1.92641930169233
1.465,1.23136260335667,1.69687027087761,1.64415547718115
0.828,0.683025508306601,0.720567971300289,0.818420722559102
0.876,1.18104158043203,1.35342925006149,1.478166283141
2.62,1.2807522032651,1.8281263841923,1.974581790482
2.54,1.42271491301461,1.34160975434547,3.92887273022885
1.305,1.66803436567152,2.05166390578361,0.654108011794094
0.861,0.702115036524682,1.0132809236294,1.04364008464157
0.63,0.735919759536463,1.07326215846881,0.586054956090396
0.61,0.874783967713902,1.20253728435565,1.17381254359176
0.935,1.25036637632742,1.70748521847784,2.30817782899322
1.418,2.10723300537284,1.7919786553513,1.78915574316046
1.923,4.44178004422682,3.38842308462951,4.09785427061448
1.037,0.728129606224228,0.886165678358953,0.708712675738448
1.17,1.43501130456933,1.75511526412764,1.49462913956358
2.45,1.8773121300766,2.82576621392983,2.90068707613161
0.965,0.899190235912067,1.08125047425926,0.709846635283857
1.525,1.30920066068741,1.80924793871176,1.21998877173407
0.787,0.587349331571293,0.77144059708005,0.560728152000109
2.095,3.21684626145281,4.12339956873901,5.74466175712086
0.857,1.1818576280001,1.3767807712837,1.08821983943724
1.731,3.17150039663654,2.40608556658231,4.10204495733374
0.791,0.931200592041861,1.46467755567426,1.1467650258422
0.779,0.988504315928664,1.06753982155821,0.951497455601456
1.238,0.939586898993901,1.25249769671775,1.02716770040791
0.61,0.616938589861084,0.728415385786652,0.826064724979687
0.817,0.869696503673451,0.774559802690337,0.698651813731797
0.637,0.435038968393318,0.480759111535809,0.49049037772605
0.933,1.19805428747287,1.179879194653,1.42610530164762
1.814,1.79461572682028,1.71445511488159,2.15386511784791
0.644,0.719867202748948,1.00423555543829,0.688416503368724
1.044,1.30103195353313,1.27162340973588,1.7873027956273
0.624,0.653698151920754,0.806262722906369,0.881887308028078
0.457,0.634810811482726,0.834128020213291,0.439082182897041
4.61,2.49013508056272,2.80720060099981,1.98561920672591
1.698,1.30714323665578,1.2937606786843,2.50640887076391
0.843,0.918208546049919,1.1138584355081,0.644679554708577
1.041,0.858778870765696,1.10573844138652,1.15927030106107
0.706,0.752854223573413,0.873691234081373,0.615429074608467
1.488,1.02259054892416,1.08233559224911,1.67699197439816
1.213,1.16872385848169,1.28907334805035,0.689003765273368
2.176,2.42039803200444,2.24153712471912,2.73075373292345
1.798,0.754089794612777,0.984393039663369,0.860404543677742
1.016,1.31202742975855,1.29473055807921,1.00975008698474
1.376,2.60866248530289,2.33836954149644,2.03129636995116
0.774,1.08902902084647,1.04744926719028,0.964406396527998
0.661,0.776140220359667,0.961246915185168,0.602653074149343
0.796,1.12156842269282,1.00404955098227,1.28272449443314
1.365,1.10036602926499,1.11308142215676,0.969448299900393
3.622,2.5264505529589,3.97939054665936,3.08486102865258
0.586,0.715431522763707,0.813529838272139,0.570670816721626
0.481,0.466635251254247,0.532998028970388,0.498123675778916
0.793,0.743359714805657,0.852675610157622,0.659449330193848
1.926,1.58479343138901,1.35879461451757,1.6837212836212
0.472,0.508644112522879,0.554890874136751,0.539025057626346
1.713,0.994970345349323,1.07840117123844,0.789911884102267
1.555,1.67169868920718,1.74456257694622,1.20719681534712
1.399,1.47956504187738,2.72988769211018,1.15982630043921
0.817,0.720612407251998,0.846006230079411,0.343214075561435
1.444,1.40049067865201,1.40210370871895,1.21627035622526
0.774,0.686675760190759,0.804353902283975,0.544745469461252
0.566,1.12965828157258,1.10654727355829,1.06673935235169
0.694,0.469033518196564,0.719869605956622,0.471588801429062
1.625,1.31658889219087,1.21354432976366,1.54803617874248
1.149,1.2469280306729,1.56833994969641,1.50466721161945
0.699,0.825647270254636,1.26213910669172,0.636980728943807
1.723,1.44672028029874,1.9732252779459,1.54111571442562
0.743,0.951545162100201,1.20529340365484,1.28342764946076
1.384,1.42053114860053,1.44930615522171,1.3561704177882
1.783,1.2192908559558,1.3105988237845,1.33476801328225
0.966,1.00355103552243,1.07554003223321,0.952667753245428
0.674,0.492090116754562,0.570313491003254,0.710329959049413
1.084,0.945390354454644,0.92136804495316,0.753805404270073
1.308,1.11419037068024,1.10352967391055,0.822641137047258
1.248,0.594935541873159,0.807879632082235,0.817224101499443
1.252,0.90102408928869,0.802888579105214,0.817329708079802
0.594,0.711809261484052,0.673403493998972,0.416988712601935
0.998,1.25561266756309,1.34707635435867,1.35553195751553
0.589,0.810957687337899,0.712447891822177,0.488292465583858
1.034,1.33100659916807,1.4446589453188,1.10730572100802
0.738,0.932999343464367,1.02733542962523,1.05949684842964
1.456,1.4956513550624,1.44329873577188,1.93660618088974
2.71,2.12637474324623,1.78453303419989,1.89809502636636
2.06,2.19063073252722,2.65666878012414,3.05466544932614
0.702,0.904855977402868,0.842751614204027,0.611244620328883
1.062,1.30618118194353,1.16189393615784,1.40986141570766
1.422,1.65627305758221,1.39776780864376,1.16418855152803
1.238,1.43243362730817,1.18650702324133,1.03666044426601
1.695,1.49989917194539,1.48283787525136,1.30197864440866
2.49,2.04529125617049,1.81563950202224,2.52182482386064
1.553,0.693855888742362,1.35105611761656,0.758596633609988
0.628,0.866723811955654,1.1678040527286,1.28722741927385
6.63,4.07014349441645,4.05695585660874,8.74507488143993
0.374,0.585913396515815,0.665410604916435,1.46803897666908
1.238,0.830196054292364,0.963369061038681,0.88180866736803
1.642,1.50674543960507,1.45241611545349,0.933303326925414
0.894,0.892531656780406,1.17541212805788,0.67544697411145
1.201,1.09585310834078,1.1818964666371,0.751797721052477
0.996,1.45139915846437,1.78020777204514,0.867039433228729
0.954,0.943608331851013,1.02432741847703,1.04128679878584
0.636,0.972770202810075,1.03334550245534,0.674580496393264
0.966,1.00963729285328,1.03713281116104,0.940052874186411
0.739,0.769768583411401,1.0244862582608,0.641416371613689
2.016,1.39351700558655,1.41006070787267,1.58708567105463
1.506,1.39431703348343,1.38136601979284,1.01327686790892
5.104,3.02817489207098,2.02317305656435,9.26042384486849
1.691,2.08312818681221,1.71861168022961,2.15127797099747
1.218,1.29774428553089,1.64566416557964,1.74173148523498
0.856,1.0089681411023,1.1683303410505,0.678770592861025
1.422,2.11067372604794,2.29646516664131,1.29827664755867
1.074,0.70572554589603,1.00769510147992,0.708335768336707
1.524,1.68177568512449,1.74855666620856,2.70234854630002
0.735,0.857757042135791,1.00677153654928,0.891949251039612
1.732,1.03258078570488,1.26840428698586,1.66051577397405
0.605,0.673135813312612,0.783470739596693,0.595091170275746
1.175,1.09390643999797,1.09387233722347,1.57291736934871
4.78,1.8733298405289,1.90606853943872,1.39291977163011
1.819,1.86618054929627,1.81038048879533,1.11285764272351
0.875,0.679492796056286,1.07592106674481,0.565671535888815
3.084,1.10724789111949,1.05667389093198,1.17786774219175
0.606,1.81420875891107,1.49152678387259,0.585033104128019
0.975,1.02252057231886,1.07500211967338,1.16841593651938
0.869,0.936746169259619,1.35933732825233,0.935076187280538
0.932,0.847624504617549,0.900771599715454,0.872522951802702
0.801,0.784331629579592,0.95073139096342,1.01147288320111
1.137,0.825257064966463,1.20580889540326,1.16933094544354
1.565,1.2618456820215,1.08977000382015,0.896352890499251
1.264,0.937418805413735,1.11834947461682,1.16818695962426
2.07,1.81180761839226,1.586879492584,2.00338081558202
0.883,1.3253778536854,1.37618516299106,1.05805542917947
1.108,1.40141656891392,1.68323564573984,1.88092895776086
1.321,0.881260656733899,1.19273065372416,0.923825157789665
2.17,1.70317898484326,1.59573329475683,1.62203078572338
0.602,1.07729494452676,1.15093532539493,1.00820196217863
2.14,1.11642304515795,1.45724017256111,1.13439546228584
1.604,1.31863009089599,1.3065462210966,0.958792169294997
0.453,0.426480946133726,0.497741664399159,0.49082218165674
0.981,1.00333614471709,1.09220232554916,1.11924111506454
0.609,1.22247907506029,1.35875570661075,0.814879322477715
1.232,1.02262042724254,1.26985959467677,1.4850700304729
2.13,1.33716069673011,1.72484625231077,0.886369481470157
1.075,1.10562282020279,1.12372118657076,0.888237276994864
0.655,1.59961214796678,1.76820895364639,1.13727375360612
1.054,1.02656534578317,1.05368385221618,1.27690523589548
1.209,1.13615127936423,1.75095291034182,0.379211640204043
1.522,1.74968075595784,2.15585227065279,2.04919319612857
2.02,1.49294207520463,1.51102090740677,0.870034889451602
0.685,0.549090538932773,0.817240759476629,0.558564734583071
2.22,1.27150923874603,1.63789062765487,1.22254846391434
3,2.52239828867564,2.29304173684206,2.59508849653392
1.778,1.50614307592088,2.07330978823978,1.29850726027585
1.238,1.54978452454055,1.37260002674912,1.55873833386533
0.885,1.06965544869285,1.23617889819561,1.04670481312203
8.9,1.96216656443406,3.06105415654869,3.38581235655934
0.57,0.613619318818937,0.682167800922263,0.407283525550268
1.23,0.773756214354951,0.777841295082569,1.42926209233242
2.06,2.01661027622522,1.69841676507865,2.41586034372139
1.306,2.3000779078291,2.49999537696812,5.75904122186244
1.303,1.32114362286467,1.39069013473002,1.18581093995558
1.009,1.06050816097481,1.18030913216092,1.41897461939466
1.247,0.871179546577635,1.12729102846373,1.13783725510893
1.145,1.17897790817522,1.08640867679447,0.620694755771793
1.198,0.840291262866884,1.22299941364668,0.733954178120375
0.859,0.991130844882223,0.850950901356025,1.05891884102847
0.509,0.547227799616583,0.557506274840651,0.552244913095706
1.061,1.02757801961168,1.32899525849244,0.830473088074242
0.708,1.14814276321257,1.11937253430546,1.04283830816216
2.91,2.13328071657612,1.89664483492687,4.80580081786464
0.662,0.588187232020308,0.660666304600467,0.667149753498268
0.644,0.845942951383464,0.860832083307578,0.513625488601406
0.956,1.17827529491824,1.18560413361672,1.39078477857449
0.809,0.779673624491025,0.92814250007361,0.607960465148537
1.238,0.878691166025281,1.06496918990094,0.997843453606722
0.863,0.920119942158525,1.14544883805706,0.912609014788689
1.198,1.1937403150748,1.49422112259056,3.27336155375361
1.562,2.42019766183509,1.95811056434346,1.3433040433574
1.452,1.607129114762,1.51960024472114,1.5641570056967
1.452,0.825584896395833,1.47848289663355,0.623933367655079
1.652,1.20277410107858,1.2156804579834,1.13792896144111
0.675,1.197242876851,1.07979878488832,1.40005250841517
0.999,0.813186243065495,0.665136879093738,0.584248524265919
1.305,0.999095057198105,1.6172136182422,1.40462081737966
1.958,1.39386230237182,1.55592659364023,1.92252222768721
0.888,1.0942377617545,1.36572130268713,0.935563374446749
4.87,3.13273076606613,3.41294737559128,4.92112253010771
0.753,0.861212878193345,0.747185497589808,0.779696749313196
1.791,0.374684032442899,2.35411368507772,0.797445323904347
0.468,0.688288007968439,0.530516113341551,0.501478209701643
0.483,0.432385459266326,0.527044617002873,0.51711813169749
2.83,1.7918187635705,1.45643399015676,0.955654051959532
1.439,0.930530561160783,1.10549088528041,0.897290613904283
0.969,0.89061320224822,1.11406908494094,0.913967453897808
3.49,1.6974593104156,1.41568041327588,1.31013653175153
0.998,1.2476495140902,1.871565790579,2.18588503707204
0.506,0.392422162125317,0.528770743666098,0.484819689522766
2.13,1.59553178604266,1.49212493982272,1.03538542744213
0.776,0.850164604908748,0.671177012860671,0.625299353898557
0.81,0.572288337314435,0.675353181616727,0.674497507654218
2.34,2.13572940273439,1.67949312286117,2.21702608252258
1.276,0.554618945146737,0.575799262092149,0.443667937600413
1.45,1.55590266952172,1.04758959610957,1.32085932876057
0.421,0.561592746414062,0.709047538698973,0.378018454960658
2.77,1.68365179041519,1.38538675640923,1.2601693975837
2.29,1.3142648616466,1.46917732573045,1.4304566831237
2.29,0.835616192485992,1.56536430508262,2.03641176810614
0.933,0.835117527105418,0.718490416892747,0.764320743321601
1.064,0.748185382806833,0.928502222689648,1.02681002344714
2.23,1.60560450754714,1.2700620072816,2.26057686892212
0.683,0.773406621207746,0.947216595987551,0.489909873216424
0.793,0.882805702588785,0.833929872172993,0.730176244757903
1.715,1.71125231062323,1.43014984259683,1.31200983522163
0.462,0.281637868307387,0.431011574668175,0.284941922382632
1.077,1.15531550801873,1.15811088590424,0.843169749429144
0.519,0.521487653360975,0.586431288075885,0.953692868084895
1.138,1.91912779656045,1.30765488694678,1.11841759307655
0.451,0.934784099654822,0.710042429222453,0.842094863889493
1.056,1.00316261620467,1.02376340245334,0.793942103819156
1.096,1.27939424832852,1.87486984095825,0.974766609547205
1.139,1.10292864366215,1.10353063518218,0.776885574850097
1.315,1.55102376391199,1.57983862642315,2.3991924588522
2.19,1.11981088300624,1.21652909119313,0.819671368261277
1.008,1.29413420171231,1.20967891119048,1.18244123875749
0.897,0.82790869888061,0.959201820433216,1.00915223032976
1.644,1.58344222013205,1.2255804252596,2.38646673852859
0.933,0.999206269342059,1.04379056118172,0.686144390825639
0.707,0.830075812137928,0.660588942281195,0.652718016864614
1.068,1.76370677549982,2.32739498987954,1.15725847483206
1.632,1.67372577340406,1.84151064684626,1.08366081447058
2.5,1.39172979583223,1.8305411546523,1.286044352877
1.467,1.34667511017065,1.65310748047844,0.825710784701986
2.11,2.37372972812952,2.12619873878444,2.89658058401879
1.122,1.28065072073923,1.38886248336445,1.31113989344519
1.679,3.17222840703702,2.8196384481905,5.48513837360063
1.414,1.39182913379981,1.30722978636057,1.2502110878485
1.596,1.30037995534194,1.17858255704043,1.36653062496281
1.041,1.61079794052781,1.71929989119743,1.70809875137347
1.975,1.76699480698729,1.59016757281805,1.44575057759866
0.539,0.566871093260851,0.603807834522445,0.580926615582535
0.651,0.770692904012176,0.973792099475365,1.17197109684317
1.6,1.4722234272043,1.63950762272856,3.04072087005633
0.746,0.781511772611463,0.732578774301317,1.29046020705374
1.519,1.20917091072627,1.43490350129361,1.87702411568692
1.349,1.24986446236154,1.22217774239658,1.51382032883687
0.458,0.588475676000905,0.491338452871376,0.448796550300698
7,4.34953297595452,2.79795705318902,1.2801650580773
1.702,2.20553936170469,1.79975444741405,1.63816100836174
0.588,0.532823508555343,1.01569875646949,0.776542744037007
0.601,0.636076998885889,0.706261316865886,0.611738035934835
0.655,0.880402594283432,1.00032645515536,0.801186264529304
2.983,2.27500685127058,2.28918684539114,3.21648432373442
1.292,1.17546684567112,0.840548186685814,0.77580695843564
0.775,0.737527791699376,0.725375149599299,1.0479915456108
1.841,1.79250922595597,2.04279456987249,1.00680876817095
1.236,2.04600229006915,1.53636400196281,0.789193665746445
2.85,0.965327394640672,1.50991742814645,1.95444856514417
1.236,0.814394614625169,0.807098731261609,1.14383401483949
1.116,1.04073807198281,0.841848824803775,0.914535471968787
0.96,0.64790125409183,0.938377825373502,0.589423533321968
1.053,0.863637310748623,1.00396845442127,0.781830292131019
2.2,1.59962747756237,1.23846085291301,1.39828339202079
0.685,0.610272629957652,0.660458587465257,0.610831454541029
0.385,0.34953985914406,0.371729978994386,0.267004497634567
1.968,1.09327952339626,1.73075071136919,1.4313133824526
1.471,1.40109035463402,1.99015559189971,1.59667993033805
1.606,1.24113213970809,1.30740723173885,0.587659413608877
1.729,1.28200329584638,1.12766410944815,1.39145204372108
1.069,1.16515057631306,1.27471707493848,1.71229492221131
0.903,0.98501438619048,1.38588373622647,0.552692759615706
0.703,0.815477578271002,1.14777452680675,0.812801679910346
1.679,1.15141644860919,1.43809446141603,1.52860864259372
1.334,1.07406835681271,1.40330800491692,0.964388276930643
0.862,0.697644473921353,0.779798903699312,0.705105256990048
1.317,1.07605732519633,1.10158236102171,1.23872395843044
1.307,1.70495736659815,1.39440745135606,1.0096286446704
2.14,2.25734036464436,1.9349491101278,1.96241228469633
0.692,1.07754405662937,1.4142101863318,1.13141284312103
0.903,0.756014833909036,1.04236329674461,0.732091149754709
0.458,0.363937800043913,0.673840460012276,0.419454260795723
1.195,1.42902091332485,1.61168860077897,0.777323510101514
0.738,0.950260027824509,0.869964475188796,0.825375097869753
0.881,0.32430027244462,0.522161727242183,0.331869970566961
1.888,2.27448287578524,1.63668700370354,0.696731942896172
0.813,1.45730598101003,1.51666877099322,1.63725793654489
1.061,0.664960330428548,1.17208932537807,0.713652794335339
0.461,0.869551406142249,0.956320888521536,0.812860205741877
1.115,1.37146327749006,1.22825386799724,1.4182853321089
0.779,1.035404680632,1.31629994410315,1.30231610988128
0.843,1.84245073614585,2.19808349871858,2.39050856154267
1.316,1.42005344270204,1.66994038185333,1.30153608866013
2.631,3.95223170488417,3.30616959649449,4.08708031621501
0.893,1.21092976987487,1.06079081642985,1.28904234486224
1.372,1.24499247162745,1.15077897557783,1.99862147938763
2.23,2.24410110766356,3.07677608548164,1.29311923156808
4.48,2.91303631298938,3.20729311319298,5.43233828380067
1.092,1.23730665399813,1.41656342772954,0.467032734361253
0.965,1.52662263576052,1.3182628090745,1.87675272274595
1.861,2.36088287156794,2.24695116067727,1.83162738369578
2.284,1.27693396536506,1.54149515266279,1.02892439081318
2.74,2.72629746462313,2.55447937018976,3.16724167975383
0.856,1.10014195731383,1.08070542882184,0.635071310868783
0.922,1.17374046583775,1.04672538334512,1.08889111162761
0.741,1.11806047008232,1.43584033986788,1.31456057186126
1.693,1.49211011694151,1.28041579200359,1.41172014343824
1.176,1.17788732377516,1.20221925980671,1.06424098374963
1.09,0.955783706188141,0.98060070225737,0.967583609149432
2.003,1.41876356604406,1.10720233191847,0.637065230861848
0.627,0.756146574936263,1.37929717882267,1.03681018747144
0.328,0.582794797947063,0.770676578893596,0.585955207808869
1.345,1.48102526038768,1.68510580783927,1.57975987817869
2.478,1.62007930392715,1.60528309552462,1.826527250369
2.406,1.12779095511061,1.43143340527316,2.00761539144862
2.883,2.74665326396438,2.42152344317607,3.15688378898308
2.49,2.76353651643763,1.73893998768899,1.69390285009824
1.193,1.26706138487469,1.31014519514869,1.35197675942836
0.906,1.27985957845454,1.00574216766492,0.714667046372817
1.056,1.60522311769673,1.67726322321435,1.72616252909987
0.75,0.738183799680067,0.813146542351353,0.58685638860091
0.83,1.34877897461061,1.19106934487859,1.01922601856792
0.568,0.632599383743328,0.634675014416123,0.735182666030071
1.677,1.68067785548474,1.28439495706967,2.1898339318765
0.881,1.30250894426859,1.16929200456362,0.790454416943195
1.274,0.736584632262653,0.589255500435646,0.972722494348093
0.857,1.21118142068167,0.984206904571724,1.18559339016955
0.966,1.11460687595579,1.13010074570829,1.48374309434296
1.768,1.09943320644643,0.985911307963062,1.250810646559
0.588,0.913418674703467,0.949120950423263,1.0396990482221
1.353,1.28952767635636,1.0780248185783,1.10821374591451
0.624,0.869567852974806,0.684864862582955,1.23138241121648
0.646,1.16808332648853,1.28550861263322,1.12984682610277
1.532,0.838768415477903,1.45190687070747,1.06334785513314
3.559,2.23027284306813,1.92431192421373,1.37289425990029
0.933,0.839952889363082,0.816757299621005,0.826553771328939
0.779,0.809112449395275,1.19101830323154,0.803315201298664
1.643,1.09548845727545,1.11240984818378,2.16429917742409
0.923,1.41911123290484,1.34414821999793,1.22223938054493
2.279,1.95653712969922,1.76167869363477,2.88450200090202
7.25,3.82928269494203,3.87348905031029,4.39122901607183
2.12,2.62299654237207,1.88386785704138,2.62663736922104
0.709,0.985744540818059,0.848275844674609,0.746728420445726
1.748,1.83903256924861,1.82225854573643,1.48160909011797
1.042,1.5007238933599,1.29573461330421,0.729747192729982
0.823,1.32439413243237,1.63918317348286,1.267718641551
1.128,1.2978317228181,1.04340920252405,0.830448413167671
1.791,1.44895026383278,1.42450099518634,1.4414213594561
1.847,1.50592743700779,1.30142434420332,2.07783370224734
1.829,1.27126271475276,1.59254913869408,1.94285741884823
1.291,1.15491352277495,1.08433498634103,1.82074202032587
1.948,1.60701495982678,1.45085442628525,1.05528597755861
1.815,1.68150023422719,1.52741832087513,1.55608475646079
1.482,1.13048232991244,1.11016151447559,1.35606377541995
2.45,1.83940220972649,1.48644886900636,1.16388730116177
1.754,2.25309937761727,2.13634036226186,2.20446668154258
1.452,1.2878001705431,1.69719146186041,1.09287647926482
0.824,0.800163378533512,0.702052494215633,0.435132428993191
1.865,1.12027607759308,1.65815988782891,2.62903206476885
0.918,1.66032947527255,1.25944606505663,0.739593714814604
1.865,2.2776628776208,1.96771325624253,1.69720954082877
1.839,1.19990875159191,1.33401776898196,1.511845099776
0.652,0.639567869063889,0.716792177774639,0.820179678482793
0.588,1.05539922508465,0.902376125705406,0.86597952782921
4.36,2.70575225863414,2.30167925830387,4.70995700344491
0.737,0.985189473028696,0.983399724888194,0.4678823142784
0.879,1.06175444330207,0.986579512026347,0.697004053667368
2.85,2.06448666628892,2.38437466588857,1.21435282887462
0.805,1.57103139925012,2.09917021446474,2.82291253420502
2.62,0.878246938218258,1.64072307363832,0.876279872637872
3.93,0.986101333798296,2.27253796437152,1.37418346034344
1.232,1.44163910494034,1.80893026944272,1.54189620735737
1.994,1.28336566878631,1.28161681447047,1.33701454597228
3.12,2.42147857745034,3.14608843717862,1.78295655382272
1.172,1.00228720518146,1.37184470949202,0.773426932457936
3.47,1.79240394460835,2.2169908875517,3.05425997434661
2.05,1.60524763655788,1.93087238013065,1.23146060616278
2.43,3.52174716635357,2.01948448572909,1.9238192413421
3.02,1.89974548309866,1.79839678343215,1.60727134341035
0.91,0.887857305442497,0.957197084021848,0.601453156117493
3.57,2.1511458736459,2.04746395624096,1.59715971205927
1.98,2.21031269382569,2.24828807882845,2.13996908627798
2.1,1.49154983282581,1.60382402559935,1.49092158723869
2.04,1.29621324328505,1.24987997860591,1.8240387823614
0.627,1.05961538009393,1.20339156040373,0.784432974413391
1.004,1.10954951999598,1.11409842080387,1.08254766826803
4.06,0.818891083644847,2.80544704701433,3.62074671542672
1.705,1.38254300807731,1.92242963015732,0.999690106101998
1.705,2.0208799735535,3.11199582247425,2.27499338358653
0.611,0.681982589455221,0.702498336621888,0.590157414237126
2.5,2.15901480797863,2.12563713081722,1.20907670309325
1.609,1.44886608437285,1.8770286665573,2.11470018128089
0.566,1.12930173810927,1.29760445360987,1.82520642579261
1.955,2.39546383812701,2.23756476445767,1.53754603010225
1.366,0.98358243902529,1.86621212053128,1.23105670322262
3.78,2.63235099493982,2.04098807743062,1.51900696572756
1.409,1.40291721570983,1.61991048791664,1.34580431498202
1.416,0.757821264270667,1.09397954964746,0.764758907951061
6.14,4.85262231705795,2.66607802650276,4.02570943449345
0.784,1.28809031600689,1.17675199879592,0.842693718503446
1.091,0.837633313952386,2.01721930984543,1.28754144251631
0.542,0.724353926706304,1.09964458916041,0.60293313948139
2.95,2.27394635711481,2.48822311759944,3.44958068289198
0.744,0.69736708093378,0.943968370814948,0.691271897741572
2.12,1.74170932334234,1.67554404787001,0.682955300643264
1.499,2.06027097473267,2.22817980647697,0.793542495143305
1.129,1.10414660502578,1.17993866465198,1.33472357012523
1.172,1.44165447283953,1.69252038041122,2.54511521694843
3.51,2.00988609241545,1.95285709375391,1.19166075101373
1.906,1.37858148475478,1.45967269448556,1.72172024260062
2.83,2.80681829216512,1.93655658691079,3.67349760875934
2.09,1.21547386471452,1.78060254415803,1.49299723387503
1.294,1.2198691187377,1.20105958031041,1.89080514041022
1.086,1.24252128445033,1.16800413898715,1.07087666898156
1.291,1.47299097555097,1.48040347432486,1.58152360187308
2.16,1.3890951428166,2.13694631162066,1.35269041607725
2.38,1.47655116975914,1.57454171069282,0.904884922206896
1.207,0.715652443618082,1.10562331974449,2.05106277011754
2.267,1.4137192195281,1.32232631106592,1.19808867129316
1.16,0.971553995866106,1.59232262700664,1.17813349948549
2.214,2.00799880592694,2.3749193247868,1.28619063525149
1.763,1.3844913018964,1.22929145352004,1.24256493104219
0.79,1.297350167875,1.37480829067604,0.889259726637693
5.51,1.8961928861869,2.3775331294149,1.2077360082117
2.22,0.98982011547625,1.43642757591058,1.64355462018768
0.783,0.710432994532351,0.715762602168448,0.601460036399203
1.173,1.72129923044713,1.80239907066413,4.66190848656364
1.059,1.01170395429081,1.06997646699766,1.05479946987306
0.864,0.92516276090549,0.872698150647222,1.18054097873357
0.54,0.662250814350793,0.902780582908004,0.580208785514606
0.715,0.794333845374726,0.868835321314317,0.943644345620405
0.731,0.974405988056887,1.08416464586365,1.37542528713245
0.679,0.941907084565655,1.10478266246572,1.25777816729642
1.578,1.56685761052614,1.03027902194244,1.08970075593979
0.569,0.71741990949924,0.654399988749312,0.819088799743826
1.054,1.26421565950761,1.34463365051387,2.04072580337455
1.043,1.14581775327079,1.14060892112783,0.868057947839122
2.73,2.81067793537457,1.82854245556781,2.57585480126427
4.34,4.6815453093385,2.09716116586761,0.948995987302534
2.05,1.59268513090702,1.43584160313135,1.57857407588617
1.73,0.969726854920518,1.81569222855926,1.83229996485284
1.114,0.545929616227227,0.911720502801535,0.74022442832125
0.993,0.779283606182426,1.3076241875588,1.08384908780765
0.956,0.995598866240846,1.01994772723418,1.33869268676141
2.5,2.76681638990601,1.83799240286834,1.59961615535881
1.657,1.32723540993523,1.5692783420493,1.93703798291889
0.805,1.16279760744514,1.21842210436802,1.02909042825543
1.849,0.629861574271937,1.6535182363464,0.560248990454348
1.093,1.06747561595091,1.03515465630326,1.30156226377772
0.875,0.7914194378142,0.765430369747756,0.86823808912207
1.078,1.16983340773009,1.14247016001176,0.846010621852509
1.204,0.823764280174238,1.08433337439788,0.747905810028593
0.302,0.693804935308256,0.713927236295145,0.63419920456401
2.426,1.5359298171203,1.6068509006573,1.19680501513249
1.897,1.37420077266584,1.3938523162586,1.65867253000386
1.068,1.17560484673585,1.24114123450093,0.75613881428673
1.466,1.32117186093202,1.52239762520843,1.24269594469938
2.07,1.88152980408402,1.95758969404747,2.15051479079257
1.555,1.4779108525439,1.85774857022614,1.39332578873342
0.868,0.956917627630941,0.916536516661043,1.02396512673413
2.61,3.19252449373344,1.59769815248012,1.92082306175958
2.48,1.52042197634559,1.09895431028618,0.993131290760325
3.61,2.30853890419702,1.87197697370794,2.60562574375173
1.681,2.51629905533674,1.95395603424417,2.30426555157477
1.196,1.22582378174715,1.16286672142003,1.07290712291931
1.366,0.713119088771239,0.813890595273384,1.07254469518153
0.677,0.76865102271421,0.904668653695532,0.831171726033993
0.947,1.06604720391598,1.07706843450307,1.02142152602517
0.697,1.11695291518307,0.87624083536147,0.896210589765926
1.166,0.927838158528338,0.987989140886332,1.00353240905976
2.4,1.35663495300835,1.26421510452159,1.7084182695886
3.3,1.27604450372666,1.36639970549265,3.81590775926376
0.587,0.488535573169062,0.495456122040689,0.375576812593977
2.548,2.32371042455853,2.86013699391258,3.57575478079378
0.836,1.02890491799334,0.979734854537076,0.784889511396591
1.655,1.27802709068239,1.50708863418668,1.52160874288509
1.298,1.18237070400198,1.32984776622468,1.10182443786189
1.468,0.930220051310571,1.15712977285564,0.682127004900723
3.821,4.45352968035426,4.01250269933832,3.20165805688227
1.482,1.6480324525248,1.36008894769537,1.04038220612419
1.111,0.911013786836517,0.948806892629544,1.02895002843061
3.22,2.97713211338127,1.67249110963841,1.94704327692775
0.519,0.426338682359167,0.495014401324566,0.587534510168588
0.394,0.815836812793723,0.787488946638384,0.666859793342274
1.741,1.30220997726584,1.4922628726995,1.74658561205561
1.749,1.33960907015698,1.20755549710004,1.20686753180708
0.91,1.16489952251186,1.09244480908624,1.66815443540785
2.327,1.32667634713954,1.20548322709279,1.271675424585
4.258,3.11232229079828,3.19037872690211,2.47245602671655
2.49,2.34708917124124,2.04447737228927,1.65451322470567
1.143,1.00798615216404,1.4989941299789,0.969172201217464
1.164,1.11655897003948,1.37270010692874,1.30156528155558
1.68,1.01663642244733,1.0326900937221,0.673948937321418
0.556,1.31140806647106,1.23785559771371,0.626879608510462
0.642,0.593145611854955,0.667988706549015,0.669371876535531
0.742,1.21467622528932,1.1297320651851,0.863497366731908
0.73,0.848648195814711,0.806415624355572,0.654125033978337
1.283,1.59422164032347,1.79559709275471,0.728257226396253
0.992,0.801851754586735,1.00663966397932,0.789517878423947
0.628,0.598368032586674,0.67531707380306,0.703654212691693
1.28,1.90405002747481,1.88127479116432,2.71732889939221
1.106,1.31828970474425,1.50487425898044,1.04053916837138
3.42,2.06557814639218,2.32263472495262,2.73131238108452
0.289,0.348966514316493,0.396835736288159,0.246991868184611
2.04,1.3058336133499,1.17781432631873,1.05681275219915
0.345,0.347074821264175,0.416966917830981,0.310517004706083
0.309,0.60479342049765,0.363357696737154,0.528159557125
0.486,0.506546669461648,0.540044184881068,0.608204017398426
0.53,0.663245631183925,0.663772487638627,0.694169942137407
0.554,1.00936347129158,0.645865428031288,0.616776628008213
1.044,1.91189775303047,1.92000814070826,1.32812218030065
0.572,0.692166352352432,0.692814237251373,0.455192145480583
0.878,1.44484011909865,1.66166307697545,0.792020268647782
1.649,2.4088544917166,2.5449159379913,1.83474713370803
0.847,0.78554229063087,1.20347792454196,0.936212445125223
0.915,1.11981427075917,1.4407054940084,2.25270504695675
1.226,1.37427989170706,1.23654651949398,1.30430930640482
5.98,3.82715912988857,3.28244637091976,5.0702911393248
1.795,1.38882858196233,1.60732412216124,1.29746902923868
0.782,0.747041564701789,0.701928433786335,0.444068350744497
0.329,0.118796482037686,0.536746061012918,0.467300569118733
0.575,0.628372237000072,0.810820234068649,0.938423359100101
0.266,0.178515670994713,0.327089550680099,0.20399162998152
0.633,0.712925098799321,0.664256804745947,0.391652668280596
0.501,0.365137534603287,0.378593316535839,0.448657963483646
0.802,0.931575428733155,1.05286065614297,1.22546778763512
0.392,0.632690671763714,0.589954339213648,0.261909113752284
2.44,1.21465044317551,1.00735848673743,0.937499727342476
0.589,0.631320072791506,0.575614359822938,0.503070069509716
0.684,0.720360028953296,0.724907559088235,0.462870739048355
0.391,0.490258910860409,0.449092492120389,0.400767138084098
1.203,1.01719542751779,1.26002818722921,1.22256547962038
0.414,0.522099815725968,0.437220101672241,0.445656488842322
1.098,0.858439482256298,1.18532042183797,0.463281433330341
0.57,0.780081246002505,0.961286701191158,1.24169451455767
1.112,1.66068430168805,1.7822204103078,1.29636359332566
2.7,1.60898755521556,1.91266525348405,1.77979888986502
0.456,0.672437111221811,1.32118073167038,0.56091827279125
0.889,2.25556760459147,2.0381601123931,1.63374048221262
0.426,0.265007636911586,0.429473549729071,0.299227620978141
0.499,0.44703804723817,0.456649045996198,0.431216932325312
0.725,0.537662292057973,0.71558924200077,0.936453790377878
0.896,1.27368383156806,2.01849702580901,0.581864303143262
0.561,0.56754309545426,0.545100537676549,0.463931135377391
0.28,0.338018540027765,0.409946320607992,0.355313238093172
1.123,0.87660003482048,0.967858021297069,1.07001665125142
0.409,0.463537654045298,0.476916384351672,0.442263799841754
0.374,0.249741092880769,0.433104451820897,0.261018510590182
0.596,0.96569377159778,1.09839316376208,1.37898375747168
0.618,0.663371721070237,0.95264070117059,0.503705711255009
1.87,1.53929884483567,2.15229901966541,1.73767076147317
1.187,1.97835536473424,1.67400887456155,2.80362272531916
1.177,0.990125493716662,1.03051213993931,0.754349648895606
1.761,0.620651719745627,0.798423597414489,0.650240251424889
0.537,0.468546970875323,0.645562514097952,0.401346848166297
1.525,1.44526747399666,0.76873430203004,1.15453921052737
0.466,0.750474088668135,0.691157681364311,0.899384770826858
0.426,0.460206577308082,0.53659880177204,0.543198148609735
0.377,0.481653204734332,0.485689825078366,0.474036740436616
0.726,0.94617351425912,0.773104326472812,1.30650047553634
0.332,0.302437331611053,0.455871534663334,0.371108571398225
1.088,1.27975034716831,1.4335453411275,0.693220524003588
0.573,0.464196868169634,0.6893880790268,0.513819692746259
0.772,0.972422347771466,0.790460326519022,0.828475317407426
0.82,1.17720549867853,1.65528436631575,0.663901393918471
0.874,1.16573239646299,1.71718068319466,0.904360954656762
2.137,1.18951248894203,1.14610705365291,0.709193796417167
0.358,0.381187817877232,0.379132261029667,0.299555603956146
0.517,0.45486477396176,0.573393095991711,0.451802165867121
0.824,0.613279033861147,0.737100918415798,0.77846079123478
1.39,1.17117709439626,1.32893748115782,1.06144011613334
0.34,0.456493738435843,0.411320589256733,0.271264249896522
0.896,1.22827329439315,1.0433842083581,0.948380317854417
0.728,0.955101929952443,1.06000196052342,0.917909911941784
0.511,0.673630102822283,0.677531498937321,0.435733970342059
0.796,1.11757531072173,1.12236180705232,1.43213323873384
2.7,2.041768454549,1.77860963539135,1.71215534961434
0.58,0.702908872603489,0.853010303616116,1.17985621107867
1.095,0.454086676167561,1.22100953199453,0.997547870955719
0.667,0.83986638076675,0.956435039273902,0.894298275567864
0.938,1.12930627511861,1.12905619936012,1.6533034098635
1.538,1.26263809124245,1.49040378522147,1.46568330814184
1.007,1.73559098351328,1.45610146192133,1.5518070446574
0.973,0.738399827253313,1.00205917309709,0.983259416816723
2.82,2.5006873796582,2.11982856253521,2.39982939460038
1.394,2.08075921058121,2.40232323730324,3.80136495952629
1.075,1.48859029577558,1.8232823803442,1.45155283558018
1.182,0.922108400025753,1.14141328880561,0.947428714863486
5.69,6.13402733764023,2.93811064067307,9.63455590110238
0.82,0.815218613221352,0.714587135989353,0.739332405136872
0.719,0.400219871146711,1.58222512162277,0.65870605633583
0.492,0.543334146275801,0.632849203346062,0.352072547744079
0.577,0.633809975930602,0.679044567095525,0.505199842038468
0.592,0.784865585674801,0.738618757776267,0.75155504251024
0.27,0.426304471276361,0.300812371231501,0.216548251980145
2.14,2.04031802593534,1.97182770235424,1.99427122386045
0.29,0.257123316804681,0.30429815352777,0.19438053714931
1.103,1.04975310082453,1.30323560975787,0.839657210779511
0.537,0.525295441306045,0.739764691894862,0.37976470208992
0.922,0.756322458676184,0.990724071193652,0.591088701603544
1.057,0.818431042536924,1.01909767522518,0.796495388670419
0.562,0.638270282224586,0.59147046023288,0.667338708377468
0.782,0.684736941342544,0.905454295960873,0.564109973894267
1.798,1.58565267065069,1.44665202208301,4.26657443095788
7.32,1.8256004889977,2.59300359899032,1.8919515343725
0.807,0.86813875069566,0.845727103084326,0.960728349045554
0.934,0.670324728786852,0.961868983763633,1.05740730707383
1.118,1.04617782970703,1.07238361604634,1.03015583549547
0.568,0.530547491332383,0.568411780229047,0.629518066073241
0.234,0.199748184780853,0.346961560125513,0.249111772624658
0.313,0.331248875639421,0.321634142379996,0.339622944094155
2.513,1.16777567675361,0.854193806300768,0.99773248444915
1.147,0.995222522700124,1.04266317761747,1.53797157676376
0.335,0.279154437068952,0.309494382096446,0.276260022099594
0.818,0.431990867790545,0.738255834518681,0.584666001281358
0.703,1.11899852475947,0.770179047785932,0.932726017224132
0.505,0.68968673608961,0.694775380751475,0.646913628514679
0.595,0.657136258236218,0.758724832968114,0.499578409248964
0.253,0.431621138239402,0.326364853651002,0.284164433617758
1.846,1.11294590825859,1.30743426768681,1.1983254227284
1.358,1.09498570813163,1.13015986534849,0.709423271452357
1.433,1.11055935614922,0.997448409452927,0.829164549165365
1.272,1.20645576588946,1.23352757477284,1.49627672457426
1.418,2.30769620002226,1.94101451721094,1.62301607319626
0.326,0.259223163380218,0.36923119573698,0.303460568657528
2.103,0.989916653632513,1.09939236051117,0.860055979696126
1.531,1.15733585347652,1.37525800499879,0.816891047098868
0.282,0.43685969312677,0.403117075847078,0.536344608771636
0.784,0.742708650100458,0.652238109166521,0.434598573818347
0.331,0.305402775181507,0.369201088787308,0.307818241804486
0.494,0.524040067921561,0.551203693770614,0.539536185973597
3.73,1.75621425936267,1.74022156824038,1.31707329452591
0.662,0.705763842034014,1.07853491799976,0.673523588402812
0.341,0.336822782023255,0.378828006950074,0.353943854911909
0.656,0.576669107892757,0.714823438740706,0.715131836266163
0.897,0.878145857147714,0.952829414613485,0.960033017247911
0.644,0.482143073839975,0.631638876837731,0.250712509656068
1.686,1.95453345089567,2.27641266852751,3.65737792176078
2.045,1.2300059014667,1.4985415154774,1.07995256481439
1.681,1.62368717105201,1.83810609810059,1.01811934298112
2.94,1.98882480923818,2.01734851940365,3.7860016517795
1.05,0.627180898119583,0.879695476651762,0.562621305810148
0.398,0.498881589352326,0.489420836470654,0.352070961648663
1.504,0.796912056466395,0.852491205759972,1.03153997413109
0.575,0.784794347059972,0.619327750511884,0.763010449968116
0.698,0.295388453094285,0.681053896608001,0.411357164203953
0.668,0.637383931324948,0.814445745440363,0.394368265079976
1.284,0.671816949313433,0.566681009433946,0.939467643251688
0.557,0.435787137361278,0.649092908330446,0.441820529163239
0.674,0.734567821889305,0.859200117289667,0.777953678453999
0.793,0.86344939298748,0.662973940264655,0.768404149489782
0.502,0.421449817253092,0.442589891370776,0.367649270474655
1.533,1.58564461161101,1.63770264545558,1.68205201867663
0.939,0.840303981986274,1.14754076471218,0.967149356389406
0.658,0.565171558960678,0.667761004055326,0.468744676832303
1.082,1.14650541733035,1.12001844270312,1.54877204622911
0.592,0.537583874448639,0.696163577453358,0.537244620809155
4.38,2.63024329362056,2.55144476488707,1.92577639474993
1.072,1.32257102884708,3.06600706618061,1.82711488662294
0.826,0.614690410619828,1.79475335186361,1.54248618412486
0.656,0.831907912669763,1.11384313970897,1.04234325345366
1.538,1.48053346848338,1.86185853143088,2.52545168674217
3.45,1.35588732624092,1.24239868265086,1.99996887917849
1.126,0.769339954221923,2.27732760972289,1.04506649393011
0.762,0.816476203914705,0.858601873819825,0.949594089254534
1.589,1.82583889589958,1.92711512218261,2.09717396170947
0.958,1.14022682792398,1.18798998998958,1.11146892943966
2.389,1.22789293482506,1.1761345302381,1.78326508610224
2.02,1.10883401472389,1.0598800168293,2.19730103132367
1.044,0.896638788943148,1.07778544586379,0.850970483365472
1.441,1.39778790016198,1.38159560724112,1.43784012322001
2.1,2.22258840316327,2.06451504943411,4.11339058056329
0.337,0.202342458679229,0.357112853808138,0.183222989286125
3.1,2.76444498782435,2.30985636282755,2.97776154530176
3.88,3.81096312488221,2.14007636162107,1.27478231589026
0.689,0.874454752703324,1.07073776420889,0.968185632532084
2.38,1.2847952945428,2.12189382705985,1.66850316625387
1.014,1.68120849101681,1.71675981227878,1.30342821963447
1.954,1.13946858357275,1.67481753793256,1.728334824121
0.817,1.52755211079057,1.78224862588217,4.28068778365529
2.21,2.15053945684176,3.0803770960662,1.72283186392149
0.681,1.26466580037056,0.994860931901784,0.749956094197892
0.407,0.45642864709126,0.421590892531868,0.561752105652279
0.307,0.206746129375505,0.303355941260805,0.204816759236145
0.789,0.908577252366965,0.764501116162771,0.51834139806713
0.535,0.537046181002724,0.530919243566352,0.160735547075562
4.76,2.13547333984305,3.48954192410471,1.65958761312927
0.418,0.43951509883588,0.452059548287976,0.482478724496426
0.792,0.728587059254029,1.10671551836965,1.06107512796768
1.338,1.12352398917215,1.38300830324092,0.705243268813892
1.559,1.67799273310819,1.80309535591158,1.86697117019001
0.268,0.28633154592344,0.394275456290925,0.309425126306003
1.198,1.74495340906788,2.79602752209769,3.33687244479229
0.593,0.92715575901928,1.78242747993639,0.788059014868139
0.909,0.564896435120585,1.05548742764639,0.561171667060209
0.838,0.593452843784429,1.02894705799121,0.597134250994518
0.441,0.474255059468464,0.478871944937457,0.480986940005295
1.222,0.93000929215622,1.51105805927209,1.00957820887749
1.006,0.892696407630622,1.11666870951049,0.816996600786817
1.201,3.74194219498614,3.13952375499174,3.28422601230734
0.58,0.476254971393833,0.568210822225199,0.460723523424166
2.49,2.39811592328437,2.2246628121445,0.958114735530365
5.766,3.7792214212224,3.10896836982292,6.87691783031553
0.258,0.324302178762579,0.305643313467491,0.0969429304658246
1.275,0.894868156386808,1.48534092182869,0.744003315798193
3.24,2.38212627149493,2.0821028877663,1.18764423990235
0.347,0.378264388276997,0.30187141366629,0.344332475947001
0.588,0.573012337460018,0.896091926033774,0.461476983474581
1.652,3.24490785852667,2.16476181099988,1.35711789571275
2.43,2.50893125923435,2.42679959667638,1.93564460115803
0.247,0.325468561303496,0.341899837471185,0.239933163383381
0.801,0.860578305062806,1.11425103856831,0.653560230720585
0.611,0.876381375185389,0.878353296049452,0.84547776557634
0.422,0.419163138570842,0.471900190879063,0.360146362164686
0.676,0.686792524046917,1.01012710238976,0.757578321958805
1.13,2.23201878253744,2.03274140259855,1.2331739378404
0.413,0.424751968100566,0.518188014835498,0.79236312198915
0.362,0.242694583217181,0.422617112846632,0.491537155770827
1.428,1.92890851604223,2.20708943049586,3.49782209371564
1.211,1.3603754775667,2.13735686002862,1.27373875223654
0.545,0.541931720972843,0.552491997324127,0.602299100316824
0.539,0.739123341188102,1.12702313651432,0.896553638307247
0.616,0.47355619099907,0.740040479332076,0.606941021639149
0.775,0.748330987796477,0.733878969761587,0.587308597269453
1.022,0.786249140195635,1.27499967648237,0.766781167926104
2.31,1.49842584513921,1.57032530765846,1.76482226370016
3.07,2.69595063408037,2.90688412544788,2.00834345076179
0.283,0.334342078061722,0.517299251225341,0.380351705121385
2.64,3.15861892394171,5.43222790937698,5.45249631519816
1.335,1.14260186702405,2.00850501193705,1.80511206901768
0.32,0.310964943233915,0.318399673928548,0.220418367033526
0.731,0.998674598959559,1.45030862390048,1.18124025518507
2.66,1.75131580739944,1.73666051990467,0.719053519647923
0.539,1.13552463376741,1.2844488796569,0.775670900363882
0.94,1.29944493510483,1.65853260960437,0.918622553724487
0.811,0.654507831593567,1.0221017805299,0.545174385644557
1.173,0.722344219179859,1.08434861499601,0.515520221574311
0.306,0.530362561332944,0.476939858006312,0.471948405297167
0.345,0.411203775438649,0.488139943986407,0.563247855621636
1.073,1.15556170816587,1.14959147252371,0.860131565528061
0.698,0.559935433400728,0.824315252557707,0.506753151802029
0.696,0.632646544392471,0.814278301929506,0.453270404555429
0.403,0.366270071718947,0.603936715550388,0.510194374784695
0.751,0.580335494200198,0.786388551857518,0.946046062293804
0.375,0.400233916459057,0.743096606921081,0.43545690390343
0.47,0.314224534753436,0.495450701151436,0.345716364630207
0.432,0.332550010472512,0.486364910616432,0.542624536501266
0.534,0.358371741410765,0.767235695238402,0.537158211440327
0.453,0.464228806754683,0.585341373027939,0.381736161127795
0.608,0.47903400951086,0.752463752471498,0.701881228297639
0.854,0.664807769894488,0.635403855414012,0.473781292257127
0.518,0.477015939262504,0.613770640085998,0.343901712979557
1.099,1.74582598034704,2.8695073892131,1.0381629322806
0.471,0.521272764731659,0.649975369952117,0.392333333525949
0.342,0.172744046746033,0.346352720705628,0.270291106847959
0.757,0.898725008638857,0.942186506155489,1.04417330035393
0.37,0.397754970675523,0.560516475679878,0.389596616807946
1.463,0.957152620099453,0.880790016819557,0.607429266997178
0.722,0.820268261048989,0.883187664711688,0.970257277199248
2.36,1.59545037984193,2.47915371586028,1.04285056467907
0.399,0.314288486708853,0.429330091205813,0.288799219142872
0.401,0.360711040800786,0.512450487561146,0.671884895660806
0.537,0.605498299347104,0.655305749772826,0.535812778465334
0.484,0.662200707801859,0.727808099067762,0.544270429700816
0.559,0.509252046041317,0.651307764129526,0.651272081267013
1.174,0.461232458022537,0.694899361374237,0.289521207864324
0.478,0.439942105415205,0.721199875341616,0.697116959491459
0.475,0.5311754204881,0.44347825954095,0.395251742504417
1.024,1.49334666570494,1.58600147144381,1.72855483369859
0.336,0.304726658487519,0.390382859142226,0.426708985697003
0.729,0.635363657593444,0.936979123094149,0.605768613102885
0.57,0.633508769212253,0.619031519426441,0.516924480111725
0.506,0.338952684686985,0.544558329271326,0.405457129853807
0.318,0.356574441742786,0.387759625823053,0.408188660052668
0.825,0.866985184589593,0.940966416615579,1.12365390393824
0.497,0.325203579236415,0.5904487396938,0.62949411691444
1.362,1.82629836337399,3.32311752754209,1.29677196001548
0.635,0.594044661764906,0.752794726166396,0.566849451734906
0.573,0.231567698399954,0.600236217024944,0.310022616228803
0.382,0.291802907055553,0.415227587642071,0.496119862718247
0.471,0.231030903548494,0.40343599658257,0.360782498510631
0.451,0.329623086040629,0.380586347483671,0.55068771286724
0.496,0.31518451717006,0.486851678313099,0.346375695922854
0.295,0.309584785200319,0.293115985241426,0.276876608256956
0.567,0.856096320483219,1.01000774003944,0.569859305217876
0.299,0.134238048751278,0.330306943483358,0.295055204753498
0.358,0.401296004258852,0.471357621907303,0.486703312505122
0.364,0.20585669071371,0.432212278738624,0.484853224125979
0.197,0.455292967274678,0.276573904789177,0.361956605372066
0.387,0.333733701332279,0.688366321976317,0.457440640441216
1.38,1.60892696853911,1.52943222304557,4.47327090731145
0.311,0.187776143068354,0.324248960174919,0.313379696387139
0.318,0.325896842435834,0.352555688996622,0.3860827955121
0.425,0.355500897069593,0.44817346226835,0.407845206406156
1.017,1.14987192696531,1.43836937315851,1.23196554726427
0.292,0.341271321815622,0.43363497340305,0.331829455250633
0.771,0.820549078034942,1.05685217879099,1.31904196505893
0.368,0.354534458023764,0.43471498748121,0.394626393067495
0.294,0.27369825900392,0.371018591401626,0.191349890339551
1.215,1.61835499031565,1.54568635101636,2.02337672397285
1.201,2.09091451752072,2.78833340272718,0.972831907469473
0.544,0.379584705856799,0.725565490657081,0.964571117405259
0.367,0.243720129958675,0.368633546201149,0.242698907850272
0.41,0.360785397184573,0.49420103711401,0.418785710955235
0.427,0.298852458140457,0.50545316068953,0.403322035271617
0.244,0.14220037100349,0.307398014348563,0.211843673623706
1.434,1.36802326938536,1.4425362281633,0.999372670910767
0.588,0.611140888689427,0.895287751560833,1.18672277994843
0.387,0.728505941295744,0.691357289516639,0.701386828525036
0.404,0.407593996461858,0.565814937912809,0.417296461242748
0.323,0.299000994771256,0.47443609653789,0.354511117064319
1.048,0.66449436180673,1.15944675037431,0.878879960475853
0.968,0.929229077353598,1.00155314239914,1.14920427157577
5.78,2.89642578387086,3.47694265556098,2.26747258436193
0.359,0.370696861947069,0.416324341990279,0.427565760787102
0.639,0.532459641626067,0.915957021681024,0.725806258411413
0.926,1.12744641923058,1.45858446849769,0.852003851611104
1.065,1.13216507323704,1.5063100511105,0.837635306740287
0.786,1.06743101942362,1.10975151483608,1.02674626960268
0.391,0.25653286583004,0.498110606185568,0.324149956227242
1.098,2.04203374729992,1.53135147176831,1.21791603297727
0.384,0.415052568462698,0.668075854514655,1.10241927052626
0.692,1.30597171477893,1.34230140988097,1.97717642959691
0.458,0.498754225598701,0.64393245493207,0.393872279188108
1.096,1.18251552310811,1.09794688480768,1.01733321930111
0.593,0.762220001267167,1.13174382051115,0.70331482888905
2.41,2.39822224275939,2.03273704619351,1.75094295534768
2,1.24620547892692,1.50324804198288,1.17313147230983
0.954,0.709965363984913,0.751311716853493,0.604896954405285
0.272,0.346105830096353,0.44306321292846,0.2174973714706
0.437,0.452561424337208,0.468223781569345,0.292401300091482
0.461,0.530476918195022,0.550166844286608,0.464143722738808
0.897,0.83611720924301,0.586100124294627,0.323608478707021
0.472,0.345133645444836,0.601557314267927,0.327194310272217
0.624,0.850877544869972,0.864548768855723,0.643768200635798
0.587,0.77571680733949,0.806203388004197,0.891678505855648
0.691,1.49856895854315,1.41234921254688,2.35808235853975
0.416,0.445923274923377,0.547378653064185,0.616055709111275
0.55,0.58950566337346,0.626578778881705,0.938180033137939
0.493,0.692728868566635,0.706647314101267,0.394573150526648
0.722,1.21822594441907,1.22313997166041,1.37100204660031
0.425,0.387094940393128,0.416094468872965,0.397154136124838
0.367,0.568258237061454,0.554314080710436,0.558377451242843
0.645,0.851073853466131,0.751252688777899,0.979919457273013
0.362,0.519419397459269,0.534616214944917,0.522358264081774
0.536,0.631747513132757,0.7784141995422,0.694569559570984
0.466,0.207965544050169,0.420069153758399,0.554521407568018
0.628,0.906391710435396,0.602300297940137,0.734455274646454
0.249,0.37339135965129,0.517575530611167,0.208681942997205
0.402,0.327879059045695,0.584869100547584,0.216892944083872
0.632,0.492887240041601,0.641284207816291,0.522781141246606
0.408,0.530074725705805,0.680945353008299,0.626669803940773
0.424,0.481117903101346,0.689100643090284,0.671119803105126
0.574,0.603011360631985,0.767845477827857,0.613524765379779
0.617,1.04602354084038,1.01428907137547,0.564834159912834
0.289,0.359878781418066,0.352041205761563,0.383539752751576
0.561,0.529696934394894,0.570974385583664,1.06605456269167
0.428,0.551515859746787,0.590067460004911,0.455955625933449
0.616,0.785418297759872,0.88861260574578,0.762103106359759
0.476,0.482525021898859,0.70492706712811,0.89485260681072
0.352,0.405504032037108,0.385267027113119,0.409674659748676
0.739,0.494814902914696,0.630507868245095,0.44795412783596
0.415,0.592278604722401,0.672990750167136,0.647067555056277
0.355,0.497419587825629,0.45698263044716,0.49633466834106
0.344,0.30460076250284,0.42057551401354,0.351881558365022
2.09,3.37853830642295,2.25997029160062,3.63766096687238
0.819,0.828543301639172,1.00999117436437,0.840474961265362
0.381,0.333666685111046,0.376948957544966,0.301488607264497
1.268,1.82350330378517,1.70062584177561,0.992516739188989
0.345,0.424453405960204,0.424595474366837,0.559568578371467
0.329,0.636300583159785,0.52574425532381,0.555332712077726
0.318,0.236595762342762,0.343238992234601,0.386976543838028
0.485,0.431939396762847,0.56917127669043,0.386886081961356
0.382,0.383802820308109,0.437439272507985,0.452227134686213
0.243,0.372472741106262,0.284102309002021,0.386617484651697
0.528,0.858954118581906,0.578635652117438,0.720540743921817
1.016,1.17266485454431,0.934537494811203,1.11099216396928
0.286,0.317759656988831,0.32530513427789,0.292850571980776
0.383,0.427060682474362,0.493688432217013,0.390609252931768
0.458,0.587422652023269,0.490337607526625,0.404311300514525
0.299,0.310927813188364,0.372882696910437,0.197818927375451
0.225,0.277032244059319,0.339077867511657,0.226873871867776
0.508,0.544309461434435,0.474267214272467,0.440741852337564
1.14,2.08728416372738,1.54638669070991,2.53277192107989
0.284,0.371915842098563,0.325812096142998,0.379671896232508
0.399,0.334503108776883,0.448739475392935,0.636067282973662
0.458,0.300769309727315,0.495962994781125,0.326444492552729
0.458,0.16458594286108,0.440072672989514,0.291501876644294
0.4,0.54052077998268,0.493016642920561,0.539002869711415
0.544,0.620045323715614,0.729691173280798,0.689908973563776
0.613,0.535385901817149,0.670013796249774,0.570580826905104
0.418,0.645488112694354,0.545603428751292,0.677070866462084
0.358,0.257619509893803,0.399764102170249,0.356188287792306
0.482,0.545152617945401,0.572845941394648,0.372158356722434
0.497,0.373801142847222,0.833982577438872,0.630570835821451
0.652,0.754416144097664,0.728106906687371,1.13746896615836
0.422,0.372416045979129,0.386154442891586,0.235987629872201
3.1,1.9248249272045,2.96740474934197,2.44684404710505
0.461,0.342123556930291,0.61339264160742,0.387344260577229
0.791,0.662895062703454,0.387512201790117,0.52641977074869
0.469,0.47435695116062,0.469056604221468,0.400028052095759
0.357,0.210162178329432,0.320622248887176,0.195063168243253
0.319,0.221279344540782,0.34261272914346,0.19741336730508
1.093,1.31794527755241,1.61750920904367,1.22014461704539
1.537,2.07964823320898,1.69609842188084,1.33970992431956
0.349,0.286732270644109,0.327906276505396,0.230643842654868
2.206,2.2931431715538,1.64098053725586,1.43405474366745
0.763,0.910490354027718,0.916926425396043,1.03255610169677
0.464,0.33505990257595,0.444834438705077,0.433898441268818
0.296,0.249373896982978,0.331485810092203,0.285776049389076
0.268,0.238140096078886,0.459964948022667,0.363062179679827
0.65,0.703399667154999,0.702835789060791,0.955952669658073
0.289,0.339366321618427,0.605418825908858,0.259667451374126
0.308,0.41823665616003,0.411275030296816,0.449575215998705
0.339,0.644425109078843,0.499962268211464,0.821462134627195
0.261,0.322001940896395,0.318275857039211,0.288974655792974
0.365,0.601484443081331,0.589055474514518,0.671174381743929
0.738,0.546354631067893,0.613830936621212,0.66867438981641
0.853,0.916487131637227,1.03476173371848,1.04573382606385
0.282,0.275356761423598,0.396962565855516,0.357567828341754
0.923,1.13548550109649,1.37655475577426,1.63994556831292
0.433,0.543193577601347,0.42600234714821,0.314603490718232
0.299,0.303326215524812,0.387540323390366,0.362934250135225
4.02,2.30461391961574,2.74493325634579,2.66366644998826
0.38,0.416975521802841,0.487571255696945,0.362651934294125
0.289,0.297957317888368,0.321405612470888,0.250812117309344
0.328,0.418398952322449,0.397756708222132,0.587280762151775
0.367,0.729321209268547,0.381685132748292,0.265916037036696
0.294,0.304392844421896,0.333028184496432,0.344475209080352
0.439,0.27204677381863,0.470268894943242,0.264457780697398
0.459,0.390525328515888,0.427438567439544,0.435361979783785
0.242,0.329319320962914,0.344921092945014,0.243346796263689
1.72,1.44473599092384,1.39033337025932,1.26004336180836
0.35,0.403914102398238,0.449038450250186,0.492806806923159
0.243,0.239797486677809,0.339147140836442,0.327174266473637
0.276,0.340689717703358,0.333322698465235,0.293836529023002
0.303,0.263050021358626,0.336657040234356,0.421091258943519
0.367,0.416514965220379,0.738824139029704,0.38285048583081
0.369,0.433550984217429,0.456934670363093,0.458059513027639
0.368,0.230698932299525,0.307701105830983,0.254968685411131
1.271,1.31717127923813,1.40761486942081,1.32969637264342
0.343,0.544945547030346,0.347002422387312,0.354364878644953
0.663,0.676949022601847,0.673355860342326,0.710284927322561
1.738,2.7912672636065,3.33587349144211,2.93698832179446
0.249,0.436985614529919,0.42061772130944,0.260756009233977
1.107,1.05599669464117,0.677851581012846,0.908823594632123
0.407,0.473673867423957,0.490350610263746,0.413394028642928
0.667,0.587161482504318,0.869599939160496,0.880333621603659
0.294,0.235616966727361,0.356720245871438,0.359403763586965
0.372,0.223661797089148,0.352239695608073,0.348309048212183
0.357,0.368651581100016,0.310670051638991,0.280205673057041
0.283,0.290059811995811,0.303318105084659,0.24800624275606
0.828,0.551552386948705,0.697115002721434,0.627225523984369
0.317,0.509128811627162,0.609074069534927,0.355239363147368
1.462,1.46549749496599,2.32944864306007,1.96563048117149
0.304,0.254781965864398,0.353801239151175,0.233722719011887
0.307,0.24315729491353,0.336111392432373,0.365404437430875
0.264,0.212832383005276,0.303580301496103,0.239901785904544
0.259,0.65142442986681,0.335159021709134,0.394854959403908
0.432,0.455995708498462,0.564653386567822,0.497791934562233
0.292,0.231736791906281,0.322576650082156,0.271465771970381
0.363,0.332547426967009,0.374384169310949,0.497850643185016
0.329,0.337100170154206,0.452087753323164,0.677651028257233
1.513,1.36757776048147,1.34645191550886,1.15823833503212
1.038,0.754936210970736,1.02594781413738,0.890659507104053
0.317,0.273419001143083,0.32081417000325,0.424184721133113
0.256,0.358786232938732,0.323197937534087,0.36227776233478
0.484,0.599952737083392,0.736306687387282,1.24189780360867
1.062,0.819253681197685,1.02633345628688,0.682850257747992
1.254,0.878669496787095,0.807294720703351,1.12417954162112
0.525,0.651356814899068,0.668728703876652,0.936372362186869
0.577,0.347933946058155,0.558316694230921,0.502479054185663
0.323,0.40786099897952,0.343673426929509,0.221959174964767
0.317,0.24284434407402,0.388229282420607,0.349281729927154
0.695,0.56105436382309,0.876124019029489,0.747640464957953
0.284,0.3716982893168,0.538427037114698,0.571062280726784
0.388,0.370572550617097,0.386593716760888,0.281378429011862
0.33,0.313760668013364,0.30335499149022,0.288695138736217
2.8,2.40167889831683,1.69667367302062,1.30018823193258
0.304,0.111733434977085,0.689335780721463,0.371760255754667
0.375,0.356336197740141,0.529694928225334,0.38304298461135
0.221,0.341376880430478,0.387920805030499,0.36693177375455
1.517,1.30689831694791,1.66389767664283,1.22627734655261
0.321,0.246536202537547,0.317087051827388,0.274225392618936
0.538,0.466094595143362,0.707168781988041,0.676927095349199
2.59,1.47621339842932,1.72368281884574,1.48542179013698
0.364,0.370427321163964,0.395689331030188,0.34558045585144
0.357,1.08960691018201,1.078827696296,0.987904058564318
0.378,0.464756410927721,0.489810034263974,0.358811628874055
1.347,0.573537934635049,0.921728546401448,1.05558113840541
0.209,0.273200989027762,0.465972172641494,0.480992488670285
0.389,0.175979743591598,0.47057256922151,0.257910744501246
0.932,0.852992441423583,1.14097430801658,1.64870989479996
1.439,1.17558780446335,0.82796246901566,1.1337924192508
0.214,0.187740251594548,0.329283315706929,0.231296143973671
0.79,1.26743793347378,0.857232677049595,0.951728700048194
0.419,0.845207450260051,0.56544296719112,1.24984753360402
0.271,0.261468751584856,0.367698135343841,0.339245400475225
0.465,0.613770579654052,0.539398002693723,0.618925444056708
0.616,0.715077976965319,0.551672019796027,0.40912806895631
0.391,0.391120897719539,0.423379128817873,0.348431692061587
0.723,0.716565108007469,0.776238071667276,1.11095415035963
0.502,0.584346734146553,0.687093962561245,0.809074173626953
1.348,0.718234819956359,1.15572931225253,1.15827178522979
0.416,0.441042212737172,0.453411932053007,0.481499447912681
0.263,0.323903706898617,0.29096029067081,0.327344368686587
0.229,0.264951492146584,0.448382045373805,0.295299099284639
0.254,0.197586702602415,0.333562313398724,0.349326138757937
0.905,0.99098466490915,1.01110184762226,1.32522444177593
0.932,0.893268251154097,1.46744642954078,0.510302514348943
1.715,1.02865185998023,1.07345213418526,1.68111598647734
0.253,0.220653536003866,0.392405235386348,0.222965418040791
1.801,1.17949167668008,1.49129405198276,1.16844999482395
0.741,0.63061851480508,0.728913673079825,0.600960459002863
0.303,0.33544332426182,0.313355237325744,0.321600840166697
0.403,0.246164790446069,0.348804848272066,0.295745507162832
0.501,0.672216162678846,0.657263500911454,0.502015593340658
0.299,0.205559454025629,0.446965766279263,0.298655456440297
0.487,0.425062058183148,0.462408610771524,0.635929686863008
2.66,1.8288741510289,2.29656871571376,2.0212169386566
0.44,0.508438426604097,0.525275465383086,0.41990718974321
0.48,0.388263512637304,0.532469418898497,0.497549471680894
1.708,1.08269147716236,1.46213007224411,0.664902822192908
1.154,1.44778724024546,1.63496337163774,4.18457275322708
0.359,0.216619158662595,0.359778911085605,0.41690905931143
0.443,0.36282378149373,0.476226270330696,0.268498192356906
0.244,0.295987080540108,0.318232836166813,0.332366495388133
0.513,0.590915704743234,0.676369164162101,0.480744562759579
0.456,0.440306982007275,0.495193030697448,0.287537785950896
0.343,0.297787816335174,0.429364461446223,0.409736809227068
0.404,0.3604652247492,0.442426012330267,0.218491773862906
1.967,3.73804031839333,2.14153404267187,2.35235411372557
0.574,0.574138897309515,0.693745737814361,0.672792243935226
0.814,0.813515668375822,1.04648475564407,1.12256852703326
1.085,1.0936212611662,1.47908058389215,0.528258902184994
0.412,0.410006575098473,0.51553308894422,0.510812683764538
0.405,0.380826554237919,0.486447659272227,0.247960608816776
0.395,0.438640511591395,0.428491746174468,0.371413907754117
0.339,0.400191834567646,0.402508293733303,0.497301523823581
0.305,0.233023895907118,0.335849082923788,0.237156275109196
0.668,0.612003007806099,0.677291183198357,0.418295307341387
1.114,1.79251432031923,1.41583657685175,1.56593693092152
0.389,0.288761726942974,0.356476007582326,0.335308147777094
0.267,0.338736418851283,0.326204058929317,0.424258172139993
1.098,2.59562785730177,2.79439741137651,1.91260228523777
0.366,0.236310778961825,0.381451472497383,0.347212967005881
0.418,0.28624449144441,0.57702658953236,0.370024268338187
0.301,0.271922867087448,0.354066573919322,0.323502360989186
0.286,0.22875677620072,0.371809262352374,0.332373596314249
0.202,0.178542989340158,0.420927665428015,0.162706394811826
0.317,0.264368670212124,0.429636586832924,0.2374409616226
0.372,0.260240301612674,0.292404509097366,0.241489231930224
0.587,0.502443921673144,0.609927198638399,0.691434766973319
0.876,0.685681478177427,0.937372218834804,0.696515988688783
0.328,0.420837467198749,0.444770809299093,0.379645903331539
0.36,0.261198663045938,0.407982039792427,0.310356472929228
1.342,1.1957163815482,1.75578727433545,1.29908871022836
0.317,0.293723889481444,0.329804599610101,0.267199794827915
0.278,0.281389137933388,0.303103134977992,0.293665139379248
1.898,1.32557561513972,0.982053842827298,0.822940821495001
0.304,0.215909034246274,0.370495028659707,0.476741620935339
0.482,0.411468170392649,0.587593209955841,0.647128374417193
0.622,0.561190149323788,0.877447574313211,0.389513989870035
0.31,0.374386239410865,0.430084901559386,0.329589686912955
0.319,0.357511847737216,0.482396222617187,0.297024622261013
0.323,0.227527827982026,0.390865794680533,0.234124200120675
0.629,0.806934574846791,0.826160672768701,0.777522776818271
1.096,1.11270620133097,1.13724049778705,0.76612896174115
0.392,0.281527223030576,0.627671873635865,0.421494190185458
0.31,0.329495567474372,0.332031359006816,0.267929791297768
0.521,0.475961328973719,0.632076886621488,0.612366116145413
0.372,0.312086743345407,0.318919052136036,0.287595655570911
0.447,0.390987060724727,0.366014000826703,0.491770102896782
0.313,0.338655914020689,0.399583410790261,0.40293359559518
6.89,4.42124272631174,5.16001193197392,4.71110007394198
5.99,4.51891596638291,5.83114265514757,2.08580978191702
6.87,4.26013729964015,5.46661370043409,2.72010711961655
9.93,7.8397974397167,5.69684919825203,12.4364712281484
0.897,1.234476285539,1.10722911205787,0.85384375604305
1.615,1.56387854238645,1.44649385482224,0.930719687960323
2.53,0.993436378428339,1.82576697728168,1.04504213836277
2.56,2.81371259608665,3.16942049249785,3.55916207247278
2.16,1.48479802777987,1.3360668072807,1.27768316331754
0.867,1.3227219113567,1.41638381211772,1.09211997215246
3.04,2.0420295574975,1.9418229144133,1.23855361649124
2.38,1.78707030652645,2.21233451410307,1.86655880215377
2.14,2.71406040979107,1.67968107604049,1.63191955841385
1.447,1.4312941431244,1.35095443585499,1.11688476613951
3.17,1.85110503352447,2.21653434367768,2.11706577185423
2.19,1.64623918435938,1.84294383736917,2.42250763793954
9.61,3.54412403170456,5.00877195630393,5.79368472997981
0.981,1.38977834955515,1.38840861474031,1.51767926464274
1.417,1.81803496354627,1.4758437502439,2.34864501374136
1.592,1.20452718691758,1.25497386662416,1.36246085255547
2.62,2.75818593582704,2.17126405195014,2.44065616023809
2.35,1.68938919337696,2.00793807987253,1.28595142235564
3.52,1.86965025807572,2.07172596559596,2.21573009435407
4.45,2.79497217758394,2.88724078005906,2.80662716002501
2.88,1.61976667349192,1.56997198774982,1.28346646015583
2.228,1.55025618783137,1.66939844709017,1.43668249841363
2.17,1.60301828239581,1.04226246699328,1.2747100173683
2.756,1.57314329427749,1.82370995976807,2.26521355683651
2.33,2.20138822492691,2.06058463230589,2.04304826191384
0.533,0.757022799448329,1.14300012750082,0.992719930935577
1.125,0.989326096172701,1.38407380312282,0.703850040357943
1.867,1.83576090657339,1.92511538544446,3.16390634009472
0.857,2.9250511604795,1.51715682204728,1.459344466634
2.64,2.22243999980123,2.38761944250733,2.90377756236649
1.042,1.26822298441748,1.5133048752653,1.21133903937805
1.809,2.17049309695576,2.51729013445065,0.665199566942254
1.507,1.35321741143462,1.20037591439644,1.18962413810963
1.036,1.40711314861799,1.17913242317335,1.16933575159616
0.845,1.17062548411195,1.25401905619924,1.22723527281139
1.991,2.8788482739331,2.91176536058463,2.36880746684433
7.59,2.02766624052277,2.25441311025988,1.31021354784875
1.897,2.03641510321134,2.3229189876057,2.52339347656484
2.988,3.64880072493592,3.21551402722171,4.633855199368
2.41,1.45006780886456,1.61671702996159,1.4754158263409
4.29,3.19203219407649,3.13903073718122,2.70953947899776
2.46,2.93437311942375,4.09323239495905,3.31460076799686
17.76,4.90133765845999,4.70455059266792,10.4348563021338
1.956,1.66418982279262,1.66228996265639,1.53608129683384
1.963,2.62662329054059,3.97085893143384,5.33748014550152
4.11,2.01029740970171,1.59033861854913,2.00271263785344
2.177,2.79440812799723,3.04581722788857,3.7792535310597
1.483,2.4108957827752,2.8348732033946,3.62530820914082
4.35,7.52940421914611,5.93954805102343,14.1723194976889
1.355,1.72988836086697,2.20890011835481,1.22375657800194
0.465,0.459810133043886,0.597909054069621,0.414660142482767
1.488,1.7565901304933,1.27656010549316,1.7557672576273
1.099,1.05851877690413,1.00583833626779,0.902069709424944
1.246,1.41068221182047,1.50277571110007,1.31752395988864
2.61,2.53874609415316,2.33818320100887,1.74525510929748
1.681,1.15823857689459,1.08407409544569,1.11247779455076
1.974,2.59732869791993,2.55767666139927,3.45340301588848
2.081,2.26557358782578,2.44270433987503,3.53345187664368
2.418,1.55212806239245,1.92672652889469,2.13911480143883
1.02,1.33241788195899,1.1593879437415,0.97304297854846
1.137,1.72004522108448,2.28009757537972,2.21166326433725
2.49,2.19005577509802,2.52449004179472,2.46765737669013
1.215,2.00954515415433,2.24898833436249,2.04873013951527
1.904,2.07766668184634,2.03674057115918,1.89312848052128
1.67,2.00394746201703,2.43281050193491,1.30431393911675
1.41,1.65615306983659,2.2040636497509,2.69476105222683
1.85,1.96828051901961,1.7719203447921,1.69123166261252
1.106,2.27724794697845,2.272323240641,1.99221573438987
2.465,1.77340432967103,2.00058771486677,1.57255372004824
1.557,1.93323882625267,2.13334213441722,3.50035060669394
1.795,1.50291623597814,1.18407657788611,0.855166351660441
1.603,1.55899553034139,1.82341193941861,1.2156214642871
1.861,1.96753119137518,1.98743588840899,2.14044174882012
4.38,2.93406486383942,2.86838276950546,2.92368691467646
1.687,1.48382726146509,1.4089636536023,1.07100033095188
2.31,2.15761816110823,2.26841041901488,1.44338472064336
0.911,0.870894661920794,1.00750867242402,0.948734883814821
1.752,1.79917715932745,2.14029704085897,3.84973556922855
1.374,1.65102003579417,1.54493371211748,1.81313133709189
0.897,1.02892481861626,1.16945374693903,0.75004343468875
0.776,1.03022654984744,1.04124816685085,0.556852629625307
1.199,2.12832770781301,1.46116044592306,1.24468940997162
0.482,0.971586278570739,1.02501413591894,0.828493386715852
1.772,2.51098177911811,2.42379930131559,2.03774192692337
1.252,1.42049246297597,1.45767001994871,2.56269755212131
1.847,1.37837483775802,1.7989289708537,1.1635040169191
2.009,1.44547633901822,1.80273192932893,2.27772261776849
0.89,2.11745896207451,1.55642835555724,1.4737204675021
2.45,2.01626531343031,2.09342217869902,2.41611518103667
2.276,1.77206174007529,1.88333786290579,1.80224605889662
2.01,1.48714271925099,1.48373823984837,1.0834374728322
4.48,2.27633462053601,1.7773278163614,1.45408674592472
4.24,1.80077880805549,1.35597678136332,1.71324487668773
2.65,1.85052910228911,2.0747972248016,2.32997325538965
1.719,1.43360185761268,1.6964918611887,1.84966613283308
1.887,953.954699629643,1.98951800476516,24.0572410988584
1.067,1.00661613383005,0.814801771735272,0.856365912637908
1.372,1.1900219529576,1.37994186039267,1.30277736497697
1.618,2.20718515985146,2.2808324305507,2.46168592151712
1.585,0.96730907638128,0.992730133359938,1.12301519825309
1.699,1.60072408754684,1.54467895579054,1.49714474799472
1.764,1.26244634630679,1.17820476662478,0.831319250830481
1.985,1.77328781796867,1.97292039235023,2.12476925705265
1.222,1.22439464983696,1.11326865637238,1.34065583240571
0.784,0.688830267993656,1.17064555382191,0.585245731657928
1.628,1.42611297924897,1.21697646796118,1.20330055964892
3.35,2.15797792212437,2.24776224332397,2.21439746599249
1.806,1.74582813970242,1.74125402292387,1.44330847631958
3.982,1.67925897659062,1.87007262343296,1.84687527821105
0.536,0.643160705836128,0.951535528756704,1.02630570225075
0.733,0.978325786005693,1.36355270881556,0.561665284382135
1.032,1.25274777926852,1.39289107007224,0.719041465469092
0.702,1.07113318834294,1.49412313332468,0.5380102449154
0.893,1.26334011098921,0.992450637379414,0.909137935500536
1.763,1.70320094788857,2.73833625311647,1.24221264787015
2.71,1.5273762734985,1.46942455909693,2.00513593422206
0.88,1.54268676212789,1.39357360105032,2.32743144831571
1.457,1.38810375412836,1.19768581854872,0.950714449334742
0.798,1.0440172166013,1.13802153670522,0.767251172485259
1.583,1.46519976878434,1.54315177818564,1.49336538477446
0.713,1.36246076311577,1.25168621171693,1.30109011639044
0.739,0.828385597695188,1.0808618752012,0.83077274822331
0.85,2.28906393644671,2.02620707258496,2.44511694915206
0.791,0.933212583630348,1.1428643914653,0.759843776969617
1,1.21728553694128,1.28584297346486,1.14025066086736
0.413,0.519027662300625,0.781479196221952,0.627214352294872
2.37,2.52236812768347,2.66780122456672,2.87826112877421
0.597,0.858185186004113,1.00398202130605,0.425233687517199
0.985,1.13217453652258,1.16300078450245,1.30666212443747
1.542,1.50932388664812,1.59385817299287,2.76712060716908
0.721,1.28439044517408,1.08660207896171,1.34692613323091
0.831,1.51326640728425,1.47440792181523,1.14173391246395
0.938,0.978713889643064,1.1967219514571,0.780872826126158
1.541,1.71440129810312,1.58297749582527,1.23317888854476
3.298,1.72423706571362,1.92979842232484,1.9988403442961
0.818,0.941611317366624,1.09206179776469,0.73093152113258
0.955,1.17757737007757,0.978072358999472,1.0381332824077
0.674,1.16201594873172,1.30323906284045,1.20475939809515
0.493,0.808499404390598,0.969603685511734,0.596651033248185
0.715,0.997009765188998,1.10474185591245,0.738376435559937
1.845,1.66170630843417,1.24681621870276,1.23831523477129
0.623,1.10113796152256,1.07522169084117,1.07534084619234
1.597,1.98739400708409,1.93178238011726,1.36257470745934
2.13,1.28469682513113,1.17627941187326,2.21390082978175
0.506,0.925740608429745,0.921492875345026,0.986220049863236
0.725,1.26569657054468,1.42722742163554,1.15590022932696
0.597,0.677769028777303,1.29745828193226,1.07630408338643
1.411,1.7591772329519,2.03840463240522,2.03315311218808
0.679,0.854483477105545,1.07269429028725,0.778608342560386
0.347,0.550261133460328,0.736342282345195,0.474886059070157
0.967,1.07084119143158,1.11495420890688,1.2262850719055
1.452,1.17757738523079,1.44927473303675,1.08523579406911
0.657,0.884211452355288,1.04495563651214,1.0479663255604
0.939,0.90065745615962,1.05711892718991,1.15246251735477
1.422,1.29184754482883,1.62921117401675,1.32078965836204
0.695,0.954396977125437,1.21373887874167,0.650787625767662
1.072,1.32389117419768,1.38005554970979,1.19792410750651
2.18,1.77295369684477,1.862523794749,1.82191997838492
1.037,0.72147052153839,1.23825020158701,0.556389333203946
1.08,0.958412037128237,1.2203021515066,1.43215237273299
0.589,0.953922613406655,1.05531043316949,0.824014515296279
0.66,0.717943477315166,1.11555779819367,1.13043643333133
1.497,1.38554545646128,1.22439171153639,0.848542562696941
1.605,1.83491750519206,2.12901769518062,1.53253939471115
0.668,1.15295462112774,1.17877418707203,1.12861317460619
0.95,1.14611291671085,1.27989551159058,1.39145027804912
1.146,1.74486764083888,1.70433853659548,1.41516974747525
0.941,1.41910122299454,1.82866030261616,1.7420018894794
0.832,1.00180330535847,1.20167484723261,2.11521725318879
0.73,0.96785338298431,1.06087686075339,0.654588056137569
1.17,1.26846251070025,1.26893285222551,1.04352909290142
0.882,1.0448017645205,1.19670104113788,1.30956093278997
4.27,2.40471083328644,1.99965018442589,3.27455142985287
2.486,1.66456742796992,1.52467623344653,1.79664671921606
5.331,3.68881408759842,3.34720838114919,4.33537938324069
3.152,1.72761966688972,1.52159467584105,1.35681044157017
5.516,2.62494829341375,2.55750927276552,2.25724680218294
2.446,1.47777777661424,1.70155375215791,1.99638347230028
2.08,1.47955959423352,3.70462790426547,1.94795696244618
3.483,1.84973729046447,1.45588652539481,1.99151125140085
1.238,1.7602392673632,1.78587818783185,1.44238780452154
1.757,2.84815438554087,2.45579109050298,3.1057735111497
1.787,1.36313302274226,1.13802909469857,1.27152691254899
1.594,1.45396205637529,1.41057875147456,1.01827165208988
3.246,2.92424923751211,3.71169531677364,2.44356844565346
6.922,2.40146297217052,2.4749943115571,2.41023192283612
2.53,2.68772278072881,2.50477664832394,2.19514322575419
2.548,5.0998142107177,4.40922528381138,3.73635625175164
2.305,2.32749503677208,2.5633409545835,1.51293020793478
2.941,2.0892288106591,2.17068062211956,1.95711966886044
1.427,1.31744303603499,1.13448039598944,0.97607786809775
2.234,2.14124753716838,2.1620534519682,2.26698440979844
1.845,1.32703863842183,1.23340227439719,1.19293596451431
3.346,2.39021315514271,2.11310554504718,2.47055701945785
3.433,2.29411021400688,2.04480084844661,2.01573649399533
1.312,1.15231301849493,1.01809902768582,1.00270910387148
0.93,1.41860308754195,1.43279542702462,1.07657236143688
2.224,1.52440954539838,1.75951639417491,3.50770943184047
1.912,2.86357157845301,3.64768962053827,1.17587858256301
1.179,1.29575064849691,1.85047841264761,2.25266372685615
1.885,2.59515577077322,2.74849955939185,2.41776996687067
1.621,2.02169979788335,1.99936456638184,1.95733954057231
2.302,1.1930267360718,1.27002279703632,0.88261035916502
1.893,2.15636902944895,2.05676130143242,2.15384902193096
1.26,1.69879562639405,1.38772548505492,1.56450188759762
1.27,1.92139913390865,1.77139495703431,1.55438676216033
0.923,1.72093799418733,1.79842019765208,1.709429140967
1.837,1.08623581367316,1.09740149788003,1.0690389020858
2.3,1.73737405797945,1.35391625162579,0.896083781703683
2.655,2.08577082941651,1.90972532324484,1.16969979321419
1.605,1.39576667944662,1.25192978376574,0.848163902747636
0.703,0.863300416402387,0.821367984854581,0.568933791633636
4.689,1.7775405920786,1.16332615743351,2.02722005314979
1.295,1.54834631402274,1.34692285764526,1.34000908826496
1.483,1.03656168784577,1.0086599585046,0.553717974670652
2.214,1.94384619220935,1.34928672132984,1.14381483897918
3.229,2.40340635933768,1.96368165301423,1.7036909467857
2.705,1.36869727799682,1.26398908355515,1.1121799611762
1.436,1.66775056878972,1.84103299212883,1.41515519725674
1.532,1.26678521836835,1.3793857929764,1.21983648507324
2.199,1.87288045183945,1.52713887741923,1.46427856889431
3.338,1.55757531050214,1.44413964927286,1.7091673729991
1.543,1.75519970084124,1.72394735901467,1.4908489850171
4.806,1.69859965573453,1.44824910136911,1.34600428562453
2.919,2.08965509074841,1.98899201447091,1.30524732148214
2.564,2.6171019556356,2.28978922245475,2.70260243200017
2.41,1.86117606575801,1.81896832699913,1.29079234792146
3.504,2.69690846203029,2.26750121379947,1.78436911616276
2.295,2.6029640220545,2.6172673985205,2.95798718190186
5.848,3.2501166569445,2.81391373911188,1.91012908446034
3.171,3.45534257875988,3.11035108933932,1.60811094498513
1.799,1.92469183700971,1.66634896486058,1.54377706731297
2.489,1.52019765273045,1.41422171413977,1.5072274463325
1.948,1.58129997898444,1.70129058615143,1.98108644717513
0.964,0.874320859077155,1.01098683113325,0.962028461972504
2.286,2.31670175898459,2.27220301557572,1.27454250835488
2.033,1.85501152965511,1.78317560349041,1.75366638144729
2.239,2.0197131460392,1.96168262272253,2.01154859744941
3.009,2.62571083166539,2.04881966728983,2.00683219562591
2.769,3.58300007708234,2.70464121487477,3.52413736526585
3.126,4.89227307754336,3.33017095196274,8.80904042681051
1.318,4.92703279977518,1.63337730118323,2.628000298003
0.649,1.70617770311113,1.1569665352766,2.38102076872568
1.753,0.764534399594357,1.59289653211137,0.752359512219959
2.766,2.94614937761092,2.46426814395409,3.3098673200805
2.485,1.83518906280839,1.65327429982909,1.37359697826888
0.819,1.79270394059008,1.58855013214191,2.36120213242026
5.251,2.06452727910236,1.66407329958187,3.33297131518632
5.043,1.9190325830176,1.28379701886247,1.41429276078265
1.885,1.92897246133777,1.52559047667632,1.64388117210177
3.121,1.9385386183394,1.6664366668201,1.51251594998933
1.566,1.43703539667626,1.27084952473561,2.92791935706831
8.224,4.62116454914817,3.74122306372681,4.25954698872573
1.986,2.24736887284025,1.99677391948364,1.63243646267326
1.955,1.54384283081342,1.19235663568116,1.12866560730259
0.537,0.71139459037816,0.756067062601563,0.597289518971643
1.066,1.10015035273971,1.11706474027499,0.927500471943688
1.463,1.42996848049569,1.98767619570192,2.94544952604197
2.953,1.47957417453839,1.33771431955994,1.23560998952099
1.009,1.08460757090498,1.06040124567013,1.03382477846639
1.977,1.58414153419149,1.3734027818492,1.26830166217729
1.731,2.33296925620992,2.36547527531137,4.10288260840691
1.75,1.92562160989139,1.91559201234216,2.0435452331086
0.791,0.83283301398352,0.615263944488733,0.754610806495658
0.829,1.13797313412755,1.22832701068881,1.51192916887539
1.032,1.48723426307052,1.18142683209601,1.50072675865051
1.623,2.16059474871635,1.89534627957014,1.39004616691899
0.768,1.11537420820895,1.33078800669487,1.65709441346282
3.254,2.92119921111221,2.63353302420871,2.38078428852217
2.706,3.04952461162274,2.73028351772011,4.7632968547923
1.689,2.31507660793577,1.95442314217108,2.12054939882398
2.138,1.54356341877749,1.27821612804719,1.25056416638855
1.974,1.85994191786318,1.39053915361178,1.50772461883329
1.862,1.91967652321879,1.34544555814223,1.13901711502778
3.982,2.22601689839203,1.91829657300418,1.3754516847743
0.988,0.760977370191486,0.950799355831386,0.689024310821041
1.756,2.59862142821184,2.50637444184781,3.56455924464066
2.033,2.44983883378504,2.37041749417173,2.65028109603949
0.683,1.73222933403267,1.37690778676076,1.50801908254159
6.648,5.44753257946382,3.80155706811808,3.50380174822508
1.889,1.27880195191429,1.05242742534034,1.01785965845025
1.258,1.53354687735267,1.33071013583787,1.62319566546039
2.929,2.44661352942719,2.24397828003543,3.31204844687974
3.109,2.66904348405234,2.26434343637834,1.61305688364077
3.895,2.19077430660951,1.46007738789135,2.38831676502969
3.41,2.48654889496837,2.5186918728635,3.5133743248703
1.126,1.16481458806736,1.12763563573301,0.966331500841995
2.056,1.60025516200266,1.94572043697524,0.672122349458448
5.338,1.72929565926647,1.69540312284441,2.71073163386966
3.421,4.21974030431908,3.80706279549944,6.88548688476057
3.721,1.79463973793895,1.54453446912221,1.85648930864749
5.417,2.06182938309312,1.92983443141811,1.48210380661666
1.133,1.2435157020628,1.23815495383307,1.10049850003381
3.809,1.34100919869356,1.08790767776445,1.12430952892832
0.919,0.809310344664878,0.858213768055884,0.810057526104516
0.792,1.0944953425841,1.04559716874072,1.04757071931494
1.038,2.34882607861078,2.18042171575183,2.3464278416157
13.136,3.65705041630217,3.58254120376419,6.20727876354521
4.039,4.40755686688052,2.89717224265488,4.27046617781887
3.499,2.90881958677189,2.57421280749232,2.72533607340995
3.503,1.9855745179017,1.90376123337293,3.04499758433538
0.857,1.30304698565514,1.04733195572635,1.35502248052763
6.404,2.54526577184936,2.03658743382325,5.19237400909945
1.446,2.22254104084214,1.91173255542784,2.49592361044782
1.105,1.65394367035076,1.37465694258974,1.82498467391385
1.58,2.22844927903634,1.96320422738934,1.85210862506305
1.312,1.88165186542101,1.72321513857315,1.64766250533115
1.885,2.1367275133451,1.43469805611237,1.90715587288261
1.69,1.28208854246956,1.56460226157388,1.25906149576837
0.936,0.52433396894161,1.18079703232308,0.450234666642727
1.094,1.25530647967298,1.25931821217425,1.74399446817489
3.12,2.0136182746306,2.06146416022374,1.72539995377535
2.317,1.79605762265952,1.35058874100267,0.88543645834022
1.038,1.88141027810172,1.55679865377889,1.39465350879121
2.112,1.62170446262834,1.33258676147486,1.32219375584758
1.565,2.20458396125042,2.44258829408776,1.47278960859456
1.833,1.60124181677612,1.67602507980465,1.62973482099385
0.764,1.33304414232688,1.09003640649201,0.892722288313436
2.11,2.7642355380351,2.57558347049882,2.54242447715947
2.256,3.35750661024326,3.18408024057843,1.75202838504734
2.62,3.0594480498027,3.10498877364677,4.32504386697296
2.979,1.68400752233531,1.3733374337222,0.932797453714456
1.88,2.22171324671587,2.25489781943285,1.87366843531755
2.276,2.3299886237749,1.78509137835407,1.79843666912044
2.192,3.78308778026476,3.02103163131176,3.01203083228146
1.813,2.69888975695011,2.39082067552198,3.08777543362192
3.067,5.10180626159253,4.36756446143078,4.3994666805501
4.157,1.68710201596769,1.48508794681816,2.33440980018624
6.811,3.87511653987977,4.17620609159536,3.77717391500525
3.162,3.17115069778303,2.67539673683229,2.29962643940669
9.018,3.05273797282875,2.84773128533524,6.36539289852561
0.863,1.5413110394039,1.34205819583211,1.52641386085832
4.63,3.42829086547075,2.80615260879318,2.05525885670946
2.043,2.98774123046472,2.3374503293622,5.49056614323307
1.308,1.58746364702248,2.68701975509475,1.07722527965609
2.73,3.42396466277439,2.6602463471687,4.24395136700129
0.632,1.06301619604987,1.19058396309358,0.856459387031457
4.007,2.85562324779021,2.05578137036486,3.39123726536041
6.639,4.52447781290115,3.06062880982083,4.29815592311853
2.253,1.77153475550174,1.75834523049362,1.55274415167685
3.586,1.76978591643207,1.90631077796619,1.91441890302725
8.907,5.98980704991759,4.1225431743505,4.1496071932489
2.963,2.18594854751591,1.80348862292026,1.64557976569174
3.233,2.01937057773218,2.20938467841572,1.38798613131154
5.92,5.39176382546073,4.23632367499436,11.378629613373
2.29,0.933699273870682,1.17118702187197,0.590726584001652
7.606,4.89453417046506,2.90793679491725,1.58450347774633
5.26,3.8730004494051,4.65360172413743,3.69702592126443
2.06,1.60617760588759,1.9183625365224,2.07247819929596
3.864,2.33634592342125,3.31111710708468,3.24993412926223
1.227,2.74088725537351,2.10109512855223,1.61168442885671
2.533,9.93459328676375,3.5445759690677,8.39759968955198
3.813,1.75266395656317,1.34238597056193,3.06292616878838
2.093,1.51122697185649,1.97058450284709,1.59363848507421
5.474,2.11799292351643,1.76883077595279,1.43473766196044
0.872,1.01751445245138,1.41446236623879,1.40522734682783
1.118,1.59526789147469,1.50242166817991,0.816605303810425
0.596,1.64226859525989,1.55339867595105,2.13244635089559
1.451,1.50998989774017,2.05335733457295,1.83150548806818
1.218,2.88822374248359,2.22337294945211,3.89318845962652
0.958,2.01867045361697,3.60085906929725,0.959021780889731
9.264,4.58203224642798,3.60360401177094,3.35123640657315
1.491,1.39902109875181,1.19229379232326,1.03271338771567
3.214,2.75655322426854,2.26622959530056,1.80109740022004
1.918,1.74045800251771,1.52855319078447,1.82593279029748
0.861,1.09972298629217,1.45777552250546,0.654415200535272
2.199,1.56265643374111,1.6001093808466,1.81269578710215
6.814,2.93557072189761,2.36368951601581,3.5660038260879
6.879,2.85893006222914,2.58340505933472,3.20522445014951
2.063,1.22492615245249,1.46199560921254,0.729652526513742
1.669,1.4966303890379,1.27690804318313,1.61650148965219
2.698,2.13517468073302,2.54267049312552,2.2683012049009
2.578,1.49267824839052,1.32892442527546,3.60480720451477
5.11,3.94119025392306,2.8855289819233,1.60122343731553
2.893,1.56198006137302,1.64425419109947,1.30012646869465
2.15,1.64323795517243,1.58289953094723,2.00128160928278
6.149,3.83827423701027,3.23907261379565,3.2355594020799
1.278,1.24768516755412,1.3582136073889,1.40935172762814
1.942,1.34900371513111,1.53632305108655,0.724147290886872
1.728,1.16070646559089,1.22874485397106,0.933776447746971
2.61,1.63932947129806,2.07728591815482,2.7002791036203
1.291,1.4967042688806,1.85142915028736,1.75827054299812
1.421,0.997056730788032,0.918504040454983,1.52013289771246
3.229,2.05344089343176,1.90089837682331,3.765708661004
1.729,0.695942509464985,1.57091011550783,0.957920728665308
3.06,1.54750122652997,1.2087003014284,1.23060248664674
1.877,2.31417054168806,2.77709496411337,3.33541287552393
3.695,6.24034311447214,2.89825706820748,6.02590235758346
2.167,2.0584919148689,2.89490517365794,3.33210403874622
0.94,0.795659232476848,1.18918616978379,0.990435312270501
1.247,1.20558364675796,1.8493743535572,0.787644535066816
5.27,1.43640327814297,1.36147753303211,1.67493228029826
1.605,0.874779378597275,0.967334683003582,1.03759812226634
1.442,0.917506432096137,1.1528520520945,0.793172496822521
1.42,1.20832050211702,1.83980990632596,1.12100055946053
2.301,1.06966342062195,1.37355787411571,0.915643228742312
2.313,2.17560165426901,2.6077324224479,2.48403755167461
2.697,4.35988019487215,2.86815991777491,7.59085384359671
3.49,1.86340958669864,1.84348162125495,2.81731116569038
2.98,1.81491696457267,1.61075211073759,3.20128103411096
8.754,3.64170081415638,1.88051642688922,7.27374856180359
3.585,1.99391959713665,2.04351395392576,1.57983764567324
0.993,2.71394897379385,2.99600563508133,2.72694972777979
5.263,3.14161982213165,2.37064169408529,4.00898939611556
1.755,2.00467587331073,1.8161805666408,1.05429386428527
2.929,1.76735393473624,1.77640620237397,1.58278078243291
1.607,1.55022531072109,1.26272534318466,1.07663165786562
2.051,1.18372953442358,1.38665939440558,2.42028094957808
2.436,1.8099151082933,1.87297699895601,1.4267713775081
1.353,0.998890926882313,1.09218653099208,0.933182921550581
4.708,2.12948089939416,2.48645552622841,1.194006904437
2.391,1.9316530029192,1.5288289216088,0.865881874878276
2.427,1.23889331071123,1.51562536453494,1.69929567020773
2.063,1.25654416773898,1.15064654875232,1.63399031643299
3.814,2.35856001899814,1.73933373940948,1.94354302964001
2.763,1.69538143918856,1.47515211307399,1.41634970026224
2.824,1.7349859404947,1.89297233747227,2.26474220691265
2.918,2.85381144810675,2.90157125963455,2.2063854907532
3.014,2.51210337327034,2.10910798257184,2.70977381506405
5.382,3.96045730865324,4.09564772829882,6.74493067369228
2.152,2.49972612181333,3.22110308591976,1.6166142683509
2.314,1.73007908925486,1.51118924933222,1.2950740370463
3.107,2.48058960224965,1.53850783054215,3.41024105860423
1.182,1.52995327602951,1.28069303428709,1.59641107234049
1.246,1.36087996051659,1.34081259389859,2.74079281862881
2.581,2.16381212327461,1.86257444595453,2.08930608003656
2.1,1.68275335057687,1.18341291053344,1.93454181171937
4.842,2.43268934608109,2.33316161853254,2.56149566011745
1.75,2.10561746298639,1.85686474385397,2.91621852831031
1.865,1.50959902987818,1.21763208873807,1.66007704762967
0.967,1.15983564040732,1.22944103453147,0.751376956604589
1.399,0.880161443132188,1.04107921399701,0.607040137996436
0.847,0.76930004086741,1.48964475148456,1.15706941205958
3.022,1.76001302612083,1.69148014908849,3.55853073976336
2.955,2.17126297991178,1.64659899413628,1.71243350414081
1.52,2.13116312564891,1.71129877704038,1.62745581841113
1.694,1.4109665215488,1.72399369668567,2.51428227402175
3.514,1.32101247531848,1.26559839343011,1.34164637107209
1.332,1.1138883606965,0.997147734986095,1.01275867787813
2.828,2.11313212934714,2.333010410206,0.834907091090365
2.25,1.69408992382057,1.48877077607517,1.71510163863285
2.414,1.35428892604212,1.33379173155734,1.41797395269041
5.038,3.6848539630342,2.46011009267356,2.63782215429931
0.995,1.9448129526294,2.24708752822194,2.13648014448621
0.824,1.88401978461349,2.20475294231789,1.9668079336023
5.059,6.40115423524842,4.32949186829699,6.43589686735186
3.38,1.92759899630316,1.98321749091181,0.940111803088623
1.553,1.15432326587683,1.83788105908015,0.952787899664064
7.543,3.36621835851987,3.57200275591506,3.34080127705331
4.116,3.19478609689968,3.04529652391162,4.47253195036694
1.843,1.31394026476775,1.88177922200663,1.4816007615898
2.333,3.5697472304723,3.38866685440688,2.07139168280237
3.07,2.44675374970829,3.15163028829522,2.26656584689527
1.628,0.949837519818759,0.757845277634399,0.47652541428112
1.376,1.17277029241505,1.32230145538544,1.06650281391913
3.111,2.37699321407798,2.13492569461213,2.84983577339157
1.397,2.67894555475948,1.40036948735226,2.96716598444971
2.45,1.5862242009676,2.1525990714874,0.751163120064836
1.302,0.807041362906187,0.846709461428532,0.542289322973189
5.183,2.59521901704247,2.61673468145876,5.58146797933357
0.388,0.727322100940823,0.956781139604693,0.642893252210661
1.645,2.71882676749695,2.94794040288369,1.81788175773641
3.39,3.28227363691109,2.52328088432363,1.693099342498
6.679,3.24745247434881,2.12307345385713,2.62245937358426
3.087,1.15127900242415,1.38552485191924,1.06117412861328
2.439,3.92655411733233,3.34875914857093,2.9105615757219
3.086,1.13160391463676,1.19828903266568,0.767289024506733
3.592,1.3728543284222,1.32054465314518,0.832484913484258
2.201,1.39497484792799,1.31681630632881,1.04498590537403
1.814,1.41566951981872,1.95185317367768,1.92120145254371
10.948,5.42318262625703,4.39628827724739,6.82708532336729
8.121,3.52061506789611,3.3650505816879,3.52627848360504
6.628,2.37705548915867,3.35902166294234,1.84270913139331
1.655,2.25864277785957,2.37798099190841,5.24209740510258
3.65,2.15634121624153,2.07541589831701,1.94300065865403
3.43,2.81003685066252,3.07617348506294,4.89205010361478
1.257,2.09458073319653,2.42965025582229,2.43713814647834
5.43,3.84714123610245,4.54853224798514,5.77033112220471
11.976,2.28180357981575,2.59775329501856,5.56810665058574
2.58,4.08867375517723,3.47143117314953,6.02363884649251
3.001,2.02437978879074,2.02979261114027,1.72101446712537
6.957,2.42677896999343,1.89072043085775,3.07537433973238
1.274,1.11095156329429,1.62447512655492,0.73139966719439
2.247,1.18016447381927,1.07693479872597,0.883318321210134
4.652,3.1417661329075,2.99643382587752,3.38487652063488
4.929,2.2673141080706,2.26804560532586,2.28022241873927
9.58,3.05220760735277,2.61584544648132,3.11477170652117
6.18,3.21039493300187,2.96425491344867,6.02421116446201
5.178,3.81704005204088,3.75241749164536,5.35779778406465
2.24,3.43455597724953,3.73628563927916,6.74756809798197
14.17,4.35005000154205,3.85706530317875,4.5006818206914
