POINTID,Coarse,Clay,Silt,Sand,pH_CaCl2,pH_H2O,OC,CaCO3,N,P,K,CEC,EC
26741986,3.00003333333333,42.0000333333333,50.0000333333333,8.00003333333333,7.28666666666667,7.95,12.8,275.666666666667,1.13333333333333,13.5,245.1,23.1000666666667,1.94750333333333
26761768,18.0000333333333,34.0000333333333,38.0000333333333,28.0000333333333,7.04333333333333,7.60666666666667,50.6666666666667,59.3333333333333,4.3,45.9666666666667,752.766666666667,37.1000666666667,1.86150333333333
26841836,18.00005,30.00005,44.00005,26.00005,5.07,5.785,36.9,0,3.45,16.2,161,7.60005,1.704005
27161812,10.0000333333333,18.0000333333333,42.0000333333333,41.0000333333333,6.35333333333333,6.81,17.0333333333333,3.33333333333333e-05,1.96666666666667,16.9,30.7,13.1000666666667,1.57450333333333
27282018,4,33,22,45,6.405,7.03,17.1,1.00005,1.3,5e-05,111.45,18.40005,0.453005
27322072,45.00005,7.00005,27.00005,66.00005,4.65,5.415,11.95,1,0.55,0,47.2,6.80005,0.447005
27781902,35.0000333333333,15.0000333333333,31.0000333333333,54.0000333333333,5.2,5.74666666666667,10.0666666666667,3.33333333333333e-05,1.1,16.5333333333333,61.4333333333333,9.60006666666666,0.624503333333333
27881848,16.0000333333333,27.0000333333333,35.0000333333333,38.0000333333333,7.49666666666667,8.14333333333333,9.2,180.666666666667,0.866666666666667,12.5000333333333,182.3,18.4000666666667,1.49300333333333
27961830,36.0000333333333,34.0000333333333,38.0000333333333,28.0000333333333,5.82333333333333,6.56333333333333,9.13333333333333,1.00003333333333,0.9,15.9666666666667,112.5,33.5000666666667,0.581003333333333
28222086,44,9,50,41,4.185,4.865,58.9,1,2.6,5e-05,40.6,2.50005,0.464005
28321988,23,7,17,76,3.99,4.6,42.6,0,2.7,21.2,82.9,4.1,NaN
28362162,19.00005,9.00005,26.00005,65.00005,4.47,5.11,12.45,0,1.05,13.75,45.35,5e-05,0.274005
28442038,58.00005,8.00005,39.00005,54.00005,4.34,5.255,9.75,0,0.85,0,44.3,6.90005,0.355005
28582414,10.0000333333333,11.0000333333333,45.0000333333333,45.0000333333333,4.30333333333333,4.92333333333333,32.8666666666667,1.00003333333333,2,3.33333333333333e-05,44.7333333333333,5.80006666666667,0.613503333333333
28621900,29.0000333333333,24.0000333333333,36.0000333333333,40.0000333333333,7.44666666666667,7.97666666666667,9.53333333333333,376.333333333333,0.933333333333333,14.1,234.8,19.3000666666667,1.50000333333333
28682348,35.0000333333333,14.0000333333333,26.0000333333333,60.0000333333333,4.68,5.43666666666667,36.5666666666667,3.33333333333333e-05,3.2,62.7,241.933333333333,8.80006666666667,0.779503333333333
28701666,14.00005,31.00005,46.00005,23.00005,7.365,8.125,10.35,677.5,1.25,46.3,414.8,18.30005,1.715005
28721676,7.00003333333333,46.0000333333333,41.0000333333333,13.0000333333333,7.36666666666667,7.80666666666667,12.3666666666667,341.333333333333,1.53333333333333,25.2000333333333,607.266666666667,4.80006666666667,1.78350333333333
28722202,54.0000333333333,7.00003333333333,50.0000333333333,43.0000333333333,4.72333333333333,5.55333333333333,12.7333333333333,3.33333333333333e-05,1.3,21.1000333333333,144.333333333333,4.80006666666667,0.363503333333333
28741666,16.0000333333333,43.0000333333333,36.0000333333333,20.0000333333333,7.34666666666667,7.76,18.6666666666667,221.666666666667,1.5,20.3,773.166666666667,28.5000666666667,1.69050333333333
28762288,14.0000333333333,12.0000333333333,23.0000333333333,65.0000333333333,3.99666666666667,4.61666666666667,56.8666666666667,3.33333333333333e-05,3.56666666666667,13.2000333333333,66.4,8.20006666666667,0.772003333333333
28801616,12.0000333333333,45.0000333333333,34.0000333333333,20.0000333333333,7.49333333333333,8.13333333333333,11.0333333333333,293.333333333333,1.2,12.7500333333333,579.033333333333,31.1000666666667,1.76700333333333
28921756,26.00005,26.00005,22.00005,52.00005,7,7.44,7.65,2,0.95,14.7,220.75,21.80005,0.991005
28941888,16.0000333333333,27.0000333333333,25.0000333333333,48.0000333333333,7.61,8.31666666666667,6.5,87.6666666666667,0.733333333333333,20.9000333333333,347.633333333333,21.0000666666667,1.42600333333333
28961740,3.00003333333333,21.0000333333333,53.0000333333333,26.0000333333333,7.36,8.01333333333333,9.93333333333333,364,0.9,3.33333333333333e-05,160.5,15.5000666666667,1.39000333333333
28962222,27.0000333333333,5.00003333333333,17.0000333333333,78.0000333333333,4.54,5.28,9.96666666666667,3.33333333333333e-05,0.9,65.9333333333333,73.9666666666667,3.40006666666667,0.266003333333333
29021660,7.00003333333333,22.0000333333333,28.0000333333333,50.0000333333333,7.54,8.1,7.73333333333333,178.333333333333,0.833333333333333,15.3,292.4,11.9000666666667,2.15500333333333
29042302,14.0000333333333,10.0000333333333,21.0000333333333,70.0000333333333,3.83,4.71333333333333,48.2666666666667,3.33333333333333e-05,4.3,18.3333333333333,96.0666666666667,5.20006666666667,0.460503333333333
29042356,17.0000333333333,10.0000333333333,18.0000333333333,72.0000333333333,3.79333333333333,4.17666666666667,61.6666666666667,1.00003333333333,4.16666666666667,44.3666666666667,146.833333333333,9.80006666666667,3.35000333333333
29181692,4.00005,40.00005,51.00005,9.00005,7.365,7.96,9.4,413.5,1.15,15.3,311,26.00005,2.090005
29221700,6.00003333333333,41.0000333333333,51.0000333333333,8.00003333333333,7.45,7.92666666666667,13.1666666666667,249.333333333333,1.33333333333333,14.6,578.766666666667,47.3000666666667,1.89700333333333
29222168,51.0000333333333,9.00003333333333,43.0000333333333,48.0000333333333,4.48,5.30666666666667,15.5666666666667,3.33333333333333e-05,0.933333333333333,3.33333333333333e-05,40.3,6.10006666666667,0.305503333333333
29281846,13.0000333333333,47.0000333333333,32.0000333333333,21.0000333333333,7.46666666666667,7.90333333333333,10.7,35,1.06666666666667,13.3,409.133333333333,41.7000666666667,1.44000333333333
29281972,17.00005,15.00005,50.00005,35.00005,5.735,6.31,9.45,1,1.05,0,31.3,11.90005,1.085005
29301690,23.0000333333333,42.0000333333333,39.0000333333333,19.0000333333333,7.36666666666667,7.92,12.3666666666667,414.333333333333,1.13333333333333,19.9,577.133333333333,29.0000666666667,2.16000333333333
29361700,19.0000333333333,32.0000333333333,44.0000333333333,23.0000333333333,7.45333333333333,7.93,12.5333333333333,150.333333333333,1.26666666666667,13.4666666666667,632.166666666667,26.4000666666667,1.64750333333333
29381732,13.0000333333333,53.0000333333333,41.0000333333333,6.00003333333333,7.49333333333333,8.12,11.3333333333333,165.666666666667,1.1,12.8,661,39.8000666666667,1.90450333333333
29541898,17.0000333333333,34.0000333333333,24.0000333333333,43.0000333333333,7.23,7.67666666666667,12.9333333333333,9.66666666666667,1.26666666666667,18.9000333333333,302.533333333333,26.1000666666667,1.56950333333333
29561750,30.00005,36.00005,24.00005,41.00005,6.49,6.855,9.65,0,1.15,38.75,285,25.80005,1.363005
29621748,8.00003333333333,32.0000333333333,26.0000333333333,42.0000333333333,7.32666666666667,7.9,13.5333333333333,7.33333333333333,1.43333333333333,23.7,425.966666666667,23.6000666666667,1.46150333333333
29661672,9.00003333333333,31.0000333333333,27.0000333333333,41.0000333333333,7.56666666666667,8.09333333333333,9.36666666666667,261.333333333333,0.866666666666667,18.6000333333333,348.433333333333,21.7000666666667,2.01100333333333
29662216,33.0000333333333,19.0000333333333,57.0000333333333,24.0000333333333,4.12666666666667,4.65666666666667,12.6666666666667,3.33333333333333e-05,1.7,28.2666666666667,112.866666666667,4.50006666666667,0.603003333333333
29681740,6.00003333333333,59.0000333333333,34.0000333333333,7.00003333333333,7.53333333333333,8.12666666666667,13.5333333333333,24,1.3,12.2000333333333,636.266666666667,60.8000666666667,1.50550333333333
29701706,6.00003333333333,41.0000333333333,46.0000333333333,13.0000333333333,7.35333333333333,7.87,13.7,565.333333333333,1.83333333333333,14.4333333333333,361.4,21.9000666666667,1.73550333333333
29701732,12.00005,32.00005,40.00005,27.00005,7.34,7.85,11.45,423.5,1.2,16.75,601.3,21.80005,1.938005
29701972,7.00003333333333,8.00003333333333,56.0000333333333,36.0000333333333,4.34333333333333,5.23,11.2666666666667,3.33333333333333e-05,1.5,9.70003333333333,64.2,4.10006666666667,0.456003333333333
29741756,44.00005,15.00005,24.00005,61.00005,5.395,5.895,18.1,0,1.4,25,255.85,7.70005,1.424005
29762162,36.0000333333333,7.00003333333333,18.0000333333333,75.0000333333333,4.83666666666667,5.42333333333333,4.3,3.33333333333333e-05,0.633333333333333,25.8333333333333,103.766666666667,3.30006666666667,0.627503333333333
29821768,9.00005,38.00005,39.00005,24.00005,7.51,8.135,8.5,114.5,0.85,46.25,597.3,27.00005,1.512005
29941668,17.0000333333333,46.0000333333333,40.0000333333333,13.0000333333333,7.57,8.14,16.2666666666667,319.666666666667,1.43333333333333,15.0333333333333,619.233333333333,34.3000666666667,1.63950333333333
29941866,20.0000333333333,18.0000333333333,32.0000333333333,50.0000333333333,4.71,5.48666666666667,13,3.33333333333333e-05,1.16666666666667,3.33333333333333e-05,64.3,2.10006666666667,0.356503333333333
30002290,45.0000333333333,6.00003333333333,47.0000333333333,47.0000333333333,4.12,4.64,10,3.33333333333333e-05,1.2,48.3,106.466666666667,6.66666666666667e-05,1.15600333333333
30002398,20.0000333333333,15.0000333333333,50.0000333333333,35.0000333333333,4.24,4.61666666666667,72.5,1,6.53333333333333,40.2,117.966666666667,13.0000666666667,3.40000333333333
30041718,15.0000333333333,35.0000333333333,51.0000333333333,14.0000333333333,7.58,8.19,9.93333333333333,488.333333333333,1.1,31.9333333333333,591.966666666667,24.5000666666667,2.11650333333333
30101810,11,12,49,39,6.11,6.69,13.05,2.00005,1.25,5e-05,104.3,16.20005,1.104005
30161748,11.0000333333333,23.0000333333333,43.0000333333333,35.0000333333333,7.41,7.99333333333333,16.9333333333333,434,1.56666666666667,76.0333333333333,882.133333333333,16.4000666666667,2.12050333333333
30182218,19.0000333333333,14.0000333333333,43.0000333333333,43.0000333333333,4.64666666666667,5.37333333333333,4.16666666666667,3.33333333333333e-05,0.666666666666667,14.0666666666667,73.1333333333333,4.00006666666667,0.420003333333333
30202248,9.00003333333333,17.0000333333333,60.0000333333333,23.0000333333333,7.41,7.83333333333333,9.76666666666667,4,1.4,16.9,134.733333333333,6.50006666666667,2.17250333333333
30202274,17.0000333333333,17.0000333333333,44.0000333333333,38.0000333333333,7.37333333333333,7.88666666666667,11.2,20,1.46666666666667,47.1333333333333,157.133333333333,12.2000666666667,3.34000333333333
30202284,18.0000333333333,16.0000333333333,39.0000333333333,45.0000333333333,6.66666666666667,6.90333333333333,12.6333333333333,3.33333333333333e-05,1.4,37.0666666666667,121.333333333333,9.90006666666667,1.61350333333333
30242300,18.0000333333333,15.0000333333333,35.0000333333333,50.0000333333333,4.33666666666667,4.94666666666667,9.23333333333333,1.00003333333333,1.06666666666667,12.7666666666667,104.433333333333,4.90006666666667,1.03800333333333
30261962,48,6,50,44,5.43,6.225,10.4,5e-05,1.15,5e-05,175.7,4.60005,0.323005
30322128,26.0000333333333,19.0000333333333,14.0000333333333,66.0000333333333,6.16333333333333,6.70666666666667,6.6,1.00003333333333,0.9,36.8666666666667,117.5,13.5000666666667,0.671003333333334
30341770,18.0000333333333,38.0000333333333,42.0000333333333,20.0000333333333,7.41333333333333,7.95666666666667,9.53333333333333,304.333333333333,1.1,13.2500333333333,518.766666666667,23.8000666666667,1.72700333333333
30341832,36.00005,13.00005,18.00005,69.00005,5.725,6.275,15.25,0,1.55,27.55,159.85,18.90005,0.724005
30401728,18.0000333333333,29.0000333333333,49.0000333333333,22.0000333333333,7.53,8.06666666666667,18.6666666666667,787.333333333333,1.43333333333333,3.33333333333333e-05,89.4666666666667,13.8000666666667,2.29000333333333
30401746,15.0000333333333,34.0000333333333,32.0000333333333,34.0000333333333,7.55,8.19,8.16666666666667,278.666666666667,0.7,3.33333333333333e-05,405.333333333333,19.4000666666667,1.60150333333333
30422198,6.00003333333333,33.0000333333333,25.0000333333333,43.0000333333333,7.48333333333333,8.11,9.9,10.3333333333333,1.26666666666667,20.0333333333333,377.2,16.6000666666667,1.37550333333333
30422300,53.0000333333333,10.0000333333333,37.0000333333333,52.0000333333333,4.13,4.84666666666667,19.1,3.33333333333333e-05,1.63333333333333,9.30003333333333,71.8666666666667,3.50006666666667,0.910503333333333
30441754,7.00003333333333,54.0000333333333,43.0000333333333,3.00003333333333,7.46,8.11666666666667,8.23333333333333,319,1.13333333333333,17.9500333333333,571.533333333333,32.4000666666667,1.74700333333333
30442186,16.0000333333333,39.0000333333333,52.0000333333333,10.0000333333333,7.56,8.03666666666667,8.86666666666667,174,1.2,12.8000333333333,422.866666666667,21.2000666666667,1.75900333333333
30461774,10.0000333333333,20.0000333333333,51.0000333333333,29.0000333333333,7.46,8.22,11.7333333333333,241,0.966666666666667,34.5333333333333,358.933333333333,14.2000666666667,1.55000333333333
30482230,4.00003333333333,19.0000333333333,33.0000333333333,48.0000333333333,7.52,8.22333333333333,7.1,11.3333333333333,1.03333333333333,3.33333333333333e-05,152.366666666667,10.0000666666667,1.19600333333333
30521680,19.0000333333333,52.0000333333333,38.0000333333333,10.0000333333333,7.61666666666667,8.15,11.5,267.666666666667,1.13333333333333,11.1500333333333,538.133333333333,39.8000666666667,2.48550333333333
30521752,3.00003333333333,54.0000333333333,36.0000333333333,10.0000333333333,7.54,7.95666666666667,12.8,183,1.23333333333333,19.6,1003.4,35.0000666666667,1.62850333333333
30541756,4.00003333333333,53.0000333333333,35.0000333333333,12.0000333333333,7.54,7.91,9.8,277.666666666667,0.933333333333333,16.0666666666667,639.7,29.8000666666667,1.57000333333333
30542164,28.00005,5.00005,13.00005,82.00005,4.805,5.585,4.15,0,0.5,21.7,69.45,2.40005,0.812005
30562108,30.0000333333333,28.0000333333333,16.0000333333333,55.0000333333333,6.48333333333333,7.14333333333333,5.2,1.00003333333333,0.666666666666667,15.1333333333333,211.466666666667,17.1000666666667,0.635003333333333
30601738,15.0000333333333,39.0000333333333,47.0000333333333,14.0000333333333,7.61,8.20333333333333,12.0333333333333,646.333333333333,1.4,14.7500333333333,402.7,22.4000666666667,1.67450333333333
30602198,7.00003333333333,9.00003333333333,10.0000333333333,80.0000333333333,7.57,8.02333333333333,4.7,25.6666666666667,0.8,32.7,247.433333333333,8.60006666666666,1.86650333333333
30621728,40.0000333333333,29.0000333333333,40.0000333333333,31.0000333333333,7.42,7.83333333333333,19.1,452.333333333333,1.66666666666667,23.5,618.266666666667,17.4000666666667,2.06700333333333
30622190,21.00005,23.00005,33.00005,45.00005,7.485,7.985,9.75,89,1.1,30.45,363.65,14.70005,1.744005
30641768,3.00003333333333,29.0000333333333,35.0000333333333,36.0000333333333,7.55666666666667,8.27333333333333,6.8,424.666666666667,0.833333333333333,14.6000333333333,183.766666666667,12.9000666666667,1.46550333333333
30661970,10,36,38,26,7.52,8.265,11.75,94.5,1.2,20.5,360,22.20005,2.295005
30663616,5,NaN,NaN,NaN,5.42,5.6,268.1,2,15.8,15.5,122.9,55.2,NaN
30682116,13.0000333333333,19.0000333333333,14.0000333333333,67.0000333333333,6.93333333333333,7.52333333333333,6.2,1.00003333333333,0.7,41,170.133333333333,15.6000666666667,1.00050333333333
30702108,16.0000333333333,14.0000333333333,18.0000333333333,69.0000333333333,7.42666666666667,8.19,2.96666666666667,7,0.433333333333333,13.2,92.8666666666667,11.3000333333333,1.13400666666667
30721674,17.0000333333333,27.0000333333333,41.0000333333333,31.0000333333333,7.54333333333333,8.08333333333333,15.6333333333333,805,1.53333333333333,31.4666666666667,139.833333333333,17.5000666666667,1.64250333333333
30722098,12.00005,25.00005,16.00005,60.00005,6.12,6.665,8.35,0,1,22.85,140.95,20.80005,0.783005
30722214,8.00003333333333,24.0000333333333,48.0000333333333,28.0000333333333,7.33,8.15333333333333,6.36666666666667,9,0.9,3.33333333333333e-05,169.633333333333,11.7000666666667,1.16200333333333
30742152,3.00003333333333,17.0000333333333,15.0000333333333,68.0000333333333,6.48333333333333,6.89666666666667,3,3.33333333333333e-05,0.5,11.7000333333333,90.1666666666667,12.4000666666667,0.592003333333333
30742184,22.00005,48.00005,42.00005,10.00005,7.315,7.75,13.05,329,1.55,36.45,522.85,22.40005,3.830005
30742198,6.00003333333333,20.0000333333333,29.0000333333333,51.0000333333333,7.32666666666667,7.81333333333333,10.2,5.33333333333333,1.2,29.2333333333333,242.566666666667,13.4000666666667,1.09750333333333
30742212,7.00003333333333,20.0000333333333,34.0000333333333,46.0000333333333,7.38666666666667,7.95333333333333,7.7,5.66666666666667,1.06666666666667,3.33333333333333e-05,134.833333333333,10.4000666666667,1.14000333333333
30782138,12.0000333333333,18.0000333333333,13.0000333333333,69.0000333333333,7.16666666666667,7.71,4.56666666666667,4.33333333333333,0.7,14.5666666666667,154.6,12.1000666666667,0.989503333333333
30801664,9.00003333333333,31.0000333333333,52.0000333333333,17.0000333333333,7.56,7.69666666666667,11.8,596,0.966666666666667,19.3333333333333,376.466666666667,16.5000666666667,19.2350033333333
30801772,4.00003333333333,47.0000333333333,42.0000333333333,12.0000333333333,7.53,8.18333333333333,8.83333333333333,291,0.966666666666667,3.33333333333333e-05,401.666666666667,21.7000666666667,1.62400333333333
30841776,5.00005,23.00005,40.00005,37.00005,7.73,8.3,13.3,173.5,0.85,13.15,326.55,12.50005,2.440005
30842212,7.00003333333333,22.0000333333333,52.0000333333333,25.0000333333333,7.56,8.29,5.63333333333333,268.666666666667,1.13333333333333,11.0000333333333,212.933333333333,10.7000666666667,1.65650333333333
30862182,10.0000333333333,27.0000333333333,55.0000333333333,18.0000333333333,7.48333333333333,7.97,13.3666666666667,55.3333333333333,1.53333333333333,21.6,238,21.6000666666667,2.98000333333333
30901912,10,25,33,42,5.905,6.715,9.1,5e-05,1.05,5e-05,118.05,12.60005,0.615005
30902116,11.0000333333333,14.0000333333333,8.00003333333333,78.0000333333333,6.37,6.92333333333333,8.3,3.33333333333333e-05,1.03333333333333,45.7666666666667,288.4,15.0000666666667,1.21000333333333
30922090,14.0000333333333,10.0000333333333,19.0000333333333,72.0000333333333,4.73333333333333,5.44333333333333,4.63333333333333,3.33333333333333e-05,0.6,35.2666666666667,85.6666666666667,2.70006666666667,0.379503333333333
30922176,39.0000333333333,13.0000333333333,16.0000333333333,71.0000333333333,7.37666666666667,7.82666666666667,8.26666666666667,96.3333333333333,1.1,86.9,161.033333333333,7.20006666666667,2.48500333333333
30922274,11.0000333333333,23.0000333333333,38.0000333333333,39.0000333333333,7.43666666666667,8.18333333333333,7.06666666666667,49.3333333333333,1,3.33333333333333e-05,105.533333333333,11.1000666666667,1.08000333333333
30962098,11.0000333333333,9.00003333333333,15.0000333333333,76.0000333333333,4.91,5.64666666666667,3.7,3.33333333333333e-05,0.5,41.8,118.266666666667,2.20006666666667,0.572003333333333
30982132,10.0000333333333,45.0000333333333,23.0000333333333,32.0000333333333,7.50333333333333,8,12.3666666666667,118.666666666667,1.46666666666667,37.8333333333333,835.5,22.4000666666667,1.54950333333333
30982250,5.00003333333333,34.0000333333333,49.0000333333333,18.0000333333333,7.45666666666667,7.95666666666667,10.1666666666667,88,1.6,17.2,188.7,19.2000666666667,1.34100333333333
30983522,26.00005,NaN,NaN,NaN,3.275,3.96,502.05,0,21.55,35.95,235.85,31.00005,4.340005
31022172,7.00003333333333,11.0000333333333,15.0000333333333,74.0000333333333,7.13333333333333,7.70666666666667,6.2,12,0.866666666666667,51.4333333333333,236.7,8.10006666666666,2.59500333333333
31022266,45.00005,16.00005,51.00005,32.00005,4.16,4.635,14.75,0,1.55,24.7,87.05,3.70005,0.591005
31041882,15.0000333333333,46.0000333333333,31.0000333333333,23.0000333333333,7.40666666666667,7.83333333333333,21.9333333333333,211.666666666667,2.43333333333333,15.4000333333333,610.966666666667,36.8000666666667,1.68900333333333
31061760,10.0000333333333,48.0000333333333,31.0000333333333,21.0000333333333,7.65666666666667,7.99333333333333,10.1,124,1.06666666666667,3.33333333333333e-05,731.333333333333,29.5000666666667,4.67500333333333
31062184,22.0000333333333,24.0000333333333,47.0000333333333,28.0000333333333,7.55666666666667,7.94666666666667,16.9,280,1.93333333333333,20.8333333333333,256.733333333333,20.5000666666667,3.50050333333333
31062202,16.0000333333333,29.0000333333333,54.0000333333333,17.0000333333333,7.51,7.99333333333333,20.2,578.333333333333,1.8,57.4,615.966666666667,13.9000666666667,2.86500333333333
31062246,9.00003333333333,36.0000333333333,44.0000333333333,20.0000333333333,7.62333333333333,8.24,7.33333333333333,148,1.1,13.7666666666667,183.533333333333,16.2000666666667,1.35850333333333
31081918,25,9,28,63,5.245,6.05,12.55,5e-05,1.15,14.10005,55.35,2.90005,0.352005
31102220,5.00003333333333,34.0000333333333,35.0000333333333,31.0000333333333,7.66666666666667,8.17333333333333,6.86666666666667,135.666666666667,1.13333333333333,12.1,334.7,10.1000666666667,1.84050333333333
31121872,18.0000333333333,31.0000333333333,27.0000333333333,43.0000333333333,6.74,7.11333333333333,10.5666666666667,1.00003333333333,1.3,46.3666666666667,608.3,21.2000666666667,1.52450333333333
31123540,26.00005,14.00005,39.00005,47.00005,5.575,5.91,53.7,1,4.05,73.95,76.25,16.90005,7.090005
31142216,14.0000333333333,16.0000333333333,18.0000333333333,66.0000333333333,7.48333333333333,7.91333333333333,11.2666666666667,124.333333333333,1.26666666666667,20.8666666666667,159.233333333333,10.5000666666667,2.01650333333333
31162010,15.0000333333333,23.0000333333333,13.0000333333333,64.0000333333333,5.79333333333333,6.48,7.16666666666667,3.33333333333333e-05,0.833333333333333,3.33333333333333e-05,123.4,13.7000666666667,0.515503333333333
31182272,6.00003333333333,27.0000333333333,44.0000333333333,28.0000333333333,7.39666666666667,8.03,6.5,91,1.16666666666667,3.33333333333333e-05,95.7333333333333,13.1000666666667,1.45100333333333
31202176,11,41,46,13,7.555,8.09,14.75,578,1.3,11.2,307.45,13.90005,2.550005
31202190,7.00003333333333,38.0000333333333,47.0000333333333,15.0000333333333,7.51333333333333,7.96,17,226.666666666667,1.73333333333333,35.1,327.333333333333,32.8000666666667,1.84700333333333
31222178,12.0000333333333,47.0000333333333,47.0000333333333,6.00003333333333,7.52,7.9,13.1,638.666666666667,1.7,33.3,511.3,13.5000666666667,3.25000333333333
31241770,4.00003333333333,31.0000333333333,37.0000333333333,32.0000333333333,7.41,8.12333333333333,10.7,316.666666666667,1.06666666666667,16.5000333333333,300.366666666667,17.0000666666667,1.62500333333333
31242102,7.00003333333333,5.00003333333333,9.00003333333333,86.0000333333333,4.33666666666667,5.04666666666667,2.93333333333333,3.33333333333333e-05,0.333333333333333,30.1333333333333,53.5333333333333,2.60006666666667,0.292003333333333
31261792,8.00003333333333,40.0000333333333,26.0000333333333,34.0000333333333,7.61333333333333,8.23333333333333,7.5,32.3333333333333,1,0,489.033333333333,16.2000333333333,3.25000666666667
31262196,25.00005,27.00005,47.00005,27.00005,7.515,8.04,20.35,447.5,2.25,31.7,291.45,20.80005,1.722005
31282198,7.00003333333333,36.0000333333333,53.0000333333333,11.0000333333333,7.51666666666667,7.91,19.3,314.333333333333,1.9,25.3666666666667,697.533333333333,16.9000666666667,2.75900333333333
31282278,9.00003333333333,15.0000333333333,35.0000333333333,50.0000333333333,6.11333333333333,6.51,9.06666666666667,1.33333333333333,1.13333333333333,34.9666666666667,91.5333333333333,6.80006666666667,0.883003333333333
31282284,38.00005,8.00005,28.00005,64.00005,6.67,7.12,11.9,2.5,1.2,35.7,124.45,6.30005,0.874005
31301938,30.0000333333333,28.0000333333333,32.0000333333333,40.0000333333333,7.65,8.17,6.9,30.3333333333333,1.56666666666667,15.0666666666667,269.633333333333,15.0000666666667,1.31050333333333
31321886,21.0000333333333,20.0000333333333,20.0000333333333,60.0000333333333,7.42666666666667,7.87666666666667,17.8666666666667,145.666666666667,2.33333333333333,180.6,800.033333333333,15.5000666666667,3.22550333333333
31322144,3.00003333333333,39.0000333333333,37.0000333333333,25.0000333333333,7.76333333333333,8.19,18.9,288,1.96666666666667,23.6,170.566666666667,19.9000666666667,2.92250333333333
31342232,9.00003333333333,39.0000333333333,45.0000333333333,16.0000333333333,7.45,7.96333333333333,18.0333333333333,358,1.76666666666667,17.5666666666667,329.1,21.2000666666667,1.94750333333333
31362264,6.00003333333333,19.0000333333333,42.0000333333333,40.0000333333333,6.42666666666667,6.89,7.33333333333333,1,1,19.1,87.5,7.10006666666667,0.647003333333333
31381772,26.0000333333333,23.0000333333333,47.0000333333333,29.0000333333333,7.49,8.12,20.0666666666667,536,1.16666666666667,11.4333333333333,262.533333333333,14.0000666666667,1.61900333333333
31382208,8.00003333333333,51.0000333333333,37.0000333333333,13.0000333333333,7.65666666666667,8.10333333333333,17.8,273.333333333333,1.86666666666667,48,591.066666666667,18.4000666666667,1.96950333333333
31382262,11.00005,24.00005,46.00005,30.00005,7.53,8.055,8.1,65,1.1,11.5,119.45,13.10005,1.878005
31402214,5.00003333333333,16.0000333333333,36.0000333333333,48.0000333333333,7.43666666666667,7.96333333333333,10.4,89.3333333333333,1.1,14.5666666666667,135.6,11.6000666666667,1.40400333333333
31402286,52.00005,10.00005,26.00005,64.00005,4.515,5.085,11.6,0,1.05,40.45,68.9,2.40005,0.700005
31422138,6.00003333333333,27.0000333333333,19.0000333333333,53.0000333333333,7.53,7.97,19.7,249.333333333333,1.96666666666667,35.4333333333333,340.566666666667,15.2000666666667,2.30000333333333
31422198,10.0000333333333,35.0000333333333,50.0000333333333,14.0000333333333,7.56666666666667,8.04333333333333,17.3666666666667,539.666666666667,1.4,12.2333333333333,288.166666666667,10.3000666666667,1.80850333333333
31422234,11.0000333333333,44.0000333333333,48.0000333333333,9.00003333333333,7.47333333333333,7.99333333333333,18.1666666666667,447.333333333333,1.73333333333333,17.7500333333333,493.133333333333,14.9000666666667,2.42000333333333
31441882,26.0000333333333,22.0000333333333,27.0000333333333,51.0000333333333,7.62333333333333,8.25666666666667,11.8333333333333,568,1.2,23,330.366666666667,12.6000666666667,1.57700333333333
31461986,11.0000333333333,19.0000333333333,20.0000333333333,62.0000333333333,7.67666666666667,8.38666666666667,7.60003333333333,104.333333333333,0.566666666666667,11.2333333333333,172.333333333333,15.5000666666667,1.58250333333333
31462256,14.0000333333333,25.0000333333333,44.0000333333333,30.0000333333333,7.41333333333333,7.9,11.3666666666667,60.6666666666667,1.4,18.5666666666667,197.7,11.2000666666667,1.70950333333333
31501742,10.0000333333333,38.0000333333333,48.0000333333333,13.0000333333333,7.64666666666667,8.13666666666667,12.7,478.333333333333,1.23333333333333,11.8000333333333,379.266666666667,16.7000666666667,2.04150333333333
31501972,2.00003333333333,39.0000333333333,51.0000333333333,10.0000333333333,7.44333333333333,7.63333333333333,17.7666666666667,110.666666666667,1.9,13.4666666666667,1163.7,14.7000666666667,24.9000033333333
31521920,17.0000333333333,15.0000333333333,49.0000333333333,36.0000333333333,7.47666666666667,8.21333333333333,6.06666666666667,19,0.833333333333333,22.3333333333333,299.166666666667,12.3000666666667,1.20850333333333
31521980,16.0000333333333,16.0000333333333,22.0000333333333,61.0000333333333,7.63,8.30666666666667,9.16666666666667,154.333333333333,0.933333333333333,24.4,262.1,11.9000666666667,1.84650333333333
31542242,6.00003333333333,29.0000333333333,32.0000333333333,39.0000333333333,7.44,7.99,13.4,256,1.4,25.6333333333333,416.633333333333,13.7000666666667,1.72700333333333
31561974,15.0000333333333,22.0000333333333,43.0000333333333,35.0000333333333,7.50666666666667,8.13666666666666,8.93333333333333,356.666666666667,1.16666666666667,13.1,196.7,18.4000666666667,1.72900333333333
31582214,4.00003333333333,30.0000333333333,49.0000333333333,20.0000333333333,7.57,8.24,13.8,695.666666666667,1.36666666666667,28.8,188.833333333333,15.4000666666667,1.66800333333333
31621930,18,19,28,53,7.49,7.58,6.05,172.5,0.75,5e-05,270.3,10.80005,22.100005
31621954,5.00003333333333,4.00003333333333,71.0000333333333,25.0000333333333,7.52,7.67666666666667,8.33333333333333,112.666666666667,0.966666666666667,3.33333333333333e-05,54.3,3.30006666666667,23.3780033333333
31641834,10,17,36,46,7.525,8.23,7.05,12.5,0.9,5e-05,247.95,10.80005,1.204005
31642018,13.0000333333333,40.0000333333333,47.0000333333333,13.0000333333333,7.43,7.91,13.0333333333333,55,1.73333333333333,96.9666666666667,546.633333333333,29.5000666666667,2.09850333333333
31661902,3.00003333333333,40.0000333333333,29.0000333333333,31.0000333333333,7.66666666666667,7.73333333333333,23.4,223.666666666667,2.5,9.55003333333333,407.633333333333,6.60006666666667,29.3650033333333
31681822,34.0000333333333,30.0000333333333,32.0000333333333,38.0000333333333,6.13,6.75,10.3,1,1.06666666666667,3.33333333333333e-05,156.966666666667,10.9000666666667,0.699003333333333
31681918,9.00003333333333,18.0000333333333,43.0000333333333,40.0000333333333,7.58,8.13666666666667,7.7,528,0.933333333333333,29.2,213.066666666667,11.1000666666667,1.93350333333333
31681930,14.0000333333333,21.0000333333333,38.0000333333333,41.0000333333333,7.63333333333333,8.22666666666667,9,287,1,10,160.6,18.1000666666667,1.66450333333333
31681990,11.0000333333333,2.00003333333333,53.0000333333333,45.0000333333333,7.38666666666667,7.59666666666667,7.83333333333333,136.333333333333,1.03333333333333,3.33333333333333e-05,143.533333333333,6.20006666666667,24.0010033333333
31701848,5.00003333333333,23.0000333333333,28.0000333333333,49.0000333333333,7.61,8.30333333333333,6.43333333333333,49.3333333333333,0.633333333333333,18.2,352.866666666667,18.2000666666667,1.37300333333333
31722228,7.00003333333333,25.0000333333333,48.0000333333333,27.0000333333333,7.47666666666667,8.03,12.9,294.333333333333,1.1,14.6,280.366666666667,14.9000666666667,1.56750333333333
31782238,5.00003333333333,17.0000333333333,29.0000333333333,53.0000333333333,7.36333333333333,7.96,7.7,82.6666666666667,0.8,21.2666666666667,171.7,8.50006666666667,1.31900333333333
31801858,9.00003333333333,40.0000333333333,38.0000333333333,22.0000333333333,7.68666666666667,8.32666666666667,9.46666666666667,412,1.03333333333333,17.7666666666667,398.7,28.0000666666667,1.90200333333333
31801876,13.0000333333333,21.0000333333333,33.0000333333333,46.0000333333333,7.47,8.23333333333333,10.1,392.333333333333,1.1,13.4333333333333,231.033333333333,15.8000666666667,1.52150333333333
31801900,11.0000333333333,17.0000333333333,57.0000333333333,26.0000333333333,7.61666666666667,7.68666666666667,24.0333333333333,223.666666666667,2.73333333333333,34.9666666666667,379.533333333333,6.90006666666667,25.7330033333333
31801998,15.0000333333333,27.0000333333333,54.0000333333333,20.0000333333333,7.57,8.22666666666667,8.66666666666667,110.666666666667,0.933333333333333,13.3333333333333,299.266666666667,7.50006666666667,1.48300333333333
31802196,21.0000333333333,38.0000333333333,41.0000333333333,21.0000333333333,7.50333333333333,8.09666666666667,13.6333333333333,382.333333333333,1.4,12.1666666666667,308.533333333333,19.7000666666667,1.62450333333333
31802232,10.0000333333333,28.0000333333333,51.0000333333333,20.0000333333333,7.42,7.9,13.1666666666667,149,1.3,13.8,332.266666666667,15.0000666666667,1.45600333333333
31802268,7.00003333333333,47.0000333333333,47.0000333333333,6.00003333333333,7.52666666666667,8.09,9.8,583.333333333333,1.2,11.3,298.533333333333,19.7000666666667,1.65650333333333
31822180,19.0000333333333,16.0000333333333,31.0000333333333,52.0000333333333,7.35,7.88,12.4,191.333333333333,1.1,14.7666666666667,206,10.9000666666667,1.52950333333333
31822284,7.00003333333333,17.0000333333333,40.0000333333333,44.0000333333333,7.40666666666667,7.9,9.03333333333333,176,1.1,17.4333333333333,172.566666666667,10.2000666666667,1.65650333333333
31841836,15.0000333333333,32.0000333333333,36.0000333333333,32.0000333333333,7.50333333333333,8.05666666666667,8.3,178.333333333333,0.8,3.33333333333333e-05,343.8,20.1000666666667,1.43900333333333
31861832,11.0000333333333,26.0000333333333,27.0000333333333,47.0000333333333,7.54666666666667,8.3,4.8,48,0.566666666666667,3.33333333333333e-05,444,12.3000666666667,1.22550333333333
31861930,6.00003333333333,2.00003333333333,74.0000333333333,24.0000333333333,7.75666666666667,7.88333333333333,14.6333333333333,235.333333333333,1.66666666666667,18.8666666666667,346.6,7.80006666666667,26.4550033333333
31862188,23.0000333333333,46.0000333333333,46.0000333333333,8.00003333333333,7.47666666666667,7.91333333333333,15.5,301.666666666667,1.63333333333333,16.6,271.766666666667,25.2000666666667,1.83400333333333
31862206,10.0000333333333,24.0000333333333,43.0000333333333,32.0000333333333,7.49666666666667,7.96333333333333,12.4666666666667,47.6666666666667,1.3,41.9333333333333,263.7,17.2000666666667,1.73650333333333
31862210,26.0000333333333,23.0000333333333,39.0000333333333,38.0000333333333,7.53,8.14666666666667,7.3,272.666666666667,0.9,20.8666666666667,142.566666666667,15.3000666666667,1.54700333333333
31881938,21.0000333333333,21.0000333333333,33.0000333333333,46.0000333333333,7.62666666666667,8.19666666666667,9.03333333333333,459.666666666667,1.2,33.4,191.6,17.8000666666667,2.02450333333333
31881944,31.0000333333333,19.0000333333333,32.0000333333333,49.0000333333333,7.72,8.35666666666667,14,231,1.33333333333333,62.8,539.3,18.9000666666667,2.44000333333333
31882226,5.00003333333333,27.0000333333333,33.0000333333333,41.0000333333333,7.41666666666667,7.96666666666667,9.4,73.3333333333333,1.06666666666667,25.9333333333333,226.466666666667,14.7000666666667,1.58750333333333
31901886,24.0000333333333,20.0000333333333,23.0000333333333,58.0000333333333,7.59333333333333,8.2,13,702.666666666667,1.2,69.1333333333333,390.766666666667,14.1000666666667,2.25250333333333
31901958,14.0000333333333,24.0000333333333,39.0000333333333,36.0000333333333,7.49,7.95333333333333,16.8666666666667,218,1.6,13.5333333333333,258.4,23.7000666666667,2.24500333333333
31901972,4.00003333333333,27.0000333333333,63.0000333333333,10.0000333333333,7.51666666666667,8.1,9.36666666666667,207.666666666667,1.03333333333333,17.2666666666667,193.7,20.8000666666667,2.05200333333333
31921700,7.00003333333333,30.0000333333333,49.0000333333333,21.0000333333333,7.58666666666667,8.09666666666667,24.1,523.666666666667,1.66666666666667,14.8,268.933333333333,12.9000666666667,2.44500333333333
31921834,4.00003333333333,38.0000333333333,38.0000333333333,24.0000333333333,7.80666666666667,8.34666666666667,4.1,84.6666666666667,0.633333333333333,3.33333333333333e-05,448.733333333333,13.2000666666667,1.64250333333333
31921920,12.0000333333333,20.0000333333333,31.0000333333333,49.0000333333333,7.78,8.61,6.8,220.666666666667,0.6,11.3,217.4,16.4000666666667,1.23850333333333
31921978,5.00003333333333,4.00003333333333,82.0000333333333,14.0000333333333,7.31,7.44,18.6333333333333,406,2.33333333333333,47.8666666666667,362.333333333333,9.20006666666667,23.4000033333333
31922180,29.0000333333333,26.0000333333333,44.0000333333333,30.0000333333333,7.48,8.04333333333333,15.8,592.666666666667,1.63333333333333,18.9333333333333,215.833333333333,15.1000666666667,1.73550333333333
31942178,9.00003333333333,12.0000333333333,28.0000333333333,60.0000333333333,7.30666666666667,7.88333333333333,9.73333333333333,189,0.833333333333333,20.0333333333333,125.733333333333,7.30006666666667,1.44400333333333
31962246,17,32,41,26,7.365,7.68,21.55,312,1.5,20.05,389.35,11.30005,1.834005
31981858,12.0000333333333,33.0000333333333,45.0000333333333,22.0000333333333,7.59333333333333,8.23,11.4333333333333,516.666666666667,1.26666666666667,3.33333333333333e-05,249.633333333333,21.9000666666667,1.48800333333333
31982278,18.0000333333333,32.0000333333333,45.0000333333333,23.0000333333333,7.27333333333333,7.77666666666667,29.4666666666667,415,1.96666666666667,3.33333333333333e-05,218.533333333333,20.3000666666667,1.77100333333333
32001860,19.0000333333333,31.0000333333333,41.0000333333333,28.0000333333333,7.47,8.08333333333333,12.1,474.333333333333,1.36666666666667,11.0500333333333,307.266666666667,22.6000666666667,1.56400333333333
32002252,32.0000333333333,44.0000333333333,43.0000333333333,13.0000333333333,7.39333333333333,8,18.3,384.333333333333,1.86666666666667,28.2666666666667,404.266666666667,28.3000666666667,1.90900333333333
32021836,28.0000333333333,35.0000333333333,42.0000333333333,23.0000333333333,7.46,8.14666666666667,13.9666666666667,197,1.33333333333333,12.4666666666667,618.066666666667,22.2000666666667,1.16100333333333
32021866,12.00005,18.00005,44.00005,38.00005,7.55,8.14,16.9,439.5,1.45,10.8,424.9,17.30005,1.814005
32021980,11.0000333333333,21.0000333333333,50.0000333333333,29.0000333333333,7.65666666666667,7.79333333333333,15.0666666666667,292.333333333333,1.23333333333333,3.33333333333333e-05,155.833333333333,8.30006666666667,23.1000033333333
32022172,20.0000333333333,22.0000333333333,42.0000333333333,35.0000333333333,7.58333333333333,8.21,11.8666666666667,448.666666666667,1.03333333333333,14.9500333333333,155.3,13.0000666666667,1.72900333333333
32023576,1.00005,36.00005,42.00005,21.00005,5.44,5.84,126.85,3,9.45,55.5,279.95,21.60005,9.910005
32062172,21.0000333333333,29.0000333333333,27.0000333333333,44.0000333333333,7.55666666666667,8.21666666666667,4.73333333333333,60.3333333333333,0.766666666666667,16.3000333333333,263.366666666667,13.4000666666667,1.29800333333333
32062244,9.00003333333333,37.0000333333333,49.0000333333333,14.0000333333333,7.55666666666667,7.99333333333333,19.6,439,1.7,19.4666666666667,423.466666666667,22.9000666666667,2.54000333333333
32102244,10.0000333333333,29.0000333333333,39.0000333333333,33.0000333333333,7.36666666666667,7.79666666666667,26.4333333333333,44.3333333333333,2.8,39.6333333333333,292.433333333333,25.0000666666667,2.02850333333333
32122008,29.0000333333333,23.0000333333333,35.0000333333333,42.0000333333333,7.67333333333333,8.21,9.20003333333333,627,0.7,3.33333333333333e-05,154.366666666667,14.4000666666667,1.80300333333333
32141878,22.0000333333333,20.0000333333333,31.0000333333333,49.0000333333333,7.47666666666667,8.14,10.3333333333333,724.333333333333,1.16666666666667,19.3333333333333,123,14.7000666666667,1.84050333333333
32142004,23.0000333333333,2.00003333333333,62.0000333333333,36.0000333333333,7.45666666666667,7.59,13.3666666666667,182.333333333333,1.46666666666667,24.0666666666667,240.533333333333,7.00006666666667,23.7500033333333
32161894,11.0000333333333,18.0000333333333,27.0000333333333,55.0000333333333,7.57666666666667,8.26333333333333,6.96666666666667,314,0.966666666666667,16.3333333333333,395.933333333333,10.7000666666667,1.65050333333333
32162002,24.0000333333333,21.0000333333333,57.0000333333333,23.0000333333333,7.56,7.73333333333333,10.2,521.666666666667,0.866666666666667,23.7333333333333,175,15.6000666666667,22.1000033333333
32162080,17.0000333333333,27.0000333333333,27.0000333333333,46.0000333333333,7.41,7.93,9,676.666666666667,1,16.8000333333333,166.633333333333,17.0000666666667,1.70450333333333
32181914,14.0000333333333,30.0000333333333,26.0000333333333,44.0000333333333,7.61,8.06666666666667,8.36666666666667,281,0.8,21.3666666666667,327.233333333333,17.7000666666667,1.70300333333333
32201926,19.0000333333333,23.0000333333333,41.0000333333333,36.0000333333333,7.56,8.23,7.33333333333333,603.666666666667,0.7,15.2666666666667,124.033333333333,12.6000666666667,1.64500333333333
32202034,15.0000333333333,1.00003333333333,60.0000333333333,39.0000333333333,7.53,7.66666666666667,6.9,220.666666666667,0.833333333333333,18.8000333333333,181.533333333333,9.20006666666667,23.4500033333333
32202250,4.00003333333333,41.0000333333333,46.0000333333333,13.0000333333333,7.66,8.1,17.5666666666667,346,1.73333333333333,19.4333333333333,428.033333333333,22.2000666666667,2.18600333333333
32202258,28.0000333333333,39.0000333333333,43.0000333333333,19.0000333333333,7.36333333333333,7.79666666666667,17.8,488.333333333333,1.76666666666667,25.9333333333333,311.766666666667,18.7000666666667,2.16750333333333
32221972,16.0000333333333,28.0000333333333,38.0000333333333,34.0000333333333,7.62666666666667,8.26666666666667,16.6333333333333,475.666666666667,0.766666666666667,14.8,149,17.9000666666667,1.80450333333333
32222008,10.0000333333333,22.0000333333333,62.0000333333333,16.0000333333333,7.63,8.25666666666667,8.13333333333333,126,0.9,17.3333333333333,220.666666666667,21.5000666666667,2.32550333333333
32222146,26.0000333333333,31.0000333333333,39.0000333333333,30.0000333333333,7.44666666666667,8.13666666666666,12.9,345.333333333333,1.46666666666667,21.7333333333333,247.066666666667,16.9000666666667,2.67850333333333
32222156,12.0000333333333,20.0000333333333,28.0000333333333,52.0000333333333,7.59,8.07333333333333,7.5,132.333333333333,0.966666666666667,15.0666666666667,229.066666666667,10.3000666666667,1.26550333333333
32222306,30.0000333333333,26.0000333333333,44.0000333333333,30.0000333333333,7.44666666666667,7.92,10.3,305,1.2,12.5000333333333,169.8,20.0000666666667,1.40800333333333
32241866,34.0000333333333,26.0000333333333,34.0000333333333,40.0000333333333,7.60333333333333,8.24,17.3,539.333333333333,1.33333333333333,16.0666666666667,225.433333333333,18.6000666666667,1.76850333333333
32241980,30.0000333333333,26.0000333333333,60.0000333333333,14.0000333333333,7.47666666666667,8.13666666666667,16.9333333333333,289,1,18.9500333333333,413.933333333333,23.1000666666667,1.53100333333333
32242034,24,28,50,22,7.445,8.3,15.55,316,1.15,5e-05,209.35,20.80005,1.458005
32242304,21.0000333333333,17.0000333333333,40.0000333333333,43.0000333333333,7.35666666666667,7.95333333333333,13.5666666666667,307.666666666667,1.4,14.0500333333333,116.233333333333,16.4000666666667,1.54850333333333
32261904,19.0000333333333,21.0000333333333,35.0000333333333,44.0000333333333,7.50333333333333,7.6,9.1,369.666666666667,1.2,62.9666666666667,527.4,8.90006666666667,23.0500033333333
32281906,15.00005,27.00005,29.00005,45.00005,7.655,7.915,11.95,207,0.85,26.45,234.75,16.50005,4.580005
32281920,5.00003333333333,27.0000333333333,46.0000333333333,26.0000333333333,7.36333333333333,7.45333333333333,14.5333333333333,296.666666666667,1.56666666666667,33.4333333333333,573.6,13.0000666666667,22.5500033333333
32282028,27.0000333333333,28.0000333333333,49.0000333333333,23.0000333333333,7.36666666666667,7.76666666666667,29.6,144.666666666667,2.4,19.9333333333333,376.366666666667,26.1000666666667,1.75950333333333
32282262,4.00003333333333,18.0000333333333,29.0000333333333,53.0000333333333,7.42333333333333,8.07,7.83333333333333,160,1.03333333333333,17.9333333333333,236.033333333333,9.20006666666667,1.53650333333333
32301918,13,23,44,33,7.49,8.09,11.55,565.5,1.15,15.35,174.2,16.20005,2.009005
32302268,10.0000333333333,36.0000333333333,41.0000333333333,23.0000333333333,7.49333333333333,8.04,16.4,190.666666666667,1.83333333333333,39.4,344.566666666667,22.4000666666667,1.87150333333333
32321640,20.0000333333333,11.0000333333333,36.0000333333333,53.0000333333333,7.39333333333333,7.52333333333333,11.2,98.6666666666667,0.933333333333333,3.33333333333333e-05,116.733333333333,3.00006666666667,19.0030033333333
32322252,6.00003333333333,3.00003333333333,62.0000333333333,35.0000333333333,7.50666666666667,7.62,10.4666666666667,100.666666666667,1.06666666666667,3.33333333333333e-05,75.7,5.80006666666667,23.4990033333333
32341858,35.0000333333333,27.0000333333333,40.0000333333333,33.0000333333333,7.65,8.23333333333333,21.4333333333333,398.333333333333,1.53333333333333,20.3000333333333,492.333333333333,21.4000666666667,1.61800333333333
32341872,32.0000333333333,23.0000333333333,45.0000333333333,32.0000333333333,7.49,8.04,12.8333333333333,369.666666666667,1.3,15.8666666666667,233.6,21.1000666666667,1.61300333333333
32341890,5.00003333333333,26.0000333333333,35.0000333333333,38.0000333333333,7.65,8.20666666666667,7.76666666666667,434.333333333333,0.966666666666667,48.7,415.266666666667,15.9000666666667,1.84400333333333
32361860,30.0000333333333,27.0000333333333,38.0000333333333,35.0000333333333,7.53,8.15666666666667,18.6,525.333333333333,1.3,15.8333333333333,431.866666666667,14.6000666666667,1.94550333333333
32361928,11.0000333333333,39.0000333333333,41.0000333333333,20.0000333333333,7.65666666666667,8.29,9.73333333333333,528.333333333333,1,10.9333333333333,234.533333333333,25.2000666666667,1.81350333333333
32362252,8.00003333333333,48.0000333333333,48.0000333333333,4.00003333333333,7.5,7.85333333333333,29.6,118,2.93333333333333,44.5666666666667,631.233333333333,36.9000666666667,3.06000333333333
32362292,12.0000333333333,20.0000333333333,29.0000333333333,51.0000333333333,7.39333333333333,8.02,12.7333333333333,48.6666666666667,1.06666666666667,3.33333333333333e-05,99.5666666666667,17.7000666666667,1.25800333333333
32382024,23.0000333333333,14.0000333333333,28.0000333333333,58.0000333333333,7.41666666666667,8.02666666666667,14.9,337,1.3,16.1500333333333,184.233333333333,12.4000666666667,1.41650333333333
32382088,32,4,14,81,5.525,5.91,8.1,5e-05,0.8,5e-05,72.5,5.60005,1.294005
32401666,27.0000333333333,13.0000333333333,36.0000333333333,51.0000333333333,7.37,7.95,17,232,1.63333333333333,3.33333333333333e-05,175.666666666667,14.1000666666667,1.64500333333333
32403586,5,29,47,24,4.34,4.825,57.65,5e-05,5.2,26.75,92.35,9.20005,1.655005
32442278,5.00005,21.00005,60.00005,19.00005,7.695,8.6,3.05,626.5,0.3,0,71.05,12.40005,1.137005
32461916,21.0000333333333,26.0000333333333,45.0000333333333,29.0000333333333,7.34666666666667,7.86666666666667,20.2666666666667,343.333333333333,2.06666666666667,33.3333333333333,247.5,24.5000666666667,1.66850333333333
32462024,38.00005,31.00005,43.00005,26.00005,7.355,7.765,20.65,272.5,2.25,17.1,267.05,34.40005,2.070005
32462078,55,24,49,27,7.51,8.185,26.4,506,2.1,5e-05,292.05,22.10005,1.430005
32463616,24.00005,18.00005,27.00005,55.00005,5.12,5.46,73.45,0,4.8,41.1,96.2,17.70005,8.020005
32481900,6.00003333333333,12.0000333333333,10.0000333333333,77.0000333333333,7.65,8.14,4.23333333333333,27.6666666666667,0.466666666666667,19.5,333.4,11.8000666666667,1.35150333333333
32501886,28.00005,18.00005,24.00005,58.00005,7.505,7.85,10.9,269.5,1.3,30.95,183.6,12.40005,4.400005
32522056,33.0000333333333,18.0000333333333,36.0000333333333,46.0000333333333,7.54666666666667,8.14,8.9,370,0.833333333333333,13.3,306.933333333333,10.3000666666667,1.39350333333333
32522272,8.00003333333333,23.0000333333333,36.0000333333333,40.0000333333333,7.45,7.92,12.0666666666667,241,1.33333333333333,59,212.3,17.5000666666667,2.23500333333333
32541924,10.0000333333333,33.0000333333333,44.0000333333333,23.0000333333333,7.51333333333333,8.12666666666667,9.36666666666667,498.666666666667,1.2,25.5,303.4,25.5000666666667,1.69700333333333
32542000,19.0000333333333,29.0000333333333,54.0000333333333,18.0000333333333,7.37333333333333,7.7,13.6666666666667,310.333333333333,1.53333333333333,21.4333333333333,485.7,28.7000666666667,10.2875033333333
32562268,9.00003333333333,27.0000333333333,32.0000333333333,40.0000333333333,7.51666666666667,8.22333333333333,14.9,243.666666666667,1.26666666666667,28.9,162.5,18.5000666666667,1.89500333333333
32581868,28.0000333333333,21.0000333333333,43.0000333333333,36.0000333333333,7.57333333333333,8.22333333333333,18.7666666666667,341,1.43333333333333,30.8,340.5,21.9000666666667,1.76300333333333
32583496,5.00003333333333,34.0000333333333,50.0000333333333,16.0000333333333,5.10333333333333,5.49333333333333,87.9333333333333,1.00003333333333,7.96666666666667,105.833333333333,903.166666666667,29.9000666666667,46.7770033333333
32601908,3.00003333333333,45.0000333333333,40.0000333333333,15.0000333333333,7.48666666666667,7.55,9.7,242.666666666667,1.2,17.8333333333333,644.866666666667,14.7000666666667,23.6000033333333
32601944,10.0000333333333,38.0000333333333,25.0000333333333,37.0000333333333,7.61,8.21333333333333,9.6,193.666666666667,0.866666666666667,19.1,388.266666666667,15.0000666666667,1.61700333333333
32602250,3.00003333333333,29.0000333333333,50.0000333333333,21.0000333333333,7.42333333333333,7.99,16.1666666666667,366.666666666667,1.4,21.9333333333333,276.966666666667,15.8000666666667,1.64750333333333
32621684,21.0000333333333,13.0000333333333,26.0000333333333,62.0000333333333,7.5,8.01333333333333,6.8,25.6666666666667,0.733333333333333,3.33333333333333e-05,115.066666666667,12.1000666666667,1.28200333333333
32621858,22.0000333333333,20.0000333333333,39.0000333333333,41.0000333333333,7.59666666666667,8.24666666666667,19.8,534.333333333333,0.9,16.3666666666667,189.566666666667,11.6000666666667,1.61550333333333
32621882,8.00003333333333,28.0000333333333,40.0000333333333,32.0000333333333,7.5,7.98,12.7333333333333,271.666666666667,1.23333333333333,14.1500333333333,429.133333333333,21.4000666666667,1.92700333333333
32621922,6.00003333333333,37.0000333333333,37.0000333333333,27.0000333333333,7.45,7.98,9.03333333333333,43,1.06666666666667,23.6333333333333,733.133333333333,19.9000666666667,1.27100333333333
32641844,7.00003333333333,25.0000333333333,60.0000333333333,15.0000333333333,7.62,8.22333333333333,8.33333333333333,290.333333333333,0.833333333333333,19.6333333333333,262.033333333333,17.1000666666667,1.46450333333333
32681896,4.00003333333333,40.0000333333333,46.0000333333333,14.0000333333333,7.56,8.08333333333333,12.9333333333333,29,1.36666666666667,10.3500333333333,613.766666666667,27.1000666666667,1.67950333333333
32681928,7,43,42,15,7.6,7.975,8.85,257,1.05,16.55,629.6,26.00005,2.026005
32701912,19.0000333333333,29.0000333333333,44.0000333333333,27.0000333333333,7.56333333333333,8.19,10.8,576.666666666667,1.13333333333333,33.8333333333333,338.166666666667,18.2000666666667,1.68400333333333
32701918,10.0000333333333,29.0000333333333,29.0000333333333,42.0000333333333,7.47333333333333,8.00666666666667,9.5,12,1.06666666666667,39.1000333333333,364.733333333333,21.1000666666667,1.16100333333333
32702016,23,20,41,39,7.325,7.845,32.8,353,2.05,5e-05,300.8,20.60005,1.878005
32721856,25.0000333333333,20.0000333333333,43.0000333333333,37.0000333333333,7.54333333333333,8.13,14.0333333333333,406,1.16666666666667,45.1666666666667,531.466666666667,12.9000666666667,1.69400333333333
32721928,20.0000333333333,29.0000333333333,30.0000333333333,41.0000333333333,7.49666666666667,8.07666666666667,9.16666666666667,247.333333333333,0.8,15.4,276.766666666667,16.9000666666667,1.64600333333333
32742870,11.0000333333333,21.0000333333333,42.0000333333333,37.0000333333333,5.32333333333333,5.79666666666667,30.3,3.33333333333333e-05,3.23333333333333,61.3666666666667,90.3333333333333,6.10006666666667,1.79050333333333
32761828,33.0000333333333,22.0000333333333,35.0000333333333,44.0000333333333,7.67666666666667,8.26,25.6,608.333333333333,1,18.5666666666667,163.6,12.1000666666667,1.75650333333333
32761900,45,22,27,51,5.73,5.695,11.5,5e-05,1.15,50.25,240.1,9.60005,0.586005
32781920,13.0000333333333,30.0000333333333,33.0000333333333,37.0000333333333,7.57,8.15333333333333,8.83333333333333,317.333333333333,0.866666666666667,18.3,378.7,18.1000666666667,1.56200333333333
32801810,21,16,18,66,7.425,8.065,6.45,409,0.7,16.5,110.45,11.60005,1.374005
32821942,12.0000333333333,36.0000333333333,37.0000333333333,26.0000333333333,7.31,7.87333333333333,19.7333333333333,490.666666666667,1.66666666666667,3.33333333333333e-05,370.3,23.3000666666667,1.40800333333333
32841864,17.0000333333333,18.0000333333333,29.0000333333333,53.0000333333333,7.53333333333333,8.15333333333333,7.9,242.333333333333,0.8,16.7666666666667,184.233333333333,14.5000666666667,1.64600333333333
32842890,14.0000333333333,25.0000333333333,49.0000333333333,26.0000333333333,5.43666666666667,5.92666666666667,30.9333333333333,3.33333333333333e-05,3.3,85.2666666666667,279.266666666667,12.2000666666667,2.05700333333333
32881840,39.0000333333333,24.0000333333333,25.0000333333333,52.0000333333333,7.58666666666667,8.16666666666667,11.2333333333333,288.666666666667,1.03333333333333,17.2333333333333,257.8,16.7000666666667,1.49350333333333
32882142,22.0000333333333,29.0000333333333,32.0000333333333,39.0000333333333,7.50666666666667,7.97333333333333,23.9,330,2.4,16.1666666666667,73.3,19.7000666666667,4.42850333333333
32901694,5.00003333333333,30.0000333333333,50.0000333333333,20.0000333333333,7.67333333333333,8.03,10.8,294.333333333333,1.06666666666667,41.9666666666667,382.8,13.8000666666667,5.80500333333333
32901870,33.0000333333333,18.0000333333333,24.0000333333333,57.0000333333333,7.53,8.11,11.8333333333333,170.333333333333,1.36666666666667,18.7333333333333,194.166666666667,17.1000666666667,1.60200333333333
32902230,7.00003333333333,21.0000333333333,47.0000333333333,32.0000333333333,7.58,8.19,7.83333333333333,139.333333333333,0.9,14.2333333333333,168.366666666667,11.4000666666667,1.85650333333333
32921902,6.00003333333333,32.0000333333333,32.0000333333333,36.0000333333333,7.45333333333333,8.10666666666667,10.6666666666667,216.666666666667,1,17.3,376.8,21.6000666666667,1.55750333333333
32941850,6.00003333333333,20.0000333333333,24.0000333333333,55.0000333333333,7.58,8.27333333333333,19.2,571.333333333333,0.566666666666667,21.5333333333333,266.066666666667,7.70006666666667,1.50450333333333
32941900,11,33,28,39,7.68,7.635,14.2,222,1.5,34.05,759.6,22.00005,4.135005
32941918,14.0000333333333,35.0000333333333,27.0000333333333,38.0000333333333,7.53666666666667,8.09,11.3666666666667,127,1.36666666666667,18.8,397.733333333333,28.8000666666667,1.39300333333333
32961880,23.0000333333333,24.0000333333333,24.0000333333333,51.0000333333333,7.72,7.95666666666667,4.43333333333333,41,0.666666666666667,13.9666666666667,296.033333333333,17.8000666666667,1.38000333333333
32962280,45.0000333333333,33.0000333333333,41.0000333333333,26.0000333333333,7.54666666666667,8.20333333333333,8.6,355.666666666667,1.26666666666667,26.4,264.4,21.7000666666667,1.56300333333333
32981850,13.0000333333333,26.0000333333333,35.0000333333333,39.0000333333333,7.61333333333333,8.22333333333333,18.6333333333333,408,1.5,55.9333333333333,820.233333333333,17.1000666666667,3.03400333333333
32981868,34.0000333333333,21.0000333333333,30.0000333333333,49.0000333333333,7.57,8.09,11.0666666666667,250,1.03333333333333,25.1333333333333,222.533333333333,15.5000666666667,2.90500333333333
32981912,4.00003333333333,31.0000333333333,22.0000333333333,48.0000333333333,7.57333333333333,7.86,8.53333333333333,16.3333333333333,1.03333333333333,25.1666666666667,326.766666666667,20.2000666666667,1.40250333333333
32982146,12.0000333333333,12.0000333333333,28.0000333333333,60.0000333333333,7.44,8.11333333333333,5.9,7,0.9,25.0333333333333,106.133333333333,9.50006666666667,1.59150333333333
33022128,18.0000333333333,28.0000333333333,37.0000333333333,35.0000333333333,7.54333333333333,8.27,8.93333333333333,311,0.933333333333333,3.33333333333333e-05,204.033333333333,15.8000666666667,1.77700333333333
33042228,7.00003333333333,32.0000333333333,52.0000333333333,16.0000333333333,7.57333333333333,8.03666666666667,11.5666666666667,164.666666666667,1.43333333333333,13.1,249.6,18.2000666666667,2.24150333333333
33061810,8.00005,27.00005,44.00005,28.00005,7.535,7.625,17.65,195.5,1.55,29.35,493.2,14.20005,26.100005
33061854,49.0000333333333,23.0000333333333,35.0000333333333,42.0000333333333,7.47,7.98666666666667,16.6666666666667,719.666666666667,1.5,33.3333333333333,132.933333333333,15.8000666666667,1.76200333333333
33062278,41.0000333333333,40.0000333333333,52.0000333333333,8.00003333333333,7.40333333333333,7.85,14.5,268.666666666667,1.66666666666667,32,324,35.0000666666667,2.09500333333333
33082252,13.0000333333333,40.0000333333333,48.0000333333333,12.0000333333333,7.31,7.81666666666667,14.3666666666667,340,1.53333333333333,24.9333333333333,234.1,22.4000666666667,1.57600333333333
33141710,6.00003333333333,46.0000333333333,49.0000333333333,6.00003333333333,7.72,8,11.9,445.666666666667,1.46666666666667,58.2333333333333,641.733333333333,17.0000666666667,12.4450033333333
33141808,17.0000333333333,16.0000333333333,27.0000333333333,58.0000333333333,7.58333333333333,8.27666666666667,15.7333333333333,327,0.766666666666667,15.5333333333333,135.066666666667,8.90006666666667,1.50350333333333
33181812,37.0000333333333,18.0000333333333,24.0000333333333,58.0000333333333,7.71,8.51333333333333,6.76666666666667,349.666666666667,0.7,33.9,291.633333333333,10.7000666666667,1.54850333333333
33182222,5.00003333333333,24.0000333333333,45.0000333333333,31.0000333333333,7.64666666666667,8.22,9.03333333333333,64.3333333333333,1,19.9333333333333,208.666666666667,12.6000666666667,1.66700333333333
33221886,14.0000333333333,22.0000333333333,33.0000333333333,45.0000333333333,7.67,8.5,3.10003333333333,413.666666666667,0.3,11.3333333333333,182.666666666667,9.20006666666667,1.39000333333333
33222206,28.0000333333333,11.0000333333333,26.0000333333333,64.0000333333333,7.45,8.35,4.16666666666667,108.333333333333,0.533333333333333,3.33333333333333e-05,68.8333333333333,8.80006666666667,1.01950333333333
33241858,14.0000333333333,25.0000333333333,41.0000333333333,34.0000333333333,7.60666666666667,8.19333333333333,11.7,418.333333333333,1.1,20.8,158.2,19.2000666666667,1.66850333333333
33261874,37.0000333333333,22.0000333333333,30.0000333333333,48.0000333333333,7.57666666666667,8.13666666666666,6.2,264.333333333333,0.866666666666667,16.5333333333333,221.433333333333,14.4000666666667,1.43650333333333
33321866,26.0000333333333,19.0000333333333,33.0000333333333,48.0000333333333,7.51666666666667,8.23333333333333,11.8,370.333333333333,1.1,23.5666666666667,178.4,11.9000666666667,1.77700333333333
33362942,3.00005,13.00005,73.00005,14.00005,4.68,5.13,24.45,0,2.6,36.4,249.05,4.90005,0.973005
33382178,24.00005,19.00005,37.00005,44.00005,7.75,8.245,13.65,306,1.25,35.25,282.75,12.60005,2.030005
33402822,8.00003333333333,17.0000333333333,42.0000333333333,41.0000333333333,4.66333333333333,5.16666666666667,30.0666666666667,3.33333333333333e-05,2.83333333333333,46,261.5,5.60006666666667,1.85300333333333
33441708,16.0000333333333,42.0000333333333,55.0000333333333,3.00003333333333,7.47666666666667,7.85,12.4,483.666666666667,1.3,74.7333333333333,558.3,16.9000666666667,10.2100033333333
33441762,9,25,43,32,7.45,8.1,8.3,666,0.5,5e-05,165.75,9.70005,1.779005
33442828,7.00003333333333,18.0000333333333,35.0000333333333,46.0000333333333,4.90666666666667,5.37,40.0333333333333,3.33333333333333e-05,3.6,57.0666666666667,151.4,8.70006666666667,2.95150333333333
33481868,39.0000333333333,25.0000333333333,38.0000333333333,37.0000333333333,7.53,8.17333333333333,10.5333333333333,311.666666666667,1.23333333333333,29.3333333333333,321.9,17.3000666666667,1.44600333333333
33482200,5.00003333333333,30.0000333333333,51.0000333333333,20.0000333333333,7.70333333333333,8.28333333333333,15.6,222.666666666667,1.76666666666667,20.9666666666667,313.666666666667,11.8000666666667,2.92900333333333
33521792,15.0000333333333,22.0000333333333,28.0000333333333,50.0000333333333,7.75,8.51666666666667,6.06666666666667,373,0.533333333333333,27.2666666666667,282.533333333333,10.2000666666667,1.65850333333333
33522164,22.0000333333333,32.0000333333333,60.0000333333333,8.00003333333333,7.44666666666667,7.93666666666667,14.2,393.666666666667,1.6,44.4,383,18.0000666666667,2.26350333333333
33541798,18.00005,18.00005,25.00005,57.00005,7.575,8.265,13.95,382,1.35,10.95,83.05,11.10005,1.761005
33541816,15.0000333333333,18.0000333333333,24.0000333333333,58.0000333333333,7.60666666666667,8.22333333333333,14.2666666666667,544,0.866666666666667,11.7500333333333,91.5666666666667,11.6000666666667,1.60100333333333
33561702,3.00003333333333,40.0000333333333,54.0000333333333,7.00003333333333,7.73333333333333,8.15666666666667,10.7,471.333333333333,1.1,43.9,419.066666666667,17.8000666666667,4.09500333333333
33561828,8.00005,42.00005,43.00005,15.00005,7.565,8.145,13.1,275,1.05,31.1,747.2,18.60005,3.530005
33562196,2.00003333333333,26.0000333333333,69.0000333333333,5.00003333333333,7.33333333333333,7.99666666666667,16.3666666666667,309,1.86666666666667,32.8,365.366666666667,14.4000666666667,2.60500333333333
33562242,7.00003333333333,24.0000333333333,55.0000333333333,20.0000333333333,7.39333333333333,7.99333333333333,9.56666666666667,453,1.23333333333333,13.9333333333333,101.933333333333,13.4000666666667,1.30600333333333
33582090,25.00005,28.00005,44.00005,28.00005,7.62,8.13,11.75,435.5,1.3,36.95,403.95,12.60005,2.420005
33601746,10.0000333333333,18.0000333333333,32.0000333333333,49.0000333333333,7.56333333333333,7.8,15.4666666666667,542.333333333333,0.966666666666667,60.9333333333333,310.8,7.60006666666667,10.5000033333333
33602260,10.0000333333333,38.0000333333333,45.0000333333333,17.0000333333333,7.49333333333333,8.11666666666667,16.8333333333333,243.666666666667,1.3,12.7,259.733333333333,14.6000666666667,1.78200333333333
33621766,49.0000333333333,22.0000333333333,32.0000333333333,45.0000333333333,7.54333333333333,8.23,12.0333333333333,773,1.03333333333333,23.9,163.1,12.2000666666667,1.80000333333333
33622846,8.00003333333333,17.0000333333333,67.0000333333333,16.0000333333333,6.13666666666667,6.51666666666667,29.1666666666667,1.00003333333333,3.13333333333333,131.2,549.833333333333,12.2000666666667,2.47300333333333
33662236,5.00003333333333,23.0000333333333,50.0000333333333,28.0000333333333,7.41666666666667,8.08,12.3333333333333,379,1.26666666666667,26.7333333333333,151.066666666667,12.4000666666667,1.66950333333333
33662254,9.00003333333333,43.0000333333333,47.0000333333333,10.0000333333333,7.3,7.72666666666667,13.7,367.333333333333,1.53333333333333,14.0333333333333,233.266666666667,21.3000666666667,1.61350333333333
33702188,9.00005,29.00005,57.00005,15.00005,7.65,7.785,4.65,436,0.65,0,136.15,7.80005,29.100005
33702206,7.00003333333333,28.0000333333333,43.0000333333333,29.0000333333333,7.59,8.24666666666667,17.3,291,1.43333333333333,19.1666666666667,170.1,20.2000666666667,1.68450333333333
33721992,18.0000333333333,19.0000333333333,36.0000333333333,45.0000333333333,7.6,8.11333333333333,10.2,192,0.966666666666667,14.9,131.166666666667,13.7000666666667,1.92100333333333
33722924,4.00005,11.00005,82.00005,8.00005,5.325,5.725,13.75,0,1.6,32.1,209.7,5.50005,4.100005
33762094,49.0000333333333,25.0000333333333,37.0000333333333,38.0000333333333,7.34333333333333,7.81666666666667,6.43333333333333,7.66666666666667,0.966666666666667,44.2666666666667,227.3,12.6000666666667,1.85900333333333
33762144,12.0000333333333,40.0000333333333,59.0000333333333,1.00003333333333,7.78333333333333,7.93333333333333,14.2333333333333,252.333333333333,1.33333333333333,19.2,400.666666666667,16.9000666666667,11.0050033333333
33762832,4.00003333333333,16.0000333333333,52.0000333333333,33.0000333333333,5.31333333333333,5.87333333333333,22.1333333333333,3.33333333333333e-05,2.16666666666667,153.333333333333,211.5,7.10006666666667,0.966503333333333
33782182,12.0000333333333,31.0000333333333,47.0000333333333,22.0000333333333,7.51,7.97666666666667,17.9333333333333,601,1.56666666666667,3.33333333333333e-05,297.733333333333,14.1000666666667,1.95350333333333
33842206,4.00003333333333,25.0000333333333,56.0000333333333,19.0000333333333,7.52666666666667,8.02666666666667,12.7333333333333,409.333333333333,1.46666666666667,15.4500333333333,173,10.1000666666667,3.04000333333333
33842218,12.0000333333333,28.0000333333333,57.0000333333333,16.0000333333333,7.55,7.98333333333333,12.1,404.333333333333,1.53333333333333,13.8,154.833333333333,12.7000666666667,2.09500333333333
33862136,43.00005,22.00005,42.00005,36.00005,7.4,7.92,20,297.5,1.5,14.55,178.6,11.60005,1.634005
33882116,5.00003333333333,22.0000333333333,44.0000333333333,34.0000333333333,7.60666666666667,8.35,10.3666666666667,156.333333333333,0.966666666666667,14.1,236.333333333333,13.5000666666667,1.63050333333333
33882218,6.00003333333333,32.0000333333333,56.0000333333333,13.0000333333333,7.58666666666667,8.04,15.7666666666667,327,1.63333333333333,17.1,187.866666666667,15.8000666666667,5.26000333333333
33902190,2.00003333333333,22.0000333333333,60.0000333333333,18.0000333333333,7.33666666666667,7.68,16.1333333333333,375,2.2,28.7,110.766666666667,12.1000666666667,4.87750333333333
33903184,29.0000333333333,37.0000333333333,57.0000333333333,6.00003333333333,4.75666666666667,5.16666666666667,52.4666666666667,3.33333333333333e-05,6.3,37.2666666666667,198.4,11.8000666666667,9.50900333333333
33922196,25.0000333333333,29.0000333333333,31.0000333333333,40.0000333333333,7.45333333333333,7.88,17.6666666666667,296.666666666667,2,25.5666666666667,259.7,16.6000666666667,2.76500333333333
33922242,4.00003333333333,47.0000333333333,50.0000333333333,3.00003333333333,7.38333333333333,7.95,14.3666666666667,384.333333333333,1.8,12.7500333333333,182.733333333333,18.4000666666667,1.57050333333333
33942180,16.0000333333333,26.0000333333333,31.0000333333333,43.0000333333333,7.34,7.63666666666667,17.3,415.333333333333,1.96666666666667,50.1,334.9,11.4000666666667,4.12000333333333
33982144,11.0000333333333,37.0000333333333,50.0000333333333,13.0000333333333,7.55666666666667,8.09333333333333,16.9666666666667,232.666666666667,1.86666666666667,35.1666666666667,246.133333333333,17.1000666666667,3.52550333333333
34021832,5.00003333333333,39.0000333333333,43.0000333333333,18.0000333333333,7.37666666666667,8.02333333333333,11.2,236.666666666667,1.03333333333333,34.6333333333333,574.933333333333,22.4000666666667,1.52100333333333
34022170,29.0000333333333,37.0000333333333,37.0000333333333,26.0000333333333,7.38333333333333,7.88333333333333,33.3333333333333,398,2.86666666666667,33.9333333333333,368.2,28.2000666666667,2.82200333333333
34043708,5.00005,2.00005,3.00005,95.00005,4.62,5.245,25.5,0,2,55.6,50.3,3.60005,3.000005
34102178,3.00003333333333,21.0000333333333,50.0000333333333,28.0000333333333,7.26666666666667,7.52666666666667,17.8,308,2.13333333333333,60.4,429.4,13.0000666666667,4.62800333333333
34121896,3.00003333333333,23.0000333333333,38.0000333333333,39.0000333333333,7.38,7.82666666666667,16.5333333333333,306.666666666667,1.56666666666667,39.1,272.1,12.4000666666667,2.14850333333333
34123282,6.00005,15.00005,38.00005,48.00005,5.305,5.71,27.1,1,3.35,30.6,104.1,8.30005,6.920005
34141774,14.0000333333333,20.0000333333333,39.0000333333333,41.0000333333333,7.55333333333333,8.24333333333333,12.7333333333333,604.666666666667,1.06666666666667,3.33333333333333e-05,147.766666666667,13.9000666666667,2.07550333333333
34142080,6.00003333333333,21.0000333333333,53.0000333333333,26.0000333333333,7.66666666666667,8.21666666666667,16.9333333333333,346,1.66666666666667,55.9333333333333,450.866666666667,13.1000666666667,2.22650333333333
34183612,10.00005,26.00005,46.00005,28.00005,4.48,4.935,70.3,0,6.75,46.7,385.85,9.40005,6.420005
34222096,6.00003333333333,44.0000333333333,53.0000333333333,4.00003333333333,7.52,7.72,12.8666666666667,405,1.36666666666667,18.0666666666667,177.2,16.4000666666667,16.8900033333333
34222150,3.00003333333333,44.0000333333333,52.0000333333333,4.00003333333333,7.61333333333333,7.77,19.6,366.333333333333,1.83333333333333,19.6000333333333,348.233333333333,9.90006666666667,24.4000033333333
34222730,15.0000333333333,11.0000333333333,31.0000333333333,58.0000333333333,4.72333333333333,5.27333333333333,13.9333333333333,3.33333333333333e-05,1.43333333333333,66.2,103.633333333333,4.50006666666667,1.00200333333333
34242074,9.00003333333333,26.0000333333333,62.0000333333333,12.0000333333333,7.61666666666667,7.77666666666667,10.6666666666667,279.333333333333,1.23333333333333,14.8,362.266666666667,9.20006666666667,23.5000033333333
34242156,21.0000333333333,26.0000333333333,48.0000333333333,26.0000333333333,7.55,8.06,11.8,409,1.33333333333333,13.6666666666667,112,16.0000666666667,2.00150333333333
34242740,4.00005,10.00005,58.00005,33.00005,4.84,5.36,12.5,0,1.35,26.1,109.5,4.10005,0.972005
34243172,4.00005,19.00005,50.00005,31.00005,5.34,5.61,17.65,0,2.05,47.6,204.8,12.00005,5.740005
34261844,23.00005,25.00005,31.00005,43.00005,7.585,8.32,31.35,316,1.65,66,278.05,20.30005,1.905005
34262126,21.0000333333333,25.0000333333333,42.0000333333333,33.0000333333333,7.61333333333333,7.78333333333333,9.46666666666667,432,1.06666666666667,15.5666666666667,134.4,14.2000666666667,18.2535033333333
34262802,7.00005,53.00005,46.00005,1.00005,4.455,4.845,45.1,0,4.9,75.85,151.65,14.20005,3.050005
34281900,10.0000333333333,16.0000333333333,64.0000333333333,20.0000333333333,7.50333333333333,8.13,20.3,95.3333333333333,1.73333333333333,3.33333333333333e-05,310.833333333333,23.2000666666667,1.40850333333333
34282146,30.0000333333333,22.0000333333333,37.0000333333333,41.0000333333333,7.58333333333333,8.10333333333333,13,317.333333333333,1.43333333333333,21.6333333333333,84.1333333333333,13.9000666666667,1.73500333333333
34282152,19.0000333333333,38.0000333333333,58.0000333333333,4.00003333333333,7.54333333333333,8.05333333333333,16.2666666666667,390,1.8,27.8,386.066666666667,17.4000666666667,6.23000333333333
34322722,12.0000333333333,8.00003333333333,26.0000333333333,66.0000333333333,5.97,6.3,13.2,3.33333333333333e-05,1.33333333333333,31.5666666666667,82.2666666666667,5.50006666666667,1.75600333333333
34323172,5.00005,21.00005,62.00005,17.00005,5.46,5.79,14.1,0,1.85,34.5,141.85,13.00005,4.530005
34342040,9.00003333333333,23.0000333333333,37.0000333333333,41.0000333333333,7.49,8.14,10.6666666666667,281.666666666667,1,26.1333333333333,152.033333333333,10.4000666666667,1.74000333333333
34362150,23.0000333333333,31.0000333333333,42.0000333333333,26.0000333333333,7.61666666666667,8.28666666666667,15.6333333333333,373.333333333333,1.4,23.2666666666667,250.366666666667,16.5000666666667,2.14800333333333
34362178,6.00003333333333,24.0000333333333,41.0000333333333,35.0000333333333,7.33666666666667,7.82333333333333,14.5,340.666666666667,1.56666666666667,38.3,233.9,10.3000666666667,3.61000333333333
34381810,22.0000333333333,37.0000333333333,34.0000333333333,28.0000333333333,7.28666666666667,7.85,24.6,54,2.5,87.9333333333333,478.566666666667,26.2000666666667,1.49000333333333
34381822,14.00005,31.00005,46.00005,23.00005,7.47,8.115,17.6,442.5,1.8,46.9,666.2,20.30005,1.683005
34382818,6.00003333333333,16.0000333333333,70.0000333333333,14.0000333333333,5.82333333333333,6.18,15.2333333333333,3.33333333333333e-05,2,39.5333333333333,210.466666666667,7.90006666666667,2.03200333333333
34402118,4.00003333333333,31.0000333333333,63.0000333333333,6.00003333333333,7.62333333333333,7.75,15.9333333333333,372,1.56666666666667,17.6,383.833333333333,10.1000666666667,23.4000033333333
34402672,15.0000333333333,17.0000333333333,64.0000333333333,19.0000333333333,5.76666666666667,6.21333333333333,11.3,3.33333333333333e-05,1.33333333333333,48.2666666666667,119.633333333333,6.66666666666667e-05,1.69850333333333
34442140,25.00005,36.00005,59.00005,5.00005,7.465,7.705,16.05,399.5,1.85,14.1,301.35,10.20005,11.320005
34482180,4.00003333333333,21.0000333333333,65.0000333333333,14.0000333333333,7.37,7.88,12.5666666666667,313.333333333333,1.33333333333333,22.7333333333333,265.366666666667,11.6000666666667,2.41400333333333
34482192,11.0000333333333,25.0000333333333,55.0000333333333,20.0000333333333,7.42666666666667,7.88666666666667,13,314.666666666667,1.5,21.7666666666667,316.633333333333,12.7000666666667,1.98150333333333
34501930,11.0000333333333,49.0000333333333,25.0000333333333,26.0000333333333,7.1,7.59333333333333,17.6333333333333,5,2.03333333333333,73.6333333333333,581.866666666667,22.2000666666667,1.85650333333333
34502056,11,24,46,30,7.65,8.25,11.15,354.5,1,16.3,116.05,11.20005,1.749005
34522050,13.0000333333333,16.0000333333333,26.0000333333333,59.0000333333333,7.60666666666667,8.39333333333333,10.8333333333333,297,0.833333333333333,17.1333333333333,148.4,10.4000666666667,1.72650333333333
34523152,26.00005,24.00005,40.00005,36.00005,6.43,6.76,31.8,4,3.5,121.75,405.2,19.60005,7.130005
34542034,6.00003333333333,2.00003333333333,45.0000333333333,53.0000333333333,7.36333333333333,7.37666666666667,5.16666666666667,251.333333333333,0.633333333333333,10.8000333333333,107.833333333333,6.70006666666667,23.1000033333333
34542106,9.00003333333333,37.0000333333333,60.0000333333333,3.00003333333333,7.89666666666667,7.99,17.8333333333333,280.666666666667,1.86666666666667,24.7333333333333,357.8,10.0000666666667,36.2000033333333
34542118,7.00003333333333,41.0000333333333,56.0000333333333,3.00003333333333,7.58,7.94666666666667,12.8,465.333333333333,1.63333333333333,40.7333333333333,747.133333333333,14.1000666666667,4.48650333333333
34562080,5.00003333333333,25.0000333333333,57.0000333333333,18.0000333333333,7.58333333333333,7.78666666666667,19.9333333333333,407.666666666667,1.43333333333333,19.6,372.5,13.0000666666667,11.3560033333333
34562650,4.00003333333333,48.0000333333333,46.0000333333333,6.00003333333333,7.3,7.77333333333333,17.3333333333333,101,2.03333333333333,20,620.633333333333,26.2000666666667,1.85600333333333
34583132,9.00005,15.00005,63.00005,22.00005,7.325,7.695,34.85,457.5,4.35,62.5,133.2,25.80005,8.130005
34623698,15.00005,13.00005,22.00005,65.00005,4.71,5.305,48.1,0,3.7,47.25,293.45,8.80005,5.760005
34642088,11.0000333333333,29.0000333333333,57.0000333333333,14.0000333333333,7.61333333333333,8.19333333333333,14.4666666666667,403.666666666667,0.966666666666667,13.8,241.666666666667,14.4000666666667,2.04000333333333
34662094,4.00003333333333,34.0000333333333,63.0000333333333,3.00003333333333,7.73333333333333,8.18333333333333,15.6,263,1.83333333333333,12.6666666666667,497.933333333333,32.1000666666667,2.96000333333333
34663182,21.00005,37.00005,52.00005,11.00005,7.27,7.625,21.55,332,2.8,44.1,253.3,31.20005,3.550005
34682106,6.00003333333333,12.0000333333333,81.0000333333333,6.00003333333333,7.51666666666667,8.04,10.8,399.666666666667,1.26666666666667,34.9666666666667,243.833333333333,7.50006666666667,2.20050333333333
34682340,5.00003333333333,19.0000333333333,67.0000333333333,15.0000333333333,4.54666666666667,5.23666666666667,27.1333333333333,3.33333333333333e-05,1.96666666666667,43.7,151.866666666667,5.30006666666667,1.35500333333333
34682668,6.00003333333333,28.0000333333333,51.0000333333333,21.0000333333333,5.85666666666667,6.24333333333333,15.6666666666667,3.33333333333333e-05,1.83333333333333,50.1666666666667,277.5,14.3000666666667,1.78800333333333
34742632,20.0000333333333,35.0000333333333,60.0000333333333,5.00003333333333,7.37,7.72,28.3333333333333,70.6666666666667,3.33333333333333,29.3,471.733333333333,33.7000666666667,1.85850333333333
34761980,19.00005,36.00005,47.00005,17.00005,7.405,7.795,30.8,116.5,3,126.4,1373.4,30.00005,2.040005
34762064,11.0000333333333,20.0000333333333,43.0000333333333,37.0000333333333,7.74666666666667,8.46333333333333,18.6666666666667,498,0.8,11.6666666666667,176.033333333333,8.80006666666667,1.86100333333333
34762082,12.0000333333333,24.0000333333333,45.0000333333333,30.0000333333333,7.66333333333333,7.98333333333333,20.1666666666667,447.666666666667,1.06666666666667,18.8,132.333333333333,12.5000666666667,8.72050333333333
34762096,7.00003333333333,37.0000333333333,57.0000333333333,6.00003333333333,7.76333333333333,8.26333333333333,12.6,396.666666666667,1.56666666666667,19.7,265.4,26.0000666666667,2.15700333333333
34763158,18.00005,23.00005,66.00005,11.00005,7.38,7.725,34.2,597,4.2,45.05,142.7,23.30005,5.020005
34783226,17.00005,35.00005,50.00005,15.00005,6.91,7.24,30.2,17.5,3.45,37.8,293.8,25.10005,3.570005
34802042,5.00003333333333,20.0000333333333,39.0000333333333,40.0000333333333,7.44,8.01666666666667,16.9666666666667,441.333333333333,1.03333333333333,15.2500333333333,147.866666666667,8.90006666666667,2.45000333333333
34802352,5.00005,18.00005,75.00005,7.00005,5.105,5.585,12.3,0,1.3,39.35,128.75,6.80005,1.476005
34802712,19.00005,13.00005,40.00005,47.00005,5.335,5.86,15.85,0,1.75,49.9,77.95,5.00005,0.594005
34802878,7.00005,14.00005,62.00005,24.00005,4.595,4.94,32.95,0,3.35,40.25,295.15,8.30005,6.420005
34803216,38.00005,32.00005,51.00005,17.00005,7.2,7.58,60.95,142,6.2,28.35,408.45,38.00005,8.510005
34803270,5.00005,30.00005,31.00005,40.00005,7.13,7.595,18.4,12,1.9,53.35,186.15,23.00005,2.200005
34822818,12.00005,26.00005,60.00005,14.00005,5.905,6.36,20.45,0,2.55,61.35,277,10.50005,1.686005
34842616,33.0000333333333,28.0000333333333,61.0000333333333,11.0000333333333,7.41333333333333,7.70666666666667,40.7333333333333,106.666666666667,4.1,31.8666666666667,415.9,30.8000666666667,2.24500333333333
34842696,10.00005,13.00005,64.00005,24.00005,5.785,6.325,13.2,0,1.65,78.8,93.15,8.20005,1.479005
34842886,12.0000333333333,17.0000333333333,63.0000333333333,21.0000333333333,5.28666666666667,5.78,20.3,0,2.26666666666667,76.6,616.8,9.60003333333333,2.15000666666667
34862872,15.00005,22.00005,29.00005,49.00005,5.18,5.6,21.1,0,2.3,67.35,294.55,10.30005,1.775005
34882040,13.0000333333333,22.0000333333333,47.0000333333333,30.0000333333333,7.54,8.12666666666667,19.6,298.666666666667,1.53333333333333,13.9000333333333,192.8,17.6000666666667,1.77400333333333
34902892,5.00005,16.00005,74.00005,10.00005,4.36,4.675,28.2,0,3.35,100.3,422.1,5.50005,5.450005
34922054,2.00003333333333,20.0000333333333,42.0000333333333,38.0000333333333,7.61666666666667,8.09666666666667,22.2666666666667,454.333333333333,1.03333333333333,48.3333333333333,233.766666666667,9.10006666666666,1.87600333333333
34943288,13.00005,19.00005,16.00005,66.00005,6.875,7.35,16.35,3,1.85,73.15,290.65,15.40005,1.568005
34943504,2.00005,17.00005,29.00005,54.00005,4.055,4.285,99.45,0,8.4,104.85,556.8,12.70005,21.700005
35002134,37.0000333333333,17.0000333333333,38.0000333333333,44.0000333333333,7.43,7.93666666666667,16.0666666666667,158,2,16.0500333333333,86.2333333333333,15.6000666666667,2.02000333333333
35022040,3.00003333333333,25.0000333333333,48.0000333333333,27.0000333333333,7.56333333333333,8.09,29.4666666666667,477.666666666667,1.43333333333333,20.2,280.033333333333,14.9000666666667,1.89100333333333
35022120,7.00003333333333,35.0000333333333,60.0000333333333,5.00003333333333,7.47666666666667,7.92,22.1666666666667,284.666666666667,2.33333333333333,49.7,347.5,16.5000666666667,3.41850333333333
35022328,12.0000333333333,14.0000333333333,62.0000333333333,24.0000333333333,5.53333333333333,5.87,7.66666666666667,3.33333333333333e-05,1.2,58.6,116.033333333333,3.90006666666667,2.01600333333333
35062076,22.0000333333333,24.0000333333333,56.0000333333333,20.0000333333333,7.4,7.91666666666667,22.2333333333333,427,1.93333333333333,11.0666666666667,170.133333333333,21.9000666666667,2.15900333333333
35062630,5.00003333333333,44.0000333333333,44.0000333333333,12.0000333333333,7.39333333333333,7.94333333333333,19.8333333333333,408.333333333333,2.3,19.5,403.4,26.6000666666667,1.61150333333333
35063274,6.00005,50.00005,41.00005,8.00005,6.02,6.48,26.35,0,2.85,33.35,177.1,25.40005,1.167005
35082528,18.0000333333333,24.0000333333333,36.0000333333333,40.0000333333333,7.34666666666667,7.86333333333333,12.4666666666667,599.333333333333,1.36666666666667,14.5333333333333,177.066666666667,22.2000666666667,1.67900333333333
35083270,15.00005,23.00005,49.00005,28.00005,7.375,7.73,25.8,143,3.25,33.3,149.55,24.50005,4.610005
35102890,6.00005,16.00005,77.00005,7.00005,5.595,6.1,16.95,0,1.9,44.45,241.5,7.30005,2.420005
35122550,34.0000333333333,46.0000333333333,38.0000333333333,16.0000333333333,7.2,7.55333333333333,32.7,372,3.63333333333333,68.3666666666667,1299.5,37.2000666666667,2.73600333333333
35162136,12,25,44,31,7.55,8.235,17.35,175.5,1.95,17,131.65,15.80005,1.888005
35162334,10.0000333333333,15.0000333333333,61.0000333333333,24.0000333333333,5.66333333333333,6.19,7.86666666666667,3.33333333333333e-05,1.03333333333333,28.6666666666667,97,3.80006666666667,0.877503333333333
35162446,11.0000333333333,38.0000333333333,46.0000333333333,16.0000333333333,5.96,6.42333333333333,12.6333333333333,3.33333333333333e-05,1.43333333333333,21.7333333333333,260.766666666667,18.3000666666667,0.674503333333333
35162590,34.0000333333333,27.0000333333333,47.0000333333333,26.0000333333333,7.31666666666667,7.8,27.7333333333333,430.333333333333,3.23333333333333,28.5333333333333,367,23.5000666666667,2.58500333333333
35162802,5.00003333333333,13.0000333333333,44.0000333333333,43.0000333333333,6.08666666666667,6.52333333333333,28.4666666666667,3.33333333333333e-05,2.8,80.3333333333333,469.333333333333,7.00006666666667,1.52900333333333
35163428,5.00005,22.00005,29.00005,49.00005,4.505,5.045,29.95,0,2.7,45.85,90.05,9.20005,4.460005
35202144,25.0000333333333,17.0000333333333,57.0000333333333,27.0000333333333,7.33333333333333,8.03,13.4333333333333,230.333333333333,1.43333333333333,17.9333333333333,165,13.5000666666667,1.43800333333333
35202472,2.00003333333333,6.00003333333333,9.00003333333333,86.0000333333333,5.98333333333333,6.47333333333333,9.93333333333334,3.33333333333333e-05,1.16666666666667,31.3666666666667,132.266666666667,3.90006666666667,0.700003333333333
35202576,49.0000333333333,64.0000333333333,24.0000333333333,12.0000333333333,7.31666666666667,7.39333333333333,21.5333333333333,151.333333333333,2.86666666666667,35.3666666666667,796.833333333333,52.5000666666667,2.34000333333333
35202624,38.0000333333333,36.0000333333333,51.0000333333333,13.0000333333333,7.44333333333333,7.85333333333333,38.0666666666667,450.666666666667,3.86666666666667,36.7666666666667,487.566666666667,26.8000666666667,2.44850333333333
35202706,26.00005,12.00005,26.00005,62.00005,5.905,6.485,14.1,0,1.7,25.8,82.05,9.10005,0.487005
35203908,1.00006666666667,NaN,NaN,NaN,3.65333333333333,4.12666666666667,430.266666666667,3.33333333333333e-05,21.9333333333333,81.7,400.833333333333,23.7000666666667,18.5450033333333
35222052,20,33,52,14,7.57,8.18,18.1,577.5,1.05,5e-05,311.4,26.20005,1.223005
35222116,6.00003333333333,25.0000333333333,44.0000333333333,31.0000333333333,7.54666666666667,7.68333333333333,6.53333333333333,265.333333333333,1.26666666666667,12.8000333333333,129.166666666667,8.40006666666667,26.2415033333333
35222790,6.00003333333333,13.0000333333333,65.0000333333333,22.0000333333333,6.1,6.42666666666667,11.8,3.33333333333333e-05,1.63333333333333,33.8666666666667,202.9,5.20006666666667,1.89050333333333
35222830,15.00005,18.00005,53.00005,29.00005,5.865,6.25,21,0,1.9,37.55,125.2,8.80005,0.626005
35222848,6.00003333333333,15.0000333333333,69.0000333333333,16.0000333333333,5.39,5.99666666666667,16.9333333333333,3.33333333333333e-05,1.93333333333333,27.7333333333333,310.633333333333,7.70006666666667,0.895503333333333
35222884,6,17,56,27,5.145,5.85,28.15,5e-05,2.95,17.7,61.45,8.80005,0.917005
35222952,24.00005,18.00005,60.00005,22.00005,5.685,5.95,18.4,0,2.2,33.95,114.65,7.90005,2.710005
35223784,7.00005,16.00005,36.00005,48.00005,5.66,6.095,35.65,0,2.75,55.55,180.7,13.10005,2.290005
35263216,29.00005,22.00005,60.00005,18.00005,7.19,7.64,38.15,327.5,3.6,61.95,388.9,25.10005,3.760005
35282818,9.00003333333333,13.0000333333333,56.0000333333333,30.0000333333333,5.86333333333333,6.25666666666667,14.7,3.33333333333333e-05,1.8,37.2333333333333,137.133333333333,6.60006666666667,0.890503333333334
35283268,6.00005,52.00005,39.00005,8.00005,6.735,6.97,65.2,16.5,6.85,18,250.45,35.90005,2.930005
35302610,38.00005,46.00005,46.00005,8.00005,7.39,7.85,31.55,142,3.55,29.65,783.75,33.00005,2.480005
35303770,4.00003333333333,16.0000333333333,54.0000333333333,30.0000333333333,5.32,5.62,14.0666666666667,3.33333333333333e-05,1.4,24.2,95.8333333333333,11.2000666666667,1.28050333333333
35303810,20.00005,11.00005,34.00005,54.00005,5.095,5.535,21.35,0,2.15,32.65,173.2,8.00005,3.120005
35322812,4.00003333333333,29.0000333333333,53.0000333333333,18.0000333333333,5.62333333333333,6.03333333333333,31.6,3.33333333333333e-05,3.4,58.2333333333333,57.7,18.9000666666667,2.21750333333333
35342564,38.0000333333333,47.0000333333333,42.0000333333333,11.0000333333333,7.39,7.81666666666667,28.4333333333333,316.333333333333,3.06666666666667,62.2333333333333,903.5,30.8000666666667,2.49950333333333
35342582,17.00005,39.00005,34.00005,27.00005,7.445,7.83,20.45,63.5,2.5,56.3,539.95,35.80005,1.760005
35342716,31.00005,15.00005,37.00005,47.00005,5.48,6.045,45.05,0,4.55,60.45,403.2,14.20005,1.143005
35343590,4.00005,18.00005,26.00005,56.00005,4.38,4.83,120.6,0,7.35,35.7,98.9,18.50005,7.150005
35382360,21.0000333333333,40.0000333333333,41.0000333333333,19.0000333333333,7.54333333333333,8.07,14.7333333333333,113.333333333333,1.7,18.8666666666667,469.766666666667,21.0000666666667,1.63150333333333
35382378,9.00003333333333,22.0000333333333,24.0000333333333,55.0000333333333,7.26,7.81666666666667,21.3,423,1.7,23.1666666666667,234.366666666667,11.0000666666667,2.23500333333333
35383786,11.00005,16.00005,35.00005,49.00005,4.96,5.445,25.3,0,2.35,54.85,251.45,9.80005,2.690005
35403910,4.00005,2.00005,6.00005,92.00005,3.4,4.38,32.2,0,1.35,19,43.5,5.40005,0.605005
35422446,3.00003333333333,7.00003333333333,17.0000333333333,76.0000333333333,5.57666666666667,6.14333333333333,4.26666666666667,3.33333333333333e-05,0.6,60.0666666666667,113.8,3.00006666666667,0.747003333333333
35422486,4.00005,16.00005,33.00005,52.00005,5.13,5.85,20.05,0,1.75,14.9,90.55,10.20005,3.070005
35442582,11.0000333333333,37.0000333333333,54.0000333333333,9.00003333333333,7.35,7.83666666666667,33.6,345.333333333333,3.03333333333333,32.3333333333333,494.233333333333,28.4000666666667,2.11550333333333
35442600,26.0000333333333,45.0000333333333,47.0000333333333,7.00003333333333,7.44,7.86666666666667,34.6,149.666666666667,3.96666666666667,39.5,764.966666666667,32.2000666666667,2.19900333333333
35462350,8.00003333333333,38.0000333333333,52.0000333333333,10.0000333333333,7.40666666666667,7.81,19.4666666666667,142.333333333333,2.3,35.5,246.866666666667,24.7000666666667,2.10100333333333
35483168,20.00005,27.00005,58.00005,15.00005,5.075,5.51,21.35,1,2.5,59.1,148.05,18.50005,4.350005
35483690,14.00005,15.00005,35.00005,50.00005,5.235,5.745,21.15,0,2.1,16.6,118.05,10.80005,1.527005
35503802,15.00005,13.00005,29.00005,57.00005,4.8,5.285,19.95,0,1.8,57.45,180.2,9.10005,2.070005
35522590,7.00003333333333,29.0000333333333,60.0000333333333,11.0000333333333,7.30666666666667,7.78,27.4666666666667,574,3,67.1666666666667,375.166666666667,22.3000666666667,1.96650333333333
35543358,17.0000333333333,25.0000333333333,50.0000333333333,25.0000333333333,6.46333333333333,6.73666666666667,23.8333333333333,1.00003333333333,2.53333333333333,28.3,197.933333333333,13.7000666666667,2.06650333333333
35562612,7.00003333333333,36.0000333333333,52.0000333333333,13.0000333333333,7.25333333333333,7.78333333333333,34.6333333333333,27.3333333333333,3.73333333333333,20.6,456.7,36.4000666666667,2.37800333333333
35562670,6.00005,24.00005,38.00005,38.00005,6.56,7,14.8,2,1.45,25.9,169.7,8.20005,1.076005
35563840,33.0000333333333,8.00003333333333,22.0000333333333,71.0000333333333,4.64333333333333,5.1,35.0333333333333,1,2.93333333333333,73.7666666666667,48.9,5.40006666666667,2.83400333333333
35582116,5.00003333333333,19.0000333333333,40.0000333333333,42.0000333333333,7.53,7.85,12.1666666666667,161.333333333333,1.56666666666667,66.1333333333333,359.466666666667,12.1000666666667,3.51450333333333
35582566,16.0000333333333,26.0000333333333,63.0000333333333,11.0000333333333,7.32,7.79333333333333,37.1,232.666666666667,3.93333333333333,15.0666666666667,286.4,30.8000666666667,2.72800333333333
35583550,23.00005,16.00005,29.00005,55.00005,5.455,5.8,32.55,0,2.85,121.3,722.9,13.60005,14.200005
35583798,17.00005,12.00005,34.00005,54.00005,5.175,5.69,30.7,0,2.65,68,194.3,11.90005,2.220005
35622622,16.00005,24.00005,69.00005,7.00005,7.28,7.78,22.05,27,2.5,25.05,310.75,25.00005,1.451005
35622928,6.00003333333333,25.0000333333333,63.0000333333333,12.0000333333333,5.58333333333333,6.01333333333333,35.2333333333333,1.00003333333333,3.73333333333333,32.2666666666667,83.2666666666667,14.8000666666667,1.39500333333333
35642368,8.00003333333333,37.0000333333333,42.0000333333333,20.0000333333333,7.29,7.79333333333333,14.9333333333333,62.6666666666667,1.7,9.6,177.333333333333,20.0000666666667,1.44050333333333
35642674,38.0000333333333,30.0000333333333,49.0000333333333,20.0000333333333,7.35333333333333,7.76333333333333,30.1,362,3.3,18.3,318.1,29.1000666666667,1.86850333333333
35642962,11.0000333333333,23.0000333333333,52.0000333333333,26.0000333333333,7.18333333333333,7.61,21.5666666666667,188.666666666667,2.53333333333333,32.0666666666667,240.566666666667,21.8000666666667,2.61550333333333
35643700,27.00005,21.00005,39.00005,40.00005,6.235,6.67,16.7,2,1.75,35.25,109.55,14.30005,2.000005
35662870,12.00005,22.00005,68.00005,10.00005,4.805,5.355,38.8,0,4.3,29.75,74.25,11.10005,2.660005
35663464,12.00005,15.00005,29.00005,56.00005,6.505,6.835,49.35,3,2.8,84.25,427.95,14.20005,5.130005
35663582,3.00005,21.00005,25.00005,54.00005,4.51,4.845,33.1,0,3.1,32.55,102.45,10.00005,6.240005
35702280,13.0000333333333,32.0000333333333,35.0000333333333,32.0000333333333,7.28666666666667,7.89,13.7,72.6666666666667,1.66666666666667,15.1000333333333,156.2,19.7000666666667,1.71400333333333
35702320,15.0000333333333,24.0000333333333,52.0000333333333,24.0000333333333,7.45333333333333,8.06666666666667,11.3,454,1.23333333333333,12.0000333333333,115.566666666667,12.1000666666667,1.61900333333333
35702590,13.0000333333333,38.0000333333333,25.0000333333333,38.0000333333333,5.98333333333333,6.36666666666667,21.8,3.33333333333333e-05,2.36666666666667,13.1666666666667,116.7,13.8000666666667,1.15500333333333
35742678,24,31,26,44,7.38,7.74,30.45,198,2.3,20.8,423.35,28.10005,2.016005
35743480,13.00005,17.00005,42.00005,41.00005,7.36,7.79,25.45,208.5,1.65,36.75,130.15,14.00005,2.070005
35762854,3.00005,20.00005,43.00005,37.00005,4.625,5.14,39.75,0,3.9,26,122.85,9.80005,1.196005
35762938,13.0000333333333,22.0000333333333,70.0000333333333,8.00003333333333,7.1,7.50333333333333,17.9333333333333,50.6666666666667,2.1,51.6666666666667,257.766666666667,18.0000666666667,2.05600333333333
35763316,11,35,50,15,6.495,6.99,25.5,4.00005,2.6,30.55,195.05,20.20005,2.705005
35782266,4.00005,12.00005,78.00005,10.00005,5.13,5.58,9.45,0,1.45,47.65,61.7,4.90005,2.900005
35802496,5.00005,10.00005,47.00005,43.00005,6.185,6.53,15.75,0,1.7,38.55,126,9.60005,2.980005
35823892,15.0000333333333,16.0000333333333,32.0000333333333,52.0000333333333,5.41,6.01666666666667,18.5,3.33333333333333e-05,1.96666666666667,62.7333333333333,200.366666666667,11.3000666666667,1.61250333333333
35842330,3.00003333333333,39.0000333333333,45.0000333333333,16.0000333333333,7.49666666666667,8.06,10.6333333333333,132,1.26666666666667,3.33333333333333e-05,147.033333333333,19.9000666666667,1.54300333333333
35843464,3.00005,33.00005,37.00005,30.00005,7.325,7.815,36.6,35,2.55,20.9,124.9,27.10005,2.060005
35862102,14.0000333333333,25.0000333333333,57.0000333333333,19.0000333333333,7.50333333333333,8.04,7.36666666666667,330.333333333333,1.2,12,126.6,13.1000666666667,1.60450333333333
35882924,3.00005,60.00005,34.00005,6.00005,6.73,6.94,71.3,40,7.55,95.2,538.3,40.60005,8.340005
35883234,20.00005,21.00005,61.00005,18.00005,5.385,5.645,24.4,0,2.2,33.35,99.25,13.40005,3.590005
35883360,14.00005,32.00005,40.00005,28.00005,6.425,6.81,45.65,2.5,3.55,106.1,350.6,26.30005,1.440005
35883904,13.00005,13.00005,39.00005,48.00005,4.46,4.9,42.9,0,3.65,46.4,229.15,7.80005,5.440005
35902440,43.0000333333333,48.0000333333333,46.0000333333333,5.00003333333333,7.34,7.79666666666667,16.7,110.666666666667,1.86666666666667,30.2333333333333,312.866666666667,32.6000666666667,1.73200333333333
35922382,14.0000333333333,37.0000333333333,47.0000333333333,16.0000333333333,7.45333333333333,7.90666666666667,10.3666666666667,476.333333333333,1.4,12.1500333333333,167.3,15.6000666666667,2.02900333333333
35922396,13.00005,32.00005,59.00005,9.00005,7.46,7.89,17.8,83,2.15,13.35,308,36.30005,1.809005
35922516,13.00005,43.00005,28.00005,28.00005,7.035,7.315,48.75,65.5,4.8,17.15,499.1,36.90005,4.890005
35923866,6.00005,19.00005,39.00005,42.00005,5.505,5.99,28.55,0,2.55,55.1,106.3,11.70005,2.430005
35942062,14.0000333333333,18.0000333333333,40.0000333333333,42.0000333333333,7.66333333333333,8.22666666666667,9.36666666666667,603.333333333333,0.866666666666667,25.2333333333333,169.3,13.4000666666667,1.67600333333333
35942620,20.00005,11.00005,44.00005,45.00005,4.94,5.61,13.35,0,1.45,56.95,219.6,6.40005,1.503005
35943898,16.00005,11.00005,24.00005,65.00005,4.125,4.515,41.1,0,3.7,35.15,145.35,6.90005,5.830005
35962864,6.00005,23.00005,33.00005,43.00005,5.565,5.945,47.7,1,4.9,60.8,194.95,19.40005,9.530005
35982096,22.0000333333333,30.0000333333333,62.0000333333333,8.00003333333333,7.33666666666667,7.87333333333333,18.5666666666667,315,1.8,30.5666666666667,257.266666666667,14.3000666666667,1.72100333333333
35982636,23.00005,15.00005,35.00005,50.00005,5.53,6.135,27.05,0,2.5,28.6,108.6,8.00005,0.901005
36002116,11.0000333333333,25.0000333333333,41.0000333333333,35.0000333333333,7.34,7.88666666666667,45.2,208.333333333333,4.7,234.7,844.066666666667,19.6000666666667,2.73250333333333
36002332,10.00005,44.00005,39.00005,17.00005,7.51,8.155,7.45,47,1.3,16.35,240.75,27.50005,1.868005
36002704,27.00005,27.00005,36.00005,37.00005,7.03,7.615,15.75,59.5,1.7,20.5,781.7,21.50005,1.837005
36002830,6.00005,11.00005,14.00005,75.00005,4.945,5.315,28.5,0,3.15,38.55,193.15,10.00005,5.060005
36002848,17.00005,29.00005,63.00005,7.00005,7.26,7.555,22,83,2.8,87.85,575.8,23.50005,4.780005
36002902,12.00005,22.00005,55.00005,23.00005,5.815,6.14,33.2,1,3.5,20.1,277.05,16.90005,5.460005
36022114,24.0000333333333,29.0000333333333,49.0000333333333,22.0000333333333,7.27,7.7,29.0666666666667,353.666666666667,3.46666666666667,105.733333333333,677.4,19.9000666666667,2.27500333333333
36022838,4.00003333333333,12.0000333333333,65.0000333333333,23.0000333333333,5.46666666666667,5.83,9.73333333333333,3.33333333333333e-05,1.2,56.2,139.6,9.40006666666667,0.890003333333333
36062060,6.00003333333333,20.0000333333333,34.0000333333333,47.0000333333333,7.43333333333333,8.14333333333333,16.5666666666667,305,1.26666666666667,3.33333333333333e-05,119.4,10.9000666666667,1.70700333333333
36062762,8.00003333333333,13.0000333333333,70.0000333333333,17.0000333333333,6.49333333333333,6.83,8.9,1.00003333333333,1.1,28.4666666666667,154.133333333333,6.10006666666667,0.878503333333333
36062968,19.00005,20.00005,57.00005,23.00005,4.455,4.915,36.3,1,2.85,38.85,195.95,13.50005,4.710005
36063302,6.00003333333333,41.0000333333333,36.0000333333333,23.0000333333333,7.25,7.71,22.7666666666667,108,2.46666666666667,30.1333333333333,265.233333333333,24.1000666666667,3.67450333333333
36063896,16.0000333333333,22.0000333333333,32.0000333333333,46.0000333333333,5.21333333333333,5.71333333333333,52.7666666666667,0,3.16666666666667,66.5333333333333,298.4,13.3000333333333,2.49000666666667
36082620,37.00005,14.00005,41.00005,45.00005,4.94,5.48,16.45,0,1.8,45.45,107.4,5.00005,1.470005
36083448,20.0000333333333,20.0000333333333,57.0000333333333,23.0000333333333,7.35,7.76666666666667,21.5333333333333,48.6666666666667,2,50.8666666666667,388.9,17.7000666666667,2.57000333333333
36102958,2.00005,13.00005,28.00005,59.00005,4.67,4.89,24.95,0,2.85,42.2,104.45,11.90005,3.730005
36122692,2.00005,9.00005,28.00005,63.00005,5.85,6.235,9.85,0,1,21.1,85.35,6.90005,0.896005
36122992,12.0000333333333,7.00003333333333,46.0000333333333,48.0000333333333,4.98666666666667,5.66,15.1,3.33333333333333e-05,1.56666666666667,43.5333333333333,82.2,4.30006666666667,0.661003333333333
36182452,27.0000333333333,26.0000333333333,49.0000333333333,25.0000333333333,7.17333333333333,7.54,46.7,509,3.9,13.6500333333333,104.066666666667,24.6000666666667,1.93650333333333
36202064,7.00003333333333,28.0000333333333,41.0000333333333,30.0000333333333,7.53333333333333,8.08333333333333,5.5,170,0.666666666666667,17.1333333333333,270.4,15.9000666666667,1.33200333333333
36223478,10.00005,21.00005,61.00005,18.00005,7.36,7.76,18.4,467,2.45,33.4,329.45,5.30005,2.300005
36223496,8.00005,27.00005,27.00005,46.00005,7.24,7.605,20.95,51,2.4,19.95,281.75,21.10005,2.390005
36242392,24.0000333333333,23.0000333333333,36.0000333333333,41.0000333333333,7.36,7.82666666666667,13.8666666666667,247.666666666667,1.53333333333333,20.7000333333333,255.266666666667,19.0000666666667,1.86600333333333
36242402,21.0000333333333,27.0000333333333,62.0000333333333,10.0000333333333,7.42333333333333,8.08666666666667,18.8333333333333,518.333333333333,1.66666666666667,12.3000333333333,150.766666666667,26.4000666666667,1.59100333333333
36263340,20.00005,26.00005,35.00005,39.00005,7.395,7.755,20.95,162.5,2.6,32.8,229.75,22.30005,3.290005
36282480,3.00005,23.00005,23.00005,55.00005,7.185,7.29,46.5,140.5,4.4,20,401.05,25.40005,1.730005
36283272,7.00005,39.00005,36.00005,24.00005,7.315,7.89,17.75,40,2,16.65,252.6,27.40005,3.540005
36302830,12.0000333333333,28.0000333333333,47.0000333333333,25.0000333333333,7.16333333333333,7.66333333333333,22.7,181.333333333333,2.36666666666667,42.2666666666667,330.3,19.6000666666667,1.76950333333333
36322504,24.0000333333333,14.0000333333333,28.0000333333333,59.0000333333333,5.86,6.18333333333333,22.5333333333333,3.33333333333333e-05,2.3,46.5666666666667,219.033333333333,9.80006666666667,0.846003333333333
36362530,6.00005,21.00005,35.00005,44.00005,5,5.52,27.45,0,2.65,31.05,76,9.00005,0.814005
36362818,13,25,23,52,5.54,5.99,26.85,5e-05,3.05,60.15,308.8,19.20005,1.026005
36382304,41.00005,20.00005,39.00005,41.00005,4.855,5.45,9.2,0,1.2,50.35,171.65,9.70005,0.766005
36422392,5.00003333333333,53.0000333333333,37.0000333333333,10.0000333333333,6.95666666666667,7.46666666666667,11.7,3.66666666666667,1.46666666666667,26.2666666666667,384.7,38.9000666666667,1.73150333333333
36422726,34.0000333333333,34.0000333333333,44.0000333333333,23.0000333333333,7.25666666666667,7.75,15.2,7.66666666666667,1.66666666666667,41.9,275.033333333333,28.3000666666667,1.55800333333333
36482268,21.0000333333333,9.00003333333333,57.0000333333333,33.0000333333333,6.07,6.85333333333333,6.66666666666667,3.33333333333333e-05,0.9,22.6666666666667,65.6,6.10006666666667,1.07550333333333
36482524,8.00005,21.00005,36.00005,43.00005,5.465,5.9,33.45,0,3.65,19.7,223.2,14.00005,1.180005
36502284,11.0000333333333,38.0000333333333,34.0000333333333,28.0000333333333,7.16666666666667,7.84666666666667,9.63333333333333,4,1.3,16.0500333333333,207.333333333333,16.1000666666667,1.14300333333333
36523266,21.00005,26.00005,35.00005,39.00005,7.535,8.1,16.65,364,1.9,20.35,116.15,14.00005,2.780005
36562276,28.00005,27.00005,43.00005,30.00005,7.44,7.84,7.5,252,1.3,20.7,139.75,12.80005,1.346005
36562708,23.0000333333333,18.0000333333333,51.0000333333333,31.0000333333333,5.90666666666667,6.25,13,3.33333333333333e-05,1.46666666666667,34.0333333333333,166.666666666667,10.4000666666667,1.51850333333333
36562982,6.00003333333333,18.0000333333333,73.0000333333333,9.00003333333333,5.2,5.64666666666667,17.3,3.33333333333333e-05,1.86666666666667,40.6666666666667,87.8333333333333,11.1000666666667,0.809503333333333
36582290,13.00005,42.00005,42.00005,16.00005,7.445,8.08,9.1,287,1.3,18.5,225.05,24.30005,1.811005
36622782,6.00003333333333,22.0000333333333,71.0000333333333,6.00003333333333,5.7,6.20666666666667,10.9333333333333,3.33333333333333e-05,1.26666666666667,34.3,196.066666666667,11.4000666666667,0.998003333333333
36662812,7.00003333333333,16.0000333333333,69.0000333333333,15.0000333333333,6.31666666666667,6.56666666666667,12.8333333333333,3.33333333333333e-05,1.6,36.3666666666667,201.366666666667,10.4000666666667,0.843003333333333
36663376,4.00005,36.00005,63.00005,2.00005,7.31,7.73,32.25,29.5,2.85,46.85,449.45,27.70005,2.950005
36682774,18,28,67,5,6.265,6.62,11.55,1.00005,1.4,37.75,268.45,16.80005,1.247005
36703230,12.00005,18.00005,67.00005,15.00005,6.62,6.945,10.45,1,1.25,30.55,127.2,11.80005,1.400005
36742088,21.0000333333333,26.0000333333333,41.0000333333333,34.0000333333333,7.47,8.26333333333333,16.6666666666667,224.666666666667,1.63333333333333,33.5666666666667,142.5,19.1000666666667,1.34800333333333
36742682,5.00005,29.00005,48.00005,23.00005,7.045,7.49,12.9,1,1.45,42.2,215.15,18.10005,2.270005
36782654,7.00003333333333,13.0000333333333,44.0000333333333,43.0000333333333,4.57,5.23,10.6333333333333,3.33333333333333e-05,1.16666666666667,22.6,81.4,4.20006666666667,0.461503333333333
36783234,9.00005,31.00005,35.00005,35.00005,6.31,6.72,18.75,0,1.75,20.3,131.45,16.40005,0.718005
36822426,9.00003333333333,33.0000333333333,50.0000333333333,16.0000333333333,5.81333333333333,6.29333333333333,21.0666666666667,3.33333333333333e-05,2.33333333333333,11.9500333333333,147.633333333333,17.0000666666667,0.783003333333333
36842772,13.00005,37.00005,54.00005,9.00005,7.425,8,14.55,28.5,1.6,53.4,323.9,27.20005,1.567005
36843280,5.00003333333333,12.0000333333333,24.0000333333333,64.0000333333333,6.76,7.19333333333333,10.7333333333333,4.00003333333333,1.36666666666667,56.6,106.666666666667,10.5000666666667,1.84750333333333
36862320,18.00005,42.00005,44.00005,14.00005,7.33,7.98,13.3,98,1.7,19.6,344.5,27.40005,2.060005
36862680,4,40,55,5,6.59,7.3,16.5,2,1.6,69.2,216.1,22.6,NaN
36863314,8.00005,14.00005,16.00005,70.00005,7.09,7.61,21,164,2.05,94.85,156.4,16.90005,2.490005
36882406,15.00005,41.00005,46.00005,13.00005,7.06,7.44,39.85,33,4.35,60.7,1024.95,30.40005,2.190005
36882978,9.00005,16.00005,48.00005,37.00005,5.135,5.51,20.6,0,2.3,73.2,242,9.00005,4.910005
36902560,16.0000333333333,9.00003333333333,16.0000333333333,75.0000333333333,3.8,4.18666666666667,72,3.33333333333333e-05,4.9,18.5333333333333,63.6666666666667,8.80006666666667,1.57300333333333
36922880,35.00005,38.00005,45.00005,16.00005,6.835,7.1,25.15,2.5,2.75,61.8,202.25,29.60005,1.042005
36942372,20.00005,16.00005,27.00005,56.00005,5.065,5.67,19.7,0,2,13,181.8,5.00005,0.653005
36942830,6.00005,16.00005,77.00005,7.00005,5.965,6.385,13.8,0,1.5,53.55,210.7,12.90005,1.124005
36962352,4.00005,14.00005,30.00005,57.00005,5.865,6.275,20.6,0,2.25,21.55,154.55,10.10005,1.167005
36962914,33.0000333333333,25.0000333333333,44.0000333333333,31.0000333333333,7.32333333333333,7.78,15.4,39.3333333333333,1.73333333333333,55.3666666666667,299.333333333333,17.5000666666667,1.63450333333333
37002562,14.00005,14.00005,25.00005,61.00005,4.27,4.705,34.8,0,3.45,40.2,254.25,5.90005,3.430005
37022398,18.00005,15.00005,23.00005,62.00005,5.86,6.33,13.5,0,1.6,85.55,93.65,7.20005,1.274005
37022862,45.0000333333333,15.0000333333333,57.0000333333333,28.0000333333333,4.53666666666667,4.96333333333333,13.6,3.33333333333333e-05,1.56666666666667,76.0666666666667,169.466666666667,9.20006666666667,0.910003333333333
37023010,16.0000333333333,23.0000333333333,68.0000333333333,9.00003333333333,6.84666666666667,7.36,16.1333333333333,1.33333333333333,1.86666666666667,25.7333333333333,168.266666666667,13.9000666666667,1.00100333333333
37042536,15.00005,16.00005,27.00005,57.00005,4.76,5.045,56.25,0,5.3,39.65,98.7,10.00005,4.990005
37042626,9,18,28,54,5.41,5.98,29.65,1.00005,2.85,64.65,320.45,13.00005,1.497005
37042846,8.00003333333333,21.0000333333333,74.0000333333333,4.00003333333333,6.28333333333333,6.59666666666667,11.3666666666667,3.33333333333333e-05,1.4,47.9666666666667,181.266666666667,15.4000666666667,0.684503333333333
37082974,12.0000333333333,25.0000333333333,69.0000333333333,7.00003333333333,6.88,7.30666666666667,14.5,3.33333333333333,1.86666666666667,97.6,191.633333333333,19.6000666666667,1.81600333333333
37103014,19.0000333333333,24.0000333333333,61.0000333333333,15.0000333333333,7.44333333333333,7.92333333333333,19.7,192,2.43333333333333,22.6,220.133333333333,22.5000666666667,1.78600333333333
37142276,29.00005,18.00005,31.00005,51.00005,7.59,7.975,14.3,200,0.95,21.5,115.95,10.90005,1.473005
37182378,16.00005,18.00005,32.00005,51.00005,6.11,6.62,21.8,1,2.35,25.25,175.8,8.00005,2.420005
37242394,26.00005,30.00005,53.00005,17.00005,7.115,7.48,72.6,260,5.95,74.35,285.15,32.20005,1.537005
37262602,5.00005,19.00005,25.00005,56.00005,4.62,5,26.85,0,3.05,24.7,88.45,10.40005,3.630005
37282268,30.00005,22.00005,25.00005,53.00005,7.41,7.93,7.55,24.5,1,30.55,247.25,12.60005,1.297005
37282978,4.00005,10.00005,85.00005,4.00005,6.835,7.1,15.15,2.5,1.8,44.45,196.9,11.30005,1.844005
37322788,1.00003333333333,35.0000333333333,27.0000333333333,38.0000333333333,7.10333333333333,7.62,11.2333333333333,4.66666666666667,1.3,40.5666666666667,318.233333333333,29.3000666666667,1.60450333333333
37322946,16.00005,19.00005,72.00005,9.00005,6.885,7.17,15.55,1,1.85,42.5,204.5,12.30005,2.360005
37342332,21.00005,16.00005,40.00005,43.00005,4.845,5.545,13.55,0,1.65,44.85,179.5,10.80005,2.090005
37342944,2.00005,24.00005,71.00005,4.00005,6.32,6.745,8.35,0,1.2,31.7,167.6,10.00005,2.900005
37362192,11.00005,10.00005,27.00005,63.00005,6.345,6.765,5.4,0,0.7,27.45,122,6.90005,1.458005
37362498,9,19,29,52,5.115,5.52,32.6,5e-05,3.6,16.3,137.6,9.50005,4.877005
37362822,2.00003333333333,35.0000333333333,61.0000333333333,4.00003333333333,7.39666666666667,8.01666666666667,14.6666666666667,32.6666666666667,1.73333333333333,37.4666666666667,308.533333333333,28.6000666666667,1.69300333333333
37422388,15,16,24,60,5.68,6.27,29.2,2.00005,2.75,71.55,144.6,9.70005,0.968005
37462124,20.0000333333333,12.0000333333333,57.0000333333333,31.0000333333333,7.20666666666667,7.89666666666667,17.2,252.666666666667,1.46666666666667,28.3333333333333,178.066666666667,10.1000666666667,1.49800333333333
37462370,21.0000333333333,12.0000333333333,21.0000333333333,67.0000333333333,5.09666666666667,5.85333333333333,30.3666666666667,3.33333333333333e-05,3.2,54.9,166.466666666667,8.50006666666667,0.700003333333333
37482830,10.0000333333333,30.0000333333333,68.0000333333333,3.00003333333333,6.40333333333333,6.96,11.0333333333333,3.33333333333333e-05,1.43333333333333,33.3333333333333,175.5,17.7000666666667,0.681003333333333
37522944,23.0000333333333,41.0000333333333,42.0000333333333,17.0000333333333,7.21333333333333,7.59666666666667,23.4666666666667,136,2.7,42.3666666666667,757.3,27.5000666666667,2.21650333333333
37542940,13.0000333333333,15.0000333333333,72.0000333333333,13.0000333333333,6.24,6.60333333333333,13.4333333333333,1.00003333333333,1.6,50.3333333333333,264.633333333333,9.40006666666667,1.06350333333333
37582626,6.00005,12.00005,43.00005,45.00005,6.48,6.76,11.85,0,1.35,18.05,78.15,8.60005,1.380005
37582698,29.0000333333333,32.0000333333333,52.0000333333333,16.0000333333333,7.35333333333333,7.76,26.2,289.666666666667,2.8,26.7,256.4,25.7000666666667,2.39400333333333
37602834,2.00003333333333,21.0000333333333,51.0000333333333,28.0000333333333,7.29333333333333,7.81333333333333,9.43333333333333,5.33333333333333,1.26666666666667,41.5333333333333,193.833333333333,15.3000666666667,1.38000333333333
37642978,5.00003333333333,23.0000333333333,73.0000333333333,3.00003333333333,7.22333333333333,7.56666666666667,16.6666666666667,5.33333333333333,1.7,29.1666666666667,146.066666666667,17.5000666666667,1.71800333333333
37682352,16.00005,38.00005,52.00005,10.00005,7.345,7.75,41.15,56,3.95,24.1,474.5,28.20005,4.120005
37722688,42.0000333333333,45.0000333333333,44.0000333333333,11.0000333333333,7.18333333333333,7.57,38.5,164.333333333333,3.83333333333333,22.0666666666667,746.733333333333,38.2000666666667,2.91500333333333
37722804,8.00003333333333,19.0000333333333,24.0000333333333,57.0000333333333,7.44333333333333,7.85666666666667,15.1,294.333333333333,1.7,32.2666666666667,294.266666666667,15.3000666666667,1.72900333333333
37742656,41.0000333333333,36.0000333333333,37.0000333333333,27.0000333333333,7.25333333333333,7.67333333333333,28.2666666666667,140.666666666667,3.06666666666667,44.3333333333333,643.966666666667,15.4000666666667,2.26500333333333
37742812,24.0000333333333,36.0000333333333,35.0000333333333,29.0000333333333,7.37333333333333,7.87,16.9,154.333333333333,1.93333333333333,48.1,402.033333333333,28.3000666666667,2.08550333333333
37742956,14.00005,29.00005,59.00005,12.00005,7.455,7.985,16.05,372,2.1,45.15,311.7,18.60005,2.120005
37762968,7.00003333333333,26.0000333333333,65.0000333333333,9.00003333333333,7.31666666666667,7.81,11.9,6.66666666666667,1.46666666666667,36.5666666666667,240.066666666667,18.7000666666667,1.76000333333333
37782658,7.00003333333333,43.0000333333333,30.0000333333333,27.0000333333333,7.35,7.68666666666667,25,88.3333333333333,2.8,68.9,596.5,24.8000666666667,2.41100333333333
37822478,28.0000333333333,11.0000333333333,17.0000333333333,72.0000333333333,4.61,5.13666666666667,33.6666666666667,3.33333333333333e-05,3.13333333333333,19.7333333333333,153.533333333333,11.1000666666667,0.624503333333333
37822928,10.0000333333333,19.0000333333333,49.0000333333333,33.0000333333333,7.36333333333333,7.73666666666667,11.9333333333333,12.3333333333333,1.43333333333333,70.8,333.466666666667,14.4000666666667,2.01900333333333
37862726,3,17,22,61,6.04,6.585,7.85,5e-05,0.95,40.75,134.65,9.40005,0.744005
37863086,10,20,64,16,6.78,7.29,13.1,4,1.4,155.45,441.65,14.70005,1.138005
37882764,19.00005,37.00005,39.00005,24.00005,7.68,7.86,17.7,175,1.85,19.35,368.05,27.10005,2.000005
37882836,35.0000333333333,20.0000333333333,36.0000333333333,43.0000333333333,7.32,7.74666666666667,16.8,311,1.76666666666667,20.5,194.433333333333,14.3000666666667,2.40550333333333
37882944,3.00005,18.00005,29.00005,53.00005,7.335,7.875,11.7,15.5,1.25,68.45,282.9,13.50005,3.070005
37922502,25.0000333333333,22.0000333333333,17.0000333333333,62.0000333333333,5.98666666666667,6.34,14.5333333333333,3.33333333333333e-05,1.7,62.8666666666667,216.9,12.2000666666667,1.25300333333333
37942932,2.00005,18.00005,70.00005,13.00005,7.11,7.525,10.15,1,1.2,40.95,209.95,11.70005,1.465005
37962478,26.00005,10.00005,17.00005,73.00005,4.3,4.69,17.1,0,1.75,33.1,205.65,5.90005,1.316005
37982956,20.0000333333333,37.0000333333333,48.0000333333333,15.0000333333333,7.26333333333333,7.74,17.6333333333333,44,1.9,63.7333333333333,518.666666666667,26.9000666666667,2.03300333333333
38002538,29.0000333333333,50.0000333333333,32.0000333333333,17.0000333333333,7.27333333333333,7.72666666666667,26.4333333333333,172.666666666667,2.56666666666667,31.8333333333333,795.266666666667,44.4000666666667,1.58600333333333
38003050,13.0000333333333,22.0000333333333,76.0000333333333,2.00003333333333,7.24333333333333,7.74333333333333,9.83333333333333,1.66666666666667,1.3,44.6,204.033333333333,13.5000666666667,1.37100333333333
38083120,4.00003333333333,15.0000333333333,52.0000333333333,33.0000333333333,6.32666666666667,6.8,14.1,1.00003333333333,1.7,126.366666666667,226.4,12.4000666666667,2.04200333333333
38102566,6.00003333333333,48.0000333333333,42.0000333333333,11.0000333333333,7.31,7.82666666666667,18.8666666666667,49,2.3,40,665.333333333333,36.7000666666667,1.58100333333333
38102620,8.00005,16.00005,30.00005,53.00005,5.585,5.935,9.75,0,1.2,38.3,160.65,11.00005,1.394005
38122878,3.00005,18.00005,79.00005,3.00005,5.96,6.45,11.3,0,1.4,34.4,114.75,13.20005,1.286005
38122896,20.0000333333333,9.00003333333333,23.0000333333333,68.0000333333333,5.66,6.22333333333333,17.1333333333333,3.33333333333333e-05,1.63333333333333,46.7666666666667,303.233333333333,6.30006666666667,0.744003333333333
38142514,14.00005,16.00005,22.00005,62.00005,5.36,5.89,20.55,0,2.25,51.45,98.95,11.00005,0.914005
38162290,16.0000333333333,18.0000333333333,47.0000333333333,36.0000333333333,7.56,8.15333333333333,14.2666666666667,557.333333333333,1.13333333333333,14.8333333333333,178.5,15.7000666666667,1.76950333333333
38243088,9.00003333333333,17.0000333333333,65.0000333333333,18.0000333333333,6.67333333333333,7,13.0333333333333,1.00003333333333,1.46666666666667,81.7666666666667,185.5,13.2000666666667,1.19100333333333
38262778,4.00003333333333,29.0000333333333,49.0000333333333,23.0000333333333,7.38666666666667,7.79,17.5666666666667,368.333333333333,1.93333333333333,37.1,334.133333333333,21.0000666666667,2.28450333333333
38262810,10.0000333333333,24.0000333333333,40.0000333333333,36.0000333333333,7.45,7.97,15.7666666666667,201.666666666667,1.76666666666667,29.9666666666667,209.2,19.1000666666667,1.62350333333333
38263044,4.00003333333333,21.0000333333333,75.0000333333333,4.00003333333333,7.09666666666667,7.56,13.5,3,1.56666666666667,38.1666666666667,169.033333333333,16.5000666666667,1.32550333333333
38302950,4.00003333333333,13.0000333333333,48.0000333333333,39.0000333333333,7.08,7.53,8.3,4.66666666666667,1.13333333333333,39.2,172.233333333333,7.90006666666667,1.89600333333333
38443026,13.00005,19.00005,77.00005,5.00005,7.42,7.81,12.3,29.5,1.5,94.9,357.75,13.70005,2.080005
38462830,19.0000333333333,32.0000333333333,61.0000333333333,7.00003333333333,7.33,7.79333333333333,17.2333333333333,50.3333333333333,2.03333333333333,36,310.6,26.0000666666667,2.31650333333333
38482558,29.00005,21.00005,34.00005,45.00005,4.56,5.13,20.6,0,2.05,44.95,358.7,7.20005,1.355005
38502852,15.00005,29.00005,55.00005,16.00005,7.43,7.8,20.55,230,2.25,68.65,307.35,22.20005,2.080005
38522830,10.00005,29.00005,56.00005,15.00005,7.44,7.97,20.25,365,2.1,58.1,360.1,18.60005,2.230005
38543122,3.00003333333333,10.0000333333333,47.0000333333333,42.0000333333333,6.3,6.85,8.8,3.33333333333333e-05,1.13333333333333,102.8,195.5,8.10006666666666,1.35050333333333
38582838,7.00003333333333,29.0000333333333,50.0000333333333,21.0000333333333,7.31333333333333,7.79333333333333,28.4666666666667,742.666666666667,2.6,32.8,234.633333333333,19.1000666666667,3.34750333333333
38622774,21.0000333333333,28.0000333333333,47.0000333333333,25.0000333333333,7.24,7.56666666666667,31.7,468.666666666667,3.26666666666667,45.2,371.1,20.2000666666667,2.58600333333333
38622850,27.00005,26.00005,46.00005,27.00005,7.335,7.745,16.5,514.5,2,53.75,362.4,15.10005,2.270005
38622864,11.00005,34.00005,51.00005,16.00005,7.44,7.86,26.1,721.5,2.15,48.55,358.95,16.40005,3.040005
38623038,10.00005,16.00005,78.00005,6.00005,7.255,7.71,15.3,23,1.55,112.55,343.4,13.70005,2.920005
38642818,15.00005,30.00005,53.00005,17.00005,7.44,7.985,14.7,760.5,1.95,55.95,250.1,15.50005,2.700005
38642944,28.00005,27.00005,46.00005,28.00005,7.48,7.85,14.25,190.5,1.7,45.55,333.7,21.30005,2.700005
38643154,7.00005,39.00005,48.00005,14.00005,7.38,7.8,15.1,131,1.85,43.3,377.55,24.10005,3.180005
38722502,14.00005,16.00005,30.00005,54.00005,4.91,5.47,39.1,0,3.65,36.1,112.05,10.50005,1.268005
38722802,6.00003333333333,43.0000333333333,41.0000333333333,16.0000333333333,7.29,7.92333333333333,22.7333333333333,212.666666666667,2.56666666666667,60.8,222.9,27.5000666666667,2.23200333333333
38722826,20.00005,36.00005,47.00005,17.00005,7.405,7.92,16.4,793,1.8,30.6,142.95,14.00005,1.689005
38722856,13.00005,19.00005,56.00005,25.00005,7.405,7.73,41.55,770.5,4.7,23.6,77.9,24.80005,2.660005
38743010,5.00005,18.00005,81.00005,2.00005,4.545,4.915,22.6,0,2.8,22.25,110.25,10.10005,5.130005
38782764,33.0000333333333,40.0000333333333,51.0000333333333,9.00003333333333,7.38333333333333,7.81,28.7,235.333333333333,2.93333333333333,41.0666666666667,488.2,27.9000666666667,1.85750333333333
38782872,12.0000333333333,29.0000333333333,44.0000333333333,27.0000333333333,7.44666666666667,7.95,18.1333333333333,783,2.5,65.7,362.766666666667,18.3000666666667,3.08250333333333
38802300,5.00005,37.00005,54.00005,8.00005,7.495,8.015,18.55,288,2.05,43.45,186.2,18.80005,2.990005
38802318,4.00003333333333,11.0000333333333,26.0000333333333,63.0000333333333,7.38,8.06666666666667,10.6666666666667,157.333333333333,0.933333333333333,13.0500333333333,146.4,7.70006666666667,1.30200333333333
38822830,15.0000333333333,28.0000333333333,43.0000333333333,29.0000333333333,7.41666666666667,7.86333333333333,22.5333333333333,644,2.3,32,250.966666666667,14.5000666666667,3.29150333333333
38822848,20.0000333333333,25.0000333333333,39.0000333333333,36.0000333333333,7.42666666666667,7.89333333333333,24.5666666666667,676.333333333333,2.06666666666667,55.9666666666667,360.566666666667,20.6000666666667,2.81200333333333
38822926,14.00005,28.00005,36.00005,37.00005,7.335,7.615,18.7,513.5,1.85,80.65,339.9,12.60005,4.700005
38862888,27.00005,33.00005,45.00005,22.00005,7.285,7.68,29.6,691.5,2.6,62.05,247.05,18.00005,2.990005
38863068,10.0000333333333,16.0000333333333,76.0000333333333,8.00003333333333,6.56,7.08,11.8,1.00003333333333,1.36666666666667,66.9,210.133333333333,11.7000666666667,1.42750333333333
38882308,9.00005,32.00005,66.00005,2.00005,7.435,7.975,15.05,416.5,1.95,31.55,246,15.20005,2.540005
38882854,16.00005,26.00005,49.00005,25.00005,7.395,7.745,27.6,562.5,2.2,42.8,337.45,17.70005,2.720005
38882938,19.0000333333333,27.0000333333333,33.0000333333333,40.0000333333333,7.37333333333333,7.85333333333333,21.7,680.666666666667,2.03333333333333,26.1666666666667,159.533333333333,15.1000666666667,1.93000333333333
38902826,15.0000333333333,28.0000333333333,50.0000333333333,22.0000333333333,7.34666666666667,7.93666666666667,21.5333333333333,585,1.86666666666667,44.8,313.3,19.5000666666667,2.52750333333333
38902838,33.0000333333333,28.0000333333333,46.0000333333333,26.0000333333333,7.45,8.04666666666667,21.1,686.333333333333,2.2,82.7333333333333,463.733333333333,29.6000666666667,2.25450333333333
38922344,17.0000333333333,6.00003333333333,16.0000333333333,78.0000333333333,7.27333333333333,7.71666666666667,14.7333333333333,118.666666666667,1.46666666666667,17.6,117.666666666667,5.50006666666667,1.65200333333333
38922992,12.0000333333333,18.0000333333333,60.0000333333333,23.0000333333333,5.99,6.38,19.8333333333333,1.00003333333333,2.2,27.3666666666667,111.733333333333,12.8000666666667,1.86050333333333
38923172,2.00003333333333,22.0000333333333,38.0000333333333,41.0000333333333,7.14666666666667,7.75333333333333,10.8666666666667,26.3333333333333,1.2,47.3333333333333,199.766666666667,16.0000666666667,1.82800333333333
38943144,8.00005,25.00005,51.00005,24.00005,7.285,7.78,12.05,57,1.45,65.3,355.25,18.40005,4.690005
38943176,7.00003333333333,24.0000333333333,43.0000333333333,33.0000333333333,7.11,7.68,14.9333333333333,63.6666666666667,1.63333333333333,43.4,199.066666666667,18.2000666666667,1.81350333333333
38962368,3.00005,19.00005,59.00005,22.00005,7.445,7.92,13.85,232,1.05,21.75,152.65,14.10005,1.504005
38962836,24.0000333333333,30.0000333333333,49.0000333333333,20.0000333333333,7.27,7.77,33.7333333333333,771,2.76666666666667,31.9,122.766666666667,18.0000666666667,2.49650333333333
38962854,10.00005,28.00005,60.00005,12.00005,7.34,7.82,22.65,491,2.4,72.6,377.9,21.50005,1.892005
38982268,10.00005,27.00005,71.00005,1.00005,7.28,7.785,24.4,359.5,2,23.9,143.15,17.10005,3.490005
38982480,22.0000333333333,13.0000333333333,24.0000333333333,63.0000333333333,5.16333333333333,5.65666666666667,33.9333333333333,3.33333333333333e-05,3.53333333333333,41.0333333333333,447.233333333333,10.3000666666667,1.06100333333333
38982792,10.0000333333333,24.0000333333333,68.0000333333333,8.00003333333333,6.30666666666667,6.78666666666667,11.3,1.00003333333333,1.3,70.8,218.933333333333,12.3000666666667,0.838003333333333
38982868,24.0000333333333,29.0000333333333,45.0000333333333,26.0000333333333,7.37666666666667,7.97666666666667,26.2666666666667,740.666666666667,2.4,56.2333333333333,244.666666666667,16.7000666666667,2.83000333333333
38982886,40.00005,32.00005,55.00005,13.00005,7.455,7.905,25.9,755,2.6,72.9,249.7,17.60005,2.190005
39002836,10.0000333333333,26.0000333333333,52.0000333333333,21.0000333333333,7.39666666666667,7.86666666666667,21.2666666666667,535,2.2,44.7666666666667,458.6,21.0000666666667,2.18200333333333
39022324,16.00005,19.00005,58.00005,23.00005,7.54,8.065,16.95,385.5,1.25,49.95,309.4,11.60005,2.370005
39022590,15.0000333333333,14.0000333333333,31.0000333333333,55.0000333333333,4.48,4.97666666666667,13.5666666666667,3.33333333333333e-05,1.53333333333333,47.8333333333333,274.366666666667,7.30006666666667,1.53100333333333
39062632,11,27,38,35,7.105,7.385,32.55,204,3.55,21.9,389.75,21.80005,2.597005
39063190,2.00005,21.00005,41.00005,38.00005,7.215,7.615,11.8,19,1.4,80.9,291.9,15.90005,2.020005
39082838,8.00003333333333,30.0000333333333,55.0000333333333,15.0000333333333,7.36,7.97333333333333,19,712.333333333333,2.2,37.9666666666667,332.4,18.6000666666667,1.81850333333333
39103190,5.00005,6.00005,10.00005,84.00005,6.665,6.965,19.35,6,2.3,107.8,144.1,10.70005,9.810005
39162544,4.00003333333333,11.0000333333333,56.0000333333333,34.0000333333333,4.77666666666667,5.14,5.63333333333333,3.33333333333333e-05,0.733333333333333,43.0666666666667,159.333333333333,3.80006666666667,2.34400333333333
39202554,5.00003333333333,12.0000333333333,74.0000333333333,14.0000333333333,6.05,6.45,10,3.33333333333333e-05,1.26666666666667,44.3,210.833333333333,7.50006666666667,1.77950333333333
39222348,11.0000333333333,7.00003333333333,20.0000333333333,73.0000333333333,7.36666666666667,8.18333333333333,8.43333333333333,252,0.633333333333333,16.7,102.733333333333,5.60006666666667,1.09200333333333
39222708,27.0000333333333,28.0000333333333,60.0000333333333,12.0000333333333,7.27333333333333,7.6,39.3666666666667,31,4.06666666666667,27.6333333333333,458.766666666667,36.3000666666667,2.99350333333333
39222802,19.0000333333333,28.0000333333333,55.0000333333333,16.0000333333333,7.28,7.8,20.6333333333333,639.333333333333,2.6,26.4,160.1,20.8000666666667,2.35450333333333
39222852,6.00003333333333,37.0000333333333,54.0000333333333,9.00003333333333,7.32666666666667,7.92,18.5,754,1.86666666666667,31.8666666666667,125.6,14.7000666666667,2.04100333333333
39242476,5.00003333333333,17.0000333333333,70.0000333333333,12.0000333333333,5.23,5.77333333333333,8.7,3.33333333333333e-05,1.13333333333333,49.6333333333333,108.6,10.0000666666667,0.837003333333333
39243178,5e-05,19,32,49,6.91,7.485,12.15,3.00005,1.2,92.85,216.1,16.40005,1.128005
39302654,15.0000333333333,13.0000333333333,75.0000333333333,12.0000333333333,6.00333333333333,6.45,10.2666666666667,3.33333333333333e-05,1.1,34.2,103.566666666667,7.90006666666667,0.919003333333333
39303198,5e-05,29.00005,46.00005,25.00005,7.375,7.86,13.65,83.5,1.5,42.4,203.65,22.10005,1.593005
39322566,4.00005,16.00005,73.00005,12.00005,4.54,5.11,11.35,0,1.35,53.55,161.9,6.90005,1.922005
39342264,15.00005,30.00005,37.00005,33.00005,6.995,7.37,41.7,7,3.25,11,375.4,30.00005,1.576005
39342486,6.00003333333333,15.0000333333333,70.0000333333333,15.0000333333333,5.53,6.09666666666667,9.2,3.33333333333333e-05,1.03333333333333,16.2333333333333,95.6333333333333,5.90006666666667,0.683003333333333
39342660,25.0000333333333,15.0000333333333,46.0000333333333,39.0000333333333,7.14666666666667,7.54,17.7,16,1.56666666666667,54.6333333333333,184.033333333333,11.7000666666667,1.35650333333333
39363226,2.00005,26.00005,36.00005,38.00005,7.015,7.355,42.5,48,3,51.8,199.5,29.90005,2.290005
39382558,6.00003333333333,9.00003333333333,75.0000333333333,15.0000333333333,5.75666666666667,6.12333333333333,10.5,3.33333333333333e-05,1.33333333333333,29.6333333333333,57.8333333333333,7.40006666666667,1.50350333333333
39383202,2.00005,24.00005,43.00005,33.00005,7.275,7.775,18.2,56.5,1.8,77.05,213.2,19.60005,2.720005
39402502,9.00003333333333,19.0000333333333,56.0000333333333,24.0000333333333,4.73333333333333,5.28333333333333,31.3,3.33333333333333e-05,2.53333333333333,14.6000333333333,104.633333333333,8.60006666666666,0.742503333333334
39402690,23.00005,41.00005,45.00005,14.00005,7.4,7.79,24.45,132,2,103.45,541.05,30.00005,1.854005
39422614,13.0000333333333,18.0000333333333,30.0000333333333,52.0000333333333,5.68333333333333,6.18333333333333,11.4666666666667,3.33333333333333e-05,1.43333333333333,54.5,176.533333333333,8.40006666666667,2.96400333333333
39423200,1.00005,25.00005,46.00005,30.00005,7.195,7.735,16.35,46,1.8,101.55,154.65,21.80005,2.000005
39442604,4.00003333333333,11.0000333333333,41.0000333333333,48.0000333333333,5.83,6.37,7.23333333333333,3.33333333333333e-05,0.9,32.9,75.3333333333333,7.10006666666667,0.553003333333333
39443068,9.00003333333333,17.0000333333333,80.0000333333333,3.00003333333333,5.85,6.36,11.9666666666667,3.33333333333333e-05,1.33333333333333,64.1666666666667,136.666666666667,10.8000666666667,2.68350333333333
39443186,3,27,49,24,7.275,7.805,15.7,64.5,1.95,87.2,204.75,22.90005,1.544005
39462812,17.0000333333333,40.0000333333333,51.0000333333333,9.00003333333333,7.32333333333333,7.85,24,178.333333333333,2.76666666666667,23.6333333333333,428.133333333333,27.2000666666667,2.07700333333333
39482532,11.00005,20.00005,52.00005,29.00005,7.425,7.885,14.75,676.5,1.7,20.3,129.9,11.40005,2.900005
39482550,3.00003333333333,17.0000333333333,61.0000333333333,23.0000333333333,5.89333333333333,6.27333333333333,10.8333333333333,3.33333333333333e-05,1.36666666666667,41.7333333333333,195.833333333333,8.90006666666667,2.40900333333333
39522634,6.00003333333333,13.0000333333333,63.0000333333333,24.0000333333333,5.74666666666667,6.18333333333333,10.5666666666667,3.33333333333333e-05,1.23333333333333,44.5,156.766666666667,8.70006666666667,0.931003333333333
39562320,1.00003333333333,34.0000333333333,36.0000333333333,30.0000333333333,7.05333333333333,7.3,48.2333333333333,319,4.73333333333333,17.1500333333333,613.066666666667,31.4000666666667,2.48800333333333
39622726,39.0000333333333,31.0000333333333,62.0000333333333,7.00003333333333,7.15666666666667,7.57333333333333,24.7333333333333,43.3333333333333,2.73333333333333,120.166666666667,467.033333333333,27.9000666666667,1.98500333333333
39662942,4.00003333333333,18.0000333333333,78.0000333333333,3.00003333333333,5.20666666666667,5.63,29.9333333333333,3.33333333333333e-05,3.36666666666667,23.6333333333333,126.666666666667,13.7000666666667,0.943503333333333
39663068,5,16,81,3,7.01,7.435,9.75,3.00005,1.15,91.95,153.95,11.30005,1.598005
39702666,8.00005,33.00005,48.00005,19.00005,7.12,7.36,42.05,292,4.35,58.95,147.75,32.20005,4.410005
39702750,13.0000333333333,25.0000333333333,65.0000333333333,10.0000333333333,7.15666666666667,7.34,39.8666666666667,65,4.3,30.9333333333333,156.966666666667,28.0000666666667,2.28200333333333
39722602,6.00003333333333,29.0000333333333,61.0000333333333,10.0000333333333,7.07,7.22666666666667,52.8333333333333,111.333333333333,5.53333333333333,14.4333333333333,214.233333333333,34.7000666666667,3.45450333333333
39722736,14.0000333333333,26.0000333333333,65.0000333333333,9.00003333333333,7.41,7.78666666666667,24.7666666666667,39.3333333333333,2.66666666666667,41.2333333333333,477.333333333333,25.6000666666667,1.49400333333333
39723214,14.00005,61.00005,33.00005,7.00005,5.385,5.635,75.7,1,7.9,46.9,206.05,45.40005,2.290005
39742824,6.00003333333333,49.0000333333333,49.0000333333333,1.00003333333333,7.06,7.52666666666667,21.5,6,2.5,23.8,448.733333333333,29.1000666666667,1.47750333333333
39782386,9.00003333333333,33.0000333333333,55.0000333333333,12.0000333333333,6.99333333333333,7.4,37.1333333333333,236,3.76666666666667,11.2,265.6,24.5000666666667,2.59800333333333
39782504,5.00005,13.00005,22.00005,66.00005,4.825,5.235,24.35,1,2.55,25.6,348.7,7.20005,4.080005
39782872,10.0000333333333,34.0000333333333,51.0000333333333,15.0000333333333,7.34,7.8,23.7,454.666666666667,2.6,17.4666666666667,245.166666666667,19.0000666666667,1.85550333333333
39802312,37.00005,39.00005,47.00005,14.00005,7.42,7.845,18.55,315,1.95,13.1,257.25,27.70005,1.791005
39802538,9.00003333333333,42.0000333333333,39.0000333333333,19.0000333333333,6.74333333333333,7.07333333333333,118.5,75.6666666666667,7.26666666666667,13.3666666666667,129.733333333333,65.1000666666667,4.06000333333333
39822308,31.0000333333333,44.0000333333333,53.0000333333333,4.00003333333333,7.46,7.99,15.9,363.333333333333,1.8,18.4,387.666666666667,22.3000666666667,1.93950333333333
39822866,30.0000333333333,32.0000333333333,53.0000333333333,14.0000333333333,7.28,7.64,32.1666666666667,166.666666666667,3.4,27.4333333333333,506.266666666667,25.4000666666667,2.27450333333333
39823034,5.00003333333333,19.0000333333333,76.0000333333333,5.00003333333333,6.13,6.65333333333333,17.5,3.33333333333333e-05,1.93333333333333,42.1333333333333,122.366666666667,9.10006666666666,1.75300333333333
39842378,41.0000333333333,28.0000333333333,62.0000333333333,10.0000333333333,7.44,8.03,12.5666666666667,263,0.966666666666667,3.33333333333333e-05,145.6,15.3000666666667,1.44650333333333
39882486,23.0000333333333,34.0000333333333,42.0000333333333,24.0000333333333,7.14333333333333,7.35333333333333,48.9666666666667,141.666666666667,5.26666666666667,34,111.266666666667,34.4000666666667,4.21650333333333
39882940,11.0000333333333,29.0000333333333,54.0000333333333,17.0000333333333,7.35666666666667,7.83333333333333,21.6666666666667,169,2.5,37.8333333333333,205.7,26.2000666666667,1.82950333333333
39922842,20.0000333333333,43.0000333333333,52.0000333333333,5.00003333333333,7.21333333333333,7.69666666666667,26.0333333333333,21.6666666666667,2.93333333333333,28.6666666666667,424.166666666667,30.2000666666667,2.52650333333333
39942730,12.0000333333333,34.0000333333333,54.0000333333333,11.0000333333333,6.97666666666667,7.49666666666667,18.8666666666667,6.33333333333333,2.2,69.6666666666667,390.5,20.7000666666667,1.84200333333333
40002866,33.00005,45.00005,46.00005,9.00005,7.085,7.27,72.75,126.5,6.15,25.75,234.8,47.90005,6.620005
40022802,4,42,51,7,5.585,6.025,40.5,1.5,4.15,11.55,105.75,27.10005,1.115005
40042506,22.0000333333333,34.0000333333333,42.0000333333333,24.0000333333333,7.12,7.67333333333333,22.1666666666667,195,2.5,11.4500333333333,197.4,22.3000666666667,2.52600333333333
40042728,8.00005,11.00005,24.00005,65.00005,5.875,6.31,9.3,0,1.15,40.25,103.1,5.50005,1.506005
40062714,7.00003333333333,16.0000333333333,71.0000333333333,13.0000333333333,4.15333333333333,4.86,19.4,3.33333333333333e-05,1.4,3.33333333333333e-05,59.6666666666667,3.60006666666667,0.733503333333333
40062904,3.00003333333333,40.0000333333333,56.0000333333333,3.00003333333333,7.26666666666667,7.61,17.6333333333333,7.66666666666667,2.03333333333333,32.5,403.7,23.4000666666667,1.85250333333333
40102878,18.0000333333333,37.0000333333333,46.0000333333333,17.0000333333333,7.23,7.62333333333333,18.3333333333333,4.33333333333333,2.06666666666667,14.3666666666667,240.133333333333,23.2000666666667,2.31000333333333
40122798,17.0000333333333,41.0000333333333,49.0000333333333,10.0000333333333,7.36666666666667,7.80666666666667,31,41,3.46666666666667,75.3666666666667,450.866666666667,31.0000666666667,2.26050333333333
40162726,6.00003333333333,25.0000333333333,48.0000333333333,28.0000333333333,5.41,5.87666666666667,31.8333333333333,3.33333333333333e-05,3.03333333333333,10.7000333333333,87.8333333333333,11.6000666666667,0.875503333333333
40162784,12.0000333333333,33.0000333333333,59.0000333333333,9.00003333333333,5.7,6.06666666666667,32.5333333333333,3.33333333333333e-05,3.76666666666667,16.4,99.9,18.7000666666667,0.988003333333333
40163342,2.00005,17.00005,37.00005,46.00005,7.105,7.56,10.05,37,1.3,79.95,149.55,13.90005,2.640005
40242832,34.0000333333333,32.0000333333333,32.0000333333333,36.0000333333333,7.22,7.64666666666667,23.7,172.333333333333,2.63333333333333,84.3666666666667,416.766666666667,33.0000666666667,2.30700333333333
40342928,3.00003333333333,14.0000333333333,71.0000333333333,15.0000333333333,6.38,6.80333333333333,13.6666666666667,1.00003333333333,1.63333333333333,18.2333333333333,132.833333333333,10.8000666666667,1.11250333333333
40343302,14.0000333333333,22.0000333333333,59.0000333333333,19.0000333333333,7.26666666666667,7.80666666666667,15.2,55,1.36666666666667,57.4666666666667,218.133333333333,16.5000666666667,1.55750333333333
40362794,28.0000333333333,45.0000333333333,51.0000333333333,5.00003333333333,7.25333333333333,7.62333333333333,25.4,41,3,21.2333333333333,332.833333333333,23.7000666666667,2.32150333333333
40402890,27.0000333333333,43.0000333333333,26.0000333333333,31.0000333333333,6.53,6.8,29.4666666666667,1,3.33333333333333,43.0666666666667,217.233333333333,27.8000666666667,1.88000333333333
40423206,6.00005,40.00005,55.00005,5.00005,5.745,6.01,30.1,0,3.5,85.2,279.8,24.70005,3.370005
40562852,20.0000333333333,39.0000333333333,49.0000333333333,12.0000333333333,7.43,8,24.7333333333333,68.3333333333333,3.03333333333333,41.4666666666667,400.833333333333,30.1000666666667,1.44700333333333
40563018,17.00005,22.00005,52.00005,27.00005,5.365,5.73,18.55,0,2.3,54,93.7,10.20005,2.990005
40582782,5.00003333333333,21.0000333333333,40.0000333333333,39.0000333333333,5.47333333333333,5.82333333333333,28.3333333333333,3.33333333333333e-05,2.86666666666667,29.8333333333333,274.666666666667,12.5000666666667,0.872003333333333
40602894,14.0000333333333,49.0000333333333,46.0000333333333,5.00003333333333,7.38666666666667,8.01666666666667,20.6666666666667,58.3333333333333,2.36666666666667,35.5666666666667,625.3,16.7000666666667,1.89100333333333
40603138,13.00005,4.00005,28.00005,67.00005,4.87,5.47,9.5,0,0.9,109.7,104.35,3.30005,0.769005
40623160,5.00005,11.00005,63.00005,26.00005,7.175,7.45,15.55,17.5,1.65,138,179.25,11.80005,3.800005
40662978,3.00005,3.00005,6.00005,91.00005,4.8,5.355,9.7,0,0.95,44.35,47.4,3.30005,0.612005
40663140,11.00005,13.00005,73.00005,14.00005,6.7,7.095,9.65,1,1.2,85.2,182.55,9.30005,3.150005
40703132,15.00005,13.00005,60.00005,27.00005,6.435,6.915,11.9,0,1.25,94.3,69.8,10.00005,1.070005
40723010,30.00005,17.00005,40.00005,43.00005,5.94,6.26,22.15,1,2.5,39.35,106.9,7.90005,3.290005
40743090,8.00005,13.00005,71.00005,16.00005,5.895,6.305,14.75,0,1.45,48.3,232.55,6.70005,1.719005
40783206,9.00005,6.00005,14.00005,80.00005,4.605,5,25.2,1,2.2,121.4,69.7,5.20005,3.150005
40783210,5.00005,5.00005,13.00005,82.00005,5.19,5.69,37.05,1,2.05,134.85,87.85,8.20005,1.195005
40823238,9,2,5,92,5.175,5.88,18.6,5e-05,1.6,45.75,55.1,20.30005,0.373005
40863370,11.00005,16.00005,43.00005,41.00005,6.93,7.255,11.1,3.5,1.4,90.7,129.7,12.00005,4.690005
40903214,5.00005,6.00005,13.00005,81.00005,5.23,5.795,24.1,0,2.15,100.95,109.45,6.40005,3.390005
40923162,18.00005,27.00005,63.00005,10.00005,7.01,7.29,40.65,63,3.5,152.2,178.45,20.10005,5.380005
40963080,5.00005,14.00005,67.00005,19.00005,5.865,6.11,10.15,0,1.15,47.9,159.7,10.20005,1.813005
40963314,3.00005,5.00005,12.00005,83.00005,5.105,5.725,27.05,1,1.95,123.95,154.85,7.80005,0.738005
41003202,7.00005,4.00005,10.00005,86.00005,4.975,5.3,28.55,0,2.65,100.8,48.9,5.80005,5.600005
41083172,5.00003333333333,6.00003333333333,20.0000333333333,74.0000333333333,5.64,6.1,18,3.33333333333333e-05,1.63333333333333,105.7,230.166666666667,8.10006666666666,2.48500333333333
41083370,1.00005,19.00005,47.00005,33.00005,7.205,7.635,10.05,11,1.35,46.6,106.25,16.50005,1.349005
41102780,17.00005,6.00005,12.00005,81.00005,4.205,4.96,28.5,0,2,20.7,80.65,6.90005,0.566005
41103284,2.00005,3.00005,6.00005,92.00005,5.24,5.54,13.55,0,0.95,120.1,82.45,3.40005,0.902005
41103324,4.00005,3.00005,15.00005,82.00005,5.285,5.995,48,1,2.85,142.5,225.9,11.30005,0.976005
41122412,7.00003333333333,14.0000333333333,40.0000333333333,45.0000333333333,5.42,5.77333333333333,24.3333333333333,3.33333333333333e-05,2.9,19.3666666666667,53.9333333333333,12.2000666666667,4.32400333333333
41122980,36.0000333333333,23.0000333333333,47.0000333333333,30.0000333333333,5.03,5.63,21.5666666666667,3.33333333333333e-05,2.83333333333333,63.7666666666667,184.366666666667,6.90006666666667,0.642003333333333
41123088,3.00005,9.00005,20.00005,72.00005,7.12,7.455,10.4,21.5,1.05,80.5,102.25,8.80005,1.322005
41142930,26,19,47,34,5.39,6.14,14.55,2,1.75,15.6,169.75,13.40005,0.770005
41163190,4.00005,5.00005,23.00005,72.00005,5.29,5.69,9.6,1,1.05,75.55,63.35,4.90005,0.537005
41163298,5.00005,3.00005,9.00005,88.00005,4.46,4.915,48.15,0,2.6,127.9,49.6,9.30005,1.482005
41182936,17.00005,15.00005,49.00005,36.00005,5.495,5.835,18.5,0,2.2,13.35,62.75,17.40005,1.101005
41202762,5.00003333333333,25.0000333333333,62.0000333333333,13.0000333333333,5.14666666666667,5.5,11.2333333333333,3.33333333333333e-05,1.46666666666667,40.5666666666667,123.166666666667,14.2000666666667,1.14900333333333
41243320,1.00005,2.00005,4.00005,94.00005,5.11,5.69,28.6,1,1.8,152.2,124.2,5.20005,2.490005
41243330,8.00005,5.00005,8.00005,87.00005,4.88,5.35,17.85,1,1.65,55.85,101.55,5.40005,2.710005
41283320,4.00005,3.00005,7.00005,89.00005,4.285,4.71,27.5,0,1.5,144.85,65.7,4.10005,2.340005
41302380,16.0000333333333,17.0000333333333,47.0000333333333,36.0000333333333,5.82666666666667,6.30333333333333,11.1666666666667,3.33333333333333e-05,1.43333333333333,43.7,164.4,7.10006666666667,0.936003333333333
41302926,7.00005,19.00005,40.00005,41.00005,5.495,6.085,11.55,0,1.4,26.65,122,8.20005,0.832005
41323282,2.00005,4.00005,10.00005,86.00005,4.975,5.295,24.65,0,1.45,114.05,98.85,6.20005,4.770005
41342398,13.0000333333333,16.0000333333333,71.0000333333333,13.0000333333333,7.46666666666667,7.86666666666667,18.6333333333333,32,2.03333333333333,27.5666666666667,122.233333333333,11.2000666666667,2.76150333333333
41343024,7.00005,20.00005,62.00005,18.00005,7.13,7.55,27.95,53.5,2.55,25.25,705.05,18.00005,3.050005
41383180,4,6,14,81,5.38,5.96,13.45,5e-05,1.25,66.85,85.85,5.70005,1.149005
41422430,20.00005,30.00005,66.00005,3.00005,6.225,6.595,12.05,0,1.55,36.15,101.35,20.10005,0.999005
41422748,6.00005,20.00005,72.00005,8.00005,7.01,7.435,12.6,3,1.55,59.8,291.15,15.00005,2.730005
41422816,15.00005,28.00005,69.00005,2.00005,7.225,7.695,18.75,19,2.4,34.75,179.45,27.20005,3.200005
41443118,9.00005,17.00005,67.00005,15.00005,4.395,4.605,41.2,0,3.95,35,120,5.80005,5.040005
41463108,5.00005,19.00005,70.00005,11.00005,5.105,5.405,29,0,3.15,41.65,107.15,10.80005,4.400005
41502756,6.00005,17.00005,44.00005,39.00005,4.695,5,28.3,0,3,69,128.5,8.80005,4.760005
41503390,4.00005,5.00005,19.00005,76.00005,5.42,5.845,48.95,0,3.05,99.8,184.4,11.20005,3.600005
41522430,9.00003333333333,14.0000333333333,75.0000333333333,12.0000333333333,4.90666666666667,5.28,10.2,3.33333333333333e-05,1.4,29.4,108.033333333333,7.30006666666667,1.93600333333333
41523376,3.00005,5.00005,15.00005,80.00005,4.94,5.41,20.2,0,1.75,37.25,29.85,2.90005,2.370005
41542720,3.00005,24.00005,63.00005,13.00005,5.4,5.815,22.8,1,2.65,16.2,75.4,16.50005,2.320005
41582722,10.00005,17.00005,58.00005,25.00005,6.535,6.86,15.1,1.5,1.55,77.8,292.25,12.80005,2.110005
41603306,3.00005,4.00005,13.00005,84.00005,4.55,5.115,35.45,0,1.75,134.95,73.45,7.90005,2.210005
41622728,10.00005,29.00005,65.00005,6.00005,4.95,5.345,30,0,3.25,15.7,100.55,8.50005,0.833005
41643374,14.0000333333333,NaN,NaN,NaN,4.54666666666667,4.76666666666667,293.766666666667,0,16.2666666666667,54.2333333333333,199.933333333333,60.6000333333333,8.31000666666667
41663160,4.00005,12.00005,84.00005,4.00005,6.48,6.74,12.45,1,1.3,37.35,147,9.50005,0.976005
41663376,4.00005,7.00005,10.00005,82.00005,4.47,4.86,54.15,0,3.15,39.65,52.6,10.30005,7.120005
41683282,12.00005,3.00005,9.00005,88.00005,4.955,5.235,21,0,1.45,133.75,99.5,5.40005,2.370005
41742978,20.0000333333333,43.0000333333333,42.0000333333333,15.0000333333333,7.36666666666667,7.9,18.2333333333333,175,1.73333333333333,53.3,820.4,24.6000666666667,2.56400333333333
41822888,9.00005,27.00005,68.00005,5.00005,6.87,7.27,15.95,3,1.8,97.8,358.25,20.10005,2.760005
41823302,4.00005,7.00005,19.00005,74.00005,5.05,5.43,17.75,1,1.6,100.6,143.5,4.60005,2.500005
41823400,21.00005,33.00005,50.00005,17.00005,7,7.41,18.6,43,2.25,75.5,413.5,19.40005,4.160005
41862432,22,40,52,8,7.5,8.135,12,319,1.3,5e-05,261.5,22.00005,1.512005
41863206,12.00005,2.00005,4.00005,94.00005,5.395,5.875,15.3,0,1.25,70.15,175.3,6.40005,0.849005
41882944,19.00005,28.00005,53.00005,19.00005,7.495,8.045,39.1,312.5,3.05,84.15,859.65,27.70005,3.460005
41903188,17.00005,28.00005,42.00005,30.00005,7.385,7.795,18.25,107.5,1.95,60.85,392.2,19.40005,2.100005
41922420,11.0000333333333,23.0000333333333,68.0000333333333,9.00003333333333,5.97,6.50666666666667,7.26666666666667,1.00003333333333,1.03333333333333,17.4666666666667,72.4,12.0000666666667,1.43900333333333
41922924,3.00005,20.00005,37.00005,43.00005,7.235,7.53,21.5,27,2.35,48.7,546.25,18.10005,5.910005
41922942,8.00005,25.00005,68.00005,7.00005,7.605,8.135,15.3,147.5,1.2,39.95,359.45,17.40005,2.490005
41922964,2.00005,22.00005,70.00005,9.00005,7.535,7.91,14.85,122,1.45,23.4,644,16.10005,4.450005
41923090,36.00005,20.00005,57.00005,24.00005,4.32,4.71,31.05,1,2.4,130,145.6,8.40005,1.664005
41943172,5.00005,14.00005,74.00005,13.00005,6.335,6.795,11.45,1,1.4,69.95,335.9,12.30005,1.829005
41962952,5.00003333333333,22.0000333333333,65.0000333333333,12.0000333333333,7.5,8.03666666666667,14,181.333333333333,1.33333333333333,23.8333333333333,327.666666666667,18.0000666666667,2.21000333333333
42001852,4.00003333333333,5.00003333333333,3.00003333333333,92.0000333333333,5.86333333333333,6.35,6.8,3.33333333333333e-05,0.9,69.2333333333333,150.533333333333,2.20006666666667,2.83650333333333
42002960,4.00005,17.00005,70.00005,13.00005,7.47,7.96,16.3,208.5,1.05,43.7,317.45,12.70005,2.420005
42003130,27.00005,23.00005,63.00005,14.00005,4.56,4.69,31.7,0,3.4,115,137.25,7.80005,2.970005
42042930,15.00005,39.00005,42.00005,19.00005,7.57,7.94,16.1,109,1.8,30.85,268.2,26.70005,2.880005
42043120,24.00005,26.00005,47.00005,27.00005,6.595,6.79,26.3,2,3.2,67.35,453.5,14.10005,3.440005
42062956,9.00005,35.00005,52.00005,13.00005,7.44,7.785,23.35,94,2.5,27.05,258.45,31.60005,3.030005
42063358,25.00005,51.00005,44.00005,5.00005,5.71,5.905,56.7,1,6.25,113.15,597.25,31.40005,2.720005
42082918,9.00003333333333,23.0000333333333,40.0000333333333,37.0000333333333,7.38333333333333,7.87,13.2,120.333333333333,1.56666666666667,31.7333333333333,206.833333333333,18.3000666666667,3.28700333333333
42122902,16.00005,4.00005,10.00005,86.00005,5.31,5.74,9.85,1,0.95,78.7,92.75,6.00005,1.255005
42141962,18.00005,21.00005,32.00005,47.00005,4.63,5.53,10.35,0,1.25,22.9,266.85,12.50005,1.047005
42142870,10.00005,22.00005,75.00005,3.00005,6.285,6.775,11.35,2,1.4,60.8,284.85,14.40005,1.239005
42142960,7.00005,26.00005,20.00005,54.00005,7.005,7.415,9.1,1.5,1.05,54.2,210.85,15.50005,1.290005
42142970,6.00003333333333,22.0000333333333,25.0000333333333,53.0000333333333,7.28666666666667,7.81,12.4333333333333,37.3333333333333,1.3,56.6333333333333,441.566666666667,15.0000666666667,1.63750333333333
42143270,4,5,7,88,5.48,5.95,41.35,5e-05,3.35,63.7,105.6,14.80005,1.655005
42183076,36.00005,29.00005,37.00005,34.00005,5.16,5.755,21.2,0,2.45,44.7,176.65,10.00005,0.968005
42201846,20.00005,47.00005,37.00005,16.00005,7.345,7.81,11.9,5.5,1.25,14.2,324.75,51.50005,1.462005
42203322,6.00005,6.00005,18.00005,76.00005,4.02,4.355,26.85,0,1.65,118.25,83.9,4.00005,2.170005
42221964,13.00005,52.00005,24.00005,23.00005,6.865,7.325,11.2,1.5,1.2,11.6,227.75,62.30005,1.094005
42223048,16.00005,25.00005,68.00005,7.00005,6.855,7.15,15.15,0,1.7,83.5,390.85,15.40005,2.570005
42223638,5e-05,3.00005,2.00005,95.00005,5.11,5.645,18.6,0,1.2,62.35,36.95,7.90005,1.277005
42242908,14.00005,23.00005,75.00005,2.00005,7.24,7.575,25.15,72,2.75,42.7,91.1,22.60005,2.540005
42243402,12.0000333333333,20.0000333333333,49.0000333333333,31.0000333333333,5.77,6.23333333333333,18.8666666666667,3.33333333333333e-05,2.3,55.9,194.366666666667,14.6000666666667,3.38450333333333
42263098,15.0000333333333,21.0000333333333,51.0000333333333,28.0000333333333,4.78333333333333,5.37,29.6666666666667,1.00003333333333,3.36666666666667,22,92.2,9.50006666666667,0.896503333333333
42263224,9.00005,15.00005,81.00005,4.00005,7.015,7.43,11.4,2,1.25,58.75,257.95,10.70005,2.200005
42263670,8.00005,6.00005,29.00005,65.00005,5.09,5.6,30,0,2.2,77.45,70.8,6.80005,0.794005
42263760,1.00003333333333,2.00003333333333,3.00003333333333,95.0000333333333,4.74666666666667,5.10333333333333,15.8666666666667,3.33333333333333e-05,1.3,43.2333333333333,33.1666666666667,2.30006666666667,2.50500333333333
42303622,6.66666666666667e-05,8.00003333333333,15.0000333333333,77.0000333333333,4.91333333333333,5.57333333333333,18.4666666666667,3.33333333333333e-05,1.7,76.7333333333333,140.2,7.60006666666667,1.21250333333333
42303712,11.0000333333333,8.00003333333333,22.0000333333333,70.0000333333333,5.26666666666667,5.66,27.6,3.33333333333333e-05,2.53333333333333,66.0333333333333,95.4333333333333,6.60006666666667,2.67650333333333
42323378,34.00005,NaN,NaN,NaN,3.92,4.09,278.85,0,19,75.2,158.35,33.60005,25.400005
42323708,4.00005,17.00005,40.00005,42.00005,6,6.48,16.95,0,1.9,57.85,127.6,14.20005,2.220005
42342416,18.00005,46.00005,47.00005,7.00005,7.32,7.7,16,143,1.7,17.9,406.85,24.70005,2.170005
42362442,9.00003333333333,13.0000333333333,43.0000333333333,44.0000333333333,7.30666666666667,7.92666666666667,9.33333333333333,74.6666666666667,1.03333333333333,12.3666666666667,87.7,11.8000666666667,2.01150333333333
42363058,30.00005,35.00005,56.00005,9.00005,6.25,6.605,18.2,1,1.85,16.65,127.95,35.40005,1.241005
42363202,34,52,23,26,4.105,4.745,39.35,1.5,2.8,5e-05,191.85,28.20005,0.767005
42402876,9.00005,39.00005,37.00005,24.00005,7.225,7.73,25.55,37,2.05,46.9,393.75,21.40005,4.110005
42403326,3.00005,36.00005,36.00005,29.00005,5.13,5.92,28.8,2.5,2.9,59.4,148.05,25.60005,2.300005
42403584,5.00003333333333,12.0000333333333,11.0000333333333,77.0000333333333,5.37333333333333,5.92666666666667,36.2,3.33333333333333e-05,2.93333333333333,82.6,335.633333333333,13.3000666666667,2.69000333333333
42403692,4.00003333333333,5.00003333333333,16.0000333333333,79.0000333333333,5.38,5.9,23.8,3.33333333333333e-05,1.86666666666667,55.5333333333333,82.9333333333333,7.80006666666667,1.47950333333333
42422826,16.00005,39.00005,54.00005,7.00005,7.315,7.82,22.8,59.5,2.2,55.4,725.2,23.70005,1.627005
42423082,8.00003333333333,12.0000333333333,56.0000333333333,32.0000333333333,6.55,7.00333333333333,11.1666666666667,2.00003333333333,1.3,55.8,190.866666666667,10.1000666666667,1.35900333333333
42423564,2.00003333333333,3.00003333333333,6.00003333333333,91.0000333333333,5.23333333333333,5.88666666666667,27.1666666666667,0,1.96666666666667,63.0333333333333,78.2666666666667,7.50003333333333,0.868006666666667
42441928,19.00005,14.00005,39.00005,47.00005,5.135,5.79,11.25,0,1.3,19.85,60.65,7.00005,1.076005
42462870,3.00005,18.00005,77.00005,5.00005,7.055,7.665,12.8,2.5,1.65,47.5,223.05,14.70005,1.839005
42463648,2.00003333333333,2.00003333333333,5.00003333333333,93.0000333333333,5.37666666666667,5.96,47.1666666666667,3.33333333333333e-05,2.33333333333333,68.9333333333333,98,9.00006666666667,1.15700333333333
42482812,3.00003333333333,44.0000333333333,45.0000333333333,10.0000333333333,7.12,7.49333333333333,46.4666666666667,144,4.46666666666667,18.4666666666667,666.533333333333,28.9000666666667,2.67000333333333
42503708,9.00005,8.00005,17.00005,75.00005,5.24,5.61,17.9,0,1.8,28.4,125.4,8.00005,2.770005
42543054,6.00003333333333,23.0000333333333,69.0000333333333,8.00003333333333,5.38,5.71666666666667,29.3,3.33333333333333e-05,3.3,30.7,93.4333333333333,16.5000666666667,2.81500333333333
42543292,6.00005,6.00005,57.00005,37.00005,5.925,6.36,23.5,1,1.9,53.35,61.65,11.50005,2.450005
42563736,14.00005,7.00005,25.00005,68.00005,5.26,5.66,27.9,0,2.45,58.5,111.15,5.70005,3.690005
42583678,4.00003333333333,1.00003333333333,3.00003333333333,96.0000333333333,4.70333333333333,5.22333333333333,19.0333333333333,3.33333333333333e-05,1.26666666666667,75.8666666666667,32.2333333333333,4.30006666666667,1.36200333333333
42583740,6.00005,7.00005,21.00005,72.00005,5.075,5.555,17.1,0,1.9,62,126.95,8.70005,2.800005
42603492,2.00003333333333,3.00003333333333,7.00003333333333,90.0000333333333,5.37666666666667,5.92666666666667,21.7,2.00003333333333,1.86666666666667,101.733333333333,109.033333333333,4.70006666666667,1.56300333333333
42603628,13.0000333333333,3.00003333333333,5.00003333333333,92.0000333333333,3.56,4.54666666666667,15.9666666666667,1.00003333333333,1.06666666666667,14.1500333333333,29.1333333333333,4.20006666666667,0.495503333333333
42623040,5.00005,27.00005,69.00005,4.00005,4.805,5.13,44.75,0,5.1,31.3,102.3,12.50005,5.040005
42623116,3.00003333333333,15.0000333333333,65.0000333333333,19.0000333333333,5.52333333333333,6.14333333333333,13.2333333333333,3.33333333333333e-05,1.66666666666667,24.8333333333333,144.833333333333,8.50006666666667,0.924003333333333
42642924,5,29,56,15,4.91,5.59,37.45,5e-05,3.9,14.65,117.05,8.90005,1.079005
42643536,7.00005,3.00005,6.00005,91.00005,5.11,5.48,20.1,0,1.8,46.8,48.2,5.10005,1.199005
42663394,49.00005,NaN,NaN,NaN,3.34,3.89,472.4,0,17.2,182.3,168.55,38.80005,5.920005
42663520,3.00005,6.00005,5.00005,89.00005,4.96,5.505,33.7,0,2.15,62.65,68.3,4.40005,1.249005
42663568,9.00005,4.00005,9.00005,87.00005,5.61,6.11,13.3,0,1.3,47.3,60.6,4.90005,1.218005
42683024,6.00005,17.00005,75.00005,7.00005,5.94,6.39,15.85,1,1.75,65.05,292.55,13.50005,1.065005
42683528,2.00005,2.00005,4.00005,94.00005,4.915,5.64,28.55,0,2.1,74.35,30.65,4.40005,0.881005
42683648,13.00005,3.00005,5.00005,92.00005,4.86,5.54,12.1,0,0.95,29.6,34,3.80005,1.295005
42702434,4.00003333333333,33.0000333333333,56.0000333333333,11.0000333333333,7.44,7.87333333333333,9.9,141,1.3,10.9500333333333,229.5,29.1000666666667,1.60500333333333
42723086,5,10,29,61,6.01,6.52,14.45,5e-05,1.6,52.8,235.55,6.30005,2.129005
42723126,6.00003333333333,23.0000333333333,71.0000333333333,6.00003333333333,5.64666666666667,6.08333333333333,33.5,1.00003333333333,3.5,45.7333333333333,94.7333333333333,19.7000666666667,0.831503333333333
42723756,4.00005,5.00005,12.00005,83.00005,3.935,4.605,17.95,0,1.75,49.5,79.9,5.50005,0.749005
42743196,10.00005,20.00005,70.00005,11.00005,4.46,4.98,44.3,0,3.6,48.9,92.35,6.40005,4.910005
42782872,6.00005,16.00005,74.00005,9.00005,5.12,5.335,12.85,0,1.75,47.7,269.5,8.30005,3.550005
42782902,13.00005,18.00005,80.00005,3.00005,6.155,6.43,11.8,1,1.45,65.45,237.7,10.80005,2.770005
42803220,5.00005,10.00005,40.00005,51.00005,6.84,7.24,12.45,4.5,1.35,104.8,207.35,8.20005,2.560005
42803620,5,22,23,56,5.815,6.47,14.05,1.00005,1.5,37.4,188.6,15.40005,1.088005
42822748,15.00005,16.00005,38.00005,46.00005,5.16,5.555,14.55,0,1.7,35.2,130.7,9.80005,2.150005
42822906,16.0000333333333,31.0000333333333,56.0000333333333,13.0000333333333,6.61666666666667,6.94333333333333,19.9,1.00003333333333,2.23333333333333,61.4333333333333,275.033333333333,17.9000666666667,1.46550333333333
42843412,3.00005,27.00005,46.00005,27.00005,6.465,6.875,16.4,1,1.9,70.55,303.25,18.60005,1.877005
42843730,8.00005,5.00005,21.00005,74.00005,5.87,6.165,35.75,0,2.7,129,159.85,13.40005,3.630005
42863392,4.00005,44.00005,50.00005,6.00005,4.84,5.115,54.65,0,5.3,90.7,337,18.90005,4.170005
42903252,12.0000333333333,7.00003333333333,75.0000333333333,18.0000333333333,6.12333333333333,6.58333333333333,13.3333333333333,3.33333333333333e-05,1.6,68.7,345.8,8.60006666666666,2.56200333333333
42922926,8.00005,42.00005,49.00005,9.00005,7.38,7.79,23.95,83,2.65,22.8,356.8,30.00005,1.543005
42923304,5.00005,8.00005,25.00005,67.00005,5.765,6.075,27.6,0,1.6,69.55,100.95,8.70005,1.788005
42943048,13.00005,30.00005,65.00005,6.00005,7.085,7.395,32.1,24,3.4,30.95,147.4,31.80005,2.710005
42963078,8.00003333333333,25.0000333333333,47.0000333333333,28.0000333333333,5.70333333333333,6.08333333333333,36.6666666666667,3.33333333333333e-05,3.96666666666667,42.0333333333333,81.8,18.4000666666667,1.98600333333333
42982896,13.00005,36.00005,47.00005,17.00005,6.55,6.845,22.2,1,2.4,50.25,296.4,19.20005,1.809005
42982918,9.00005,26.00005,71.00005,3.00005,6.24,6.455,13.9,1,1.6,43.85,283.3,14.10005,0.986005
43022380,18.00005,27.00005,48.00005,25.00005,6.815,7.15,19.1,5.5,2.25,0,210.3,23.10005,2.250005
43022962,23.00005,33.00005,63.00005,4.00005,7.03,7.36,16.3,8,1.9,40.65,378.75,21.20005,4.900005
43023334,3.00005,1.00005,7.00005,91.00005,3.445,4.295,45.7,0,2.1,28.1,50.9,5.90005,0.786005
43023478,11.00005,7.00005,27.00005,66.00005,6.755,7.09,14.35,2,1.45,59.75,163,9.60005,1.901005
43023484,15.0000333333333,8.00003333333333,25.0000333333333,67.0000333333333,5.62666666666667,6.05333333333333,34.9666666666667,1.00003333333333,3.53333333333333,86.9,231,11.7000666666667,1.11550333333333
43042964,14.00005,27.00005,66.00005,8.00005,7.55,7.93,10.45,135,1.4,32.8,195.9,18.50005,2.520005
43062722,7.00005,25.00005,41.00005,34.00005,5.235,5.63,32.4,0,3.95,36.4,94.3,15.80005,5.480005
43062920,5.00005,39.00005,49.00005,13.00005,6.615,6.82,30.35,2.5,3.25,28,283.85,25.40005,1.086005
43122702,36.0000333333333,30.0000333333333,44.0000333333333,26.0000333333333,4.73666666666667,5.26666666666667,29.7,3.33333333333333e-05,3.5,22.3666666666667,143.2,17.7000666666667,1.73800333333333
43122984,4.00005,42.00005,54.00005,4.00005,6.7,6.91,12.6,2,1.55,30.95,320.55,24.50005,1.690005
43123260,10.00005,59.00005,34.00005,7.00005,6.015,6.11,42.65,1.5,3.8,62.5,361.05,33.50005,3.810005
43143096,21.0000333333333,9.00003333333333,23.0000333333333,68.0000333333333,3.57666666666667,4.10666666666667,30.6333333333333,1.00003333333333,1.46666666666667,58.7666666666667,76.0333333333333,3.00006666666667,0.788003333333333
43162972,44.0000333333333,38.0000333333333,52.0000333333333,10.0000333333333,7.36666666666667,7.92666666666667,18.6,78.3333333333333,2.23333333333333,63.9,551.333333333333,26.0000666666667,1.68750333333333
43163422,24.00005,2.00005,7.00005,91.00005,4.255,4.84,30.05,0,1.95,150.2,50.85,2.60005,0.939005
43163688,9.00003333333333,15.0000333333333,24.0000333333333,61.0000333333333,5.69666666666667,6.17666666666667,19.1333333333333,3.33333333333333e-05,1.9,22.5666666666667,168.833333333333,9.50006666666667,1.17700333333333
43163800,4.00003333333333,5.00003333333333,22.0000333333333,73.0000333333333,5.10666666666667,5.53,37.4333333333333,3.33333333333333e-05,2.63333333333333,59.7,68.8666666666667,9.20006666666667,2.13750333333333
43183036,11.00005,44.00005,48.00005,8.00005,4.9,5.515,55.5,0,5.6,21.95,206,25.90005,1.380005
43183468,10.00005,20.00005,41.00005,39.00005,5.775,6.2,12,0,1.35,56.2,240.55,10.20005,1.077005
43222430,8.00005,44.00005,50.00005,6.00005,7.425,8.025,16.65,133.5,2.05,28.2,362.65,32.00005,2.610005
43263774,3.00005,4.00005,8.00005,88.00005,4.965,5.375,15.35,0,1.55,38.5,45.45,6.10005,2.020005
43283682,3.00005,10.00005,25.00005,65.00005,5.54,5.96,40.45,0,2.7,36.1,119.45,12.20005,0.855005
43302918,5e-05,36.00005,53.00005,11.00005,6.95,7.16,29.25,2.5,3.1,19.7,521,24.80005,2.600005
43302984,17.00005,25.00005,72.00005,3.00005,7.425,7.855,13.05,18,1.6,16.15,232.55,19.20005,2.210005
43303710,5.00003333333333,17.0000333333333,37.0000333333333,47.0000333333333,6.00333333333333,6.45666666666667,16.7333333333333,3.33333333333333e-05,1.9,46.9,120.566666666667,13.2000666666667,1.16700333333333
43322980,11.00005,29.00005,63.00005,8.00005,7.425,8,12,46.5,1.5,29.05,293.5,19.80005,2.190005
43323334,2.00005,3.00005,9.00005,87.00005,4.155,4.565,9.55,0,0.9,79.1,37.6,2.10005,0.804005
43342932,12.00005,34.00005,47.00005,18.00005,7.385,7.78,16.55,50,1.95,46.3,335.75,22.80005,2.440005
43382440,3,46,32,22,6.11,6.74,16.55,5e-05,2.1,36.4,220.5,28.70005,0.821005
43383172,8.00005,18.00005,78.00005,4.00005,6.8,7.18,12.7,1.5,1.4,43.95,240.7,15.30005,1.123005
43402934,3.00005,19.00005,74.00005,7.00005,7.38,7.805,11.65,6,1.5,30.55,173.6,16.00005,2.090005
43403140,3.00005,25.00005,60.00005,14.00005,7.005,7.325,19.75,8.5,2.05,40.2,259.25,20.60005,2.180005
43403342,14.00005,4.00005,15.00005,81.00005,5.775,6.145,32.8,0,2.1,50,63.75,10.10005,1.517005
43442964,3.00005,17.00005,27.00005,56.00005,5.385,5.765,21.05,0,2.3,18.85,56.6,12.90005,3.190005
43443270,3.00005,3.00005,8.00005,90.00005,4.96,5.575,12.75,0,1.1,70.2,114,3.50005,0.491005
43443356,3.00005,3.00005,7.00005,90.00005,5.05,5.63,27.35,0,1.65,134.1,83,7.90005,0.909005
43462422,10.00005,31.00005,60.00005,9.00005,7.345,7.825,14.5,229,1.85,15.45,168.75,22.60005,2.020005
43463466,9.00003333333333,9.00003333333333,29.0000333333333,63.0000333333333,6.33333333333333,6.73666666666667,14.2666666666667,2.00003333333333,1.63333333333333,66.8,205.1,8.90006666666667,1.44600333333333
43482400,5.00003333333333,33.0000333333333,53.0000333333333,13.0000333333333,7.26666666666667,7.80666666666667,16.1333333333333,288.333333333333,1.96666666666667,40.7333333333333,417.933333333333,22.8000666666667,3.39650333333333
43482450,12.00005,28.00005,56.00005,16.00005,7.31,7.685,13.6,7.5,1.6,28.95,126.25,17.90005,1.648005
43503046,26.00005,32.00005,54.00005,15.00005,7.16,7.345,48.25,164.5,4.8,51.05,515.6,30.60005,3.540005
43503456,8.00003333333333,5.00003333333333,20.0000333333333,75.0000333333333,5.78,6.28666666666667,13.8333333333333,3.33333333333333e-05,1.43333333333333,62.2333333333333,135.466666666667,5.40006666666667,0.980003333333333
43523382,8.00005,6.00005,21.00005,73.00005,5.595,6.045,21.65,0,1.7,45.6,82.65,3.80005,1.886005
43542960,7.00005,17.00005,31.00005,52.00005,6.69,7.115,11.5,2.5,1.2,53.25,226.05,11.80005,2.630005
43562444,9.00005,20.00005,47.00005,34.00005,7.4,7.83,11.15,37.5,1.15,15.75,125.35,13.10005,5.190005
43563124,2.00005,23.00005,75.00005,2.00005,7.015,7.285,20.35,3.5,2.1,21.2,204.9,17.90005,2.440005
43582826,14.00005,26.00005,46.00005,29.00005,7.235,7.585,58.8,28.5,5.5,45.05,149.25,54.60005,3.380005
43583140,29.00005,48.00005,49.00005,3.00005,6.155,6.27,47.65,2,3.65,12.3,168.3,34.80005,1.109005
43583302,6.00003333333333,6.00003333333333,18.0000333333333,76.0000333333333,6.06,6.56333333333333,30.6,1.50003333333333,2.03333333333333,69.2666666666667,131.766666666667,10.8000666666667,1.43500333333333
43583306,4.00005,5.00005,20.00005,75.00005,5.25,5.945,12.65,0,1.15,61.65,109.55,5.20005,0.665005
43583330,3.00005,7.00005,75.00005,17.00005,5.72,6.11,12.25,0,1.3,72.1,322.65,7.10005,1.980005
43583342,12.00005,5.00005,15.00005,80.00005,5.19,5.76,9.5,0,1,37.25,76,2.90005,0.515005
43583564,1.00003333333333,17.0000333333333,27.0000333333333,55.0000333333333,5.81,6.26,21.4333333333333,3.33333333333333e-05,2.03333333333333,70.8,139.433333333333,13.3000666666667,1.89400333333333
43602944,8.00005,9.00005,24.00005,68.00005,6.97,7.46,12.15,3.5,1.4,95.2,256.4,12.30005,1.198005
43622874,13.00005,39.00005,36.00005,25.00005,7.27,7.775,20.35,67,2.35,86.75,590.45,25.20005,2.230005
43662400,9.00003333333333,28.0000333333333,61.0000333333333,11.0000333333333,7.32333333333333,7.89333333333333,15.3666666666667,50.3333333333333,1.9,18,255,22.2000666666667,1.74350333333333
43662810,16.00005,8.00005,16.00005,76.00005,5.64,5.985,11.75,0,1.4,54.1,201.2,6.90005,0.594005
43663254,4.00003333333333,11.0000333333333,22.0000333333333,68.0000333333333,6.45666666666667,6.77333333333333,9.83333333333333,1.00003333333333,1.13333333333333,54.7333333333333,226.1,9.90006666666667,1.82000333333333
43682872,7.00005,43.00005,31.00005,26.00005,7.385,7.76,18.85,60.5,2.25,28.1,688.4,28.20005,3.950005
43683100,6.00005,26.00005,67.00005,7.00005,7.095,7.465,19.15,3.5,2.1,54.1,582.55,20.70005,2.090005
43703004,10.00005,27.00005,21.00005,52.00005,7.04,7.4,14.5,5,1.55,51.4,463.15,17.10005,1.938005
43722208,3.00005,48.00005,45.00005,7.00005,7.52,8.08,17.3,16,2.05,20.65,296.8,28.20005,1.858005
43722964,2.00005,13.00005,24.00005,63.00005,5.79,6.315,9.4,0,1.1,51.05,148.8,7.50005,1.355005
43723450,9.00005,14.00005,29.00005,57.00005,6.065,6.515,13.85,0,1.6,52.65,188.3,10.00005,0.893005
43742746,29.00005,28.00005,44.00005,28.00005,7.04,7.16,69.75,46,6.45,77.05,312,33.10005,9.350005
43762394,9.00003333333333,28.0000333333333,55.0000333333333,17.0000333333333,7.24,7.85333333333333,17.0666666666667,175,1.86666666666667,17.3000333333333,232.166666666667,21.0000666666667,1.89450333333333
43762448,13.0000333333333,23.0000333333333,61.0000333333333,16.0000333333333,7.43333333333333,7.9,12.3333333333333,80.6666666666667,1.16666666666667,15.5333333333333,366.733333333333,18.3000666666667,1.45900333333333
43762988,4.00005,11.00005,21.00005,69.00005,5.575,6.125,15.05,0,1.7,11.5,75.1,8.10005,2.350005
43782956,3.00005,24.00005,47.00005,29.00005,5.72,6.46,10.25,0,1.15,19.75,227.05,11.70005,0.954005
43823106,5.00005,20.00005,72.00005,8.00005,7.41,7.705,40.4,23.5,3.15,27.5,762.25,31.40005,2.230005
43842900,8.00005,10.00005,26.00005,64.00005,4.455,4.97,7.8,1,0.8,106.4,144.1,2.90005,2.820005
43842966,6.00003333333333,15.0000333333333,37.0000333333333,48.0000333333333,6.29,6.63333333333333,9.2,3.33333333333333e-05,1.06666666666667,20.1333333333333,149.233333333333,9.70006666666667,1.71300333333333
43843282,4.00005,5.00005,24.00005,71.00005,6.225,6.55,14.55,0,1.2,64.15,129.65,3.90005,1.105005
43843308,9.00003333333333,9.00003333333333,16.0000333333333,75.0000333333333,5.71333333333333,6.27666666666667,8.63333333333333,3.33333333333333e-05,0.933333333333333,44.9666666666667,89.3333333333333,6.10006666666667,0.460003333333333
43843470,5.00003333333333,17.0000333333333,29.0000333333333,54.0000333333333,7.00333333333333,7.39333333333333,34.8666666666667,55.3333333333333,3.16666666666667,64.8666666666667,152.3,25.2000666666667,1.97000333333333
43862854,7,9,27,63,5.88,6.385,15.05,5e-05,1.5,77.9,215.6,9.00005,1.952005
43862926,8.00005,18.00005,28.00005,53.00005,5.53,6.11,18.75,0,2.1,23.65,56.6,11.20005,1.265005
43882738,10.0000333333333,31.0000333333333,50.0000333333333,19.0000333333333,5.67,6.05333333333333,51.6666666666667,1.00003333333333,5.73333333333333,25,139.166666666667,29.0000666666667,5.79500333333333
43882828,9.00003333333333,21.0000333333333,32.0000333333333,47.0000333333333,7.17666666666667,7.48333333333333,52.3666666666667,83.6666666666667,4.76666666666667,54.8333333333333,143.266666666667,29.6000666666667,3.17500333333333
43882972,13.00005,20.00005,16.00005,64.00005,6.535,6.8,21.75,2.5,2.2,26.6,81.5,23.80005,2.100005
43883332,4.00005,4.00005,27.00005,68.00005,5.495,6.005,12.85,0,1.2,69.25,175.35,2.80005,2.680005
43922458,11.00005,24.00005,55.00005,20.00005,7.555,8.01,12.5,164.5,1.15,21,160.05,21.70005,1.556005
43922812,6.00005,33.00005,40.00005,28.00005,7.195,7.55,60.25,168,5.4,23.35,107.45,39.10005,3.770005
43922872,6.00005,22.00005,68.00005,10.00005,5.5,5.875,14.9,1,1.65,47.9,165.75,10.40005,1.683005
43943420,5.00005,6.00005,38.00005,57.00005,6.455,6.8,10.7,0,1.3,38.25,165.75,10.10005,2.820005
43982428,7.00003333333333,54.0000333333333,43.0000333333333,3.00003333333333,7.27666666666667,7.74666666666667,20.3666666666667,125.666666666667,2.5,33.1333333333333,582.266666666667,31.2000666666667,1.97150333333333
43982748,2.00005,23.00005,41.00005,36.00005,5.945,6.215,35.9,0,4.05,80,150.4,20.30005,6.440005
43982780,16.00005,27.00005,53.00005,20.00005,6.645,6.915,28.95,2.5,3.1,43.25,59.45,22.30005,2.890005
43982852,10.00005,29.00005,54.00005,17.00005,7.075,7.53,24.2,28.5,2,84.35,482.95,22.10005,2.010005
43983014,18.00005,47.00005,46.00005,7.00005,7.29,7.55,29.75,20.5,3.25,65.4,644.2,29.90005,4.920005
43983162,24.00005,21.00005,59.00005,20.00005,4.425,4.84,13.65,1,1.8,12.55,53.15,11.20005,2.090005
43983320,7.00005,16.00005,30.00005,54.00005,5.47,5.945,36.8,1,3.35,103.75,45.5,27.60005,6.210005
43983378,4.00005,11.00005,27.00005,62.00005,5.51,6.09,11.6,0,1.25,35.25,118.25,4.60005,0.979005
43983400,3.00005,8.00005,56.00005,37.00005,5.42,5.735,9.65,0,1.1,59.15,139.85,4.20005,2.900005
44022364,22.0000333333333,30.0000333333333,49.0000333333333,21.0000333333333,7.34,7.72666666666667,14.2,124.666666666667,1.83333333333333,12.0666666666667,190.4,22.5000666666667,1.99200333333333
44022858,11.00005,23.00005,61.00005,16.00005,5.925,6.365,12.65,0,1.5,56.7,243.35,13.90005,1.660005
44023246,26.0000333333333,7.00003333333333,21.0000333333333,72.0000333333333,3.78666666666667,4.25666666666667,25.2666666666667,1.00003333333333,1.9,26.8333333333333,66.4,5.80006666666667,0.978503333333333
44042998,33,41,49,9,7.055,7.48,39.8,11.5,4,60.15,857.2,37.30005,2.740005
44063224,14.00005,21.00005,73.00005,7.00005,7.195,7.635,19.45,12.5,2.1,18.55,248.65,22.00005,2.230005
44102884,11.00005,36.00005,56.00005,8.00005,6.315,6.665,18.7,1.5,2.15,88.55,560.8,21.10005,4.000005
44103214,3.00005,24.00005,71.00005,6.00005,7.255,7.63,19.75,37.5,2,46.7,345.75,23.30005,2.610005
44122406,1.00005,25.00005,51.00005,23.00005,7.375,7.735,14.55,187,1.45,11.4,136.15,14.30005,2.840005
44122484,22.00005,29.00005,41.00005,29.00005,7.125,7.5,77,499,7,89.9,473.2,39.60005,3.500005
44123312,3.00005,5.00005,10.00005,85.00005,5.745,6.415,13.7,0,1.3,58.4,113.8,9.40005,0.490005
44123522,3.00003333333333,16.0000333333333,28.0000333333333,56.0000333333333,5.7,6.30333333333333,9.33333333333333,3.33333333333333e-05,1.13333333333333,25.2666666666667,75.9,10.3000666666667,1.00850333333333
44143010,9.00005,19.00005,70.00005,11.00005,5.91,6.225,14.3,1,1.6,38.6,215.75,12.60005,0.988005
44143586,8.00003333333333,20.0000333333333,33.0000333333333,47.0000333333333,6.39666666666667,6.75,18.9666666666667,3.33333333333333e-05,2,27.7333333333333,98.7,17.4000666666667,1.51450333333333
44162442,7.00005,39.00005,58.00005,3.00005,7.46,7.865,11.9,113.5,1.5,26,197.1,24.20005,2.440005
44162798,5e-05,18.00005,28.00005,53.00005,5.02,5.535,50.45,1,4.75,42.75,79.85,21.60005,8.080005
44162802,9.00005,18.00005,37.00005,45.00005,6.345,6.665,12.4,0,1.55,86.3,251.3,12.00005,2.270005
44162896,3.00005,32.00005,27.00005,41.00005,6.47,6.97,21.45,1.5,2.2,75.35,560.55,22.20005,2.150005
44202778,8.00005,9.00005,65.00005,26.00005,6.065,6.515,13.45,0,1.6,71.85,183.45,11.20005,1.326005
44203146,13.00005,22.00005,65.00005,12.00005,7.18,7.835,13.95,5.5,1.5,25,267.55,16.30005,1.842005
44203578,8.00005,15.00005,28.00005,58.00005,5.715,6.035,14.8,0,1.65,17.25,116.9,13.50005,2.410005
44223082,15.00005,46.00005,51.00005,3.00005,6.96,7.07,30.95,21.5,3.25,26.15,540.2,35.60005,4.070005
44223172,3.00005,21.00005,76.00005,2.00005,5.815,6.31,10.2,0,1.2,51.25,196.45,9.50005,1.778005
44223286,3.00003333333333,6.00003333333333,11.0000333333333,84.0000333333333,4.58,5.25,17.9333333333333,1.00003333333333,1.7,39.6333333333333,171.966666666667,7.30006666666667,0.647003333333333
44242972,34.00005,38.00005,46.00005,16.00005,7.32,7.705,42.25,129.5,4.15,136.85,716.55,35.40005,3.710005
44243206,27.00005,22.00005,61.00005,16.00005,7.735,8.235,23.1,475,1.4,22.6,289.55,14.40005,2.830005
44243526,7.00003333333333,10.0000333333333,25.0000333333333,65.0000333333333,6.45666666666667,6.90333333333333,9.66666666666667,3.33333333333333e-05,1.23333333333333,46.9666666666667,97.8666666666667,6.70006666666667,1.31150333333333
44282812,5.00005,18.00005,62.00005,20.00005,5.465,5.835,11.75,1.5,1.35,40.85,169.25,9.20005,1.973005
44282848,21.00005,25.00005,50.00005,25.00005,7.405,7.715,36.65,202,2.05,45.65,289.1,20.50005,3.330005
44282854,5.00005,17.00005,48.00005,34.00005,5.71,6.08,11.45,0,1.4,51.5,155.1,8.50005,1.409005
44303366,7.00005,3.00005,5.00005,92.00005,5.395,5.72,28.6,0,2.6,53.4,132.8,11.50005,2.470005
44322326,4.00005,24.00005,57.00005,18.00005,7.145,7.55,33.65,19.5,3.85,21.85,167.7,26.60005,7.430005
44342402,6.00003333333333,26.0000333333333,40.0000333333333,35.0000333333333,7.31666666666667,7.91666666666667,9.53333333333333,79,1.23333333333333,12.9,158.433333333333,18.3000666666667,1.42750333333333
44343432,3.00005,7.00005,23.00005,70.00005,4.97,5.595,23.1,0,2.4,119.25,346.3,6.80005,1.215005
44343860,10.00005,42.00005,37.00005,21.00005,4.98,5.515,29.65,0,3.05,17.8,205.5,17.20005,2.580005
44363142,5.00005,21.00005,65.00005,14.00005,6.35,6.915,16.3,0,1.75,25,191.5,16.50005,1.148005
44382792,42.00005,19.00005,39.00005,42.00005,7.1,7.38,37,58.5,3.45,41.65,398.15,25.10005,6.410005
44383062,8,21,53,26,6.02,6.47,18,1.00005,2,41.15,210.5,8.20005,1.791005
44383098,7.00005,22.00005,53.00005,26.00005,7.26,7.595,21.2,38.5,2.35,42.9,251.55,17.20005,4.140005
44383606,13.00005,23.00005,40.00005,37.00005,4.25,4.925,19.65,1,1.8,30.55,119.95,11.40005,1.847005
44402394,10.0000333333333,31.0000333333333,64.0000333333333,5.00003333333333,7.47333333333333,8.11,9.26666666666667,147,1.23333333333333,10.6000333333333,209.8,19.2000666666667,1.94200333333333
44402818,12.0000333333333,13.0000333333333,41.0000333333333,46.0000333333333,6.18,6.65,14.9333333333333,1.50003333333333,1.66666666666667,55.2,249.533333333333,8.10006666666666,1.65200333333333
44403654,5.00005,7.00005,29.00005,64.00005,5.435,5.77,13.35,0,1.55,43.65,89.1,6.70005,2.210005
44423382,5.00005,14.00005,33.00005,52.00005,5.23,5.46,11.5,0,1.4,67.5,176.6,8.20005,3.520005
44443356,5.00005,6.00005,20.00005,74.00005,5.22,5.435,7.45,0,0.95,26.95,123.9,4.20005,1.694005
44482376,17.0000333333333,36.0000333333333,37.0000333333333,27.0000333333333,7.49333333333333,8.11666666666667,8.96666666666667,130.333333333333,1.2,12.4000333333333,235.466666666667,22.0000666666667,1.66550333333333
44482808,3.00005,40.00005,53.00005,7.00005,7.47,7.755,64.9,341,6,16.55,120.55,55.30005,3.470005
44482856,11.0000333333333,23.0000333333333,54.0000333333333,23.0000333333333,7.41,7.90666666666667,45.4,189.666666666667,2.8,20.6666666666667,111.6,24.4000666666667,3.19350333333333
44483114,18.00005,20.00005,72.00005,8.00005,7.335,7.79,13.2,70.5,1.4,54.1,317.2,16.00005,1.952005
44503046,23.00005,22.00005,46.00005,32.00005,6.475,6.69,24.4,2.5,2.7,79.85,241.95,14.30005,2.860005
44503442,6.00005,12.00005,24.00005,64.00005,5.335,5.84,10.6,0,1.25,53.9,113.4,6.30005,1.778005
44522168,16.00005,22.00005,35.00005,43.00005,5.73,6.395,12,0,1.55,12.4,3697.05,13.40005,0.222005
44522402,13.0000333333333,28.0000333333333,58.0000333333333,14.0000333333333,7.42666666666667,7.89,12.3333333333333,160.333333333333,1.56666666666667,13.6666666666667,326.166666666667,16.3000666666667,2.54300333333333
44522928,4.00005,18.00005,67.00005,16.00005,6.425,6.87,12,1.5,1.3,28.1,226.45,10.20005,0.905005
44523310,9.00003333333333,21.0000333333333,28.0000333333333,52.0000333333333,5.43,5.97,45.8666666666667,3.33333333333333e-05,3.83333333333333,80.8,72.6,16.8000666666667,1.55350333333333
44542962,3.00003333333333,7.00003333333333,18.0000333333333,75.0000333333333,6.11,6.54666666666667,10.2,1.00003333333333,1.1,55.3,112.666666666667,7.50006666666667,1.02050333333333
44563584,5.00005,16.00005,36.00005,48.00005,6.615,6.895,15.75,1.5,1.95,53.95,126.1,14.40005,1.694005
44602950,5.00005,11.00005,15.00005,73.00005,4.985,5.435,25,0,2.25,45.65,47.5,8.80005,0.779005
44603940,3.00005,36.00005,56.00005,7.00005,5.745,6.26,19.2,0,1.9,41.2,195.95,13.40005,0.960005
44604318,16.00005,4.00005,58.00005,38.00005,4.135,4.58,23.75,0,1.05,19.25,35.75,8.60005,0.332005
44622838,8.00005,21.00005,64.00005,15.00005,6.89,7.33,17.3,5,1.95,95.6,264,17.40005,2.880005
44642422,13.00005,25.00005,62.00005,13.00005,7.47,7.935,11.8,118.5,1.35,19.05,134.35,18.80005,1.560005
44643430,4.00005,4.00005,18.00005,78.00005,4.36,4.82,7.2,0,0.9,74.55,60.15,3.00005,1.514005
44662402,10.0000333333333,28.0000333333333,52.0000333333333,20.0000333333333,7.52333333333333,7.98666666666667,10.3333333333333,106,1.2,26.5,135.133333333333,19.6000666666667,1.67600333333333
44662802,15.00005,14.00005,73.00005,12.00005,6.935,7.44,11.2,3,1.4,61.2,173.5,12.20005,1.223005
44664184,27.00005,2.00005,23.00005,75.00005,4.21,4.92,27.65,0,1.3,0,29.95,3.40005,1.624005
44682830,15.00005,26.00005,48.00005,26.00005,7.195,7.61,10.85,5,1.4,37.8,206.15,19.00005,1.722005
44683226,10.00005,4.00005,11.00005,85.00005,5.375,5.87,8.45,0,0.95,54.85,108.85,4.30005,1.509005
44702878,5.00005,20.00005,49.00005,31.00005,6.775,7.145,12.25,1,1.4,45.35,198.45,14.20005,2.080005
44703158,14.00005,14.00005,52.00005,33.00005,6.58,6.855,13.65,2.5,1.5,50.8,285.9,13.30005,1.621005
44703576,4.00005,12.00005,28.00005,60.00005,6.38,6.695,15.2,1,1.75,58.35,134.65,10.20005,1.829005
44743210,7.00005,6.00005,11.00005,83.00005,4.15,4.42,60.1,0,5.35,32.5,28.7,10.70005,1.345005
44744218,26.00005,NaN,NaN,NaN,4.365,5.18,462.9,0,15.85,39.45,475,45.00005,3.220005
44763646,5.00005,8.00005,25.00005,67.00005,4.8,5.315,18.95,0,1.8,24.65,138.3,5.80005,2.030005
44783364,17.00005,6.00005,24.00005,69.00005,6.54,6.815,11.1,0,1.15,47.95,211.65,5.70005,2.400005
44802946,15.00005,10.00005,23.00005,67.00005,5.65,6.055,9.4,0,1.1,55.7,331.1,5.10005,1.182005
44803324,5.00003333333333,6.00003333333333,17.0000333333333,78.0000333333333,5.69333333333333,6.15333333333333,7.8,3.33333333333333e-05,0.933333333333333,37.2666666666667,87.9666666666667,3.70006666666667,1.40000333333333
44803756,12.0000333333333,25.0000333333333,25.0000333333333,50.0000333333333,5.58,6.13333333333333,22.3333333333333,3.33333333333333e-05,2.1,40.7,164.7,11.9000666666667,2.09700333333333
44822974,19.00005,15.00005,34.00005,51.00005,4.77,5.32,37.75,0,3.4,78.9,74.7,7.60005,0.970005
44842934,9.00005,13.00005,29.00005,58.00005,6.37,6.775,11.85,1.5,1.4,47.4,190.7,13.90005,1.899005
44843438,7.00005,10.00005,21.00005,70.00005,5.935,6.355,18.9,1,2.1,125.55,275.55,12.00005,4.570005
44903466,2.00005,12.00005,25.00005,62.00005,7.065,7.545,12.05,4.5,1.45,39.75,57.95,12.90005,1.722005
44922144,22,6,31,63,5.76,6.205,8.6,1,1,50.65,681.5,7.10005,1.146005
44923084,4.00005,20.00005,73.00005,7.00005,6.025,6.5,17.6,0,1.85,50.75,310.65,12.00005,1.088005
44923818,8.00005,7.00005,31.00005,62.00005,4.8,5.14,35.1,0,2.75,33.65,38.75,3.40005,3.210005
44962878,22.0000333333333,22.0000333333333,61.0000333333333,17.0000333333333,7.42333333333333,7.93,39.5,218.666666666667,2.73333333333333,37.6666666666667,125.533333333333,20.6000666666667,2.64700333333333
44962918,30.0000333333333,10.0000333333333,26.0000333333333,64.0000333333333,6.04666666666667,6.25333333333333,12.0333333333333,1.00003333333333,1.4,69.9,223.4,7.40006666666667,3.23550333333333
44963922,15.0000333333333,45.0000333333333,44.0000333333333,11.0000333333333,5.80333333333333,6.24333333333333,21.1666666666667,3.33333333333333e-05,2.13333333333333,19.0666666666667,135.633333333333,20.8000666666667,1.59150333333333
44983194,6.00005,6.00005,7.00005,87.00005,6.345,6.715,16.3,1,1.65,104,337.1,8.30005,2.270005
45002386,7.00003333333333,28.0000333333333,64.0000333333333,8.00003333333333,7.35666666666667,7.95,20.4666666666667,218,1.9,8.25003333333333,220.166666666667,19.2000666666667,1.76550333333333
45003658,6.00003333333333,15.0000333333333,31.0000333333333,53.0000333333333,5.81333333333333,6.21666666666667,20.0666666666667,3.33333333333333e-05,2,27.3333333333333,96.6333333333333,6.66666666666667e-05,1.97650333333333
45003676,9.00003333333333,42.0000333333333,37.0000333333333,21.0000333333333,6.17,6.74333333333333,17.6333333333333,3.33333333333333e-05,1.96666666666667,14.9,151.7,20.0000666666667,1.63300333333333
45022358,3.00003333333333,52.0000333333333,47.0000333333333,1.00003333333333,7.36,7.99666666666667,15.5333333333333,220,1.53333333333333,13.1000333333333,276.433333333333,27.1000666666667,1.96450333333333
45043172,5.00005,5.00005,22.00005,73.00005,5.025,5.395,13.65,0,1.15,80.75,92.1,2.60005,1.006005
45062352,6.00003333333333,51.0000333333333,39.0000333333333,10.0000333333333,7.39666666666667,7.90666666666667,19.6333333333333,211,2.06666666666667,34.5,553.2,26.8000666666667,2.03200333333333
45062500,6.00003333333333,31.0000333333333,59.0000333333333,10.0000333333333,7.57666666666667,8.2,30.9,228,1.36666666666667,17.7666666666667,175.666666666667,22.3000666666667,1.62950333333333
45102786,5.00005,17.00005,74.00005,9.00005,6.515,6.765,14.05,1,1.65,65.85,143.15,12.90005,1.705005
45102976,26,9,27,64,4.915,5.48,20.05,1.00005,1.9,48.4,116.35,4.30005,0.730005
45103156,11.00005,7.00005,28.00005,66.00005,6.14,6.58,13.6,0,1.2,22.9,101.15,6.80005,0.580005
45103282,3.00005,5.00005,17.00005,78.00005,5.765,6.28,9.05,0,1.05,57.15,88.65,5.10005,0.820005
45103336,11.00005,4.00005,12.00005,84.00005,5.51,5.845,12.4,0,1.2,45.1,111.95,3.60005,0.585005
45123358,8.00005,2.00005,5.00005,93.00005,6.42,6.78,6.55,1.5,0.8,31.8,58.35,3.80005,0.797005
45123664,21.0000333333333,12.0000333333333,30.0000333333333,58.0000333333333,4.56666666666667,4.95333333333333,24.1333333333333,3.33333333333333e-05,2.26666666666667,44.1333333333333,50,4.40006666666667,2.30300333333333
45143454,8.00005,9.00005,26.00005,66.00005,6.16,6.62,9.35,0,1.05,21.4,129.9,5.60005,1.689005
45183100,7.00005,13.00005,60.00005,27.00005,3.84,4.175,29.6,0,2.05,21.9,101.55,6.70005,2.370005
45183394,6.00005,14.00005,27.00005,59.00005,7.055,7.365,11.4,4,1.4,30.35,144,10.70005,1.483005
45202754,14.00005,22.00005,58.00005,20.00005,4.69,5.165,27.5,0,2.85,18.95,62.65,8.30005,2.990005
45202780,8.00005,23.00005,72.00005,5.00005,4.85,5.28,17.85,0,2.05,60.25,216,10.40005,2.130005
45202816,13.00005,15.00005,36.00005,49.00005,5.155,5.75,11.3,0,1.4,15.7,73.25,8.00005,1.142005
45202898,17,11,28,61,6.4,6.94,15.9,3.00005,1.6,122.8,506.45,7.00005,1.075005
45203096,21.00005,10.00005,42.00005,47.00005,3.64,4.155,149.1,0,8.85,63.2,100.15,16.10005,5.550005
45222326,2.00003333333333,41.0000333333333,45.0000333333333,14.0000333333333,7.56333333333333,8.23333333333333,11.6,294.333333333333,1.3,18.6333333333333,289.866666666667,21.0000666666667,1.70500333333333
45242968,29,12,54,34,6.335,6.82,17.45,5e-05,1.8,16.1,54.35,10.70005,0.638005
45243104,23.00005,23.00005,72.00005,5.00005,6.47,6.73,25.05,1,2.55,18.8,107.9,5e-05,3.700005
45243418,9.00005,5.00005,17.00005,78.00005,6.425,6.905,12.75,2,1.3,60.6,144.45,6.70005,0.763005
45263286,2.00005,2.00005,7.00005,91.00005,3.06,3.91,39.35,0,1.85,25.2,46.9,3.20005,0.930005
45283282,2.00005,21.00005,18.00005,61.00005,7.175,7.575,50.45,153,4.6,90.7,231.55,35.80005,5.500005
45283930,3.00005,5.00005,9.00005,86.00005,4.07,4.295,15.75,0,1.65,35.6,45.25,4.10005,1.787005
45302640,11.00005,15.00005,31.00005,54.00005,5.85,6.24,30.25,0,3.1,61,724.7,11.70005,4.640005
45304402,16.00005,6.00005,33.00005,61.00005,3.525,4.23,25.25,0,0.85,20.15,28.75,5.80005,0.332005
45322860,11.00005,18.00005,76.00005,6.00005,6.995,7.325,9.8,2,1.3,60.85,297.6,11.20005,1.127005
45323188,4.00005,3.00005,6.00005,91.00005,4.64,5.49,8.25,0,0.8,56.5,35.85,2.20005,0.434005
45342510,4.00003333333333,35.0000333333333,62.0000333333333,3.00003333333333,7.51,7.92666666666667,40,345.666666666667,2.36666666666667,18.2666666666667,210.266666666667,25.8000666666667,2.91800333333333
45362764,12.00005,21.00005,41.00005,38.00005,5.725,6.06,19.1,0,2.2,18.1,100.35,12.60005,3.600005
45382924,22.0000333333333,27.0000333333333,59.0000333333333,14.0000333333333,5.74666666666667,6.26666666666667,19.4,3.33333333333333e-05,2.13333333333333,42.1,183.933333333333,15.3000666666667,0.888503333333333
45382978,45.0000333333333,10.0000333333333,55.0000333333333,35.0000333333333,5.02,5.59333333333333,22.2666666666667,3.33333333333333e-05,2.46666666666667,25.1,225.266666666667,7.40006666666667,0.553503333333333
45383666,16.0000333333333,7.00003333333333,30.0000333333333,63.0000333333333,3.53666666666667,4.08333333333333,38.8,3.33333333333333e-05,1.93333333333333,13.8,43.5333333333333,9.10006666666666,1.29700333333333
45403142,3.00005,8.00005,58.00005,33.00005,6.895,7.195,14.5,2,1.65,57.15,269.25,9.40005,3.420005
45423634,22.0000333333333,8.00003333333333,27.0000333333333,66.0000333333333,4.91,5.31666666666667,19.3666666666667,3.33333333333333e-05,2,40.2,48.5333333333333,6.90006666666667,1.90900333333333
45423958,6.00003333333333,57.0000333333333,30.0000333333333,13.0000333333333,5.62333333333333,6.01,33.3666666666667,3.33333333333333e-05,2.76666666666667,28.7333333333333,170.933333333333,25.2000666666667,1.93550333333333
45443628,14.0000333333333,7.00003333333333,15.0000333333333,78.0000333333333,5.53,5.96,19.8,3.33333333333333e-05,2.13333333333333,76.3666666666667,70.7666666666667,10.2000666666667,1.91650333333333
45462120,10.0000333333333,28.0000333333333,40.0000333333333,32.0000333333333,7.26666666666667,7.80666666666667,15.8,8.33333333333333,1.7,68,390.3,19.9000666666667,2.80850333333333
45462504,5.00003333333333,27.0000333333333,71.0000333333333,3.00003333333333,7.66666666666667,8.21666666666667,37.1666666666667,418,1.1,11.7000333333333,134.233333333333,14.6000666666667,1.88750333333333
45463110,23.00005,13.00005,65.00005,22.00005,3.57,3.885,60.9,0,3.5,28.5,61.65,9.50005,1.245005
45463192,7.00005,3.00005,11.00005,86.00005,5.185,5.74,8.2,0,0.8,56.75,41.5,4.10005,0.384005
45482530,1.00003333333333,39.0000333333333,58.0000333333333,3.00003333333333,7.41666666666667,7.95,38.8666666666667,311,2.7,45.0333333333333,122.733333333333,23.3000666666667,2.16600333333333
45482768,6.00003333333333,18.0000333333333,43.0000333333333,39.0000333333333,5.20333333333333,5.6,28.8,3.33333333333333e-05,3.16666666666667,45.2333333333333,166.8,14.1000666666667,2.73950333333333
45483438,5.00005,6.00005,23.00005,72.00005,5.16,5.705,10.35,0,1.1,57.75,153.5,5e-05,2.260005
45483964,20.00005,32.00005,54.00005,14.00005,4.195,4.655,73.25,0,4.05,17.5,214.2,12.70005,3.350005
45484456,25.00005,23.00005,42.00005,34.00005,4.59,5.385,20.7,0,1.65,0,79.55,8.70005,1.413005
45484528,21,14,50,36,4.155,4.94,29.75,1,1.6,10.80005,52.3,11.40005,0.546005
45502954,11.0000333333333,24.0000333333333,29.0000333333333,48.0000333333333,4.75666666666667,5.32,16.9666666666667,3.33333333333333e-05,1.53333333333333,40.0333333333333,215.3,10.8000666666667,0.945003333333333
45503080,3.00005,18.00005,47.00005,36.00005,4.955,5.11,31.15,0,2.8,63.65,126.15,8.30005,7.260005
45503652,18.0000333333333,7.00003333333333,20.0000333333333,74.0000333333333,4.74333333333333,5.07666666666667,31.5,3.33333333333333e-05,3.06666666666667,88.1333333333333,69.6,8.70006666666667,3.77450333333333
45542974,19.0000333333333,23.0000333333333,59.0000333333333,17.0000333333333,5.01333333333333,5.62666666666667,18.8,3.33333333333333e-05,1.96666666666667,49.6333333333333,267.8,9.60006666666666,1.14600333333333
45543316,3.00005,2.00005,4.00005,94.00005,6.155,6.54,8.05,3,0.85,47.35,46.95,3.10005,0.643005
45563108,6.00005,13.00005,82.00005,6.00005,6.34,6.59,12.45,1,1.45,44.5,85.65,13.60005,1.547005
45564332,5.00003333333333,3.00003333333333,28.0000333333333,69.0000333333333,4.15,4.73333333333333,13.7,3.33333333333333e-05,0.633333333333333,11.3500333333333,24,3.30006666666667,0.329003333333333
45581630,1.00003333333333,46.0000333333333,33.0000333333333,21.0000333333333,7.52666666666667,8.19333333333333,12.2,292.333333333333,1.3,12.3000333333333,435.4,24.6000666666667,1.63950333333333
45582938,6.00003333333333,27.0000333333333,63.0000333333333,10.0000333333333,5.33666666666667,5.85,18.3333333333333,3.33333333333333e-05,2.03333333333333,30.7666666666667,167.2,17.1000666666667,1.05550333333333
45602518,17.0000333333333,30.0000333333333,65.0000333333333,5.00003333333333,7.56333333333333,8.14,28.2333333333333,415.333333333333,1.36666666666667,22,156.9,11.6000666666667,2.26100333333333
45602694,11,23,48,29,7.1,7.5,26.7,34,2.9,0,55.3,19.4,NaN
45604314,6.00005,7.00005,47.00005,46.00005,3.67,4.495,35.3,0,1.2,20,71.4,5.60005,0.767005
45642800,9,19,74,7,6.38,6.74,13.4,1,1.7,59.55,131.3,15.60005,3.251005
45643314,9.00005,4.00005,8.00005,88.00005,3.82,4.195,11.05,0,0.65,21.95,15.4,2.70005,0.334005
45644308,31.00005,4.00005,30.00005,66.00005,4.11,4.775,44.9,0,1.4,47.25,52.1,3.80005,0.347005
45661624,8.00003333333333,23.0000333333333,15.0000333333333,62.0000333333333,7.50666666666667,7.92333333333333,9.76666666666667,88.3333333333333,0.8,9.60003333333333,252.333333333333,17.9000666666667,1.46500333333333
45663154,8.00005,8.00005,14.00005,78.00005,5.445,5.805,27.45,0,2.2,65.6,117.9,7.50005,1.524005
45682288,4.00005,37.00005,42.00005,21.00005,7.59,8.105,10.6,232.5,1,12.1,198.45,26.10005,1.387005
45683008,21.00005,40.00005,38.00005,22.00005,6.88,7.18,26.75,4,2.9,95,562.65,21.30005,1.465005
45683188,3.00005,2.00005,5.00005,93.00005,3.335,4.165,19,0,0.8,17.2,26.25,4.50005,0.356005
45683278,2.00005,4.00005,12.00005,84.00005,5.525,6.095,6.95,0,0.7,49.45,107.4,4.30005,0.679005
45684048,8.00005,57.00005,37.00005,7.00005,5.04,5.53,20.2,0,1.9,19.4,148.4,9.70005,2.640005
45702564,16.00005,15.00005,33.00005,52.00005,5.655,6.215,9.2,1,1.15,37.4,112.65,6.80005,1.825005
45722992,9,27,66,8,6.12,6.715,15.2,5e-05,1.90005,32.25,176.2,12.80005,1.186005
45742046,3.00003333333333,37.0000333333333,47.0000333333333,16.0000333333333,7.57333333333333,8.12666666666667,24.4333333333333,386,2.6,55.6666666666667,989.533333333333,37.0000666666667,2.96900333333333
45743654,6.00003333333333,6.00003333333333,11.0000333333333,83.0000333333333,6.68333333333333,7.11333333333333,11.8666666666667,2.50003333333333,1.43333333333333,98.7333333333333,146.233333333333,7.80006666666667,2.12850333333333
45762290,10.00005,41.00005,40.00005,19.00005,7.45,8.105,11.5,417.5,1.4,9.05,242.6,23.80005,1.897005
45762794,6.00003333333333,17.0000333333333,31.0000333333333,52.0000333333333,5.11666666666667,5.52,13.8,3.33333333333333e-05,1.76666666666667,65.4333333333333,125.4,13.7000666666667,2.41500333333333
45783346,5.00005,4.00005,7.00005,88.00005,4.765,5.42,8.5,0,0.95,54.25,77.5,6.10005,0.456005
45823602,8.00003333333333,13.0000333333333,29.0000333333333,58.0000333333333,5.89,6.31333333333333,13.3666666666667,3.33333333333333e-05,1.53333333333333,64.0666666666667,135.666666666667,10.0000666666667,1.61550333333333
45863040,11.0000333333333,25.0000333333333,27.0000333333333,48.0000333333333,7.16,7.60666666666667,22.8333333333333,30.6666666666667,2.46666666666667,26.4,415.466666666667,18.8000666666667,1.93750333333333
45884328,19.00005,4.00005,29.00005,67.00005,3.635,4.565,22.4,0,0.8,25.4,54.55,3.90005,0.631005
45943172,5.00005,11.00005,20.00005,70.00005,6.19,6.57,13.85,0,1.05,25.2,104,6.90005,0.850005
45963342,5.00005,5.00005,18.00005,77.00005,5.63,6.1,5,0,0.65,22.65,63.15,5e-05,1.420005
45964328,32,3,22,75,3.64,4.64,135.35,1,5.2,12.85,57.75,10.60005,0.934005
46003030,15.0000333333333,29.0000333333333,62.0000333333333,8.00003333333333,6.22666666666667,6.60666666666667,16.3666666666667,1,1.8,48,190.6,17.9000666666667,1.03400333333333
46003134,7.00005,13.00005,38.00005,49.00005,4.455,4.805,36.35,0,3.2,57.95,120.85,3.30005,3.610005
46004262,1.00005,NaN,NaN,NaN,4.32,5.26,516.85,0,19.65,96.95,1151.4,60.20005,5.240005
46004308,35.00005,NaN,NaN,NaN,3.365,4.37,479.45,0,10.5,101.55,764.45,89.30005,2.130005
46022826,10.00005,18.00005,30.00005,52.00005,4.55,4.87,27.95,0,2.95,31.5,88.7,6.00005,3.260005
46023042,8.00003333333333,59.0000333333333,38.0000333333333,3.00003333333333,7.15333333333333,7.57666666666667,36,65.6666666666667,3.36666666666667,22.0000333333333,1207.83333333333,50.6000666666667,1.76900333333333
46023334,9.00005,16.00005,27.00005,57.00005,7.255,7.61,10.2,15,1.2,13.45,151.75,12.10005,1.687005
46024518,2.00005,NaN,NaN,NaN,5.52,6.07,287.85,1,11.35,17.25,104.7,138.60005,1.875005
46043206,2.00005,9.00005,10.00005,80.00005,4.66,5.335,20.2,0,1.8,38.6,82.2,7.40005,0.597005
46063090,9.00005,10.00005,24.00005,66.00005,6.17,6.495,15.45,1.5,1.3,64.4,111.75,6.60005,1.902005
46081630,12,37,31,31,7.205,7.55,20.95,466,1.8,5e-05,359.15,30.90005,1.524005
46082278,3.00005,39.00005,58.00005,3.00005,7.51,8.22,9.05,536.5,0.95,9.7,170.1,23.90005,1.859005
46083280,5.00005,4.00005,13.00005,83.00005,6.97,7.28,6.7,5,0.85,32.9,72.2,4.50005,1.510005
46103302,8.00005,48.00005,43.00005,10.00005,6.925,7.215,23.05,3.5,2.5,138.6,285.9,32.80005,2.860005
46104440,13.00005,4.00005,31.00005,64.00005,3.7,4.315,23.25,0,1,14,54.7,4.50005,1.499005
46141618,34.0000333333333,47.0000333333333,32.0000333333333,21.0000333333333,7.22333333333333,7.55,22.5333333333333,527.333333333333,2.13333333333333,25.6666666666667,693.866666666667,27.0000666666667,2.11550333333333
46183318,3.00003333333333,6.00003333333333,32.0000333333333,62.0000333333333,4.59333333333333,5.10333333333333,6.46666666666667,3.33333333333333e-05,0.833333333333333,28.9333333333333,89.3666666666667,4.20006666666667,1.01050333333333
46243954,14,7,16,77,4.2,4.81,37.9,1,2.55,13.7,74.6,6.60005,0.586005
46263028,9.00003333333333,18.0000333333333,23.0000333333333,59.0000333333333,5.25666666666667,5.94333333333333,10.1666666666667,3.33333333333333e-05,1.1,15.7666666666667,117.1,11.2000666666667,0.634503333333333
46263100,20.00005,13.00005,45.00005,43.00005,3.395,3.805,59.55,0,3.15,41.25,71,11.70005,0.610005
46283042,19.0000333333333,20.0000333333333,44.0000333333333,37.0000333333333,7.29333333333333,7.8,10.4,98.6666666666667,1.36666666666667,33.0666666666667,169.066666666667,13.5000666666667,1.82100333333333
46302134,28.0000333333333,26.0000333333333,57.0000333333333,17.0000333333333,7.38666666666667,7.83666666666667,26.7666666666667,40.6666666666667,2.7,27.8333333333333,618.066666666667,43.2000666666667,1.79900333333333
46302138,66.00005,27.00005,44.00005,29.00005,7.46,7.945,28.55,311,2.9,25.55,390,36.40005,2.160005
46324080,5.00005,5.00005,22.00005,73.00005,3.03,3.855,70.4,0,2.25,21.2,60.5,6.10005,1.215005
46342602,25.00005,16.00005,46.00005,38.00005,6.8,7.07,104.5,134,3.45,12.7,70.2,33.70005,1.883005
46342786,13.0000333333333,19.0000333333333,67.0000333333333,13.0000333333333,5.97666666666667,6.51,11.7666666666667,3.33333333333333e-05,1.5,53.9666666666667,162.366666666667,12.7000666666667,1.69950333333333
46342980,20.0000333333333,16.0000333333333,63.0000333333333,21.0000333333333,5.20333333333333,5.73,14.7666666666667,3.33333333333333e-05,1.93333333333333,23.7666666666667,167.466666666667,7.30006666666667,0.813003333333334
46362822,13.00005,NaN,NaN,NaN,3.11,4.18,329.75,0,15.5,119.1,424.25,30.90005,5.990005
46363218,8.00005,3.00005,8.00005,89.00005,3.275,3.97,33.65,0,1.3,30.85,45.05,4.40005,0.547005
46364146,16,6,43,51,3.47,4.235,42.95,5e-05,1.55,5e-05,57.1,5.10005,0.784005
46383304,1,7,13,80,6.805,7.38,8.05,10,0.9,47.05,88.4,6.10005,1.176005
46384456,26,7,43,50,4.085,4.9,26.6,5e-05,1.4,24.70005,32.95,8.30005,1.025005
46403170,8.00005,19.00005,58.00005,23.00005,3.65,4.255,104.2,0,6,22.15,99.45,12.50005,3.420005
46422942,23.0000333333333,12.0000333333333,27.0000333333333,62.0000333333333,5.08333333333333,5.71333333333333,18.9333333333333,3.33333333333333e-05,2.06666666666667,58.0333333333333,225.7,8.80006666666667,0.564503333333333
46423126,5.00005,11.00005,78.00005,11.00005,5.975,6.34,12.1,0,1.4,49.05,299.15,9.10005,2.410005
46462874,6.00003333333333,27.0000333333333,33.0000333333333,40.0000333333333,4.95333333333333,5.64333333333333,18.3333333333333,3.33333333333333e-05,1.83333333333333,34.7333333333333,275.3,9.10006666666666,0.609503333333333
46464140,3.00005,NaN,NaN,NaN,3.36,4.435,231.7,5e-05,8.2,22.4,213.25,17.60005,2.850005
46464166,22,29,53,19,5.3,5.895,44.95,5e-05,3.35,28.05,171.1,15.00005,2.045005
46482146,11.00005,35.00005,46.00005,19.00005,7.225,7.575,30.95,340.5,3.05,76.75,782.1,25.30005,2.700005
46482830,10,17,31,52,5.08,5.57,30.45,5e-05,3.15,14.95,91.8,12.00005,0.931005
46483136,17.00005,7.00005,25.00005,68.00005,5.91,6.165,12.65,0,1.4,56.65,120.4,6.30005,1.481005
46542162,5.00005,24.00005,58.00005,19.00005,7.55,8.08,10.95,273,1,14.45,174.8,14.20005,1.575005
46542954,32.0000333333333,15.0000333333333,30.0000333333333,55.0000333333333,5.12,5.62333333333333,23.3333333333333,0,2.4,50.9,319.5,9.40003333333333,0.786006666666667
46544280,65.00005,NaN,NaN,NaN,2.635,3.68,414.85,0,9.95,72.1,338.70005,28.40005,1.635005
46602150,38.00005,26.00005,37.00005,37.00005,7.32,7.605,34.35,339,2.75,35.35,473.6,22.40005,2.340005
46602964,15.0000333333333,15.0000333333333,34.0000333333333,51.0000333333333,4.77666666666667,5.26333333333333,16.2666666666667,3.33333333333333e-05,1.83333333333333,60.3666666666667,243.766666666667,5.60006666666667,1.72750333333333
46623352,7.00003333333333,9.00003333333333,27.0000333333333,65.0000333333333,6.73333333333333,7.19666666666667,10.2,1.33333333333333,1.3,58.7666666666667,187,8.50006666666667,2.12950333333333
46623370,4,5,22,73,4.59,5.07,8.35,5e-05,0.95,51.85,127.2,5e-05,1.818005
46624486,32.00005,8.00005,32.00005,60.00005,4.565,5.305,17,0,1,58.75,87.65,5.10005,0.905005
46642586,23.00005,39.00005,52.00005,9.00005,5.755,5.895,61.45,2,6.75,22.6,79.8,30.30005,2.010005
46643144,11.00005,8.00005,10.00005,82.00005,4.9,5.305,16.75,0,1.7,26.95,165.3,5.60005,3.350005
46643306,11.0000333333333,5.00003333333333,11.0000333333333,84.0000333333333,4.29666666666667,4.89333333333333,6.5,3.33333333333333e-05,0.7,59.6333333333333,44.1,6.66666666666667e-05,0.434503333333333
46662794,14.0000333333333,43.0000333333333,52.0000333333333,4.00003333333333,4.07333333333333,4.61333333333333,41.3666666666667,3.33333333333333e-05,3.73333333333333,21.8,342.466666666667,20.6000666666667,1.25350333333333
46682946,22.0000333333333,10.0000333333333,29.0000333333333,60.0000333333333,5.01,5.37,16.7333333333333,3.33333333333333e-05,1.9,62.0333333333333,300.133333333333,6.80006666666667,1.84150333333333
46682996,12.0000333333333,16.0000333333333,59.0000333333333,25.0000333333333,4.42333333333333,4.84333333333333,12.0333333333333,3.33333333333333e-05,1.5,28.8333333333333,120.2,6.40006666666667,1.86850333333333
46684044,11.0000333333333,27.0000333333333,37.0000333333333,35.0000333333333,5.52666666666667,6,20.3666666666667,3.33333333333333e-05,2.06666666666667,24.1333333333333,131.133333333333,10.0000666666667,1.39950333333333
46684570,3.00005,NaN,NaN,NaN,3.785,4.525,467.45,0,18.55,37.95,465.25,41.60005,2.280005
46704024,8.00003333333333,27.0000333333333,30.0000333333333,43.0000333333333,5.82333333333333,6.25666666666667,17.1333333333333,3.33333333333333e-05,1.8,17.5,89.4666666666667,12.7000666666667,1.32100333333333
46704114,14.00005,9.00005,39.00005,52.00005,3.93,4.615,53.2,0,2.05,25.75,68.5,9.80005,0.712005
46722792,16.0000333333333,35.0000333333333,59.0000333333333,6.00003333333333,5.12,5.51,21.9333333333333,3.33333333333333e-05,2.53333333333333,21.5333333333333,165.6,19.8000666666667,2.50500333333333
46722822,44.00005,13.00005,25.00005,62.00005,5.21,5.425,55.4,0,4.85,32.6,76.35,13.50005,6.140005
46742110,56.00005,55.00005,22.00005,23.00005,7.095,7.365,73,79.5,6.45,23.1,581.8,62.40005,3.050005
46742962,12.0000333333333,15.0000333333333,33.0000333333333,53.0000333333333,5.6,6.02,14.3,3.33333333333333e-05,1.8,25.3,193.866666666667,9.00006666666667,1.89300333333333
46743172,12.0000333333333,4.00003333333333,23.0000333333333,73.0000333333333,3.67,4.3,11.2333333333333,3.33333333333333e-05,0.633333333333333,3.33333333333333e-05,22,5.40006666666667,0.395503333333333
46743340,13.0000333333333,17.0000333333333,44.0000333333333,39.0000333333333,6.32666666666667,6.53,14.2333333333333,3.33333333333333e-05,1.7,33.2333333333333,170.733333333333,9.80006666666667,2.45850333333333
46782910,15.0000333333333,11.0000333333333,21.0000333333333,67.0000333333333,5.70666666666667,6.13,11.7666666666667,3.33333333333333e-05,1.4,32.5333333333333,80.6333333333333,7.50006666666667,0.787503333333333
46802080,41.00005,40.00005,38.00005,22.00005,7.115,7.24,67.1,440,5.6,22.5,494.05,35.40005,2.680005
46802974,11.0000333333333,26.0000333333333,55.0000333333333,19.0000333333333,5.78333333333333,6.34333333333333,12.7333333333333,3.33333333333333e-05,1.4,34.2,151.366666666667,15.9000666666667,0.814003333333333
46823014,7.00003333333333,13.0000333333333,8.00003333333333,79.0000333333333,5.01333333333333,5.66333333333333,10.3,3.33333333333333e-05,1.13333333333333,40.5333333333333,130.733333333333,8.50006666666667,0.797003333333333
46842682,2.00005,9.00005,38.00005,53.00005,5.22,5.52,19.15,0,2,28.55,86.6,11.00005,2.980005
46884096,4.00003333333333,24.0000333333333,30.0000333333333,47.0000333333333,5.29666666666667,5.82333333333333,18.4,3.33333333333333e-05,1.7,22.5333333333333,107.066666666667,9.90006666666667,3.24700333333333
46903074,38.0000333333333,18.0000333333333,60.0000333333333,22.0000333333333,5.17333333333333,5.67333333333333,34.1666666666667,3.33333333333333e-05,3.4,30.5,77.6666666666667,8.60006666666666,0.844003333333333
46903344,8.00003333333333,4.00003333333333,9.00003333333333,86.0000333333333,3.78666666666667,4.06666666666667,7.03333333333333,3.33333333333333e-05,0.833333333333333,112.9,25.3,6.66666666666667e-05,1.12550333333333
46923016,18.0000333333333,6.00003333333333,11.0000333333333,83.0000333333333,5.55,6.19666666666667,11.3,3.33333333333333e-05,1.23333333333333,71.9,153.833333333333,5.70006666666667,0.662503333333333
46941996,7.00005,18.00005,44.00005,38.00005,6.08,6.635,16.85,1,1.9,84.55,1398.2,15.60005,3.240005
46963720,8.00003333333333,40.0000333333333,40.0000333333333,19.0000333333333,5.83,6.31,31.3666666666667,3.33333333333333e-05,3.3,17.9666666666667,84.2666666666667,29.5000666666667,1.18950333333333
47002024,5.00005,18.00005,48.00005,34.00005,5.38,5.85,18.2,0,1.75,68.2,554,11.90005,1.872005
47004428,5.00005,6.00005,24.00005,70.00005,3.045,3.89,118.3,0,4.25,70.15,238.4,11.10005,1.591005
47063052,6.00003333333333,18.0000333333333,79.0000333333333,3.00003333333333,5.97,6.38,17.9,3.33333333333333e-05,2.03333333333333,39,302.033333333333,8.80006666666667,1.24850333333333
47063340,4.00005,4.00005,27.00005,69.00005,4.505,4.915,7.4,0,1,44,87.25,5e-05,1.498005
47063880,13.00005,42.00005,30.00005,28.00005,3.86,4.545,64.4,0,3.8,58.75,135.75,15.00005,0.727005
47083012,18.0000333333333,11.0000333333333,15.0000333333333,74.0000333333333,6.96666666666667,7.39333333333333,24,26.6666666666667,2.13333333333333,49.2,82.5666666666667,14.3000666666667,1.29800333333333
47083830,10.0000666666667,NaN,NaN,NaN,3.29333333333333,4,462.466666666667,3.33333333333333e-05,16.9333333333333,70.9333333333333,342.8,33.8000666666667,2.37000333333333
47121622,5.00005,32.00005,36.00005,32.00005,7.525,7.935,11.6,72,1.35,28.2,486.85,23.80005,2.510005
47141578,8.00005,28.00005,49.00005,22.00005,7.49,7.965,11.1,222,1.1,17.25,642.3,14.60005,4.390005
47143018,6.00003333333333,21.0000333333333,43.0000333333333,36.0000333333333,6.93666666666667,7.30666666666667,14.6333333333333,3,1.66666666666667,35.4666666666667,169.2,14.3000666666667,1.35950333333333
47162116,3.00005,48.00005,48.00005,4.00005,7.47,8.05,17.6,171,1.95,25.6,693.15,31.70005,1.775005
47162890,9.00003333333333,37.0000333333333,44.0000333333333,19.0000333333333,5.19666666666667,5.77666666666667,27.7333333333333,3.33333333333333e-05,2.73333333333333,14.8333333333333,155.233333333333,16.1000666666667,0.777503333333333
47181584,28.0000333333333,42.0000333333333,40.0000333333333,18.0000333333333,7.36,7.61666666666667,27.1333333333333,334.333333333333,2.63333333333333,10.9000333333333,849.233333333333,31.8000666666667,2.71650333333333
47182790,7.00005,18.00005,60.00005,21.00005,5.225,5.81,11.85,0,1.6,21.35,140.85,12.10005,2.140005
47182862,7.00003333333333,21.0000333333333,54.0000333333333,25.0000333333333,4.49666666666667,5.02666666666667,19.2,3.33333333333333e-05,2.06666666666667,19.6666666666667,99.1666666666667,9.80006666666667,1.36200333333333
47222932,14.0000333333333,15.0000333333333,32.0000333333333,53.0000333333333,5.76666666666667,6.22,19.5666666666667,3.33333333333333e-05,2.1,30.7666666666667,230.7,11.8000666666667,1.44350333333333
47223018,6.00003333333333,7.00003333333333,31.0000333333333,63.0000333333333,4.54333333333333,5.13,15.7333333333333,3.33333333333333e-05,1.53333333333333,18.5000333333333,94.6,4.00006666666667,0.518003333333333
47282974,20.0000333333333,19.0000333333333,38.0000333333333,43.0000333333333,5.70333333333333,6.05333333333333,19.9333333333333,3.33333333333333e-05,2.13333333333333,19.6333333333333,157.366666666667,10.1000666666667,0.782503333333333
47302554,32.0000333333333,28.0000333333333,64.0000333333333,7.00003333333333,4.06,4.66333333333333,20.45,1.00003333333333,1.48333333333333,3.33333333333333e-05,96.5833333333333,11.2000666666667,0.617753333333333
47302662,7.00005,20.00005,49.00005,31.00005,5.62,6,17.5,0,1.8,43.3,116.4,12.70005,2.500005
47321560,16.00005,26.00005,24.00005,50.00005,7.49,8.03,14.55,174,1.5,24.5,451.15,20.60005,3.390005
47323072,17.0000333333333,19.0000333333333,40.0000333333333,41.0000333333333,4.97,5.48333333333333,18.4666666666667,3.33333333333333e-05,2.13333333333333,32.1333333333333,111.566666666667,8.90006666666667,0.607003333333333
47324134,5.00003333333333,7.00003333333333,42.0000333333333,51.0000333333333,4.30333333333333,5.00666666666667,52.5,3.33333333333333e-05,3.06666666666667,18.4,67.0666666666667,7.00006666666667,0.865503333333333
47342890,8,29,49,22,6.73,7.23,12.2,1.00005,1.35,29.95,193.65,19.20005,0.734005
47362816,10.00005,27.00005,42.00005,31.00005,6.415,6.92,18.8,0,1.85,57.65,270.95,18.50005,1.452005
47382884,10.0000333333333,32.0000333333333,60.0000333333333,8.00003333333333,5.39333333333333,6.08666666666667,12.9333333333333,3.33333333333333e-05,1.5,43.2333333333333,172.566666666667,16.1000666666667,0.683503333333333
47401614,3.00003333333333,56.0000333333333,36.0000333333333,7.00003333333333,7.61666666666667,7.78666666666667,12.3,102,1.46666666666667,3.33333333333333e-05,335.8,26.2000666666667,20.1215033333333
47402604,18.0000333333333,13.0000333333333,41.0000333333333,46.0000333333333,6.87333333333333,7.2,41.1,30.6666666666667,2.8,17.3666666666667,58.8333333333333,24.4000666666667,2.19500333333333
47403238,5.00003333333333,4.00003333333333,13.0000333333333,83.0000333333333,6.15,6.12666666666667,18.4666666666667,2,1.9,125.5,355.133333333333,7.70006666666667,4.26000333333333
47404134,4.00003333333333,5.00003333333333,7.00003333333333,89.0000333333333,4.58333333333333,5.14666666666667,20.3,3.33333333333333e-05,1.56666666666667,51.0666666666667,103.666666666667,5.90006666666667,0.831503333333333
47441968,8.00005,30.00005,36.00005,34.00005,7.425,7.73,17.75,111.5,1.85,16.3,367,24.50005,3.220005
47442674,16,18,56,26,6.15,6.725,22,1.00005,2.55,34.65,215.5,21.40005,2.558005
47443056,4.00003333333333,17.0000333333333,69.0000333333333,15.0000333333333,5.04333333333333,5.57,22.6,3.33333333333333e-05,2.4,12.0666666666667,67.4,8.40006666666667,0.935003333333333
47443426,6.00003333333333,12.0000333333333,28.0000333333333,60.0000333333333,5.25333333333333,5.78333333333333,9.26666666666667,3.33333333333333e-05,1.06666666666667,21.3666666666667,91.8,4.80006666666667,0.790503333333333
47443998,8,17,65,18,4.32,4.995,31.85,5e-05,2.2,28.4,108.9,5.30005,0.863005
47463424,2,11,35,53,5.45,5.97,10.975,5e-05,1.125,25.4,82.15,9.00005,0.920505
47502078,9.00005,31.00005,56.00005,13.00005,6.7,7.38,15.6,0,1.45,44.1,1122.45,28.70005,2.140005
47504724,1.00005,NaN,NaN,NaN,4.16,4.9,499.75,0,21.25,18.1,280.65,27.30005,2.330005
47522872,18.0000333333333,21.0000333333333,65.0000333333333,14.0000333333333,5.8,6.35333333333333,11.7666666666667,3.33333333333333e-05,1.4,33.3333333333333,184.966666666667,9.00006666666667,1.23100333333333
47542840,7.00005,20.00005,68.00005,12.00005,7.515,7.935,16.15,157,1.3,16,159.15,16.00005,2.940005
47564180,11.0000333333333,5.00003333333333,33.0000333333333,62.0000333333333,5.64,6.06666666666667,23.1666666666667,3.33333333333333e-05,2.33333333333333,13.7333333333333,31.5333333333333,9.80006666666667,0.747003333333333
47583130,2.00005,19.00005,76.00005,5.00005,6.06,6.49,10.8,1,1.25,27.55,135.6,11.30005,2.310005
47601610,11.00005,27.00005,42.00005,30.00005,7.425,7.93,14.3,99.5,1.75,25.05,621.85,18.70005,3.010005
47603286,4.00003333333333,15.0000333333333,23.0000333333333,62.0000333333333,7.3,7.64,19.1,35.6666666666667,2.23333333333333,25.8333333333333,172.366666666667,19.3000666666667,2.90750333333333
47621536,18.00005,37.00005,43.00005,20.00005,7.36,7.775,20.7,537.5,1.8,12.8,214.8,29.00005,1.759005
47623498,9.00005,7.00005,18.00005,75.00005,5.505,5.855,15.1,0,1.4,41.5,138.05,4.80005,2.380005
47661960,37.00005,37.00005,43.00005,20.00005,7.27,7.625,25.85,263,2.75,25.15,358.75,27.50005,2.400005
47662860,11.0000333333333,30.0000333333333,43.0000333333333,27.0000333333333,7.42666666666667,8.06,17.2666666666667,11.3333333333333,1.63333333333333,24.3666666666667,368.433333333333,22.5000666666667,1.38800333333333
47663472,5.00005,7.00005,24.00005,69.00005,4.715,5.23,17.35,0,1.7,72.25,87,4.00005,1.837005
47701570,7.00005,21.00005,44.00005,35.00005,7.455,7.71,51.4,359.5,5.6,12.15,181.25,34.50005,2.910005
47722070,15.00005,25.00005,50.00005,25.00005,7.41,8.035,16.8,118.5,1.75,21.4,927.15,29.00005,2.380005
47722816,2.00003333333333,31.0000333333333,50.0000333333333,19.0000333333333,7.31,7.84333333333333,15.7333333333333,85,1.7,31.9500333333333,200.633333333333,27.6000666666667,2.17150333333333
47722988,26.0000333333333,29.0000333333333,34.0000333333333,37.0000333333333,6.91666666666667,7.25333333333333,20.2333333333333,8,2.33333333333333,49.4333333333333,154.566666666667,18.4000666666667,1.99850333333333
47742848,9.00003333333333,30.0000333333333,45.0000333333333,24.0000333333333,7.17666666666667,7.60666666666667,21.9,120.333333333333,1.8,14.0500333333333,284.966666666667,22.2000666666667,1.69450333333333
47743100,25.0000333333333,17.0000333333333,69.0000333333333,14.0000333333333,6.47,6.86,11.3666666666667,3.33333333333333e-05,1.36666666666667,62.2666666666667,193.366666666667,9.70006666666667,2.00050333333333
47763076,15.0000333333333,20.0000333333333,65.0000333333333,15.0000333333333,4.79666666666667,5.32666666666667,35.7333333333333,3.33333333333333e-05,3.2,12.8666666666667,143.4,12.7000666666667,1.62200333333333
47763256,9,5,19,77,4.85,5.285,6.65,1.00005,0.9,36.4,168.4,2.80005,1.465005
47763266,7,11,17,72,7.22,7.62,5.5,25.5,0.75,34,174.15,7.30005,1.722005
47763490,3.00005,7.00005,17.00005,76.00005,5.19,5.69,8.75,0,1,22.4,60.05,3.50005,1.438005
47763522,4.00005,6.00005,15.00005,79.00005,5.24,5.595,11.35,0,1.2,49.15,108.7,7.00005,1.512005
47781972,40.00005,39.00005,43.00005,19.00005,7.08,7.415,37.7,65,3.9,36.95,523.4,55.90005,6.720005
47802948,12.0000333333333,17.0000333333333,50.0000333333333,33.0000333333333,6.66666666666667,7.01,19.4333333333333,1,2.16666666666667,67.8,426.433333333333,14.8000666666667,1.02000333333333
47803020,47.0000333333333,29.0000333333333,58.0000333333333,13.0000333333333,5.75,6.12,21.4,3.33333333333333e-05,2.43333333333333,47.7666666666667,127.433333333333,14.7000666666667,0.839003333333333
47803300,1,8,17,75,6.54,7.07,8.6,2,0.9,57.1,263.9,4.2,NaN
47842050,5.00003333333333,33.0000333333333,40.0000333333333,26.0000333333333,7.04333333333333,7.51333333333333,17.4666666666667,1,1.86666666666667,14.5333333333333,1709.8,26.8000666666667,1.37900333333333
47842688,10.0000333333333,34.0000333333333,50.0000333333333,16.0000333333333,4.89333333333333,5.33666666666667,24.4666666666667,3.33333333333333e-05,2.8,20.9666666666667,82.6,16.1000666666667,2.29450333333333
47862672,11.00005,20.00005,48.00005,33.00005,6.56,6.925,4.35,0,0.55,18.2,92.8,16.20005,0.872005
47862838,7.00003333333333,42.0000333333333,54.0000333333333,4.00003333333333,7.34333333333333,7.87666666666667,12.3666666666667,32.6666666666667,1.7,3.33333333333333e-05,320.9,25.5000666666667,2.44650333333333
47883118,10.0000333333333,14.0000333333333,65.0000333333333,21.0000333333333,6.67333333333333,7.11666666666667,11.8333333333333,1.33333333333333,1.33333333333333,63.5333333333333,230.3,10.6000666666667,1.88250333333333
47903014,8.00003333333333,20.0000333333333,45.0000333333333,35.0000333333333,5.21666666666667,5.74666666666667,15.5666666666667,3.33333333333333e-05,1.73333333333333,46.0333333333333,101.466666666667,12.3000666666667,0.559503333333333
47904130,9.00003333333333,5.00003333333333,26.0000333333333,69.0000333333333,3.97,4.60333333333333,48.3333333333333,3.33333333333333e-05,2.63333333333333,14.6333333333333,64.7,13.1000666666667,0.787503333333333
47922650,21.0000333333333,16.0000333333333,29.0000333333333,55.0000333333333,3.83666666666667,4.4,17.9,3.33333333333333e-05,1.3,12.7500333333333,65.6333333333333,12.3000666666667,0.690003333333333
47942784,17.0000333333333,41.0000333333333,45.0000333333333,14.0000333333333,7.47333333333333,8.01666666666667,35.5333333333333,246.666666666667,2.26666666666667,25.7500333333333,603.033333333333,25.3000666666667,1.96650333333333
47942860,10.0000333333333,28.0000333333333,44.0000333333333,27.0000333333333,7.14333333333333,7.54,16.0333333333333,2,1.83333333333333,13.3666666666667,240.333333333333,20.7000666666667,1.84350333333333
47942906,4.00003333333333,22.0000333333333,69.0000333333333,9.00003333333333,7.36,8.05,12.0666666666667,136.333333333333,1.33333333333333,9.25003333333333,116.033333333333,18.1000666666667,1.80900333333333
47943518,4.00005,6.00005,12.00005,82.00005,3.63,4.21,17.05,1,1.2,148.45,46.35,4.40005,0.683005
47982822,2.00003333333333,18.0000333333333,37.0000333333333,45.0000333333333,6.83666666666667,7.27333333333333,14.4,1,1.53333333333333,31.4333333333333,207.3,14.5000666666667,1.37450333333333
47983098,1.00005,18.00005,66.00005,15.00005,7.105,7.415,65.6,109,6.65,16.75,58.5,50.30005,4.210005
47983134,8.00005,9.00005,41.00005,50.00005,5.655,5.995,12.2,1,1.3,71.1,137.95,6.10005,2.150005
48002764,18.00005,25.00005,58.00005,16.00005,7.325,7.835,20.85,176,2,25.1,269.55,19.50005,3.170005
48002776,24.00005,29.00005,56.00005,15.00005,7.36,7.855,29.3,239,2.45,24.5,341.55,24.70005,1.899005
48002880,5.00003333333333,16.0000333333333,25.0000333333333,59.0000333333333,5.54666666666667,6.00333333333333,16.4333333333333,1.00003333333333,1.56666666666667,17.1333333333333,280.866666666667,11.6000666666667,1.05150333333333
48022972,23.0000333333333,12.0000333333333,42.0000333333333,46.0000333333333,5.48,5.95666666666667,11.0333333333333,3.33333333333333e-05,1.36666666666667,41.2333333333333,113.233333333333,8.10006666666666,1.19300333333333
48023094,17.0000333333333,9.00003333333333,70.0000333333333,20.0000333333333,6.57,6.98666666666667,12.3333333333333,2.00003333333333,1.4,59.1333333333333,294.1,9.20006666666667,1.78300333333333
48024570,7.00003333333333,3.00003333333333,9.00003333333333,88.0000333333333,3.62,4.36666666666667,15.4333333333333,3.33333333333333e-05,0.6,12.6,34.9333333333333,4.40006666666667,0.314503333333333
48062062,13.0000333333333,43.0000333333333,43.0000333333333,14.0000333333333,7.49333333333333,8.17333333333333,11.9666666666667,144.333333333333,1.36666666666667,20.5000333333333,1232.83333333333,30.5000666666667,2.81100333333333
48082820,1.00005,9.00005,22.00005,69.00005,7.4,8.015,10.7,53,1.05,17.9,119.85,10.50005,1.309005
48082970,9.00003333333333,21.0000333333333,73.0000333333333,6.00003333333333,5.44,5.95,11.5333333333333,3.33333333333333e-05,1.5,29.5666666666667,127.433333333333,11.1000666666667,1.42200333333333
48122780,7.00003333333333,23.0000333333333,33.0000333333333,44.0000333333333,7.37333333333333,7.90333333333333,26.6666666666667,121,2.13333333333333,16.6,270.866666666667,23.6000666666667,1.48350333333333
48122798,18.0000333333333,22.0000333333333,59.0000333333333,19.0000333333333,7.4,7.93666666666667,19.2666666666667,93.6666666666667,1.73333333333333,29.0333333333333,323.533333333333,20.3000666666667,2.44600333333333
48163210,2.00005,12.00005,24.00005,63.00005,6.87,7.225,12.3,3.5,1.45,107.85,426.9,6.90005,2.220005
48182008,14.00005,32.00005,35.00005,33.00005,6.2,6.775,10.55,0,1.05,10.6,487.75,18.10005,0.734005
48182052,8.00003333333333,35.0000333333333,43.0000333333333,22.0000333333333,7.61666666666667,8.21,12.1,184.333333333333,1.1,13.6333333333333,2169.73333333333,24.5000666666667,2.47200333333333
48183424,3.00005,12.00005,22.00005,66.00005,4.645,5.205,7.35,1,0.85,34.95,105.45,4.60005,1.107005
48202842,4.00003333333333,21.0000333333333,72.0000333333333,8.00003333333333,7.46,8.12,14.1,117.666666666667,1.2,10.5500333333333,129.7,15.8000666666667,1.98550333333333
48203004,5.00003333333333,13.0000333333333,63.0000333333333,23.0000333333333,6.67333333333333,7.03666666666667,15.1333333333333,3.33333333333333e-05,1.83333333333333,41.5666666666667,128.233333333333,12.7000666666667,1.00200333333333
48222726,9.00003333333333,28.0000333333333,54.0000333333333,18.0000333333333,7.47333333333333,7.99,9.96666666666667,26,1.26666666666667,18.5666666666667,174.033333333333,20.0000666666667,2.45550333333333
48222924,21.0000333333333,31.0000333333333,59.0000333333333,10.0000333333333,7.35,7.91666666666667,13.1,57.6666666666667,1.43333333333333,14.7333333333333,208.6,20.2000666666667,1.84700333333333
48223068,11.0000333333333,18.0000333333333,45.0000333333333,36.0000333333333,5.94333333333333,6.42666666666667,11.4,1.00003333333333,1.3,49.7,201.433333333333,4.30006666666667,1.15050333333333
48243208,6.00003333333333,12.0000333333333,20.0000333333333,68.0000333333333,5.64666666666667,6.16666666666667,10.1,1.00003333333333,1.23333333333333,58.9666666666667,172.066666666667,6.30006666666667,1.11850333333333
48243874,9.00005,13.00005,23.00005,64.00005,6.135,6.455,16.75,0,1.85,72.45,273.45,11.20005,2.950005
48262816,7.00003333333333,14.0000333333333,41.0000333333333,45.0000333333333,7.44666666666667,8.12333333333333,15.3,59,1.43333333333333,16.8333333333333,147.366666666667,13.9000666666667,1.43550333333333
48263072,5.00003333333333,16.0000333333333,80.0000333333333,4.00003333333333,5.16666666666667,5.62,15.5,3.33333333333333e-05,1.7,22.6,121.866666666667,5.70006666666667,1.18250333333333
48263284,7.00003333333333,4.00003333333333,8.00003333333333,88.0000333333333,4.27666666666667,4.62666666666667,11.0666666666667,3.33333333333333e-05,1.13333333333333,60.5,51.0666666666667,3.60006666666667,1.14500333333333
48302874,6.00003333333333,26.0000333333333,29.0000333333333,45.0000333333333,7.61666666666667,8.20333333333333,14.4,43,1.56666666666667,28.6000333333333,210.6,22.4000666666667,1.87150333333333
48323088,10.00005,12.00005,55.00005,33.00005,4.73,5.24,8.6,0,0.95,26.65,105.95,6.00005,0.945005
48341680,51.00005,5.00005,34.00005,61.00005,5.09,5.455,16.05,0,1.65,18.7,91.9,5.40005,3.800005
48342036,17.0000333333333,16.0000333333333,35.0000333333333,49.0000333333333,7.50666666666667,8.19333333333334,19.6333333333333,262.333333333333,1.73333333333333,11.7500333333333,546.9,18.0000666666667,1.79200333333333
48342670,5.00003333333333,21.0000333333333,71.0000333333333,8.00003333333333,6.24666666666667,6.50333333333333,10.0333333333333,3.33333333333333e-05,1.2,44.9,159.9,8.60006666666666,1.00250333333333
48342706,5,23,57,20,5.105,5.605,14.35,5e-05,1.55,24.55,251.6,11.80005,0.639005
48342720,11.00005,35.00005,55.00005,10.00005,6.535,6.785,14.9,0,1.85,20.1,211.85,20.80005,1.368005
48342774,10.0000333333333,25.0000333333333,34.0000333333333,41.0000333333333,7.29666666666667,7.88,32.0666666666667,84,3.06666666666667,46.4,339.933333333333,25.8000666666667,2.08250333333333
48383062,6.00003333333333,18.0000333333333,62.0000333333333,21.0000333333333,6.4,6.82,13.9333333333333,2.00003333333333,1.43333333333333,54.7333333333333,84.0666666666667,14.7000666666667,1.06400333333333
48402618,7.00003333333333,21.0000333333333,65.0000333333333,14.0000333333333,4.57666666666667,4.98666666666667,10.5666666666667,3.33333333333333e-05,1.33333333333333,12.4,90.0666666666667,7.70006666666667,1.11450333333333
48402676,1.00003333333333,14.0000333333333,36.0000333333333,50.0000333333333,5.02666666666667,5.53,11.2,3.33333333333333e-05,1.3,18.6,89.0666666666667,6.20006666666667,0.859503333333333
48404670,2.00005,8.00005,65.00005,26.00005,5.01,5.35,21.95,0,1.9,35.4,61.7,6.70005,2.330005
48421994,14.0000333333333,32.0000333333333,44.0000333333333,23.0000333333333,7.45333333333333,8.06333333333333,16.5,261,1.7,16.3666666666667,771.133333333333,19.9000666666667,2.11450333333333
48422650,3.00005,16.00005,72.00005,12.00005,5,5.48,8.75,0,1.05,24.6,107.95,5.00005,0.678005
48422818,3.00003333333333,16.0000333333333,24.0000333333333,60.0000333333333,7.19,7.71,22.8333333333333,121.666666666667,2.53333333333333,11.8000333333333,240.033333333333,17.4000666666667,2.44500333333333
48423862,7,31,39,29,7.2,7.675,46.65,610,4.15,5e-05,27.75,16.70005,1.857005
48442820,8.00003333333333,12.0000333333333,46.0000333333333,42.0000333333333,4.39333333333333,4.85333333333333,24.3333333333333,1,2.26666666666667,18.2666666666667,98.3666666666667,6.40006666666667,1.43650333333333
48443522,5,6,21,73,4.67,5.11,10.35,5e-05,1,47.45,110.05,3.30005,1.246005
48461858,23.00005,25.00005,51.00005,24.00005,7.325,7.785,46.15,75.5,3.2,14.5,245.85,24.60005,2.080005
48462776,9.00003333333333,23.0000333333333,55.0000333333333,22.0000333333333,7.45,8.15666666666667,20.1,122.333333333333,1.9,22.5333333333333,237.8,19.6000666666667,2.44800333333333
48482726,32,46,41,12,6.245,6.63,44.45,2.00005,3.6,27.45,247.15,36.80005,1.494005
48482928,7.00005,20.00005,73.00005,8.00005,5.185,5.615,12.35,0,1.45,28.8,189.05,10.60005,1.015005
48483112,5.00003333333333,8.00003333333333,22.0000333333333,71.0000333333333,6.14333333333333,6.47333333333333,8.83333333333333,3.33333333333333e-05,0.966666666666667,47.9333333333333,111.633333333333,7.40006666666667,0.859503333333333
48522868,3.00005,28.00005,58.00005,13.00005,6.85,7.305,11.8,3.5,1.55,18,198.9,17.80005,1.986005
48523146,3.00005,11.00005,59.00005,30.00005,6.615,6.995,11.3,1,1.3,66.3,268.85,8.00005,1.803005
48542772,10.0000333333333,23.0000333333333,64.0000333333333,13.0000333333333,7.50666666666667,7.88333333333333,26.3,16.6666666666667,2.53333333333333,38.8333333333333,301.366666666667,28.1000666666667,2.16500333333333
48543106,1.00003333333333,14.0000333333333,62.0000333333333,23.0000333333333,6.96,7.26333333333333,16.3666666666667,3.33333333333333,1.93333333333333,61.3333333333333,311.9,15.3000666666667,2.51000333333333
48543478,9.00003333333333,5.00003333333333,19.0000333333333,76.0000333333333,4.41666666666667,4.89666666666667,11.5,3.33333333333333e-05,1.2,71.6,49.3666666666667,4.80006666666667,1.20200333333333
48543496,5,9,20,71,5.27,5.9,9.35,2.00005,1,43.1,119.35,6.20005,1.308005
48563274,6.00003333333333,8.00003333333333,16.0000333333333,76.0000333333333,5.34,5.85666666666667,8.03333333333333,3.33333333333333e-05,1,53.8,116.8,6.20006666666667,0.602503333333333
48564772,5e-05,NaN,NaN,NaN,3.185,3.79,521.6,5e-05,21.45,32.25,103.6,30.90005,3.870005
48583230,19.0000333333333,8.00003333333333,43.0000333333333,49.0000333333333,5.30333333333333,5.73,12.1333333333333,3.33333333333333e-05,1.16666666666667,42.3,161.2,6.40006666666667,1.65500333333333
48623474,10.0000333333333,7.00003333333333,17.0000333333333,76.0000333333333,4.80333333333333,5.5,10.3333333333333,3.33333333333333e-05,1.16666666666667,20.1666666666667,51.9,3.20006666666667,0.746003333333333
48662806,10.00005,23.00005,60.00005,17.00005,7.345,7.975,23.75,127.5,1.85,34.85,386.85,20.40005,1.818005
48662820,1.00005,19.00005,65.00005,16.00005,7.44,7.88,12.25,50,1.25,37.3,178.8,17.90005,2.190005
48702612,3.00005,14.00005,52.00005,34.00005,5.895,6.215,9.5,1,1.25,28.25,131.15,6.20005,3.660005
48703278,5.00003333333333,4.00003333333333,21.0000333333333,75.0000333333333,5.69666666666667,6.28333333333333,9.8,1.00003333333333,1.1,39.2666666666667,77.1666666666667,3.60006666666667,1.15150333333333
48721990,6.00003333333333,38.0000333333333,33.0000333333333,29.0000333333333,7.41666666666667,8.04,11.2666666666667,25.6666666666667,1.06666666666667,11.0000333333333,493.9,29.0000666666667,1.45200333333333
48742792,2.00003333333333,34.0000333333333,48.0000333333333,18.0000333333333,7.21666666666667,7.67,34.2333333333333,102.333333333333,3.13333333333333,79.3333333333333,329.933333333333,28.0000666666667,1.77650333333333
48743058,9.00003333333333,13.0000333333333,80.0000333333333,7.00003333333333,6.15666666666667,6.59666666666667,12.6,3.33333333333333e-05,1.46666666666667,19.6333333333333,105.6,10.1000666666667,1.13950333333333
48743296,5.00005,4.00005,16.00005,79.00005,6.115,6.515,7.7,0,0.85,21.3,68.75,4.10005,0.426005
48782830,3.00003333333333,23.0000333333333,71.0000333333333,6.00003333333333,7.43,7.94333333333333,19.2333333333333,30,1.86666666666667,10.1500333333333,181.966666666667,25.6000666666667,1.79600333333333
48802816,2.00003333333333,24.0000333333333,70.0000333333333,6.00003333333333,7.34666666666667,8.05666666666667,29.1,188,2.23333333333333,24.8,131.233333333333,28.5000666666667,2.23400333333333
48823460,16.0000333333333,6.00003333333333,20.0000333333333,73.0000333333333,5.1,5.75666666666667,9.2,3.33333333333333e-05,1.06666666666667,62.2333333333333,102.466666666667,3.00006666666667,0.604503333333333
48883152,6.00005,8.00005,52.00005,39.00005,5.55,6.12,17.1,0,1.5,69.25,390.95,8.90005,2.200005
48902674,9,41,21,38,6.865,7.235,64.2,43.5,4.4,10.90005,183.45,36.50005,2.069005
48902764,9.00003333333333,28.0000333333333,61.0000333333333,11.0000333333333,7.54333333333333,8.15333333333333,24.7666666666667,225.666666666667,1.93333333333333,11.2000333333333,148.366666666667,20.4000666666667,1.84450333333333
48902848,2.00003333333333,20.0000333333333,75.0000333333333,6.00003333333333,7.38666666666667,7.87333333333333,14.1333333333333,76,1.56666666666667,16.5333333333333,220.966666666667,17.6000666666667,2.16650333333333
48923116,6.00003333333333,7.00003333333333,24.0000333333333,69.0000333333333,5.47333333333333,5.88333333333333,12.0666666666667,3.33333333333333e-05,1.36666666666667,47.6333333333333,72.7666666666667,4.60006666666667,1.53500333333333
48963010,5.00003333333333,24.0000333333333,65.0000333333333,11.0000333333333,5.74333333333333,6.23,18.3666666666667,3.33333333333333e-05,2.13333333333333,42,111.433333333333,12.9000666666667,1.14550333333333
49023104,19.00005,6.00005,8.00005,86.00005,4.25,4.515,182.45,0,10.1,43.35,70.95,2.20005,10.010005
49023220,6.00003333333333,3.00003333333333,13.0000333333333,85.0000333333333,4.25,4.80333333333333,14.9666666666667,3.33333333333333e-05,1.5,107.2,124.5,5.80006666666667,1.44250333333333
49023428,9.00003333333333,33.0000333333333,50.0000333333333,17.0000333333333,7.16,7.37333333333333,87.4666666666667,9.33333333333333,7.76666666666667,32.7333333333333,79.0333333333333,62.6000666666667,4.24200333333333
49082776,8.00003333333333,20.0000333333333,61.0000333333333,20.0000333333333,7.54,8.14333333333333,25,133.333333333333,2.03333333333333,40.1,272.166666666667,18.6000666666667,2.16350333333333
49082812,5.00005,30.00005,63.00005,7.00005,7.3,7.81,22.55,64,2.5,170.85,674.35,25.20005,1.836005
49083010,9.00003333333333,14.0000333333333,46.0000333333333,41.0000333333333,7.08333333333333,7.48333333333333,21.8333333333333,4.66666666666667,1.9,97.5666666666667,354.433333333333,11.4000666666667,1.93300333333333
49083106,8.00005,4.00005,34.00005,62.00005,4.74,5.18,14.65,0,1.45,29.8,51.1,7.60005,2.530005
49102000,59.00005,37.00005,43.00005,20.00005,7.655,8.09,9.05,403,0.95,12,311.2,24.20005,1.491005
49142830,1.00003333333333,26.0000333333333,68.0000333333333,5.00003333333333,7.23,7.75333333333333,13.5,23.3333333333333,1.46666666666667,49.3666666666667,223.433333333333,14.2000666666667,1.44650333333333
49142884,25.00005,19.00005,29.00005,52.00005,4.28,4.84,22.2,1,1.65,33.95,105.75,8.70005,0.811005
49143412,7.00003333333333,6.00003333333333,27.0000333333333,67.0000333333333,6.97,7.40666666666667,7.53333333333333,4.33333333333333,1,70.6333333333333,113.5,7.50006666666667,2.28250333333333
49161826,11.0000333333333,43.0000333333333,47.0000333333333,10.0000333333333,7.48,7.95,11.7,344,1.43333333333333,3.33333333333333e-05,275.433333333333,24.4000666666667,3.02550333333333
49162820,5.00003333333333,20.0000333333333,74.0000333333333,6.00003333333333,7.37666666666667,7.83,19.7666666666667,95.3333333333333,1.8,28.3,256.4,19.8000666666667,2.18550333333333
49163500,12.0000333333333,19.0000333333333,42.0000333333333,39.0000333333333,5.29666666666667,5.70333333333333,16.0666666666667,3.33333333333333e-05,1.83333333333333,22.7666666666667,58.1666666666667,16.2000666666667,1.39450333333333
49181804,5e-05,31.00005,48.00005,20.00005,7.23,7.81,13,133,1.5,14.05,403.7,18.20005,2.180005
49184374,4.00003333333333,4.00003333333333,7.00003333333333,89.0000333333333,4.96,5.30333333333333,57.6,3.33333333333333e-05,4,55.0333333333333,82.1,8.90006666666667,4.24200333333333
49241838,14.00005,35.00005,54.00005,11.00005,7.43,7.87,23.65,275.5,2.45,0,263.9,24.10005,3.170005
49302928,4.00003333333333,34.0000333333333,50.0000333333333,16.0000333333333,6.06333333333333,6.45666666666667,37.4666666666667,2.00003333333333,3.8,12.1666666666667,212.6,20.9000666666667,1.38250333333333
49322920,1.00003333333333,19.0000333333333,75.0000333333333,6.00003333333333,5.47333333333333,6.18,17.9666666666667,1.66666666666667,2,14.5333333333333,113.3,8.40003333333333,0.682006666666667
49341800,8.00005,37.00005,40.00005,23.00005,7.675,8.265,6.65,157.5,0.85,0,283,17.70005,2.760005
49343050,2,9,46,45,5.43,6.1,13.3,5e-05,1.2,59.75,283.3,6.10005,1.256005
49343180,1.00005,6.00005,21.00005,73.00005,6.07,6.435,7.4,0,0.85,39.6,91.25,8.30005,1.316005
49363262,6.00005,3.00005,12.00005,85.00005,5.1,5.615,7.55,0,0.95,44.9,108.6,7.50005,1.363005
49402800,2.00005,28.00005,63.00005,8.00005,7.195,7.73,16.85,7.5,1.6,61.3,331.7,20.40005,1.496005
49402836,1.00003333333333,26.0000333333333,68.0000333333333,7.00003333333333,5.73666666666667,6.23,15.7666666666667,1.00003333333333,1.73333333333333,78.5,373.966666666667,13.6000666666667,0.996503333333333
49404366,12.00005,NaN,NaN,NaN,3.09,3.985,453.45,0,19.3,42,189.3,22.40005,2.440005
49423156,4.00005,3.00005,8.00005,90.00005,4.14,4.725,11,0,0.95,85.4,45.1,5e-05,0.469005
49423218,9.00003333333333,6.00003333333333,18.0000333333333,76.0000333333333,5.5,6,9.1,3.33333333333333e-05,0.933333333333333,29.5666666666667,46.7333333333333,5.70006666666667,1.23200333333333
49423336,6.00005,3.00005,7.00005,90.00005,3.91,4.35,12.05,0,1.2,53.7,36.7,4.20005,0.822005
49423458,7.00003333333333,6.00003333333333,18.0000333333333,76.0000333333333,4.83,5.23,8.86666666666667,3.33333333333333e-05,1.13333333333333,56.0333333333333,113.866666666667,4.70006666666667,1.36050333333333
49442584,4.00003333333333,31.0000333333333,63.0000333333333,6.00003333333333,7.44,7.96666666666667,10.3,10,1.26666666666667,22.3666666666667,155.633333333333,18.9000333333333,1.43000666666667
49442620,4.00005,30.00005,66.00005,4.00005,6.56,6.81,15.35,1.5,1.65,16.45,204.2,20.40005,1.312005
49463278,7.00005,9.00005,21.00005,70.00005,6.325,6.79,9.4,1,1.1,53.8,107.45,10.40005,1.119005
49481970,6.00005,28.00005,42.00005,30.00005,7.54,8.13,7,324,0.8,14.35,320.8,16.20005,1.813005
49502668,6.00003333333333,21.0000333333333,59.0000333333333,19.0000333333333,7.38333333333333,7.96,19.1,12,2,25.8,346.133333333333,22.2000666666667,1.76450333333333
49503244,9.00003333333333,9.00003333333333,15.0000333333333,76.0000333333333,5.20666666666667,5.82333333333333,9.86666666666667,3.33333333333333e-05,1.23333333333333,31.3666666666667,73.6,9.70006666666667,0.567503333333333
49542746,4.00005,18.00005,64.00005,18.00005,4.99,5.26,23.85,0,2.25,11.1,114.1,10.40005,1.155005
49542974,27.0000333333333,28.0000333333333,53.0000333333333,18.0000333333333,4.51,5.08666666666667,19.9666666666667,3.33333333333333e-05,2.23333333333333,13.5500333333333,95.3333333333333,10.3000666666667,0.852003333333333
49561970,3.00003333333333,43.0000333333333,32.0000333333333,25.0000333333333,7.46666666666667,7.94666666666667,10.2,24.3333333333333,1.1,10.3333333333333,523.3,28.9000666666667,1.41300333333333
49563436,11.00005,13.00005,25.00005,62.00005,5.975,6.225,138.25,0,12.25,21.7,66.15,67.70005,6.300005
49583316,2.00003333333333,1.00003333333333,4.00003333333333,95.0000333333333,3.65,4.16333333333333,6.36666666666667,3.33333333333333e-05,0.666666666666667,31.4,17.6333333333333,3.20006666666667,0.427003333333333
49584522,3.00003333333333,4.00003333333333,28.0000333333333,68.0000333333333,5.32,5.77666666666667,26.9,3.33333333333333e-05,1.63333333333333,95.8333333333333,64.3,6.40006666666667,0.893503333333333
49603404,6.00005,6.00005,24.00005,70.00005,5.15,5.61,10.3,0,1.2,42.45,146.9,4.00005,2.010005
49604276,14.00005,20.00005,25.00005,55.00005,4.995,5.695,22.75,0,1.85,44.45,144.85,10.20005,0.889005
49622620,18.0000333333333,29.0000333333333,68.0000333333333,2.00003333333333,6.42333333333333,6.68666666666667,9.8,1.00003333333333,1.3,38.2333333333333,167.4,17.1000666666667,1.16800333333333
49623190,6.00005,1.00005,9.00005,90.00005,4.295,4.9,19.9,0,1.8,66.9,50,9.30005,0.491005
49663414,3.00005,5.00005,15.00005,80.00005,4.06,4.315,8.6,0,1,73.9,76.5,5e-05,1.952005
49703024,9.00003333333333,14.0000333333333,78.0000333333333,8.00003333333333,6.61,6.88333333333333,17.7666666666667,1,1.83333333333333,59.6333333333333,255.3,9.60006666666666,1.95100333333333
49721966,7.00005,10.00005,9.00005,80.00005,7.1,7.56,10.05,24.5,1.1,26.15,336.75,9.20005,1.736005
49722812,6.00003333333333,27.0000333333333,51.0000333333333,22.0000333333333,7.23,7.76,16.7,39.3333333333333,1.86666666666667,32.9666666666667,508.366666666667,26.4000666666667,1.97950333333333
49742708,7.00005,17.00005,30.00005,53.00005,7.3,7.785,14.8,11,1.45,20.35,131.5,17.10005,1.473005
49742784,3.00003333333333,23.0000333333333,59.0000333333333,17.0000333333333,7.10666666666667,7.44,15.9666666666667,7.66666666666667,1.56666666666667,39.2666666666667,130.333333333333,21.8000666666667,1.68250333333333
49743428,8.00005,11.00005,25.00005,64.00005,6.28,6.65,44.9,2,4.05,46.8,63.25,25.20005,4.220005
49782670,5.00003333333333,32.0000333333333,32.0000333333333,36.0000333333333,7.40333333333333,7.83,50.7,232,4.66666666666667,20.3500333333333,190.833333333333,33.4000666666667,2.88400333333333
49783488,5,5,19,75,4.27,5,8.65,5e-05,0.95,61.8,137.7,2.20005,0.533005
49822986,30,24,38,38,5.04,5.835,23.65,1.00005,2.4,15.9,98.75,14.00005,0.635005
49844404,2.00003333333333,5.00003333333333,17.0000333333333,78.0000333333333,4.26333333333333,4.77333333333333,39.3333333333333,3.33333333333333e-05,2.16666666666667,50.9333333333333,42.2666666666667,6.66666666666667e-05,0.739503333333333
49882564,9.00003333333333,29.0000333333333,69.0000333333333,2.00003333333333,6.08,6.46333333333333,15.1666666666667,1.00003333333333,1.7,88.7333333333333,319.433333333333,20.2000666666667,1.11700333333333
49882592,11.0000333333333,23.0000333333333,73.0000333333333,4.00003333333333,7.53333333333333,8.04666666666667,16.4666666666667,131.666666666667,1.4,14.7666666666667,125.066666666667,17.6000666666667,2.05700333333333
49882694,4.00005,15.00005,26.00005,59.00005,7.615,7.985,13.1,52,1.3,36.8,154,15.60005,2.290005
49883342,4.00003333333333,2.00003333333333,5.00003333333333,93.0000333333333,3.89,4.45333333333333,7,3.33333333333333e-05,0.866666666666667,101,82.3,2.60006666666667,0.898003333333333
49904230,8.00005,21.00005,17.00005,62.00005,5.9,6.315,32.5,0,2.4,75.6,297.75,12.80005,2.240005
49921970,12.0000333333333,47.0000333333333,27.0000333333333,26.0000333333333,7.27666666666667,7.76,15.8666666666667,6.66666666666667,1.43333333333333,42.7666666666667,864.666666666667,28.1000666666667,2.06600333333333
49943106,7.00003333333333,16.0000333333333,79.0000333333333,5.00003333333333,4.18666666666667,4.61666666666667,9.73333333333333,3.33333333333333e-05,1.2,17.2666666666667,160.933333333333,10.2000666666667,1.10650333333333
49962684,5.00003333333333,17.0000333333333,38.0000333333333,44.0000333333333,7.58,8.00666666666667,15.6333333333333,67.3333333333333,1.46666666666667,17.1,185.733333333333,15.3000666666667,1.73600333333333
49963164,5,4,22,73,4.46,4.975,8.9,1.00005,0.95,57.9,85.75,2.80005,1.022005
50004398,8.00005,12.00005,71.00005,16.00005,4.78,5.235,18.2,0,1.4,31.95,135.15,6.80005,2.520005
50023072,2,2,2,97,4.205,5.095,6.7,5e-05,0.45,5e-05,36.90005,5e-05,0.268005
50024284,6.00003333333333,32.0000333333333,61.0000333333333,7.00003333333333,6.05333333333333,6.55666666666667,18.2,3.33333333333333e-05,1.56666666666667,57.8,158,12.5000666666667,1.85650333333333
50044456,8.00005,13.00005,12.00005,75.00005,5.415,5.745,31.75,0,2.2,83.45,182.1,14.70005,3.180005
50063078,4.00005,14.00005,75.00005,11.00005,6.145,6.61,10.2,0,1.15,45.2,183.4,9.20005,1.843005
50123782,2.00003333333333,17.0000333333333,34.0000333333333,49.0000333333333,6.07666666666667,6.51,14.1,3.33333333333333e-05,1.56666666666667,14.9,122.4,10.7000666666667,0.816503333333333
50143200,3.00005,9.00005,11.00005,81.00005,5.875,6.205,22,0,2.2,121.05,33.8,10.80005,4.380005
50203036,4.00005,14.00005,81.00005,5.00005,3.92,4.235,25.5,0,2.35,16.95,139.45,6.10005,2.930005
50243486,6.00003333333333,16.0000333333333,29.0000333333333,55.0000333333333,4.92333333333333,5.21333333333333,13.3333333333333,3.33333333333333e-05,1.46666666666667,25.9,111.533333333333,14.4000666666667,2.05200333333333
50283068,2,15,81,4,5.495,6.145,10.85,1.00005,1.35,33.35,153.3,11.60005,1.394005
50303796,4.00003333333333,22.0000333333333,24.0000333333333,54.0000333333333,6.35333333333333,6.64,27.1666666666667,2.00003333333333,2.7,82.1,324.533333333333,17.8000666666667,1.92750333333333
50322774,7.00003333333333,34.0000333333333,60.0000333333333,6.00003333333333,5.81333333333333,5.91,16.6333333333333,3.33333333333333e-05,1.66666666666667,16.0666666666667,199.033333333333,20.5000666666667,0.914503333333333
50323380,11.00005,16.00005,43.00005,41.00005,5.375,5.87,18.45,0,2,42.85,113.4,14.90005,1.396005
50324416,1.00005,9.00005,42.00005,48.00005,3.55,4.585,89.05,0,3.25,29.15,127.15,14.40005,2.320005
50363004,12.00005,17.00005,53.00005,30.00005,4.435,4.835,25.1,0,2.65,53.1,129.85,6.70005,4.010005
50363026,9.00003333333333,17.0000333333333,73.0000333333333,10.0000333333333,6.49666666666667,6.9,10.6,3,1.23333333333333,173.966666666667,365.266666666667,11.3000666666667,1.94400333333333
50382730,5.00003333333333,16.0000333333333,33.0000333333333,51.0000333333333,7.30333333333333,7.8,13.2333333333333,12.3333333333333,1.23333333333333,26.3333333333333,128.433333333333,16.8000666666667,1.43000333333333
50383086,8.00003333333333,12.0000333333333,57.0000333333333,31.0000333333333,4.85666666666667,5.28,12.4333333333333,3.33333333333333e-05,1.5,62.9333333333333,175.533333333333,8.40006666666667,2.96500333333333
50383732,7.00003333333333,19.0000333333333,40.0000333333333,41.0000333333333,6.01666666666667,6.27333333333333,28.3333333333333,3.33333333333333e-05,2.53333333333333,16.7500333333333,82.6333333333333,15.3000666666667,1.19100333333333
50443442,5.00005,3.00005,17.00005,79.00005,5.155,5.62,11.7,0,1.05,31.45,69.7,3.00005,1.336005
50443654,6.66666666666667e-05,2.00003333333333,4.00003333333333,94.0000333333333,4.99,5.78666666666667,10.8333333333333,3.33333333333333e-05,0.866666666666667,54.3666666666667,40.2,2.60006666666667,0.305003333333333
50483710,1.00003333333333,19.0000333333333,47.0000333333333,34.0000333333333,5.13333333333333,5.65,14.1333333333333,3.33333333333333e-05,1.43333333333333,11.9,228.466666666667,6.40006666666667,1.20700333333333
50484204,3.00003333333333,64.0000333333333,32.0000333333333,4.00003333333333,5.68333333333333,6.21,37.4666666666667,1.00003333333333,3.9,51.4,300.633333333333,28.5000666666667,1.89500333333333
50502616,2.00003333333333,19.0000333333333,54.0000333333333,27.0000333333333,7.60666666666667,8.07333333333333,19.9,115.333333333333,1.83333333333333,10.5500333333333,191.966666666667,18.9000666666667,1.91450333333333
50502858,21.00005,23.00005,70.00005,7.00005,5.37,5.865,13.2,1,1.5,43.9,144.75,10.90005,0.556005
50504316,5.00005,59.00005,39.00005,3.00005,5.735,6.175,39.2,0,3.15,30.25,168.4,23.50005,3.140005
50542698,5.00003333333333,16.0000333333333,31.0000333333333,52.0000333333333,7.48,7.95666666666667,16.0666666666667,13,1.63333333333333,25.0666666666667,213.466666666667,17.0000666666667,1.25000333333333
50543292,3.00005,14.00005,56.00005,29.00005,7.29,7.7,11.5,26,1.3,35.6,78.65,19.20005,2.460005
50562748,4.00005,30.00005,54.00005,16.00005,7.695,8.115,16.05,207,1.6,49.95,565.05,18.60005,1.975005
50563632,26.0000333333333,14.0000333333333,36.0000333333333,50.0000333333333,6.16666666666667,6.61666666666667,13.9,1.00003333333333,1.5,38.3333333333333,82.8333333333333,10.1000666666667,1.99600333333333
50564224,9.00003333333333,26.0000333333333,61.0000333333333,14.0000333333333,4.85,5.4,20.2,3.33333333333333e-05,1.76666666666667,34.1333333333333,210.7,10.6000666666667,1.26200333333333
50602780,2.00003333333333,40.0000333333333,54.0000333333333,5.00003333333333,5.92666666666667,6.37333333333333,19.2333333333333,3.33333333333333e-05,1.8,27.8666666666667,222.466666666667,25.5000666666667,1.15900333333333
50623694,4.00003333333333,12.0000333333333,29.0000333333333,59.0000333333333,5.42666666666667,5.97666666666667,13.2666666666667,3.33333333333333e-05,1.33333333333333,12.3333333333333,80.2,7.70006666666667,0.465503333333333
50642870,4.00003333333333,34.0000333333333,60.0000333333333,6.00003333333333,5.79333333333333,6.38666666666667,14.4333333333333,3.33333333333333e-05,1.8,38.1666666666667,226.566666666667,15.5000666666667,1.03750333333333
50662872,5.00003333333333,44.0000333333333,43.0000333333333,13.0000333333333,5.91666666666667,6.42,21.7666666666667,1.00003333333333,2.46666666666667,25.1666666666667,305.266666666667,25.9000666666667,0.841003333333333
50664420,5e-05,NaN,NaN,NaN,3.51,4.35,447.7,0,20.4,101.85,310.7,32.60005,7.500005
50683816,6.00003333333333,11.0000333333333,34.0000333333333,55.0000333333333,5.90333333333333,6.32666666666667,13.8,3.33333333333333e-05,1.3,26.6333333333333,102.166666666667,6.90006666666667,0.534503333333333
50703814,28.0000333333333,15.0000333333333,35.0000333333333,50.0000333333333,5.47,6.10333333333333,13.1666666666667,3.33333333333333e-05,1.33333333333333,12.0333333333333,91.5666666666667,6.50006666666667,0.436003333333333
50722734,4.00003333333333,26.0000333333333,63.0000333333333,12.0000333333333,7.61666666666667,8.12666666666667,25.2,135,2.13333333333333,23.5000333333333,371.1,28.7000666666667,1.83450333333333
50743822,8.00003333333333,10.0000333333333,33.0000333333333,57.0000333333333,5.72,6.07333333333333,11.5,3.33333333333333e-05,1.2,14.2666666666667,97.2666666666667,6.50006666666667,0.527003333333333
50762614,4.00003333333333,12.0000333333333,11.0000333333333,78.0000333333333,7.63666666666667,8.20333333333333,11.4666666666667,52,1.23333333333333,10.3500333333333,78.0333333333333,12.1000666666667,1.53050333333333
50782664,6.00005,5.00005,6.00005,89.00005,7.455,7.79,5.65,3,0.7,11.9,89.6,5.70005,0.996005
50822860,6.00005,35.00005,56.00005,9.00005,6.66,7.07,24.45,1.5,2.95,21.85,116.8,31.10005,1.979005
50823112,2.00003333333333,6.00003333333333,22.0000333333333,72.0000333333333,4.89666666666667,5.41666666666667,5.6,3.33333333333333e-05,0.733333333333333,33.8666666666667,79.0333333333333,4.70006666666667,1.20550333333333
50823320,4.00003333333333,4.00003333333333,17.0000333333333,79.0000333333333,4.23,4.7,11.8666666666667,3.33333333333333e-05,1.23333333333333,30.3,38.6,2.20006666666667,0.496503333333333
50843678,14.0000333333333,8.00003333333333,15.0000333333333,77.0000333333333,6.60333333333333,6.98666666666667,16.9,2.50003333333333,1.6,19.9500333333333,86.8333333333333,9.40006666666667,1.22300333333333
50863744,8.00003333333333,18.0000333333333,33.0000333333333,49.0000333333333,7.06333333333333,7.60666666666667,19.5,93.6666666666667,1.6,52.2,236.233333333333,14.3000666666667,1.85200333333333
50882746,4.00005,32.00005,63.00005,5.00005,7.42,7.965,25.55,4.5,2.45,39.6,949.5,35.90005,1.373005
50883532,6,9,28,63,4.62,5.34,12.95,1.00005,1.3,19.7,118.5,5.80005,1.145005
50883620,1.00003333333333,10.0000333333333,54.0000333333333,36.0000333333333,4.18333333333333,4.57333333333333,14.2,3.33333333333333e-05,1.46666666666667,29.9333333333333,112.133333333333,2.50006666666667,1.78750333333333
50903826,16.0000333333333,17.0000333333333,20.0000333333333,63.0000333333333,5.80333333333333,6.31,15.5333333333333,3.33333333333333e-05,1.53333333333333,12.9333333333333,143.666666666667,10.3000666666667,0.680503333333333
50922712,17.00005,53.00005,43.00005,4.00005,6.305,6.61,25,1,2.55,33.85,539.6,30.40005,1.300005
50923122,1.00003333333333,3.00003333333333,6.00003333333333,91.0000333333333,4.26,4.65,8.16666666666667,3.33333333333333e-05,0.8,27.2333333333333,39.1333333333333,2.40006666666667,0.540503333333333
50923768,34.0000333333333,15.0000333333333,31.0000333333333,54.0000333333333,6.67333333333333,7.07333333333333,13.7666666666667,2.00003333333333,1.43333333333333,21.7666666666667,99.0666666666667,11.9000666666667,0.796003333333333
50962748,2.00003333333333,51.0000333333333,47.0000333333333,2.00003333333333,7.37333333333333,7.88,17.2666666666667,19,1.73333333333333,30.9,460.533333333333,32.8000666666667,1.43100333333333
50963360,4.00005,4.00005,5.00005,90.00005,4.1,4.795,13.15,0,1.3,62.85,86.55,6.80005,0.297005
50964400,3.00005,8.00005,59.00005,32.00005,4.705,5.26,30.25,0,1.9,19.85,83,6.60005,0.553005
50983666,1.00003333333333,12.0000333333333,32.0000333333333,56.0000333333333,4.93666666666667,5.52666666666667,19.9,3.33333333333333e-05,1.83333333333333,12.4,50.5,5.80006666666667,0.570503333333333
50984072,10.0000333333333,16.0000333333333,36.0000333333333,48.0000333333333,6.87666666666667,7.2,48.1,97.6666666666667,4.36666666666667,19.0333333333333,81.9666666666667,29.8000666666667,2.43000333333333
51002852,5.00003333333333,28.0000333333333,37.0000333333333,35.0000333333333,5.11333333333333,5.70666666666667,15.7,3.33333333333333e-05,1.73333333333333,88.4333333333333,224.233333333333,16.7000666666667,0.596003333333333
51003032,5.00003333333333,14.0000333333333,75.0000333333333,10.0000333333333,4.91,5.48666666666667,15,3.33333333333333e-05,1.8,55.0333333333333,184.866666666667,11.8000666666667,1.96650333333333
51003068,3.00005,7.00005,10.00005,83.00005,6.685,6.86,10.05,0,1.15,63.8,61.4,7.60005,2.300005
51022620,32.00005,66.00005,33.00005,1.00005,6.41,6.65,21.5,2,2.25,29.8,413.1,50.80005,1.115005
51022656,8.00003333333333,29.0000333333333,62.0000333333333,9.00003333333333,7.43333333333333,7.83,18.8333333333333,24,2.1,9.85003333333333,477.966666666667,24.7000666666667,1.96800333333333
51023696,17.0000333333333,16.0000333333333,27.0000333333333,57.0000333333333,5.51333333333333,5.99333333333333,15.7333333333333,3.33333333333333e-05,1.66666666666667,18.8,96.2666666666667,9.10006666666666,0.549503333333333
51043672,6.00003333333333,10.0000333333333,23.0000333333333,67.0000333333333,5.23,5.78666666666667,22.3333333333333,3.33333333333333e-05,1.93333333333333,14.4666666666667,45.0666666666667,6.10006666666667,0.555503333333333
51063496,5,5,13,83,6.305,6.72,16.2,1,1.55,68.3,99.95,7.40005,1.707005
51063764,29.0000333333333,28.0000333333333,39.0000333333333,33.0000333333333,7.18333333333333,7.59,31.5333333333333,14.3333333333333,2.8,10.3000333333333,95.6,27.0000666666667,1.49500333333333
51082662,2.00005,39.00005,57.00005,4.00005,7.42,7.81,29.5,16,2.75,14.35,516.25,35.40005,1.662005
51082770,41.00005,53.00005,44.00005,3.00005,6.845,7.275,28.75,1.5,2.45,34.3,482.1,80.10005,1.770005
51103486,13,4,22,73,5.005,5.7,16.05,5e-05,1.6,15.25,141.7,5e-05,0.817005
51103504,7,12,25,64,5.72,6.21,8.5,2.00005,1,20.8,123.4,6.00005,1.145005
51103660,1.00003333333333,11.0000333333333,29.0000333333333,60.0000333333333,5.84333333333333,6.24666666666667,13.7333333333333,3.33333333333333e-05,1.46666666666667,19.6666666666667,86.0666666666667,8.30006666666667,0.634003333333333
51104058,5.00005,23.00005,22.00005,55.00005,7.18,7.525,40.8,40.5,3.5,15.45,89.6,27.20005,2.020005
51104062,7.00005,25.00005,27.00005,49.00005,6.995,7.24,56.9,26,5.45,18.8,161.75,30.10005,2.360005
51142636,1.00003333333333,29.0000333333333,50.0000333333333,21.0000333333333,6.30666666666667,6.69666666666667,15.0333333333333,3.33333333333333e-05,1.7,54.9666666666667,454.633333333333,17.4000666666667,1.02500333333333
51142736,3.00003333333333,52.0000333333333,45.0000333333333,3.00003333333333,5.4,5.92666666666667,17.6333333333333,3.33333333333333e-05,2.16666666666667,71.4666666666667,365.3,28.5000666666667,1.18500333333333
51142754,13.0000333333333,31.0000333333333,62.0000333333333,7.00003333333333,7.40333333333333,7.92666666666667,18.6333333333333,21.6666666666667,1.73333333333333,11.0000333333333,299.6,23.8000666666667,1.50750333333333
51143222,2.00003333333333,3.00003333333333,6.00003333333333,91.0000333333333,3.95333333333333,4.60333333333333,15.2333333333333,3.33333333333333e-05,0.966666666666667,22.6666666666667,17.0666666666667,2.60006666666667,0.458003333333333
51143826,4.00003333333333,12.0000333333333,30.0000333333333,58.0000333333333,6.14333333333333,6.55666666666667,14.5333333333333,3.33333333333333e-05,1.56666666666667,16.5000333333333,132.366666666667,9.00006666666667,0.830003333333333
51162704,24.00005,43.00005,54.00005,3.00005,6.22,6.52,23.5,0,2.3,13.2,278,29.20005,2.220005
51164396,6.00005,22.00005,67.00005,12.00005,4.2,4.855,54.25,0,3.75,28.15,130.6,9.30005,0.665005
51182618,3.00003333333333,47.0000333333333,51.0000333333333,3.00003333333333,7.39,7.77333333333333,20.4,12.6666666666667,2.36666666666667,17.8,464.433333333333,46.8000666666667,2.24150333333333
51183400,2,7,54,40,4.375,4.92,12.25,5e-05,1.35,67.8,113.45,4.90005,0.987005
51202764,3,16,26,59,6.01,6.605,13.7,5e-05,1.45,13.00005,191.3,10.70005,0.562005
51203106,1.00003333333333,3.00003333333333,10.0000333333333,87.0000333333333,4.46,5.12,9.63333333333333,3.33333333333333e-05,1,13.0333333333333,38.7,2.50006666666667,0.335003333333333
51203304,4.00005,6.00005,22.00005,72.00005,4.46,4.975,8.25,0,0.95,47.95,37.5,3.40005,0.740005
51203376,5,4,8,88,4.19,4.88,12.15,5e-05,1.05,52.55,52.45,4.80005,0.562005
51203768,7,17,28,54,6.875,7.135,84.85,14.5,6.9,15.8,87.85,35.40005,4.580005
51222660,1.00003333333333,43.0000333333333,55.0000333333333,2.00003333333333,7.46666666666667,7.94666666666667,28.4666666666667,29,2.6,20.2333333333333,490.6,34.1000666666667,1.66850333333333
51222918,47.00005,21.00005,54.00005,25.00005,4.055,4.44,46.35,0,2.8,14.6,101.85,9.50005,1.350005
51223242,1.00005,4.00005,17.00005,79.00005,4.235,5.205,7.2,0,0.9,23.75,50.25,3.90005,0.373005
51224230,7.00005,52.00005,47.00005,1.00005,4.505,5.04,34.05,0,2.6,49.35,204.55,20.50005,1.534005
51242704,18.0000333333333,39.0000333333333,57.0000333333333,4.00003333333333,6.04333333333333,6.47666666666667,17.8333333333333,1.00003333333333,2,14.0666666666667,239.7,27.0000666666667,0.793503333333333
51242812,7.00003333333333,37.0000333333333,60.0000333333333,2.00003333333333,5.77,6.25333333333333,21.9,3.33333333333333e-05,2.13333333333333,22.2500333333333,221.933333333333,23.1000666666667,0.768503333333333
51243394,12,4,7,89,4.47,5.025,11.25,5e-05,0.9,31.8,66.45,5e-05,1.612005
51243634,6.66666666666667e-05,8.00003333333333,44.0000333333333,48.0000333333333,6.92,7.37,14.9333333333333,2,1.36666666666667,16.4333333333333,58.2333333333333,9.50006666666667,1.18250333333333
51263278,2.00003333333333,38.0000333333333,52.0000333333333,11.0000333333333,7.09333333333333,7.47,105.3,232,10.8,365.5,59.9333333333333,44.2000666666667,5.59500333333333
51263404,11,5,46,49,5.1,5.755,13.25,5e-05,1.3,54.2,139.05,2.70005,1.784005
51264736,6.66666666666667e-05,NaN,NaN,NaN,3.22,4.09333333333333,469.566666666667,3.33333333333333e-05,14.1333333333333,59.1,468.8,38.5000666666667,3.21500333333333
51282726,5.00003333333333,27.0000333333333,68.0000333333333,5.00003333333333,7.47,7.83333333333333,22.1,6.66666666666667,2.23333333333333,41.9666666666667,420.266666666667,28.7000666666667,1.73350333333333
51283450,5,5,20,74,4.395,4.97,12,1.00005,1.25,62.75,66.1,3.10005,0.539005
51284364,10.0000333333333,19.0000333333333,49.0000333333333,31.0000333333333,3.86,4.55,39.6666666666667,3.33333333333333e-05,2.66666666666667,13,75.8,6.30006666666667,0.914003333333333
51322924,26.00005,19.00005,48.00005,33.00005,4.97,5.41,29.05,0,2.6,13.4,207.75,16.80005,3.430005
51323126,3,19,78,3,4.59,5.115,10.55,1.00005,1.3,28.3,129.8,7.50005,1.445005
51323204,3.00005,4.00005,11.00005,85.00005,5.335,5.785,7.9,0,0.85,41,29.45,2.90005,0.345005
51323468,10,19,31,50,6.785,7.325,12.35,3,1.4,60.6,174.95,10.10005,1.870005
51323614,2.00003333333333,12.0000333333333,40.0000333333333,48.0000333333333,6.21,6.51,18.0333333333333,3.33333333333333e-05,1.7,21.3333333333333,102.933333333333,10.6000666666667,1.15150333333333
51323646,19.0000333333333,13.0000333333333,74.0000333333333,13.0000333333333,4.02333333333333,4.56333333333333,31.0333333333333,3.33333333333333e-05,2.43333333333333,15.4,82.5666666666667,6.90006666666667,0.677003333333333
51323664,4.00003333333333,9.00003333333333,43.0000333333333,48.0000333333333,6.29666666666667,6.74,16.5,1.00003333333333,1.66666666666667,29.0333333333333,128.9,10.1000666666667,0.795503333333333
51323682,8.00003333333333,8.00003333333333,23.0000333333333,69.0000333333333,6.36666666666667,6.80666666666667,19.7666666666667,2.00003333333333,1.83333333333333,28.5666666666667,77.4333333333333,12.2000666666667,0.778003333333333
51342722,16.0000333333333,37.0000333333333,54.0000333333333,8.00003333333333,7.19333333333333,7.59333333333333,15.9,3.33333333333333,1.66666666666667,36.4666666666667,398.566666666667,29.8000666666667,1.23850333333333
51363378,2,4,10,87,4.13,4.84,8.1,5e-05,0.9,104.9,45.55,12.10005,0.363005
51363400,6,4,19,76,4.81,5.295,9.2,5e-05,0.9,33.6,82.3,5e-05,1.834005
51363628,4.00003333333333,16.0000333333333,57.0000333333333,26.0000333333333,7.07,7.50666666666667,17.8,10.6666666666667,1.9,16.5,140.066666666667,14.7000666666667,1.38900333333333
51382692,8.00005,23.00005,68.00005,9.00005,7.645,8.015,25.5,22.5,2.55,18.3,303.2,30.10005,1.792005
51383448,9,5,19,77,4.215,4.645,13,5e-05,1.35,91.7,87.00005,5e-05,0.896005
51383804,4.00003333333333,22.0000333333333,60.0000333333333,18.0000333333333,7.20666666666667,7.76666666666667,24.6666666666667,14.6666666666667,2.66666666666667,27.8333333333333,129.166666666667,27.3000666666667,1.33800333333333
51384492,23.00005,19.00005,48.00005,33.00005,4.64,5.085,42.85,0,3.2,23.5,117.65,12.20005,4.660005
51402678,10.00005,31.00005,65.00005,4.00005,7.595,8.07,22.65,96,2.65,12.9,282.15,33.00005,1.405005
51403390,2,12,25,64,5,5.845,11.55,1,1.3,22.3,59.65,5.50005,0.568005
51403792,8.00003333333333,34.0000333333333,56.0000333333333,10.0000333333333,6.74666666666667,7.08666666666667,24.4666666666667,2,2.3,36.8666666666667,364.366666666667,19.2000666666667,1.15750333333333
51404250,10.0000333333333,5.00003333333333,25.0000333333333,70.0000333333333,3.37666666666667,4.38666666666667,129.133333333333,3.33333333333333e-05,6.8,55.3,143.9,11.5000666666667,1.79000333333333
51423430,4,11,22,68,6.715,6.885,28.3,2.00005,3.1,12.30005,36.45,19.30005,2.280005
51423624,2.00003333333333,13.0000333333333,45.0000333333333,42.0000333333333,6.99666666666667,7.53666666666667,16.8,21.6666666666667,1.73333333333333,22.8666666666667,75.2333333333333,12.9000666666667,1.45800333333333
51442662,11.00005,33.00005,62.00005,4.00005,7.595,7.85,26.8,51.5,2.75,15.95,332.6,34.40005,1.719005
51442720,3.00005,24.00005,68.00005,9.00005,5.53,6.23,25.75,1,2.45,13.55,127.9,10.90005,1.094005
51443058,14.0000333333333,9.00003333333333,84.0000333333333,7.00003333333333,5.81,6.26666666666667,10.6333333333333,3.33333333333333e-05,1.16666666666667,18.0333333333333,82.3666666666667,7.10006666666667,1.42900333333333
51443332,2.00005,6.00005,24.00005,70.00005,4.11,4.495,9.4,0,0.95,46.2,75.05,3.10005,1.030005
51443350,2.00003333333333,2.00003333333333,6.00003333333333,92.0000333333333,4.55333333333333,5.27333333333333,9.7,3.33333333333333e-05,1.06666666666667,66.8333333333333,77.0666666666667,6.66666666666667e-05,1.17100333333333
51444012,6.00003333333333,11.0000333333333,18.0000333333333,71.0000333333333,7.13333333333333,7.52666666666667,28.7666666666667,31.6666666666667,2.5,16.9,81.9,18.9000666666667,1.27350333333333
51464328,4.00005,17.00005,61.00005,22.00005,4.94,5.49,20.4,0,1.6,46.9,122.15,7.30005,0.483005
51482704,9.00003333333333,32.0000333333333,63.0000333333333,5.00003333333333,7.28,7.74,24.9333333333333,20.6666666666667,2.46666666666667,43.7,626.033333333333,26.5000666666667,1.70700333333333
51483190,1,0,2,98,3.725,4.605,2.95,1.00005,0.25,13.80005,19.25,2.10005,0.241005
51502654,14.00005,31.00005,66.00005,3.00005,7.375,7.575,37.45,78,3.65,77.5,660.85,34.60005,2.390005
51502744,4.00003333333333,51.0000333333333,48.0000333333333,1.00003333333333,6.27,6.83333333333333,32.4666666666667,2.50003333333333,3.26666666666667,33.8666666666667,570.233333333333,32.1000666666667,1.20050333333333
51504382,6,3,20,77,4.14,5,62.6,1.5,2.1,40,85.15,10.30005,0.508005
51542680,6.00005,29.00005,66.00005,5.00005,7.64,8.08,26.75,37.5,2.65,25.25,335.5,32.10005,1.862005
51542798,2.00005,31.00005,65.00005,4.00005,5.9,6.355,48.25,1,4.75,163.8,1008.05,31.50005,2.490005
51543382,9,6,14,80,4.53,5.02,16.95,5e-05,1.75,106.2,58.6,5.50005,2.340005
51563670,4.00003333333333,12.0000333333333,36.0000333333333,53.0000333333333,4.50333333333333,5.26666666666667,12.1333333333333,3.33333333333333e-05,1.36666666666667,14.8333333333333,82.0333333333333,7.00006666666667,0.404003333333333
51563710,7.00003333333333,16.0000333333333,31.0000333333333,53.0000333333333,6.88333333333333,7.15333333333333,16.5666666666667,7.66666666666667,1.66666666666667,23.1333333333333,142.733333333333,13.7000666666667,1.29600333333333
51582652,8.00003333333333,27.0000333333333,51.0000333333333,22.0000333333333,7.38666666666667,7.87666666666667,25.3666666666667,62.3333333333333,2.36666666666667,19.1666666666667,336.366666666667,29.1000666666667,2.21350333333333
51583390,2,3,10,86,5.04,5.595,9,5e-05,1.1,74.7,109.3,4.50005,0.738005
51602740,3.00003333333333,42.0000333333333,56.0000333333333,2.00003333333333,7.39,7.94333333333333,19.1333333333333,8,2.03333333333333,27.1000333333333,276.566666666667,32.2000666666667,2.03100333333333
51602980,3.00003333333333,19.0000333333333,73.0000333333333,8.00003333333333,4.81,5.48333333333333,11.8666666666667,3.33333333333333e-05,1.4,45.5333333333333,124.033333333333,13.1000666666667,0.885503333333333
51603750,9.00003333333333,12.0000333333333,21.0000333333333,68.0000333333333,7.18333333333333,7.55666666666667,24.5,32,2.1,10.3,68.2,16.6000666666667,1.40100333333333
51604050,2.00003333333333,19.0000333333333,31.0000333333333,49.0000333333333,5.82333333333333,6.40666666666667,20.7333333333333,1.00003333333333,1.73333333333333,22.2,104.2,11.8000666666667,1.02750333333333
51623490,6.00005,NaN,NaN,NaN,5.75,6.03,313.5,2.00005,20.75,50.2,66.95,151.00005,5.454005
51642748,11.0000333333333,33.0000333333333,65.0000333333333,2.00003333333333,7.47666666666667,7.94333333333333,25.8666666666667,10.3333333333333,2.53333333333333,34.2,246.1,36.3000666666667,1.51600333333333
51643776,5.00003333333333,19.0000333333333,37.0000333333333,45.0000333333333,7.18333333333333,7.59,18.6333333333333,101.666666666667,1.73333333333333,32.3,199.233333333333,13.3000666666667,3.58550333333333
51663648,14.0000333333333,15.0000333333333,37.0000333333333,48.0000333333333,5.58,6.01333333333333,24.3,3.33333333333333e-05,2.33333333333333,12.1500333333333,75.1,15.5000666666667,1.28050333333333
51682826,4.00003333333333,28.0000333333333,63.0000333333333,9.00003333333333,5.22666666666667,5.75,19.3333333333333,1.00003333333333,2.03333333333333,44.9333333333333,425.033333333333,15.7000666666667,0.964503333333333
51683378,2,14,17,70,6.89,7.185,12.55,4,1.4,59.45,82.8,11.20005,1.932005
51722640,1.00005,25.00005,64.00005,11.00005,7.56,8.005,24.75,12,2.45,18.45,576.5,28.40005,1.536005
51722744,6.00005,30.00005,66.00005,4.00005,7.49,7.825,21.4,7,2.25,19.75,236.2,31.50005,2.380005
51723050,4.00003333333333,21.0000333333333,68.0000333333333,11.0000333333333,7.03666666666667,7.53666666666667,11.5333333333333,6,1.5,26.0333333333333,142.1,17.6000666666667,1.84250333333333
51743714,2.00003333333333,14.0000333333333,26.0000333333333,60.0000333333333,7.10666666666667,7.51333333333333,20.2666666666667,9.33333333333333,2.06666666666667,16.9666666666667,120.133333333333,15.8000666666667,1.29650333333333
51763188,3.00005,6.00005,73.00005,21.00005,4.55,4.885,11.65,0,1.3,74.85,176.15,4.70005,2.870005
51763698,19.0000333333333,17.0000333333333,27.0000333333333,56.0000333333333,7.1,7.55666666666667,11.8666666666667,9.66666666666667,1.3,11.2500333333333,105.1,12.4000666666667,1.25350333333333
51764242,16.00005,45.00005,43.00005,12.00005,5.06,5.55,29.45,0,2.45,41,407.65,16.70005,0.675005
51764280,9.00005,50.00005,39.00005,11.00005,4.795,5.525,21.5,0,1.85,65.4,306,13.60005,0.649005
51783438,4,3,13,83,4.11,4.86,12.45,5e-05,1.1,72.65,64.05,5e-05,0.513005
51783786,8.00003333333333,21.0000333333333,69.0000333333333,9.00003333333333,6.80666666666667,7.23333333333333,23.4333333333333,17.6666666666667,2.46666666666667,83.1333333333333,314.266666666667,18.1000666666667,1.76950333333333
51783840,5.00003333333333,12.0000333333333,51.0000333333333,37.0000333333333,7.02333333333333,7.31,32.1333333333333,25.3333333333333,3.1,30.9666666666667,50.8333333333333,23.1000666666667,1.68700333333333
51802666,17.0000333333333,21.0000333333333,34.0000333333333,45.0000333333333,6.54333333333333,6.93,17.3666666666667,1.00003333333333,1.86666666666667,83.2666666666667,549.633333333333,14.5000666666667,1.11900333333333
51802752,15.0000333333333,40.0000333333333,59.0000333333333,2.00003333333333,6.34,6.74,39.9,2.00003333333333,3.93333333333333,41.1,398.8,31.3000666666667,1.29150333333333
51802774,3.00003333333333,35.0000333333333,62.0000333333333,4.00003333333333,6.24666666666667,6.66,20.2,3.33333333333333e-05,1.96666666666667,27.2,244.533333333333,24.6000666666667,1.07450333333333
51803454,7,6,26,68,4.455,5.195,9.6,5e-05,1,41.3,101.5,3.20005,0.377005
51804354,11.00005,6.00005,36.00005,57.00005,4.75,5.15,40.35,0,3.05,34.25,127.35,7.50005,3.520005
51804804,20.0000333333333,3.00003333333333,26.0000333333333,71.0000333333333,3.96666666666667,4.58666666666667,10.1666666666667,3.33333333333333e-05,0.5,14.8666666666667,22,3.50006666666667,0.333003333333333
51823768,14.0000333333333,14.0000333333333,31.0000333333333,55.0000333333333,7.14,7.38,39.6,21.6666666666667,3.46666666666667,22.6666666666667,65.8333333333333,25.8000666666667,1.93150333333333
51843370,1.00003333333333,9.00003333333333,14.0000333333333,77.0000333333333,5.43333333333333,5.95333333333333,9.73333333333333,3.33333333333333e-05,1.13333333333333,29.0666666666667,117.666666666667,7.50006666666667,1.50400333333333
51843584,22.00005,25.00005,31.00005,45.00005,6.735,7.12,28.9,1.5,2.85,32.2,198.5,23.40005,1.481005
51862862,6.66666666666667e-05,72.0000333333333,26.0000333333333,2.00003333333333,4.68,5.19,54.9,3.33333333333333e-05,5.1,19.1333333333333,324.033333333333,51.3000666666667,2.37000333333333
51862892,6.00005,13.00005,34.00005,53.00005,5.875,6.275,9,0,1,42.1,205.6,9.00005,1.035005
51863446,7,6,40,55,4.47,4.945,10.1,1.00005,1.2,20.8,81.15,2.20005,1.404005
51883720,4.00003333333333,8.00003333333333,15.0000333333333,77.0000333333333,6.59333333333333,6.89333333333333,77.2333333333333,2.00003333333333,5.53333333333333,28.8,96.6,38.4000666666667,2.27000333333333
51902928,1.00005,21.00005,74.00005,5.00005,6.25,6.69,13.25,1,1.5,15.95,108.25,16.80005,0.833005
51923710,7.00003333333333,12.0000333333333,26.0000333333333,62.0000333333333,7.19666666666667,7.56666666666667,16.7333333333333,12.3333333333333,1.7,53.2,220.333333333333,13.1000666666667,1.84200333333333
51923926,4.00005,13.00005,43.00005,44.00005,5.45,5.985,26.85,0,2.15,27,200,9.90005,2.090005
51923944,3.00003333333333,13.0000333333333,48.0000333333333,39.0000333333333,4.86333333333333,5.3,66.4333333333333,3.33333333333333e-05,4.96666666666667,24.6333333333333,71.8666666666667,20.4000666666667,1.05950333333333
51942696,8.00003333333333,30.0000333333333,60.0000333333333,10.0000333333333,7.54333333333333,8.29,14.6333333333333,8,1.53333333333333,92.3333333333333,596.6,20.7000666666667,2.20200333333333
51942886,2,22,64,15,5.72,6.03,21,5e-05,2.1,5e-05,117.8,17.50005,0.815005
51943554,6.00003333333333,3.00003333333333,9.00003333333333,87.0000333333333,6.13,6.65,5.8,3.33333333333333e-05,0.7,30.2333333333333,65.9666666666667,4.70006666666667,0.383503333333333
51943644,4.00003333333333,23.0000333333333,48.0000333333333,29.0000333333333,7.31,7.74666666666667,19.8333333333333,24,2.03333333333333,20.6333333333333,148.666666666667,18.0000666666667,1.95600333333333
51943738,8.00003333333333,19.0000333333333,42.0000333333333,39.0000333333333,7.15666666666667,7.48333333333333,99,70.6666666666667,6.73333333333333,26.6666666666667,105.333333333333,62.7000666666667,2.49000333333333
51943882,7.00003333333333,6.00003333333333,35.0000333333333,59.0000333333333,5.01333333333333,5.57,13.1666666666667,3.33333333333333e-05,1.4,44.5333333333333,88.1,6.40006666666667,0.519503333333333
51943936,6,12,35,53,5.675,6.225,20.4,1.00005,1.95,5e-05,80.75,10.40005,1.436005
51943950,12.0000333333333,16.0000333333333,39.0000333333333,45.0000333333333,5.67,6.06,136.466666666667,3.33333333333333e-05,8.53333333333333,16.8,86.6,51.8000666666667,2.11150333333333
51963070,7.00003333333333,19.0000333333333,69.0000333333333,12.0000333333333,5.18333333333333,5.73333333333333,7.96666666666667,3.33333333333333e-05,1.06666666666667,59.9,151.133333333333,9.80006666666667,1.01800333333333
52002852,5,28,23,49,7.075,7.435,33.95,5,2.95,19.20005,107.2,35.10005,1.614005
52023448,13,8,36,56,5.205,5.76,15.25,5e-05,1.7,25.8,53.65,5.90005,1.476005
52023764,4.00003333333333,23.0000333333333,54.0000333333333,22.0000333333333,7.29,7.65,22.0666666666667,28,2.16666666666667,14.6,132.2,18.2000666666667,1.65150333333333
52023836,2.00003333333333,3.00003333333333,14.0000333333333,83.0000333333333,5.71333333333333,6.25,12.7333333333333,3.33333333333333e-05,1.3,35.3666666666667,80.8333333333333,4.20006666666667,0.433503333333333
52043614,3.00003333333333,22.0000333333333,35.0000333333333,44.0000333333333,6.32666666666667,6.75,15.4,3.33333333333333e-05,1.66666666666667,30.0666666666667,90.9333333333333,15.5000666666667,0.787003333333333
52043990,4.00003333333333,6.00003333333333,24.0000333333333,70.0000333333333,4.98333333333333,5.57666666666667,19.6,3.33333333333333e-05,1.76666666666667,25.0333333333333,73.7333333333333,9.60006666666666,0.711503333333333
52044112,5.00003333333333,2.00003333333333,10.0000333333333,88.0000333333333,4.56,5.23666666666667,7.43333333333333,3.33333333333333e-05,0.633333333333333,63.7333333333333,29.0666666666667,2.00006666666667,0.266003333333333
52063280,8.00003333333333,4.00003333333333,21.0000333333333,75.0000333333333,4.43,4.78666666666667,11.4,3.33333333333333e-05,1.03333333333333,24.0666666666667,32.7333333333333,4.00006666666667,0.719003333333333
52063558,5.00005,22.00005,21.00005,57.00005,7.07,7.57,14.8,8,1.55,49.5,264.95,14.80005,1.495005
52083108,7.00005,7.00005,53.00005,40.00005,4.835,5.33,7.65,0,1,44.4,35.55,7.00005,1.726005
52103114,6.00005,3.00005,8.00005,89.00005,3.98,4.515,24.2,0,1.65,21.6,17.3,3.70005,1.412005
52103584,2.00003333333333,13.0000333333333,67.0000333333333,20.0000333333333,5.5,6.06666666666667,12.3333333333333,3.33333333333333e-05,1.46666666666667,10.4000333333333,56.0666666666667,8.10006666666666,0.624003333333333
52122918,3.00003333333333,45.0000333333333,53.0000333333333,2.00003333333333,6.18666666666667,6.65,21.6333333333333,1.00003333333333,2.4,28.5333333333333,169.466666666667,32.4000666666667,1.19600333333333
52123680,7.00003333333333,12.0000333333333,37.0000333333333,51.0000333333333,6.90333333333333,7.28666666666667,20.5333333333333,43,1.96666666666667,25.5666666666667,165.666666666667,14.7000666666667,1.17650333333333
52142830,3,5,8,87,4.045,4.79,9.65,5e-05,0.95,12.70005,33.95,4.30005,0.451005
52143746,19.0000333333333,30.0000333333333,58.0000333333333,12.0000333333333,6.08333333333333,6.54333333333333,13.8666666666667,3.33333333333333e-05,1.5,14.5666666666667,179.4,15.0000666666667,1.05600333333333
52143760,12,33,58,10,6.055,6.52,19.15,5e-05,1.75,12.7,153.05,17.20005,0.882005
52163440,6,6,28,66,5.5,6.1,6.25,1.00005,0.7,12.40005,78.75,5e-05,0.601005
52164048,4.00005,9.00005,47.00005,43.00005,6.355,6.79,21.8,0,1.95,46.15,134.45,12.40005,0.837005
52183848,7.00003333333333,7.00003333333333,35.0000333333333,58.0000333333333,5.64333333333333,6.16,15.0333333333333,3.33333333333333e-05,1.4,51.2,103.533333333333,6.40006666666667,0.488003333333333
52203286,9.00003333333333,8.00003333333333,37.0000333333333,56.0000333333333,5.22666666666667,5.53666666666667,25.3,3.33333333333333e-05,2.16666666666667,55.1,116.1,5.20006666666667,1.42100333333333
52223970,8.00003333333333,10.0000333333333,32.0000333333333,58.0000333333333,5.69333333333333,6.16666666666667,16.7333333333333,3.33333333333333e-05,1.66666666666667,17.2666666666667,73.7333333333333,7.90006666666667,0.548503333333333
52243888,3.00003333333333,11.0000333333333,38.0000333333333,51.0000333333333,5.21333333333333,5.82666666666667,19.3666666666667,3.33333333333333e-05,1.83333333333333,30.4,81.5666666666667,4.40006666666667,0.696503333333333
52263446,11.00005,14.00005,64.00005,22.00005,5.43,5.835,25.1,0,2.75,17.05,46.4,9.80005,2.520005
52263646,6.00003333333333,11.0000333333333,39.0000333333333,50.0000333333333,4.81666666666667,5.34666666666667,12.0333333333333,3.33333333333333e-05,1.26666666666667,18.4,90.6666666666667,9.20006666666667,0.558003333333333
52323438,8,6,56,38,5.68,6.12,10.15,5e-05,1.1,42.95,117.5,5.30005,0.833005
52323782,2.00003333333333,5.00003333333333,21.0000333333333,74.0000333333333,5.19,5.74333333333333,23.7666666666667,3.33333333333333e-05,2.3,39.6,115.966666666667,9.50006666666667,1.10250333333333
52363948,7.00003333333333,14.0000333333333,49.0000333333333,37.0000333333333,4.14666666666667,4.68,51.2,3.33333333333333e-05,3.73333333333333,29.6,76.6333333333333,7.20006666666667,0.830003333333333
52383208,12.00005,10.00005,54.00005,36.00005,6.45,6.735,11.2,0,1.25,19.5,114.85,9.80005,1.873005
52383540,6.00003333333333,4.00003333333333,11.0000333333333,85.0000333333333,4.47333333333333,5.08666666666667,18.4333333333333,3.33333333333333e-05,1.86666666666667,51.3666666666667,56.6333333333333,4.40006666666667,0.444003333333333
52384108,13.0000333333333,12.0000333333333,54.0000333333333,33.0000333333333,6.32,6.80666666666667,17.7333333333333,1.00003333333333,1.83333333333333,32.1333333333333,79.1,11.0000666666667,1.11150333333333
52384132,19,19,49,32,7.085,7.665,22.75,46,2.45,55.55,325.1,21.50005,2.412005
52384546,8.00005,34.00005,63.00005,3.00005,5.68,6.025,22.55,0,2.1,23.8,88.05,12.60005,2.410005
52423612,5.00003333333333,31.0000333333333,29.0000333333333,40.0000333333333,6.39666666666667,6.83666666666667,17.1666666666667,3.33333333333333e-05,1.9,43.4,291.7,13.9000666666667,0.986003333333333
52423748,12.0000333333333,11.0000333333333,34.0000333333333,55.0000333333333,6.51333333333333,6.94,11.0666666666667,1,1.16666666666667,24.9,191.333333333333,7.90006666666667,0.935003333333333
52424342,17.0000333333333,3.00003333333333,30.0000333333333,67.0000333333333,3.70666666666667,4.48333333333333,29.3333333333333,3.33333333333333e-05,1.23333333333333,23.0333333333333,52.8666666666667,3.50006666666667,0.520503333333333
52483546,5.00003333333333,4.00003333333333,5.00003333333333,91.0000333333333,4.35,4.90666666666667,7.93333333333333,3.33333333333333e-05,0.4,15.5333333333333,17.3333333333333,2.00006666666667,0.295003333333333
52483726,6.00003333333333,16.0000333333333,41.0000333333333,43.0000333333333,6.71666666666667,7.02,34.6333333333333,3.00003333333333,3.26666666666667,17.0333333333333,89.2,22.3000666666667,2.23150333333333
52484284,9.00005,47.00005,36.00005,17.00005,5.15,5.795,25.1,0,2.1,20.7,270.75,16.90005,1.221005
52504086,12.0000333333333,16.0000333333333,53.0000333333333,31.0000333333333,6.96666666666667,7.35666666666667,19.1333333333333,4,1.93333333333333,13.6666666666667,65.1,14.7000666666667,1.86900333333333
52543194,6.00005,20.00005,28.00005,51.00005,7.01,7.4,29.95,67,2.9,17.15,144,27.80005,2.840005
52561900,15.0000333333333,35.0000333333333,37.0000333333333,28.0000333333333,5.76666666666667,6.27333333333333,16.4666666666667,1,1.73333333333333,59.4333333333333,274.5,19.0000666666667,0.983503333333334
52622852,12.00005,22.00005,69.00005,9.00005,5.585,5.97,12.9,0,1.65,26.35,194.85,12.60005,0.919005
52624148,4.00003333333333,6.00003333333333,7.00003333333333,87.0000333333333,5.22666666666667,5.9,8.96666666666667,1.66666666666667,1,88.8,103.166666666667,6.20006666666667,0.364503333333333
52624386,18.00005,4.00005,25.00005,71.00005,4.07,4.84,41.05,0,2.15,32.45,48.15,2.80005,0.368005
52643742,13.0000333333333,15.0000333333333,36.0000333333333,49.0000333333333,6.72666666666667,7.03666666666667,19.6666666666667,1,2.06666666666667,11.8666666666667,99.6,14.5000666666667,1.10750333333333
52663594,3.00003333333333,8.00003333333333,26.0000333333333,66.0000333333333,5.13333333333333,5.75333333333333,16.7333333333333,3.33333333333333e-05,1.56666666666667,34.7666666666667,39.1,3.00006666666667,0.504003333333333
52663918,5.00005,8.00005,31.00005,62.00005,3.975,4.38,19.45,0,1.3,11.05,39.15,3.40005,0.751005
52763628,7.00005,25.00005,40.00005,35.00005,6.46,6.845,17.75,1,1.8,25.35,222.55,14.30005,0.937005
52763704,5.00003333333333,12.0000333333333,23.0000333333333,65.0000333333333,7.06333333333333,7.45,17.6333333333333,6.33333333333333,1.8,19.3666666666667,95.1,12.6000666666667,1.02100333333333
52764050,8.00003333333333,15.0000333333333,45.0000333333333,40.0000333333333,7.27333333333333,7.70333333333333,16.5333333333333,17.3333333333333,1.56666666666667,16.4666666666667,94.4333333333333,15.0000666666667,1.54950333333333
52783630,6.00003333333333,36.0000333333333,33.0000333333333,31.0000333333333,5.55333333333333,5.98,20.5333333333333,3.33333333333333e-05,2.1,10.8500333333333,168.366666666667,15.5000666666667,0.734503333333333
52804152,8.00003333333333,4.00003333333333,4.00003333333333,93.0000333333333,5.51666666666667,5.98,20.5,3.33333333333333,1.93333333333333,61.2666666666667,74.8333333333333,8.20006666666667,0.920503333333333
52823124,18.0000333333333,42.0000333333333,43.0000333333333,16.0000333333333,7.30333333333333,7.81666666666667,29.3,271.666666666667,3.1,10.0500333333333,302.133333333333,33.2000666666667,2.12300333333333
52824286,9.00005,34.00005,59.00005,7.00005,4.66,5.115,21.2,0,2.1,41.5,237.6,9.10005,1.543005
52843636,6.66666666666667e-05,8.00003333333333,26.0000333333333,66.0000333333333,5.43333333333333,5.96333333333333,10.2666666666667,3.33333333333333e-05,1.2,18.2666666666667,88.1666666666667,5.60006666666667,0.561503333333333
52843852,6.00003333333333,9.00003333333333,27.0000333333333,64.0000333333333,4.04,4.58666666666667,32.1666666666667,3.33333333333333e-05,2.36666666666667,17,53.6,6.80006666666667,0.630503333333333
52844010,5,14,25,61,6.73,6.955,65.75,1.5,5.75,5e-05,65.7,34.20005,2.030005
52863764,9.00003333333333,4.00003333333333,13.0000333333333,83.0000333333333,5.02666666666667,5.68333333333333,8.76666666666667,3.33333333333333e-05,0.866666666666667,36.5333333333333,76.8333333333333,2.20006666666667,0.486003333333333
52864032,4.00005,15.00005,35.00005,51.00005,5.855,6.33,18.55,0,1.6,21.3,137.5,7.00005,0.709005
52884030,13.0000333333333,16.0000333333333,34.0000333333333,50.0000333333333,5.66,6.22,15.8333333333333,3.33333333333333e-05,1.46666666666667,24.9,214.333333333333,8.30006666666667,0.671003333333333
52903758,4.00003333333333,8.00003333333333,23.0000333333333,69.0000333333333,5.53333333333333,6.17333333333333,11.6333333333333,3.33333333333333e-05,1.13333333333333,9.95003333333333,51.2666666666667,5.80006666666667,0.644003333333333
52943978,6.00003333333333,13.0000333333333,42.0000333333333,45.0000333333333,5.34666666666667,5.80666666666667,16.7,3.33333333333333e-05,1.7,48.0333333333333,100.433333333333,7.50006666666667,1.29750333333333
52944140,13.0000333333333,8.00003333333333,28.0000333333333,64.0000333333333,5.58666666666667,6.04333333333333,20.4666666666667,3.33333333333333e-05,1.96666666666667,22.8,110.033333333333,9.30006666666667,0.780003333333333
53002008,12.0000333333333,11.0000333333333,29.0000333333333,60.0000333333333,4.51,5.27333333333333,7.06666666666667,3.33333333333333e-05,0.833333333333333,22.9,37.1333333333333,6.40006666666667,0.314503333333333
53043800,8.00003333333333,31.0000333333333,37.0000333333333,32.0000333333333,5.45333333333333,5.95666666666667,26.5333333333333,3.33333333333333e-05,2.3,11.6,150.933333333333,13.2000666666667,0.924003333333333
53063148,5.00003333333333,13.0000333333333,56.0000333333333,31.0000333333333,7.17666666666667,7.73666666666667,13.0333333333333,22.6666666666667,1.46666666666667,42.1333333333333,144.8,16.3000666666667,2.29250333333333
53063958,7.00003333333333,7.00003333333333,59.0000333333333,33.0000333333333,5.44666666666667,5.94,18.1,3.33333333333333e-05,1.63333333333333,14.2000333333333,83.7333333333333,5.70006666666667,0.661003333333333
53081944,14.0000333333333,39.0000333333333,26.0000333333333,34.0000333333333,6.51,6.89333333333333,11.2333333333333,3.00003333333333,1.16666666666667,13.9666666666667,167.333333333333,46.2000666666667,0.963003333333333
53083804,4.00003333333333,47.0000333333333,42.0000333333333,10.0000333333333,7.18,7.80666666666667,17.2333333333333,93,1.7,22.2666666666667,261.4,20.2000666666667,1.83250333333333
53203792,3.00003333333333,5.00003333333333,28.0000333333333,66.0000333333333,6.56333333333333,6.97666666666667,9.93333333333333,1,1.16666666666667,37.7333333333333,80.5,8.60006666666666,0.811003333333333
53301920,19.0000333333333,15.0000333333333,29.0000333333333,56.0000333333333,7.50333333333333,8.21,6.96666666666667,328.333333333333,1.23333333333333,13.1666666666667,159.5,29.9000666666667,1.43300333333333
53303986,4.00003333333333,11.0000333333333,36.0000333333333,53.0000333333333,5.93,6.35,19.8333333333333,3.33333333333333e-05,2.03333333333333,29.0333333333333,120.366666666667,11.9000666666667,1.48650333333333
53323654,3.00003333333333,4.00003333333333,17.0000333333333,79.0000333333333,3.98666666666667,4.51333333333333,21.4,3.33333333333333e-05,1.1,27.6333333333333,30.1666666666667,3.90006666666667,0.411503333333333
53343990,4.00003333333333,5.00003333333333,19.0000333333333,76.0000333333333,5.03,5.62666666666667,15.6666666666667,3.33333333333333e-05,1.3,44.1,92.7666666666667,3.70006666666667,1.32700333333333
53384574,10.00005,5.00005,25.00005,70.00005,3.845,4.875,33.5,0,1.75,19.75,66.35,4.90005,1.508005
53384610,5,2,29,70,4.05,5.01,5.7,5e-05,0.5,5e-05,28.7,5e-05,0.325005
53402070,10.00005,5.00005,40.00005,54.00005,7.54,8.045,10.75,146,1.15,14.05,58.15,12.00005,1.924005
53482046,14.00005,15.00005,65.00005,19.00005,7.645,8.1,13.15,154.5,1.65,14,326.75,25.90005,2.200005
53503820,3.00005,4.00005,11.00005,84.00005,6.345,6.59,41.6,1,3.1,29.8,31.55,20.60005,1.180005
53523916,2.00003333333333,6.00003333333333,23.0000333333333,71.0000333333333,5.64,6.05666666666667,33.2333333333333,3.33333333333333e-05,2.3,20,85.5,8.40006666666667,1.76850333333333
53643926,9.00003333333333,7.00003333333333,20.0000333333333,73.0000333333333,4.98,5.47,33.4333333333333,3.33333333333333e-05,2.76666666666667,17.5333333333333,76.6333333333333,10.5000666666667,1.13400333333333
53644594,11.0000333333333,3.00003333333333,15.0000333333333,82.0000333333333,4.46,4.93666666666667,13.7,3.33333333333333e-05,0.766666666666667,17.7333333333333,19.1333333333333,6.66666666666667e-05,0.247503333333333
53723818,5.00003333333333,8.00003333333333,28.0000333333333,63.0000333333333,5.07666666666667,5.72666666666667,17.4666666666667,3.33333333333333e-05,1.56666666666667,39.5333333333333,99.1,6.70006666666667,0.949003333333333
53803920,4.00005,13.00005,38.00005,49.00005,4.745,5.4,17.35,0,1.85,13.05,47.7,7.40005,0.986005
53842060,23.00005,29.00005,62.00005,9.00005,7.79,8.32,12.15,53,1.55,22,331.3,27.00005,2.350005
53861610,23.00005,29.00005,25.00005,46.00005,6.54,6.985,22.55,2,2,17.35,286.65,29.00005,1.335005
53922004,4.00005,44.00005,51.00005,5.00005,7.895,8.715,10.65,70,1.35,14.55,454.35,34.00005,7.820005
53924550,21.00005,NaN,NaN,NaN,2.975,3.89,503.75,0,13.15,43.9,240.15,27.50005,4.570005
53961906,16.0000333333333,39.0000333333333,49.0000333333333,12.0000333333333,7.58666666666667,7.99666666666667,20.5666666666667,194.666666666667,2.13333333333333,26.8000333333333,917.7,44.1000666666667,1.70850333333333
53981902,3.00003333333333,31.0000333333333,32.0000333333333,37.0000333333333,7.52333333333333,8.07666666666667,16.7333333333333,151,1.6,14.9500333333333,508.466666666667,26.6000666666667,1.73300333333333
54001904,1.00003333333333,45.0000333333333,52.0000333333333,4.00003333333333,7.59,8.10666666666667,17.4666666666667,365,1.9,17.0000333333333,341.966666666667,32.8000666666667,1.71900333333333
54043774,5,10,38,52,5.92,6.375,22.5,5e-05,2.1,23.2,57.95,10.80005,0.678005
54103824,4.00005,15.00005,27.00005,57.00005,6.21,6.665,12.15,1,1.15,11.7,102.9,10.00005,1.040005
54121818,16.0000333333333,17.0000333333333,41.0000333333333,42.0000333333333,7.54666666666667,8.08333333333333,19.5666666666667,155.333333333333,1.5,18.1000333333333,125.9,29.9000666666667,1.82900333333333
54241902,28,34,44,21,7.465,8.115,17,50,1.9,5e-05,245.55,37.70005,2.169005
54282012,11.0000333333333,32.0000333333333,26.0000333333333,42.0000333333333,7.67333333333333,8.25,9.2,99.6666666666667,0.9,23.1666666666667,343.466666666667,27.5000666666667,1.78050333333333
54301746,27.0000333333333,31.0000333333333,50.0000333333333,19.0000333333333,7.62666666666667,8.17333333333333,13.3,254,1.43333333333333,12.5500333333333,218.433333333333,28.6000666666667,1.74900333333333
54321600,19,42,52,6,6.755,7.205,56.8,8.00005,5.4,85.25,463.1,43.80005,1.301005
54422010,14.0000333333333,17.0000333333333,29.0000333333333,54.0000333333333,7.52,8.06,12.9,68.6666666666667,1.33333333333333,12.8500333333333,267.766666666667,27.4000666666667,1.44750333333333
54441810,13.0000333333333,55.0000333333333,44.0000333333333,1.00003333333333,7.68666666666667,8.20666666666667,10.2,106.666666666667,1.4,12.4000333333333,313.266666666667,39.5000666666667,1.67800333333333
54501744,20.00005,29.00005,55.00005,16.00005,7.5,8.03,17.6,506.5,1.8,20.35,408.2,20.50005,2.860005
54521710,22.0000333333333,40.0000333333333,30.0000333333333,30.0000333333333,7.50666666666667,8.04,15.5666666666667,216.666666666667,1.96666666666667,23.5666666666667,437.3,28.0000666666667,2.86650333333333
54581742,20.0000333333333,26.0000333333333,69.0000333333333,6.00003333333333,7.43,7.99333333333333,21.6,603,2.16666666666667,121.566666666667,258.433333333333,20.1000666666667,2.31500333333333
54581804,6.00003333333333,52.0000333333333,38.0000333333333,10.0000333333333,7.6,8.22333333333333,13.8666666666667,106.333333333333,1.46666666666667,11.2000333333333,312.9,31.1000666666667,1.99550333333333
54602068,19.00005,33.00005,42.00005,25.00005,5.12,5.93,10.25,0,1.15,17.25,144.4,23.80005,0.443005
54621810,14.0000333333333,33.0000333333333,57.0000333333333,10.0000333333333,7.56333333333333,8.04,60.0333333333333,510,4.86666666666667,17.8666666666667,109.6,50.2000666666667,3.22700333333333
54841800,25.0000333333333,36.0000333333333,57.0000333333333,6.00003333333333,7.78666666666667,8.39333333333333,10.5333333333333,147,1.13333333333333,12.6500333333333,654.333333333333,44.5000666666667,2.33050333333333
54842098,19.0000333333333,24.0000333333333,52.0000333333333,24.0000333333333,7.53666666666667,8.14666666666667,7.46666666666667,623.666666666667,1.13333333333333,25.5666666666667,422.2,15.5000666666667,1.96700333333333
54922082,12.00005,22.00005,40.00005,38.00005,7.47,8,9.7,468.5,1.1,17.4,48.4,14.60005,2.210005
55241826,22,13,24,63,7.23,7.82,20.8,129.5,1.6,5e-05,207.55,13.50005,3.625005
55681492,3.00003333333333,29.0000333333333,57.0000333333333,14.0000333333333,7.49666666666667,8.02,20.4666666666667,522.666666666667,2.23333333333333,21.3666666666667,392.1,24.0000666666667,1.85150333333333
56142132,18.0000333333333,40.0000333333333,26.0000333333333,35.0000333333333,7.45666666666667,8.11333333333333,10.8666666666667,17.6666666666667,1.16666666666667,11.9500333333333,254.733333333333,37.8000666666667,1.49500333333333
56762172,12.0000333333333,23.0000333333333,19.0000333333333,58.0000333333333,5.03333333333333,5.79666666666667,6.93333333333333,3.33333333333333e-05,0.766666666666667,16.4,107.6,12.1000666666667,0.569503333333333
56782152,24.0000333333333,19.0000333333333,20.0000333333333,60.0000333333333,4.47333333333333,5.51666666666667,5.66666666666667,3.33333333333333e-05,0.6,12.2500333333333,107.266666666667,10.2000666666667,0.322003333333333
56822134,36.0000333333333,32.0000333333333,27.0000333333333,41.0000333333333,7.37666666666667,8.02,7.83333333333333,12,0.933333333333333,11.9,349.433333333333,36.1000666666667,1.44750333333333
35623450,30,19,37,45,5.45,5.77,20.4,1.00005,2,21,93.2,NaN,3.0485
35083828,23,5,39,56,4.7,4.95,77.5,5e-05,5.7,20.10005,105.55,NaN,7.4185
34763770,33,17,34,49,5.35,5.715,18.9,1.00005,1.95,50.35,156.2,NaN,2.9565
34843470,20,22,49,29,5.5,5.695,23.3,1.00005,2.65,18.95,82.15,NaN,3.8565
35643196,14,9,43,47,4.75,4.95,28.75,5e-05,3.2,45.25,101.9,NaN,5.177
35803608,14,22,48,30,4.85,5.25,44.35,5e-05,3.75,15.8,81.1,NaN,3.563
35303284,11,43,42,14,7.1,7.41,29.05,183,3.35,55.8,607.1,NaN,2.628
36303178,12,28,51,22,6.55,6.755,26.65,1.00005,2.95,39.6,192.15,NaN,1.903
35103682,29,18,57,25,4.55,4.945,64,5e-05,5.5,21.7,171.65,NaN,1.465
34903644,3,14,41,45,4.75,5.28,16.25,1.00005,1.75,34.35,51.6,NaN,1.582
34803774,4,21,47,31,5.25,5.605,28.1,1.00005,2.9,64.6,267.8,NaN,2.9865
32283648,5,9,54,37,4.4,4.685,38.8,1.00005,3.8,24.8,73.6,NaN,4.0755
34403708,11,12,47,41,4.65,4.955,55.35,5e-05,5.45,72.45,109.1,NaN,4.878
50642910,18,18,48,33,4.2,4.7,25.95,1,2.25,8.90005,78.9,NaN,0.6625
52142920,14,25,61,14,5.85,6.31,15.1,1.00005,1.6,65.35,322.8,NaN,0.8985
50602934,14,25,46,29,5.55,6.015,20.6,1.00005,2,27.95,166.5,NaN,0.8725
50102914,14,10,38,52,3.9,4.33,51.15,5e-05,3.35,13.8,65.65,NaN,0.8095
50522866,15,33,55,12,5.35,5.88,11.3,1.00005,1.25,27.25,141.15,NaN,0.728
50002954,6,20,48,32,4.65,5.215,20.7,5e-05,2.4,8.60005,51.85,NaN,0.67
51542896,19,29,55,17,6.95,7.435,14.35,3,1.75,9.8,168.05,NaN,1.4365
51362950,15,24,47,29,5.9,6.415,9.55,5e-05,1.35,21.7,124.95,NaN,0.747
51002942,8,13,43,44,4.45,5.045,23.7,5e-05,2.75,10.9,47.75,NaN,0.8305
50302926,28,31,57,12,4.8,5.445,22.1,5e-05,2.5,7.80005,104.55,NaN,0.6705
47262606,17,8,37,55,3.15,3.65,165.55,1.00005,7.95,27.75,108.15,NaN,1.968
46842602,12,22,63,15,5.15,5.67,47,5e-05,4.55,8.30005,232.45,NaN,1.1015
46882592,38,12,59,28,6.95,7.22,144.6,115.5,6.15,11.30005,58.6,NaN,3.035
46802588,13,22,60,17,5.2,5.665,78.2,1,7.55,7.90005,144.5,NaN,2.1705
46882520,43,10,49,41,6.8,6.885,236.65,31.5,17.9,20.4,206.15,NaN,8.41
46302542,42,18,64,18,6.35,6.59,124.25,38.5,9.05,10.30005,148.4,NaN,5.245
48265034,21,13,42,45,4.1,4.6,28.4,1,1.15,26.4,18.9,NaN,0.294
48665056,14,5,25,70,4.4,4.975,15.7,1,0.7,12.40005,20,NaN,0.333
45004612,13,8,55,37,4.1,4.575,54.85,1,2.55,6.30005,23.3,NaN,0.439
45624636,22,7,48,46,3.2,4.015,33.45,1,1.4,5.60005,48.45,NaN,0.5245
45344602,14,8,42,50,3.55,4.215,20.5,1,0.95,5e-05,29.85,NaN,0.532
55402648,29,38,47,15,5.85,6.12,33.25,1,3.65,14.3,216,NaN,2.92
55202632,6,21,46,33,5.75,6.16,20.25,1,1.9,18.75,114.8,NaN,1.3675
55642682,5,33,39,28,5.15,5.43,17.9,1,1.95,43.8,288,NaN,2.46
55642690,13,33,48,19,5.05,5.47,25.15,1.00005,2.45,9,148.15,NaN,1.9415
28522106,12,11,45,44,4.3,4.47,78.4,5e-05,5.85,21.45,64.75,NaN,1.8205
28202170,23,7,31,62,4.1,4.935,38.5,5e-05,3.4,94.25,42.85,NaN,0.443
50183292,2,7,27,66,4.1,4.605,8.7,5e-05,1.1,91.8,75.1,NaN,0.897
49123230,3,18,30,52,5.1,5.575,12.15,1.00005,1.4,21.2,95.25,NaN,1.3745
48883170,5,7,29,64,4.7,5.105,6.8,5e-05,0.85,66.25,97.1,NaN,1.532
47143284,4,9,22,69,6.6,6.88,12.25,5.5,1,10.10005,53.45,NaN,1.392
49962994,13,24,61,16,3.8,4.17,53.1,1,3.6,9.70005,88.05,NaN,1.641
50642978,19,20,64,17,4.3,4.65,20.65,1.00005,2.55,22.4,75.2,NaN,2.3775
52363162,10,19,62,19,4.2,4.61,9.35,5e-05,1.25,59.2,158.9,NaN,1.834
48023148,18,38,45,17,6.45,6.76,25.65,1.00005,2.7,29.35,186.55,NaN,1.598
40443366,7,19,47,34,6.5,6.875,11.65,1.00005,1.4,78.9,183.9,NaN,1.8915
41043334,5,6,31,63,5.6,5.865,112.25,5e-05,8.35,43.05,313.85,NaN,8.2495
40663302,6,7,29,64,5.5,5.91,30.4,1.00005,2.8,80.45,61.4,NaN,1.4195
40163140,1,5,19,77,5.2,5.645,19.05,5e-05,1.6,115.45,131.05,NaN,1.6575
53123826,8,17,50,33,5.7,6.24,21.4,5e-05,2.05,24.3,141.6,NaN,0.8405
50183772,4,16,45,39,5.45,5.865,20.7,5e-05,2.25,17.75,63.3,NaN,0.9565
50703804,6,23,59,18,6.8,7.04,34.45,1.5,3.55,10.60005,74.45,NaN,1.818
40322962,6,3,15,83,3.2,3.955,46.25,1,2.15,8.50005,35.55,NaN,0.6575
40282972,9,20,56,24,5.45,5.855,27.1,5e-05,3.3,87.15,117.2,NaN,1.307
52803628,28,20,37,43,6.95,7.37,13.8,3.5,1.5,7.10005,76.1,NaN,1.174
50303656,7,9,45,46,4.9,5.14,271.05,5e-05,18.75,33.35,105.2,NaN,4.701
52643750,20,17,41,41,6.9,7.15,14.2,2.00005,1.45,12.90005,90.5,NaN,1.143
52503606,4,17,33,51,5.7,6.13,14.5,1.00005,1.6,13.55,127.6,NaN,0.7205
52543650,NaN,11,34,54,6.75,7.15,12.8,1.00005,1.4,16.95,141.9,NaN,1.1185
45542596,36,16,54,30,6.95,7.255,65.7,97,3.8,6.70005,60.25,NaN,3.43
45422594,23,17,44,39,7.1,7.41,45.65,338.5,4,168.5,233.6,NaN,3.429
45642552,21,32,49,18,6.75,7.22,15,3,1.8,35.45,164.9,NaN,1.5095
45582602,17,14,69,17,6.7,6.8,57.15,1.00005,6.65,13.30005,67.6,NaN,5.8375
45342564,28,18,53,29,7.15,7.365,69.55,66,3.8,60.3,207.85,NaN,5.7075
48801776,27,37,49,15,7.45,8.07,6.4,311,0.9,5e-05,202.95,NaN,1.786
48881806,15,14,44,42,4.7,5.235,15.95,1.5,1.7,4.80005,258.7,NaN,1.3425
48361714,24,22,51,27,7.3,7.565,29.4,223.5,2.65,4.80005,214.3,NaN,3.461
48881820,27,23,49,28,5.2,5.63,23.75,5e-05,2.5,26.5,556.25,NaN,1.77
46021624,28,38,38,23,7.35,7.7,25.1,558,2.45,47.05,505.5,NaN,2.0735
48581866,28,45,41,14,7.4,7.905,9.6,247.5,1.2,21.45,346.05,NaN,1.7805
48721710,20,18,41,41,7.05,7.48,20.55,124,2.15,13.55,517.7,NaN,2.5485
48321684,25,10,32,59,5.4,5.705,15.3,1.00005,1.25,10.80005,124.1,NaN,1.0515
48201676,57,7,24,69,5.95,6.24,10.55,1.00005,0.95,17.4,98.5,NaN,0.7155
48421742,24,15,40,45,5.4,5.88,11.8,1.00005,1.25,8.80005,145.25,NaN,0.8665
44482636,11,7,37,56,5.5,5.69,30.5,1.00005,2.9,43.45,102.3,NaN,3.374
42982530,32,19,49,32,4.45,5.01,41.85,5e-05,3.6,13.80005,124.6,NaN,0.728
41422376,9,28,57,15,6.15,6.42,21.25,1.00005,2.7,36.1,147.8,NaN,4.177
43622622,31,12,49,39,6.8,6.995,37.35,3,4.15,57.9,418.55,NaN,5.834
46722040,1,31,60,9,7.25,7.73,27.1,191.5,2.4,7.10005,337.9,NaN,2.595
44982258,4,37,40,23,7.4,7.82,13.65,71.5,1.75,6.00005,239.45,NaN,1.5565
47722034,1,23,56,21,7,7.29,59.45,30,5.5,8.80005,1169.55,NaN,2.67
45382258,2,37,59,4,7.4,7.835,13.95,284,1.3,5e-05,167.3,NaN,1.7185
45302242,7,38,49,13,7.35,7.92,10.5,334.5,1.35,6.20005,164.7,NaN,1.551
48702022,1,49,40,11,7.5,7.9,14.7,22.5,1.4,24.2,1181.75,NaN,1.3685
47701994,2,36,46,18,7.3,7.63,27.3,145,2.9,9.25,679.5,NaN,2.184
45062234,3,30,58,13,7.25,7.59,20.6,176,2.5,10.00005,201.8,NaN,1.593
47821984,1,18,30,51,6,6.3,21.35,1.00005,2.35,11.70005,428.05,NaN,1.878
47382080,1,48,37,15,7.3,7.765,20.85,425.5,1.55,10.3,472.25,NaN,1.9095
48122006,2,36,25,38,7.5,8.145,6.7,117.5,0.9,12.30005,577.35,NaN,1.638
46081642,16,42,45,13,7.5,7.94,11.6,66.5,1.3,10.3,486.25,NaN,1.534
42022524,6,15,61,24,4.85,5.025,32,1.00005,3.9,10.50005,81,NaN,3.8785
45642292,16,47,47,6,7.6,8.085,8.55,261.5,1,6.80005,299.3,NaN,1.674
46982044,12,15,51,34,5.3,5.87,136.55,1.00005,7.9,11.70005,205.3,NaN,2.284
41702440,20,32,57,11,7.3,7.755,15.2,118.5,2.05,14.65,316,NaN,2.7945
43902582,10,17,37,46,4.5,5.09,22.45,1.00005,1.6,7.80005,126.95,NaN,1.4035
41262512,8,14,52,34,7.1,7.585,34.55,49,2.05,8.20005,14.4,NaN,3.67
41402524,8,14,54,32,4.85,5.35,24.75,5e-05,1.85,8.20005,52.95,NaN,1.9985
42182424,4,25,63,13,5.9,6.205,7.65,1.00005,1,43.8,87.05,NaN,1.0805
41102514,53,17,57,26,7.25,7.89,16.75,153,1.25,6.50005,35.6,NaN,1.4145
41862408,6,43,49,9,7.3,7.86,10.3,73.5,1.3,9.20005,211.7,NaN,1.9025
44902434,6,36,54,10,7.35,7.87,15.85,146,1.65,30.60005,258.3,NaN,1.7515
43622446,2,26,47,26,7.45,7.805,27,132,1.65,16.5,288.6,NaN,1.668
44502344,5,28,57,15,7.4,7.935,18.3,256,1.45,6.80005,95.15,NaN,2.393
44582530,2,25,60,15,5.05,5.31,46.55,1.00005,4.9,10.10005,310.9,NaN,4.2945
44542476,4,45,50,6,7.45,8.01,11,162.5,1.2,5.40005,153.9,NaN,2.0255
44342460,6,44,43,13,7.45,7.825,19.6,57.5,1.8,21.4,298.35,NaN,2.7125
44462354,4,43,51,7,7.5,8.08,10,216.5,1.3,17.70005,357.1,NaN,2.7285
42522422,33,45,47,8,7.3,7.7,16.05,31,1.85,8.50005,450.65,NaN,1.6265
42642402,53,25,50,25,6.95,7.43,51.85,144.5,4.9,10.90005,371.95,NaN,2.56
44522536,9,22,56,21,4.6,4.765,67.9,1,7.55,24.65,329.85,NaN,12.653
44242558,11,16,33,51,4.05,4.575,38.85,1.00005,1.6,9.10005,90.6,NaN,0.678
44702330,36,30,50,20,7.5,7.965,10.05,254.5,1.4,10.20005,250.6,NaN,1.737
44742346,30,34,55,11,7.65,7.52,21.8,252,1.55,5e-05,268.35,NaN,1.7055
45022334,3,21,54,25,7.25,7.66,33.35,176.5,2.7,12.50005,303.75,NaN,2.3445
44702302,3,45,43,12,4.25,4.94,41.6,1.00005,2.85,5e-05,247.4,NaN,0.669
43602314,2,25,55,20,6.25,6.435,27.2,5e-05,2.8,7.30005,226.4,NaN,1.2125
45262146,32,27,56,17,7.3,7.71,13.3,203,1.25,4.30005,167.65,NaN,1.5395
46502082,83,20,51,28,6.9,7.14,138.6,233,8.9,60.5,427.8,NaN,5.96
46122128,48,21,60,19,7.3,7.61,21.4,134,1.9,7.30005,127.05,NaN,3.3905
43762208,9,27,36,37,6.3,6.725,8.7,5e-05,1.1,9.40005,148.65,NaN,0.7675
44702230,2,20,34,47,7.4,7.955,10.45,44,1.3,18.7,262.9,NaN,1.5915
46582152,4,40,52,8,7.6,8.305,9.95,298.5,0.9,9.80005,276.1,NaN,1.9235
45402228,4,23,57,20,7.05,7.46,45.05,278,3.6,7.90005,280.2,NaN,2.2075
45662196,5,30,42,28,7.3,7.725,24.25,674,2.1,6.70005,213.95,NaN,2.971
42882534,32,23,63,14,5.85,6.13,64.35,1,6.9,11.30005,101.95,NaN,1.3135
45602244,14,37,32,31,7.45,7.89,11.25,229.5,1.15,6.00005,185.75,NaN,1.48
44342162,26,44,36,20,7.45,7.945,14.2,41.5,1.55,10.00005,248.05,NaN,1.5395
45242168,2,26,34,40,7.2,7.65,9.2,4.5,1.25,46.9,177,NaN,1.07
45482268,2,38,46,16,7.3,7.885,10.2,514.5,1.5,7.70005,195.7,NaN,1.643
44182610,3,20,47,33,5.65,6.07,19.6,1,1.5,5e-05,65.6,NaN,1.705
44262538,6,20,56,24,5.6,5.8,67.4,1,6.7,12.20005,134.05,NaN,5.7365
43802576,3,14,41,45,4.3,4.705,59.7,5e-05,4.85,26.4,262,NaN,2.985
43962560,6,22,55,23,6.85,7.015,86.75,157.5,7,15.25,184.45,NaN,7.27
44622568,4,15,56,29,6.2,6.47,38.15,1,3.45,5.40005,123.9,NaN,3.165
42101926,1,25,53,21,7.25,7.68,19.05,181.5,2.1,8.35,108.8,NaN,2.5525
42281988,2,13,30,57,5.6,5.865,22.55,5e-05,1.9,7.50005,196.95,NaN,2.7495
42081954,1,20,43,37,6.2,6.64,26.4,1.5,2.7,110.5,1149.6,NaN,1.869
41821812,4,32,42,26,6.8,7.21,29.55,28.00005,2.9,6.10005,697.55,NaN,1.875
42181974,2,13,40,47,5.15,5.49,47.2,1,4.25,65.7,638,NaN,6.405
42401860,3,25,37,38,5.45,5.94,40.15,5e-05,3.2,68.00005,397.7,NaN,2.1925
42561800,13,37,40,24,7,7.22,7.95,15.00005,0.9,7.50005,553.5,NaN,1.455
31463472,11,12,49,39,4.15,4.965,29.1,1,3.4,31.8,49.4,NaN,0.8465
31083448,59,4,13,83,4.35,4.71,370.6,5e-05,24.25,41.3,250.25,NaN,2.5765
31323424,14,13,57,31,6.75,6.925,74.1,17,7.75,66.65,437.4,NaN,11.797
31643418,20,20,53,28,5.2,5.41,32.6,1.00005,4.05,19.3,104.65,NaN,6.9105
51502870,11,37,51,12,7.15,7.785,17.35,7.5,2.15,36.9,558.5,NaN,2.181
51142618,43,37,50,13,6.3,6.985,19.2,5e-05,1.9,23.65,404.45,NaN,0.977
50342776,15,33,56,11,6.05,6.995,18.15,1.00005,1.8,32.75,192.65,NaN,0.7375
51682754,32,33,56,11,7.4,8.035,17.65,49,1.9,23.8,526.3,NaN,1.9335
47442436,5,31,50,19,7.25,7.66,71.75,72.5,3.8,5e-05,257.85,NaN,1.707
48462300,5e-05,35,51,14,6.15,6.5,30.4,5.00005,2.9,5e-05,177.15,NaN,0.823
48482316,3,31,45,24,6.5,6.69,62.15,7.5,4.4,8.80005,150.6,NaN,2.09
47682402,4,34,54,12,7.1,7.27,71.9,21,5.7,5.70005,179.05,NaN,2.165
48922522,5e-05,26,63,11,7.2,7.34,20.35,25,2.35,5.90005,120.55,NaN,1.961
47642424,5,31,60,8,4.75,5.15,71.6,1.00005,5.95,5e-05,130.8,NaN,1.6845
48322288,8,30,46,24,7.2,7.595,38.85,281.5,3.45,6.50005,386.9,NaN,2.54
47622390,1,25,61,14,5.4,5.725,60.1,2.00005,4.65,7.00005,288.7,NaN,1.9335
47882408,1,18,57,25,5.8,6.065,120.15,7.00005,7.9,18.10005,207.75,NaN,3.155
47322438,1,37,57,6,5.6,6.085,32.6,5e-05,3.05,5e-05,311.1,NaN,1.1465
47742418,1,37,55,8,6,6.44,58.55,3.00005,5.05,5e-05,303.5,NaN,1.1365
48842482,5e-05,35,53,12,5.15,5.655,30.65,5e-05,3.15,6.60005,91.1,NaN,1.669
48282506,1,46,49,5,7.1,7.535,24.15,18.5,2.45,21.45,122,NaN,1.576
46202440,1,31,57,11,6.7,7.09,31.5,2.00005,2.7,6.30005,205.15,NaN,1.146
48202472,5e-05,27,44,29,6.1,6.43,26.6,1.00005,2.3,6.10005,243.8,NaN,1.056
48702570,1,23,61,15,5.05,5.55,12.65,1.00005,1.55,28.8,111.6,NaN,0.95
47702576,1,38,56,5,7.1,7.425,33.9,70.5,3.75,13.50005,174.65,NaN,2.57
47602574,3,29,65,6,6.2,6.505,29.6,5e-05,2.9,29.60005,132.25,NaN,1.3175
47742548,5e-05,25,61,13,5.4,5.94,30.75,2.00005,3.2,11.75,75.35,NaN,0.97
37802434,16,10,42,48,4.5,4.985,78.85,1,5.15,16.5,133.65,NaN,1.049
37942418,23,12,44,44,4.65,5.215,22.55,1.00005,2.3,66.05,123.5,NaN,1.0265
38222384,23,8,45,48,4.55,5.155,46.55,1.00005,4.2,94.85,170.35,NaN,0.799
37782406,10,14,50,36,4.2,4.725,53.9,1.00005,3.25,13.60005,86.7,NaN,1.0485
38202380,45,11,37,52,3.7,4.26,93,1,4.85,22.20005,175,NaN,1.0795
38022398,30,32,51,18,7,7.295,52.8,89,4.15,10.25,515.4,NaN,2.07
38102416,24,11,44,45,3.9,4.39,112.7,1,7.9,42.9,196.15,NaN,3.2295
37782442,18,8,24,69,4.25,4.835,40.1,5e-05,2.75,23.3,111.8,NaN,0.824
38002370,35,19,63,18,6.7,6.855,153.95,2,14.45,9.70005,192.85,NaN,4.019
40962778,60,4,32,64,3.35,3.9,94.2,1.00005,6.15,43.6,150.9,NaN,1.9
39322344,41,12,42,46,7,7.26,47.15,618.5,4.1,16.4,182.85,NaN,2.28
34962278,16,30,57,13,4.3,4.875,28.05,5e-05,3,7.50005,55.3,NaN,1.02
40042416,34,33,53,14,7.2,7.37,46.5,113.5,4.2,10.10005,192,NaN,3.665
40302406,40,20,55,25,6.95,7.235,53.4,36.5,6,7.60005,210.95,NaN,2.4925
40642558,30,31,55,15,5.35,5.62,37.6,1.00005,5,10.85,129.55,NaN,3.3565
40102396,33,28,44,29,7.05,7.58,29.05,48.5,2.65,6.70005,108.3,NaN,1.6745
40362476,21,19,47,33,7.15,7.475,40.6,156,2.75,6.10005,52.65,NaN,2.1165
40462418,44,24,50,26,7.05,7.4,47.8,135,2.5,4.40005,77.45,NaN,1.8575
40442394,35,22,66,12,7.1,7.36,51.15,372.5,5.95,13.65,67.7,NaN,5.6935
38042406,26,12,45,43,4.55,4.9,19.1,5e-05,2,67.25,109.5,NaN,1.353
37662458,25,19,56,25,5.15,5.545,46.2,5e-05,4.55,40.1,191.05,NaN,2.795
37542498,56,9,61,30,5.4,5.755,168,1,15.2,22.25,224.35,NaN,5.107
37582396,46,39,51,9,7.1,7.38,42.3,77,4.35,23.65,255.25,NaN,1.9285
37582414,26,15,58,28,5,5.39,86.85,1.00005,8,13.15,211.85,NaN,1.1905
37562412,27,10,49,42,4.75,5.26,58.85,1.00005,5.8,43.1,225.95,NaN,1.22
37562422,44,14,66,19,5.05,5.605,103.4,1.5,10.15,14.85,432.85,NaN,2.0025
37362486,30,13,68,19,4.85,5.13,97.7,1.00005,10.1,24.7,301.5,NaN,5.0515
37742488,29,13,57,29,5.15,5.535,63.75,1,6.05,12,115.95,NaN,3.0615
37562466,37,11,57,32,4.55,5.145,111.7,1.00005,9.65,20.5,153.35,NaN,2.0345
37522476,34,12,58,30,4.8,5.345,90.2,1.00005,9.1,18.75,232.1,NaN,2.1945
37402464,22,7,52,41,4.35,4.65,144,1.00005,11.3,25.9,145.95,NaN,2.359
37822460,35,15,32,53,4.3,4.9,17.4,5e-05,2,20,116.05,NaN,0.9655
37922466,21,17,53,31,5.1,5.535,51,1.00005,5.2,20.55,245.8,NaN,1.972
37742466,27,19,59,21,5.75,6.08,44.35,1.00005,4.7,16.4,178.7,NaN,1.0975
37902480,22,12,47,41,5.1,5.6,31.6,5e-05,3.55,11.50005,157.75,NaN,1.1135
38462430,19,14,41,44,4.75,5.045,53.1,5e-05,4.85,47.75,228.8,NaN,2.3685
40102378,40,20,55,25,7.2,7.445,51.25,101,5.4,12.80005,155.2,NaN,3.468
38382422,18,15,52,33,5.6,5.96,39.3,1.00005,4.25,8.50005,83.85,NaN,1.3835
38622408,20,8,37,55,4.25,4.645,31.8,5e-05,3.2,17.1,66.9,NaN,1.421
40162610,35,21,53,26,6.3,6.58,111.15,3,7.65,12.30005,167.4,NaN,2.81
39622460,22,23,48,29,7,7.345,29.7,517,2.2,4.80005,183.8,NaN,2.515
37862420,43,8,32,60,5.45,5.925,21.6,5e-05,1.95,35.95,60.05,NaN,1.391
39822452,24,23,56,20,7.15,7.56,26.65,412,3.25,13.1,124.35,NaN,3.011
38282488,11,5,32,63,3.3,3.995,266.2,1.00005,12.1,28.2,270.4,NaN,2.555
38702462,20,11,29,60,4.65,5.22,25,5e-05,2.55,69.4,322.9,NaN,0.8325
38202488,31,8,36,56,3.8,4.33,27.65,1.00005,1.85,7.50005,41.9,NaN,0.8875
38002456,49,14,47,39,4.3,4.87,50.05,1,3.8,8.50005,151.7,NaN,0.8545
40742298,54,19,56,25,7.05,7.22,67,219.5,5.2,7.50005,345.45,NaN,3.335
40722296,49,14,47,39,6.95,7.25,147.55,73,9.5,16.4,182.7,NaN,3.45
39382432,10,12,35,53,4.5,5.1,27.35,1.00005,2.05,7.80005,45.3,NaN,0.6845
39542368,65,27,47,27,7.05,7.34,46,421,2.9,7.20005,300.35,NaN,2.12
38582330,32,20,32,48,7.4,7.95,13.55,69,1.35,38.65,479.9,NaN,1.4375
38822466,40,6,31,63,3.15,3.785,143.3,1,7.25,28,111.85,NaN,1.6865
38682370,26,26,31,42,7.4,8.205,3.8,447,0.8,7.80005,84.5,NaN,1.2365
38702372,26,17,42,41,7.05,7.48,29.4,228,2.3,9.80005,186.7,NaN,1.6165
38882368,9,12,30,57,7.2,7.73,6.65,3.5,0.85,17.75,162.6,NaN,0.9335
38442378,37,10,24,66,5.5,6.06,19.15,5e-05,1.35,9.70005,90.75,NaN,0.5035
38502352,35,22,53,24,7.05,7.52,37.45,468.5,3.35,6.80005,225.35,NaN,1.689
36162240,32,26,53,21,5.1,5.535,35.6,1,4.05,8.10005,103.55,NaN,0.9645
42742164,22,14,61,25,6.85,7.135,29.05,12,2.85,5.70005,95.4,NaN,2.535
37362472,22,11,57,32,4.6,5.2,94.25,1.5,7.55,11.20005,264.9,NaN,0.9135
39882558,40,26,59,14,7,7.2,88.6,35,9.35,12.3,241.6,NaN,5.89
38682466,15,15,47,38,4.55,5.07,39.45,5e-05,4.15,27.05,229.55,NaN,2.8635
42762108,12,16,29,55,6.45,6.75,15.25,5e-05,1.65,9.25,178.35,NaN,0.8635
37802422,34,6,37,57,4.45,4.995,62.95,5e-05,5.1,22.55,140.65,NaN,1.4215
38422434,17,16,35,49,4.3,4.835,21.9,5e-05,2.3,26.95,157.6,NaN,0.763
35382238,54,21,58,21,4.45,5.6,81.5,1.00005,8.3,44.2,464.6,NaN,3.9055
38542438,53,11,61,28,5.4,5.86,105.8,1.00005,10.2,16.45,475.6,NaN,1.4565
38622468,38,6,30,64,4.4,4.92,111.35,1,5.8,28.9,253.3,NaN,1.607
40202532,24,16,53,31,6.65,6.97,94.2,3.5,6.6,12.20005,151.05,NaN,1.9475
38342524,28,7,35,59,3.5,4.155,118.1,5e-05,7.15,31.75,128.35,NaN,1.6725
37822406,31,11,42,48,4.9,5.61,62.85,1.00005,4.85,15.8,283.85,NaN,1.057
40502560,24,28,52,20,5.4,5.825,50.6,1,4.3,5.20005,95.3,NaN,0.784
40562558,45,30,58,13,7,7.21,54.8,100.5,5.8,9.90005,197.7,NaN,3.765
38762486,7,14,51,35,4.9,5.44,61.65,5e-05,5.75,13.7,159.2,NaN,0.768
51724894,17,6,35,59,4.15,4.67,16.3,5e-05,0.7,9.60005,25.15,NaN,0.3005
49445044,17,8,25,67,4.35,4.74,12.25,1,0.65,6.30005,21.75,NaN,0.2985
49724820,7,7,58,35,4.9,5.235,81.05,1.00005,6.85,30.2,57.1,NaN,6.463
51305050,16,3,16,81,3.9,4.54,8.3,5e-05,0.5,5e-05,24.3,NaN,0.2985
51644872,16,9,40,51,4.05,4.71,45.25,1,1.65,5.00005,49.45,NaN,0.4435
49805044,40,14,32,54,4.2,4.57,19.05,1,0.9,25.70005,22.85,NaN,0.35
49845142,8,4,17,78,4.3,4.635,21.3,1.5,0.95,5e-05,18.35,NaN,0.3175
49425226,8,0,0,100,5.95,6.26,0.40005,1.00005,0.10005,5e-05,23.35,NaN,0.2585
49985170,25,8,27,65,4.4,4.635,19.5,1,0.9,8.90005,26.05,NaN,0.322
50045170,17,7,28,66,3.8,4.305,15.4,1,0.65,5e-05,18.8,NaN,0.301
50225104,24,5,16,80,4,4.525,9.6,1,0.6,5e-05,22.7,NaN,0.306
51065058,13,6,28,66,4.3,4.66,25.35,1,1.15,5e-05,31,NaN,0.359
51105052,9,5,15,80,4.3,4.78,8.95,1,0.45,5.60005,19.8,NaN,0.2765
51265074,11,4,18,79,5.15,5.685,5.75,1,0.6,5e-05,18.05,NaN,0.5195
33562152,42,28,41,30,7.65,8.3,14.75,325.5,1.35,46.5,263.45,NaN,1.5575
33362132,26,36,44,20,7.35,7.945,12.6,483.5,1.6,11.95,340.55,NaN,1.5715
33562164,18,41,41,18,7.8,8.23,5.3,518.5,0.8,10.60005,178.35,NaN,2.544
33222156,16,38,39,23,7.5,7.985,13.6,108,1.75,12.40005,173.15,NaN,1.638
33522120,42,27,52,22,7.55,8.045,19.55,168.5,0.75,9.40005,340.25,NaN,1.5255
33722078,12,45,35,20,7.5,7.93,9.05,55.5,1.1,25.55,401.65,NaN,1.548
33402066,28,28,30,42,7.55,7.965,10.2,24.5,1.2,29.7,309.5,NaN,1.3465
33582148,26,32,47,21,7.45,7.9,17.05,566,2.1,12.7,104.75,NaN,1.8795
31002080,51,18,48,34,5.85,6.315,8.55,5e-05,1.15,36.85,214.7,NaN,0.877
33502132,24,19,36,45,7.35,7.74,16.7,106.5,1.3,14.75,328.35,NaN,2.965
33762090,32,20,42,39,6.6,6.705,33.05,1.00005,3.7,12.5,344.2,NaN,6.0985
33762084,48,18,24,58,5.25,5.7,5.2,5e-05,0.8,16.9,70.15,NaN,0.9465
33622104,40,22,32,46,6.8,7.275,17.35,1,1.9,53.9,433.15,NaN,2.2715
28621768,44,24,44,31,5.35,6.09,33.45,5e-05,2.45,5e-05,102.7,NaN,0.4815
28201786,36,22,38,41,5,5.77,11.9,1.00005,1.5,5e-05,58.05,NaN,0.39
28641812,39,23,53,24,4.65,5.39,21.5,1,1.75,5e-05,78.2,NaN,0.403
30481942,34,34,51,15,5.15,5.815,22.35,5e-05,2.55,5e-05,151.05,NaN,0.422
30002322,39,25,53,22,4.05,4.84,27.6,5e-05,2.6,5e-05,88.65,NaN,0.3825
33341912,32,16,48,36,7.45,7.85,48.15,602.5,3.15,11.20005,217.8,NaN,2.16
30602080,21,3,14,83,5.2,5.705,7.4,5e-05,0.9,11.45,106.55,NaN,0.627
33482116,76,12,26,62,6.7,6.895,20.55,1.00005,2.15,11.35,195.35,NaN,1.1025
32861932,11,35,40,26,7.45,7.83,15.45,415.5,1.6,33.55,580.9,NaN,2.3045
28341822,19,15,40,45,4.9,5.625,20.2,1,2,7.00005,84.05,NaN,0.539
33021926,19,30,38,33,7.55,7.995,15.55,423,1.5,9.70005,410.35,NaN,1.3115
33502070,27,12,25,63,5.75,6.115,10.8,1,1.1,59.55,186.7,NaN,0.916
33481922,10,9,17,74,7.35,7.76,9,38.5,0.55,5e-05,104.3,NaN,1.3805
33541946,21,30,46,24,7.25,7.745,21.9,495.5,1.65,5e-05,436.95,NaN,1.7905
33421936,14,23,35,42,7.5,8.09,11.6,268,0.7,5e-05,175.6,NaN,1.318
33341918,26,28,49,23,7.5,7.93,30.05,273,3.1,30.75,342.3,NaN,2.171
28481804,25,35,36,29,4.6,5.32,24.45,1,1.35,5e-05,130.05,NaN,0.5705
33541942,33,24,46,30,7.35,7.65,40.95,417.5,3.3,8.90005,268.5,NaN,2.9025
30302068,19,10,23,67,5.35,5.99,11.2,5e-05,1.2,14,104.3,NaN,0.5145
30242062,22,4,17,79,5.45,6.205,8,5e-05,0.95,10.7,100.55,NaN,0.4055
30062074,23,6,33,61,5.45,6.06,10.1,1.00005,1.3,5e-05,64.25,NaN,0.5595
30182074,27,9,25,66,5.25,6.03,8.55,5e-05,0.95,5e-05,67.45,NaN,0.3505
33801996,23,21,37,42,7.6,8.145,10.75,582,1.15,14.15,105,NaN,1.7835
32161828,48,21,53,27,7.5,7.94,57.55,262.5,2.75,7.50005,210.95,NaN,1.8915
32641820,51,21,50,29,7.35,7.705,89.3,240.5,4.6,7.90005,503.3,NaN,2.45
32641826,51,23,31,46,7.55,8.145,22.25,567,0.95,16.05,272.5,NaN,1.532
30642062,14,10,25,66,5.2,5.705,17.85,5e-05,1.85,48.05,388.3,NaN,0.711
29902060,21,13,36,50,4.25,4.79,37.75,5e-05,2.55,49.4,128.3,NaN,0.792
28941636,30,43,39,18,7.3,7.625,15,29,1.9,5e-05,582.35,NaN,1.464
29021648,17,53,37,10,7.4,7.82,7.05,700.5,1.35,12.25,242.7,NaN,1.557
29181638,6,20,37,43,5.1,5.79,37.55,1,3.05,5e-05,361.1,NaN,0.7115
28781620,40,50,38,12,7.5,7.71,13.5,205,1.25,18,581.15,NaN,2.861
31022060,11,12,31,57,4.5,4.92,20.3,5e-05,2.05,12.95,183.55,NaN,1.4825
30942046,58,14,38,48,5.15,5.82,8.4,5e-05,0.85,5e-05,88.25,NaN,0.385
33702020,43,20,50,30,7.35,7.82,20.15,516,2.35,5e-05,155.5,NaN,2.495
35302214,14,18,59,22,7.05,7.285,37.45,74.5,3.2,5e-05,49.7,NaN,2.078
33421984,11,22,26,52,7.3,7.76,6.4,2.5,0.9,4.80005,162.95,NaN,1.483
33662002,21,30,29,42,7.65,8.145,6.8,389,0.95,8.70005,238.65,NaN,1.945
33642006,21,23,61,16,7.75,7.855,27.3,619,3.35,22.55,395,NaN,35.983
33642010,19,40,53,7,7.7,8.21,10.2,248.5,1.25,4.80005,301.95,NaN,2.499
32122142,26,31,43,26,7.3,7.72,23.5,630,2.35,5e-05,308.2,NaN,1.888
32322112,36,22,54,23,7.25,7.465,66.3,248,3.75,4.70005,479.35,NaN,1.591
32202096,8,8,39,52,4.15,4.825,41.1,1.00005,2.2,7.00005,67.6,NaN,0.7355
34762196,27,22,48,30,7.15,7.45,36.95,351.5,2.75,5e-05,127.5,NaN,2.195
34082276,16,27,62,10,4.55,4.93,37.5,1,3.25,9.10005,133.35,NaN,2.747
33602016,39,23,29,49,7.6,8.25,14.2,354.5,0.9,17.95,256.15,NaN,1.52
33642016,30,46,47,7,7.65,8.02,20.45,301,2.55,24.35,257.75,NaN,3.2415
33842008,15,58,33,9,7.65,8.045,8.9,184.5,1,11.4,857.65,NaN,2.3375
33862010,10,52,35,13,7.6,8.105,8.85,192,1.25,12,697.3,NaN,2.16
33802018,33,26,28,45,7.4,8.03,10.3,215.5,1,10.95,194.75,NaN,1.6265
30182344,19,16,43,41,3.95,4.505,46.85,5e-05,3.35,9.60005,100.1,NaN,0.982
30202338,21,18,50,33,5.3,5.685,82.8,1.5,7.55,11.80005,138.15,NaN,4.3
29962314,49,14,46,39,3.75,4.29,77,5e-05,4.2,9.80005,59.3,NaN,0.769
29982310,9,17,71,12,3.95,4.06,129.45,5e-05,9.15,20.55,128.9,NaN,3.8045
29642278,43,16,40,44,4.3,5.12,26.45,5e-05,2.5,4.70005,38.25,NaN,0.249
30202314,16,12,51,37,4.15,5.16,42.05,1.00005,2.05,7.20005,72.2,NaN,0.4755
32341804,37,13,43,44,7.3,7.71,108.15,250.5,2.15,5e-05,148.7,NaN,1.615
30682344,19,22,58,20,6,6.15,45.6,5e-05,5.15,9.90005,54.9,NaN,1.782
29882354,32,9,38,53,3.3,3.915,146.8,5e-05,12.05,19,90.95,NaN,1.0675
29902286,23,29,51,20,4.1,4.37,15.75,5e-05,1.9,17.6,161.9,NaN,1.859
29822290,32,18,48,34,4.15,4.44,24.65,5e-05,2.75,9.70005,48.6,NaN,1.6945
29942284,39,16,45,38,4.15,4.43,15.55,5e-05,1.85,11,66.65,NaN,1.187
30082312,47,30,56,14,5.7,5.99,17.5,5e-05,2.15,37.35,193.95,NaN,1.3635
29922272,25,9,33,58,4,5.02,47.5,5e-05,2.3,8.10005,80.5,NaN,0.393
31622092,30,11,24,65,4.95,5.495,15.9,1.00005,1.3,6.70005,79.9,NaN,1.028
31782102,18,13,41,46,4.45,4.83,33.75,5e-05,3.3,24.05,262.35,NaN,3.3285
32602088,11,38,48,15,7.45,7.855,22.6,111,1.5,14.65,834.75,NaN,1.703
28461956,42,25,34,40,4.25,5.16,20.7,5e-05,1.7,5.50005,42.1,NaN,0.4415
31842088,20,14,40,46,5.7,5.97,18.65,1.00005,1.9,8.40005,175.35,NaN,3.198
32582066,10,26,46,28,7.25,7.735,75.95,130.5,2.35,5e-05,423.45,NaN,1.2995
32722080,14,40,43,17,7.55,8.155,32.2,164.5,1.15,7.60005,300.25,NaN,1.423
32642078,15,29,51,20,7.2,7.615,28.95,2,2.45,5e-05,380.5,NaN,1.1295
32581810,77,12,49,39,7.5,7.95,116.95,201.5,2.55,5e-05,140.9,NaN,2.0365
32342062,24,28,50,22,7.35,7.83,28.65,174,2.7,36.15,367.85,NaN,1.602
33941964,59,30,34,36,7.65,8.17,13.9,327,1.3,13.5,261.2,NaN,1.907
32362184,18,15,32,53,4.8,5.405,19.9,1.00005,1.1,5e-05,74.1,NaN,0.531
32421728,26,30,39,31,7.5,8.105,11.6,614.5,1.25,40.55,165.25,NaN,1.829
32441724,46,18,39,43,7.45,7.855,36.15,646,3.25,10.90005,248.05,NaN,1.7335
32341732,68,13,40,47,7.4,7.92,33.35,636,2.6,15.30005,125.5,NaN,1.904
32222200,40,16,39,45,4.35,4.92,27.45,1.00005,2.6,10.60005,104.25,NaN,1.07
32422190,8,11,34,55,5.75,5.9,24.7,1,2.7,54.95,209.6,NaN,4.285
32302088,38,4,20,76,5.65,6.11,13.1,5e-05,1.6,6.20005,78.9,NaN,0.602
32202078,13,46,43,10,7.5,8.05,22.1,411.5,1.15,17.05,397.15,NaN,1.868
34402006,42,24,39,36,7.25,7.72,20,637.5,1.6,7.20005,144.7,NaN,1.574
32262002,13,21,45,33,7.6,7.64,39.25,460.5,1.25,5.70005,88.1,NaN,22.9
34042042,31,23,43,34,7.25,7.725,33.75,424,2.5,7.30005,318.25,NaN,1.769
33981964,16,31,36,33,7.6,8.035,9.35,124.5,1.2,5.90005,213.8,NaN,1.431
34262024,44,21,55,24,7.45,7.855,61.05,291.5,3.2,8.10005,158.35,NaN,2.842
34302022,45,31,47,22,7.35,7.775,33.45,659.5,3,7.30005,272.55,NaN,2.531
32701756,24,49,36,15,7.55,8.17,9.9,670,0.8,4.80005,136.75,NaN,1.4915
34082032,22,27,46,26,7.45,7.905,13.9,188,1.25,16.00005,172.45,NaN,1.793
34522014,27,27,49,24,7.4,7.84,36.05,684,3.55,6.10005,181.25,NaN,1.6765
31761666,41,7,37,56,7.6,8.435,4.05,25.5,0.55,5e-05,36.25,NaN,0.952
32342056,42,34,48,18,7.5,7.925,19.4,416,1.9,41.35,175.1,NaN,1.929
32581742,16,41,44,15,7.6,8.155,28.05,417.5,1.7,18.4,532.2,NaN,2.5665
32541738,10,34,45,20,7.6,8.18,10.45,674,1.1,11.60005,207.95,NaN,2.0075
32521732,29,13,39,48,7.3,7.915,23.35,687,1.95,5.50005,110.7,NaN,1.531
34442050,42,16,48,36,7.35,7.84,38.9,437,3.1,9.70005,167.05,NaN,2.3665
32942170,14,35,45,20,7.45,7.905,33.05,164.5,3.2,5e-05,516.2,NaN,1.3885
32902176,2,37,52,11,7.4,7.91,11.05,29.5,1.65,11.50005,121.7,NaN,1.971
32702146,1,5,14,81,5.45,5.91,9.9,5e-05,0.6,8.35,44.9,NaN,0.3995
32842152,3,21,32,46,7.15,7.545,17.6,248,2.15,270.8,474.45,NaN,3.975
32822154,3,12,28,60,7.4,8.135,5.7,159.5,0.55,13.50005,53.65,NaN,1.1875
32902162,4,25,50,26,7.35,7.82,22.5,515,2,5e-05,186.6,NaN,1.432
32282154,3,11,19,70,6.95,7.455,5.8,2,0.7,9.10005,99.95,NaN,1.2355
33002136,3,36,40,24,7.55,8.07,8,388,1.25,23.15,184.55,NaN,1.714
32502156,8,20,30,50,7.35,7.875,10.65,45.5,1.1,40.35,219.55,NaN,1.546
32942164,4,31,47,22,7.45,7.91,11.35,61.5,1.45,14.95,203.6,NaN,1.375
32902116,3,23,44,33,7.45,8.04,14.25,360,1.25,5e-05,89.15,NaN,1.2975
33042166,7,26,48,26,7.3,7.78,29.85,410,2.45,5e-05,116.65,NaN,1.726
32642154,6,13,22,64,7.6,8.355,3.25,113.5,0.5,11.60005,64.45,NaN,1.165
33182168,11,33,49,18,7.55,8.045,16.55,255,2.1,44.1,94.9,NaN,2.803
32902134,4,46,45,8,7.5,7.995,19.15,303,2.4,13.95,327.85,NaN,1.925
33002132,8,23,50,27,7.5,8.225,18.75,410,1.65,5e-05,173.75,NaN,1.966
33082144,2,30,48,22,7.35,7.62,24.95,79,3,63.05,150.15,NaN,2.7955
32561746,19,43,38,18,7.6,8.11,11.6,662.5,1.1,14.1,223.95,NaN,1.8715
32722180,3,20,40,40,4.6,5.18,29.6,5e-05,1.75,7.30005,136.65,NaN,0.529
29941942,22,24,52,23,4.75,5.165,12.25,5e-05,1.55,15.70005,125.5,NaN,1.5445
29661968,16,21,53,26,5.2,5.84,13,5e-05,1.6,8.30005,65.6,NaN,0.6345
33062038,15,27,55,18,7.35,7.68,51.45,63,4.2,7.10005,378.1,NaN,1.4515
33202038,8,35,51,15,7.4,7.78,35.4,38,3.5,8.60005,399.1,NaN,1.248
33182050,12,32,30,38,7.5,8.08,8.35,280.5,0.9,25.75,386.8,NaN,1.529
33342044,19,36,48,16,7.55,8.03,13,91,1,25.3,457.1,NaN,1.4435
33262036,15,23,57,20,7.25,7.595,73.9,57,7.25,11.80005,951.8,NaN,1.721
33162048,7,47,40,13,7.9,8.32,11.8,193,0.85,12.45,525.25,NaN,1.7755
33202056,19,22,33,45,4.95,5.56,13.7,5e-05,1.25,38.25,112.7,NaN,0.753
33282060,19,41,36,23,7.25,7.78,25.65,68.5,2.5,56.7,713.5,NaN,1.5715
33242080,10,14,28,58,7.35,7.705,38.5,29.5,2.65,6.80005,223.05,NaN,1.521
33302074,14,17,61,22,7.5,7.855,81.1,293.5,5.95,9.10005,179.35,NaN,2.7635
33222072,22,34,45,21,7.55,8.045,5.6,730.5,0.8,42.65,186.95,NaN,1.4585
33182064,15,38,43,20,7.55,8.025,17.35,368.5,1.9,23.5,561.05,NaN,1.7415
33122056,10,16,56,28,7.35,7.695,55.4,546,4.2,8.20005,366.5,NaN,1.921
33122048,22,22,50,28,5.85,6.205,38.45,1,3.5,6.20005,198.5,NaN,0.6585
32241830,30,44,37,19,7.35,7.97,18.85,347,1.1,12.6,497.25,NaN,1.391
32321850,53,27,40,33,7.55,8.105,25.35,330.5,2.7,8.70005,418,NaN,1.6215
32341846,53,29,50,22,7.6,8.095,51.4,300,2.5,12.65,387.85,NaN,1.7785
32301854,30,44,33,23,7.4,7.9,30.9,288,1.5,10.90005,541.2,NaN,1.765
32461852,36,32,39,29,7.7,8.21,22.65,217.5,1.2,5e-05,351.65,NaN,1.5305
32421848,35,36,45,19,7.45,7.86,27.9,287.5,2.05,5e-05,573.2,NaN,1.362
32341828,18,45,35,20,7.55,7.955,12.65,243.5,1.45,22.55,712.1,NaN,1.364
32441828,29,25,57,18,7.35,7.57,94.9,64.5,5,9.20005,588.3,NaN,1.986
32421826,22,19,28,53,7.45,7.965,12.9,759.5,1.35,34.35,182.9,NaN,1.772
32401822,16,27,36,37,7.35,7.92,18.95,162,2.05,5e-05,460.2,NaN,1.2895
32821848,40,17,31,53,7.6,7.995,19.5,639,2.05,86.4,377.95,NaN,5.623
32161854,37,23,33,44,7.6,8.165,18.6,567,1.85,28.45,397.85,NaN,1.8535
32301818,34,41,46,13,7.45,7.85,32.5,103.5,3.55,5e-05,865.5,NaN,1.403
29582266,44,12,51,37,4.05,4.575,53.8,5e-05,3.7,5e-05,72.3,NaN,0.584
29902262,37,19,52,30,4.15,4.695,45.15,5e-05,1.75,5e-05,67,NaN,0.471
29722262,26,15,34,50,5.1,5.865,13.2,5e-05,1.1,5e-05,55.15,NaN,0.3725
29422254,48,10,60,30,4,4.435,67.85,5e-05,4.15,5e-05,59.1,NaN,0.6665
29702264,45,12,45,43,3.65,4.12,103.75,5e-05,5.15,22.80005,85.35,NaN,0.8325
29402258,25,7,42,50,4.3,4.7,33.65,5e-05,2.75,14.3,98.35,NaN,1.9275
29162260,24,10,37,53,4.1,4.145,57.5,5e-05,3.65,28.9,113.85,NaN,2.2705
29222276,23,5,29,66,4.45,5.25,54.2,5e-05,4.05,13.60005,79.1,NaN,0.377
32842038,23,35,40,25,7.5,8.07,17.6,511.5,1.4,23,218,NaN,1.744
32522074,13,26,41,33,7.55,7.87,22.15,189,2.2,7.00005,398.3,NaN,1.1085
32502072,11,31,52,16,7.1,7.535,25.5,16.5,2.8,57.2,552.05,NaN,1.907
32342070,15,24,50,26,7.4,7.845,34.3,508,3.45,7.60005,144.95,NaN,2.221
33222066,15,34,43,23,7.5,8.165,16.95,339.5,1.95,5e-05,291.95,NaN,1.262
32862048,18,32,39,29,7.3,7.795,17,43.5,1.55,12.55,336.65,NaN,1.207
32802056,15,42,42,16,7.4,7.875,29.75,339.5,2.2,5e-05,493.4,NaN,1.1995
32782060,16,39,42,19,7.35,7.755,39.8,269,3.1,5e-05,607,NaN,1.2055
32822060,14,31,46,22,7.2,7.525,42.6,145.5,3.6,5e-05,922.5,NaN,1.9885
33002072,17,21,45,34,7,7.375,39.65,14.5,4.2,11.3,528,NaN,1.4305
32902080,14,19,54,27,7.3,7.695,54.2,455,3.45,5.60005,241.65,NaN,1.627
33022074,23,35,45,20,7.45,8.085,14.15,640,1.25,13.65,281.15,NaN,1.6135
32461726,23,40,38,22,7.55,8.175,6.75,704,1.05,6.70005,168.85,NaN,1.5475
32401714,24,24,30,46,7.6,8.36,19.8,637,0.7,8.40005,127.85,NaN,1.7695
32501706,43,11,24,66,7.4,7.89,21.35,882,1.85,13.00005,67.75,NaN,1.8425
31661638,26,31,50,19,7.45,7.835,42,160.5,3.15,5.40005,184.1,NaN,1.962
32401702,51,11,28,61,7.2,7.605,18.15,234,1.75,8.30005,148.1,NaN,1.735
32401696,38,33,34,33,7.55,8.085,4.2,8.5,0.75,8.20005,229.75,NaN,1.3865
33941950,20,36,41,24,7.35,7.805,26.7,168,2,17.45,178.25,NaN,3.055
32281694,37,17,40,43,7.2,8.035,7.9,37,0.75,5.40005,92.6,NaN,1.1605
33402018,29,39,38,23,7.4,7.985,13.65,535,1.7,11.25,479.6,NaN,1.6665
32902014,26,27,51,22,7.5,7.7,33.9,380,2.75,5.20005,201.3,NaN,1.838
33322024,15,12,20,68,7.5,7.99,15.1,191,0.75,5e-05,100.05,NaN,1.1905
33542032,14,19,52,29,7.5,7.97,26.85,730,3,6.50005,216.55,NaN,1.6175
33422034,5,9,31,60,6.4,6.675,24.8,1.00005,2.4,6.20005,234.2,NaN,1.3345
33282024,21,25,44,31,6.7,7.075,19,5e-05,2.1,21.4,149.45,NaN,0.8175
33342026,23,20,45,35,7.5,7.98,37.4,225.5,2.2,6.50005,286.4,NaN,1.623
33382016,13,25,59,16,7.35,7.77,54.3,64.5,5.25,7.20005,586.9,NaN,1.6
33422016,16,21,56,23,7.3,7.535,84.35,147,7.45,10.9,695.7,NaN,2.215
33442014,11,25,59,16,7.45,7.7,82.4,98.5,7,11.3,558.25,NaN,1.9345
33482012,12,23,58,19,7.45,7.825,59.55,180.5,5.7,9.95,375.6,NaN,1.849
33362014,22,28,38,34,5.25,5.945,9.9,5e-05,1.15,5.90005,112.75,NaN,0.6225
33382002,22,22,34,44,7.5,8.1,13.65,620.5,1.3,5e-05,238.95,NaN,1.4245
33321992,27,18,44,38,7.35,7.765,32.45,314.5,1.8,7.30005,208.05,NaN,1.6895
33322042,20,38,41,21,7.55,8.12,15.1,501.5,0.95,31.00005,445.35,NaN,1.6815
33362046,22,5,15,79,6.25,6.67,6.05,1.00005,0.5,5e-05,38.3,NaN,0.355
33362050,21,18,39,43,5.3,5.915,6.45,1.00005,0.8,65.55,141.35,NaN,0.575
33362024,19,21,56,23,7.4,7.88,26.5,508,2.3,5e-05,183.35,NaN,1.399
33442050,15,23,28,48,7.45,8.05,9.6,261,1.15,33.05,241.1,NaN,1.579
33382062,21,15,42,43,7.35,7.745,67.35,380.5,4.3,10.20005,470.5,NaN,1.905
33302062,23,16,38,46,5.7,6.255,12.55,1.00005,1.45,57.3,124,NaN,0.762
33342056,11,30,43,27,7.4,7.89,31.3,242.5,3.15,86.6,648.6,NaN,1.993
33302056,15,28,44,28,7.3,7.86,12.95,51.5,1.6,22.4,175.15,NaN,1.4595
33222054,31,29,37,35,5.4,5.895,15.75,5e-05,1.55,70.95,322.35,NaN,0.9025
33002010,19,20,38,42,6.6,6.955,31.2,4,1.65,7.60005,165.35,NaN,1.0235
32722058,19,39,34,27,7.45,7.955,30.3,146.5,1.7,25.4,410.6,NaN,1.531
33022026,7,28,57,15,6.55,6.985,24.55,1.00005,2.35,5.40005,279,NaN,0.756
32862036,8,32,54,14,7.2,7.59,26,7,2.15,5.20005,208.15,NaN,1.1675
32562028,26,46,37,17,7.4,7.845,17.6,319,1.6,31.5,540.45,NaN,1.7305
32541744,42,16,46,38,7.45,7.935,66.35,311,3.25,16.10005,237.25,NaN,2.301
33262054,9,8,16,76,4.6,5.54,4.45,5e-05,0.65,39.25,91.55,NaN,0.3815
33002172,22,22,49,29,7.2,7.775,8.75,135,1.4,7.00005,74.4,NaN,1.9025
33162174,42,21,51,28,7.35,7.865,23.8,518.5,2.85,3.10005,52,NaN,2.128
33602170,7,41,46,13,7.6,7.7,18.25,214,1.85,17.45,279.25,NaN,23.897
33262130,31,31,39,30,7.3,7.64,16.6,441.5,1.7,20.65,293.55,NaN,2.056
32422124,38,30,35,35,7.6,8.085,12.65,383.5,1.25,20.75,251.8,NaN,1.6715
31061644,25,8,26,67,7.55,8.1,112.15,148,1.45,2.50005,38.45,NaN,1.544
33182126,18,30,54,16,7.85,8.515,11.05,81.5,0.7,6.70005,162.8,NaN,1.531
32422100,42,26,65,9,4.55,5.07,1.20005,5e-05,0.4,5e-05,173.85,NaN,0.261
32562088,30,23,48,30,7.45,7.87,43.55,406,2,4.20005,290.95,NaN,1.621
32402110,15,19,34,47,6.45,6.595,5.65,1.00005,0.75,8.70005,130.55,NaN,0.567
32662124,35,41,34,25,7.4,8.02,14.7,289,1.5,11.90005,233.45,NaN,1.4715
32642126,35,21,46,33,7.3,7.625,36.85,115,2.65,6.60005,541.75,NaN,2.25
32702124,14,41,40,19,7.6,8.07,14.45,245.5,1.5,18.25,299.15,NaN,1.4325
30961660,23,36,49,16,7.4,7.9,29.85,95,3.3,4.60005,155,NaN,1.5525
30941650,33,29,54,17,7.4,7.765,48.45,49,2.25,2.60005,141.75,NaN,1.383
30861660,8,52,36,12,7.65,7.725,8.85,500.5,1.05,7.10005,403.55,NaN,20.315
33881972,51,36,36,28,7.55,8.065,14.35,266.5,1.65,18.6,257.85,NaN,2.123
33921966,61,26,36,37,7.55,7.995,21.85,302.5,1.85,14.4,374.2,NaN,1.929
33901970,42,24,26,50,7.45,7.945,13.25,158.5,1.3,7.30005,211.85,NaN,1.9095
33901978,41,28,36,36,7.65,8.145,11.25,307.5,1.4,11.90005,173.6,NaN,1.591
32761990,12,36,39,25,7.35,7.83,16.95,332.5,1.55,5e-05,398.2,NaN,1.5785
32401976,30,35,52,13,7.55,7.95,17.65,566.5,2.05,11.9,192.95,NaN,1.758
33602008,50,29,49,22,7.6,8.02,19.6,524,2.05,33.05,252.25,NaN,2.125
32582128,31,15,37,47,7.5,7.985,9.2,633.5,1.45,27.25,287.6,NaN,1.558
33021720,31,18,41,42,7.45,7.76,100.85,179,3.3,8.90005,391.15,NaN,2.255
32501698,33,26,43,32,7.6,8.305,14,254.5,1.1,7.60005,227.15,NaN,1.4295
33582004,75,25,57,18,7.45,7.825,67.7,247.5,5.55,10.9,446.45,NaN,4.745
33582000,31,29,43,28,7.65,8.025,16.45,492.5,1.8,14.6,183.45,NaN,2.735
33421990,21,31,42,27,7.5,7.93,11.6,78.5,1.55,6.80005,375.75,NaN,2.0705
34242002,20,18,54,28,7.65,8.115,71.35,436.5,1.5,5e-05,74.05,NaN,1.6915
33582012,33,34,45,21,7.55,8.095,15.7,601.5,1.8,8.80005,270.55,NaN,2.1975
33622004,40,17,32,51,7.6,8.145,22.15,675,1.1,6.70005,116.7,NaN,1.602
34222016,33,29,27,44,7.45,7.925,9.7,168.5,1.2,10.20005,237.9,NaN,1.579
34022002,23,23,26,50,7.4,7.87,11.25,9.5,1.3,5.00005,216.45,NaN,1.227
34062008,7,24,42,35,7.45,7.9,14.8,245,1.75,18.80005,232.15,NaN,2.38
36862148,21,20,47,33,7,7.25,31.35,49,4,12.45,266.45,NaN,1.8765
36882150,33,30,49,21,6.4,6.59,26.8,1,2.7,2.30005,117.05,NaN,1.2655
36982170,43,19,53,28,4.3,4.95,51.95,5e-05,5.3,10.60005,84.75,NaN,0.7065
33001952,51,14,48,38,7.35,7.705,98.8,170,4.9,7.40005,194.9,NaN,1.5735
34241792,19,38,44,18,7.3,7.785,14,582,1.9,6.00005,239.2,NaN,1.6
33661822,11,18,39,43,7.3,7.95,80.85,176.5,2.35,11.90005,254,NaN,1.659
32802138,30,7,22,71,6.1,6.465,17.7,1.00005,1.35,3.70005,70.15,NaN,1.0485
32821946,16,25,56,19,7.15,7.48,62.1,134,2.35,5.70005,311.7,NaN,1.331
33762000,18,47,39,14,7.6,8.03,16.8,509.5,1.95,20.95,384.6,NaN,2.909
32621966,17,37,44,19,7.4,8.05,13.65,432.5,0.6,5e-05,156.3,NaN,1.175
32601970,8,24,41,35,7.25,7.535,25.2,178,2.25,5e-05,331,NaN,1.6825
32641960,11,33,28,39,7.65,8.05,7.35,138,1,16.05,304,NaN,2.3155
32781992,33,21,34,45,7.55,7.82,23.45,578.5,1.55,41.4,372.55,NaN,1.8685
32721996,30,38,43,19,7.45,7.87,21.95,414.5,1.85,20.75,405.55,NaN,2.6205
32761984,22,19,37,43,7.2,7.415,21.45,364,2.05,11.60005,443.25,NaN,2.111
32701972,40,20,41,39,7.05,7.37,38.85,255.5,2.45,6.50005,417.4,NaN,2.0735
32802128,25,28,48,23,7.25,7.64,26.45,381,2.5,4.60005,366.75,NaN,1.943
32901942,16,10,34,56,7.25,7.425,110.6,170.5,2.55,3.40005,109,NaN,1.2285
32901936,28,41,35,24,7.6,8.075,17.3,303.5,1.55,18.50005,395.5,NaN,1.35
33321944,36,27,52,21,7.35,7.78,64.9,60.5,3.55,3.50005,621.4,NaN,1.976
32601974,20,37,45,18,7.15,7.555,20.6,452,1.9,5e-05,480.45,NaN,1.404
32862162,15,7,14,79,7.25,7.845,4.9,14.5,0.7,2.50005,69.1,NaN,1.226
32742100,33,31,52,17,7.4,7.93,60.55,162,1.75,24.1,254.6,NaN,1.8435
32762098,31,43,37,20,7.4,7.985,31.35,223.5,1.3,13.45,474.95,NaN,1.7545
32862138,10,11,26,63,5.7,6.005,14.1,1,1.2,3.10005,63.15,NaN,0.466
33022092,14,20,40,40,7.55,8.115,17.75,411,1.5,4.30005,137.25,NaN,1.422
32242124,41,20,42,39,7.15,7.61,18.7,634,1.5,2.80005,285.3,NaN,1.368
32402116,22,37,50,14,7.3,7.725,37.15,44.5,3.7,3.00005,510.95,NaN,1.6595
32102126,19,34,33,34,7.4,7.915,9.55,129,1.25,22.6,291.7,NaN,2.091
32722108,27,45,42,14,7.45,7.88,22,288.5,2.2,36.95,469.8,NaN,1.702
33162080,32,16,52,32,7.35,7.82,60.05,522,2.9,6.30005,190.6,NaN,1.6265
32902122,15,37,38,25,7.6,8.315,5.5,268.5,0.6,7.10005,167.25,NaN,1.265
33142106,10,25,30,45,7.5,8.005,6.5,265,0.6,9.30005,224.85,NaN,1.4745
33262086,29,23,58,19,7.4,7.725,36.9,136.5,3.85,4.10005,374.1,NaN,1.4895
32982084,38,37,42,20,7.4,7.785,16.25,328,1.8,13.35,578.2,NaN,1.531
32882088,39,32,50,18,7.5,7.9,38.6,266.5,3.35,28.8,553.35,NaN,1.6435
32501968,15,56,35,8,7.5,7.98,13.6,178,1.35,19.1,695.05,NaN,1.6475
29482094,38,18,46,36,4.85,5.57,10.6,1,1.05,8.00005,56.1,NaN,0.387
33902280,27,44,46,10,5.35,5.805,52.6,5e-05,3.9,5e-05,121.05,NaN,1.1605
34262266,35,37,51,12,5.5,5.9,45.9,1,3.75,5e-05,173.9,NaN,1.0335
31701692,46,19,45,36,7.75,8.085,34.85,213,0.7,4.30005,60.5,NaN,1.236
33982022,16,44,35,22,7.6,8.125,14.25,317.5,1.35,11.30005,339.95,NaN,1.6675
33922016,43,22,28,50,7.4,7.93,13.45,168.5,1.4,26.55,170.25,NaN,1.5115
33942018,38,37,40,23,7.35,7.79,20.45,283.5,2.2,75.3,992.2,NaN,3.31
33922020,38,21,34,45,7.55,8.045,16.6,312.5,1.75,12.45,135.7,NaN,1.913
33902036,15,32,37,31,7.4,7.885,10.95,379.5,1.35,17.8,376.9,NaN,1.9755
34062044,50,26,48,26,7.55,8.05,6.8,17.5,1.5,5.90005,83.9,NaN,0.996
33561872,30,14,49,37,7.55,7.695,55,657,4.25,9.90005,336.7,NaN,2.55
33401850,12,23,58,19,7.35,7.765,26.7,526.5,2.55,5.00005,313.65,NaN,1.552
33361816,22,13,14,73,7.75,8.5,5.9,212,0.45,26.55,190.15,NaN,1.33
31441638,53,23,51,26,7.25,7.475,7.75,3.5,1.1,6.40005,68.1,NaN,1.005
31441710,21,45,39,16,7.55,7.825,7.8,701,1.25,14.75,124.8,NaN,1.402
31461716,45,24,38,38,7.45,7.715,11.9,478.5,1.5,12.4,167.1,NaN,1.825
31201708,26,46,45,9,7.4,7.825,14.35,308.5,1.55,10.00005,540.7,NaN,1.8005
31181714,33,45,43,12,7.5,7.99,7.9,479.5,0.95,14.2,295.35,NaN,1.5855
31241716,24,41,42,17,7.5,7.77,6.1,550.5,1.1,19.05,311.45,NaN,1.4065
31341710,29,31,34,35,7.55,8.085,13.3,710,1.35,28.55,157.25,NaN,1.5515
31061706,35,37,43,20,7.5,7.765,11.95,230,1.3,13.85,359.95,NaN,1.622
31461702,13,31,42,26,7.5,8.15,15.25,751.5,1.45,37.75,106.3,NaN,1.619
31261692,32,14,47,39,7.4,7.965,86.9,318.5,1.6,11.8,83,NaN,1.4735
31341700,39,35,36,29,7.35,7.91,30.65,553.5,1.35,5.20005,214.7,NaN,1.4735
31021708,36,55,39,6,7.45,7.905,11.65,198.5,1.15,5e-05,478,NaN,1.5515
36362152,15,17,51,32,7.1,7.445,44.7,354.5,2.8,5.90005,132.95,NaN,2.055
36722152,27,30,57,13,7.1,7.275,35.75,304.5,4.45,55.7,399.6,NaN,3.9705
31421712,12,37,39,24,7.35,7.895,13.65,706,1.5,4.70005,207.1,NaN,1.517
36602158,27,17,43,40,7.1,7.395,39.95,51,2.55,7.50005,117.75,NaN,1.8645
36282174,55,24,40,36,7.2,7.5,40.1,228,2.95,6.70005,222.75,NaN,1.7355
36842170,22,15,58,26,4.8,5.03,46.7,1.00005,5.2,16.45,195.2,NaN,6.7225
36442160,43,30,53,17,7.25,7.73,19.2,321.5,1.95,5.30005,171.85,NaN,1.829
33422268,23,19,59,22,6.7,6.99,126.75,14,14.25,16.20005,223.05,NaN,9.8935
36582164,16,16,57,27,7.25,7.57,48.5,604,3.85,8.50005,342.6,NaN,2.865
33982054,25,21,46,33,7.25,7.515,31.25,301,3.35,10.9,324.4,NaN,3.8745
34002034,21,45,35,20,7.6,8.19,7.8,409,1.05,12.1,281.55,NaN,1.8755
33741972,21,41,42,16,7.6,7.99,17,567,2.05,14.25,300.9,NaN,2.39
33681992,40,17,21,62,7.7,8.17,5.55,180.5,0.85,10.55,110.7,NaN,1.8385
33521972,16,23,45,31,7.4,7.885,11.25,129,1.25,13.15,186.3,NaN,1.86
33601984,27,40,39,20,7.6,8.105,7.65,653.5,1.1,6.10005,302.8,NaN,1.553
33621986,51,28,40,32,7.65,8.045,15.25,471,1.5,14.9,176.6,NaN,2.31
33641988,51,23,48,29,7.45,7.87,33.7,632,2.9,5e-05,254.3,NaN,1.809
33801978,43,39,28,33,7.65,8.215,10.85,340,0.9,9.40005,404.65,NaN,1.519
34021994,35,19,36,45,7.4,7.885,10.65,112,1.5,16.15,211.65,NaN,1.8825
33741998,36,39,43,18,7.6,7.995,16.95,547,2.3,32,404.05,NaN,3.331
34222010,59,41,48,11,7.4,7.88,30.45,637.5,2.9,5e-05,273,NaN,1.7725
34162018,20,16,29,55,7.45,7.875,14.1,91.5,1.25,5e-05,199.55,NaN,1.9475
34062012,34,28,47,25,7.45,8.005,7.25,221.5,0.95,10.25,263.8,NaN,1.7285
34082014,19,32,42,26,7.5,8.03,8.8,369.5,1.05,13.5,255.3,NaN,1.7245
33861992,12,23,30,47,7.65,8.22,6.95,160,0.8,6.20005,150.85,NaN,1.339
34041988,12,42,46,12,7.3,7.795,18.1,712,1.25,5e-05,105.75,NaN,1.566
33641956,24,24,34,42,7.65,8.155,12.35,293.5,1.25,17.1,183.05,NaN,1.7345
34041998,9,25,54,21,7.5,8.125,7.5,146.5,1.05,5e-05,182.2,NaN,1.5585
34021972,27,17,27,56,7.6,8.22,10.3,250,0.8,5e-05,110.05,NaN,1.5005
33821988,60,22,39,39,7.55,8.155,15.25,531.5,1.25,16.1,136.4,NaN,1.543
33961990,72,24,52,24,7.55,8.005,35.75,448.5,3.85,6.80005,185.1,NaN,1.504
33961984,24,19,51,30,7.7,8.295,4.95,141,0.7,5e-05,102.35,NaN,1.3635
34001998,20,40,52,9,7.45,7.845,15.75,70,2.15,14.15,300.1,NaN,2.2605
33722042,63,34,46,19,7.5,7.995,20.25,329,2.1,43.2,342.5,NaN,1.945
33862060,66,12,29,59,6.25,6.425,16.4,1,1.8,5e-05,139.95,NaN,2.58
33782056,59,20,33,47,6.5,6.88,9.6,1,1.15,5e-05,94.6,NaN,1.6625
33762054,20,41,45,14,7.45,7.905,13.8,470,1.75,15.9,167.1,NaN,2.1665
33742056,45,30,50,20,7.55,7.995,23.95,399,2.75,10.6,243.45,NaN,2.3365
33862028,30,37,50,13,7.6,8.08,15.05,251.5,1.8,13.75,161.3,NaN,1.699
33882026,23,30,38,32,7.65,8.145,9.55,472,1.3,18.45,173.65,NaN,1.684
33822024,12,25,43,32,7.65,8.13,8.5,62,1.3,9.6,145,NaN,2.3435
33802036,55,31,47,23,7.35,7.785,20.9,117.5,2,17.85,175.6,NaN,2.0425
34062020,18,42,37,21,7.55,8.095,7.85,434.5,1.1,13.25,293.75,NaN,1.8695
34042024,23,38,42,20,7.65,8.095,12.7,327.5,1.4,9.00005,234.2,NaN,2.2505
33802040,20,46,43,11,7.5,7.915,13.3,632,1.8,27,288.1,NaN,2.065
31681696,37,27,41,33,7.55,7.86,16.6,195,1.45,16.95,229.3,NaN,1.435
33641952,17,27,46,27,7.4,7.895,14.4,204,1.65,5.80005,268.9,NaN,2.865
33561954,53,31,47,22,7.35,7.82,26,576.5,2.1,5e-05,196.85,NaN,2.069
33681980,34,22,47,30,7.4,7.945,25.1,653,2.5,5e-05,214.3,NaN,2.0335
33681974,11,41,45,14,7.55,8.05,16.55,381,1.75,16.00005,426.95,NaN,2.399
33662026,63,23,44,33,7.5,8.01,19.2,475,2.1,29.15,180.7,NaN,1.965
33522038,20,26,22,51,7.55,8.115,6.45,75.5,0.8,7.60005,259.4,NaN,1.646
33642046,53,19,24,57,7.55,8.04,10.45,242.5,1.2,33.05,280.45,NaN,2.2895
33922038,33,34,38,27,7.5,7.985,11.8,115,1.25,15.45,470.7,NaN,1.9825
33522030,79,27,58,15,7.4,7.79,61.1,173.5,5.55,9,539.9,NaN,2.5295
30001912,49,37,36,27,5.45,6.085,12.15,1.00005,1.7,10.00005,91.5,NaN,0.763
29621680,28,52,35,12,7.35,7.72,14.8,453,1.25,15.90005,436.7,NaN,2.092
29461660,41,28,43,29,7.3,7.65,47.15,32.5,3.2,9.70005,420.45,NaN,1.744
29381630,52,42,43,15,7.25,7.64,24.5,46.5,2.85,7.40005,684.1,NaN,2.0915
29681628,24,8,28,64,6.55,6.87,18.5,1.00005,1.35,7.20005,66.3,NaN,0.762
31602102,16,11,46,43,4.7,5.14,57.9,1,4.95,24.05,177.45,NaN,2.719
31721688,41,26,45,28,7.4,7.955,21.05,198.5,2.25,5.20005,245.25,NaN,1.967
31602144,12,14,41,45,5.85,6.24,12.2,1,1.3,55.75,198.45,NaN,0.8905
31222092,14,5,9,85,4.85,5.455,2.55,5e-05,0.4,16.5,79.4,NaN,0.3315
31762134,12,47,40,13,7.55,7.77,11.65,83,1.45,15.15,412,NaN,1.438
31682146,15,28,40,31,7.55,7.795,15.15,200,1.45,43.6,402.2,NaN,1.5345
33401964,14,40,45,14,7.6,8.085,14.9,195.5,1.15,5e-05,275.7,NaN,1.932
32921970,19,37,47,16,7.6,8.08,38.95,346.5,1.45,5e-05,392.95,NaN,1.7345
33221968,48,17,55,29,7.3,7.645,115.05,138,3.3,6.00005,168.4,NaN,3.265
33541964,28,20,38,43,7.25,7.675,31.9,350,2.4,5.30005,197.75,NaN,1.6155
32621954,9,31,45,24,7.45,8.06,5.1,484,0.85,15.70005,177.45,NaN,1.565
33041994,29,38,47,15,7.15,7.58,44.1,21,3.1,5e-05,652.2,NaN,2.046
28922268,36,23,61,16,4.7,5.545,13.1,5e-05,1.5,5e-05,86.9,NaN,0.5105
28862294,33,7,52,41,3.8,4.27,92.7,5e-05,5.5,15.90005,50.8,NaN,0.769
33121976,23,36,45,19,7.35,7.84,19.15,422,1.55,5e-05,350.45,NaN,1.7555
31381690,14,21,23,55,7.4,7.715,5.6,123,0.75,4.60005,154.65,NaN,1.4525
31141652,42,15,36,48,7.45,8.025,61,330.5,1.35,5e-05,87.95,NaN,1.5265
31281680,40,7,26,67,7.25,7.68,102.75,163.5,0.75,5e-05,31.2,NaN,1.077
33522182,9,27,55,18,8.3,8.37,8.3,304,1.1,5e-05,113.2,NaN,57.788
32422226,46,18,43,38,4.25,4.835,28.5,1.00005,2.3,8.30005,137.05,NaN,0.8635
32482232,53,11,47,41,5.05,5.685,67.2,1.00005,4.95,17.55,227.75,NaN,0.8635
31541666,52,13,42,45,7,7.19,7.65,1,1.1,5e-05,53.2,NaN,0.6115
31641698,43,27,40,33,7.6,7.905,13.45,327.5,1.4,16.95,202.65,NaN,1.404
31621696,19,25,32,43,7.55,8.165,5.55,8.5,0.65,5e-05,154,NaN,1.0995
31801666,36,10,44,46,7.35,7.96,7,26.5,0.7,5e-05,34.6,NaN,0.963
31741664,41,19,40,41,7.4,7.945,4.25,1.5,0.7,5e-05,68.9,NaN,0.927
31461690,23,29,44,27,7.65,8.345,12.45,541,0.85,4.40005,131.2,NaN,1.388
31621678,47,23,41,37,7.6,7.925,13.8,241.5,1.3,14.55,140.3,NaN,1.3835
31641680,35,10,32,57,7.5,8.175,16.35,258.5,0.9,5.10005,41.35,NaN,1.373
31421694,43,36,41,23,7.4,7.9,18.45,363,2.05,11.45,138,NaN,2.11
31781658,47,8,33,59,7.2,7.47,6.15,1.5,0.8,5e-05,42.8,NaN,0.554
31141666,40,14,44,42,7.35,7.655,92.7,95.5,2.1,5e-05,60.5,NaN,1.8885
31621666,31,13,49,38,7.3,7.865,6.8,1.5,0.85,4.60005,35,NaN,0.795
31722110,14,17,57,26,5.5,5.88,44.2,5e-05,4,14.95,192.3,NaN,1.1055
31782120,12,15,42,43,5.9,6.2,4.05,1.00005,0.55,6.20005,123.35,NaN,0.6035
31742118,14,9,21,70,4.65,4.745,3.4,1.00005,0.5,25.05,69.6,NaN,0.7055
32022132,21,16,43,41,5.9,6.225,24.3,1.00005,2.35,5e-05,140.8,NaN,0.811
31842118,23,10,34,57,4.95,5.435,16.6,1,1.75,7.30005,96.25,NaN,0.9825
31882142,22,31,31,38,7.25,7.855,9.45,146.5,1.25,16.3,320.15,NaN,1.5965
33382188,8,24,45,31,7.6,7.69,9.55,179,1.4,21.65,134.65,NaN,22.675
33382200,23,18,21,60,7.6,8.19,9.65,80.5,0.85,20.5,213.1,NaN,1.4845
33022188,32,27,52,22,7.2,7.56,45.85,166.5,5.05,6.90005,101.8,NaN,2.197
33522174,15,19,39,42,7.4,7.55,8.45,182.5,1.1,5e-05,95.95,NaN,23.126
33462172,15,37,43,19,7.6,8.155,9.45,400,1.4,10.8,154.5,NaN,1.8595
32922214,24,26,51,23,7.25,7.62,19.1,377.5,1.85,5e-05,76.05,NaN,1.5
31542110,18,19,55,25,7.4,7.595,50.5,305.5,1.95,6.80005,209,NaN,1.4375
31722134,18,39,41,20,7.2,7.715,13.6,117,1.4,17.85,339.45,NaN,1.518
32962208,36,21,55,23,7.3,7.695,33.25,272.5,3.25,7.70005,123.1,NaN,1.6375
32461700,18,17,37,46,7.3,7.835,3.55,1,0.45,5e-05,112,NaN,0.6445
31102292,10,20,35,45,4.9,5.25,23.9,5e-05,1.7,22.90005,58.1,NaN,0.7715
36182164,23,24,54,22,7.3,7.67,36.95,281.5,3.2,6.20005,428.1,NaN,2.209
32042254,23,22,54,25,7.35,7.66,57.25,163,5.7,12.2,360.2,NaN,1.879
32102284,18,17,30,53,7.35,7.785,16.65,83,1.7,5e-05,147.8,NaN,1.4825
32102294,38,29,53,18,6.9,7.2,50.8,23.5,3.35,5e-05,237.25,NaN,1.8785
31822266,24,37,48,15,7.45,8.14,17.9,164.5,2,5e-05,277.1,NaN,1.362
31322314,35,26,42,32,6.6,6.735,41.2,3,4.45,10,177.65,NaN,1.3005
35702144,26,28,46,26,7.3,7.675,25.15,486.5,2.25,5e-05,320.4,NaN,1.6445
31702312,17,17,59,24,5.05,5.6,65,1.00005,5.3,9.70005,172.65,NaN,0.8905
31482294,11,20,45,35,6.65,6.97,28.85,69.00005,2.75,5e-05,205.1,NaN,1.3185
32062214,14,57,34,9,7.6,8.255,2.3,699.5,0.30005,5e-05,30.6,NaN,0.947
35882194,37,16,50,34,5.95,6.18,47.2,1,5.05,14.15,477.9,NaN,2.0025
32042218,23,33,51,16,7.15,7.48,44,15,3.7,8.00005,394.15,NaN,1.813
32422232,31,7,25,69,4.75,5.33,35.6,5e-05,2.1,5e-05,91.4,NaN,0.8505
30962308,10,11,18,72,5.1,5.605,7.75,1.00005,0.85,13.4,53.45,NaN,0.4745
30922310,20,9,24,67,7.1,7.465,9.55,15,1.2,5e-05,61.9,NaN,1.116
29442378,32,14,62,24,4.15,4.785,33.7,5e-05,3.25,63.7,80.95,NaN,0.571
30582366,32,22,61,17,3.95,4.28,90.85,5e-05,6.3,12.15,229.15,NaN,2.8785
30882346,22,24,56,20,4.3,4.56,43.15,5e-05,4.95,10.00005,82.95,NaN,6.7435
32481746,37,14,43,44,7.5,7.955,66.35,470.5,3.25,9.90005,219.4,NaN,1.92
31261732,32,39,36,25,7.65,7.875,17.1,324.5,2.1,6.60005,538.2,NaN,1.3755
32401786,6,17,34,48,7.3,7.87,19.45,279.5,1.25,5e-05,150.7,NaN,1.4195
28181874,12,32,49,19,6.85,6.99,13,5e-05,1.25,9.90005,60.35,NaN,2.4375
32521750,35,20,26,54,7.55,8.09,12.8,754.5,1.05,12.7,105.95,NaN,1.7415
32361730,20,20,31,49,7.5,8.065,12.2,298,1.3,4.70005,213.5,NaN,1.6345
32381728,11,42,37,21,7.55,8.085,12.25,336.5,0.95,8.75,336.6,NaN,1.4705
32401724,9,43,38,19,7.6,8.16,6.85,515,0.85,7.30005,529.2,NaN,1.748
32201710,27,31,43,25,7.55,8.025,23.3,242,2.25,9.30005,296.15,NaN,1.6145
35902178,23,22,55,24,6.65,6.755,51.3,2.5,7.65,6.30005,116.5,NaN,1.3315
31301718,3,57,32,11,7.45,7.79,7,365,0.95,11.80005,554.5,NaN,1.585
31081710,7,55,28,18,7.45,7.76,8.65,714,1.25,12.55,219.6,NaN,1.435
32201704,16,17,28,55,7.65,8.265,30.4,567.5,1.35,9.60005,140.8,NaN,1.641
32381776,20,19,44,37,7.65,8.14,69.8,371.5,1.7,5e-05,143.75,NaN,1.755
32301768,11,15,29,56,7.3,7.625,30.2,27,2.55,8.20005,201.75,NaN,1.5835
32341750,4,37,45,18,7.55,8.11,4.3,671,0.8,5e-05,137.05,NaN,1.3545
32441760,19,12,33,56,7.5,7.785,31.1,538.5,2.15,6.20005,114.7,NaN,1.766
32521764,7,39,37,24,7.55,8.145,3.8,309,0.5,5e-05,86.45,NaN,1.5055
32561764,15,29,33,38,7.65,8.21,14.85,575,1.05,9.8,140.3,NaN,1.5615
32541766,3,17,35,48,7.5,7.9,16.55,73,2.15,5e-05,253.8,NaN,1.4645
32141730,24,12,32,56,7.55,8.23,16.65,744.5,1.45,5e-05,115.6,NaN,1.541
31801728,23,41,37,22,7.45,7.965,24.3,361.5,1.8,13.1,448.25,NaN,1.7345
30501876,15,24,39,37,6.1,6.225,34.05,3.00005,2.8,5.60005,226.2,NaN,1.4905
32101744,11,28,44,28,7.2,7.63,20.25,616,1.85,5e-05,266.8,NaN,1.6435
30781868,4,54,35,11,5.9,6.39,8.5,5e-05,1.3,4.70005,78.25,NaN,0.5395
30981728,5,36,40,24,7.45,7.885,16.1,24,1.65,5e-05,277.95,NaN,1.675
31301736,10,38,44,18,6.6,7.07,35.25,17.00005,2.75,6.00005,439.15,NaN,1.27
31981684,19,12,32,56,7.5,8.23,3.4,46.5,0.5,5e-05,119.5,NaN,1.078
32181698,7,46,29,25,7.65,8.245,6.45,285.5,0.85,5e-05,432.65,NaN,1.404
32221702,3,41,49,10,7.65,8.19,18.65,139.5,2.2,11.10005,282.5,NaN,2.0355
32341720,2,35,43,22,7.65,8.285,13.4,556.5,0.65,5e-05,173.65,NaN,1.4105
32181744,40,18,47,36,7.25,7.535,65.1,428,3.85,6.20005,308.45,NaN,2.3
31901732,34,35,37,28,7.45,7.9,17.75,661.5,1.5,35.5,264.05,NaN,1.4785
31921784,21,21,34,45,7.45,7.82,36.9,124,1.8,13.6,487.8,NaN,1.74
32181780,9,22,47,31,7.15,7.495,105.25,133.5,3.9,5e-05,233.25,NaN,2.435
31801746,24,10,29,61,7.3,7.8,118.9,120.5,2.85,5e-05,236.15,NaN,1.756
30781660,25,25,50,25,7.45,7.99,17,741.5,1.6,9.45,80.75,NaN,2.822
30681656,27,16,42,42,7.5,7.72,11.75,39.5,1.25,11.25,203.45,NaN,2.1255
35782180,21,16,47,37,5.75,6.02,46.45,1.00005,3.7,9.10005,266.8,NaN,1.3985
35702140,20,14,42,44,6.8,7.12,48.2,170.5,3.65,10.2,210.3,NaN,2.165
35582164,15,27,49,24,6.9,7.56,16.05,409,1.1,5e-05,74,NaN,1.243
31021812,30,25,48,28,7.3,7.81,34.35,164,3.95,47.6,223.8,NaN,1.8205
29262342,13,25,60,16,4.95,5.255,25.7,1.00005,2.95,5e-05,126.9,NaN,3.26
29342332,30,22,57,21,4.3,4.645,29.2,5e-05,3.3,12.70005,134.5,NaN,2.645
30221862,27,20,46,34,5.8,6.08,12.2,1.00005,1.35,5e-05,170.65,NaN,0.681
30501930,45,16,32,52,4.7,5.28,15.6,5e-05,1,9.50005,70.7,NaN,0.4155
30721702,15,42,41,17,7.4,8.03,10.3,478.5,1.45,5e-05,236.9,NaN,1.6825
31141720,29,39,39,22,7.05,7.345,35.85,123,2.5,7.60005,435.45,NaN,1.8405
31281708,8,37,39,24,7.4,7.69,13.1,718,1.6,41.2,214.2,NaN,1.498
30361894,39,12,25,63,5.25,5.74,10.1,5e-05,1.15,5e-05,66.65,NaN,0.558
34802006,29,29,47,24,7.25,7.605,41.65,601,3.55,7.70005,297.7,NaN,1.721
34862008,44,26,54,19,6.9,7.175,71.45,27,6.4,9.00005,884.75,NaN,2.196
35822156,24,28,38,35,7.1,7.55,24.55,420.5,2.1,10.35,362.25,NaN,1.7105
29501704,17,40,45,15,7.45,7.805,14.2,159,1.85,14.7,862.85,NaN,1.574
29321686,5,19,18,63,7.5,7.755,6.2,16,0.7,8.50005,97.4,NaN,1.2005
34581988,19,26,39,35,7.25,7.66,28.25,32,2.55,6.20005,361.85,NaN,1.3325
54601798,14,30,31,39,7.55,8.14,9.5,137.5,1.2,9.50005,162.85,NaN,1.5155
54421790,21,25,41,35,7.3,7.705,31.55,27.5,3.25,11.20005,267.5,NaN,1.466
56981490,20,38,53,9,7.35,7.83,17.8,409.5,2.3,15.4,427.35,NaN,2.2495
55021804,24,52,32,16,7.6,7.97,11.85,262,1.3,14.6,522.35,NaN,1.9145
57641480,14,24,36,40,7.45,7.945,15.85,147.5,1.4,8.20005,346.95,NaN,1.893
52641966,33,31,60,10,7.55,8.195,6.75,183.5,0.8,5e-05,116.5,NaN,1.4175
54961780,25,43,38,19,7.55,7.94,18,214,1.8,6.20005,414.6,NaN,1.8005
54421730,22,31,46,23,7.35,7.725,25.45,591.5,3.35,37.2,554.65,NaN,2.5795
54301756,8,33,49,18,7.4,7.82,24.6,563.5,2.75,11.9,199.05,NaN,2.56
55261786,30,15,44,41,6.55,6.845,87.4,5,4.85,15.20005,284.9,NaN,1.862
52801884,27,29,54,18,7.6,8.135,9.9,108,0.85,5e-05,155.85,NaN,1.4455
54301882,28,45,38,17,7.55,8.195,10.5,47.5,1.35,6.80005,237.45,NaN,1.558
53541768,20,37,41,22,7.5,7.875,13.55,200,1.45,5e-05,279.7,NaN,1.9295
52701824,30,36,51,13,7.3,7.765,21.15,268,2.05,11.80005,310.55,NaN,2.51
54362020,38,37,39,24,7.3,7.83,9.25,37.5,0.95,5e-05,195.5,NaN,1.5535
56062128,11,14,22,64,6.65,7.2,5.55,1.00005,0.85,19.9,138.75,NaN,1.24
53861684,29,40,40,19,7,7.355,42.95,5,4.05,5e-05,510.85,NaN,1.4335
53522078,9,26,50,25,6.5,6.79,17.95,2.00005,1.95,6.20005,186.75,NaN,0.8525
53262034,21,17,46,37,7.2,7.565,36.1,381.5,3.05,6.7,142.15,NaN,1.9045
54742132,11,15,32,53,6.55,6.73,6.8,1.00005,0.95,51.3,195.45,NaN,1.387
53041908,29,28,42,30,6.95,7.135,32.8,111,3.4,11.60005,293.7,NaN,2.0245
52702036,25,10,37,53,5.55,6.09,23,5e-05,2,15.35,330.95,NaN,0.668
53621916,11,24,44,32,7.45,8.105,7.2,64.5,1.1,13.25,238.15,NaN,1.6665
53641882,15,31,47,23,6.95,7.285,7.5,5e-05,1,24.75,140.7,NaN,0.9165
53561914,18,10,34,56,6.1,6.395,5.65,5e-05,0.85,6.80005,39.75,NaN,0.807
53121938,15,31,43,26,7.25,7.76,14.3,37,1.7,10.65,255.5,NaN,1.1885
52981916,12,17,42,41,5.4,5.89,48.85,1,2.55,11.95,164.2,NaN,0.839
53261884,16,27,46,27,6.3,6.69,21.3,1,1.5,5e-05,236.55,NaN,0.7325
53641894,8,31,52,17,7.05,7.5,7.15,5e-05,1,9.10005,152.6,NaN,1.3375
54241718,35,21,32,47,7.4,8.095,27.55,695,1.3,5.20005,130.1,NaN,1.709
53281994,19,24,51,26,7.15,7.55,46.05,398.5,5.4,9.65,316.3,NaN,2.071
53462002,24,16,44,40,7.45,8.02,18.4,540,1.95,5e-05,104.9,NaN,1.795
54381718,15,29,40,31,7.45,7.995,18.3,599,1.5,11.70005,181.2,NaN,1.863
53321948,25,9,33,58,6.2,6.49,18.25,1.00005,1.8,6.90005,111.85,NaN,0.58
52721944,19,20,44,36,6.25,6.59,18.3,1.00005,1.45,5e-05,96.25,NaN,0.5645
52902006,17,15,41,44,4.4,4.85,21.55,1.00005,1.65,10.80005,109.6,NaN,0.709
53101990,16,38,50,12,7.25,7.535,39.4,8.5,4,5e-05,324.95,NaN,1.9305
52762016,23,16,58,26,5.5,5.965,20.4,1.00005,2.2,7.20005,80.45,NaN,0.447
53221972,21,30,58,12,7.2,7.49,63.35,89.5,7.15,10.3,410.9,NaN,2.0025
53241996,16,19,34,48,7.5,7.95,12.85,59.5,1.35,19.1,280.85,NaN,1.4635
42983494,7,14,37,49,6.4,6.82,16,1,1.8,72.6,250.6,NaN,0.8255
43022740,11,16,48,36,4.7,5.175,31.55,1,2.8,15.60005,63.6,NaN,1.963
42763476,6,11,32,57,3.8,4.51,30.75,1,2.3,11.30005,36.7,NaN,0.8135
41082902,31,34,54,13,6.8,7.1,46,9,4.25,6.10005,263.35,NaN,1.6595
43783280,4,3,14,84,3.05,3.75,27.25,1,1.15,7.00005,18,NaN,0.585
47623044,20,21,67,12,4.7,5.245,25.3,5e-05,2.8,6.00005,81.2,NaN,0.6155
48362938,28,33,57,10,7.25,7.71,21.7,39.5,2.45,62.40005,584.85,NaN,1.759
46922908,10,14,45,41,5.95,6.305,25.7,5e-05,2.65,22.25,44.5,NaN,0.8745
47283082,19,6,38,56,3.1,3.58,105,5e-05,5.4,35.1,57.85,NaN,1.431
45842920,15,11,35,53,5.1,5.78,11,5e-05,1.3,8.90005,61.1,NaN,0.5225
47742938,17,24,50,26,6.7,7.085,13.2,1.00005,1.7,44.4,208.85,NaN,1.04
46802984,16,24,55,21,6.45,6.845,11.2,2.00005,1.4,24.15,123.85,NaN,1.6025
64601644,25,44,40,16,7.4,7.995,12.65,421,1.35,12.5,362.35,NaN,2.0445
64581660,13,25,36,39,7.4,8.09,9.9,663,0.95,18,153.7,NaN,1.8615
64301618,41,43,37,20,7.25,7.81,14.55,66.5,1.6,5e-05,589.2,NaN,2.623
64641640,11,35,42,23,7.25,7.905,15.05,199.5,1.6,15.05,1370.45,NaN,2.6455
64081650,16,25,44,30,7.4,8.025,12.3,66,1.3,5e-05,351.85,NaN,1.6695
64061656,11,27,43,30,7.65,8.885,0.90005,22.5,0.10005,5e-05,204.5,NaN,1.3735
63961606,19,39,44,17,7.4,7.85,38.7,207.5,3.55,5e-05,468.2,NaN,2.052
63881608,9,21,31,48,7.5,8.15,11,698.5,1,6.10005,183.4,NaN,1.3795
63621618,22,39,40,21,7.45,8.09,12.70005,791,1.1,5e-05,132.85,NaN,1.5335
64041624,9,13,38,49,6.9,7.22,6.05,5e-05,0.5,5e-05,916.4,NaN,0.4975
63961622,23,33,38,29,7.4,8.21,10.1,719,0.8,5e-05,205.95,NaN,1.137
64061606,20,21,41,38,7.4,7.935,22.55,714.5,1.7,5e-05,184.45,NaN,2.044
63921608,33,30,46,24,7.35,7.77,34.4,498,3,5e-05,435.1,NaN,2.082
64281654,9,35,46,19,7.5,8.14,14.95,176,1.95,39.35,1757.9,NaN,2.125
63801598,12,31,35,34,7.4,7.995,13.95,430,1.6,24.8,731.45,NaN,2.2615
64261646,20,14,31,55,6.8,7.195,11.15,5e-05,1.15,5e-05,82.35,NaN,0.7005
64261660,20,25,38,38,7.4,7.92,8.25,383.5,1.55,13.35,203.6,NaN,1.626
63741606,35,37,35,27,7.15,7.505,17.1,50,1.95,6.70005,343.2,NaN,1.352
64341644,30,10,21,69,6.7,7.155,6.35,1.00005,0.6,5e-05,88,NaN,0.514
40702664,16,21,67,12,6.75,6.94,61.8,6.5,5.9,11.9,116.65,NaN,3.164
54002332,13,30,51,19,4.5,5.225,13.5,5e-05,1.35,6.80005,61.85,NaN,0.5445
54422204,14,9,25,66,4.55,5.29,17.95,5e-05,1,5e-05,97.4,NaN,0.514
55102204,11,10,37,52,5.55,6.045,16,5e-05,1.15,6.10005,132.05,NaN,0.5845
55382214,6,13,39,48,4.8,5.38,30.9,5e-05,1.9,5e-05,116.25,NaN,0.7925
53902242,19,47,47,6,7.2,7.59,32.35,44,3.95,10.30005,281.45,NaN,4.3305
53402272,18,24,59,18,5.25,5.62,17.05,5e-05,2.35,6.40005,56.8,NaN,1.73
55722292,17,15,27,58,4.95,5.42,8.55,5e-05,1,39.45,108.1,NaN,1.3055
39883092,9,19,56,25,6.55,6.98,12.8,5e-05,1.5,45.95,128.65,NaN,1.6765
39963136,4,4,22,74,5.05,5.63,23.6,1.00005,2,150.65,161.4,NaN,1.5575
39423106,5,15,52,33,6.05,6.495,10.55,5e-05,1.3,32.25,92.25,NaN,1.475
38983092,12,19,64,16,5.4,5.965,13.25,5e-05,1.55,37.55,298.15,NaN,1.3155
39523026,25,26,64,9,6.7,7.05,19.1,1.00005,2.25,58.05,224.15,NaN,2.887
39563112,5,14,33,53,4.75,5.155,30.55,5e-05,2.95,59.75,69.3,NaN,1.6705
39703092,18,26,59,15,6.5,6.95,17.35,1,2.1,81.95,308.95,NaN,1.487
38803102,8,18,66,16,6.45,6.88,8.75,5e-05,1.2,100.65,270.3,NaN,2.6125
38883110,6,14,56,30,6.15,6.635,9.35,5e-05,1.2,47.05,89.3,NaN,1.654
38743106,8,16,58,26,6.6,7.02,11.6,3.00005,1.35,116,245.15,NaN,2.853
38883118,2,6,19,75,4.2,4.98,15.75,5e-05,1.4,85.95,67.2,NaN,0.4705
39063124,3,6,27,66,5.9,6.225,16.25,5e-05,1.65,86.7,84.5,NaN,1.5375
38563082,17,19,59,22,6.9,7.35,10.5,1.00005,1.35,82,206.85,NaN,2.3315
38723078,13,21,66,12,6.1,6.595,10,5e-05,1.3,46.8,207.1,NaN,1.434
39083042,11,27,65,8,6.05,6.63,11.25,5e-05,1.25,43.95,138.8,NaN,1.129
39303054,20,26,63,11,6.2,6.82,25.45,5e-05,2.15,118.7,346.95,NaN,1.877
39283056,13,22,62,16,5.95,6.48,15.85,5e-05,1.45,51.25,124.45,NaN,1.402
39583078,12,19,48,33,7.4,7.955,9.9,4,1.25,64.2,235.25,NaN,2.0905
39563098,7,19,59,22,6.5,6.965,10.65,1,1.4,102.05,182.7,NaN,1.727
38943054,4,8,32,60,4.9,5.52,26.25,5e-05,2.35,26.5,53.2,NaN,1.052
38463106,9,15,42,43,6.4,6.84,9.05,5e-05,1.1,92.25,238,NaN,1.697
38403112,5,12,32,55,6,6.46,10.1,5e-05,1.2,123.35,304.2,NaN,2.3175
38383124,7,16,38,46,6.25,6.775,11.65,5e-05,1.45,120.25,179.05,NaN,1.5695
38083128,21,22,41,37,7.05,7.585,16.45,30.5,2,97.6,294.75,NaN,1.851
46622648,20,21,54,25,4.95,5.095,40.6,1.5,3.65,12.3,166.25,NaN,4.41
46442642,18,9,48,43,4.1,4.495,26.15,5e-05,3.1,45.95,191.45,NaN,2.6305
46462834,25,10,33,57,5.15,5.76,33.4,5e-05,2.95,15.4,102.05,NaN,0.867
47402716,20,8,54,38,3.75,4.21,81.05,1,5.15,37.3,78.9,NaN,2.1385
47462746,26,16,43,42,3.3,3.83,151.8,5e-05,7.1,17.15,60.8,NaN,1.127
47322744,18,13,58,29,7,7.215,102.2,95,6.7,22.60005,55.35,NaN,5.436
47642728,23,6,49,45,3.5,4.035,154.7,5e-05,9.65,41,159.85,NaN,2.74
45182728,43,37,49,14,5.2,5.655,65.2,1,4.55,7.50005,165.4,NaN,1.5165
47502700,17,12,58,30,5.8,6.14,30.55,2.00005,3.5,31.35,88.7,NaN,3.297
47222676,19,19,52,29,5.1,5.51,33.1,5e-05,3.75,12,90.4,NaN,2.5095
47582730,17,12,58,30,6.9,7.215,62.15,249,7.2,22.1,118.45,NaN,7.668
46622720,23,10,66,24,4.15,4.455,33.15,5e-05,3.85,29.45,83.75,NaN,3.079
46602700,12,10,49,41,4.7,5.045,28.95,1.00005,3.6,15.9,190,NaN,3.745
45242636,17,11,55,33,3.9,4.175,93.7,1.00005,4.4,16.95,86.65,NaN,2.6195
43782660,13,7,38,55,3.8,4.475,72.65,1.00005,4.3,23.2,136.05,NaN,0.934
45542620,17,15,62,22,4.65,5.065,55.1,5e-05,6.15,18.7,130.55,NaN,3.358
46782690,16,13,55,32,5,5.32,30.7,5e-05,4.05,21.1,149.35,NaN,5.35
44222668,7,10,56,33,6.8,7.085,73.15,6.5,7,70.05,85.85,NaN,4.797
46842710,7,12,62,26,4.45,4.805,30.25,5e-05,3.6,14.8,63.2,NaN,4.1275
44662698,30,11,58,31,3.7,4.33,72.1,1,4.65,21.05,79.25,NaN,1.4225
36603158,9.00005,19.00005,61.00005,20.00005,6.1,6.475,17.1,4,1.75,99.55,203.05,NaN,1.4815
45643866,8.00005,13.00005,38.00005,49.00005,3.95,4.505,31.05,5e-05,2.4,12.60005,116.25,NaN,1.215
57262538,NaN,27.00005,68.00005,5.00005,7.6,8.04,20.1,38.5,2.05,11,171.8,NaN,1.4815
56722646,52.00005,12.00005,77.00005,11.00005,7.4,7.77,17.85,21,2.05,7.45,503.15,NaN,2.039
54422752,67.00005,52.00005,41.00005,7.00005,5.05,5.73,37.5,5e-05,3.5,9.40005,149.8,NaN,1.2545
52562656,14.00005,57.00005,33.00005,10.00005,6.7,7.03,11.3,3.00005,1.45,24.6,71.65,NaN,1.9735
55822736,83.00005,56.00005,26.00005,18.00005,5.9,6.345,16.6,1,1.9,5.45,211.15,NaN,1.5015
53762404,NaN,26.00005,57.00005,17.00005,7.7,8.39,36.15,212,3.05,5.60005,123.8,NaN,3.671
55582810,16.00005,23.00005,59.00005,18.00005,7.35,8.11,8.9,44,1,4.80005,194.75,NaN,1.354
54502410,NaN,5.00005,3.00005,92.00005,5.3,5.985,3.45,5e-05,0.5,18,38.75,NaN,0.443
55662452,12.00005,57.00005,41.00005,2.00005,5.15,5.635,24.55,5e-05,2.2,18.3,392.5,NaN,1.8865
53862704,26.00005,72.00005,23.00005,5.00005,5.45,6.08,29.05,1.00005,2.55,6.00005,223,NaN,0.8135
54922546,9.00005,6.00005,42.00005,52.00005,7.35,7.92,10.05,23,1.25,8.50005,78.35,NaN,1.775
53442784,60.00005,4.00005,85.00005,11.00005,7.3,7.87,18.1,22.5,2.05,9.50005,214.85,NaN,1.854
51902554,33.00005,61.00005,15.00005,24.00005,5.3,5.885,15.8,5e-05,1.75,38.55,223.5,NaN,1.0275
56142736,57.00005,71.00005,24.00005,5.00005,7.4,7.675,20.85,11,2.75,35.2,354.9,NaN,2.126
56762816,8.00005,10.00005,80.00005,10.00005,6.55,6.815,12.05,1.00005,1.3,9.7,154.15,NaN,0.9235
52242588,NaN,42.00005,39.00005,19.00005,4.9,5.42,15.9,5e-05,1.85,17.85,113.45,NaN,1.455
55182472,39.00005,60.00005,33.00005,7.00005,5.4,5.99,17.35,5e-05,1.5,13.85,204.75,NaN,1.274
52722834,75.00005,38.00005,15.00005,47.00005,5.45,6.085,7.3,5e-05,1,12.65,122.95,NaN,0.7965
53302460,1.00005,22.00005,21.00005,57.00005,5.3,5.875,10.65,5e-05,1.05,16.5,176,NaN,0.4565
55922848,40.00005,62.00005,34.00005,4.00005,7,7.465,37.7,1,3.8,5.90005,564.6,NaN,1.318
56682820,16.00005,17.00005,60.00005,23.00005,7.4,7.745,12.3,20,1.45,14.3,167.55,NaN,1.3665
54422428,NaN,4.00005,4.00005,92.00005,4.25,4.75,3.6,5e-05,0.5,28.25,52.05,NaN,0.6625
56362744,58.00005,57.00005,17.00005,26.00005,7.6,7.995,9.45,36,1.35,34.05,324.45,NaN,2.375
53902836,15.00005,50.00005,38.00005,12.00005,5,5.775,25.9,5e-05,3.45,5.20005,178,NaN,0.9165
56082552,NaN,NaN,NaN,NaN,7.5,7.96,17.35,92.5,2.35,8.35,543.05,NaN,2.29
53762628,58.00005,16.00005,66.00005,18.00005,7.3,7.43,31.35,25.5,3.45,54.15,631.95,NaN,4.275
56142844,52.00005,25.00005,72.00005,3.00005,7.6,8.25,23.15,53,2.25,5e-05,317.4,NaN,2.2595
57482582,1.00005,22.00005,73.00005,5.00005,7.6,8,16.25,94,1.9,10.25,239.4,NaN,2.665
52882756,45.00005,53.00005,30.00005,17.00005,4.7,5.37,14.65,5e-05,1.6,5.80005,155.7,NaN,0.638
52342720,21.00005,45.00005,49.00005,6.00005,4.75,5.495,16.35,5e-05,1.75,9.75,208.25,NaN,0.861
55082480,22.00005,63.00005,30.00005,7.00005,5.95,6.68,14.55,1.00005,1.35,16.4,246.5,NaN,0.7365
55782808,NaN,57.00005,28.00005,15.00005,4.75,5.38,13.15,5e-05,1.45,33.85,151.9,NaN,0.6685
55142474,14.00005,82.00005,12.00005,6.00005,5.15,5.745,18.25,5e-05,1.5,12.15,263,NaN,0.7125
53362722,NaN,43.00005,21.00005,36.00005,6.25,6.6,21.05,1.00005,2.3,10.20005,437.85,NaN,2.0905
52722766,35.00005,45.00005,22.00005,33.00005,5.6,5.965,27.1,5e-05,2.55,8.4,266.1,NaN,1.894
53842676,57.00005,20.00005,65.00005,15.00005,7.4,7.745,18.65,131.5,2.4,6.20005,489.95,NaN,2.5075
53262604,81.00005,71.00005,14.00005,15.00005,5.95,6.325,40.8,1.00005,3.2,5e-05,287.2,NaN,1.429
55642492,1.00005,77.00005,18.00005,5.00005,5.2,5.63,16.6,5e-05,1.85,31.45,224.1,NaN,1.2465
56602728,27.00005,58.00005,17.00005,25.00005,5.2,5.76,20.5,5e-05,1.9,23.8,217.05,NaN,0.9965
54182768,78.00005,66.00005,25.00005,9.00005,5.8,6.155,41.3,5e-05,3.8,4.60005,320.75,NaN,1.5235
56862730,5.00005,36.00005,14.00005,50.00005,5.45,6.085,8.75,5e-05,0.9,7.00005,138.9,NaN,0.4095
56582658,NaN,18.00005,78.00005,4.00005,7.3,7.915,12.9,69,1.65,6.40005,387.75,NaN,1.7415
55442506,7.00005,63.00005,23.00005,14.00005,5.65,6.1,15.05,1.00005,1.55,15.5,170.6,NaN,0.918
52922812,35.00005,59.00005,29.00005,12.00005,5.2,5.825,11.75,5e-05,1.2,6.00005,90.4,NaN,0.4935
52442774,47.00005,53.00005,38.00005,9.00005,7.35,7.595,19.2,5,2,43.35,124.8,NaN,2.1555
54002768,1.00005,52.00005,32.00005,16.00005,5.15,5.855,14.15,5e-05,1.65,4.70005,169.45,NaN,0.8885
56522678,15.00005,8.00005,89.00005,3.00005,7.35,7.57,30.3,22,3.55,7.65,579.35,NaN,2.485
53802834,NaN,17.00005,23.00005,60.00005,4.5,5.21,25.8,5e-05,2.9,13.50005,95.4,NaN,1.671
56282802,20.00005,41.00005,28.00005,31.00005,6.55,6.885,18.45,5e-05,2.2,4.50005,176.2,NaN,0.9305
53942622,36.00005,26.00005,40.00005,34.00005,4.05,4.445,28.8,5e-05,2.9,24.1,104.1,NaN,3.51
54902668,76.00005,19.00005,55.00005,26.00005,7.2,7.695,22.95,104,2.25,5.70005,416.1,NaN,2.1815
54022430,23.00005,45.00005,25.00005,30.00005,5.6,6.215,17.05,5e-05,1.65,5.80005,210.05,NaN,0.8855
53102804,40.00005,69.00005,14.00005,17.00005,5.3,5.86,23.95,5e-05,2.35,4.90005,201.7,NaN,0.601
56402702,2.00005,34.00005,54.00005,12.00005,5.85,6.315,13.45,5e-05,1.6,56.7,330.8,NaN,1.625
53002776,54.00005,52.00005,44.00005,4.00005,5.9,6.375,24.5,3.00005,2.5,6.10005,266.05,NaN,1.0865
55562448,19.00005,58.00005,39.00005,3.00005,5.25,5.645,20.95,5e-05,1.85,25.15,265.75,NaN,1.62
56802796,23.00005,35.00005,27.00005,38.00005,6.1,6.615,13.1,5e-05,1.3,9.35,181.9,NaN,0.883
55082494,27.00005,74.00005,20.00005,6.00005,5.25,5.945,14.1,5e-05,1.3,15.5,239.35,NaN,0.778
56082504,81.00005,51.00005,33.00005,16.00005,5.55,6.07,15.3,5e-05,1.65,27.6,206.55,NaN,1.2035
55662566,13.00005,23.00005,19.00005,58.00005,6.6,6.88,17.9,8.00005,2.05,14.05,83.95,NaN,1.8255
55602550,12.00005,36.00005,17.00005,47.00005,5.05,5.785,16.5,5e-05,1.75,5e-05,122.45,NaN,0.8815
55242862,27.00005,38.00005,22.00005,40.00005,4.95,5.5,23,5e-05,2.5,35.6,142.7,NaN,2.054
53802730,76.00005,16.00005,68.00005,16.00005,7.15,7.68,24.9,40,2.7,5e-05,294,NaN,1.738
55462528,79.00005,8.00005,83.00005,9.00005,6.8,7.275,24.5,3.00005,2.6,27.1,383.65,NaN,1.595
55402630,21.00005,31.00005,27.00005,42.00005,5.6,5.83,18.3,2.00005,2.3,17.3,95.55,NaN,3.595
54862522,2.00005,63.00005,30.00005,7.00005,4.75,5.345,19.4,5e-05,1.8,14.15,161.8,NaN,0.8665
56842706,1.00005,25.00005,29.00005,46.00005,5.45,6.08,9.5,5e-05,0.95,12.15,81.85,NaN,0.434
55342520,NaN,4.00005,60.00005,36.00005,7.1,7.635,11.55,5.5,1.35,6.40005,87.4,NaN,1.342
56202632,61.00005,54.00005,39.00005,7.00005,7.25,7.505,32.7,5.5,3.25,5.30005,258.45,NaN,1.6045
55102694,1.00005,9.00005,49.00005,42.00005,7.35,7.56,30.1,87,2.75,9.75,148.8,NaN,5.16
52742776,25.00005,51.00005,13.00005,36.00005,6.05,6.52,17.85,1.00005,1.5,19.25,292.5,NaN,0.702
56662792,35.00005,18.00005,75.00005,7.00005,7.6,7.895,17.3,49,1.95,7.55,365.1,NaN,2.62
53502854,4.00005,49.00005,31.00005,20.00005,5.15,5.78,33.7,5e-05,3.65,4.80005,124.05,NaN,0.9895
53542764,74.00005,60.00005,35.00005,5.00005,6.05,6.59,27.65,5e-05,2.75,5e-05,311.75,NaN,0.8165
52502542,2.00005,27.00005,8.00005,65.00005,6,6.24,20.3,5e-05,2.1,6.00005,88.65,NaN,1.076
57202648,52.00005,10.00005,89.00005,1.00005,7.4,7.63,29.15,40,3,42.3,225.25,NaN,4.73
55822888,59.00005,58.00005,38.00005,4.00005,7.25,7.67,30.7,14.5,3.15,9.40005,533.8,NaN,2.472
56842716,NaN,29.00005,10.00005,61.00005,5.4,6.205,8.55,5e-05,0.9,10.30005,165.5,NaN,0.6605
53642722,12.00005,6.00005,84.00005,10.00005,7.35,7.73,41.55,47,4.4,8.80005,248.7,NaN,3.023
53782698,42.00005,82.00005,12.00005,6.00005,5.9,6.425,29.4,5e-05,2.75,40.55,451.7,NaN,1.3735
57622520,22.00005,35.00005,50.00005,15.00005,7.35,7.745,36,488.5,3.9,8.40005,548.55,NaN,1.9265
53822714,32.00005,67.00005,28.00005,5.00005,7.35,7.89,24.3,23,2.7,5.00005,366.45,NaN,1.9135
55582684,1.00005,35.00005,33.00005,32.00005,5.55,5.91,12.6,5e-05,1.4,53.9,441.5,NaN,1.512
56642566,NaN,14.00005,62.00005,24.00005,7.55,7.94,19.3,43,2.05,8.05,173.85,NaN,1.7355
55182486,22.00005,57.00005,32.00005,11.00005,5.2,5.675,26.2,5e-05,2.35,11.3,250.6,NaN,0.884
55062852,40.00005,51.00005,41.00005,8.00005,5.15,5.685,24.7,5e-05,2.65,7.80005,176.9,NaN,1.7065
54922568,9.00005,18.00005,10.00005,72.00005,5.15,5.59,11.95,5e-05,1.6,7.60005,51.65,NaN,1.89
51222616,NaN,31.00005,56.00005,13.00005,7.6,7.815,22.85,105,2.05,11.55,555.9,NaN,3.14
55762518,52.00005,77.00005,19.00005,4.00005,5.35,5.92,17.4,5e-05,1.9,12,200.85,NaN,1.175
56862754,NaN,37.00005,5.00005,58.00005,5.3,5.935,17.55,1.00005,1.55,30.95,209.35,NaN,0.551
52242596,43.00005,40.00005,40.00005,20.00005,4.9,5.5,12.5,5e-05,1.35,8.90005,164.1,NaN,1.635
56502718,9.00005,53.00005,21.00005,26.00005,6.3,6.505,21.15,1,2.25,86.1,760.5,NaN,1.7095
51922542,37.00005,52.00005,10.00005,38.00005,5.9,6.24,14,5e-05,1.5,15.65,161.45,NaN,1.651
53522708,30.00005,47.00005,32.00005,21.00005,4.55,5.22,25.1,5e-05,2.35,12.90005,143.15,NaN,1.289
54802440,1.00005,55.00005,26.00005,19.00005,5.85,6.39,14.25,5e-05,1.4,5.5,213.75,NaN,0.6965
53162784,6.00005,30.00005,21.00005,49.00005,5.7,6.245,12.45,5e-05,1.35,5.90005,108.15,NaN,0.4635
55742494,NaN,72.00005,22.00005,6.00005,5.25,5.77,14.6,5e-05,1.6,17.5,170.2,NaN,0.668
57042730,27.00005,40.00005,31.00005,29.00005,7.55,7.955,17.15,6,2,11.85,259.05,NaN,1.7295
54042470,53.00005,73.00005,11.00005,16.00005,7.2,7.63,25.25,7,2.65,30.35,368.25,NaN,3.0885
56842734,NaN,32.00005,17.00005,51.00005,5.7,6.195,13.2,5e-05,1.25,19.35,163.8,NaN,0.7865
53562846,NaN,34.00005,26.00005,40.00005,5.85,6.26,24.95,5e-05,2.95,95.25,283.5,NaN,1.2755
53462624,2.00005,63.00005,21.00005,16.00005,4.7,5.485,19.4,5e-05,2.05,12.10005,204.6,NaN,1.441
52902802,21.00005,58.00005,20.00005,22.00005,6.05,6.375,23.25,5e-05,2.5,8.10005,75.6,NaN,2.13
53982784,95.00005,67.00005,27.00005,6.00005,4.7,5.415,19.95,5e-05,2.05,5e-05,285.7,NaN,0.42
52782560,26.00005,37.00005,31.00005,32.00005,5.05,5.725,25.05,5e-05,2.45,5.90005,75.65,NaN,0.5315
55962538,18.00005,31.00005,32.00005,37.00005,4.75,5.37,17.15,5e-05,1.6,60.5,210.85,NaN,1.5745
56782776,NaN,33.00005,22.00005,45.00005,5.8,6.14,32.95,5e-05,3,5.70005,226.35,NaN,0.7715
51842624,10.00005,5.00005,8.00005,87.00005,7.4,7.65,13.9,19,1.7,4.8,117.45,NaN,2.535
55402644,26.00005,20.00005,74.00005,6.00005,7.4,7.61,74.45,156,8.15,11.2,110.45,NaN,4.38
56562836,49.00005,67.00005,29.00005,4.00005,6.4,6.77,20.25,5e-05,2.45,11.85,404.6,NaN,1.1915
55942828,NaN,52.00005,26.00005,22.00005,6.4,6.685,33,5e-05,3.6,26.85,592.75,NaN,1.4495
57482568,NaN,22.00005,74.00005,4.00005,7.5,8.07,19.5,66.5,1.75,15.5,208.2,NaN,1.3815
54162492,NaN,48.00005,24.00005,28.00005,4.8,5.205,10.7,5e-05,1.2,13.9,254.1,NaN,1.6575
57062714,NaN,38.00005,11.00005,51.00005,7.5,7.885,17.65,11.5,2,11.55,308.05,NaN,1.62
54762854,18.00005,33.00005,35.00005,32.00005,5.6,5.945,23.8,5e-05,2.95,15.10005,182.5,NaN,3.844
55742898,67.00005,16.00005,82.00005,2.00005,7.45,8.16,22.9,70.5,2.45,5e-05,590.95,NaN,2.4165
56762654,8.00005,10.00005,44.00005,46.00005,7.45,7.925,10.4,55.5,1.1,7.3,289.95,NaN,1.875
56662656,14.00005,14.00005,85.00005,1.00005,7.15,7.72,28.4,46,3.4,21.05,1806.9,NaN,2.6375
55962730,NaN,15.00005,48.00005,37.00005,7.45,7.83,10.8,19,1.5,4.15,165.95,NaN,2.133
53742486,35.00005,37.00005,21.00005,42.00005,6.65,7.205,9.25,5e-05,1,13.80005,146.95,NaN,0.7645
52402654,31.00005,48.00005,38.00005,14.00005,4.9,5.265,19.65,5e-05,2,12.7,95.55,NaN,2.825
52802788,1.00005,43.00005,38.00005,19.00005,5.95,6.48,9.5,1.00005,1.25,15.45,82.7,NaN,0.686
55542660,NaN,45.00005,48.00005,7.00005,6.9,7.29,15,1,1.65,30.95,125.25,NaN,2.89
54522636,13.00005,27.00005,22.00005,51.00005,5.35,5.87,12.05,5e-05,1.45,6.70005,126.65,NaN,0.6195
54902524,29.00005,46.00005,34.00005,20.00005,5,5.61,12.7,5e-05,1.35,16.30005,150.3,NaN,0.9125
54122758,1.00005,7.00005,72.00005,21.00005,7.4,7.795,14.8,23.5,1.8,11,193.75,NaN,1.7615
52962764,29.00005,65.00005,32.00005,3.00005,5.5,6.26,21.6,5e-05,2.1,5e-05,235.85,NaN,0.565
53202610,63.00005,41.00005,27.00005,32.00005,5.5,5.865,32.75,5e-05,3,6.90005,160.2,NaN,1.125
53722722,25.00005,10.00005,88.00005,2.00005,7.2,7.415,50,49.5,5.15,9.10005,780.85,NaN,2.6685
53902728,7.00005,59.00005,23.00005,18.00005,6.05,6.46,35.65,5e-05,3.3,15.65,302.7,NaN,1.233
48483292,7.00005,4.00005,7.00005,89.00005,6.25,6.61,11.2,2.00005,1.15,69.35,144.65,NaN,1.2825
49923050,4.00005,6.00005,8.00005,85.00005,5.85,6.13,18.75,5e-05,1.85,10.80005,83.85,NaN,2.325
47943180,4.00005,8.00005,8.00005,84.00005,4.3,4.675,23.25,5e-05,2.05,46,63.9,NaN,1.2735
52443826,8.00005,12.00005,47.00005,41.00005,6.75,7.165,23.25,19.00005,2.1,50.45,141.25,NaN,1.131
45182092,9.00005,30.00005,23.00005,47.00005,6.6,7.01,7.85,1.00005,0.8,8.60005,129.75,NaN,1.197
50241926,11.00005,30.00005,31.00005,39.00005,7.25,7.785,18.3,57,1.85,20.50005,204.65,NaN,2.0985
47882038,16.00005,46.00005,48.00005,6.00005,7.4,8.115,8.8,165.5,1.25,4.80005,583.6,NaN,1.804
43742218,38.00005,22.00005,25.00005,53.00005,7.5,8.055,10.35,66,1.35,9.90005,127.75,NaN,1.4745
47902078,16.00005,29.00005,41.00005,30.00005,7.4,8.045,15.4,466.5,1.75,67.6,642.1,NaN,3.452
47722096,14.00005,41.00005,50.00005,9.00005,7.5,8.195,12.45,205.5,1.2,5.70005,385.95,NaN,1.788
43722442,14.00005,31.00005,54.00005,15.00005,7.3,7.89,15.3,218.5,1.6,30.9,190.05,NaN,1.765
43622366,15.00005,30.00005,42.00005,28.00005,6.55,6.94,22.65,4.00005,2.4,6.10005,189,NaN,1.4165
43542384,15.00005,45.00005,47.00005,8.00005,7.3,7.81,16.3,86,1.9,11.60005,261.25,NaN,2.046
43382422,20.00005,30.00005,58.00005,12.00005,7.4,7.94,20.7,104.5,1.8,5.50005,188.85,NaN,2.0005
43222420,16.00005,36.00005,61.00005,3.00005,7.55,8.02,10.55,151,1.6,10.85,181.95,NaN,2.2935
41941786,4.00005,8.00005,7.00005,85.00005,6.7,7.07,6.25,1,0.7,8.20005,95.65,NaN,0.8065
42061858,24.00005,17.00005,41.00005,42.00005,5.8,6.105,13.85,5e-05,1.45,30.6,279.75,NaN,4.6075
42241882,15.00005,16.00005,24.00005,60.00005,5.9,6.355,22.6,5e-05,2,13.35,310.05,NaN,0.963
42241864,22.00005,19.00005,31.00005,50.00005,5.95,6.195,25.5,5e-05,2.4,6.30005,545.1,NaN,1.275
48222046,5.00005,31.00005,32.00005,37.00005,7.55,7.92,13.9,10.5,1.4,23.15,1488.75,NaN,2.714
43582384,17.00005,52.00005,41.00005,7.00005,7.2,7.72,20.45,152,2.5,32.15,641.7,NaN,2.161
49921952,13.00005,52.00005,19.00005,28.00005,6.1,6.53,14.4,5e-05,1.35,74.05,736.8,NaN,0.9275
49501954,5.00005,27.00005,50.00005,23.00005,7.4,7.88,8.1,4,0.9,32.2,607.15,NaN,1.16
50241938,12.00005,23.00005,20.00005,57.00005,7.1,7.675,32.25,67,2.7,60.45,124.65,NaN,1.43
43602380,6.00005,26.00005,35.00005,39.00005,7.1,7.535,24.25,45,2.8,11.10005,167.9,NaN,2.634
46381666,22.00005,31.00005,51.00005,18.00005,7.1,7.5,32.3,3,3.4,6.40005,577.3,NaN,2.9345
45601646,25.00005,57.00005,36.00005,7.00005,7.65,8.225,12.85,146,1.1,5e-05,620.55,NaN,2.03
48941776,11.00005,36.00005,40.00005,24.00005,7.25,7.79,21.1,108,2.05,8.70005,338.1,NaN,1.792
42181938,16.00005,39.00005,23.00005,38.00005,7.05,7.57,15.9,80.5,1.6,3.40005,595.6,NaN,1.902
44782216,12.00005,27.00005,63.00005,9.00005,7.45,7.88,7.4,122.5,0.85,8.60005,242.5,NaN,4.1195
44982226,12.00005,17.00005,24.00005,60.00005,7.2,7.42,21.7,58,2.2,6.40005,146.95,NaN,1.9715
50442704,2.00005,4.00005,3.00005,94.00005,7.2,7.635,6.25,24,0.7,48.5,49.75,NaN,1.302
50282690,4.00005,5.00005,6.00005,89.00005,7.45,7.87,12.15,27.5,1.3,4.20005,35.05,NaN,0.91
51782848,11.00005,21.00005,46.00005,32.00005,5.45,5.925,11.35,5e-05,1.3,14.55,183.7,NaN,0.519
52482850,8.00005,20.00005,46.00005,34.00005,4.75,5.27,17.15,5e-05,2.15,17.5,118.1,NaN,1.0745
51302872,11.00005,32.00005,53.00005,15.00005,5.4,5.895,27.6,1.00005,2.65,8.80005,237.65,NaN,1.0065
51922818,5.00005,8.00005,9.00005,82.00005,5.85,6.325,9.6,1.00005,1,19.45,174.05,NaN,0.804
51982864,13.00005,31.00005,61.00005,8.00005,6.2,6.535,17.35,5e-05,2.05,24.25,203.7,NaN,0.814
51362622,8.00005,29.00005,56.00005,15.00005,7.8,8.79,15.55,7.5,1.6,25.4,353.75,NaN,3.845
50622776,21.00005,41.00005,53.00005,6.00005,6.2,6.33,26.35,5e-05,2.45,12.3,229.3,NaN,0.8995
50642762,12.00005,38.00005,55.00005,7.00005,7.7,8.05,23.05,133.5,2.35,18.3,285.2,NaN,1.688
49822698,5.00005,23.00005,41.00005,35.00005,7.55,8.05,16.05,25,1.65,25.05,213.5,NaN,1.708
51622770,13.00005,34.00005,64.00005,2.00005,6.15,6.58,28.2,1.00005,2.65,91.7,502.7,NaN,1.013
51302836,4.00005,23.00005,66.00005,11.00005,7.5,8.12,19.9,36,2.05,16.45,304.8,NaN,2.495
51362806,3.00005,5.00005,3.00005,92.00005,6.15,6.775,5.5,5e-05,0.6,19.55,119.95,NaN,0.4855
48702706,6.00005,15.00005,24.00005,61.00005,6.15,6.495,7.85,1.00005,1.05,49.45,130.95,NaN,0.7835
48622654,10.00005,39.00005,53.00005,8.00005,6.5,6.915,22.95,2.00005,2.55,35.05,457.4,NaN,0.951
48702742,11.00005,32.00005,51.00005,17.00005,6.8,7.29,15.25,1.00005,1.7,23.25,110.35,NaN,1.047
52142866,7.00005,20.00005,55.00005,25.00005,4.15,4.715,7.8,5e-05,1.1,30.8,118.25,NaN,0.833
49502560,10.00005,34.00005,60.00005,6.00005,4.65,5.325,9.95,5e-05,1.2,30.85,120.65,NaN,0.6795
49862704,6.00005,22.00005,50.00005,28.00005,7.45,8.01,23.45,106,2,24.1,254.95,NaN,2.2135
51582792,10.00005,28.00005,70.00005,2.00005,5.25,5.85,30.55,5e-05,2.85,7.85,233.6,NaN,0.6565
36742492,6.00005,18.00005,26.00005,56.00005,5.7,5.935,29.25,5e-05,3.2,20.9,96.6,NaN,1.1665
35142542,33.00005,48.00005,35.00005,17.00005,7.45,7.92,12.8,374.5,1.65,28.95,925,NaN,2.297
37502726,9.00005,21.00005,71.00005,8.00005,5.95,6.23,10.8,5e-05,1.3,12.75,98.55,NaN,0.8295
37562704,9.00005,24.00005,69.00005,6.00005,5.9,6.505,10.25,5e-05,1.25,42.15,160.95,NaN,1.2605
37802686,12.00005,32.00005,49.00005,19.00005,7,7.29,18.35,5.5,2.15,78,353.95,NaN,1.352
35862920,19.00005,18.00005,38.00005,44.00005,7.35,7.78,21.4,624,2.25,64.45,141.2,NaN,2.139
36802854,4.00005,18.00005,80.00005,2.00005,6.15,6.5,9.45,5e-05,1.2,26.45,121.2,NaN,1.051
36822858,8.00005,16.00005,82.00005,2.00005,5.85,6.195,9.75,5e-05,1.25,39.9,97.1,NaN,1.0865
32562870,8.00005,19.00005,51.00005,29.00005,5.4,5.68,63.1,1.00005,6.05,46.35,183.95,NaN,3.696
36202514,10.00005,22.00005,60.00005,18.00005,5.25,5.645,33.3,5e-05,4.05,17.30005,96,NaN,1.3425
38002514,27.00005,45.00005,26.00005,28.00005,7.1,7.62,18.55,15,2,60.15,322.8,NaN,1.667
34942744,15.00005,24.00005,49.00005,26.00005,5.15,5.855,17.1,5e-05,2.05,27.4,107.7,NaN,1.882
38142586,17.00005,17.00005,17.00005,67.00005,7.05,7.37,29.4,162.5,3.25,24.85,133.85,NaN,1.675
36142842,22.00005,42.00005,30.00005,29.00005,6.35,6.63,33.85,1,3.9,14.15,501.3,NaN,2.7925
41142882,25.00005,51.00005,44.00005,5.00005,7.35,7.755,24.6,13,3,17.5,438.35,NaN,1.383
40002884,23.00005,19.00005,44.00005,37.00005,7.35,7.855,18.95,570,2.8,25,200.8,NaN,2.064
39742788,11.00005,37.00005,62.00005,1.00005,6,6.385,33.3,5e-05,3.25,20.45,347.75,NaN,0.985
39842798,15.00005,27.00005,63.00005,9.00005,7.35,7.745,35.6,62,3.8,19,238.75,NaN,1.998
39742828,20.00005,38.00005,53.00005,9.00005,7.5,8.055,21.6,301,2.1,18.55,281.3,NaN,2.0715
39482816,32.00005,47.00005,48.00005,6.00005,7.3,7.825,22.7,43,2.8,31.65,345.5,NaN,2.359
38522848,15.00005,36.00005,46.00005,18.00005,7.35,7.845,20.25,127,2.25,49.45,339.15,NaN,1.835
39002926,14.00005,28.00005,50.00005,22.00005,7.55,8.005,20.7,447,2.3,56.2,365.9,NaN,1.964
40002704,23.00005,27.00005,67.00005,6.00005,7.1,7.395,28.3,7.5,2.85,42.45,263.9,NaN,2.081
38163028,7.00005,20.00005,75.00005,4.00005,6.55,6.73,11.45,5e-05,1.5,32.45,105.2,NaN,0.661
34402852,8.00005,21.00005,64.00005,15.00005,6.2,6.555,12.95,5e-05,1.75,33.7,166.85,NaN,1.7595
34802820,8.00005,22.00005,58.00005,20.00005,6,6.335,14.65,5e-05,2.05,39.4,216.05,NaN,1.6505
35642332,29.00005,32.00005,49.00005,18.00005,7.2,7.605,22.25,391,2.95,25.55,281.25,NaN,1.725
35382324,12.00005,28.00005,52.00005,20.00005,7.35,7.87,11.95,24,1.8,7.30005,168.45,NaN,1.754
34122850,6.00005,19.00005,73.00005,8.00005,4.95,5.465,13.8,1.00005,1.7,37.6,236,NaN,0.9555
38262468,15.00005,29.00005,37.00005,34.00005,6.45,6.63,36.9,1.00005,4,17.55,117.05,NaN,2.1295
35442424,42.00005,15.00005,31.00005,55.00005,6.75,7.11,7.7,7.00005,1.1,23,119.35,NaN,1.727
36342748,13.00005,21.00005,62.00005,17.00005,6.6,7.135,9.35,1.00005,1.1,32.75,163.1,NaN,0.7515
37902976,7.00005,19.00005,77.00005,4.00005,6.75,6.995,12.3,1.00005,1.55,42.35,158.4,NaN,1.201
37543026,23.00005,32.00005,56.00005,13.00005,7.3,7.72,17.3,6,2.1,39.9,205.1,NaN,1.7805
38042978,9.00005,20.00005,59.00005,21.00005,6.5,6.845,10.65,5e-05,1.3,72.55,225.95,NaN,1.2375
38042982,8.00005,19.00005,75.00005,6.00005,7.3,7.71,9.1,3.5,1.25,54.55,292.3,NaN,1.742
35942848,12.00005,33.00005,47.00005,20.00005,7.3,7.775,16.65,112.5,2.2,14.4,361.45,NaN,2.712
39422650,14.00005,16.00005,48.00005,36.00005,6.65,6.9,10.35,5e-05,1.35,29.2,78.2,NaN,1.01
37162926,37.00005,21.00005,75.00005,4.00005,6.5,6.805,12.25,1.00005,1.55,38,204.45,NaN,2.8205
36582614,7.00005,18.00005,24.00005,58.00005,5,5.575,18.65,5e-05,2.35,11.10005,212.25,NaN,1.3765
38122792,9.00005,19.00005,52.00005,29.00005,5.8,6.255,11.35,5e-05,1.3,59.9,151.55,NaN,1.0635
38122810,9.00005,18.00005,74.00005,8.00005,7.2,7.605,10.35,2.5,1.3,49.75,217.1,NaN,1.676
40062822,10.00005,24.00005,53.00005,23.00005,6,6.425,14.25,5e-05,1.75,16.7,195.45,NaN,0.636
35742714,7.00005,6.00005,11.00005,83.00005,6,6.35,8.15,5e-05,1,28.5,111.85,NaN,0.712
40082782,28.00005,41.00005,47.00005,12.00005,7.05,7.36,53.75,68.5,4,17.75,498.1,NaN,2.174
49804816,8.00005,21.00005,71.00005,8.00005,3.9,4.27,85.25,5e-05,7,19.5,68.55,NaN,2.795
51584250,NaN,NaN,NaN,NaN,4.05,4.33,291.95,5e-05,18.4,26.95,203.85,NaN,9.965
50864388,13.00005,6.00005,20.00005,74.00005,3.45,4.16,49.75,5e-05,1.95,23.45,79.8,NaN,0.7685
30782198,10.00005,25.00005,25.00005,50.00005,7.35,7.94,8.15,4.5,1.05,13.2,212.6,NaN,0.916
30542182,7.00005,31.00005,32.00005,37.00005,7.65,8.1,10.1,45.5,1.3,48.9,459.1,NaN,2.935
31562258,7.00005,31.00005,32.00005,37.00005,7.55,8.205,6.3,110,1,10.40005,192.55,NaN,1.394
33602034,27.00005,21.00005,26.00005,53.00005,7.45,7.995,19.3,374.5,2,52.45,480.4,NaN,2.074
34822164,5.00005,22.00005,44.00005,35.00005,7.5,7.975,11.4,199.5,1.3,9.90005,104.05,NaN,1.3485
34922156,6.00005,27.00005,54.00005,19.00005,7.4,8.065,15.45,191.5,2,12.90005,99.4,NaN,1.6805
28861884,14.00005,21.00005,27.00005,52.00005,6.1,6.405,6.6,5e-05,0.6,59.75,252.2,NaN,1.1015
30002272,14.00005,13.00005,50.00005,38.00005,5,5.4,18.45,5e-05,1.35,5e-05,80,NaN,1.1625
32441984,7.00005,4.00005,81.00005,16.00005,7.4,7.495,16.35,404,1.25,12,471.2,NaN,24.439
28202386,6.00005,13.00005,22.00005,65.00005,3.7,4.495,65.65,5e-05,4.95,14.00005,51.75,NaN,0.6945
34141840,9.00005,22.00005,28.00005,50.00005,7.35,7.925,15.7,65.5,1.6,53.05,446.35,NaN,1.541
33901812,6.00005,17.00005,21.00005,62.00005,7.5,8.16,8.9,228,0.55,6.00005,160.9,NaN,1.436
33982230,8.00005,32.00005,61.00005,7.00005,7.55,8.17,12.05,367,1.45,15.9,237.7,NaN,1.439
31441840,14.00005,24.00005,39.00005,37.00005,7.6,8.175,8.1,435,1.1,8.10005,237.9,NaN,1.5735
31421842,5.00005,53.00005,15.00005,31.00005,6.9,7.525,9.15,1.00005,1.2,26.7,523.25,NaN,1.2375
31522142,16.00005,19.00005,28.00005,53.00005,7.25,7.785,12.6,415,1.45,30.95,190.2,NaN,1.4055
29481906,14.00005,44.00005,33.00005,24.00005,7.3,7.875,9.05,153.5,1.05,11.35,394,NaN,1.3935
28942378,11.00005,12.00005,17.00005,71.00005,4,4.715,53.75,5e-05,3,7.60005,49.6,NaN,0.719
28902396,13.00005,8.00005,18.00005,74.00005,4.2,4.825,30.55,5e-05,2.55,13.25,105,NaN,0.704
34622108,11.00005,35.00005,61.00005,4.00005,7.45,7.53,11.4,437,1.55,16.65,233.1,NaN,24.726
29122342,19.00005,10.00005,50.00005,40.00005,4.1,4.41,91.65,5e-05,5.8,11.25,67.15,NaN,3.585
30722268,19.00005,16.00005,28.00005,56.00005,5.45,6.1,6.15,5e-05,0.9,9.90005,73.6,NaN,0.5305
30982262,6.00005,34.00005,45.00005,21.00005,7.6,8.175,6.7,112,1.15,5e-05,132.15,NaN,1.3535
32741830,5.00005,24.00005,58.00005,18.00005,7.7,8.315,8.05,321.5,0.85,11.90005,207.8,NaN,1.5215
33462168,7.00005,18.00005,67.00005,15.00005,7.55,8.225,9.9,368,0.9,15.35,101,NaN,1.418
34382102,7.00005,33.00005,52.00005,15.00005,7.65,7.925,11.35,314.5,1.4,10.35,219.4,NaN,7.92
34382138,6.00005,39.00005,57.00005,3.00005,7.75,8.395,15.85,478,1.8,125.55,787.05,NaN,2.99
34422080,32.00005,28.00005,56.00005,16.00005,7.5,7.735,11.4,434,1.05,24.1,102.05,NaN,23.15
34442090,15.00005,32.00005,47.00005,21.00005,7.5,7.695,15.55,383.5,1.6,15.50005,153.55,NaN,23.035
29081976,12.00005,9.00005,26.00005,64.00005,4.5,5.34,3.7,1.00005,0.45,7.50005,37.85,NaN,0.926
54581828,12.00005,31.00005,56.00005,13.00005,7.85,8.34,13.2,203.5,1.1,8.40005,335.15,NaN,1.7275
53064066,9.00005,6.00005,13.00005,82.00005,6.25,6.475,19.6,1.5,1.65,24.55,96.3,NaN,0.891
51644130,NaN,NaN,NaN,NaN,5.3,5.7,126.7,2.00005,10.55,126.9,57.1,NaN,3.8065
43043744,16.00005,8.00005,17.00005,75.00005,5.3,5.725,21.45,5e-05,2.15,94.35,184.95,NaN,2.6045
44283628,8.00005,12.00005,24.00005,65.00005,5.75,6.175,21.5,5e-05,2.35,40.45,110.15,NaN,1.6095
43303570,15.00005,8.00005,18.00005,75.00005,5.8,6.26,10.95,5e-05,1.3,59,128.3,NaN,1.4365
44483176,6.00005,24.00005,66.00005,10.00005,5.85,6.435,18.4,5e-05,1.9,75.35,290.6,NaN,1.2315
44883184,12.00005,9.00005,14.00005,77.00005,6.55,6.84,16.8,5e-05,1.55,32.6,54.65,NaN,1.5785
42583080,9.00005,19.00005,62.00005,18.00005,5.1,5.615,24.2,5e-05,2.75,23.4,111.15,NaN,0.816
44163248,8.00005,5.00005,11.00005,83.00005,5.65,6.12,10.05,2.00005,1.05,62.3,190.75,NaN,1.282
43343458,10.00005,16.00005,29.00005,55.00005,6.65,6.985,11.65,1.00005,1.45,56.1,243.05,NaN,2.032
42783118,8.00005,17.00005,56.00005,27.00005,6.9,7.42,12.3,3,1.45,48,204.3,NaN,1.4335
42722806,9.00005,25.00005,71.00005,4.00005,6.3,6.69,17.6,1.00005,2.05,66.7,278.25,NaN,1.4215
42763458,7.00005,5.00005,15.00005,80.00005,5.1,5.68,11.85,5e-05,1.15,116.7,103.95,NaN,0.764
45923252,7.00005,7.00005,21.00005,72.00005,4.05,4.445,9.45,5e-05,0.75,14.65,28,NaN,0.402
44843348,8.00005,5.00005,14.00005,81.00005,5.1,5.53,8.9,5e-05,0.95,94.75,125.05,NaN,1.7455
43442986,8.00005,25.00005,25.00005,50.00005,7.05,7.46,17.35,3,1.9,28.4,531.45,NaN,2.2855
44482834,7.00005,27.00005,60.00005,13.00005,6.15,6.43,18.95,1.00005,2.25,43.25,277.7,NaN,1.9175
47542996,11.00005,27.00005,63.00005,10.00005,5.9,6.235,14.85,1.00005,1.7,18.75,118.45,NaN,1.0005
46043076,8.00005,20.00005,57.00005,23.00005,5.45,5.995,18.85,5e-05,1.9,42.15,108.5,NaN,0.91
46422892,6.00005,25.00005,28.00005,47.00005,6.3,6.655,19.5,5e-05,2.05,31,134.25,NaN,0.855
46502878,10.00005,27.00005,48.00005,25.00005,5.4,6.01,23.85,5e-05,2.8,21.3,106.55,NaN,0.8375
48562914,28.00005,40.00005,37.00005,23.00005,6,6.375,19.85,5e-05,2.2,41.15,349.9,NaN,0.9345
47103034,9.00005,27.00005,64.00005,9.00005,6.35,6.66,17.3,5e-05,1.95,45.5,276.5,NaN,1.309
47322960,11.00005,11.00005,28.00005,61.00005,5.15,5.545,15.3,5e-05,1.85,56.80005,316.55,NaN,2.1025
46742980,7.00005,13.00005,44.00005,43.00005,4.75,5.22,18.75,5e-05,2.2,37.1,103,NaN,0.7275
46103050,9.00005,28.00005,67.00005,6.00005,7.2,7.67,23.3,14.5,2.45,15.6,221.6,NaN,1.7765
64601638,12,34,39.5,26,7.5,8.125,21.95,229.5,2.1,123.1,1910.45,NaN,2.64
64981672,28.5,37,41.5,21.5,7.55,8.055,17.9,175.5,2.15,5e-05,548.85,NaN,1.6195
53702348,NaN,21.00005,33.00005,46.00005,4.65,5.29,21.55,5e-05,1.9,3.30005,59.4,NaN,0.5765
54082368,NaN,49.00005,39.00005,12.00005,5.5,5.96,16.1,5e-05,1.65,30,261.65,NaN,1.1665
53662388,9.00005,56.00005,39.00005,5.00005,6,6.37,14.2,5e-05,1.7,21.35,181.25,NaN,1.9365
56462260,1.00005,28.00005,30.00005,42.00005,5.05,5.765,18.4,5e-05,1.65,14.15,224.15,NaN,0.722
56302252,NaN,40.00005,17.00005,43.00005,5.75,6.255,15.75,5e-05,1.35,74.25,392.75,NaN,1.375
56482216,5.00005,20.00005,27.00005,53.00005,5.7,6.37,7.2,5e-05,0.85,37.3,1591.35,NaN,0.687
56282268,NaN,14.00005,19.00005,67.00005,5.3,5.845,9.65,5e-05,1.05,12.8,155.4,NaN,0.8835
56082288,NaN,40.00005,25.00005,35.00005,6.4,6.865,18.25,2.00005,1.7,11.90005,243.65,NaN,0.755
55602298,22.00005,13.00005,25.00005,62.00005,4.25,4.89,16.3,5e-05,1.75,33.8,108.15,NaN,0.6555
56642232,13.00005,19.00005,13.00005,68.00005,6.05,6.555,7.6,5e-05,0.85,4.10005,175.4,NaN,0.716
56342236,2.00005,11.00005,17.00005,72.00005,5.05,5.61,6.35,5e-05,0.95,14.05,150.65,NaN,0.7415
56102260,24.00005,66.00005,30.00005,4.00005,7.3,7.82,21.05,4.5,1.65,4.70005,331.95,NaN,1.614
56482306,NaN,41.00005,31.00005,28.00005,5.75,6.21,13.95,5e-05,1.45,4.50005,180.45,NaN,1.157
56862298,18.00005,57.00005,34.00005,9.00005,5.3,5.99,17.9,5e-05,1.7,29.7,303.95,NaN,1.0795
56282430,NaN,51.00005,47.00005,2.00005,5.55,6.275,13.65,5e-05,1.4,10.15,198.2,NaN,0.6245
56682258,2.00005,44.00005,21.00005,35.00005,5.4,6.075,8.1,5e-05,1,3.00005,165.95,NaN,1.0835
57102282,NaN,11.00005,25.00005,64.00005,5.5,6.095,9.3,5e-05,0.95,20.15,125.95,NaN,0.619
56842292,NaN,20.00005,67.00005,13.00005,7.3,7.765,22.35,49.5,2.35,19.00005,704.2,NaN,2.4125
56742272,61.00005,44.00005,36.00005,20.00005,5.7,6.435,11.55,1.00005,1.05,14.55,194.8,NaN,0.579
55742358,22.00005,6.00005,92.00005,2.00005,7.15,7.51,27.05,19.00005,2.8,19.20005,374.75,NaN,1.4445
55302246,NaN,11.00005,20.00005,69.00005,4.35,4.945,8.4,5e-05,0.95,29.5,101,NaN,0.7785
55282244,NaN,26.00005,32.00005,42.00005,4.9,5.61,6.85,5e-05,0.85,20.7,96.6,NaN,0.4655
55062222,NaN,6.00005,13.00005,81.00005,6.2,6.665,4.25,1.00005,0.55,40.60005,47.9,NaN,0.7425
56042230,2.00005,49.00005,27.00005,24.00005,6.9,7.395,16.5,3.00005,1.4,36.05,251.5,NaN,0.8495
54362138,NaN,18.00005,16.00005,66.00005,6.3,6.795,9.5,5e-05,1.1,8.20005,141.9,NaN,0.9215
53742228,35.00005,24.00005,15.00005,61.00005,6.9,7.035,51.2,263.00005,3.55,24.00005,312.05,NaN,2.2985
55622242,NaN,11.00005,51.00005,38.00005,7.35,7.9,14.55,46.5,1.6,6.40005,254.85,NaN,1.8855
53822218,6.00005,21.00005,20.00005,59.00005,7.25,7.815,16.9,179,1.95,13.80005,173.45,NaN,1.654
55082228,19.00005,23.00005,22.00005,55.00005,7.1,7.455,34.7,668.5,4.3,7.90005,188.1,NaN,2.1445
55942212,NaN,28.00005,23.00005,49.00005,5.8,6.355,7.85,5e-05,0.8,12.70005,186.3,NaN,0.817
55902264,4.00005,22.00005,50.00005,28.00005,7.35,7.965,13.95,14,1.35,9.60005,364.4,NaN,1.784
56682268,15.00005,9.00005,83.00005,8.00005,7.5,8.015,20.65,42,2.1,6.50005,313.55,NaN,2.083
56622184,9.00005,39.00005,20.00005,41.00005,5.05,5.78,16.4,5e-05,1.35,5.40005,1139.45,NaN,0.6985
55622224,13.00005,59.00005,29.00005,12.00005,6.3,6.765,15.05,5e-05,1.45,16.35,323.5,NaN,1.36
56642296,NaN,57.00005,38.00005,5.00005,5.55,6.055,21.5,5e-05,1.95,18.3,283.55,NaN,1.043
57242300,15.00005,46.00005,40.00005,14.00005,6.3,6.815,17.1,1.00005,1.65,30.6,274.9,NaN,0.842
56942334,NaN,43.00005,39.00005,18.00005,5.5,6.215,11.2,1.00005,1.15,10.20005,215.1,NaN,0.572
57142286,NaN,3.00005,13.00005,84.00005,5.5,6.04,21.1,5e-05,2.15,13.85,140.5,NaN,0.9815
57322286,NaN,24.00005,42.00005,34.00005,6.05,6.295,29.8,5e-05,2.9,8.70005,237.7,NaN,1.424
56842320,NaN,36.00005,36.00005,28.00005,7,7.44,11.95,1.00005,1.55,17.65,199.9,NaN,1.2245
57162300,NaN,48.00005,32.00005,20.00005,6.2,6.78,21.35,1.00005,1.95,31.85,296.5,NaN,0.8315
57522354,1.00005,8.00005,85.00005,7.00005,7.35,7.93,16.6,25.5,1.8,18.9,493.2,NaN,1.722
56862330,75.00005,21.00005,19.00005,60.00005,5.4,5.945,21.85,5e-05,2.2,5.00005,122.6,NaN,0.8745
57362326,14.00005,60.00005,29.00005,11.00005,6.15,6.72,19.35,5e-05,1.8,6.10005,419.4,NaN,0.7065
57162364,NaN,35.00005,24.00005,41.00005,5.55,6.105,10.95,5e-05,1.15,8.40005,116.6,NaN,0.552
57062336,6.00005,11.00005,81.00005,8.00005,7.6,8.465,15.2,27,1.75,14.90005,441.4,NaN,1.8855
57702274,NaN,16.00005,36.00005,48.00005,5.7,6.08,30.3,5e-05,2.8,13.50005,128.95,NaN,0.658
55702376,NaN,52.00005,43.00005,5.00005,7.6,7.945,31.2,69.5,3.4,4.50005,378.55,NaN,2.075
55402328,NaN,44.00005,43.00005,13.00005,7.15,7.585,27.55,16,3.15,41.3,385.25,NaN,2.0175
54882244,NaN,43.00005,33.00005,24.00005,5.25,5.665,10.65,5e-05,1.4,16.1,146.3,NaN,1.138
56962314,10.00005,7.00005,87.00005,6.00005,4.85,5.61,15.6,5e-05,1.5,12.15,295.2,NaN,0.685
55322388,NaN,18.00005,78.00005,4.00005,7.6,8.12,14.9,85,1.45,11.80005,146.4,NaN,1.5355
55102384,NaN,36.00005,59.00005,5.00005,7.2,7.69,15.9,5.5,1.9,14.70005,186.65,NaN,1.939
55182378,NaN,41.00005,56.00005,3.00005,7.05,7.515,15.8,1,1.65,16.95,205.55,NaN,1.355
55002378,50.00005,36.00005,60.00005,4.00005,5.95,6.57,15.6,1.00005,1.6,20.4,164.6,NaN,0.598
54782392,75.00005,43.00005,44.00005,13.00005,7.4,7.875,19,8.5,2.4,9.20005,207.3,NaN,1.348
53882230,NaN,43.00005,28.00005,29.00005,5.75,6.24,18.35,5e-05,2.1,17.2,295.85,NaN,1.034
53862218,NaN,37.00005,21.00005,42.00005,5.05,5.505,11.5,5e-05,1.25,9.30005,138.9,NaN,0.851
55202358,1.00005,53.00005,41.00005,7.00005,5.5,6.035,15.55,1.00005,1.55,45.55,298.7,NaN,0.7585
55742340,98.00005,45.00005,46.00005,9.00005,4.95,5.505,13.55,5e-05,1.7,14.30005,112.35,NaN,0.7425
55262350,24.00005,53.00005,26.00005,21.00005,6.9,7.285,37.25,7,3.5,6.00005,326.65,NaN,1.6375
55262344,2.00005,9.00005,85.00005,6.00005,7.45,7.915,21.5,34,2.45,6.90005,243.45,NaN,1.826
55362346,NaN,56.00005,41.00005,3.00005,5.25,5.895,16.4,1.00005,1.8,30.2,240.25,NaN,0.921
54882406,NaN,15.00005,77.00005,8.00005,7.75,8.185,13.9,59.5,1.4,5.80005,136.9,NaN,1.882
55562340,NaN,17.00005,61.00005,22.00005,5.7,6.085,34.05,5e-05,3.5,5e-05,286.45,NaN,1.113
55242334,NaN,34.00005,36.00005,30.00005,4.8,5.175,25.3,5e-05,2.8,12.00005,85.3,NaN,1.988
55382340,NaN,59.00005,36.00005,5.00005,7,7.33,22.65,5,2.7,33.4,286.85,NaN,1.476
53942254,NaN,16.00005,71.00005,13.00005,7.15,7.48,34.05,34.5,3.5,5.90005,623.25,NaN,2.453
55482336,1.00005,49.00005,43.00005,8.00005,6.05,6.59,17.1,5e-05,1.95,7.80005,258.5,NaN,1.2805
55482404,95.00005,20.00005,79.00005,1.00005,7.7,8.155,14,116,1.8,38.65,271.45,NaN,2.861
53982258,NaN,39.00005,30.00005,31.00005,5.3,5.78,23.5,5e-05,2.3,6.60005,185.15,NaN,0.966
56202408,41.00005,19.00005,78.00005,3.00005,7.1,7.415,63.75,276,5.45,13.10005,316.05,NaN,2.165
56082450,41.00005,37.00005,46.00005,17.00005,5.6,6.235,15.45,5e-05,1.55,19.3,212.2,NaN,0.441
56222438,NaN,51.00005,47.00005,2.00005,5.45,6.125,18.2,5e-05,1.6,20.45,198.4,NaN,0.5625
56562372,47.00005,24.00005,68.00005,8.00005,7.2,7.675,26.85,242.5,3.25,7.50005,270.65,NaN,2.071
55542396,NaN,7.00005,89.00005,4.00005,7.5,8.075,15.8,23,1.75,8.60005,182.6,NaN,1.651
56182448,NaN,53.00005,45.00005,2.00005,5.15,5.76,18.9,1.00005,2.05,295.8,751.85,NaN,1.253
55902418,NaN,13.00005,81.00005,6.00005,7.6,8.13,18.1,48.5,1.85,7.20005,147.45,NaN,1.459
56502370,2.00005,47.00005,46.00005,7.00005,5.35,6.005,16.65,5e-05,1.75,19.9,203.8,NaN,0.5145
56522380,54.00005,62.00005,37.00005,1.00005,6.35,6.725,30.35,1.00005,3.45,7.30005,245.95,NaN,1.0335
53662376,NaN,51.00005,30.00005,19.00005,5.9,6.395,15.3,5e-05,1.5,12.15,326.6,NaN,0.8145
53322422,53.00005,33.00005,44.00005,23.00005,6.9,7.395,7.45,5e-05,1.05,7.30005,121.05,NaN,0.897
53942332,75.00005,47.00005,43.00005,10.00005,5.25,5.865,16.35,5e-05,1.65,8.40005,116.3,NaN,0.484
53502416,NaN,35.00005,47.00005,18.00005,6.9,7.4,13.8,5e-05,1.6,8.70005,212.65,NaN,1.157
53982330,11.00005,27.00005,29.00005,44.00005,5.85,6.27,41.6,5e-05,4.1,18.4,268.25,NaN,0.893
55302354,1.00005,60.00005,37.00005,3.00005,5.45,5.88,14.65,1.00005,1.65,31.2,213.3,NaN,0.92
53942368,NaN,57.00005,33.00005,10.00005,5.55,5.885,22.75,5e-05,2.15,31.5,346.1,NaN,1.8585
53922390,NaN,14.00005,79.00005,7.00005,7.3,7.835,21.15,31.5,2.1,11.30005,166.15,NaN,1.9675
53482384,NaN,6.00005,83.00005,11.00005,5.55,6.215,15.2,5e-05,1.55,12.90005,236.45,NaN,0.534
53442394,NaN,32.00005,29.00005,39.00005,5.05,5.725,12.6,5e-05,1.2,25.15,142.95,NaN,0.558
53782378,65.00005,54.00005,39.00005,7.00005,5.75,6.27,17.55,5e-05,1.85,37.45,345.2,NaN,0.8575
54062392,NaN,16.00005,78.00005,6.00005,7.55,8.125,20.2,19.5,1.75,11.80005,169.05,NaN,1.5005
53942344,1.00005,51.00005,38.00005,11.00005,4.9,5.665,17.4,5e-05,1.55,11.10005,176.55,NaN,0.554
54782396,NaN,23.00005,58.00005,19.00005,7.45,8.145,21.5,140.5,1.8,5.60005,120.35,NaN,1.538
53242382,NaN,37.00005,35.00005,28.00005,5.45,6.045,18.1,5e-05,1.75,17.75,159.55,NaN,0.6175
54582368,NaN,50.00005,46.00005,4.00005,6.7,7.035,17.95,1.00005,1.8,8.10005,273.7,NaN,0.944
54662362,NaN,39.00005,37.00005,24.00005,6.05,6.69,15.85,5e-05,1.85,8.80005,194,NaN,1.0135
54782370,NaN,44.00005,53.00005,3.00005,6.55,6.995,20.15,1.00005,2.1,7.70005,276.5,NaN,0.897
54862378,NaN,9.00005,89.00005,2.00005,7.65,8.235,16.2,66,1.55,5.40005,205.2,NaN,1.3235
55142348,NaN,47.00005,40.00005,13.00005,6.55,6.915,15.35,3.00005,1.85,110.95,646.6,NaN,1.775
55362364,2.00005,59.00005,39.00005,2.00005,6.05,6.575,18.25,1.00005,2.3,6.20005,171.3,NaN,1.049
54902386,56.00005,13.00005,79.00005,8.00005,7.45,7.995,20.1,44,2,10.20005,183.05,NaN,1.798
56042338,NaN,32.00005,52.00005,16.00005,4.4,5.075,13.7,5e-05,1.6,5.70005,108.5,NaN,0.864
55062358,NaN,45.00005,52.00005,3.00005,5.15,5.76,13.45,5e-05,1.4,18.55,163.2,NaN,0.604
54482368,NaN,43.00005,55.00005,2.00005,6.05,6.575,15.35,5e-05,1.45,27.9,245.3,NaN,0.7065
54922334,5.00005,39.00005,33.00005,28.00005,5.4,5.875,12.75,5e-05,1.4,8.70005,175.3,NaN,0.744
55282384,NaN,13.00005,85.00005,2.00005,7.6,8.16,17.2,63.5,2.15,12.25,269.25,NaN,2.0415
54642318,74.00005,44.00005,41.00005,15.00005,6.2,6.805,17,1.00005,2,6.50005,133.65,NaN,0.5115
56382434,3.00005,5.00005,93.00005,2.00005,6,6.49,14.9,1.00005,1.5,59.35,232.6,NaN,0.922
56802414,13.00005,52.00005,47.00005,1.00005,6.15,6.415,20.55,1.00005,2.05,13.6,223,NaN,2.099
56502448,NaN,66.00005,31.00005,3.00005,4.7,5.26,13.65,5e-05,1.55,14.85,152.6,NaN,1.17
53702262,NaN,14.00005,20.00005,66.00005,6.2,6.77,7.45,1,1.05,4.00005,78.95,NaN,0.5465
53742300,4.00005,61.00005,26.00005,13.00005,6.05,6.4,39.25,5e-05,3.65,28.8,254.75,NaN,2.073
53722304,4.00005,12.00005,81.00005,7.00005,7.2,7.525,47.8,60.5,4.45,7.00005,780.8,NaN,2.3755
57022414,NaN,17.00005,68.00005,15.00005,7.35,8.05,15.8,329.5,1.85,21.65,275.9,NaN,2.217
56822416,NaN,25.00005,64.00005,11.00005,7.45,8.01,20,213,2.35,4.60005,225.35,NaN,1.797
55842368,NaN,53.00005,44.00005,3.00005,6.4,6.775,15.55,5e-05,1.65,28.45,272.75,NaN,0.834
56822398,NaN,19.00005,75.00005,6.00005,7.45,8.14,10.85,205.5,1.25,21.60005,231.95,NaN,1.722
57122438,NaN,45.00005,54.00005,1.00005,5.95,6.52,19.9,1.00005,1.75,20.95,195.95,NaN,0.864
57142440,NaN,51.00005,48.00005,1.00005,6,6.44,20.3,1.00005,1.95,10.30005,235.5,NaN,1.592
56822422,NaN,42.00005,57.00005,1.00005,5.05,5.725,14.1,5e-05,1.55,22.15,177.6,NaN,0.77
56862420,NaN,49.00005,49.00005,2.00005,5.55,6.295,16.25,1.00005,1.7,6.90005,214.95,NaN,0.9905
56382452,1.00005,90.00005,7.00005,3.00005,5.7,6.33,18.65,5e-05,1.85,16.55,242.15,NaN,0.948
56302450,NaN,92.00005,4.00005,4.00005,5.85,6.45,14.95,5e-05,1.5,16.70005,271.85,NaN,0.8355
56502438,2.00005,85.00005,11.00005,4.00005,5.4,6.005,15.95,1.00005,1.7,48.4,202.2,NaN,0.971
53742306,25.00005,11.00005,77.00005,12.00005,7.25,7.46,31.1,205,3.5,6.90005,365.5,NaN,3
54722156,NaN,5.00005,22.00005,73.00005,5.15,5.905,5.9,5e-05,0.9,10.00005,107.2,NaN,1.0265
54042174,9.00005,12.00005,31.00005,57.00005,6.1,6.31,30.45,5e-05,2.95,8.80005,137.7,NaN,2.4965
54202132,NaN,3.00005,28.00005,69.00005,6.55,6.915,8.7,5e-05,1.1,13.70005,112.3,NaN,1.4485
54222134,NaN,14.00005,22.00005,64.00005,6.1,6.515,5.95,5e-05,0.85,11.3,127.2,NaN,1.3105
53962180,1.00005,34.00005,24.00005,42.00005,5.3,5.59,28.8,5e-05,3.05,13.9,229.8,NaN,3.4615
53902268,29.00005,41.00005,33.00005,26.00005,5.95,6.22,34,1,2.95,15.75,756.2,NaN,1.185
53822288,75.00005,6.00005,63.00005,31.00005,7.15,7.65,21.45,11.5,2.35,27.65,495.2,NaN,1.964
54222278,54.00005,34.00005,22.00005,44.00005,6.1,6.495,13.5,5e-05,1.55,55.75,293.7,NaN,1.419
56782440,NaN,46.00005,53.00005,1.00005,5.25,5.785,13.15,5e-05,1.5,28.85,198.85,NaN,1.1635
55862392,NaN,54.00005,43.00005,3.00005,6.7,7.23,16.15,1.00005,1.55,8.30005,197.95,NaN,0.918
57342408,49.00005,16.00005,81.00005,3.00005,7.55,8.11,20.85,66.5,2.1,7.50005,225.5,NaN,1.8185
57102368,NaN,39.00005,49.00005,12.00005,5.75,6.105,9.6,1.00005,1.3,17.8,151.1,NaN,1.0655
57522444,NaN,8.00005,91.00005,1.00005,7.4,8.005,16,14,1.65,9.40005,193.45,NaN,1.9775
56842490,NaN,6.00005,89.00005,5.00005,7.45,7.945,19.7,11,2.25,5.50005,203.9,NaN,2.0375
56962458,NaN,60.00005,40.00005,5e-05,7.45,8.015,11.9,6.5,1.35,6.80005,179.15,NaN,1.2365
57062416,62.00005,18.00005,58.00005,24.00005,7.45,8.05,23.55,261.5,2.35,20.00005,189.9,NaN,1.814
56362466,35.00005,5.00005,57.00005,38.00005,5.95,6.575,12.45,5e-05,1.35,8.50005,175.25,NaN,0.8055
55962348,NaN,58.00005,40.00005,2.00005,5.75,6.26,15.4,5e-05,1.9,8.70005,155.05,NaN,0.982
55822352,NaN,45.00005,43.00005,12.00005,5.9,6.35,19.45,5e-05,1.95,17.55,230.55,NaN,1.158
56082364,75.00005,9.00005,67.00005,24.00005,7.55,8.025,9.65,43.5,1.4,4.60005,83.65,NaN,1.52
56682466,NaN,41.00005,58.00005,1.00005,5,5.56,14.85,5e-05,1.5,33.9,211.1,NaN,1.1465
57722448,NaN,43.00005,56.00005,1.00005,5.9,6.675,21.25,5e-05,2.05,7.70005,226.05,NaN,0.5405
57022486,NaN,41.00005,57.00005,2.00005,6.3,6.97,14.45,5e-05,1.55,19.9,201.4,NaN,0.856
56742462,NaN,30.00005,45.00005,25.00005,7.45,7.94,18,7.5,1.8,115.2,517.75,NaN,1.337
56802486,48.00005,38.00005,60.00005,2.00005,6.55,6.855,13.35,1,1.45,11.10005,179.9,NaN,0.757
57642434,NaN,54.00005,45.00005,1.00005,5.5,6.29,18.1,5e-05,1.8,25.4,232.2,NaN,0.5625
56702444,NaN,87.00005,11.00005,2.00005,4.85,5.615,15.35,5e-05,1.5,14.5,187.3,NaN,0.5995
56642452,NaN,44.00005,55.00005,1.00005,6.25,6.585,18.15,1.00005,1.85,82.5,334.35,NaN,1.667
56662432,13.00005,25.00005,71.00005,4.00005,5,5.425,14,1.00005,1.5,41.45,183.35,NaN,1.968
57742428,2.00005,20.00005,64.00005,16.00005,7.45,7.795,19.2,343.5,2.3,11.10005,472.15,NaN,1.737
57382482,NaN,13.00005,86.00005,1.00005,7.4,8.015,15.6,43,1.85,9.60005,190.95,NaN,2.5275
57802466,NaN,44.00005,55.00005,1.00005,6.15,6.825,21.05,5e-05,2,8.90005,191.6,NaN,0.5845
57842474,NaN,56.00005,44.00005,5e-05,7.4,7.93,24.45,5.5,2.45,12.50005,401.75,NaN,1.539
57442466,NaN,8.00005,91.00005,1.00005,7.35,7.92,23.75,10,2.45,6.90005,213.2,NaN,1.54
57422462,NaN,11.00005,88.00005,1.00005,7.55,8.075,20.7,26,2.2,8.00005,212.3,NaN,1.869
57762456,9.00005,9.00005,90.00005,1.00005,7,7.385,42,29.5,4.25,114.5,1169,NaN,2.0865
55622354,7.00005,20.00005,73.00005,7.00005,7.3,7.675,14.8,9,1.75,16.65,257.2,NaN,1.498
57322470,NaN,44.00005,55.00005,1.00005,6.05,6.56,17.35,1.00005,1.8,12.20005,191.6,NaN,1.061
57262478,9.00005,38.00005,61.00005,1.00005,6.25,6.62,40.2,1,3.8,11.9,252.2,NaN,1.2125
57022450,NaN,45.00005,54.00005,1.00005,7.35,7.89,15.55,3,1.6,7.40005,239.5,NaN,1.2895
57842460,82.00005,46.00005,53.00005,1.00005,6.05,6.605,20.7,5e-05,1.95,7.10005,239.95,NaN,0.575
54662386,NaN,13.00005,81.00005,6.00005,7.7,8.19,22,49,1.85,7.10005,174.25,NaN,1.413
54122326,13.00005,19.00005,32.00005,49.00005,6.4,6.7,55.45,6.00005,4.95,19.20005,269.65,NaN,1.8955
54722380,52.00005,42.00005,21.00005,37.00005,7.6,8.105,19.45,22,1.95,10.75,170.95,NaN,1.5345
54262380,NaN,11.00005,78.00005,11.00005,7,7.45,13.4,3.00005,1.4,16.8,219.05,NaN,0.9805
54322396,NaN,8.00005,76.00005,16.00005,7.4,7.82,19.2,18.5,2.25,6.70005,208.45,NaN,1.727
55902382,NaN,47.00005,51.00005,2.00005,5.25,5.735,14.3,5e-05,1.65,15.7,162.9,NaN,0.965
55562362,NaN,51.00005,45.00005,4.00005,6.2,6.73,16.2,5e-05,1.6,4.90005,263.2,NaN,0.806
55622372,NaN,51.00005,45.00005,4.00005,6.3,6.775,18.3,1.00005,1.8,7.60005,223.7,NaN,1.0185
54282238,NaN,27.00005,36.00005,37.00005,6.1,6.6,15.9,5e-05,1.6,22.8,66.75,NaN,0.776
54942254,1.00005,7.00005,11.00005,82.00005,5.15,5.615,11.65,5e-05,1.25,14.80005,154.3,NaN,1.639
