A,B,M,N,K,geomTerm,distAB,distMN,centroidSep
1,2,3,5,-89.1970563208322,-0.070441621801729,6,6,6
1,2,3,8,89.1970563208322,0.070441621801729,6,6,6
1,2,3,10,-487.381779508192,-0.0128917115316043,6,6,7.93725393319377
1,2,3,15,487.381779508192,0.0128917115316043,6,6,7.93725393319377
1,2,4,6,-89.1970563208322,-0.070441621801729,6,6,6
1,2,4,9,89.1970563208322,0.070441621801729,6,6,6
1,2,4,11,-487.381779508192,-0.0128917115316043,6,6,7.93725393319377
1,2,4,16,487.381779508192,0.0128917115316043,6,6,7.93725393319377
1,2,5,7,-487.381779508192,-0.0128917115316043,6,6,7.93725393319377
1,2,5,10,109.178020915896,0.0575499102701247,6,6,9
1,2,6,7,-487.381779508192,-0.0128917115316043,6,6,7.93725393319377
1,2,6,11,109.178020915896,0.0575499102701247,6,6,9
1,2,8,12,487.381779508192,0.0128917115316043,6,6,7.93725393319377
1,2,8,15,-109.178020915896,-0.0575499102701247,6,6,9
1,2,9,12,487.381779508192,0.0128917115316043,6,6,7.93725393319377
1,2,9,16,-109.178020915896,-0.0575499102701247,6,6,9
1,3,2,4,-89.1970563208322,-0.070441621801729,6,6,6
1,3,2,8,89.1970563208322,0.070441621801729,6,6,6
1,3,2,9,-487.381779508192,-0.0128917115316043,6,6,7.93725393319377
1,3,2,12,487.381779508192,0.0128917115316043,6,6,7.93725393319377
1,3,4,6,-487.381779508192,-0.0128917115316043,6,6,7.93725393319377
1,3,4,9,109.178020915896,0.0575499102701247,6,6,9
1,3,5,7,-89.1970563208322,-0.070441621801729,6,6,6
1,3,5,10,89.1970563208322,0.070441621801729,6,6,6
1,3,5,13,-487.381779508192,-0.0128917115316043,6,6,7.93725393319377
1,3,5,17,487.381779508192,0.0128917115316043,6,6,7.93725393319377
1,3,6,7,487.381779508192,0.0128917115316043,6,6,7.93725393319377
1,3,7,13,109.178020915896,0.0575499102701247,6,6,9
1,3,8,12,-109.178020915896,-0.0575499102701247,6,6,9
1,3,8,15,487.381779508192,0.0128917115316043,6,6,7.93725393319377
1,3,10,15,487.381779508192,0.0128917115316043,6,6,7.93725393319377
1,3,10,17,-109.178020915896,-0.0575499102701247,6,6,9
1,4,2,3,-89.1970563208322,-0.070441621801729,6,6,6
1,4,2,8,-487.381779508192,-0.0128917115316043,6,6,7.93725393319377
1,4,2,9,89.1970563208322,0.070441621801729,6,6,6
1,4,2,12,487.381779508192,0.0128917115316043,6,6,7.93725393319377
1,4,3,5,-487.381779508192,-0.0128917115316043,6,6,7.93725393319377
1,4,3,8,109.178020915896,0.0575499102701247,6,6,9
1,4,5,7,487.381779508192,0.0128917115316043,6,6,7.93725393319377
1,4,6,7,-89.1970563208322,-0.070441621801729,6,6,6
1,4,6,11,89.1970563208322,0.070441621801729,6,6,6
1,4,6,14,-487.381779508192,-0.0128917115316043,6,6,7.93725393319377
1,4,6,18,487.381779508192,0.0128917115316043,6,6,7.93725393319377
1,4,7,14,109.178020915896,0.0575499102701247,6,6,9
1,4,9,12,-109.178020915896,-0.0575499102701247,6,6,9
1,4,9,16,487.381779508192,0.0128917115316043,6,6,7.93725393319377
1,4,11,16,487.381779508192,0.0128917115316043,6,6,7.93725393319377
1,4,11,18,-109.178020915896,-0.0575499102701247,6,6,9
1,5,2,3,89.1970563208322,0.070441621801729,6,6,6
1,5,2,4,-487.381779508192,-0.0128917115316043,6,6,7.93725393319377
1,5,2,8,109.178020915896,0.0575499102701247,6,6,9
1,5,3,8,-487.381779508192,-0.0128917115316043,6,6,7.93725393319377
1,5,3,10,89.1970563208322,0.070441621801729,6,6,6
1,5,3,15,487.381779508192,0.0128917115316043,6,6,7.93725393319377
1,5,4,6,487.381779508192,0.0128917115316043,6,6,7.93725393319377
1,5,6,7,89.1970563208322,0.070441621801729,6,6,6
1,5,6,14,109.178020915896,0.0575499102701247,6,6,9
1,5,7,13,89.1970563208322,0.070441621801729,6,6,6
1,5,7,14,-487.381779508192,-0.0128917115316043,6,6,7.93725393319377
1,5,7,19,487.381779508192,0.0128917115316043,6,6,7.93725393319377
1,5,10,15,-109.178020915896,-0.0575499102701247,6,6,9
1,5,10,17,487.381779508192,0.0128917115316043,6,6,7.93725393319377
1,5,13,17,487.381779508192,0.0128917115316043,6,6,7.93725393319377
1,5,13,19,-109.178020915896,-0.0575499102701247,6,6,9
1,6,2,3,-487.381779508192,-0.0128917115316043,6,6,7.93725393319377
1,6,2,4,89.1970563208322,0.070441621801729,6,6,6
1,6,2,9,109.178020915896,0.0575499102701247,6,6,9
1,6,3,5,487.381779508192,0.0128917115316043,6,6,7.93725393319377
1,6,4,9,-487.381779508192,-0.0128917115316043,6,6,7.93725393319377
1,6,4,11,89.1970563208322,0.070441621801729,6,6,6
1,6,4,16,487.381779508192,0.0128917115316043,6,6,7.93725393319377
1,6,5,7,89.1970563208322,0.070441621801729,6,6,6
1,6,5,13,109.178020915896,0.0575499102701247,6,6,9
1,6,7,13,-487.381779508192,-0.0128917115316043,6,6,7.93725393319377
1,6,7,14,89.1970563208322,0.070441621801729,6,6,6
1,6,7,19,487.381779508192,0.0128917115316043,6,6,7.93725393319377
1,6,11,16,-109.178020915896,-0.0575499102701247,6,6,9
1,6,11,18,487.381779508192,0.0128917115316043,6,6,7.93725393319377
1,6,14,18,487.381779508192,0.0128917115316043,6,6,7.93725393319377
1,6,14,19,-109.178020915896,-0.0575499102701247,6,6,9
1,7,2,3,487.381779508192,0.0128917115316043,6,6,7.93725393319377
1,7,2,4,487.381779508192,0.0128917115316043,6,6,7.93725393319377
1,7,3,5,89.1970563208322,0.070441621801729,6,6,6
1,7,3,10,109.178020915896,0.0575499102701247,6,6,9
1,7,4,6,89.1970563208322,0.070441621801729,6,6,6
1,7,4,11,109.178020915896,0.0575499102701247,6,6,9
1,7,5,10,-487.381779508192,-0.0128917115316043,6,6,7.93725393319377
1,7,5,13,89.1970563208322,0.070441621801729,6,6,6
1,7,5,17,487.381779508192,0.0128917115316043,6,6,7.93725393319377
1,7,6,11,-487.381779508192,-0.0128917115316043,6,6,7.93725393319377
1,7,6,14,89.1970563208322,0.070441621801729,6,6,6
1,7,6,18,487.381779508192,0.0128917115316043,6,6,7.93725393319377
1,7,13,17,-109.178020915896,-0.0575499102701247,6,6,9
1,7,13,19,487.381779508192,0.0128917115316043,6,6,7.93725393319377
1,7,14,18,-109.178020915896,-0.0575499102701247,6,6,9
1,7,14,19,487.381779508192,0.0128917115316043,6,6,7.93725393319377
2,3,1,4,-89.1970563208322,-0.070441621801729,6,6,6
2,3,1,5,89.1970563208322,0.070441621801729,6,6,6
2,3,1,6,-487.381779508192,-0.0128917115316043,6,6,7.93725393319377
2,3,1,7,487.381779508192,0.0128917115316043,6,6,7.93725393319377
2,3,4,6,109.178020915896,0.0575499102701247,6,6,9
2,3,4,9,-487.381779508192,-0.0128917115316043,6,6,7.93725393319377
2,3,5,7,-109.178020915896,-0.0575499102701247,6,6,9
2,3,5,10,487.381779508192,0.0128917115316043,6,6,7.93725393319377
2,3,8,12,-89.1970563208322,-0.070441621801729,6,6,6
2,3,8,15,89.1970563208322,0.070441621801729,6,6,6
2,3,8,20,-487.381779508192,-0.0128917115316043,6,6,7.93725393319377
2,3,8,22,487.381779508192,0.0128917115316043,6,6,7.93725393319377
2,3,9,12,487.381779508192,0.0128917115316043,6,6,7.93725393319377
2,3,10,15,-487.381779508192,-0.0128917115316043,6,6,7.93725393319377
2,3,12,20,109.178020915896,0.0575499102701247,6,6,9
2,3,15,22,-109.178020915896,-0.0575499102701247,6,6,9
2,4,1,3,-89.1970563208322,-0.070441621801729,6,6,6
2,4,1,5,-487.381779508192,-0.0128917115316043,6,6,7.93725393319377
2,4,1,6,89.1970563208322,0.070441621801729,6,6,6
2,4,1,7,487.381779508192,0.0128917115316043,6,6,7.93725393319377
2,4,3,5,109.178020915896,0.0575499102701247,6,6,9
2,4,3,8,-487.381779508192,-0.0128917115316043,6,6,7.93725393319377
2,4,6,7,-109.178020915896,-0.0575499102701247,6,6,9
2,4,6,11,487.381779508192,0.0128917115316043,6,6,7.93725393319377
2,4,8,12,487.381779508192,0.0128917115316043,6,6,7.93725393319377
2,4,9,12,-89.1970563208322,-0.070441621801729,6,6,6
2,4,9,16,89.1970563208322,0.070441621801729,6,6,6
2,4,9,21,-487.381779508192,-0.0128917115316043,6,6,7.93725393319377
2,4,9,23,487.381779508192,0.0128917115316043,6,6,7.93725393319377
2,4,11,16,-487.381779508192,-0.0128917115316043,6,6,7.93725393319377
2,4,12,21,109.178020915896,0.0575499102701247,6,6,9
2,4,16,23,-109.178020915896,-0.0575499102701247,6,6,9
2,8,1,3,89.1970563208322,0.070441621801729,6,6,6
2,8,1,4,-487.381779508192,-0.0128917115316043,6,6,7.93725393319377
2,8,1,5,109.178020915896,0.0575499102701247,6,6,9
2,8,3,5,-487.381779508192,-0.0128917115316043,6,6,7.93725393319377
2,8,3,10,487.381779508192,0.0128917115316043,6,6,7.93725393319377
2,8,3,15,89.1970563208322,0.070441621801729,6,6,6
2,8,4,9,487.381779508192,0.0128917115316043,6,6,7.93725393319377
2,8,9,12,89.1970563208322,0.070441621801729,6,6,6
2,8,9,21,109.178020915896,0.0575499102701247,6,6,9
2,8,10,15,109.178020915896,0.0575499102701247,6,6,9
2,8,12,20,89.1970563208322,0.070441621801729,6,6,6
2,8,12,21,-487.381779508192,-0.0128917115316043,6,6,7.93725393319377
2,8,12,32,487.381779508192,0.0128917115316043,6,6,7.93725393319377
2,8,15,22,487.381779508192,0.0128917115316043,6,6,7.93725393319377
2,8,20,22,487.381779508192,0.0128917115316043,6,6,7.93725393319377
2,8,20,32,-109.178020915896,-0.0575499102701247,6,6,9
2,9,1,3,-487.381779508192,-0.0128917115316043,6,6,7.93725393319377
2,9,1,4,89.1970563208322,0.070441621801729,6,6,6
2,9,1,6,109.178020915896,0.0575499102701247,6,6,9
2,9,3,8,487.381779508192,0.0128917115316043,6,6,7.93725393319377
2,9,4,6,-487.381779508192,-0.0128917115316043,6,6,7.93725393319377
2,9,4,11,487.381779508192,0.0128917115316043,6,6,7.93725393319377
2,9,4,16,89.1970563208322,0.070441621801729,6,6,6
2,9,8,12,89.1970563208322,0.070441621801729,6,6,6
2,9,8,20,109.178020915896,0.0575499102701247,6,6,9
2,9,11,16,109.178020915896,0.0575499102701247,6,6,9
2,9,12,20,-487.381779508192,-0.0128917115316043,6,6,7.93725393319377
2,9,12,21,89.1970563208322,0.070441621801729,6,6,6
2,9,12,32,487.381779508192,0.0128917115316043,6,6,7.93725393319377
2,9,16,23,487.381779508192,0.0128917115316043,6,6,7.93725393319377
2,9,21,23,487.381779508192,0.0128917115316043,6,6,7.93725393319377
2,9,21,32,-109.178020915896,-0.0575499102701247,6,6,9
2,12,1,3,487.381779508192,0.0128917115316043,6,6,7.93725393319377
2,12,1,4,487.381779508192,0.0128917115316043,6,6,7.93725393319377
2,12,3,8,89.1970563208322,0.070441621801729,6,6,6
2,12,3,15,109.178020915896,0.0575499102701247,6,6,9
2,12,4,9,89.1970563208322,0.070441621801729,6,6,6
2,12,4,16,109.178020915896,0.0575499102701247,6,6,9
2,12,8,15,-487.381779508192,-0.0128917115316043,6,6,7.93725393319377
2,12,8,20,89.1970563208322,0.070441621801729,6,6,6
2,12,8,22,487.381779508192,0.0128917115316043,6,6,7.93725393319377
2,12,9,16,-487.381779508192,-0.0128917115316043,6,6,7.93725393319377
2,12,9,21,89.1970563208322,0.070441621801729,6,6,6
2,12,9,23,487.381779508192,0.0128917115316043,6,6,7.93725393319377
2,12,20,22,-109.178020915896,-0.0575499102701247,6,6,9
2,12,20,32,487.381779508192,0.0128917115316043,6,6,7.93725393319377
2,12,21,23,-109.178020915896,-0.0575499102701247,6,6,9
2,12,21,32,487.381779508192,0.0128917115316043,6,6,7.93725393319377
3,5,1,2,-89.1970563208322,-0.070441621801729,6,6,6
3,5,1,4,-487.381779508192,-0.0128917115316043,6,6,7.93725393319377
3,5,1,6,487.381779508192,0.0128917115316043,6,6,7.93725393319377
3,5,1,7,89.1970563208322,0.070441621801729,6,6,6
3,5,2,4,109.178020915896,0.0575499102701247,6,6,9
3,5,2,8,-487.381779508192,-0.0128917115316043,6,6,7.93725393319377
3,5,6,7,109.178020915896,0.0575499102701247,6,6,9
3,5,7,13,487.381779508192,0.0128917115316043,6,6,7.93725393319377
3,5,8,15,487.381779508192,0.0128917115316043,6,6,7.93725393319377
3,5,10,15,-89.1970563208322,-0.070441621801729,6,6,6
3,5,10,17,89.1970563208322,0.070441621801729,6,6,6
3,5,10,24,-487.381779508192,-0.0128917115316043,6,6,7.93725393319377
3,5,10,26,487.381779508192,0.0128917115316043,6,6,7.93725393319377
3,5,13,17,-487.381779508192,-0.0128917115316043,6,6,7.93725393319377
3,5,15,24,109.178020915896,0.0575499102701247,6,6,9
3,5,17,26,-109.178020915896,-0.0575499102701247,6,6,9
3,8,1,2,89.1970563208322,0.070441621801729,6,6,6
3,8,1,4,109.178020915896,0.0575499102701247,6,6,9
3,8,1,5,-487.381779508192,-0.0128917115316043,6,6,7.93725393319377
3,8,2,4,-487.381779508192,-0.0128917115316043,6,6,7.93725393319377
3,8,2,9,487.381779508192,0.0128917115316043,6,6,7.93725393319377
3,8,2,12,89.1970563208322,0.070441621801729,6,6,6
3,8,5,10,487.381779508192,0.0128917115316043,6,6,7.93725393319377
3,8,9,12,109.178020915896,0.0575499102701247,6,6,9
3,8,10,15,89.1970563208322,0.070441621801729,6,6,6
3,8,10,24,109.178020915896,0.0575499102701247,6,6,9
3,8,12,20,487.381779508192,0.0128917115316043,6,6,7.93725393319377
3,8,15,22,89.1970563208322,0.070441621801729,6,6,6
3,8,15,24,-487.381779508192,-0.0128917115316043,6,6,7.93725393319377
3,8,15,33,487.381779508192,0.0128917115316043,6,6,7.93725393319377
3,8,20,22,-487.381779508192,-0.0128917115316043,6,6,7.93725393319377
3,8,22,33,-109.178020915896,-0.0575499102701247,6,6,9
3,10,1,2,-487.381779508192,-0.0128917115316043,6,6,7.93725393319377
3,10,1,5,89.1970563208322,0.070441621801729,6,6,6
3,10,1,7,109.178020915896,0.0575499102701247,6,6,9
3,10,2,8,487.381779508192,0.0128917115316043,6,6,7.93725393319377
3,10,5,7,-487.381779508192,-0.0128917115316043,6,6,7.93725393319377
3,10,5,13,487.381779508192,0.0128917115316043,6,6,7.93725393319377
3,10,5,17,89.1970563208322,0.070441621801729,6,6,6
3,10,8,15,89.1970563208322,0.070441621801729,6,6,6
3,10,8,22,109.178020915896,0.0575499102701247,6,6,9
3,10,13,17,109.178020915896,0.0575499102701247,6,6,9
3,10,15,22,-487.381779508192,-0.0128917115316043,6,6,7.93725393319377
3,10,15,24,89.1970563208322,0.070441621801729,6,6,6
3,10,15,33,487.381779508192,0.0128917115316043,6,6,7.93725393319377
3,10,17,26,487.381779508192,0.0128917115316043,6,6,7.93725393319377
3,10,24,26,487.381779508192,0.0128917115316043,6,6,7.93725393319377
3,10,24,33,-109.178020915896,-0.0575499102701247,6,6,9
3,15,1,2,487.381779508192,0.0128917115316043,6,6,7.93725393319377
3,15,1,5,487.381779508192,0.0128917115316043,6,6,7.93725393319377
3,15,2,8,89.1970563208322,0.070441621801729,6,6,6
3,15,2,12,109.178020915896,0.0575499102701247,6,6,9
3,15,5,10,89.1970563208322,0.070441621801729,6,6,6
3,15,5,17,109.178020915896,0.0575499102701247,6,6,9
3,15,8,12,-487.381779508192,-0.0128917115316043,6,6,7.93725393319377
3,15,8,20,487.381779508192,0.0128917115316043,6,6,7.93725393319377
3,15,8,22,89.1970563208322,0.070441621801729,6,6,6
3,15,10,17,-487.381779508192,-0.0128917115316043,6,6,7.93725393319377
3,15,10,24,89.1970563208322,0.070441621801729,6,6,6
3,15,10,26,487.381779508192,0.0128917115316043,6,6,7.93725393319377
3,15,20,22,109.178020915896,0.0575499102701247,6,6,9
3,15,22,33,487.381779508192,0.0128917115316043,6,6,7.93725393319377
3,15,24,26,-109.178020915896,-0.0575499102701247,6,6,9
3,15,24,33,487.381779508192,0.0128917115316043,6,6,7.93725393319377
4,6,1,2,-89.1970563208322,-0.070441621801729,6,6,6
4,6,1,3,-487.381779508192,-0.0128917115316043,6,6,7.93725393319377
4,6,1,5,487.381779508192,0.0128917115316043,6,6,7.93725393319377
4,6,1,7,89.1970563208322,0.070441621801729,6,6,6
4,6,2,3,109.178020915896,0.0575499102701247,6,6,9
4,6,2,9,-487.381779508192,-0.0128917115316043,6,6,7.93725393319377
4,6,5,7,109.178020915896,0.0575499102701247,6,6,9
4,6,7,14,487.381779508192,0.0128917115316043,6,6,7.93725393319377
4,6,9,16,487.381779508192,0.0128917115316043,6,6,7.93725393319377
4,6,11,16,-89.1970563208322,-0.070441621801729,6,6,6
4,6,11,18,89.1970563208322,0.070441621801729,6,6,6
4,6,11,25,-487.381779508192,-0.0128917115316043,6,6,7.93725393319377
4,6,11,27,487.381779508192,0.0128917115316043,6,6,7.93725393319377
4,6,14,18,-487.381779508192,-0.0128917115316043,6,6,7.93725393319377
4,6,16,25,109.178020915896,0.0575499102701247,6,6,9
4,6,18,27,-109.178020915896,-0.0575499102701247,6,6,9
4,9,1,2,89.1970563208322,0.070441621801729,6,6,6
4,9,1,3,109.178020915896,0.0575499102701247,6,6,9
4,9,1,6,-487.381779508192,-0.0128917115316043,6,6,7.93725393319377
4,9,2,3,-487.381779508192,-0.0128917115316043,6,6,7.93725393319377
4,9,2,8,487.381779508192,0.0128917115316043,6,6,7.93725393319377
4,9,2,12,89.1970563208322,0.070441621801729,6,6,6
4,9,6,11,487.381779508192,0.0128917115316043,6,6,7.93725393319377
4,9,8,12,109.178020915896,0.0575499102701247,6,6,9
4,9,11,16,89.1970563208322,0.070441621801729,6,6,6
4,9,11,25,109.178020915896,0.0575499102701247,6,6,9
4,9,12,21,487.381779508192,0.0128917115316043,6,6,7.93725393319377
4,9,16,23,89.1970563208322,0.070441621801729,6,6,6
4,9,16,25,-487.381779508192,-0.0128917115316043,6,6,7.93725393319377
4,9,16,34,487.381779508192,0.0128917115316043,6,6,7.93725393319377
4,9,21,23,-487.381779508192,-0.0128917115316043,6,6,7.93725393319377
4,9,23,34,-109.178020915896,-0.0575499102701247,6,6,9
4,11,1,2,-487.381779508192,-0.0128917115316043,6,6,7.93725393319377
4,11,1,6,89.1970563208322,0.070441621801729,6,6,6
4,11,1,7,109.178020915896,0.0575499102701247,6,6,9
4,11,2,9,487.381779508192,0.0128917115316043,6,6,7.93725393319377
4,11,6,7,-487.381779508192,-0.0128917115316043,6,6,7.93725393319377
4,11,6,14,487.381779508192,0.0128917115316043,6,6,7.93725393319377
4,11,6,18,89.1970563208322,0.070441621801729,6,6,6
4,11,9,16,89.1970563208322,0.070441621801729,6,6,6
4,11,9,23,109.178020915896,0.0575499102701247,6,6,9
4,11,14,18,109.178020915896,0.0575499102701247,6,6,9
4,11,16,23,-487.381779508192,-0.0128917115316043,6,6,7.93725393319377
4,11,16,25,89.1970563208322,0.070441621801729,6,6,6
4,11,16,34,487.381779508192,0.0128917115316043,6,6,7.93725393319377
4,11,18,27,487.381779508192,0.0128917115316043,6,6,7.93725393319377
4,11,25,27,487.381779508192,0.0128917115316043,6,6,7.93725393319377
4,11,25,34,-109.178020915896,-0.0575499102701247,6,6,9
4,16,1,2,487.381779508192,0.0128917115316043,6,6,7.93725393319377
4,16,1,6,487.381779508192,0.0128917115316043,6,6,7.93725393319377
4,16,2,9,89.1970563208322,0.070441621801729,6,6,6
4,16,2,12,109.178020915896,0.0575499102701247,6,6,9
4,16,6,11,89.1970563208322,0.070441621801729,6,6,6
4,16,6,18,109.178020915896,0.0575499102701247,6,6,9
4,16,9,12,-487.381779508192,-0.0128917115316043,6,6,7.93725393319377
4,16,9,21,487.381779508192,0.0128917115316043,6,6,7.93725393319377
4,16,9,23,89.1970563208322,0.070441621801729,6,6,6
4,16,11,18,-487.381779508192,-0.0128917115316043,6,6,7.93725393319377
4,16,11,25,89.1970563208322,0.070441621801729,6,6,6
4,16,11,27,487.381779508192,0.0128917115316043,6,6,7.93725393319377
4,16,21,23,109.178020915896,0.0575499102701247,6,6,9
4,16,23,34,487.381779508192,0.0128917115316043,6,6,7.93725393319377
4,16,25,27,-109.178020915896,-0.0575499102701247,6,6,9
4,16,25,34,487.381779508192,0.0128917115316043,6,6,7.93725393319377
5,7,1,2,-487.381779508192,-0.0128917115316043,6,6,7.93725393319377
5,7,1,3,-89.1970563208322,-0.070441621801729,6,6,6
5,7,1,4,487.381779508192,0.0128917115316043,6,6,7.93725393319377
5,7,1,6,89.1970563208322,0.070441621801729,6,6,6
5,7,2,3,-109.178020915896,-0.0575499102701247,6,6,9
5,7,3,10,-487.381779508192,-0.0128917115316043,6,6,7.93725393319377
5,7,4,6,109.178020915896,0.0575499102701247,6,6,9
5,7,6,14,487.381779508192,0.0128917115316043,6,6,7.93725393319377
5,7,10,17,487.381779508192,0.0128917115316043,6,6,7.93725393319377
5,7,13,17,-89.1970563208322,-0.070441621801729,6,6,6
5,7,13,19,89.1970563208322,0.070441621801729,6,6,6
5,7,13,28,-487.381779508192,-0.0128917115316043,6,6,7.93725393319377
5,7,13,30,487.381779508192,0.0128917115316043,6,6,7.93725393319377
5,7,14,19,-487.381779508192,-0.0128917115316043,6,6,7.93725393319377
5,7,17,28,109.178020915896,0.0575499102701247,6,6,9
5,7,19,30,-109.178020915896,-0.0575499102701247,6,6,9
5,10,1,2,109.178020915896,0.0575499102701247,6,6,9
5,10,1,3,89.1970563208322,0.070441621801729,6,6,6
5,10,1,7,-487.381779508192,-0.0128917115316043,6,6,7.93725393319377
5,10,2,3,487.381779508192,0.0128917115316043,6,6,7.93725393319377
5,10,3,8,487.381779508192,0.0128917115316043,6,6,7.93725393319377
5,10,3,15,89.1970563208322,0.070441621801729,6,6,6
5,10,7,13,487.381779508192,0.0128917115316043,6,6,7.93725393319377
5,10,8,15,109.178020915896,0.0575499102701247,6,6,9
5,10,13,17,89.1970563208322,0.070441621801729,6,6,6
5,10,13,28,109.178020915896,0.0575499102701247,6,6,9
5,10,15,24,487.381779508192,0.0128917115316043,6,6,7.93725393319377
5,10,17,26,89.1970563208322,0.070441621801729,6,6,6
5,10,17,28,-487.381779508192,-0.0128917115316043,6,6,7.93725393319377
5,10,17,35,487.381779508192,0.0128917115316043,6,6,7.93725393319377
5,10,24,26,-487.381779508192,-0.0128917115316043,6,6,7.93725393319377
5,10,26,35,-109.178020915896,-0.0575499102701247,6,6,9
5,13,1,3,-487.381779508192,-0.0128917115316043,6,6,7.93725393319377
5,13,1,6,109.178020915896,0.0575499102701247,6,6,9
5,13,1,7,89.1970563208322,0.070441621801729,6,6,6
5,13,3,10,487.381779508192,0.0128917115316043,6,6,7.93725393319377
5,13,6,7,487.381779508192,0.0128917115316043,6,6,7.93725393319377
5,13,7,14,487.381779508192,0.0128917115316043,6,6,7.93725393319377
5,13,7,19,89.1970563208322,0.070441621801729,6,6,6
5,13,10,17,89.1970563208322,0.070441621801729,6,6,6
5,13,10,26,109.178020915896,0.0575499102701247,6,6,9
5,13,14,19,109.178020915896,0.0575499102701247,6,6,9
5,13,17,26,-487.381779508192,-0.0128917115316043,6,6,7.93725393319377
5,13,17,28,89.1970563208322,0.070441621801729,6,6,6
5,13,17,35,487.381779508192,0.0128917115316043,6,6,7.93725393319377
5,13,19,30,487.381779508192,0.0128917115316043,6,6,7.93725393319377
5,13,28,30,487.381779508192,0.0128917115316043,6,6,7.93725393319377
5,13,28,35,-109.178020915896,-0.0575499102701247,6,6,9
5,17,1,3,487.381779508192,0.0128917115316043,6,6,7.93725393319377
5,17,1,7,487.381779508192,0.0128917115316043,6,6,7.93725393319377
5,17,3,10,89.1970563208322,0.070441621801729,6,6,6
5,17,3,15,109.178020915896,0.0575499102701247,6,6,9
5,17,7,13,89.1970563208322,0.070441621801729,6,6,6
5,17,7,19,109.178020915896,0.0575499102701247,6,6,9
5,17,10,15,-487.381779508192,-0.0128917115316043,6,6,7.93725393319377
5,17,10,24,487.381779508192,0.0128917115316043,6,6,7.93725393319377
5,17,10,26,89.1970563208322,0.070441621801729,6,6,6
5,17,13,19,-487.381779508192,-0.0128917115316043,6,6,7.93725393319377
5,17,13,28,89.1970563208322,0.070441621801729,6,6,6
5,17,13,30,487.381779508192,0.0128917115316043,6,6,7.93725393319377
5,17,24,26,109.178020915896,0.0575499102701247,6,6,9
5,17,26,35,487.381779508192,0.0128917115316043,6,6,7.93725393319377
5,17,28,30,-109.178020915896,-0.0575499102701247,6,6,9
5,17,28,35,487.381779508192,0.0128917115316043,6,6,7.93725393319377
6,7,1,2,-487.381779508192,-0.0128917115316043,6,6,7.93725393319377
6,7,1,3,487.381779508192,0.0128917115316043,6,6,7.93725393319377
6,7,1,4,-89.1970563208322,-0.070441621801729,6,6,6
6,7,1,5,89.1970563208322,0.070441621801729,6,6,6
6,7,2,4,-109.178020915896,-0.0575499102701247,6,6,9
6,7,3,5,109.178020915896,0.0575499102701247,6,6,9
6,7,4,11,-487.381779508192,-0.0128917115316043,6,6,7.93725393319377
6,7,5,13,487.381779508192,0.0128917115316043,6,6,7.93725393319377
6,7,11,18,487.381779508192,0.0128917115316043,6,6,7.93725393319377
6,7,13,19,-487.381779508192,-0.0128917115316043,6,6,7.93725393319377
6,7,14,18,-89.1970563208322,-0.070441621801729,6,6,6
6,7,14,19,89.1970563208322,0.070441621801729,6,6,6
6,7,14,29,-487.381779508192,-0.0128917115316043,6,6,7.93725393319377
6,7,14,31,487.381779508192,0.0128917115316043,6,6,7.93725393319377
6,7,18,29,109.178020915896,0.0575499102701247,6,6,9
6,7,19,31,-109.178020915896,-0.0575499102701247,6,6,9
6,11,1,2,109.178020915896,0.0575499102701247,6,6,9
6,11,1,4,89.1970563208322,0.070441621801729,6,6,6
6,11,1,7,-487.381779508192,-0.0128917115316043,6,6,7.93725393319377
6,11,2,4,487.381779508192,0.0128917115316043,6,6,7.93725393319377
6,11,4,9,487.381779508192,0.0128917115316043,6,6,7.93725393319377
6,11,4,16,89.1970563208322,0.070441621801729,6,6,6
6,11,7,14,487.381779508192,0.0128917115316043,6,6,7.93725393319377
6,11,9,16,109.178020915896,0.0575499102701247,6,6,9
6,11,14,18,89.1970563208322,0.070441621801729,6,6,6
6,11,14,29,109.178020915896,0.0575499102701247,6,6,9
6,11,16,25,487.381779508192,0.0128917115316043,6,6,7.93725393319377
6,11,18,27,89.1970563208322,0.070441621801729,6,6,6
6,11,18,29,-487.381779508192,-0.0128917115316043,6,6,7.93725393319377
6,11,18,36,487.381779508192,0.0128917115316043,6,6,7.93725393319377
6,11,25,27,-487.381779508192,-0.0128917115316043,6,6,7.93725393319377
6,11,27,36,-109.178020915896,-0.0575499102701247,6,6,9
6,14,1,4,-487.381779508192,-0.0128917115316043,6,6,7.93725393319377
6,14,1,5,109.178020915896,0.0575499102701247,6,6,9
6,14,1,7,89.1970563208322,0.070441621801729,6,6,6
6,14,4,11,487.381779508192,0.0128917115316043,6,6,7.93725393319377
6,14,5,7,487.381779508192,0.0128917115316043,6,6,7.93725393319377
6,14,7,13,487.381779508192,0.0128917115316043,6,6,7.93725393319377
6,14,7,19,89.1970563208322,0.070441621801729,6,6,6
6,14,11,18,89.1970563208322,0.070441621801729,6,6,6
6,14,11,27,109.178020915896,0.0575499102701247,6,6,9
6,14,13,19,109.178020915896,0.0575499102701247,6,6,9
6,14,18,27,-487.381779508192,-0.0128917115316043,6,6,7.93725393319377
6,14,18,29,89.1970563208322,0.070441621801729,6,6,6
6,14,18,36,487.381779508192,0.0128917115316043,6,6,7.93725393319377
6,14,19,31,487.381779508192,0.0128917115316043,6,6,7.93725393319377
6,14,29,31,487.381779508192,0.0128917115316043,6,6,7.93725393319377
6,14,29,36,-109.178020915896,-0.0575499102701247,6,6,9
6,18,1,4,487.381779508192,0.0128917115316043,6,6,7.93725393319377
6,18,1,7,487.381779508192,0.0128917115316043,6,6,7.93725393319377
6,18,4,11,89.1970563208322,0.070441621801729,6,6,6
6,18,4,16,109.178020915896,0.0575499102701247,6,6,9
6,18,7,14,89.1970563208322,0.070441621801729,6,6,6
6,18,7,19,109.178020915896,0.0575499102701247,6,6,9
6,18,11,16,-487.381779508192,-0.0128917115316043,6,6,7.93725393319377
6,18,11,25,487.381779508192,0.0128917115316043,6,6,7.93725393319377
6,18,11,27,89.1970563208322,0.070441621801729,6,6,6
6,18,14,19,-487.381779508192,-0.0128917115316043,6,6,7.93725393319377
6,18,14,29,89.1970563208322,0.070441621801729,6,6,6
6,18,14,31,487.381779508192,0.0128917115316043,6,6,7.93725393319377
6,18,25,27,109.178020915896,0.0575499102701247,6,6,9
6,18,27,36,487.381779508192,0.0128917115316043,6,6,7.93725393319377
6,18,29,31,-109.178020915896,-0.0575499102701247,6,6,9
6,18,29,36,487.381779508192,0.0128917115316043,6,6,7.93725393319377
7,13,1,3,109.178020915896,0.0575499102701247,6,6,9
7,13,1,5,89.1970563208322,0.070441621801729,6,6,6
7,13,1,6,-487.381779508192,-0.0128917115316043,6,6,7.93725393319377
7,13,3,5,487.381779508192,0.0128917115316043,6,6,7.93725393319377
7,13,5,10,487.381779508192,0.0128917115316043,6,6,7.93725393319377
7,13,5,17,89.1970563208322,0.070441621801729,6,6,6
7,13,6,14,487.381779508192,0.0128917115316043,6,6,7.93725393319377
7,13,10,17,109.178020915896,0.0575499102701247,6,6,9
7,13,14,19,89.1970563208322,0.070441621801729,6,6,6
7,13,14,31,109.178020915896,0.0575499102701247,6,6,9
7,13,17,28,487.381779508192,0.0128917115316043,6,6,7.93725393319377
7,13,19,30,89.1970563208322,0.070441621801729,6,6,6
7,13,19,31,-487.381779508192,-0.0128917115316043,6,6,7.93725393319377
7,13,19,37,487.381779508192,0.0128917115316043,6,6,7.93725393319377
7,13,28,30,-487.381779508192,-0.0128917115316043,6,6,7.93725393319377
7,13,30,37,-109.178020915896,-0.0575499102701247,6,6,9
7,14,1,4,109.178020915896,0.0575499102701247,6,6,9
7,14,1,5,-487.381779508192,-0.0128917115316043,6,6,7.93725393319377
7,14,1,6,89.1970563208322,0.070441621801729,6,6,6
7,14,4,6,487.381779508192,0.0128917115316043,6,6,7.93725393319377
7,14,5,13,487.381779508192,0.0128917115316043,6,6,7.93725393319377
7,14,6,11,487.381779508192,0.0128917115316043,6,6,7.93725393319377
7,14,6,18,89.1970563208322,0.070441621801729,6,6,6
7,14,11,18,109.178020915896,0.0575499102701247,6,6,9
7,14,13,19,89.1970563208322,0.070441621801729,6,6,6
7,14,13,30,109.178020915896,0.0575499102701247,6,6,9
7,14,18,29,487.381779508192,0.0128917115316043,6,6,7.93725393319377
7,14,19,30,-487.381779508192,-0.0128917115316043,6,6,7.93725393319377
7,14,19,31,89.1970563208322,0.070441621801729,6,6,6
7,14,19,37,487.381779508192,0.0128917115316043,6,6,7.93725393319377
7,14,29,31,-487.381779508192,-0.0128917115316043,6,6,7.93725393319377
7,14,31,37,-109.178020915896,-0.0575499102701247,6,6,9
7,19,1,5,487.381779508192,0.0128917115316043,6,6,7.93725393319377
7,19,1,6,487.381779508192,0.0128917115316043,6,6,7.93725393319377
7,19,5,13,89.1970563208322,0.070441621801729,6,6,6
7,19,5,17,109.178020915896,0.0575499102701247,6,6,9
7,19,6,14,89.1970563208322,0.070441621801729,6,6,6
7,19,6,18,109.178020915896,0.0575499102701247,6,6,9
7,19,13,17,-487.381779508192,-0.0128917115316043,6,6,7.93725393319377
7,19,13,28,487.381779508192,0.0128917115316043,6,6,7.93725393319377
7,19,13,30,89.1970563208322,0.070441621801729,6,6,6
7,19,14,18,-487.381779508192,-0.0128917115316043,6,6,7.93725393319377
7,19,14,29,487.381779508192,0.0128917115316043,6,6,7.93725393319377
7,19,14,31,89.1970563208322,0.070441621801729,6,6,6
7,19,28,30,109.178020915896,0.0575499102701247,6,6,9
7,19,29,31,109.178020915896,0.0575499102701247,6,6,9
7,19,30,37,487.381779508192,0.0128917115316043,6,6,7.93725393319377
7,19,31,37,487.381779508192,0.0128917115316043,6,6,7.93725393319377
8,12,1,2,487.381779508192,0.0128917115316043,6,6,7.93725393319377
8,12,1,3,-109.178020915896,-0.0575499102701247,6,6,9
8,12,2,3,-89.1970563208322,-0.070441621801729,6,6,6
8,12,2,4,487.381779508192,0.0128917115316043,6,6,7.93725393319377
8,12,2,9,89.1970563208322,0.070441621801729,6,6,6
8,12,3,15,-487.381779508192,-0.0128917115316043,6,6,7.93725393319377
8,12,4,9,109.178020915896,0.0575499102701247,6,6,9
8,12,9,21,487.381779508192,0.0128917115316043,6,6,7.93725393319377
8,12,15,22,487.381779508192,0.0128917115316043,6,6,7.93725393319377
8,12,20,22,-89.1970563208322,-0.070441621801729,6,6,6
8,12,20,32,89.1970563208322,0.070441621801729,6,6,6
8,12,20,38,-487.381779508192,-0.0128917115316043,6,6,7.93725393319377
8,12,20,40,487.381779508192,0.0128917115316043,6,6,7.93725393319377
8,12,21,32,-487.381779508192,-0.0128917115316043,6,6,7.93725393319377
8,12,22,38,109.178020915896,0.0575499102701247,6,6,9
8,12,32,40,-109.178020915896,-0.0575499102701247,6,6,9
8,15,1,2,-109.178020915896,-0.0575499102701247,6,6,9
8,15,1,3,487.381779508192,0.0128917115316043,6,6,7.93725393319377
8,15,2,3,89.1970563208322,0.070441621801729,6,6,6
8,15,2,12,-487.381779508192,-0.0128917115316043,6,6,7.93725393319377
8,15,3,5,487.381779508192,0.0128917115316043,6,6,7.93725393319377
8,15,3,10,89.1970563208322,0.070441621801729,6,6,6
8,15,5,10,109.178020915896,0.0575499102701247,6,6,9
8,15,10,24,487.381779508192,0.0128917115316043,6,6,7.93725393319377
8,15,12,20,487.381779508192,0.0128917115316043,6,6,7.93725393319377
8,15,20,22,89.1970563208322,0.070441621801729,6,6,6
8,15,20,38,109.178020915896,0.0575499102701247,6,6,9
8,15,22,33,89.1970563208322,0.070441621801729,6,6,6
8,15,22,38,-487.381779508192,-0.0128917115316043,6,6,7.93725393319377
8,15,22,44,487.381779508192,0.0128917115316043,6,6,7.93725393319377
8,15,24,33,-487.381779508192,-0.0128917115316043,6,6,7.93725393319377
8,15,33,44,-109.178020915896,-0.0575499102701247,6,6,9
8,20,2,3,-487.381779508192,-0.0128917115316043,6,6,7.93725393319377
8,20,2,9,109.178020915896,0.0575499102701247,6,6,9
8,20,2,12,89.1970563208322,0.070441621801729,6,6,6
8,20,3,15,487.381779508192,0.0128917115316043,6,6,7.93725393319377
8,20,9,12,487.381779508192,0.0128917115316043,6,6,7.93725393319377
8,20,12,21,487.381779508192,0.0128917115316043,6,6,7.93725393319377
8,20,12,32,89.1970563208322,0.070441621801729,6,6,6
8,20,15,22,89.1970563208322,0.070441621801729,6,6,6
8,20,15,33,109.178020915896,0.0575499102701247,6,6,9
8,20,21,32,109.178020915896,0.0575499102701247,6,6,9
8,20,22,33,-487.381779508192,-0.0128917115316043,6,6,7.93725393319377
8,20,22,38,89.1970563208322,0.070441621801729,6,6,6
8,20,22,44,487.381779508192,0.0128917115316043,6,6,7.93725393319377
8,20,32,40,487.381779508192,0.0128917115316043,6,6,7.93725393319377
8,20,38,40,487.381779508192,0.0128917115316043,6,6,7.93725393319377
8,20,38,44,-109.178020915896,-0.0575499102701247,6,6,9
8,22,2,3,487.381779508192,0.0128917115316043,6,6,7.93725393319377
8,22,2,12,487.381779508192,0.0128917115316043,6,6,7.93725393319377
8,22,3,10,109.178020915896,0.0575499102701247,6,6,9
8,22,3,15,89.1970563208322,0.070441621801729,6,6,6
8,22,10,15,487.381779508192,0.0128917115316043,6,6,7.93725393319377
8,22,12,20,89.1970563208322,0.070441621801729,6,6,6
8,22,12,32,109.178020915896,0.0575499102701247,6,6,9
8,22,15,24,487.381779508192,0.0128917115316043,6,6,7.93725393319377
8,22,15,33,89.1970563208322,0.070441621801729,6,6,6
8,22,20,32,-487.381779508192,-0.0128917115316043,6,6,7.93725393319377
8,22,20,38,89.1970563208322,0.070441621801729,6,6,6
8,22,20,40,487.381779508192,0.0128917115316043,6,6,7.93725393319377
8,22,24,33,109.178020915896,0.0575499102701247,6,6,9
8,22,33,44,487.381779508192,0.0128917115316043,6,6,7.93725393319377
8,22,38,40,-109.178020915896,-0.0575499102701247,6,6,9
8,22,38,44,487.381779508192,0.0128917115316043,6,6,7.93725393319377
9,12,1,2,487.381779508192,0.0128917115316043,6,6,7.93725393319377
9,12,1,4,-109.178020915896,-0.0575499102701247,6,6,9
9,12,2,3,487.381779508192,0.0128917115316043,6,6,7.93725393319377
9,12,2,4,-89.1970563208322,-0.070441621801729,6,6,6
9,12,2,8,89.1970563208322,0.070441621801729,6,6,6
9,12,3,8,109.178020915896,0.0575499102701247,6,6,9
9,12,4,16,-487.381779508192,-0.0128917115316043,6,6,7.93725393319377
9,12,8,20,487.381779508192,0.0128917115316043,6,6,7.93725393319377
9,12,16,23,487.381779508192,0.0128917115316043,6,6,7.93725393319377
9,12,20,32,-487.381779508192,-0.0128917115316043,6,6,7.93725393319377
9,12,21,23,-89.1970563208322,-0.070441621801729,6,6,6
9,12,21,32,89.1970563208322,0.070441621801729,6,6,6
9,12,21,39,-487.381779508192,-0.0128917115316043,6,6,7.93725393319377
9,12,21,41,487.381779508192,0.0128917115316043,6,6,7.93725393319377
9,12,23,39,109.178020915896,0.0575499102701247,6,6,9
9,12,32,41,-109.178020915896,-0.0575499102701247,6,6,9
9,16,1,2,-109.178020915896,-0.0575499102701247,6,6,9
9,16,1,4,487.381779508192,0.0128917115316043,6,6,7.93725393319377
9,16,2,4,89.1970563208322,0.070441621801729,6,6,6
9,16,2,12,-487.381779508192,-0.0128917115316043,6,6,7.93725393319377
9,16,4,6,487.381779508192,0.0128917115316043,6,6,7.93725393319377
9,16,4,11,89.1970563208322,0.070441621801729,6,6,6
9,16,6,11,109.178020915896,0.0575499102701247,6,6,9
9,16,11,25,487.381779508192,0.0128917115316043,6,6,7.93725393319377
9,16,12,21,487.381779508192,0.0128917115316043,6,6,7.93725393319377
9,16,21,23,89.1970563208322,0.070441621801729,6,6,6
9,16,21,39,109.178020915896,0.0575499102701247,6,6,9
9,16,23,34,89.1970563208322,0.070441621801729,6,6,6
9,16,23,39,-487.381779508192,-0.0128917115316043,6,6,7.93725393319377
9,16,23,45,487.381779508192,0.0128917115316043,6,6,7.93725393319377
9,16,25,34,-487.381779508192,-0.0128917115316043,6,6,7.93725393319377
9,16,34,45,-109.178020915896,-0.0575499102701247,6,6,9
9,21,2,4,-487.381779508192,-0.0128917115316043,6,6,7.93725393319377
9,21,2,8,109.178020915896,0.0575499102701247,6,6,9
9,21,2,12,89.1970563208322,0.070441621801729,6,6,6
9,21,4,16,487.381779508192,0.0128917115316043,6,6,7.93725393319377
9,21,8,12,487.381779508192,0.0128917115316043,6,6,7.93725393319377
9,21,12,20,487.381779508192,0.0128917115316043,6,6,7.93725393319377
9,21,12,32,89.1970563208322,0.070441621801729,6,6,6
9,21,16,23,89.1970563208322,0.070441621801729,6,6,6
9,21,16,34,109.178020915896,0.0575499102701247,6,6,9
9,21,20,32,109.178020915896,0.0575499102701247,6,6,9
9,21,23,34,-487.381779508192,-0.0128917115316043,6,6,7.93725393319377
9,21,23,39,89.1970563208322,0.070441621801729,6,6,6
9,21,23,45,487.381779508192,0.0128917115316043,6,6,7.93725393319377
9,21,32,41,487.381779508192,0.0128917115316043,6,6,7.93725393319377
9,21,39,41,487.381779508192,0.0128917115316043,6,6,7.93725393319377
9,21,39,45,-109.178020915896,-0.0575499102701247,6,6,9
9,23,2,4,487.381779508192,0.0128917115316043,6,6,7.93725393319377
9,23,2,12,487.381779508192,0.0128917115316043,6,6,7.93725393319377
9,23,4,11,109.178020915896,0.0575499102701247,6,6,9
9,23,4,16,89.1970563208322,0.070441621801729,6,6,6
9,23,11,16,487.381779508192,0.0128917115316043,6,6,7.93725393319377
9,23,12,21,89.1970563208322,0.070441621801729,6,6,6
9,23,12,32,109.178020915896,0.0575499102701247,6,6,9
9,23,16,25,487.381779508192,0.0128917115316043,6,6,7.93725393319377
9,23,16,34,89.1970563208322,0.070441621801729,6,6,6
9,23,21,32,-487.381779508192,-0.0128917115316043,6,6,7.93725393319377
9,23,21,39,89.1970563208322,0.070441621801729,6,6,6
9,23,21,41,487.381779508192,0.0128917115316043,6,6,7.93725393319377
9,23,25,34,109.178020915896,0.0575499102701247,6,6,9
9,23,34,45,487.381779508192,0.0128917115316043,6,6,7.93725393319377
9,23,39,41,-109.178020915896,-0.0575499102701247,6,6,9
9,23,39,45,487.381779508192,0.0128917115316043,6,6,7.93725393319377
10,15,1,3,487.381779508192,0.0128917115316043,6,6,7.93725393319377
10,15,1,5,-109.178020915896,-0.0575499102701247,6,6,9
10,15,2,3,-487.381779508192,-0.0128917115316043,6,6,7.93725393319377
10,15,2,8,109.178020915896,0.0575499102701247,6,6,9
10,15,3,5,-89.1970563208322,-0.070441621801729,6,6,6
10,15,3,8,89.1970563208322,0.070441621801729,6,6,6
10,15,5,17,-487.381779508192,-0.0128917115316043,6,6,7.93725393319377
10,15,8,22,487.381779508192,0.0128917115316043,6,6,7.93725393319377
10,15,17,26,487.381779508192,0.0128917115316043,6,6,7.93725393319377
10,15,22,33,-487.381779508192,-0.0128917115316043,6,6,7.93725393319377
10,15,24,26,-89.1970563208322,-0.070441621801729,6,6,6
10,15,24,33,89.1970563208322,0.070441621801729,6,6,6
10,15,24,42,-487.381779508192,-0.0128917115316043,6,6,7.93725393319377
10,15,24,46,487.381779508192,0.0128917115316043,6,6,7.93725393319377
10,15,26,42,109.178020915896,0.0575499102701247,6,6,9
10,15,33,46,-109.178020915896,-0.0575499102701247,6,6,9
10,17,1,3,-109.178020915896,-0.0575499102701247,6,6,9
10,17,1,5,487.381779508192,0.0128917115316043,6,6,7.93725393319377
10,17,3,5,89.1970563208322,0.070441621801729,6,6,6
10,17,3,15,-487.381779508192,-0.0128917115316043,6,6,7.93725393319377
10,17,5,7,487.381779508192,0.0128917115316043,6,6,7.93725393319377
10,17,5,13,89.1970563208322,0.070441621801729,6,6,6
10,17,7,13,109.178020915896,0.0575499102701247,6,6,9
10,17,13,28,487.381779508192,0.0128917115316043,6,6,7.93725393319377
10,17,15,24,487.381779508192,0.0128917115316043,6,6,7.93725393319377
10,17,24,26,89.1970563208322,0.070441621801729,6,6,6
10,17,24,42,109.178020915896,0.0575499102701247,6,6,9
10,17,26,35,89.1970563208322,0.070441621801729,6,6,6
10,17,26,42,-487.381779508192,-0.0128917115316043,6,6,7.93725393319377
10,17,26,50,487.381779508192,0.0128917115316043,6,6,7.93725393319377
10,17,28,35,-487.381779508192,-0.0128917115316043,6,6,7.93725393319377
10,17,35,50,-109.178020915896,-0.0575499102701247,6,6,9
10,24,3,5,-487.381779508192,-0.0128917115316043,6,6,7.93725393319377
10,24,3,8,109.178020915896,0.0575499102701247,6,6,9
10,24,3,15,89.1970563208322,0.070441621801729,6,6,6
10,24,5,17,487.381779508192,0.0128917115316043,6,6,7.93725393319377
10,24,8,15,487.381779508192,0.0128917115316043,6,6,7.93725393319377
10,24,15,22,487.381779508192,0.0128917115316043,6,6,7.93725393319377
10,24,15,33,89.1970563208322,0.070441621801729,6,6,6
10,24,17,26,89.1970563208322,0.070441621801729,6,6,6
10,24,17,35,109.178020915896,0.0575499102701247,6,6,9
10,24,22,33,109.178020915896,0.0575499102701247,6,6,9
10,24,26,35,-487.381779508192,-0.0128917115316043,6,6,7.93725393319377
10,24,26,42,89.1970563208322,0.070441621801729,6,6,6
10,24,26,50,487.381779508192,0.0128917115316043,6,6,7.93725393319377
10,24,33,46,487.381779508192,0.0128917115316043,6,6,7.93725393319377
10,24,42,46,487.381779508192,0.0128917115316043,6,6,7.93725393319377
10,24,42,50,-109.178020915896,-0.0575499102701247,6,6,9
10,26,3,5,487.381779508192,0.0128917115316043,6,6,7.93725393319377
10,26,3,15,487.381779508192,0.0128917115316043,6,6,7.93725393319377
10,26,5,13,109.178020915896,0.0575499102701247,6,6,9
10,26,5,17,89.1970563208322,0.070441621801729,6,6,6
10,26,13,17,487.381779508192,0.0128917115316043,6,6,7.93725393319377
10,26,15,24,89.1970563208322,0.070441621801729,6,6,6
10,26,15,33,109.178020915896,0.0575499102701247,6,6,9
10,26,17,28,487.381779508192,0.0128917115316043,6,6,7.93725393319377
10,26,17,35,89.1970563208322,0.070441621801729,6,6,6
10,26,24,33,-487.381779508192,-0.0128917115316043,6,6,7.93725393319377
10,26,24,42,89.1970563208322,0.070441621801729,6,6,6
10,26,24,46,487.381779508192,0.0128917115316043,6,6,7.93725393319377
10,26,28,35,109.178020915896,0.0575499102701247,6,6,9
10,26,35,50,487.381779508192,0.0128917115316043,6,6,7.93725393319377
10,26,42,46,-109.178020915896,-0.0575499102701247,6,6,9
10,26,42,50,487.381779508192,0.0128917115316043,6,6,7.93725393319377
11,16,1,4,487.381779508192,0.0128917115316043,6,6,7.93725393319377
11,16,1,6,-109.178020915896,-0.0575499102701247,6,6,9
11,16,2,4,-487.381779508192,-0.0128917115316043,6,6,7.93725393319377
11,16,2,9,109.178020915896,0.0575499102701247,6,6,9
11,16,4,6,-89.1970563208322,-0.070441621801729,6,6,6
11,16,4,9,89.1970563208322,0.070441621801729,6,6,6
11,16,6,18,-487.381779508192,-0.0128917115316043,6,6,7.93725393319377
11,16,9,23,487.381779508192,0.0128917115316043,6,6,7.93725393319377
11,16,18,27,487.381779508192,0.0128917115316043,6,6,7.93725393319377
11,16,23,34,-487.381779508192,-0.0128917115316043,6,6,7.93725393319377
11,16,25,27,-89.1970563208322,-0.070441621801729,6,6,6
11,16,25,34,89.1970563208322,0.070441621801729,6,6,6
11,16,25,43,-487.381779508192,-0.0128917115316043,6,6,7.93725393319377
11,16,25,47,487.381779508192,0.0128917115316043,6,6,7.93725393319377
11,16,27,43,109.178020915896,0.0575499102701247,6,6,9
11,16,34,47,-109.178020915896,-0.0575499102701247,6,6,9
11,18,1,4,-109.178020915896,-0.0575499102701247,6,6,9
11,18,1,6,487.381779508192,0.0128917115316043,6,6,7.93725393319377
11,18,4,6,89.1970563208322,0.070441621801729,6,6,6
11,18,4,16,-487.381779508192,-0.0128917115316043,6,6,7.93725393319377
11,18,6,7,487.381779508192,0.0128917115316043,6,6,7.93725393319377
11,18,6,14,89.1970563208322,0.070441621801729,6,6,6
11,18,7,14,109.178020915896,0.0575499102701247,6,6,9
11,18,14,29,487.381779508192,0.0128917115316043,6,6,7.93725393319377
11,18,16,25,487.381779508192,0.0128917115316043,6,6,7.93725393319377
11,18,25,27,89.1970563208322,0.070441621801729,6,6,6
11,18,25,43,109.178020915896,0.0575499102701247,6,6,9
11,18,27,36,89.1970563208322,0.070441621801729,6,6,6
11,18,27,43,-487.381779508192,-0.0128917115316043,6,6,7.93725393319377
11,18,27,51,487.381779508192,0.0128917115316043,6,6,7.93725393319377
11,18,29,36,-487.381779508192,-0.0128917115316043,6,6,7.93725393319377
11,18,36,51,-109.178020915896,-0.0575499102701247,6,6,9
11,25,4,6,-487.381779508192,-0.0128917115316043,6,6,7.93725393319377
11,25,4,9,109.178020915896,0.0575499102701247,6,6,9
11,25,4,16,89.1970563208322,0.070441621801729,6,6,6
11,25,6,18,487.381779508192,0.0128917115316043,6,6,7.93725393319377
11,25,9,16,487.381779508192,0.0128917115316043,6,6,7.93725393319377
11,25,16,23,487.381779508192,0.0128917115316043,6,6,7.93725393319377
11,25,16,34,89.1970563208322,0.070441621801729,6,6,6
11,25,18,27,89.1970563208322,0.070441621801729,6,6,6
11,25,18,36,109.178020915896,0.0575499102701247,6,6,9
11,25,23,34,109.178020915896,0.0575499102701247,6,6,9
11,25,27,36,-487.381779508192,-0.0128917115316043,6,6,7.93725393319377
11,25,27,43,89.1970563208322,0.070441621801729,6,6,6
11,25,27,51,487.381779508192,0.0128917115316043,6,6,7.93725393319377
11,25,34,47,487.381779508192,0.0128917115316043,6,6,7.93725393319377
11,25,43,47,487.381779508192,0.0128917115316043,6,6,7.93725393319377
11,25,43,51,-109.178020915896,-0.0575499102701247,6,6,9
11,27,4,6,487.381779508192,0.0128917115316043,6,6,7.93725393319377
11,27,4,16,487.381779508192,0.0128917115316043,6,6,7.93725393319377
11,27,6,14,109.178020915896,0.0575499102701247,6,6,9
11,27,6,18,89.1970563208322,0.070441621801729,6,6,6
11,27,14,18,487.381779508192,0.0128917115316043,6,6,7.93725393319377
11,27,16,25,89.1970563208322,0.070441621801729,6,6,6
11,27,16,34,109.178020915896,0.0575499102701247,6,6,9
11,27,18,29,487.381779508192,0.0128917115316043,6,6,7.93725393319377
11,27,18,36,89.1970563208322,0.070441621801729,6,6,6
11,27,25,34,-487.381779508192,-0.0128917115316043,6,6,7.93725393319377
11,27,25,43,89.1970563208322,0.070441621801729,6,6,6
11,27,25,47,487.381779508192,0.0128917115316043,6,6,7.93725393319377
11,27,29,36,109.178020915896,0.0575499102701247,6,6,9
11,27,36,51,487.381779508192,0.0128917115316043,6,6,7.93725393319377
11,27,43,47,-109.178020915896,-0.0575499102701247,6,6,9
11,27,43,51,487.381779508192,0.0128917115316043,6,6,7.93725393319377
12,20,2,3,109.178020915896,0.0575499102701247,6,6,9
12,20,2,8,89.1970563208322,0.070441621801729,6,6,6
12,20,2,9,-487.381779508192,-0.0128917115316043,6,6,7.93725393319377
12,20,3,8,487.381779508192,0.0128917115316043,6,6,7.93725393319377
12,20,8,15,487.381779508192,0.0128917115316043,6,6,7.93725393319377
12,20,8,22,89.1970563208322,0.070441621801729,6,6,6
12,20,9,21,487.381779508192,0.0128917115316043,6,6,7.93725393319377
12,20,15,22,109.178020915896,0.0575499102701247,6,6,9
12,20,21,32,89.1970563208322,0.070441621801729,6,6,6
12,20,21,41,109.178020915896,0.0575499102701247,6,6,9
12,20,22,38,487.381779508192,0.0128917115316043,6,6,7.93725393319377
12,20,32,40,89.1970563208322,0.070441621801729,6,6,6
12,20,32,41,-487.381779508192,-0.0128917115316043,6,6,7.93725393319377
12,20,32,56,487.381779508192,0.0128917115316043,6,6,7.93725393319377
12,20,38,40,-487.381779508192,-0.0128917115316043,6,6,7.93725393319377
12,20,40,56,-109.178020915896,-0.0575499102701247,6,6,9
12,21,2,4,109.178020915896,0.0575499102701247,6,6,9
12,21,2,8,-487.381779508192,-0.0128917115316043,6,6,7.93725393319377
12,21,2,9,89.1970563208322,0.070441621801729,6,6,6
12,21,4,9,487.381779508192,0.0128917115316043,6,6,7.93725393319377
12,21,8,20,487.381779508192,0.0128917115316043,6,6,7.93725393319377
12,21,9,16,487.381779508192,0.0128917115316043,6,6,7.93725393319377
12,21,9,23,89.1970563208322,0.070441621801729,6,6,6
12,21,16,23,109.178020915896,0.0575499102701247,6,6,9
12,21,20,32,89.1970563208322,0.070441621801729,6,6,6
12,21,20,40,109.178020915896,0.0575499102701247,6,6,9
12,21,23,39,487.381779508192,0.0128917115316043,6,6,7.93725393319377
12,21,32,40,-487.381779508192,-0.0128917115316043,6,6,7.93725393319377
12,21,32,41,89.1970563208322,0.070441621801729,6,6,6
12,21,32,56,487.381779508192,0.0128917115316043,6,6,7.93725393319377
12,21,39,41,-487.381779508192,-0.0128917115316043,6,6,7.93725393319377
12,21,41,56,-109.178020915896,-0.0575499102701247,6,6,9
12,32,2,8,487.381779508192,0.0128917115316043,6,6,7.93725393319377
12,32,2,9,487.381779508192,0.0128917115316043,6,6,7.93725393319377
12,32,8,20,89.1970563208322,0.070441621801729,6,6,6
12,32,8,22,109.178020915896,0.0575499102701247,6,6,9
12,32,9,21,89.1970563208322,0.070441621801729,6,6,6
12,32,9,23,109.178020915896,0.0575499102701247,6,6,9
12,32,20,22,-487.381779508192,-0.0128917115316043,6,6,7.93725393319377
12,32,20,38,487.381779508192,0.0128917115316043,6,6,7.93725393319377
12,32,20,40,89.1970563208322,0.070441621801729,6,6,6
12,32,21,23,-487.381779508192,-0.0128917115316043,6,6,7.93725393319377
12,32,21,39,487.381779508192,0.0128917115316043,6,6,7.93725393319377
12,32,21,41,89.1970563208322,0.070441621801729,6,6,6
12,32,38,40,109.178020915896,0.0575499102701247,6,6,9
12,32,39,41,109.178020915896,0.0575499102701247,6,6,9
12,32,40,56,487.381779508192,0.0128917115316043,6,6,7.93725393319377
12,32,41,56,487.381779508192,0.0128917115316043,6,6,7.93725393319377
13,17,1,5,487.381779508192,0.0128917115316043,6,6,7.93725393319377
13,17,1,7,-109.178020915896,-0.0575499102701247,6,6,9
13,17,3,5,-487.381779508192,-0.0128917115316043,6,6,7.93725393319377
13,17,3,10,109.178020915896,0.0575499102701247,6,6,9
13,17,5,7,-89.1970563208322,-0.070441621801729,6,6,6
13,17,5,10,89.1970563208322,0.070441621801729,6,6,6
13,17,7,19,-487.381779508192,-0.0128917115316043,6,6,7.93725393319377
13,17,10,26,487.381779508192,0.0128917115316043,6,6,7.93725393319377
13,17,19,30,487.381779508192,0.0128917115316043,6,6,7.93725393319377
13,17,26,35,-487.381779508192,-0.0128917115316043,6,6,7.93725393319377
13,17,28,30,-89.1970563208322,-0.070441621801729,6,6,6
13,17,28,35,89.1970563208322,0.070441621801729,6,6,6
13,17,28,48,-487.381779508192,-0.0128917115316043,6,6,7.93725393319377
13,17,28,52,487.381779508192,0.0128917115316043,6,6,7.93725393319377
13,17,30,48,109.178020915896,0.0575499102701247,6,6,9
13,17,35,52,-109.178020915896,-0.0575499102701247,6,6,9
13,19,1,5,-109.178020915896,-0.0575499102701247,6,6,9
13,19,1,7,487.381779508192,0.0128917115316043,6,6,7.93725393319377
13,19,5,7,89.1970563208322,0.070441621801729,6,6,6
13,19,5,17,-487.381779508192,-0.0128917115316043,6,6,7.93725393319377
13,19,6,7,-487.381779508192,-0.0128917115316043,6,6,7.93725393319377
13,19,6,14,109.178020915896,0.0575499102701247,6,6,9
13,19,7,14,89.1970563208322,0.070441621801729,6,6,6
13,19,14,31,487.381779508192,0.0128917115316043,6,6,7.93725393319377
13,19,17,28,487.381779508192,0.0128917115316043,6,6,7.93725393319377
13,19,28,30,89.1970563208322,0.070441621801729,6,6,6
13,19,28,48,109.178020915896,0.0575499102701247,6,6,9
13,19,30,37,89.1970563208322,0.070441621801729,6,6,6
13,19,30,48,-487.381779508192,-0.0128917115316043,6,6,7.93725393319377
13,19,30,54,487.381779508192,0.0128917115316043,6,6,7.93725393319377
13,19,31,37,-487.381779508192,-0.0128917115316043,6,6,7.93725393319377
13,19,37,54,-109.178020915896,-0.0575499102701247,6,6,9
13,28,5,7,-487.381779508192,-0.0128917115316043,6,6,7.93725393319377
13,28,5,10,109.178020915896,0.0575499102701247,6,6,9
13,28,5,17,89.1970563208322,0.070441621801729,6,6,6
13,28,7,19,487.381779508192,0.0128917115316043,6,6,7.93725393319377
13,28,10,17,487.381779508192,0.0128917115316043,6,6,7.93725393319377
13,28,17,26,487.381779508192,0.0128917115316043,6,6,7.93725393319377
13,28,17,35,89.1970563208322,0.070441621801729,6,6,6
13,28,19,30,89.1970563208322,0.070441621801729,6,6,6
13,28,19,37,109.178020915896,0.0575499102701247,6,6,9
13,28,26,35,109.178020915896,0.0575499102701247,6,6,9
13,28,30,37,-487.381779508192,-0.0128917115316043,6,6,7.93725393319377
13,28,30,48,89.1970563208322,0.070441621801729,6,6,6
13,28,30,54,487.381779508192,0.0128917115316043,6,6,7.93725393319377
13,28,35,52,487.381779508192,0.0128917115316043,6,6,7.93725393319377
13,28,48,52,487.381779508192,0.0128917115316043,6,6,7.93725393319377
13,28,48,54,-109.178020915896,-0.0575499102701247,6,6,9
13,30,5,7,487.381779508192,0.0128917115316043,6,6,7.93725393319377
13,30,5,17,487.381779508192,0.0128917115316043,6,6,7.93725393319377
13,30,7,14,109.178020915896,0.0575499102701247,6,6,9
13,30,7,19,89.1970563208322,0.070441621801729,6,6,6
13,30,14,19,487.381779508192,0.0128917115316043,6,6,7.93725393319377
13,30,17,28,89.1970563208322,0.070441621801729,6,6,6
13,30,17,35,109.178020915896,0.0575499102701247,6,6,9
13,30,19,31,487.381779508192,0.0128917115316043,6,6,7.93725393319377
13,30,19,37,89.1970563208322,0.070441621801729,6,6,6
13,30,28,35,-487.381779508192,-0.0128917115316043,6,6,7.93725393319377
13,30,28,48,89.1970563208322,0.070441621801729,6,6,6
13,30,28,52,487.381779508192,0.0128917115316043,6,6,7.93725393319377
13,30,31,37,109.178020915896,0.0575499102701247,6,6,9
13,30,37,54,487.381779508192,0.0128917115316043,6,6,7.93725393319377
13,30,48,52,-109.178020915896,-0.0575499102701247,6,6,9
13,30,48,54,487.381779508192,0.0128917115316043,6,6,7.93725393319377
14,18,1,6,487.381779508192,0.0128917115316043,6,6,7.93725393319377
14,18,1,7,-109.178020915896,-0.0575499102701247,6,6,9
14,18,4,6,-487.381779508192,-0.0128917115316043,6,6,7.93725393319377
14,18,4,11,109.178020915896,0.0575499102701247,6,6,9
14,18,6,7,-89.1970563208322,-0.070441621801729,6,6,6
14,18,6,11,89.1970563208322,0.070441621801729,6,6,6
14,18,7,19,-487.381779508192,-0.0128917115316043,6,6,7.93725393319377
14,18,11,27,487.381779508192,0.0128917115316043,6,6,7.93725393319377
14,18,19,31,487.381779508192,0.0128917115316043,6,6,7.93725393319377
14,18,27,36,-487.381779508192,-0.0128917115316043,6,6,7.93725393319377
14,18,29,31,-89.1970563208322,-0.070441621801729,6,6,6
14,18,29,36,89.1970563208322,0.070441621801729,6,6,6
14,18,29,49,-487.381779508192,-0.0128917115316043,6,6,7.93725393319377
14,18,29,53,487.381779508192,0.0128917115316043,6,6,7.93725393319377
14,18,31,49,109.178020915896,0.0575499102701247,6,6,9
14,18,36,53,-109.178020915896,-0.0575499102701247,6,6,9
14,19,1,6,-109.178020915896,-0.0575499102701247,6,6,9
14,19,1,7,487.381779508192,0.0128917115316043,6,6,7.93725393319377
14,19,5,7,-487.381779508192,-0.0128917115316043,6,6,7.93725393319377
14,19,5,13,109.178020915896,0.0575499102701247,6,6,9
14,19,6,7,89.1970563208322,0.070441621801729,6,6,6
14,19,6,18,-487.381779508192,-0.0128917115316043,6,6,7.93725393319377
14,19,7,13,89.1970563208322,0.070441621801729,6,6,6
14,19,13,30,487.381779508192,0.0128917115316043,6,6,7.93725393319377
14,19,18,29,487.381779508192,0.0128917115316043,6,6,7.93725393319377
14,19,29,31,89.1970563208322,0.070441621801729,6,6,6
14,19,29,49,109.178020915896,0.0575499102701247,6,6,9
14,19,30,37,-487.381779508192,-0.0128917115316043,6,6,7.93725393319377
14,19,31,37,89.1970563208322,0.070441621801729,6,6,6
14,19,31,49,-487.381779508192,-0.0128917115316043,6,6,7.93725393319377
14,19,31,55,487.381779508192,0.0128917115316043,6,6,7.93725393319377
14,19,37,55,-109.178020915896,-0.0575499102701247,6,6,9
14,29,6,7,-487.381779508192,-0.0128917115316043,6,6,7.93725393319377
14,29,6,11,109.178020915896,0.0575499102701247,6,6,9
14,29,6,18,89.1970563208322,0.070441621801729,6,6,6
14,29,7,19,487.381779508192,0.0128917115316043,6,6,7.93725393319377
14,29,11,18,487.381779508192,0.0128917115316043,6,6,7.93725393319377
14,29,18,27,487.381779508192,0.0128917115316043,6,6,7.93725393319377
14,29,18,36,89.1970563208322,0.070441621801729,6,6,6
14,29,19,31,89.1970563208322,0.070441621801729,6,6,6
14,29,19,37,109.178020915896,0.0575499102701247,6,6,9
14,29,27,36,109.178020915896,0.0575499102701247,6,6,9
14,29,31,37,-487.381779508192,-0.0128917115316043,6,6,7.93725393319377
14,29,31,49,89.1970563208322,0.070441621801729,6,6,6
14,29,31,55,487.381779508192,0.0128917115316043,6,6,7.93725393319377
14,29,36,53,487.381779508192,0.0128917115316043,6,6,7.93725393319377
14,29,49,53,487.381779508192,0.0128917115316043,6,6,7.93725393319377
14,29,49,55,-109.178020915896,-0.0575499102701247,6,6,9
14,31,6,7,487.381779508192,0.0128917115316043,6,6,7.93725393319377
14,31,6,18,487.381779508192,0.0128917115316043,6,6,7.93725393319377
14,31,7,13,109.178020915896,0.0575499102701247,6,6,9
14,31,7,19,89.1970563208322,0.070441621801729,6,6,6
14,31,13,19,487.381779508192,0.0128917115316043,6,6,7.93725393319377
14,31,18,29,89.1970563208322,0.070441621801729,6,6,6
14,31,18,36,109.178020915896,0.0575499102701247,6,6,9
14,31,19,30,487.381779508192,0.0128917115316043,6,6,7.93725393319377
14,31,19,37,89.1970563208322,0.070441621801729,6,6,6
14,31,29,36,-487.381779508192,-0.0128917115316043,6,6,7.93725393319377
14,31,29,49,89.1970563208322,0.070441621801729,6,6,6
14,31,29,53,487.381779508192,0.0128917115316043,6,6,7.93725393319377
14,31,30,37,109.178020915896,0.0575499102701247,6,6,9
14,31,37,55,487.381779508192,0.0128917115316043,6,6,7.93725393319377
14,31,49,53,-109.178020915896,-0.0575499102701247,6,6,9
14,31,49,55,487.381779508192,0.0128917115316043,6,6,7.93725393319377
15,22,2,3,-109.178020915896,-0.0575499102701247,6,6,9
15,22,2,8,487.381779508192,0.0128917115316043,6,6,7.93725393319377
15,22,3,8,89.1970563208322,0.070441621801729,6,6,6
15,22,3,10,-487.381779508192,-0.0128917115316043,6,6,7.93725393319377
15,22,8,12,487.381779508192,0.0128917115316043,6,6,7.93725393319377
15,22,8,20,89.1970563208322,0.070441621801729,6,6,6
15,22,10,24,487.381779508192,0.0128917115316043,6,6,7.93725393319377
15,22,12,20,109.178020915896,0.0575499102701247,6,6,9
15,22,20,38,487.381779508192,0.0128917115316043,6,6,7.93725393319377
15,22,24,33,89.1970563208322,0.070441621801729,6,6,6
15,22,24,46,109.178020915896,0.0575499102701247,6,6,9
15,22,33,44,89.1970563208322,0.070441621801729,6,6,6
15,22,33,46,-487.381779508192,-0.0128917115316043,6,6,7.93725393319377
15,22,33,57,487.381779508192,0.0128917115316043,6,6,7.93725393319377
15,22,38,44,-487.381779508192,-0.0128917115316043,6,6,7.93725393319377
15,22,44,57,-109.178020915896,-0.0575499102701247,6,6,9
15,24,3,5,109.178020915896,0.0575499102701247,6,6,9
15,24,3,8,-487.381779508192,-0.0128917115316043,6,6,7.93725393319377
15,24,3,10,89.1970563208322,0.070441621801729,6,6,6
15,24,5,10,487.381779508192,0.0128917115316043,6,6,7.93725393319377
15,24,8,22,487.381779508192,0.0128917115316043,6,6,7.93725393319377
15,24,10,17,487.381779508192,0.0128917115316043,6,6,7.93725393319377
15,24,10,26,89.1970563208322,0.070441621801729,6,6,6
15,24,17,26,109.178020915896,0.0575499102701247,6,6,9
15,24,22,33,89.1970563208322,0.070441621801729,6,6,6
15,24,22,44,109.178020915896,0.0575499102701247,6,6,9
15,24,26,42,487.381779508192,0.0128917115316043,6,6,7.93725393319377
15,24,33,44,-487.381779508192,-0.0128917115316043,6,6,7.93725393319377
15,24,33,46,89.1970563208322,0.070441621801729,6,6,6
15,24,33,57,487.381779508192,0.0128917115316043,6,6,7.93725393319377
15,24,42,46,-487.381779508192,-0.0128917115316043,6,6,7.93725393319377
15,24,46,57,-109.178020915896,-0.0575499102701247,6,6,9
15,33,3,8,487.381779508192,0.0128917115316043,6,6,7.93725393319377
15,33,3,10,487.381779508192,0.0128917115316043,6,6,7.93725393319377
15,33,8,20,109.178020915896,0.0575499102701247,6,6,9
15,33,8,22,89.1970563208322,0.070441621801729,6,6,6
15,33,10,24,89.1970563208322,0.070441621801729,6,6,6
15,33,10,26,109.178020915896,0.0575499102701247,6,6,9
15,33,20,22,487.381779508192,0.0128917115316043,6,6,7.93725393319377
15,33,22,38,487.381779508192,0.0128917115316043,6,6,7.93725393319377
15,33,22,44,89.1970563208322,0.070441621801729,6,6,6
15,33,24,26,-487.381779508192,-0.0128917115316043,6,6,7.93725393319377
15,33,24,42,487.381779508192,0.0128917115316043,6,6,7.93725393319377
15,33,24,46,89.1970563208322,0.070441621801729,6,6,6
15,33,38,44,109.178020915896,0.0575499102701247,6,6,9
15,33,42,46,109.178020915896,0.0575499102701247,6,6,9
15,33,44,57,487.381779508192,0.0128917115316043,6,6,7.93725393319377
15,33,46,57,487.381779508192,0.0128917115316043,6,6,7.93725393319377
16,23,2,4,-109.178020915896,-0.0575499102701247,6,6,9
16,23,2,9,487.381779508192,0.0128917115316043,6,6,7.93725393319377
16,23,4,9,89.1970563208322,0.070441621801729,6,6,6
16,23,4,11,-487.381779508192,-0.0128917115316043,6,6,7.93725393319377
16,23,9,12,487.381779508192,0.0128917115316043,6,6,7.93725393319377
16,23,9,21,89.1970563208322,0.070441621801729,6,6,6
16,23,11,25,487.381779508192,0.0128917115316043,6,6,7.93725393319377
16,23,12,21,109.178020915896,0.0575499102701247,6,6,9
16,23,21,39,487.381779508192,0.0128917115316043,6,6,7.93725393319377
16,23,25,34,89.1970563208322,0.070441621801729,6,6,6
16,23,25,47,109.178020915896,0.0575499102701247,6,6,9
16,23,34,45,89.1970563208322,0.070441621801729,6,6,6
16,23,34,47,-487.381779508192,-0.0128917115316043,6,6,7.93725393319377
16,23,34,58,487.381779508192,0.0128917115316043,6,6,7.93725393319377
16,23,39,45,-487.381779508192,-0.0128917115316043,6,6,7.93725393319377
16,23,45,58,-109.178020915896,-0.0575499102701247,6,6,9
16,25,4,6,109.178020915896,0.0575499102701247,6,6,9
16,25,4,9,-487.381779508192,-0.0128917115316043,6,6,7.93725393319377
16,25,4,11,89.1970563208322,0.070441621801729,6,6,6
16,25,6,11,487.381779508192,0.0128917115316043,6,6,7.93725393319377
16,25,9,23,487.381779508192,0.0128917115316043,6,6,7.93725393319377
16,25,11,18,487.381779508192,0.0128917115316043,6,6,7.93725393319377
16,25,11,27,89.1970563208322,0.070441621801729,6,6,6
16,25,18,27,109.178020915896,0.0575499102701247,6,6,9
16,25,23,34,89.1970563208322,0.070441621801729,6,6,6
16,25,23,45,109.178020915896,0.0575499102701247,6,6,9
16,25,27,43,487.381779508192,0.0128917115316043,6,6,7.93725393319377
16,25,34,45,-487.381779508192,-0.0128917115316043,6,6,7.93725393319377
16,25,34,47,89.1970563208322,0.070441621801729,6,6,6
16,25,34,58,487.381779508192,0.0128917115316043,6,6,7.93725393319377
16,25,43,47,-487.381779508192,-0.0128917115316043,6,6,7.93725393319377
16,25,47,58,-109.178020915896,-0.0575499102701247,6,6,9
16,34,4,9,487.381779508192,0.0128917115316043,6,6,7.93725393319377
16,34,4,11,487.381779508192,0.0128917115316043,6,6,7.93725393319377
16,34,9,21,109.178020915896,0.0575499102701247,6,6,9
16,34,9,23,89.1970563208322,0.070441621801729,6,6,6
16,34,11,25,89.1970563208322,0.070441621801729,6,6,6
16,34,11,27,109.178020915896,0.0575499102701247,6,6,9
16,34,21,23,487.381779508192,0.0128917115316043,6,6,7.93725393319377
16,34,23,39,487.381779508192,0.0128917115316043,6,6,7.93725393319377
16,34,23,45,89.1970563208322,0.070441621801729,6,6,6
16,34,25,27,-487.381779508192,-0.0128917115316043,6,6,7.93725393319377
16,34,25,43,487.381779508192,0.0128917115316043,6,6,7.93725393319377
16,34,25,47,89.1970563208322,0.070441621801729,6,6,6
16,34,39,45,109.178020915896,0.0575499102701247,6,6,9
16,34,43,47,109.178020915896,0.0575499102701247,6,6,9
16,34,45,58,487.381779508192,0.0128917115316043,6,6,7.93725393319377
16,34,47,58,487.381779508192,0.0128917115316043,6,6,7.93725393319377
17,26,3,5,-109.178020915896,-0.0575499102701247,6,6,9
17,26,3,10,487.381779508192,0.0128917115316043,6,6,7.93725393319377
17,26,5,10,89.1970563208322,0.070441621801729,6,6,6
17,26,5,13,-487.381779508192,-0.0128917115316043,6,6,7.93725393319377
17,26,10,15,487.381779508192,0.0128917115316043,6,6,7.93725393319377
17,26,10,24,89.1970563208322,0.070441621801729,6,6,6
17,26,13,28,487.381779508192,0.0128917115316043,6,6,7.93725393319377
17,26,15,24,109.178020915896,0.0575499102701247,6,6,9
17,26,24,42,487.381779508192,0.0128917115316043,6,6,7.93725393319377
17,26,28,35,89.1970563208322,0.070441621801729,6,6,6
17,26,28,52,109.178020915896,0.0575499102701247,6,6,9
17,26,35,50,89.1970563208322,0.070441621801729,6,6,6
17,26,35,52,-487.381779508192,-0.0128917115316043,6,6,7.93725393319377
17,26,35,59,487.381779508192,0.0128917115316043,6,6,7.93725393319377
17,26,42,50,-487.381779508192,-0.0128917115316043,6,6,7.93725393319377
17,26,50,59,-109.178020915896,-0.0575499102701247,6,6,9
17,28,5,7,109.178020915896,0.0575499102701247,6,6,9
17,28,5,10,-487.381779508192,-0.0128917115316043,6,6,7.93725393319377
17,28,5,13,89.1970563208322,0.070441621801729,6,6,6
17,28,7,13,487.381779508192,0.0128917115316043,6,6,7.93725393319377
17,28,10,26,487.381779508192,0.0128917115316043,6,6,7.93725393319377
17,28,13,19,487.381779508192,0.0128917115316043,6,6,7.93725393319377
17,28,13,30,89.1970563208322,0.070441621801729,6,6,6
17,28,19,30,109.178020915896,0.0575499102701247,6,6,9
17,28,26,35,89.1970563208322,0.070441621801729,6,6,6
17,28,26,50,109.178020915896,0.0575499102701247,6,6,9
17,28,30,48,487.381779508192,0.0128917115316043,6,6,7.93725393319377
17,28,35,50,-487.381779508192,-0.0128917115316043,6,6,7.93725393319377
17,28,35,52,89.1970563208322,0.070441621801729,6,6,6
17,28,35,59,487.381779508192,0.0128917115316043,6,6,7.93725393319377
17,28,48,52,-487.381779508192,-0.0128917115316043,6,6,7.93725393319377
17,28,52,59,-109.178020915896,-0.0575499102701247,6,6,9
17,35,5,10,487.381779508192,0.0128917115316043,6,6,7.93725393319377
17,35,5,13,487.381779508192,0.0128917115316043,6,6,7.93725393319377
17,35,10,24,109.178020915896,0.0575499102701247,6,6,9
17,35,10,26,89.1970563208322,0.070441621801729,6,6,6
17,35,13,28,89.1970563208322,0.070441621801729,6,6,6
17,35,13,30,109.178020915896,0.0575499102701247,6,6,9
17,35,24,26,487.381779508192,0.0128917115316043,6,6,7.93725393319377
17,35,26,42,487.381779508192,0.0128917115316043,6,6,7.93725393319377
17,35,26,50,89.1970563208322,0.070441621801729,6,6,6
17,35,28,30,-487.381779508192,-0.0128917115316043,6,6,7.93725393319377
17,35,28,48,487.381779508192,0.0128917115316043,6,6,7.93725393319377
17,35,28,52,89.1970563208322,0.070441621801729,6,6,6
17,35,42,50,109.178020915896,0.0575499102701247,6,6,9
17,35,48,52,109.178020915896,0.0575499102701247,6,6,9
17,35,50,59,487.381779508192,0.0128917115316043,6,6,7.93725393319377
17,35,52,59,487.381779508192,0.0128917115316043,6,6,7.93725393319377
18,27,4,6,-109.178020915896,-0.0575499102701247,6,6,9
18,27,4,11,487.381779508192,0.0128917115316043,6,6,7.93725393319377
18,27,6,11,89.1970563208322,0.070441621801729,6,6,6
18,27,6,14,-487.381779508192,-0.0128917115316043,6,6,7.93725393319377
18,27,11,16,487.381779508192,0.0128917115316043,6,6,7.93725393319377
18,27,11,25,89.1970563208322,0.070441621801729,6,6,6
18,27,14,29,487.381779508192,0.0128917115316043,6,6,7.93725393319377
18,27,16,25,109.178020915896,0.0575499102701247,6,6,9
18,27,25,43,487.381779508192,0.0128917115316043,6,6,7.93725393319377
18,27,29,36,89.1970563208322,0.070441621801729,6,6,6
18,27,29,53,109.178020915896,0.0575499102701247,6,6,9
18,27,36,51,89.1970563208322,0.070441621801729,6,6,6
18,27,36,53,-487.381779508192,-0.0128917115316043,6,6,7.93725393319377
18,27,36,60,487.381779508192,0.0128917115316043,6,6,7.93725393319377
18,27,43,51,-487.381779508192,-0.0128917115316043,6,6,7.93725393319377
18,27,51,60,-109.178020915896,-0.0575499102701247,6,6,9
18,29,6,7,109.178020915896,0.0575499102701247,6,6,9
18,29,6,11,-487.381779508192,-0.0128917115316043,6,6,7.93725393319377
18,29,6,14,89.1970563208322,0.070441621801729,6,6,6
18,29,7,14,487.381779508192,0.0128917115316043,6,6,7.93725393319377
18,29,11,27,487.381779508192,0.0128917115316043,6,6,7.93725393319377
18,29,14,19,487.381779508192,0.0128917115316043,6,6,7.93725393319377
18,29,14,31,89.1970563208322,0.070441621801729,6,6,6
18,29,19,31,109.178020915896,0.0575499102701247,6,6,9
18,29,27,36,89.1970563208322,0.070441621801729,6,6,6
18,29,27,51,109.178020915896,0.0575499102701247,6,6,9
18,29,31,49,487.381779508192,0.0128917115316043,6,6,7.93725393319377
18,29,36,51,-487.381779508192,-0.0128917115316043,6,6,7.93725393319377
18,29,36,53,89.1970563208322,0.070441621801729,6,6,6
18,29,36,60,487.381779508192,0.0128917115316043,6,6,7.93725393319377
18,29,49,53,-487.381779508192,-0.0128917115316043,6,6,7.93725393319377
18,29,53,60,-109.178020915896,-0.0575499102701247,6,6,9
18,36,6,11,487.381779508192,0.0128917115316043,6,6,7.93725393319377
18,36,6,14,487.381779508192,0.0128917115316043,6,6,7.93725393319377
18,36,11,25,109.178020915896,0.0575499102701247,6,6,9
18,36,11,27,89.1970563208322,0.070441621801729,6,6,6
18,36,14,29,89.1970563208322,0.070441621801729,6,6,6
18,36,14,31,109.178020915896,0.0575499102701247,6,6,9
18,36,25,27,487.381779508192,0.0128917115316043,6,6,7.93725393319377
18,36,27,43,487.381779508192,0.0128917115316043,6,6,7.93725393319377
18,36,27,51,89.1970563208322,0.070441621801729,6,6,6
18,36,29,31,-487.381779508192,-0.0128917115316043,6,6,7.93725393319377
18,36,29,49,487.381779508192,0.0128917115316043,6,6,7.93725393319377
18,36,29,53,89.1970563208322,0.070441621801729,6,6,6
18,36,43,51,109.178020915896,0.0575499102701247,6,6,9
18,36,49,53,109.178020915896,0.0575499102701247,6,6,9
18,36,51,60,487.381779508192,0.0128917115316043,6,6,7.93725393319377
18,36,53,60,487.381779508192,0.0128917115316043,6,6,7.93725393319377
19,30,5,7,-109.178020915896,-0.0575499102701247,6,6,9
19,30,5,13,487.381779508192,0.0128917115316043,6,6,7.93725393319377
19,30,7,13,89.1970563208322,0.070441621801729,6,6,6
19,30,7,14,-487.381779508192,-0.0128917115316043,6,6,7.93725393319377
19,30,13,17,487.381779508192,0.0128917115316043,6,6,7.93725393319377
19,30,13,28,89.1970563208322,0.070441621801729,6,6,6
19,30,14,31,487.381779508192,0.0128917115316043,6,6,7.93725393319377
19,30,17,28,109.178020915896,0.0575499102701247,6,6,9
19,30,28,48,487.381779508192,0.0128917115316043,6,6,7.93725393319377
19,30,31,37,89.1970563208322,0.070441621801729,6,6,6
19,30,31,55,109.178020915896,0.0575499102701247,6,6,9
19,30,37,54,89.1970563208322,0.070441621801729,6,6,6
19,30,37,55,-487.381779508192,-0.0128917115316043,6,6,7.93725393319377
19,30,37,61,487.381779508192,0.0128917115316043,6,6,7.93725393319377
19,30,48,54,-487.381779508192,-0.0128917115316043,6,6,7.93725393319377
19,30,54,61,-109.178020915896,-0.0575499102701247,6,6,9
19,31,6,7,-109.178020915896,-0.0575499102701247,6,6,9
19,31,6,14,487.381779508192,0.0128917115316043,6,6,7.93725393319377
19,31,7,13,-487.381779508192,-0.0128917115316043,6,6,7.93725393319377
19,31,7,14,89.1970563208322,0.070441621801729,6,6,6
19,31,13,30,487.381779508192,0.0128917115316043,6,6,7.93725393319377
19,31,14,18,487.381779508192,0.0128917115316043,6,6,7.93725393319377
19,31,14,29,89.1970563208322,0.070441621801729,6,6,6
19,31,18,29,109.178020915896,0.0575499102701247,6,6,9
19,31,29,49,487.381779508192,0.0128917115316043,6,6,7.93725393319377
19,31,30,37,89.1970563208322,0.070441621801729,6,6,6
19,31,30,54,109.178020915896,0.0575499102701247,6,6,9
19,31,37,54,-487.381779508192,-0.0128917115316043,6,6,7.93725393319377
19,31,37,55,89.1970563208322,0.070441621801729,6,6,6
19,31,37,61,487.381779508192,0.0128917115316043,6,6,7.93725393319377
19,31,49,55,-487.381779508192,-0.0128917115316043,6,6,7.93725393319377
19,31,55,61,-109.178020915896,-0.0575499102701247,6,6,9
19,37,7,13,487.381779508192,0.0128917115316043,6,6,7.93725393319377
19,37,7,14,487.381779508192,0.0128917115316043,6,6,7.93725393319377
19,37,13,28,109.178020915896,0.0575499102701247,6,6,9
19,37,13,30,89.1970563208322,0.070441621801729,6,6,6
19,37,14,29,109.178020915896,0.0575499102701247,6,6,9
19,37,14,31,89.1970563208322,0.070441621801729,6,6,6
19,37,28,30,487.381779508192,0.0128917115316043,6,6,7.93725393319377
19,37,29,31,487.381779508192,0.0128917115316043,6,6,7.93725393319377
19,37,30,48,487.381779508192,0.0128917115316043,6,6,7.93725393319377
19,37,30,54,89.1970563208322,0.070441621801729,6,6,6
19,37,31,49,487.381779508192,0.0128917115316043,6,6,7.93725393319377
19,37,31,55,89.1970563208322,0.070441621801729,6,6,6
19,37,48,54,109.178020915896,0.0575499102701247,6,6,9
19,37,49,55,109.178020915896,0.0575499102701247,6,6,9
19,37,54,61,487.381779508192,0.0128917115316043,6,6,7.93725393319377
19,37,55,61,487.381779508192,0.0128917115316043,6,6,7.93725393319377
20,22,2,8,487.381779508192,0.0128917115316043,6,6,7.93725393319377
20,22,2,12,-109.178020915896,-0.0575499102701247,6,6,9
20,22,3,8,-487.381779508192,-0.0128917115316043,6,6,7.93725393319377
20,22,3,15,109.178020915896,0.0575499102701247,6,6,9
20,22,8,12,-89.1970563208322,-0.070441621801729,6,6,6
20,22,8,15,89.1970563208322,0.070441621801729,6,6,6
20,22,12,32,-487.381779508192,-0.0128917115316043,6,6,7.93725393319377
20,22,15,33,487.381779508192,0.0128917115316043,6,6,7.93725393319377
20,22,32,40,487.381779508192,0.0128917115316043,6,6,7.93725393319377
20,22,33,44,-487.381779508192,-0.0128917115316043,6,6,7.93725393319377
20,22,38,40,-89.1970563208322,-0.070441621801729,6,6,6
20,22,38,44,89.1970563208322,0.070441621801729,6,6,6
20,32,2,8,-109.178020915896,-0.0575499102701247,6,6,9
20,32,2,12,487.381779508192,0.0128917115316043,6,6,7.93725393319377
20,32,8,12,89.1970563208322,0.070441621801729,6,6,6
20,32,8,22,-487.381779508192,-0.0128917115316043,6,6,7.93725393319377
20,32,9,12,-487.381779508192,-0.0128917115316043,6,6,7.93725393319377
20,32,9,21,109.178020915896,0.0575499102701247,6,6,9
20,32,12,21,89.1970563208322,0.070441621801729,6,6,6
20,32,21,41,487.381779508192,0.0128917115316043,6,6,7.93725393319377
20,32,22,38,487.381779508192,0.0128917115316043,6,6,7.93725393319377
20,32,38,40,89.1970563208322,0.070441621801729,6,6,6
20,32,40,56,89.1970563208322,0.070441621801729,6,6,6
20,32,41,56,-487.381779508192,-0.0128917115316043,6,6,7.93725393319377
20,38,8,12,-487.381779508192,-0.0128917115316043,6,6,7.93725393319377
20,38,8,15,109.178020915896,0.0575499102701247,6,6,9
20,38,8,22,89.1970563208322,0.070441621801729,6,6,6
20,38,12,32,487.381779508192,0.0128917115316043,6,6,7.93725393319377
20,38,15,22,487.381779508192,0.0128917115316043,6,6,7.93725393319377
20,38,22,33,487.381779508192,0.0128917115316043,6,6,7.93725393319377
20,38,22,44,89.1970563208322,0.070441621801729,6,6,6
20,38,32,40,89.1970563208322,0.070441621801729,6,6,6
20,38,32,56,109.178020915896,0.0575499102701247,6,6,9
20,38,33,44,109.178020915896,0.0575499102701247,6,6,9
20,38,40,56,-487.381779508192,-0.0128917115316043,6,6,7.93725393319377
20,40,8,12,487.381779508192,0.0128917115316043,6,6,7.93725393319377
20,40,8,22,487.381779508192,0.0128917115316043,6,6,7.93725393319377
20,40,12,21,109.178020915896,0.0575499102701247,6,6,9
20,40,12,32,89.1970563208322,0.070441621801729,6,6,6
20,40,21,32,487.381779508192,0.0128917115316043,6,6,7.93725393319377
20,40,22,38,89.1970563208322,0.070441621801729,6,6,6
20,40,22,44,109.178020915896,0.0575499102701247,6,6,9
20,40,32,41,487.381779508192,0.0128917115316043,6,6,7.93725393319377
20,40,32,56,89.1970563208322,0.070441621801729,6,6,6
20,40,38,44,-487.381779508192,-0.0128917115316043,6,6,7.93725393319377
20,40,41,56,109.178020915896,0.0575499102701247,6,6,9
21,23,2,9,487.381779508192,0.0128917115316043,6,6,7.93725393319377
21,23,2,12,-109.178020915896,-0.0575499102701247,6,6,9
21,23,4,9,-487.381779508192,-0.0128917115316043,6,6,7.93725393319377
21,23,4,16,109.178020915896,0.0575499102701247,6,6,9
21,23,9,12,-89.1970563208322,-0.070441621801729,6,6,6
21,23,9,16,89.1970563208322,0.070441621801729,6,6,6
21,23,12,32,-487.381779508192,-0.0128917115316043,6,6,7.93725393319377
21,23,16,34,487.381779508192,0.0128917115316043,6,6,7.93725393319377
21,23,32,41,487.381779508192,0.0128917115316043,6,6,7.93725393319377
21,23,34,45,-487.381779508192,-0.0128917115316043,6,6,7.93725393319377
21,23,39,41,-89.1970563208322,-0.070441621801729,6,6,6
21,23,39,45,89.1970563208322,0.070441621801729,6,6,6
21,32,2,9,-109.178020915896,-0.0575499102701247,6,6,9
21,32,2,12,487.381779508192,0.0128917115316043,6,6,7.93725393319377
21,32,8,12,-487.381779508192,-0.0128917115316043,6,6,7.93725393319377
21,32,8,20,109.178020915896,0.0575499102701247,6,6,9
21,32,9,12,89.1970563208322,0.070441621801729,6,6,6
21,32,9,23,-487.381779508192,-0.0128917115316043,6,6,7.93725393319377
21,32,12,20,89.1970563208322,0.070441621801729,6,6,6
21,32,20,40,487.381779508192,0.0128917115316043,6,6,7.93725393319377
21,32,23,39,487.381779508192,0.0128917115316043,6,6,7.93725393319377
21,32,39,41,89.1970563208322,0.070441621801729,6,6,6
21,32,40,56,-487.381779508192,-0.0128917115316043,6,6,7.93725393319377
21,32,41,56,89.1970563208322,0.070441621801729,6,6,6
21,39,9,12,-487.381779508192,-0.0128917115316043,6,6,7.93725393319377
21,39,9,16,109.178020915896,0.0575499102701247,6,6,9
21,39,9,23,89.1970563208322,0.070441621801729,6,6,6
21,39,12,32,487.381779508192,0.0128917115316043,6,6,7.93725393319377
21,39,16,23,487.381779508192,0.0128917115316043,6,6,7.93725393319377
21,39,23,34,487.381779508192,0.0128917115316043,6,6,7.93725393319377
21,39,23,45,89.1970563208322,0.070441621801729,6,6,6
21,39,32,41,89.1970563208322,0.070441621801729,6,6,6
21,39,32,56,109.178020915896,0.0575499102701247,6,6,9
21,39,34,45,109.178020915896,0.0575499102701247,6,6,9
21,39,41,56,-487.381779508192,-0.0128917115316043,6,6,7.93725393319377
21,41,9,12,487.381779508192,0.0128917115316043,6,6,7.93725393319377
21,41,9,23,487.381779508192,0.0128917115316043,6,6,7.93725393319377
21,41,12,20,109.178020915896,0.0575499102701247,6,6,9
21,41,12,32,89.1970563208322,0.070441621801729,6,6,6
21,41,20,32,487.381779508192,0.0128917115316043,6,6,7.93725393319377
21,41,23,39,89.1970563208322,0.070441621801729,6,6,6
21,41,23,45,109.178020915896,0.0575499102701247,6,6,9
21,41,32,40,487.381779508192,0.0128917115316043,6,6,7.93725393319377
21,41,32,56,89.1970563208322,0.070441621801729,6,6,6
21,41,39,45,-487.381779508192,-0.0128917115316043,6,6,7.93725393319377
21,41,40,56,109.178020915896,0.0575499102701247,6,6,9
22,33,3,8,-109.178020915896,-0.0575499102701247,6,6,9
22,33,3,15,487.381779508192,0.0128917115316043,6,6,7.93725393319377
22,33,8,15,89.1970563208322,0.070441621801729,6,6,6
22,33,8,20,-487.381779508192,-0.0128917115316043,6,6,7.93725393319377
22,33,10,15,-487.381779508192,-0.0128917115316043,6,6,7.93725393319377
22,33,10,24,109.178020915896,0.0575499102701247,6,6,9
22,33,15,24,89.1970563208322,0.070441621801729,6,6,6
22,33,20,38,487.381779508192,0.0128917115316043,6,6,7.93725393319377
22,33,24,46,487.381779508192,0.0128917115316043,6,6,7.93725393319377
22,33,38,44,89.1970563208322,0.070441621801729,6,6,6
22,33,44,57,89.1970563208322,0.070441621801729,6,6,6
22,33,46,57,-487.381779508192,-0.0128917115316043,6,6,7.93725393319377
22,38,8,12,109.178020915896,0.0575499102701247,6,6,9
22,38,8,15,-487.381779508192,-0.0128917115316043,6,6,7.93725393319377
22,38,8,20,89.1970563208322,0.070441621801729,6,6,6
22,38,12,20,487.381779508192,0.0128917115316043,6,6,7.93725393319377
22,38,15,33,487.381779508192,0.0128917115316043,6,6,7.93725393319377
22,38,20,32,487.381779508192,0.0128917115316043,6,6,7.93725393319377
22,38,20,40,89.1970563208322,0.070441621801729,6,6,6
22,38,32,40,109.178020915896,0.0575499102701247,6,6,9
22,38,33,44,89.1970563208322,0.070441621801729,6,6,6
22,38,33,57,109.178020915896,0.0575499102701247,6,6,9
22,38,44,57,-487.381779508192,-0.0128917115316043,6,6,7.93725393319377
22,44,8,15,487.381779508192,0.0128917115316043,6,6,7.93725393319377
22,44,8,20,487.381779508192,0.0128917115316043,6,6,7.93725393319377
22,44,15,24,109.178020915896,0.0575499102701247,6,6,9
22,44,15,33,89.1970563208322,0.070441621801729,6,6,6
22,44,20,38,89.1970563208322,0.070441621801729,6,6,6
22,44,20,40,109.178020915896,0.0575499102701247,6,6,9
22,44,24,33,487.381779508192,0.0128917115316043,6,6,7.93725393319377
22,44,33,46,487.381779508192,0.0128917115316043,6,6,7.93725393319377
22,44,33,57,89.1970563208322,0.070441621801729,6,6,6
22,44,38,40,-487.381779508192,-0.0128917115316043,6,6,7.93725393319377
22,44,46,57,109.178020915896,0.0575499102701247,6,6,9
23,34,4,9,-109.178020915896,-0.0575499102701247,6,6,9
23,34,4,16,487.381779508192,0.0128917115316043,6,6,7.93725393319377
23,34,9,16,89.1970563208322,0.070441621801729,6,6,6
23,34,9,21,-487.381779508192,-0.0128917115316043,6,6,7.93725393319377
23,34,11,16,-487.381779508192,-0.0128917115316043,6,6,7.93725393319377
23,34,11,25,109.178020915896,0.0575499102701247,6,6,9
23,34,16,25,89.1970563208322,0.070441621801729,6,6,6
23,34,21,39,487.381779508192,0.0128917115316043,6,6,7.93725393319377
23,34,25,47,487.381779508192,0.0128917115316043,6,6,7.93725393319377
23,34,39,45,89.1970563208322,0.070441621801729,6,6,6
23,34,45,58,89.1970563208322,0.070441621801729,6,6,6
23,34,47,58,-487.381779508192,-0.0128917115316043,6,6,7.93725393319377
23,39,9,12,109.178020915896,0.0575499102701247,6,6,9
23,39,9,16,-487.381779508192,-0.0128917115316043,6,6,7.93725393319377
23,39,9,21,89.1970563208322,0.070441621801729,6,6,6
23,39,12,21,487.381779508192,0.0128917115316043,6,6,7.93725393319377
23,39,16,34,487.381779508192,0.0128917115316043,6,6,7.93725393319377
23,39,21,32,487.381779508192,0.0128917115316043,6,6,7.93725393319377
23,39,21,41,89.1970563208322,0.070441621801729,6,6,6
23,39,32,41,109.178020915896,0.0575499102701247,6,6,9
23,39,34,45,89.1970563208322,0.070441621801729,6,6,6
23,39,34,58,109.178020915896,0.0575499102701247,6,6,9
23,39,45,58,-487.381779508192,-0.0128917115316043,6,6,7.93725393319377
23,45,9,16,487.381779508192,0.0128917115316043,6,6,7.93725393319377
23,45,9,21,487.381779508192,0.0128917115316043,6,6,7.93725393319377
23,45,16,25,109.178020915896,0.0575499102701247,6,6,9
23,45,16,34,89.1970563208322,0.070441621801729,6,6,6
23,45,21,39,89.1970563208322,0.070441621801729,6,6,6
23,45,21,41,109.178020915896,0.0575499102701247,6,6,9
23,45,25,34,487.381779508192,0.0128917115316043,6,6,7.93725393319377
23,45,34,47,487.381779508192,0.0128917115316043,6,6,7.93725393319377
23,45,34,58,89.1970563208322,0.070441621801729,6,6,6
23,45,39,41,-487.381779508192,-0.0128917115316043,6,6,7.93725393319377
23,45,47,58,109.178020915896,0.0575499102701247,6,6,9
24,26,3,10,487.381779508192,0.0128917115316043,6,6,7.93725393319377
24,26,3,15,-109.178020915896,-0.0575499102701247,6,6,9
24,26,5,10,-487.381779508192,-0.0128917115316043,6,6,7.93725393319377
24,26,5,17,109.178020915896,0.0575499102701247,6,6,9
24,26,10,15,-89.1970563208322,-0.070441621801729,6,6,6
24,26,10,17,89.1970563208322,0.070441621801729,6,6,6
24,26,15,33,-487.381779508192,-0.0128917115316043,6,6,7.93725393319377
24,26,17,35,487.381779508192,0.0128917115316043,6,6,7.93725393319377
24,26,33,46,487.381779508192,0.0128917115316043,6,6,7.93725393319377
24,26,35,50,-487.381779508192,-0.0128917115316043,6,6,7.93725393319377
24,26,42,46,-89.1970563208322,-0.070441621801729,6,6,6
24,26,42,50,89.1970563208322,0.070441621801729,6,6,6
24,33,3,10,-109.178020915896,-0.0575499102701247,6,6,9
24,33,3,15,487.381779508192,0.0128917115316043,6,6,7.93725393319377
24,33,8,15,-487.381779508192,-0.0128917115316043,6,6,7.93725393319377
24,33,8,22,109.178020915896,0.0575499102701247,6,6,9
24,33,10,15,89.1970563208322,0.070441621801729,6,6,6
24,33,10,26,-487.381779508192,-0.0128917115316043,6,6,7.93725393319377
24,33,15,22,89.1970563208322,0.070441621801729,6,6,6
24,33,22,44,487.381779508192,0.0128917115316043,6,6,7.93725393319377
24,33,26,42,487.381779508192,0.0128917115316043,6,6,7.93725393319377
24,33,42,46,89.1970563208322,0.070441621801729,6,6,6
24,33,44,57,-487.381779508192,-0.0128917115316043,6,6,7.93725393319377
24,33,46,57,89.1970563208322,0.070441621801729,6,6,6
24,42,10,15,-487.381779508192,-0.0128917115316043,6,6,7.93725393319377
24,42,10,17,109.178020915896,0.0575499102701247,6,6,9
24,42,10,26,89.1970563208322,0.070441621801729,6,6,6
24,42,15,33,487.381779508192,0.0128917115316043,6,6,7.93725393319377
24,42,17,26,487.381779508192,0.0128917115316043,6,6,7.93725393319377
24,42,26,35,487.381779508192,0.0128917115316043,6,6,7.93725393319377
24,42,26,50,89.1970563208322,0.070441621801729,6,6,6
24,42,33,46,89.1970563208322,0.070441621801729,6,6,6
24,42,33,57,109.178020915896,0.0575499102701247,6,6,9
24,42,35,50,109.178020915896,0.0575499102701247,6,6,9
24,42,46,57,-487.381779508192,-0.0128917115316043,6,6,7.93725393319377
24,46,10,15,487.381779508192,0.0128917115316043,6,6,7.93725393319377
24,46,10,26,487.381779508192,0.0128917115316043,6,6,7.93725393319377
24,46,15,22,109.178020915896,0.0575499102701247,6,6,9
24,46,15,33,89.1970563208322,0.070441621801729,6,6,6
24,46,22,33,487.381779508192,0.0128917115316043,6,6,7.93725393319377
24,46,26,42,89.1970563208322,0.070441621801729,6,6,6
24,46,26,50,109.178020915896,0.0575499102701247,6,6,9
24,46,33,44,487.381779508192,0.0128917115316043,6,6,7.93725393319377
24,46,33,57,89.1970563208322,0.070441621801729,6,6,6
24,46,42,50,-487.381779508192,-0.0128917115316043,6,6,7.93725393319377
24,46,44,57,109.178020915896,0.0575499102701247,6,6,9
25,27,4,11,487.381779508192,0.0128917115316043,6,6,7.93725393319377
25,27,4,16,-109.178020915896,-0.0575499102701247,6,6,9
25,27,6,11,-487.381779508192,-0.0128917115316043,6,6,7.93725393319377
25,27,6,18,109.178020915896,0.0575499102701247,6,6,9
25,27,11,16,-89.1970563208322,-0.070441621801729,6,6,6
25,27,11,18,89.1970563208322,0.070441621801729,6,6,6
25,27,16,34,-487.381779508192,-0.0128917115316043,6,6,7.93725393319377
25,27,18,36,487.381779508192,0.0128917115316043,6,6,7.93725393319377
25,27,34,47,487.381779508192,0.0128917115316043,6,6,7.93725393319377
25,27,36,51,-487.381779508192,-0.0128917115316043,6,6,7.93725393319377
25,27,43,47,-89.1970563208322,-0.070441621801729,6,6,6
25,27,43,51,89.1970563208322,0.070441621801729,6,6,6
25,34,4,11,-109.178020915896,-0.0575499102701247,6,6,9
25,34,4,16,487.381779508192,0.0128917115316043,6,6,7.93725393319377
25,34,9,16,-487.381779508192,-0.0128917115316043,6,6,7.93725393319377
25,34,9,23,109.178020915896,0.0575499102701247,6,6,9
25,34,11,16,89.1970563208322,0.070441621801729,6,6,6
25,34,11,27,-487.381779508192,-0.0128917115316043,6,6,7.93725393319377
25,34,16,23,89.1970563208322,0.070441621801729,6,6,6
25,34,23,45,487.381779508192,0.0128917115316043,6,6,7.93725393319377
25,34,27,43,487.381779508192,0.0128917115316043,6,6,7.93725393319377
25,34,43,47,89.1970563208322,0.070441621801729,6,6,6
25,34,45,58,-487.381779508192,-0.0128917115316043,6,6,7.93725393319377
25,34,47,58,89.1970563208322,0.070441621801729,6,6,6
25,43,11,16,-487.381779508192,-0.0128917115316043,6,6,7.93725393319377
25,43,11,18,109.178020915896,0.0575499102701247,6,6,9
25,43,11,27,89.1970563208322,0.070441621801729,6,6,6
25,43,16,34,487.381779508192,0.0128917115316043,6,6,7.93725393319377
25,43,18,27,487.381779508192,0.0128917115316043,6,6,7.93725393319377
25,43,27,36,487.381779508192,0.0128917115316043,6,6,7.93725393319377
25,43,27,51,89.1970563208322,0.070441621801729,6,6,6
25,43,34,47,89.1970563208322,0.070441621801729,6,6,6
25,43,34,58,109.178020915896,0.0575499102701247,6,6,9
25,43,36,51,109.178020915896,0.0575499102701247,6,6,9
25,43,47,58,-487.381779508192,-0.0128917115316043,6,6,7.93725393319377
25,47,11,16,487.381779508192,0.0128917115316043,6,6,7.93725393319377
25,47,11,27,487.381779508192,0.0128917115316043,6,6,7.93725393319377
25,47,16,23,109.178020915896,0.0575499102701247,6,6,9
25,47,16,34,89.1970563208322,0.070441621801729,6,6,6
25,47,23,34,487.381779508192,0.0128917115316043,6,6,7.93725393319377
25,47,27,43,89.1970563208322,0.070441621801729,6,6,6
25,47,27,51,109.178020915896,0.0575499102701247,6,6,9
25,47,34,45,487.381779508192,0.0128917115316043,6,6,7.93725393319377
25,47,34,58,89.1970563208322,0.070441621801729,6,6,6
25,47,43,51,-487.381779508192,-0.0128917115316043,6,6,7.93725393319377
25,47,45,58,109.178020915896,0.0575499102701247,6,6,9
26,35,5,10,-109.178020915896,-0.0575499102701247,6,6,9
26,35,5,17,487.381779508192,0.0128917115316043,6,6,7.93725393319377
26,35,10,17,89.1970563208322,0.070441621801729,6,6,6
26,35,10,24,-487.381779508192,-0.0128917115316043,6,6,7.93725393319377
26,35,13,17,-487.381779508192,-0.0128917115316043,6,6,7.93725393319377
26,35,13,28,109.178020915896,0.0575499102701247,6,6,9
26,35,17,28,89.1970563208322,0.070441621801729,6,6,6
26,35,24,42,487.381779508192,0.0128917115316043,6,6,7.93725393319377
26,35,28,52,487.381779508192,0.0128917115316043,6,6,7.93725393319377
26,35,42,50,89.1970563208322,0.070441621801729,6,6,6
26,35,50,59,89.1970563208322,0.070441621801729,6,6,6
26,35,52,59,-487.381779508192,-0.0128917115316043,6,6,7.93725393319377
26,42,10,15,109.178020915896,0.0575499102701247,6,6,9
26,42,10,17,-487.381779508192,-0.0128917115316043,6,6,7.93725393319377
26,42,10,24,89.1970563208322,0.070441621801729,6,6,6
26,42,15,24,487.381779508192,0.0128917115316043,6,6,7.93725393319377
26,42,17,35,487.381779508192,0.0128917115316043,6,6,7.93725393319377
26,42,24,33,487.381779508192,0.0128917115316043,6,6,7.93725393319377
26,42,24,46,89.1970563208322,0.070441621801729,6,6,6
26,42,33,46,109.178020915896,0.0575499102701247,6,6,9
26,42,35,50,89.1970563208322,0.070441621801729,6,6,6
26,42,35,59,109.178020915896,0.0575499102701247,6,6,9
26,42,50,59,-487.381779508192,-0.0128917115316043,6,6,7.93725393319377
26,50,10,17,487.381779508192,0.0128917115316043,6,6,7.93725393319377
26,50,10,24,487.381779508192,0.0128917115316043,6,6,7.93725393319377
26,50,17,28,109.178020915896,0.0575499102701247,6,6,9
26,50,17,35,89.1970563208322,0.070441621801729,6,6,6
26,50,24,42,89.1970563208322,0.070441621801729,6,6,6
26,50,24,46,109.178020915896,0.0575499102701247,6,6,9
26,50,28,35,487.381779508192,0.0128917115316043,6,6,7.93725393319377
26,50,35,52,487.381779508192,0.0128917115316043,6,6,7.93725393319377
26,50,35,59,89.1970563208322,0.070441621801729,6,6,6
26,50,42,46,-487.381779508192,-0.0128917115316043,6,6,7.93725393319377
26,50,52,59,109.178020915896,0.0575499102701247,6,6,9
27,36,6,11,-109.178020915896,-0.0575499102701247,6,6,9
27,36,6,18,487.381779508192,0.0128917115316043,6,6,7.93725393319377
27,36,11,18,89.1970563208322,0.070441621801729,6,6,6
27,36,11,25,-487.381779508192,-0.0128917115316043,6,6,7.93725393319377
27,36,14,18,-487.381779508192,-0.0128917115316043,6,6,7.93725393319377
27,36,14,29,109.178020915896,0.0575499102701247,6,6,9
27,36,18,29,89.1970563208322,0.070441621801729,6,6,6
27,36,25,43,487.381779508192,0.0128917115316043,6,6,7.93725393319377
27,36,29,53,487.381779508192,0.0128917115316043,6,6,7.93725393319377
27,36,43,51,89.1970563208322,0.070441621801729,6,6,6
27,36,51,60,89.1970563208322,0.070441621801729,6,6,6
27,36,53,60,-487.381779508192,-0.0128917115316043,6,6,7.93725393319377
27,43,11,16,109.178020915896,0.0575499102701247,6,6,9
27,43,11,18,-487.381779508192,-0.0128917115316043,6,6,7.93725393319377
27,43,11,25,89.1970563208322,0.070441621801729,6,6,6
27,43,16,25,487.381779508192,0.0128917115316043,6,6,7.93725393319377
27,43,18,36,487.381779508192,0.0128917115316043,6,6,7.93725393319377
27,43,25,34,487.381779508192,0.0128917115316043,6,6,7.93725393319377
27,43,25,47,89.1970563208322,0.070441621801729,6,6,6
27,43,34,47,109.178020915896,0.0575499102701247,6,6,9
27,43,36,51,89.1970563208322,0.070441621801729,6,6,6
27,43,36,60,109.178020915896,0.0575499102701247,6,6,9
27,43,51,60,-487.381779508192,-0.0128917115316043,6,6,7.93725393319377
27,51,11,18,487.381779508192,0.0128917115316043,6,6,7.93725393319377
27,51,11,25,487.381779508192,0.0128917115316043,6,6,7.93725393319377
27,51,18,29,109.178020915896,0.0575499102701247,6,6,9
27,51,18,36,89.1970563208322,0.070441621801729,6,6,6
27,51,25,43,89.1970563208322,0.070441621801729,6,6,6
27,51,25,47,109.178020915896,0.0575499102701247,6,6,9
27,51,29,36,487.381779508192,0.0128917115316043,6,6,7.93725393319377
27,51,36,53,487.381779508192,0.0128917115316043,6,6,7.93725393319377
27,51,36,60,89.1970563208322,0.070441621801729,6,6,6
27,51,43,47,-487.381779508192,-0.0128917115316043,6,6,7.93725393319377
27,51,53,60,109.178020915896,0.0575499102701247,6,6,9
28,30,5,13,487.381779508192,0.0128917115316043,6,6,7.93725393319377
28,30,5,17,-109.178020915896,-0.0575499102701247,6,6,9
28,30,7,13,-487.381779508192,-0.0128917115316043,6,6,7.93725393319377
28,30,7,19,109.178020915896,0.0575499102701247,6,6,9
28,30,13,17,-89.1970563208322,-0.070441621801729,6,6,6
28,30,13,19,89.1970563208322,0.070441621801729,6,6,6
28,30,17,35,-487.381779508192,-0.0128917115316043,6,6,7.93725393319377
28,30,19,37,487.381779508192,0.0128917115316043,6,6,7.93725393319377
28,30,35,52,487.381779508192,0.0128917115316043,6,6,7.93725393319377
28,30,37,54,-487.381779508192,-0.0128917115316043,6,6,7.93725393319377
28,30,48,52,-89.1970563208322,-0.070441621801729,6,6,6
28,30,48,54,89.1970563208322,0.070441621801729,6,6,6
28,35,5,13,-109.178020915896,-0.0575499102701247,6,6,9
28,35,5,17,487.381779508192,0.0128917115316043,6,6,7.93725393319377
28,35,10,17,-487.381779508192,-0.0128917115316043,6,6,7.93725393319377
28,35,10,26,109.178020915896,0.0575499102701247,6,6,9
28,35,13,17,89.1970563208322,0.070441621801729,6,6,6
28,35,13,30,-487.381779508192,-0.0128917115316043,6,6,7.93725393319377
28,35,17,26,89.1970563208322,0.070441621801729,6,6,6
28,35,26,50,487.381779508192,0.0128917115316043,6,6,7.93725393319377
28,35,30,48,487.381779508192,0.0128917115316043,6,6,7.93725393319377
28,35,48,52,89.1970563208322,0.070441621801729,6,6,6
28,35,50,59,-487.381779508192,-0.0128917115316043,6,6,7.93725393319377
28,35,52,59,89.1970563208322,0.070441621801729,6,6,6
28,48,13,17,-487.381779508192,-0.0128917115316043,6,6,7.93725393319377
28,48,13,19,109.178020915896,0.0575499102701247,6,6,9
28,48,13,30,89.1970563208322,0.070441621801729,6,6,6
28,48,17,35,487.381779508192,0.0128917115316043,6,6,7.93725393319377
28,48,19,30,487.381779508192,0.0128917115316043,6,6,7.93725393319377
28,48,30,37,487.381779508192,0.0128917115316043,6,6,7.93725393319377
28,48,30,54,89.1970563208322,0.070441621801729,6,6,6
28,48,35,52,89.1970563208322,0.070441621801729,6,6,6
28,48,35,59,109.178020915896,0.0575499102701247,6,6,9
28,48,37,54,109.178020915896,0.0575499102701247,6,6,9
28,48,52,59,-487.381779508192,-0.0128917115316043,6,6,7.93725393319377
28,52,13,17,487.381779508192,0.0128917115316043,6,6,7.93725393319377
28,52,13,30,487.381779508192,0.0128917115316043,6,6,7.93725393319377
28,52,17,26,109.178020915896,0.0575499102701247,6,6,9
28,52,17,35,89.1970563208322,0.070441621801729,6,6,6
28,52,26,35,487.381779508192,0.0128917115316043,6,6,7.93725393319377
28,52,30,48,89.1970563208322,0.070441621801729,6,6,6
28,52,30,54,109.178020915896,0.0575499102701247,6,6,9
28,52,35,50,487.381779508192,0.0128917115316043,6,6,7.93725393319377
28,52,35,59,89.1970563208322,0.070441621801729,6,6,6
28,52,48,54,-487.381779508192,-0.0128917115316043,6,6,7.93725393319377
28,52,50,59,109.178020915896,0.0575499102701247,6,6,9
29,31,6,14,487.381779508192,0.0128917115316043,6,6,7.93725393319377
29,31,6,18,-109.178020915896,-0.0575499102701247,6,6,9
29,31,7,14,-487.381779508192,-0.0128917115316043,6,6,7.93725393319377
29,31,7,19,109.178020915896,0.0575499102701247,6,6,9
29,31,14,18,-89.1970563208322,-0.070441621801729,6,6,6
29,31,14,19,89.1970563208322,0.070441621801729,6,6,6
29,31,18,36,-487.381779508192,-0.0128917115316043,6,6,7.93725393319377
29,31,19,37,487.381779508192,0.0128917115316043,6,6,7.93725393319377
29,31,36,53,487.381779508192,0.0128917115316043,6,6,7.93725393319377
29,31,37,55,-487.381779508192,-0.0128917115316043,6,6,7.93725393319377
29,31,49,53,-89.1970563208322,-0.070441621801729,6,6,6
29,31,49,55,89.1970563208322,0.070441621801729,6,6,6
29,36,6,14,-109.178020915896,-0.0575499102701247,6,6,9
29,36,6,18,487.381779508192,0.0128917115316043,6,6,7.93725393319377
29,36,11,18,-487.381779508192,-0.0128917115316043,6,6,7.93725393319377
29,36,11,27,109.178020915896,0.0575499102701247,6,6,9
29,36,14,18,89.1970563208322,0.070441621801729,6,6,6
29,36,14,31,-487.381779508192,-0.0128917115316043,6,6,7.93725393319377
29,36,18,27,89.1970563208322,0.070441621801729,6,6,6
29,36,27,51,487.381779508192,0.0128917115316043,6,6,7.93725393319377
29,36,31,49,487.381779508192,0.0128917115316043,6,6,7.93725393319377
29,36,49,53,89.1970563208322,0.070441621801729,6,6,6
29,36,51,60,-487.381779508192,-0.0128917115316043,6,6,7.93725393319377
29,36,53,60,89.1970563208322,0.070441621801729,6,6,6
29,49,14,18,-487.381779508192,-0.0128917115316043,6,6,7.93725393319377
29,49,14,19,109.178020915896,0.0575499102701247,6,6,9
29,49,14,31,89.1970563208322,0.070441621801729,6,6,6
29,49,18,36,487.381779508192,0.0128917115316043,6,6,7.93725393319377
29,49,19,31,487.381779508192,0.0128917115316043,6,6,7.93725393319377
29,49,31,37,487.381779508192,0.0128917115316043,6,6,7.93725393319377
29,49,31,55,89.1970563208322,0.070441621801729,6,6,6
29,49,36,53,89.1970563208322,0.070441621801729,6,6,6
29,49,36,60,109.178020915896,0.0575499102701247,6,6,9
29,49,37,55,109.178020915896,0.0575499102701247,6,6,9
29,49,53,60,-487.381779508192,-0.0128917115316043,6,6,7.93725393319377
29,53,14,18,487.381779508192,0.0128917115316043,6,6,7.93725393319377
29,53,14,31,487.381779508192,0.0128917115316043,6,6,7.93725393319377
29,53,18,27,109.178020915896,0.0575499102701247,6,6,9
29,53,18,36,89.1970563208322,0.070441621801729,6,6,6
29,53,27,36,487.381779508192,0.0128917115316043,6,6,7.93725393319377
29,53,31,49,89.1970563208322,0.070441621801729,6,6,6
29,53,31,55,109.178020915896,0.0575499102701247,6,6,9
29,53,36,51,487.381779508192,0.0128917115316043,6,6,7.93725393319377
29,53,36,60,89.1970563208322,0.070441621801729,6,6,6
29,53,49,55,-487.381779508192,-0.0128917115316043,6,6,7.93725393319377
29,53,51,60,109.178020915896,0.0575499102701247,6,6,9
30,37,7,13,-109.178020915896,-0.0575499102701247,6,6,9
30,37,7,19,487.381779508192,0.0128917115316043,6,6,7.93725393319377
30,37,13,19,89.1970563208322,0.070441621801729,6,6,6
30,37,13,28,-487.381779508192,-0.0128917115316043,6,6,7.93725393319377
30,37,14,19,-487.381779508192,-0.0128917115316043,6,6,7.93725393319377
30,37,14,31,109.178020915896,0.0575499102701247,6,6,9
30,37,19,31,89.1970563208322,0.070441621801729,6,6,6
30,37,28,48,487.381779508192,0.0128917115316043,6,6,7.93725393319377
30,37,31,55,487.381779508192,0.0128917115316043,6,6,7.93725393319377
30,37,48,54,89.1970563208322,0.070441621801729,6,6,6
30,37,54,61,89.1970563208322,0.070441621801729,6,6,6
30,37,55,61,-487.381779508192,-0.0128917115316043,6,6,7.93725393319377
30,48,13,17,109.178020915896,0.0575499102701247,6,6,9
30,48,13,19,-487.381779508192,-0.0128917115316043,6,6,7.93725393319377
30,48,13,28,89.1970563208322,0.070441621801729,6,6,6
30,48,17,28,487.381779508192,0.0128917115316043,6,6,7.93725393319377
30,48,19,37,487.381779508192,0.0128917115316043,6,6,7.93725393319377
30,48,28,35,487.381779508192,0.0128917115316043,6,6,7.93725393319377
30,48,28,52,89.1970563208322,0.070441621801729,6,6,6
30,48,35,52,109.178020915896,0.0575499102701247,6,6,9
30,48,37,54,89.1970563208322,0.070441621801729,6,6,6
30,48,37,61,109.178020915896,0.0575499102701247,6,6,9
30,48,54,61,-487.381779508192,-0.0128917115316043,6,6,7.93725393319377
30,54,13,19,487.381779508192,0.0128917115316043,6,6,7.93725393319377
30,54,13,28,487.381779508192,0.0128917115316043,6,6,7.93725393319377
30,54,19,31,109.178020915896,0.0575499102701247,6,6,9
30,54,19,37,89.1970563208322,0.070441621801729,6,6,6
30,54,28,48,89.1970563208322,0.070441621801729,6,6,6
30,54,28,52,109.178020915896,0.0575499102701247,6,6,9
30,54,31,37,487.381779508192,0.0128917115316043,6,6,7.93725393319377
30,54,37,55,487.381779508192,0.0128917115316043,6,6,7.93725393319377
30,54,37,61,89.1970563208322,0.070441621801729,6,6,6
30,54,48,52,-487.381779508192,-0.0128917115316043,6,6,7.93725393319377
30,54,55,61,109.178020915896,0.0575499102701247,6,6,9
31,37,7,14,-109.178020915896,-0.0575499102701247,6,6,9
31,37,7,19,487.381779508192,0.0128917115316043,6,6,7.93725393319377
31,37,13,19,-487.381779508192,-0.0128917115316043,6,6,7.93725393319377
31,37,13,30,109.178020915896,0.0575499102701247,6,6,9
31,37,14,19,89.1970563208322,0.070441621801729,6,6,6
31,37,14,29,-487.381779508192,-0.0128917115316043,6,6,7.93725393319377
31,37,19,30,89.1970563208322,0.070441621801729,6,6,6
31,37,29,49,487.381779508192,0.0128917115316043,6,6,7.93725393319377
31,37,30,54,487.381779508192,0.0128917115316043,6,6,7.93725393319377
31,37,49,55,89.1970563208322,0.070441621801729,6,6,6
31,37,54,61,-487.381779508192,-0.0128917115316043,6,6,7.93725393319377
31,37,55,61,89.1970563208322,0.070441621801729,6,6,6
31,49,14,18,109.178020915896,0.0575499102701247,6,6,9
31,49,14,19,-487.381779508192,-0.0128917115316043,6,6,7.93725393319377
31,49,14,29,89.1970563208322,0.070441621801729,6,6,6
31,49,18,29,487.381779508192,0.0128917115316043,6,6,7.93725393319377
31,49,19,37,487.381779508192,0.0128917115316043,6,6,7.93725393319377
31,49,29,36,487.381779508192,0.0128917115316043,6,6,7.93725393319377
31,49,29,53,89.1970563208322,0.070441621801729,6,6,6
31,49,36,53,109.178020915896,0.0575499102701247,6,6,9
31,49,37,55,89.1970563208322,0.070441621801729,6,6,6
31,49,37,61,109.178020915896,0.0575499102701247,6,6,9
31,49,55,61,-487.381779508192,-0.0128917115316043,6,6,7.93725393319377
31,55,14,19,487.381779508192,0.0128917115316043,6,6,7.93725393319377
31,55,14,29,487.381779508192,0.0128917115316043,6,6,7.93725393319377
31,55,19,30,109.178020915896,0.0575499102701247,6,6,9
31,55,19,37,89.1970563208322,0.070441621801729,6,6,6
31,55,29,49,89.1970563208322,0.070441621801729,6,6,6
31,55,29,53,109.178020915896,0.0575499102701247,6,6,9
31,55,30,37,487.381779508192,0.0128917115316043,6,6,7.93725393319377
31,55,37,54,487.381779508192,0.0128917115316043,6,6,7.93725393319377
31,55,37,61,89.1970563208322,0.070441621801729,6,6,6
31,55,49,53,-487.381779508192,-0.0128917115316043,6,6,7.93725393319377
31,55,54,61,109.178020915896,0.0575499102701247,6,6,9
32,40,8,12,-109.178020915896,-0.0575499102701247,6,6,9
32,40,8,20,487.381779508192,0.0128917115316043,6,6,7.93725393319377
32,40,12,20,89.1970563208322,0.070441621801729,6,6,6
32,40,12,21,-487.381779508192,-0.0128917115316043,6,6,7.93725393319377
32,40,20,22,487.381779508192,0.0128917115316043,6,6,7.93725393319377
32,40,20,38,89.1970563208322,0.070441621801729,6,6,6
32,40,21,41,487.381779508192,0.0128917115316043,6,6,7.93725393319377
32,40,22,38,109.178020915896,0.0575499102701247,6,6,9
32,40,41,56,89.1970563208322,0.070441621801729,6,6,6
32,41,9,12,-109.178020915896,-0.0575499102701247,6,6,9
32,41,9,21,487.381779508192,0.0128917115316043,6,6,7.93725393319377
32,41,12,20,-487.381779508192,-0.0128917115316043,6,6,7.93725393319377
32,41,12,21,89.1970563208322,0.070441621801729,6,6,6
32,41,20,40,487.381779508192,0.0128917115316043,6,6,7.93725393319377
32,41,21,23,487.381779508192,0.0128917115316043,6,6,7.93725393319377
32,41,21,39,89.1970563208322,0.070441621801729,6,6,6
32,41,23,39,109.178020915896,0.0575499102701247,6,6,9
32,41,40,56,89.1970563208322,0.070441621801729,6,6,6
32,56,12,20,487.381779508192,0.0128917115316043,6,6,7.93725393319377
32,56,12,21,487.381779508192,0.0128917115316043,6,6,7.93725393319377
32,56,20,38,109.178020915896,0.0575499102701247,6,6,9
32,56,20,40,89.1970563208322,0.070441621801729,6,6,6
32,56,21,39,109.178020915896,0.0575499102701247,6,6,9
32,56,21,41,89.1970563208322,0.070441621801729,6,6,6
32,56,38,40,487.381779508192,0.0128917115316043,6,6,7.93725393319377
32,56,39,41,487.381779508192,0.0128917115316043,6,6,7.93725393319377
33,44,8,15,-109.178020915896,-0.0575499102701247,6,6,9
33,44,8,22,487.381779508192,0.0128917115316043,6,6,7.93725393319377
33,44,15,22,89.1970563208322,0.070441621801729,6,6,6
33,44,15,24,-487.381779508192,-0.0128917115316043,6,6,7.93725393319377
33,44,20,22,-487.381779508192,-0.0128917115316043,6,6,7.93725393319377
33,44,20,38,109.178020915896,0.0575499102701247,6,6,9
33,44,22,38,89.1970563208322,0.070441621801729,6,6,6
33,44,24,46,487.381779508192,0.0128917115316043,6,6,7.93725393319377
33,44,46,57,89.1970563208322,0.070441621801729,6,6,6
33,46,10,15,-109.178020915896,-0.0575499102701247,6,6,9
33,46,10,24,487.381779508192,0.0128917115316043,6,6,7.93725393319377
33,46,15,22,-487.381779508192,-0.0128917115316043,6,6,7.93725393319377
33,46,15,24,89.1970563208322,0.070441621801729,6,6,6
33,46,22,44,487.381779508192,0.0128917115316043,6,6,7.93725393319377
33,46,24,26,487.381779508192,0.0128917115316043,6,6,7.93725393319377
33,46,24,42,89.1970563208322,0.070441621801729,6,6,6
33,46,26,42,109.178020915896,0.0575499102701247,6,6,9
33,46,44,57,89.1970563208322,0.070441621801729,6,6,6
33,57,15,22,487.381779508192,0.0128917115316043,6,6,7.93725393319377
33,57,15,24,487.381779508192,0.0128917115316043,6,6,7.93725393319377
33,57,22,38,109.178020915896,0.0575499102701247,6,6,9
33,57,22,44,89.1970563208322,0.070441621801729,6,6,6
33,57,24,42,109.178020915896,0.0575499102701247,6,6,9
33,57,24,46,89.1970563208322,0.070441621801729,6,6,6
33,57,38,44,487.381779508192,0.0128917115316043,6,6,7.93725393319377
33,57,42,46,487.381779508192,0.0128917115316043,6,6,7.93725393319377
34,45,9,16,-109.178020915896,-0.0575499102701247,6,6,9
34,45,9,23,487.381779508192,0.0128917115316043,6,6,7.93725393319377
34,45,16,23,89.1970563208322,0.070441621801729,6,6,6
34,45,16,25,-487.381779508192,-0.0128917115316043,6,6,7.93725393319377
34,45,21,23,-487.381779508192,-0.0128917115316043,6,6,7.93725393319377
34,45,21,39,109.178020915896,0.0575499102701247,6,6,9
34,45,23,39,89.1970563208322,0.070441621801729,6,6,6
34,45,25,47,487.381779508192,0.0128917115316043,6,6,7.93725393319377
34,45,47,58,89.1970563208322,0.070441621801729,6,6,6
34,47,11,16,-109.178020915896,-0.0575499102701247,6,6,9
34,47,11,25,487.381779508192,0.0128917115316043,6,6,7.93725393319377
34,47,16,23,-487.381779508192,-0.0128917115316043,6,6,7.93725393319377
34,47,16,25,89.1970563208322,0.070441621801729,6,6,6
34,47,23,45,487.381779508192,0.0128917115316043,6,6,7.93725393319377
34,47,25,27,487.381779508192,0.0128917115316043,6,6,7.93725393319377
34,47,25,43,89.1970563208322,0.070441621801729,6,6,6
34,47,27,43,109.178020915896,0.0575499102701247,6,6,9
34,47,45,58,89.1970563208322,0.070441621801729,6,6,6
34,58,16,23,487.381779508192,0.0128917115316043,6,6,7.93725393319377
34,58,16,25,487.381779508192,0.0128917115316043,6,6,7.93725393319377
34,58,23,39,109.178020915896,0.0575499102701247,6,6,9
34,58,23,45,89.1970563208322,0.070441621801729,6,6,6
34,58,25,43,109.178020915896,0.0575499102701247,6,6,9
34,58,25,47,89.1970563208322,0.070441621801729,6,6,6
34,58,39,45,487.381779508192,0.0128917115316043,6,6,7.93725393319377
34,58,43,47,487.381779508192,0.0128917115316043,6,6,7.93725393319377
35,50,10,17,-109.178020915896,-0.0575499102701247,6,6,9
35,50,10,26,487.381779508192,0.0128917115316043,6,6,7.93725393319377
35,50,17,26,89.1970563208322,0.070441621801729,6,6,6
35,50,17,28,-487.381779508192,-0.0128917115316043,6,6,7.93725393319377
35,50,24,26,-487.381779508192,-0.0128917115316043,6,6,7.93725393319377
35,50,24,42,109.178020915896,0.0575499102701247,6,6,9
35,50,26,42,89.1970563208322,0.070441621801729,6,6,6
35,50,28,52,487.381779508192,0.0128917115316043,6,6,7.93725393319377
35,50,52,59,89.1970563208322,0.070441621801729,6,6,6
35,52,13,17,-109.178020915896,-0.0575499102701247,6,6,9
35,52,13,28,487.381779508192,0.0128917115316043,6,6,7.93725393319377
35,52,17,26,-487.381779508192,-0.0128917115316043,6,6,7.93725393319377
35,52,17,28,89.1970563208322,0.070441621801729,6,6,6
35,52,26,50,487.381779508192,0.0128917115316043,6,6,7.93725393319377
35,52,28,30,487.381779508192,0.0128917115316043,6,6,7.93725393319377
35,52,28,48,89.1970563208322,0.070441621801729,6,6,6
35,52,30,48,109.178020915896,0.0575499102701247,6,6,9
35,52,50,59,89.1970563208322,0.070441621801729,6,6,6
35,59,17,26,487.381779508192,0.0128917115316043,6,6,7.93725393319377
35,59,17,28,487.381779508192,0.0128917115316043,6,6,7.93725393319377
35,59,26,42,109.178020915896,0.0575499102701247,6,6,9
35,59,26,50,89.1970563208322,0.070441621801729,6,6,6
35,59,28,48,109.178020915896,0.0575499102701247,6,6,9
35,59,28,52,89.1970563208322,0.070441621801729,6,6,6
35,59,42,50,487.381779508192,0.0128917115316043,6,6,7.93725393319377
35,59,48,52,487.381779508192,0.0128917115316043,6,6,7.93725393319377
36,51,11,18,-109.178020915896,-0.0575499102701247,6,6,9
36,51,11,27,487.381779508192,0.0128917115316043,6,6,7.93725393319377
36,51,18,27,89.1970563208322,0.070441621801729,6,6,6
36,51,18,29,-487.381779508192,-0.0128917115316043,6,6,7.93725393319377
36,51,25,27,-487.381779508192,-0.0128917115316043,6,6,7.93725393319377
36,51,25,43,109.178020915896,0.0575499102701247,6,6,9
36,51,27,43,89.1970563208322,0.070441621801729,6,6,6
36,51,29,53,487.381779508192,0.0128917115316043,6,6,7.93725393319377
36,51,53,60,89.1970563208322,0.070441621801729,6,6,6
36,53,14,18,-109.178020915896,-0.0575499102701247,6,6,9
36,53,14,29,487.381779508192,0.0128917115316043,6,6,7.93725393319377
36,53,18,27,-487.381779508192,-0.0128917115316043,6,6,7.93725393319377
36,53,18,29,89.1970563208322,0.070441621801729,6,6,6
36,53,27,51,487.381779508192,0.0128917115316043,6,6,7.93725393319377
36,53,29,31,487.381779508192,0.0128917115316043,6,6,7.93725393319377
36,53,29,49,89.1970563208322,0.070441621801729,6,6,6
36,53,31,49,109.178020915896,0.0575499102701247,6,6,9
36,53,51,60,89.1970563208322,0.070441621801729,6,6,6
37,54,13,19,-109.178020915896,-0.0575499102701247,6,6,9
37,54,13,30,487.381779508192,0.0128917115316043,6,6,7.93725393319377
37,54,19,30,89.1970563208322,0.070441621801729,6,6,6
37,54,19,31,-487.381779508192,-0.0128917115316043,6,6,7.93725393319377
37,54,28,30,-487.381779508192,-0.0128917115316043,6,6,7.93725393319377
37,54,28,48,109.178020915896,0.0575499102701247,6,6,9
37,54,30,48,89.1970563208322,0.070441621801729,6,6,6
37,54,31,55,487.381779508192,0.0128917115316043,6,6,7.93725393319377
37,54,55,61,89.1970563208322,0.070441621801729,6,6,6
37,55,14,19,-109.178020915896,-0.0575499102701247,6,6,9
37,55,14,31,487.381779508192,0.0128917115316043,6,6,7.93725393319377
37,55,19,30,-487.381779508192,-0.0128917115316043,6,6,7.93725393319377
37,55,19,31,89.1970563208322,0.070441621801729,6,6,6
37,55,29,31,-487.381779508192,-0.0128917115316043,6,6,7.93725393319377
37,55,29,49,109.178020915896,0.0575499102701247,6,6,9
37,55,30,54,487.381779508192,0.0128917115316043,6,6,7.93725393319377
37,55,31,49,89.1970563208322,0.070441621801729,6,6,6
37,55,54,61,89.1970563208322,0.070441621801729,6,6,6
38,40,8,20,487.381779508192,0.0128917115316043,6,6,7.93725393319377
38,40,8,22,-109.178020915896,-0.0575499102701247,6,6,9
38,40,12,20,-487.381779508192,-0.0128917115316043,6,6,7.93725393319377
38,40,12,32,109.178020915896,0.0575499102701247,6,6,9
38,40,20,22,-89.1970563208322,-0.070441621801729,6,6,6
38,40,20,32,89.1970563208322,0.070441621801729,6,6,6
38,40,22,44,-487.381779508192,-0.0128917115316043,6,6,7.93725393319377
38,40,32,56,487.381779508192,0.0128917115316043,6,6,7.93725393319377
38,44,8,20,-109.178020915896,-0.0575499102701247,6,6,9
38,44,8,22,487.381779508192,0.0128917115316043,6,6,7.93725393319377
38,44,15,22,-487.381779508192,-0.0128917115316043,6,6,7.93725393319377
38,44,15,33,109.178020915896,0.0575499102701247,6,6,9
38,44,20,22,89.1970563208322,0.070441621801729,6,6,6
38,44,20,40,-487.381779508192,-0.0128917115316043,6,6,7.93725393319377
38,44,22,33,89.1970563208322,0.070441621801729,6,6,6
38,44,33,57,487.381779508192,0.0128917115316043,6,6,7.93725393319377
39,41,9,21,487.381779508192,0.0128917115316043,6,6,7.93725393319377
39,41,9,23,-109.178020915896,-0.0575499102701247,6,6,9
39,41,12,21,-487.381779508192,-0.0128917115316043,6,6,7.93725393319377
39,41,12,32,109.178020915896,0.0575499102701247,6,6,9
39,41,21,23,-89.1970563208322,-0.070441621801729,6,6,6
39,41,21,32,89.1970563208322,0.070441621801729,6,6,6
39,41,23,45,-487.381779508192,-0.0128917115316043,6,6,7.93725393319377
39,41,32,56,487.381779508192,0.0128917115316043,6,6,7.93725393319377
39,45,9,21,-109.178020915896,-0.0575499102701247,6,6,9
39,45,9,23,487.381779508192,0.0128917115316043,6,6,7.93725393319377
39,45,16,23,-487.381779508192,-0.0128917115316043,6,6,7.93725393319377
39,45,16,34,109.178020915896,0.0575499102701247,6,6,9
39,45,21,23,89.1970563208322,0.070441621801729,6,6,6
39,45,21,41,-487.381779508192,-0.0128917115316043,6,6,7.93725393319377
39,45,23,34,89.1970563208322,0.070441621801729,6,6,6
39,45,34,58,487.381779508192,0.0128917115316043,6,6,7.93725393319377
40,56,12,20,-109.178020915896,-0.0575499102701247,6,6,9
40,56,12,32,487.381779508192,0.0128917115316043,6,6,7.93725393319377
40,56,20,32,89.1970563208322,0.070441621801729,6,6,6
40,56,20,38,-487.381779508192,-0.0128917115316043,6,6,7.93725393319377
40,56,21,32,-487.381779508192,-0.0128917115316043,6,6,7.93725393319377
40,56,21,41,109.178020915896,0.0575499102701247,6,6,9
40,56,32,41,89.1970563208322,0.070441621801729,6,6,6
41,56,12,21,-109.178020915896,-0.0575499102701247,6,6,9
41,56,12,32,487.381779508192,0.0128917115316043,6,6,7.93725393319377
41,56,20,32,-487.381779508192,-0.0128917115316043,6,6,7.93725393319377
41,56,20,40,109.178020915896,0.0575499102701247,6,6,9
41,56,21,32,89.1970563208322,0.070441621801729,6,6,6
41,56,21,39,-487.381779508192,-0.0128917115316043,6,6,7.93725393319377
41,56,32,40,89.1970563208322,0.070441621801729,6,6,6
42,46,10,24,487.381779508192,0.0128917115316043,6,6,7.93725393319377
42,46,10,26,-109.178020915896,-0.0575499102701247,6,6,9
42,46,15,24,-487.381779508192,-0.0128917115316043,6,6,7.93725393319377
42,46,15,33,109.178020915896,0.0575499102701247,6,6,9
42,46,24,26,-89.1970563208322,-0.070441621801729,6,6,6
42,46,24,33,89.1970563208322,0.070441621801729,6,6,6
42,46,26,50,-487.381779508192,-0.0128917115316043,6,6,7.93725393319377
42,46,33,57,487.381779508192,0.0128917115316043,6,6,7.93725393319377
42,50,10,24,-109.178020915896,-0.0575499102701247,6,6,9
42,50,10,26,487.381779508192,0.0128917115316043,6,6,7.93725393319377
42,50,17,26,-487.381779508192,-0.0128917115316043,6,6,7.93725393319377
42,50,17,35,109.178020915896,0.0575499102701247,6,6,9
42,50,24,26,89.1970563208322,0.070441621801729,6,6,6
42,50,24,46,-487.381779508192,-0.0128917115316043,6,6,7.93725393319377
42,50,26,35,89.1970563208322,0.070441621801729,6,6,6
42,50,35,59,487.381779508192,0.0128917115316043,6,6,7.93725393319377
43,47,11,25,487.381779508192,0.0128917115316043,6,6,7.93725393319377
43,47,11,27,-109.178020915896,-0.0575499102701247,6,6,9
43,47,16,25,-487.381779508192,-0.0128917115316043,6,6,7.93725393319377
43,47,16,34,109.178020915896,0.0575499102701247,6,6,9
43,47,25,27,-89.1970563208322,-0.070441621801729,6,6,6
43,47,25,34,89.1970563208322,0.070441621801729,6,6,6
43,47,27,51,-487.381779508192,-0.0128917115316043,6,6,7.93725393319377
43,47,34,58,487.381779508192,0.0128917115316043,6,6,7.93725393319377
43,51,11,25,-109.178020915896,-0.0575499102701247,6,6,9
43,51,11,27,487.381779508192,0.0128917115316043,6,6,7.93725393319377
43,51,18,27,-487.381779508192,-0.0128917115316043,6,6,7.93725393319377
43,51,18,36,109.178020915896,0.0575499102701247,6,6,9
43,51,25,27,89.1970563208322,0.070441621801729,6,6,6
43,51,25,47,-487.381779508192,-0.0128917115316043,6,6,7.93725393319377
43,51,27,36,89.1970563208322,0.070441621801729,6,6,6
43,51,36,60,487.381779508192,0.0128917115316043,6,6,7.93725393319377
44,57,15,22,-109.178020915896,-0.0575499102701247,6,6,9
44,57,15,33,487.381779508192,0.0128917115316043,6,6,7.93725393319377
44,57,22,33,89.1970563208322,0.070441621801729,6,6,6
44,57,22,38,-487.381779508192,-0.0128917115316043,6,6,7.93725393319377
44,57,24,33,-487.381779508192,-0.0128917115316043,6,6,7.93725393319377
44,57,24,46,109.178020915896,0.0575499102701247,6,6,9
44,57,33,46,89.1970563208322,0.070441621801729,6,6,6
45,58,16,23,-109.178020915896,-0.0575499102701247,6,6,9
45,58,16,34,487.381779508192,0.0128917115316043,6,6,7.93725393319377
45,58,23,34,89.1970563208322,0.070441621801729,6,6,6
45,58,23,39,-487.381779508192,-0.0128917115316043,6,6,7.93725393319377
45,58,25,34,-487.381779508192,-0.0128917115316043,6,6,7.93725393319377
45,58,25,47,109.178020915896,0.0575499102701247,6,6,9
45,58,34,47,89.1970563208322,0.070441621801729,6,6,6
46,57,15,24,-109.178020915896,-0.0575499102701247,6,6,9
46,57,15,33,487.381779508192,0.0128917115316043,6,6,7.93725393319377
46,57,22,33,-487.381779508192,-0.0128917115316043,6,6,7.93725393319377
46,57,22,44,109.178020915896,0.0575499102701247,6,6,9
46,57,24,33,89.1970563208322,0.070441621801729,6,6,6
46,57,24,42,-487.381779508192,-0.0128917115316043,6,6,7.93725393319377
46,57,33,44,89.1970563208322,0.070441621801729,6,6,6
47,58,16,25,-109.178020915896,-0.0575499102701247,6,6,9
47,58,16,34,487.381779508192,0.0128917115316043,6,6,7.93725393319377
47,58,23,34,-487.381779508192,-0.0128917115316043,6,6,7.93725393319377
47,58,23,45,109.178020915896,0.0575499102701247,6,6,9
47,58,25,34,89.1970563208322,0.070441621801729,6,6,6
47,58,25,43,-487.381779508192,-0.0128917115316043,6,6,7.93725393319377
47,58,34,45,89.1970563208322,0.070441621801729,6,6,6
48,52,13,28,487.381779508192,0.0128917115316043,6,6,7.93725393319377
48,52,13,30,-109.178020915896,-0.0575499102701247,6,6,9
48,52,17,28,-487.381779508192,-0.0128917115316043,6,6,7.93725393319377
48,52,17,35,109.178020915896,0.0575499102701247,6,6,9
48,52,28,30,-89.1970563208322,-0.070441621801729,6,6,6
48,52,28,35,89.1970563208322,0.070441621801729,6,6,6
48,52,30,54,-487.381779508192,-0.0128917115316043,6,6,7.93725393319377
48,52,35,59,487.381779508192,0.0128917115316043,6,6,7.93725393319377
48,54,13,28,-109.178020915896,-0.0575499102701247,6,6,9
48,54,13,30,487.381779508192,0.0128917115316043,6,6,7.93725393319377
48,54,19,30,-487.381779508192,-0.0128917115316043,6,6,7.93725393319377
48,54,19,37,109.178020915896,0.0575499102701247,6,6,9
48,54,28,30,89.1970563208322,0.070441621801729,6,6,6
48,54,28,52,-487.381779508192,-0.0128917115316043,6,6,7.93725393319377
48,54,30,37,89.1970563208322,0.070441621801729,6,6,6
48,54,37,61,487.381779508192,0.0128917115316043,6,6,7.93725393319377
49,53,14,29,487.381779508192,0.0128917115316043,6,6,7.93725393319377
49,53,14,31,-109.178020915896,-0.0575499102701247,6,6,9
49,53,18,29,-487.381779508192,-0.0128917115316043,6,6,7.93725393319377
49,53,18,36,109.178020915896,0.0575499102701247,6,6,9
49,53,29,31,-89.1970563208322,-0.070441621801729,6,6,6
49,53,29,36,89.1970563208322,0.070441621801729,6,6,6
49,53,31,55,-487.381779508192,-0.0128917115316043,6,6,7.93725393319377
49,53,36,60,487.381779508192,0.0128917115316043,6,6,7.93725393319377
49,55,14,29,-109.178020915896,-0.0575499102701247,6,6,9
49,55,14,31,487.381779508192,0.0128917115316043,6,6,7.93725393319377
49,55,19,31,-487.381779508192,-0.0128917115316043,6,6,7.93725393319377
49,55,19,37,109.178020915896,0.0575499102701247,6,6,9
49,55,29,31,89.1970563208322,0.070441621801729,6,6,6
49,55,29,53,-487.381779508192,-0.0128917115316043,6,6,7.93725393319377
49,55,31,37,89.1970563208322,0.070441621801729,6,6,6
49,55,37,61,487.381779508192,0.0128917115316043,6,6,7.93725393319377
50,59,17,26,-109.178020915896,-0.0575499102701247,6,6,9
50,59,17,35,487.381779508192,0.0128917115316043,6,6,7.93725393319377
50,59,26,35,89.1970563208322,0.070441621801729,6,6,6
50,59,26,42,-487.381779508192,-0.0128917115316043,6,6,7.93725393319377
50,59,28,35,-487.381779508192,-0.0128917115316043,6,6,7.93725393319377
50,59,28,52,109.178020915896,0.0575499102701247,6,6,9
50,59,35,52,89.1970563208322,0.070441621801729,6,6,6
52,59,17,28,-109.178020915896,-0.0575499102701247,6,6,9
52,59,17,35,487.381779508192,0.0128917115316043,6,6,7.93725393319377
52,59,26,35,-487.381779508192,-0.0128917115316043,6,6,7.93725393319377
52,59,26,50,109.178020915896,0.0575499102701247,6,6,9
52,59,28,35,89.1970563208322,0.070441621801729,6,6,6
52,59,28,48,-487.381779508192,-0.0128917115316043,6,6,7.93725393319377
52,59,35,50,89.1970563208322,0.070441621801729,6,6,6
