A,B,M,N,K,geomTerm,distAB,distMN,centroidSep
1,2,3,5,-44.5985281604161,-0.140883243603458,3,3,3
1,2,3,8,44.5985281604161,0.140883243603458,3,3,3
1,2,3,11,-243.690889754096,-0.0257834230632086,3,3,3.96862696659689
1,2,3,13,243.690889754096,0.0257834230632086,3,3,3.96862696659689
1,2,4,6,-44.5985281604161,-0.140883243603458,3,3,3
1,2,4,9,44.5985281604161,0.140883243603458,3,3,3
1,2,4,12,-243.690889754096,-0.0257834230632086,3,3,3.96862696659689
1,2,4,14,243.690889754096,0.0257834230632086,3,3,3.96862696659689
1,2,5,7,-243.690889754096,-0.0257834230632086,3,3,3.96862696659689
1,2,5,11,54.5890104579478,0.115099820540249,3,3,4.5
1,2,6,7,-243.690889754096,-0.0257834230632086,3,3,3.96862696659689
1,2,6,12,54.5890104579478,0.115099820540249,3,3,4.5
1,2,8,10,243.690889754096,0.0257834230632086,3,3,3.96862696659689
1,2,8,13,-54.5890104579478,-0.115099820540249,3,3,4.5
1,2,9,10,243.690889754096,0.0257834230632086,3,3,3.96862696659689
1,2,9,14,-54.5890104579478,-0.115099820540249,3,3,4.5
1,3,2,4,-44.5985281604161,-0.140883243603458,3,3,3
1,3,2,8,44.5985281604161,0.140883243603458,3,3,3
1,3,2,9,-243.690889754096,-0.0257834230632086,3,3,3.96862696659689
1,3,2,10,243.690889754096,0.0257834230632086,3,3,3.96862696659689
1,3,4,6,-243.690889754096,-0.0257834230632086,3,3,3.96862696659689
1,3,4,9,54.5890104579478,0.115099820540249,3,3,4.5
1,3,5,7,-44.5985281604161,-0.140883243603458,3,3,3
1,3,5,11,44.5985281604161,0.140883243603458,3,3,3
1,3,5,15,-243.690889754096,-0.0257834230632086,3,3,3.96862696659689
1,3,5,17,243.690889754096,0.0257834230632086,3,3,3.96862696659689
1,3,6,7,243.690889754096,0.0257834230632086,3,3,3.96862696659689
1,3,7,15,54.5890104579478,0.115099820540249,3,3,4.5
1,3,8,10,-54.5890104579478,-0.115099820540249,3,3,4.5
1,3,8,13,243.690889754096,0.0257834230632086,3,3,3.96862696659689
1,3,11,13,243.690889754096,0.0257834230632086,3,3,3.96862696659689
1,3,11,17,-54.5890104579478,-0.115099820540249,3,3,4.5
1,4,2,3,-44.5985281604161,-0.140883243603458,3,3,3
1,4,2,8,-243.690889754096,-0.0257834230632086,3,3,3.96862696659689
1,4,2,9,44.5985281604161,0.140883243603458,3,3,3
1,4,2,10,243.690889754096,0.0257834230632086,3,3,3.96862696659689
1,4,3,5,-243.690889754096,-0.0257834230632086,3,3,3.96862696659689
1,4,3,8,54.5890104579478,0.115099820540249,3,3,4.5
1,4,5,7,243.690889754096,0.0257834230632086,3,3,3.96862696659689
1,4,6,7,-44.5985281604161,-0.140883243603458,3,3,3
1,4,6,12,44.5985281604161,0.140883243603458,3,3,3
1,4,6,16,-243.690889754096,-0.0257834230632086,3,3,3.96862696659689
1,4,6,18,243.690889754096,0.0257834230632086,3,3,3.96862696659689
1,4,7,16,54.5890104579478,0.115099820540249,3,3,4.5
1,4,9,10,-54.5890104579478,-0.115099820540249,3,3,4.5
1,4,9,14,243.690889754096,0.0257834230632086,3,3,3.96862696659689
1,4,12,14,243.690889754096,0.0257834230632086,3,3,3.96862696659689
1,4,12,18,-54.5890104579478,-0.115099820540249,3,3,4.5
1,5,2,3,44.5985281604161,0.140883243603458,3,3,3
1,5,2,4,-243.690889754096,-0.0257834230632086,3,3,3.96862696659689
1,5,2,8,54.5890104579478,0.115099820540249,3,3,4.5
1,5,3,8,-243.690889754096,-0.0257834230632086,3,3,3.96862696659689
1,5,3,11,44.5985281604161,0.140883243603458,3,3,3
1,5,3,13,243.690889754096,0.0257834230632086,3,3,3.96862696659689
1,5,4,6,243.690889754096,0.0257834230632086,3,3,3.96862696659689
1,5,6,7,44.5985281604161,0.140883243603458,3,3,3
1,5,6,16,54.5890104579478,0.115099820540249,3,3,4.5
1,5,7,15,44.5985281604161,0.140883243603458,3,3,3
1,5,7,16,-243.690889754096,-0.0257834230632086,3,3,3.96862696659689
1,5,7,20,243.690889754096,0.0257834230632086,3,3,3.96862696659689
1,5,11,13,-54.5890104579478,-0.115099820540249,3,3,4.5
1,5,11,17,243.690889754096,0.0257834230632086,3,3,3.96862696659689
1,5,15,17,243.690889754096,0.0257834230632086,3,3,3.96862696659689
1,5,15,20,-54.5890104579478,-0.115099820540249,3,3,4.5
1,6,2,3,-243.690889754096,-0.0257834230632086,3,3,3.96862696659689
1,6,2,4,44.5985281604161,0.140883243603458,3,3,3
1,6,2,9,54.5890104579478,0.115099820540249,3,3,4.5
1,6,3,5,243.690889754096,0.0257834230632086,3,3,3.96862696659689
1,6,4,9,-243.690889754096,-0.0257834230632086,3,3,3.96862696659689
1,6,4,12,44.5985281604161,0.140883243603458,3,3,3
1,6,4,14,243.690889754096,0.0257834230632086,3,3,3.96862696659689
1,6,5,7,44.5985281604161,0.140883243603458,3,3,3
1,6,5,15,54.5890104579478,0.115099820540249,3,3,4.5
1,6,7,15,-243.690889754096,-0.0257834230632086,3,3,3.96862696659689
1,6,7,16,44.5985281604161,0.140883243603458,3,3,3
1,6,7,20,243.690889754096,0.0257834230632086,3,3,3.96862696659689
1,6,12,14,-54.5890104579478,-0.115099820540249,3,3,4.5
1,6,12,18,243.690889754096,0.0257834230632086,3,3,3.96862696659689
1,6,16,18,243.690889754096,0.0257834230632086,3,3,3.96862696659689
1,6,16,20,-54.5890104579478,-0.115099820540249,3,3,4.5
1,7,2,3,243.690889754096,0.0257834230632086,3,3,3.96862696659689
1,7,2,4,243.690889754096,0.0257834230632086,3,3,3.96862696659689
1,7,3,5,44.5985281604161,0.140883243603458,3,3,3
1,7,3,11,54.5890104579478,0.115099820540249,3,3,4.5
1,7,4,6,44.5985281604161,0.140883243603458,3,3,3
1,7,4,12,54.5890104579478,0.115099820540249,3,3,4.5
1,7,5,11,-243.690889754096,-0.0257834230632086,3,3,3.96862696659689
1,7,5,15,44.5985281604161,0.140883243603458,3,3,3
1,7,5,17,243.690889754096,0.0257834230632086,3,3,3.96862696659689
1,7,6,12,-243.690889754096,-0.0257834230632086,3,3,3.96862696659689
1,7,6,16,44.5985281604161,0.140883243603458,3,3,3
1,7,6,18,243.690889754096,0.0257834230632086,3,3,3.96862696659689
1,7,15,17,-54.5890104579478,-0.115099820540249,3,3,4.5
1,7,15,20,243.690889754096,0.0257834230632086,3,3,3.96862696659689
1,7,16,18,-54.5890104579478,-0.115099820540249,3,3,4.5
1,7,16,20,243.690889754096,0.0257834230632086,3,3,3.96862696659689
2,3,1,4,-44.5985281604161,-0.140883243603458,3,3,3
2,3,1,5,44.5985281604161,0.140883243603458,3,3,3
2,3,1,6,-243.690889754096,-0.0257834230632086,3,3,3.96862696659689
2,3,1,7,243.690889754096,0.0257834230632086,3,3,3.96862696659689
2,3,4,6,54.5890104579478,0.115099820540249,3,3,4.5
2,3,4,9,-243.690889754096,-0.0257834230632086,3,3,3.96862696659689
2,3,5,7,-54.5890104579478,-0.115099820540249,3,3,4.5
2,3,5,11,243.690889754096,0.0257834230632086,3,3,3.96862696659689
2,3,8,10,-44.5985281604161,-0.140883243603458,3,3,3
2,3,8,13,44.5985281604161,0.140883243603458,3,3,3
2,3,8,19,-243.690889754096,-0.0257834230632086,3,3,3.96862696659689
2,3,8,22,243.690889754096,0.0257834230632086,3,3,3.96862696659689
2,3,9,10,243.690889754096,0.0257834230632086,3,3,3.96862696659689
2,3,10,19,54.5890104579478,0.115099820540249,3,3,4.5
2,3,11,13,-243.690889754096,-0.0257834230632086,3,3,3.96862696659689
2,3,13,22,-54.5890104579478,-0.115099820540249,3,3,4.5
2,4,1,3,-44.5985281604161,-0.140883243603458,3,3,3
2,4,1,5,-243.690889754096,-0.0257834230632086,3,3,3.96862696659689
2,4,1,6,44.5985281604161,0.140883243603458,3,3,3
2,4,1,7,243.690889754096,0.0257834230632086,3,3,3.96862696659689
2,4,3,5,54.5890104579478,0.115099820540249,3,3,4.5
2,4,3,8,-243.690889754096,-0.0257834230632086,3,3,3.96862696659689
2,4,6,7,-54.5890104579478,-0.115099820540249,3,3,4.5
2,4,6,12,243.690889754096,0.0257834230632086,3,3,3.96862696659689
2,4,8,10,243.690889754096,0.0257834230632086,3,3,3.96862696659689
2,4,9,10,-44.5985281604161,-0.140883243603458,3,3,3
2,4,9,14,44.5985281604161,0.140883243603458,3,3,3
2,4,9,21,-243.690889754096,-0.0257834230632086,3,3,3.96862696659689
2,4,9,23,243.690889754096,0.0257834230632086,3,3,3.96862696659689
2,4,10,21,54.5890104579478,0.115099820540249,3,3,4.5
2,4,12,14,-243.690889754096,-0.0257834230632086,3,3,3.96862696659689
2,4,14,23,-54.5890104579478,-0.115099820540249,3,3,4.5
2,8,1,3,44.5985281604161,0.140883243603458,3,3,3
2,8,1,4,-243.690889754096,-0.0257834230632086,3,3,3.96862696659689
2,8,1,5,54.5890104579478,0.115099820540249,3,3,4.5
2,8,3,5,-243.690889754096,-0.0257834230632086,3,3,3.96862696659689
2,8,3,11,243.690889754096,0.0257834230632086,3,3,3.96862696659689
2,8,3,13,44.5985281604161,0.140883243603458,3,3,3
2,8,4,9,243.690889754096,0.0257834230632086,3,3,3.96862696659689
2,8,9,10,44.5985281604161,0.140883243603458,3,3,3
2,8,9,21,54.5890104579478,0.115099820540249,3,3,4.5
2,8,10,19,44.5985281604161,0.140883243603458,3,3,3
2,8,10,21,-243.690889754096,-0.0257834230632086,3,3,3.96862696659689
2,8,10,26,243.690889754096,0.0257834230632086,3,3,3.96862696659689
2,8,11,13,54.5890104579478,0.115099820540249,3,3,4.5
2,8,13,22,243.690889754096,0.0257834230632086,3,3,3.96862696659689
2,8,19,22,243.690889754096,0.0257834230632086,3,3,3.96862696659689
2,8,19,26,-54.5890104579478,-0.115099820540249,3,3,4.5
2,9,1,3,-243.690889754096,-0.0257834230632086,3,3,3.96862696659689
2,9,1,4,44.5985281604161,0.140883243603458,3,3,3
2,9,1,6,54.5890104579478,0.115099820540249,3,3,4.5
2,9,3,8,243.690889754096,0.0257834230632086,3,3,3.96862696659689
2,9,4,6,-243.690889754096,-0.0257834230632086,3,3,3.96862696659689
2,9,4,12,243.690889754096,0.0257834230632086,3,3,3.96862696659689
2,9,4,14,44.5985281604161,0.140883243603458,3,3,3
2,9,8,10,44.5985281604161,0.140883243603458,3,3,3
2,9,8,19,54.5890104579478,0.115099820540249,3,3,4.5
2,9,10,19,-243.690889754096,-0.0257834230632086,3,3,3.96862696659689
2,9,10,21,44.5985281604161,0.140883243603458,3,3,3
2,9,10,26,243.690889754096,0.0257834230632086,3,3,3.96862696659689
2,9,12,14,54.5890104579478,0.115099820540249,3,3,4.5
2,9,14,23,243.690889754096,0.0257834230632086,3,3,3.96862696659689
2,9,21,23,243.690889754096,0.0257834230632086,3,3,3.96862696659689
2,9,21,26,-54.5890104579478,-0.115099820540249,3,3,4.5
2,10,1,3,243.690889754096,0.0257834230632086,3,3,3.96862696659689
2,10,1,4,243.690889754096,0.0257834230632086,3,3,3.96862696659689
2,10,3,8,44.5985281604161,0.140883243603458,3,3,3
2,10,3,13,54.5890104579478,0.115099820540249,3,3,4.5
2,10,4,9,44.5985281604161,0.140883243603458,3,3,3
2,10,4,14,54.5890104579478,0.115099820540249,3,3,4.5
2,10,8,13,-243.690889754096,-0.0257834230632086,3,3,3.96862696659689
2,10,8,19,44.5985281604161,0.140883243603458,3,3,3
2,10,8,22,243.690889754096,0.0257834230632086,3,3,3.96862696659689
2,10,9,14,-243.690889754096,-0.0257834230632086,3,3,3.96862696659689
2,10,9,21,44.5985281604161,0.140883243603458,3,3,3
2,10,9,23,243.690889754096,0.0257834230632086,3,3,3.96862696659689
2,10,19,22,-54.5890104579478,-0.115099820540249,3,3,4.5
2,10,19,26,243.690889754096,0.0257834230632086,3,3,3.96862696659689
2,10,21,23,-54.5890104579478,-0.115099820540249,3,3,4.5
2,10,21,26,243.690889754096,0.0257834230632086,3,3,3.96862696659689
3,5,1,2,-44.5985281604161,-0.140883243603458,3,3,3
3,5,1,4,-243.690889754096,-0.0257834230632086,3,3,3.96862696659689
3,5,1,6,243.690889754096,0.0257834230632086,3,3,3.96862696659689
3,5,1,7,44.5985281604161,0.140883243603458,3,3,3
3,5,2,4,54.5890104579478,0.115099820540249,3,3,4.5
3,5,2,8,-243.690889754096,-0.0257834230632086,3,3,3.96862696659689
3,5,6,7,54.5890104579478,0.115099820540249,3,3,4.5
3,5,7,15,243.690889754096,0.0257834230632086,3,3,3.96862696659689
3,5,8,13,243.690889754096,0.0257834230632086,3,3,3.96862696659689
3,5,11,13,-44.5985281604161,-0.140883243603458,3,3,3
3,5,11,17,44.5985281604161,0.140883243603458,3,3,3
3,5,11,24,-243.690889754096,-0.0257834230632086,3,3,3.96862696659689
3,5,11,27,243.690889754096,0.0257834230632086,3,3,3.96862696659689
3,5,13,24,54.5890104579478,0.115099820540249,3,3,4.5
3,5,15,17,-243.690889754096,-0.0257834230632086,3,3,3.96862696659689
3,5,17,27,-54.5890104579478,-0.115099820540249,3,3,4.5
3,8,1,2,44.5985281604161,0.140883243603458,3,3,3
3,8,1,4,54.5890104579478,0.115099820540249,3,3,4.5
3,8,1,5,-243.690889754096,-0.0257834230632086,3,3,3.96862696659689
3,8,2,4,-243.690889754096,-0.0257834230632086,3,3,3.96862696659689
3,8,2,9,243.690889754096,0.0257834230632086,3,3,3.96862696659689
3,8,2,10,44.5985281604161,0.140883243603458,3,3,3
3,8,5,11,243.690889754096,0.0257834230632086,3,3,3.96862696659689
3,8,9,10,54.5890104579478,0.115099820540249,3,3,4.5
3,8,10,19,243.690889754096,0.0257834230632086,3,3,3.96862696659689
3,8,11,13,44.5985281604161,0.140883243603458,3,3,3
3,8,11,24,54.5890104579478,0.115099820540249,3,3,4.5
3,8,13,22,44.5985281604161,0.140883243603458,3,3,3
3,8,13,24,-243.690889754096,-0.0257834230632086,3,3,3.96862696659689
3,8,13,29,243.690889754096,0.0257834230632086,3,3,3.96862696659689
3,8,19,22,-243.690889754096,-0.0257834230632086,3,3,3.96862696659689
3,8,22,29,-54.5890104579478,-0.115099820540249,3,3,4.5
3,11,1,2,-243.690889754096,-0.0257834230632086,3,3,3.96862696659689
3,11,1,5,44.5985281604161,0.140883243603458,3,3,3
3,11,1,7,54.5890104579478,0.115099820540249,3,3,4.5
3,11,2,8,243.690889754096,0.0257834230632086,3,3,3.96862696659689
3,11,5,7,-243.690889754096,-0.0257834230632086,3,3,3.96862696659689
3,11,5,15,243.690889754096,0.0257834230632086,3,3,3.96862696659689
3,11,5,17,44.5985281604161,0.140883243603458,3,3,3
3,11,8,13,44.5985281604161,0.140883243603458,3,3,3
3,11,8,22,54.5890104579478,0.115099820540249,3,3,4.5
3,11,13,22,-243.690889754096,-0.0257834230632086,3,3,3.96862696659689
3,11,13,24,44.5985281604161,0.140883243603458,3,3,3
3,11,13,29,243.690889754096,0.0257834230632086,3,3,3.96862696659689
3,11,15,17,54.5890104579478,0.115099820540249,3,3,4.5
3,11,17,27,243.690889754096,0.0257834230632086,3,3,3.96862696659689
3,11,24,27,243.690889754096,0.0257834230632086,3,3,3.96862696659689
3,11,24,29,-54.5890104579478,-0.115099820540249,3,3,4.5
3,13,1,2,243.690889754096,0.0257834230632086,3,3,3.96862696659689
3,13,1,5,243.690889754096,0.0257834230632086,3,3,3.96862696659689
3,13,2,8,44.5985281604161,0.140883243603458,3,3,3
3,13,2,10,54.5890104579478,0.115099820540249,3,3,4.5
3,13,5,11,44.5985281604161,0.140883243603458,3,3,3
3,13,5,17,54.5890104579478,0.115099820540249,3,3,4.5
3,13,8,10,-243.690889754096,-0.0257834230632086,3,3,3.96862696659689
3,13,8,19,243.690889754096,0.0257834230632086,3,3,3.96862696659689
3,13,8,22,44.5985281604161,0.140883243603458,3,3,3
3,13,11,17,-243.690889754096,-0.0257834230632086,3,3,3.96862696659689
3,13,11,24,44.5985281604161,0.140883243603458,3,3,3
3,13,11,27,243.690889754096,0.0257834230632086,3,3,3.96862696659689
3,13,19,22,54.5890104579478,0.115099820540249,3,3,4.5
3,13,22,29,243.690889754096,0.0257834230632086,3,3,3.96862696659689
3,13,24,27,-54.5890104579478,-0.115099820540249,3,3,4.5
3,13,24,29,243.690889754096,0.0257834230632086,3,3,3.96862696659689
4,6,1,2,-44.5985281604161,-0.140883243603458,3,3,3
4,6,1,3,-243.690889754096,-0.0257834230632086,3,3,3.96862696659689
4,6,1,5,243.690889754096,0.0257834230632086,3,3,3.96862696659689
4,6,1,7,44.5985281604161,0.140883243603458,3,3,3
4,6,2,3,54.5890104579478,0.115099820540249,3,3,4.5
4,6,2,9,-243.690889754096,-0.0257834230632086,3,3,3.96862696659689
4,6,5,7,54.5890104579478,0.115099820540249,3,3,4.5
4,6,7,16,243.690889754096,0.0257834230632086,3,3,3.96862696659689
4,6,9,14,243.690889754096,0.0257834230632086,3,3,3.96862696659689
4,6,12,14,-44.5985281604161,-0.140883243603458,3,3,3
4,6,12,18,44.5985281604161,0.140883243603458,3,3,3
4,6,12,25,-243.690889754096,-0.0257834230632086,3,3,3.96862696659689
4,6,12,28,243.690889754096,0.0257834230632086,3,3,3.96862696659689
4,6,14,25,54.5890104579478,0.115099820540249,3,3,4.5
4,6,16,18,-243.690889754096,-0.0257834230632086,3,3,3.96862696659689
4,6,18,28,-54.5890104579478,-0.115099820540249,3,3,4.5
4,9,1,2,44.5985281604161,0.140883243603458,3,3,3
4,9,1,3,54.5890104579478,0.115099820540249,3,3,4.5
4,9,1,6,-243.690889754096,-0.0257834230632086,3,3,3.96862696659689
4,9,2,3,-243.690889754096,-0.0257834230632086,3,3,3.96862696659689
4,9,2,8,243.690889754096,0.0257834230632086,3,3,3.96862696659689
4,9,2,10,44.5985281604161,0.140883243603458,3,3,3
4,9,6,12,243.690889754096,0.0257834230632086,3,3,3.96862696659689
4,9,8,10,54.5890104579478,0.115099820540249,3,3,4.5
4,9,10,21,243.690889754096,0.0257834230632086,3,3,3.96862696659689
4,9,12,14,44.5985281604161,0.140883243603458,3,3,3
4,9,12,25,54.5890104579478,0.115099820540249,3,3,4.5
4,9,14,23,44.5985281604161,0.140883243603458,3,3,3
4,9,14,25,-243.690889754096,-0.0257834230632086,3,3,3.96862696659689
4,9,14,30,243.690889754096,0.0257834230632086,3,3,3.96862696659689
4,9,21,23,-243.690889754096,-0.0257834230632086,3,3,3.96862696659689
4,9,23,30,-54.5890104579478,-0.115099820540249,3,3,4.5
4,12,1,2,-243.690889754096,-0.0257834230632086,3,3,3.96862696659689
4,12,1,6,44.5985281604161,0.140883243603458,3,3,3
4,12,1,7,54.5890104579478,0.115099820540249,3,3,4.5
4,12,2,9,243.690889754096,0.0257834230632086,3,3,3.96862696659689
4,12,6,7,-243.690889754096,-0.0257834230632086,3,3,3.96862696659689
4,12,6,16,243.690889754096,0.0257834230632086,3,3,3.96862696659689
4,12,6,18,44.5985281604161,0.140883243603458,3,3,3
4,12,9,14,44.5985281604161,0.140883243603458,3,3,3
4,12,9,23,54.5890104579478,0.115099820540249,3,3,4.5
4,12,14,23,-243.690889754096,-0.0257834230632086,3,3,3.96862696659689
4,12,14,25,44.5985281604161,0.140883243603458,3,3,3
4,12,14,30,243.690889754096,0.0257834230632086,3,3,3.96862696659689
4,12,16,18,54.5890104579478,0.115099820540249,3,3,4.5
4,12,18,28,243.690889754096,0.0257834230632086,3,3,3.96862696659689
4,12,25,28,243.690889754096,0.0257834230632086,3,3,3.96862696659689
4,12,25,30,-54.5890104579478,-0.115099820540249,3,3,4.5
4,14,1,2,243.690889754096,0.0257834230632086,3,3,3.96862696659689
4,14,1,6,243.690889754096,0.0257834230632086,3,3,3.96862696659689
4,14,2,9,44.5985281604161,0.140883243603458,3,3,3
4,14,2,10,54.5890104579478,0.115099820540249,3,3,4.5
4,14,6,12,44.5985281604161,0.140883243603458,3,3,3
4,14,6,18,54.5890104579478,0.115099820540249,3,3,4.5
4,14,9,10,-243.690889754096,-0.0257834230632086,3,3,3.96862696659689
4,14,9,21,243.690889754096,0.0257834230632086,3,3,3.96862696659689
4,14,9,23,44.5985281604161,0.140883243603458,3,3,3
4,14,12,18,-243.690889754096,-0.0257834230632086,3,3,3.96862696659689
4,14,12,25,44.5985281604161,0.140883243603458,3,3,3
4,14,12,28,243.690889754096,0.0257834230632086,3,3,3.96862696659689
4,14,21,23,54.5890104579478,0.115099820540249,3,3,4.5
4,14,23,30,243.690889754096,0.0257834230632086,3,3,3.96862696659689
4,14,25,28,-54.5890104579478,-0.115099820540249,3,3,4.5
4,14,25,30,243.690889754096,0.0257834230632086,3,3,3.96862696659689
5,7,1,2,-243.690889754096,-0.0257834230632086,3,3,3.96862696659689
5,7,1,3,-44.5985281604161,-0.140883243603458,3,3,3
5,7,1,4,243.690889754096,0.0257834230632086,3,3,3.96862696659689
5,7,1,6,44.5985281604161,0.140883243603458,3,3,3
5,7,2,3,-54.5890104579478,-0.115099820540249,3,3,4.5
5,7,3,11,-243.690889754096,-0.0257834230632086,3,3,3.96862696659689
5,7,4,6,54.5890104579478,0.115099820540249,3,3,4.5
5,7,6,16,243.690889754096,0.0257834230632086,3,3,3.96862696659689
5,7,11,17,243.690889754096,0.0257834230632086,3,3,3.96862696659689
5,7,15,17,-44.5985281604161,-0.140883243603458,3,3,3
5,7,15,20,44.5985281604161,0.140883243603458,3,3,3
5,7,15,31,-243.690889754096,-0.0257834230632086,3,3,3.96862696659689
5,7,15,33,243.690889754096,0.0257834230632086,3,3,3.96862696659689
5,7,16,20,-243.690889754096,-0.0257834230632086,3,3,3.96862696659689
5,7,17,31,54.5890104579478,0.115099820540249,3,3,4.5
5,7,20,33,-54.5890104579478,-0.115099820540249,3,3,4.5
5,11,1,2,54.5890104579478,0.115099820540249,3,3,4.5
5,11,1,3,44.5985281604161,0.140883243603458,3,3,3
5,11,1,7,-243.690889754096,-0.0257834230632086,3,3,3.96862696659689
5,11,2,3,243.690889754096,0.0257834230632086,3,3,3.96862696659689
5,11,3,8,243.690889754096,0.0257834230632086,3,3,3.96862696659689
5,11,3,13,44.5985281604161,0.140883243603458,3,3,3
5,11,7,15,243.690889754096,0.0257834230632086,3,3,3.96862696659689
5,11,8,13,54.5890104579478,0.115099820540249,3,3,4.5
5,11,13,24,243.690889754096,0.0257834230632086,3,3,3.96862696659689
5,11,15,17,44.5985281604161,0.140883243603458,3,3,3
5,11,15,31,54.5890104579478,0.115099820540249,3,3,4.5
5,11,17,27,44.5985281604161,0.140883243603458,3,3,3
5,11,17,31,-243.690889754096,-0.0257834230632086,3,3,3.96862696659689
5,11,17,36,243.690889754096,0.0257834230632086,3,3,3.96862696659689
5,11,24,27,-243.690889754096,-0.0257834230632086,3,3,3.96862696659689
5,11,27,36,-54.5890104579478,-0.115099820540249,3,3,4.5
5,15,1,3,-243.690889754096,-0.0257834230632086,3,3,3.96862696659689
5,15,1,6,54.5890104579478,0.115099820540249,3,3,4.5
5,15,1,7,44.5985281604161,0.140883243603458,3,3,3
5,15,3,11,243.690889754096,0.0257834230632086,3,3,3.96862696659689
5,15,6,7,243.690889754096,0.0257834230632086,3,3,3.96862696659689
5,15,7,16,243.690889754096,0.0257834230632086,3,3,3.96862696659689
5,15,7,20,44.5985281604161,0.140883243603458,3,3,3
5,15,11,17,44.5985281604161,0.140883243603458,3,3,3
5,15,11,27,54.5890104579478,0.115099820540249,3,3,4.5
5,15,16,20,54.5890104579478,0.115099820540249,3,3,4.5
5,15,17,27,-243.690889754096,-0.0257834230632086,3,3,3.96862696659689
5,15,17,31,44.5985281604161,0.140883243603458,3,3,3
5,15,17,36,243.690889754096,0.0257834230632086,3,3,3.96862696659689
5,15,20,33,243.690889754096,0.0257834230632086,3,3,3.96862696659689
5,15,31,33,243.690889754096,0.0257834230632086,3,3,3.96862696659689
5,15,31,36,-54.5890104579478,-0.115099820540249,3,3,4.5
5,17,1,3,243.690889754096,0.0257834230632086,3,3,3.96862696659689
5,17,1,7,243.690889754096,0.0257834230632086,3,3,3.96862696659689
5,17,3,11,44.5985281604161,0.140883243603458,3,3,3
5,17,3,13,54.5890104579478,0.115099820540249,3,3,4.5
5,17,7,15,44.5985281604161,0.140883243603458,3,3,3
5,17,7,20,54.5890104579478,0.115099820540249,3,3,4.5
5,17,11,13,-243.690889754096,-0.0257834230632086,3,3,3.96862696659689
5,17,11,24,243.690889754096,0.0257834230632086,3,3,3.96862696659689
5,17,11,27,44.5985281604161,0.140883243603458,3,3,3
5,17,15,20,-243.690889754096,-0.0257834230632086,3,3,3.96862696659689
5,17,15,31,44.5985281604161,0.140883243603458,3,3,3
5,17,15,33,243.690889754096,0.0257834230632086,3,3,3.96862696659689
5,17,24,27,54.5890104579478,0.115099820540249,3,3,4.5
5,17,27,36,243.690889754096,0.0257834230632086,3,3,3.96862696659689
5,17,31,33,-54.5890104579478,-0.115099820540249,3,3,4.5
5,17,31,36,243.690889754096,0.0257834230632086,3,3,3.96862696659689
6,7,1,2,-243.690889754096,-0.0257834230632086,3,3,3.96862696659689
6,7,1,3,243.690889754096,0.0257834230632086,3,3,3.96862696659689
6,7,1,4,-44.5985281604161,-0.140883243603458,3,3,3
6,7,1,5,44.5985281604161,0.140883243603458,3,3,3
6,7,2,4,-54.5890104579478,-0.115099820540249,3,3,4.5
6,7,3,5,54.5890104579478,0.115099820540249,3,3,4.5
6,7,4,12,-243.690889754096,-0.0257834230632086,3,3,3.96862696659689
6,7,5,15,243.690889754096,0.0257834230632086,3,3,3.96862696659689
6,7,12,18,243.690889754096,0.0257834230632086,3,3,3.96862696659689
6,7,15,20,-243.690889754096,-0.0257834230632086,3,3,3.96862696659689
6,7,16,18,-44.5985281604161,-0.140883243603458,3,3,3
6,7,16,20,44.5985281604161,0.140883243603458,3,3,3
6,7,16,32,-243.690889754096,-0.0257834230632086,3,3,3.96862696659689
6,7,16,34,243.690889754096,0.0257834230632086,3,3,3.96862696659689
6,7,18,32,54.5890104579478,0.115099820540249,3,3,4.5
6,7,20,34,-54.5890104579478,-0.115099820540249,3,3,4.5
6,12,1,2,54.5890104579478,0.115099820540249,3,3,4.5
6,12,1,4,44.5985281604161,0.140883243603458,3,3,3
6,12,1,7,-243.690889754096,-0.0257834230632086,3,3,3.96862696659689
6,12,2,4,243.690889754096,0.0257834230632086,3,3,3.96862696659689
6,12,4,9,243.690889754096,0.0257834230632086,3,3,3.96862696659689
6,12,4,14,44.5985281604161,0.140883243603458,3,3,3
6,12,7,16,243.690889754096,0.0257834230632086,3,3,3.96862696659689
6,12,9,14,54.5890104579478,0.115099820540249,3,3,4.5
6,12,14,25,243.690889754096,0.0257834230632086,3,3,3.96862696659689
6,12,16,18,44.5985281604161,0.140883243603458,3,3,3
6,12,16,32,54.5890104579478,0.115099820540249,3,3,4.5
6,12,18,28,44.5985281604161,0.140883243603458,3,3,3
6,12,18,32,-243.690889754096,-0.0257834230632086,3,3,3.96862696659689
6,12,18,37,243.690889754096,0.0257834230632086,3,3,3.96862696659689
6,12,25,28,-243.690889754096,-0.0257834230632086,3,3,3.96862696659689
6,12,28,37,-54.5890104579478,-0.115099820540249,3,3,4.5
6,16,1,4,-243.690889754096,-0.0257834230632086,3,3,3.96862696659689
6,16,1,5,54.5890104579478,0.115099820540249,3,3,4.5
6,16,1,7,44.5985281604161,0.140883243603458,3,3,3
6,16,4,12,243.690889754096,0.0257834230632086,3,3,3.96862696659689
6,16,5,7,243.690889754096,0.0257834230632086,3,3,3.96862696659689
6,16,7,15,243.690889754096,0.0257834230632086,3,3,3.96862696659689
6,16,7,20,44.5985281604161,0.140883243603458,3,3,3
6,16,12,18,44.5985281604161,0.140883243603458,3,3,3
6,16,12,28,54.5890104579478,0.115099820540249,3,3,4.5
6,16,15,20,54.5890104579478,0.115099820540249,3,3,4.5
6,16,18,28,-243.690889754096,-0.0257834230632086,3,3,3.96862696659689
6,16,18,32,44.5985281604161,0.140883243603458,3,3,3
6,16,18,37,243.690889754096,0.0257834230632086,3,3,3.96862696659689
6,16,20,34,243.690889754096,0.0257834230632086,3,3,3.96862696659689
6,16,32,34,243.690889754096,0.0257834230632086,3,3,3.96862696659689
6,16,32,37,-54.5890104579478,-0.115099820540249,3,3,4.5
6,18,1,4,243.690889754096,0.0257834230632086,3,3,3.96862696659689
6,18,1,7,243.690889754096,0.0257834230632086,3,3,3.96862696659689
6,18,4,12,44.5985281604161,0.140883243603458,3,3,3
6,18,4,14,54.5890104579478,0.115099820540249,3,3,4.5
6,18,7,16,44.5985281604161,0.140883243603458,3,3,3
6,18,7,20,54.5890104579478,0.115099820540249,3,3,4.5
6,18,12,14,-243.690889754096,-0.0257834230632086,3,3,3.96862696659689
6,18,12,25,243.690889754096,0.0257834230632086,3,3,3.96862696659689
6,18,12,28,44.5985281604161,0.140883243603458,3,3,3
6,18,16,20,-243.690889754096,-0.0257834230632086,3,3,3.96862696659689
6,18,16,32,44.5985281604161,0.140883243603458,3,3,3
6,18,16,34,243.690889754096,0.0257834230632086,3,3,3.96862696659689
6,18,25,28,54.5890104579478,0.115099820540249,3,3,4.5
6,18,28,37,243.690889754096,0.0257834230632086,3,3,3.96862696659689
6,18,32,34,-54.5890104579478,-0.115099820540249,3,3,4.5
6,18,32,37,243.690889754096,0.0257834230632086,3,3,3.96862696659689
7,15,1,3,54.5890104579478,0.115099820540249,3,3,4.5
7,15,1,5,44.5985281604161,0.140883243603458,3,3,3
7,15,1,6,-243.690889754096,-0.0257834230632086,3,3,3.96862696659689
7,15,3,5,243.690889754096,0.0257834230632086,3,3,3.96862696659689
7,15,5,11,243.690889754096,0.0257834230632086,3,3,3.96862696659689
7,15,5,17,44.5985281604161,0.140883243603458,3,3,3
7,15,6,16,243.690889754096,0.0257834230632086,3,3,3.96862696659689
7,15,11,17,54.5890104579478,0.115099820540249,3,3,4.5
7,15,16,20,44.5985281604161,0.140883243603458,3,3,3
7,15,16,34,54.5890104579478,0.115099820540249,3,3,4.5
7,15,17,31,243.690889754096,0.0257834230632086,3,3,3.96862696659689
7,15,20,33,44.5985281604161,0.140883243603458,3,3,3
7,15,20,34,-243.690889754096,-0.0257834230632086,3,3,3.96862696659689
7,15,20,41,243.690889754096,0.0257834230632086,3,3,3.96862696659689
7,15,31,33,-243.690889754096,-0.0257834230632086,3,3,3.96862696659689
7,15,33,41,-54.5890104579478,-0.115099820540249,3,3,4.5
7,16,1,4,54.5890104579478,0.115099820540249,3,3,4.5
7,16,1,5,-243.690889754096,-0.0257834230632086,3,3,3.96862696659689
7,16,1,6,44.5985281604161,0.140883243603458,3,3,3
7,16,4,6,243.690889754096,0.0257834230632086,3,3,3.96862696659689
7,16,5,15,243.690889754096,0.0257834230632086,3,3,3.96862696659689
7,16,6,12,243.690889754096,0.0257834230632086,3,3,3.96862696659689
7,16,6,18,44.5985281604161,0.140883243603458,3,3,3
7,16,12,18,54.5890104579478,0.115099820540249,3,3,4.5
7,16,15,20,44.5985281604161,0.140883243603458,3,3,3
7,16,15,33,54.5890104579478,0.115099820540249,3,3,4.5
7,16,18,32,243.690889754096,0.0257834230632086,3,3,3.96862696659689
7,16,20,33,-243.690889754096,-0.0257834230632086,3,3,3.96862696659689
7,16,20,34,44.5985281604161,0.140883243603458,3,3,3
7,16,20,41,243.690889754096,0.0257834230632086,3,3,3.96862696659689
7,16,32,34,-243.690889754096,-0.0257834230632086,3,3,3.96862696659689
7,16,34,41,-54.5890104579478,-0.115099820540249,3,3,4.5
7,20,1,5,243.690889754096,0.0257834230632086,3,3,3.96862696659689
7,20,1,6,243.690889754096,0.0257834230632086,3,3,3.96862696659689
7,20,5,15,44.5985281604161,0.140883243603458,3,3,3
7,20,5,17,54.5890104579478,0.115099820540249,3,3,4.5
7,20,6,16,44.5985281604161,0.140883243603458,3,3,3
7,20,6,18,54.5890104579478,0.115099820540249,3,3,4.5
7,20,15,17,-243.690889754096,-0.0257834230632086,3,3,3.96862696659689
7,20,15,31,243.690889754096,0.0257834230632086,3,3,3.96862696659689
7,20,15,33,44.5985281604161,0.140883243603458,3,3,3
7,20,16,18,-243.690889754096,-0.0257834230632086,3,3,3.96862696659689
7,20,16,32,243.690889754096,0.0257834230632086,3,3,3.96862696659689
7,20,16,34,44.5985281604161,0.140883243603458,3,3,3
7,20,31,33,54.5890104579478,0.115099820540249,3,3,4.5
7,20,32,34,54.5890104579478,0.115099820540249,3,3,4.5
7,20,33,41,243.690889754096,0.0257834230632086,3,3,3.96862696659689
7,20,34,41,243.690889754096,0.0257834230632086,3,3,3.96862696659689
8,10,1,2,243.690889754096,0.0257834230632086,3,3,3.96862696659689
8,10,1,3,-54.5890104579478,-0.115099820540249,3,3,4.5
8,10,2,3,-44.5985281604161,-0.140883243603458,3,3,3
8,10,2,4,243.690889754096,0.0257834230632086,3,3,3.96862696659689
8,10,2,9,44.5985281604161,0.140883243603458,3,3,3
8,10,3,13,-243.690889754096,-0.0257834230632086,3,3,3.96862696659689
8,10,4,9,54.5890104579478,0.115099820540249,3,3,4.5
8,10,9,21,243.690889754096,0.0257834230632086,3,3,3.96862696659689
8,10,13,22,243.690889754096,0.0257834230632086,3,3,3.96862696659689
8,10,19,22,-44.5985281604161,-0.140883243603458,3,3,3
8,10,19,26,44.5985281604161,0.140883243603458,3,3,3
8,10,19,35,-243.690889754096,-0.0257834230632086,3,3,3.96862696659689
8,10,19,39,243.690889754096,0.0257834230632086,3,3,3.96862696659689
8,10,21,26,-243.690889754096,-0.0257834230632086,3,3,3.96862696659689
8,10,22,35,54.5890104579478,0.115099820540249,3,3,4.5
8,10,26,39,-54.5890104579478,-0.115099820540249,3,3,4.5
8,13,1,2,-54.5890104579478,-0.115099820540249,3,3,4.5
8,13,1,3,243.690889754096,0.0257834230632086,3,3,3.96862696659689
8,13,2,3,44.5985281604161,0.140883243603458,3,3,3
8,13,2,10,-243.690889754096,-0.0257834230632086,3,3,3.96862696659689
8,13,3,5,243.690889754096,0.0257834230632086,3,3,3.96862696659689
8,13,3,11,44.5985281604161,0.140883243603458,3,3,3
8,13,5,11,54.5890104579478,0.115099820540249,3,3,4.5
8,13,10,19,243.690889754096,0.0257834230632086,3,3,3.96862696659689
8,13,11,24,243.690889754096,0.0257834230632086,3,3,3.96862696659689
8,13,19,22,44.5985281604161,0.140883243603458,3,3,3
8,13,19,35,54.5890104579478,0.115099820540249,3,3,4.5
8,13,22,29,44.5985281604161,0.140883243603458,3,3,3
8,13,22,35,-243.690889754096,-0.0257834230632086,3,3,3.96862696659689
8,13,22,42,243.690889754096,0.0257834230632086,3,3,3.96862696659689
8,13,24,29,-243.690889754096,-0.0257834230632086,3,3,3.96862696659689
8,13,29,42,-54.5890104579478,-0.115099820540249,3,3,4.5
8,19,2,3,-243.690889754096,-0.0257834230632086,3,3,3.96862696659689
8,19,2,9,54.5890104579478,0.115099820540249,3,3,4.5
8,19,2,10,44.5985281604161,0.140883243603458,3,3,3
8,19,3,13,243.690889754096,0.0257834230632086,3,3,3.96862696659689
8,19,9,10,243.690889754096,0.0257834230632086,3,3,3.96862696659689
8,19,10,21,243.690889754096,0.0257834230632086,3,3,3.96862696659689
8,19,10,26,44.5985281604161,0.140883243603458,3,3,3
8,19,13,22,44.5985281604161,0.140883243603458,3,3,3
8,19,13,29,54.5890104579478,0.115099820540249,3,3,4.5
8,19,21,26,54.5890104579478,0.115099820540249,3,3,4.5
8,19,22,29,-243.690889754096,-0.0257834230632086,3,3,3.96862696659689
8,19,22,35,44.5985281604161,0.140883243603458,3,3,3
8,19,22,42,243.690889754096,0.0257834230632086,3,3,3.96862696659689
8,19,26,39,243.690889754096,0.0257834230632086,3,3,3.96862696659689
8,19,35,39,243.690889754096,0.0257834230632086,3,3,3.96862696659689
8,19,35,42,-54.5890104579478,-0.115099820540249,3,3,4.5
8,22,2,3,243.690889754096,0.0257834230632086,3,3,3.96862696659689
8,22,2,10,243.690889754096,0.0257834230632086,3,3,3.96862696659689
8,22,3,11,54.5890104579478,0.115099820540249,3,3,4.5
8,22,3,13,44.5985281604161,0.140883243603458,3,3,3
8,22,10,19,44.5985281604161,0.140883243603458,3,3,3
8,22,10,26,54.5890104579478,0.115099820540249,3,3,4.5
8,22,11,13,243.690889754096,0.0257834230632086,3,3,3.96862696659689
8,22,13,24,243.690889754096,0.0257834230632086,3,3,3.96862696659689
8,22,13,29,44.5985281604161,0.140883243603458,3,3,3
8,22,19,26,-243.690889754096,-0.0257834230632086,3,3,3.96862696659689
8,22,19,35,44.5985281604161,0.140883243603458,3,3,3
8,22,19,39,243.690889754096,0.0257834230632086,3,3,3.96862696659689
8,22,24,29,54.5890104579478,0.115099820540249,3,3,4.5
8,22,29,42,243.690889754096,0.0257834230632086,3,3,3.96862696659689
8,22,35,39,-54.5890104579478,-0.115099820540249,3,3,4.5
8,22,35,42,243.690889754096,0.0257834230632086,3,3,3.96862696659689
9,10,1,2,243.690889754096,0.0257834230632086,3,3,3.96862696659689
9,10,1,4,-54.5890104579478,-0.115099820540249,3,3,4.5
9,10,2,3,243.690889754096,0.0257834230632086,3,3,3.96862696659689
9,10,2,4,-44.5985281604161,-0.140883243603458,3,3,3
9,10,2,8,44.5985281604161,0.140883243603458,3,3,3
9,10,3,8,54.5890104579478,0.115099820540249,3,3,4.5
9,10,4,14,-243.690889754096,-0.0257834230632086,3,3,3.96862696659689
9,10,8,19,243.690889754096,0.0257834230632086,3,3,3.96862696659689
9,10,14,23,243.690889754096,0.0257834230632086,3,3,3.96862696659689
9,10,19,26,-243.690889754096,-0.0257834230632086,3,3,3.96862696659689
9,10,21,23,-44.5985281604161,-0.140883243603458,3,3,3
9,10,21,26,44.5985281604161,0.140883243603458,3,3,3
9,10,21,38,-243.690889754096,-0.0257834230632086,3,3,3.96862696659689
9,10,21,40,243.690889754096,0.0257834230632086,3,3,3.96862696659689
9,10,23,38,54.5890104579478,0.115099820540249,3,3,4.5
9,10,26,40,-54.5890104579478,-0.115099820540249,3,3,4.5
9,14,1,2,-54.5890104579478,-0.115099820540249,3,3,4.5
9,14,1,4,243.690889754096,0.0257834230632086,3,3,3.96862696659689
9,14,2,4,44.5985281604161,0.140883243603458,3,3,3
9,14,2,10,-243.690889754096,-0.0257834230632086,3,3,3.96862696659689
9,14,4,6,243.690889754096,0.0257834230632086,3,3,3.96862696659689
9,14,4,12,44.5985281604161,0.140883243603458,3,3,3
9,14,6,12,54.5890104579478,0.115099820540249,3,3,4.5
9,14,10,21,243.690889754096,0.0257834230632086,3,3,3.96862696659689
9,14,12,25,243.690889754096,0.0257834230632086,3,3,3.96862696659689
9,14,21,23,44.5985281604161,0.140883243603458,3,3,3
9,14,21,38,54.5890104579478,0.115099820540249,3,3,4.5
9,14,23,30,44.5985281604161,0.140883243603458,3,3,3
9,14,23,38,-243.690889754096,-0.0257834230632086,3,3,3.96862696659689
9,14,23,43,243.690889754096,0.0257834230632086,3,3,3.96862696659689
9,14,25,30,-243.690889754096,-0.0257834230632086,3,3,3.96862696659689
9,14,30,43,-54.5890104579478,-0.115099820540249,3,3,4.5
9,21,2,4,-243.690889754096,-0.0257834230632086,3,3,3.96862696659689
9,21,2,8,54.5890104579478,0.115099820540249,3,3,4.5
9,21,2,10,44.5985281604161,0.140883243603458,3,3,3
9,21,4,14,243.690889754096,0.0257834230632086,3,3,3.96862696659689
9,21,8,10,243.690889754096,0.0257834230632086,3,3,3.96862696659689
9,21,10,19,243.690889754096,0.0257834230632086,3,3,3.96862696659689
9,21,10,26,44.5985281604161,0.140883243603458,3,3,3
9,21,14,23,44.5985281604161,0.140883243603458,3,3,3
9,21,14,30,54.5890104579478,0.115099820540249,3,3,4.5
9,21,19,26,54.5890104579478,0.115099820540249,3,3,4.5
9,21,23,30,-243.690889754096,-0.0257834230632086,3,3,3.96862696659689
9,21,23,38,44.5985281604161,0.140883243603458,3,3,3
9,21,23,43,243.690889754096,0.0257834230632086,3,3,3.96862696659689
9,21,26,40,243.690889754096,0.0257834230632086,3,3,3.96862696659689
9,21,38,40,243.690889754096,0.0257834230632086,3,3,3.96862696659689
9,21,38,43,-54.5890104579478,-0.115099820540249,3,3,4.5
9,23,2,4,243.690889754096,0.0257834230632086,3,3,3.96862696659689
9,23,2,10,243.690889754096,0.0257834230632086,3,3,3.96862696659689
9,23,4,12,54.5890104579478,0.115099820540249,3,3,4.5
9,23,4,14,44.5985281604161,0.140883243603458,3,3,3
9,23,10,21,44.5985281604161,0.140883243603458,3,3,3
9,23,10,26,54.5890104579478,0.115099820540249,3,3,4.5
9,23,12,14,243.690889754096,0.0257834230632086,3,3,3.96862696659689
9,23,14,25,243.690889754096,0.0257834230632086,3,3,3.96862696659689
9,23,14,30,44.5985281604161,0.140883243603458,3,3,3
9,23,21,26,-243.690889754096,-0.0257834230632086,3,3,3.96862696659689
9,23,21,38,44.5985281604161,0.140883243603458,3,3,3
9,23,21,40,243.690889754096,0.0257834230632086,3,3,3.96862696659689
9,23,25,30,54.5890104579478,0.115099820540249,3,3,4.5
9,23,30,43,243.690889754096,0.0257834230632086,3,3,3.96862696659689
9,23,38,40,-54.5890104579478,-0.115099820540249,3,3,4.5
9,23,38,43,243.690889754096,0.0257834230632086,3,3,3.96862696659689
10,19,2,3,54.5890104579478,0.115099820540249,3,3,4.5
10,19,2,8,44.5985281604161,0.140883243603458,3,3,3
10,19,2,9,-243.690889754096,-0.0257834230632086,3,3,3.96862696659689
10,19,3,8,243.690889754096,0.0257834230632086,3,3,3.96862696659689
10,19,8,13,243.690889754096,0.0257834230632086,3,3,3.96862696659689
10,19,8,22,44.5985281604161,0.140883243603458,3,3,3
10,19,9,21,243.690889754096,0.0257834230632086,3,3,3.96862696659689
10,19,13,22,54.5890104579478,0.115099820540249,3,3,4.5
10,19,21,26,44.5985281604161,0.140883243603458,3,3,3
10,19,21,40,54.5890104579478,0.115099820540249,3,3,4.5
10,19,22,35,243.690889754096,0.0257834230632086,3,3,3.96862696659689
10,19,26,39,44.5985281604161,0.140883243603458,3,3,3
10,19,26,40,-243.690889754096,-0.0257834230632086,3,3,3.96862696659689
10,19,26,48,243.690889754096,0.0257834230632086,3,3,3.96862696659689
10,19,35,39,-243.690889754096,-0.0257834230632086,3,3,3.96862696659689
10,19,39,48,-54.5890104579478,-0.115099820540249,3,3,4.5
10,21,2,4,54.5890104579478,0.115099820540249,3,3,4.5
10,21,2,8,-243.690889754096,-0.0257834230632086,3,3,3.96862696659689
10,21,2,9,44.5985281604161,0.140883243603458,3,3,3
10,21,4,9,243.690889754096,0.0257834230632086,3,3,3.96862696659689
10,21,8,19,243.690889754096,0.0257834230632086,3,3,3.96862696659689
10,21,9,14,243.690889754096,0.0257834230632086,3,3,3.96862696659689
10,21,9,23,44.5985281604161,0.140883243603458,3,3,3
10,21,14,23,54.5890104579478,0.115099820540249,3,3,4.5
10,21,19,26,44.5985281604161,0.140883243603458,3,3,3
10,21,19,39,54.5890104579478,0.115099820540249,3,3,4.5
10,21,23,38,243.690889754096,0.0257834230632086,3,3,3.96862696659689
10,21,26,39,-243.690889754096,-0.0257834230632086,3,3,3.96862696659689
10,21,26,40,44.5985281604161,0.140883243603458,3,3,3
10,21,26,48,243.690889754096,0.0257834230632086,3,3,3.96862696659689
10,21,38,40,-243.690889754096,-0.0257834230632086,3,3,3.96862696659689
10,21,40,48,-54.5890104579478,-0.115099820540249,3,3,4.5
10,26,2,8,243.690889754096,0.0257834230632086,3,3,3.96862696659689
10,26,2,9,243.690889754096,0.0257834230632086,3,3,3.96862696659689
10,26,8,19,44.5985281604161,0.140883243603458,3,3,3
10,26,8,22,54.5890104579478,0.115099820540249,3,3,4.5
10,26,9,21,44.5985281604161,0.140883243603458,3,3,3
10,26,9,23,54.5890104579478,0.115099820540249,3,3,4.5
10,26,19,22,-243.690889754096,-0.0257834230632086,3,3,3.96862696659689
10,26,19,35,243.690889754096,0.0257834230632086,3,3,3.96862696659689
10,26,19,39,44.5985281604161,0.140883243603458,3,3,3
10,26,21,23,-243.690889754096,-0.0257834230632086,3,3,3.96862696659689
10,26,21,38,243.690889754096,0.0257834230632086,3,3,3.96862696659689
10,26,21,40,44.5985281604161,0.140883243603458,3,3,3
10,26,35,39,54.5890104579478,0.115099820540249,3,3,4.5
10,26,38,40,54.5890104579478,0.115099820540249,3,3,4.5
10,26,39,48,243.690889754096,0.0257834230632086,3,3,3.96862696659689
10,26,40,48,243.690889754096,0.0257834230632086,3,3,3.96862696659689
11,13,1,3,243.690889754096,0.0257834230632086,3,3,3.96862696659689
11,13,1,5,-54.5890104579478,-0.115099820540249,3,3,4.5
11,13,2,3,-243.690889754096,-0.0257834230632086,3,3,3.96862696659689
11,13,2,8,54.5890104579478,0.115099820540249,3,3,4.5
11,13,3,5,-44.5985281604161,-0.140883243603458,3,3,3
11,13,3,8,44.5985281604161,0.140883243603458,3,3,3
11,13,5,17,-243.690889754096,-0.0257834230632086,3,3,3.96862696659689
11,13,8,22,243.690889754096,0.0257834230632086,3,3,3.96862696659689
11,13,17,27,243.690889754096,0.0257834230632086,3,3,3.96862696659689
11,13,22,29,-243.690889754096,-0.0257834230632086,3,3,3.96862696659689
11,13,24,27,-44.5985281604161,-0.140883243603458,3,3,3
11,13,24,29,44.5985281604161,0.140883243603458,3,3,3
11,13,24,44,-243.690889754096,-0.0257834230632086,3,3,3.96862696659689
11,13,24,46,243.690889754096,0.0257834230632086,3,3,3.96862696659689
11,13,27,44,54.5890104579478,0.115099820540249,3,3,4.5
11,13,29,46,-54.5890104579478,-0.115099820540249,3,3,4.5
11,17,1,3,-54.5890104579478,-0.115099820540249,3,3,4.5
11,17,1,5,243.690889754096,0.0257834230632086,3,3,3.96862696659689
11,17,3,5,44.5985281604161,0.140883243603458,3,3,3
11,17,3,13,-243.690889754096,-0.0257834230632086,3,3,3.96862696659689
11,17,5,7,243.690889754096,0.0257834230632086,3,3,3.96862696659689
11,17,5,15,44.5985281604161,0.140883243603458,3,3,3
11,17,7,15,54.5890104579478,0.115099820540249,3,3,4.5
11,17,13,24,243.690889754096,0.0257834230632086,3,3,3.96862696659689
11,17,15,31,243.690889754096,0.0257834230632086,3,3,3.96862696659689
11,17,24,27,44.5985281604161,0.140883243603458,3,3,3
11,17,24,44,54.5890104579478,0.115099820540249,3,3,4.5
11,17,27,36,44.5985281604161,0.140883243603458,3,3,3
11,17,27,44,-243.690889754096,-0.0257834230632086,3,3,3.96862696659689
11,17,27,49,243.690889754096,0.0257834230632086,3,3,3.96862696659689
11,17,31,36,-243.690889754096,-0.0257834230632086,3,3,3.96862696659689
11,17,36,49,-54.5890104579478,-0.115099820540249,3,3,4.5
11,24,3,5,-243.690889754096,-0.0257834230632086,3,3,3.96862696659689
11,24,3,8,54.5890104579478,0.115099820540249,3,3,4.5
11,24,3,13,44.5985281604161,0.140883243603458,3,3,3
11,24,5,17,243.690889754096,0.0257834230632086,3,3,3.96862696659689
11,24,8,13,243.690889754096,0.0257834230632086,3,3,3.96862696659689
11,24,13,22,243.690889754096,0.0257834230632086,3,3,3.96862696659689
11,24,13,29,44.5985281604161,0.140883243603458,3,3,3
11,24,17,27,44.5985281604161,0.140883243603458,3,3,3
11,24,17,36,54.5890104579478,0.115099820540249,3,3,4.5
11,24,22,29,54.5890104579478,0.115099820540249,3,3,4.5
11,24,27,36,-243.690889754096,-0.0257834230632086,3,3,3.96862696659689
11,24,27,44,44.5985281604161,0.140883243603458,3,3,3
11,24,27,49,243.690889754096,0.0257834230632086,3,3,3.96862696659689
11,24,29,46,243.690889754096,0.0257834230632086,3,3,3.96862696659689
11,24,44,46,243.690889754096,0.0257834230632086,3,3,3.96862696659689
11,24,44,49,-54.5890104579478,-0.115099820540249,3,3,4.5
11,27,3,5,243.690889754096,0.0257834230632086,3,3,3.96862696659689
11,27,3,13,243.690889754096,0.0257834230632086,3,3,3.96862696659689
11,27,5,15,54.5890104579478,0.115099820540249,3,3,4.5
11,27,5,17,44.5985281604161,0.140883243603458,3,3,3
11,27,13,24,44.5985281604161,0.140883243603458,3,3,3
11,27,13,29,54.5890104579478,0.115099820540249,3,3,4.5
11,27,15,17,243.690889754096,0.0257834230632086,3,3,3.96862696659689
11,27,17,31,243.690889754096,0.0257834230632086,3,3,3.96862696659689
11,27,17,36,44.5985281604161,0.140883243603458,3,3,3
11,27,24,29,-243.690889754096,-0.0257834230632086,3,3,3.96862696659689
11,27,24,44,44.5985281604161,0.140883243603458,3,3,3
11,27,24,46,243.690889754096,0.0257834230632086,3,3,3.96862696659689
11,27,31,36,54.5890104579478,0.115099820540249,3,3,4.5
11,27,36,49,243.690889754096,0.0257834230632086,3,3,3.96862696659689
11,27,44,46,-54.5890104579478,-0.115099820540249,3,3,4.5
11,27,44,49,243.690889754096,0.0257834230632086,3,3,3.96862696659689
12,14,1,4,243.690889754096,0.0257834230632086,3,3,3.96862696659689
12,14,1,6,-54.5890104579478,-0.115099820540249,3,3,4.5
12,14,2,4,-243.690889754096,-0.0257834230632086,3,3,3.96862696659689
12,14,2,9,54.5890104579478,0.115099820540249,3,3,4.5
12,14,4,6,-44.5985281604161,-0.140883243603458,3,3,3
12,14,4,9,44.5985281604161,0.140883243603458,3,3,3
12,14,6,18,-243.690889754096,-0.0257834230632086,3,3,3.96862696659689
12,14,9,23,243.690889754096,0.0257834230632086,3,3,3.96862696659689
12,14,18,28,243.690889754096,0.0257834230632086,3,3,3.96862696659689
12,14,23,30,-243.690889754096,-0.0257834230632086,3,3,3.96862696659689
12,14,25,28,-44.5985281604161,-0.140883243603458,3,3,3
12,14,25,30,44.5985281604161,0.140883243603458,3,3,3
12,14,25,45,-243.690889754096,-0.0257834230632086,3,3,3.96862696659689
12,14,25,47,243.690889754096,0.0257834230632086,3,3,3.96862696659689
12,14,28,45,54.5890104579478,0.115099820540249,3,3,4.5
12,14,30,47,-54.5890104579478,-0.115099820540249,3,3,4.5
12,18,1,4,-54.5890104579478,-0.115099820540249,3,3,4.5
12,18,1,6,243.690889754096,0.0257834230632086,3,3,3.96862696659689
12,18,4,6,44.5985281604161,0.140883243603458,3,3,3
12,18,4,14,-243.690889754096,-0.0257834230632086,3,3,3.96862696659689
12,18,6,7,243.690889754096,0.0257834230632086,3,3,3.96862696659689
12,18,6,16,44.5985281604161,0.140883243603458,3,3,3
12,18,7,16,54.5890104579478,0.115099820540249,3,3,4.5
12,18,14,25,243.690889754096,0.0257834230632086,3,3,3.96862696659689
12,18,16,32,243.690889754096,0.0257834230632086,3,3,3.96862696659689
12,18,25,28,44.5985281604161,0.140883243603458,3,3,3
12,18,25,45,54.5890104579478,0.115099820540249,3,3,4.5
12,18,28,37,44.5985281604161,0.140883243603458,3,3,3
12,18,28,45,-243.690889754096,-0.0257834230632086,3,3,3.96862696659689
12,18,28,50,243.690889754096,0.0257834230632086,3,3,3.96862696659689
12,18,32,37,-243.690889754096,-0.0257834230632086,3,3,3.96862696659689
12,18,37,50,-54.5890104579478,-0.115099820540249,3,3,4.5
12,25,4,6,-243.690889754096,-0.0257834230632086,3,3,3.96862696659689
12,25,4,9,54.5890104579478,0.115099820540249,3,3,4.5
12,25,4,14,44.5985281604161,0.140883243603458,3,3,3
12,25,6,18,243.690889754096,0.0257834230632086,3,3,3.96862696659689
12,25,9,14,243.690889754096,0.0257834230632086,3,3,3.96862696659689
12,25,14,23,243.690889754096,0.0257834230632086,3,3,3.96862696659689
12,25,14,30,44.5985281604161,0.140883243603458,3,3,3
12,25,18,28,44.5985281604161,0.140883243603458,3,3,3
12,25,18,37,54.5890104579478,0.115099820540249,3,3,4.5
12,25,23,30,54.5890104579478,0.115099820540249,3,3,4.5
12,25,28,37,-243.690889754096,-0.0257834230632086,3,3,3.96862696659689
12,25,28,45,44.5985281604161,0.140883243603458,3,3,3
12,25,28,50,243.690889754096,0.0257834230632086,3,3,3.96862696659689
12,25,30,47,243.690889754096,0.0257834230632086,3,3,3.96862696659689
12,25,45,47,243.690889754096,0.0257834230632086,3,3,3.96862696659689
12,25,45,50,-54.5890104579478,-0.115099820540249,3,3,4.5
12,28,4,6,243.690889754096,0.0257834230632086,3,3,3.96862696659689
12,28,4,14,243.690889754096,0.0257834230632086,3,3,3.96862696659689
12,28,6,16,54.5890104579478,0.115099820540249,3,3,4.5
12,28,6,18,44.5985281604161,0.140883243603458,3,3,3
12,28,14,25,44.5985281604161,0.140883243603458,3,3,3
12,28,14,30,54.5890104579478,0.115099820540249,3,3,4.5
12,28,16,18,243.690889754096,0.0257834230632086,3,3,3.96862696659689
12,28,18,32,243.690889754096,0.0257834230632086,3,3,3.96862696659689
12,28,18,37,44.5985281604161,0.140883243603458,3,3,3
12,28,25,30,-243.690889754096,-0.0257834230632086,3,3,3.96862696659689
12,28,25,45,44.5985281604161,0.140883243603458,3,3,3
12,28,25,47,243.690889754096,0.0257834230632086,3,3,3.96862696659689
12,28,32,37,54.5890104579478,0.115099820540249,3,3,4.5
12,28,37,50,243.690889754096,0.0257834230632086,3,3,3.96862696659689
12,28,45,47,-54.5890104579478,-0.115099820540249,3,3,4.5
12,28,45,50,243.690889754096,0.0257834230632086,3,3,3.96862696659689
13,22,2,3,-54.5890104579478,-0.115099820540249,3,3,4.5
13,22,2,8,243.690889754096,0.0257834230632086,3,3,3.96862696659689
13,22,3,8,44.5985281604161,0.140883243603458,3,3,3
13,22,3,11,-243.690889754096,-0.0257834230632086,3,3,3.96862696659689
13,22,8,10,243.690889754096,0.0257834230632086,3,3,3.96862696659689
13,22,8,19,44.5985281604161,0.140883243603458,3,3,3
13,22,10,19,54.5890104579478,0.115099820540249,3,3,4.5
13,22,11,24,243.690889754096,0.0257834230632086,3,3,3.96862696659689
13,22,19,35,243.690889754096,0.0257834230632086,3,3,3.96862696659689
13,22,24,29,44.5985281604161,0.140883243603458,3,3,3
13,22,24,46,54.5890104579478,0.115099820540249,3,3,4.5
13,22,29,42,44.5985281604161,0.140883243603458,3,3,3
13,22,29,46,-243.690889754096,-0.0257834230632086,3,3,3.96862696659689
13,22,29,53,243.690889754096,0.0257834230632086,3,3,3.96862696659689
13,22,35,42,-243.690889754096,-0.0257834230632086,3,3,3.96862696659689
13,22,42,53,-54.5890104579478,-0.115099820540249,3,3,4.5
13,24,3,5,54.5890104579478,0.115099820540249,3,3,4.5
13,24,3,8,-243.690889754096,-0.0257834230632086,3,3,3.96862696659689
13,24,3,11,44.5985281604161,0.140883243603458,3,3,3
13,24,5,11,243.690889754096,0.0257834230632086,3,3,3.96862696659689
13,24,8,22,243.690889754096,0.0257834230632086,3,3,3.96862696659689
13,24,11,17,243.690889754096,0.0257834230632086,3,3,3.96862696659689
13,24,11,27,44.5985281604161,0.140883243603458,3,3,3
13,24,17,27,54.5890104579478,0.115099820540249,3,3,4.5
13,24,22,29,44.5985281604161,0.140883243603458,3,3,3
13,24,22,42,54.5890104579478,0.115099820540249,3,3,4.5
13,24,27,44,243.690889754096,0.0257834230632086,3,3,3.96862696659689
13,24,29,42,-243.690889754096,-0.0257834230632086,3,3,3.96862696659689
13,24,29,46,44.5985281604161,0.140883243603458,3,3,3
13,24,29,53,243.690889754096,0.0257834230632086,3,3,3.96862696659689
13,24,44,46,-243.690889754096,-0.0257834230632086,3,3,3.96862696659689
13,24,46,53,-54.5890104579478,-0.115099820540249,3,3,4.5
13,29,3,8,243.690889754096,0.0257834230632086,3,3,3.96862696659689
13,29,3,11,243.690889754096,0.0257834230632086,3,3,3.96862696659689
13,29,8,19,54.5890104579478,0.115099820540249,3,3,4.5
13,29,8,22,44.5985281604161,0.140883243603458,3,3,3
13,29,11,24,44.5985281604161,0.140883243603458,3,3,3
13,29,11,27,54.5890104579478,0.115099820540249,3,3,4.5
13,29,19,22,243.690889754096,0.0257834230632086,3,3,3.96862696659689
13,29,22,35,243.690889754096,0.0257834230632086,3,3,3.96862696659689
13,29,22,42,44.5985281604161,0.140883243603458,3,3,3
13,29,24,27,-243.690889754096,-0.0257834230632086,3,3,3.96862696659689
13,29,24,44,243.690889754096,0.0257834230632086,3,3,3.96862696659689
13,29,24,46,44.5985281604161,0.140883243603458,3,3,3
13,29,35,42,54.5890104579478,0.115099820540249,3,3,4.5
13,29,42,53,243.690889754096,0.0257834230632086,3,3,3.96862696659689
13,29,44,46,54.5890104579478,0.115099820540249,3,3,4.5
13,29,46,53,243.690889754096,0.0257834230632086,3,3,3.96862696659689
14,23,2,4,-54.5890104579478,-0.115099820540249,3,3,4.5
14,23,2,9,243.690889754096,0.0257834230632086,3,3,3.96862696659689
14,23,4,9,44.5985281604161,0.140883243603458,3,3,3
14,23,4,12,-243.690889754096,-0.0257834230632086,3,3,3.96862696659689
14,23,9,10,243.690889754096,0.0257834230632086,3,3,3.96862696659689
14,23,9,21,44.5985281604161,0.140883243603458,3,3,3
14,23,10,21,54.5890104579478,0.115099820540249,3,3,4.5
14,23,12,25,243.690889754096,0.0257834230632086,3,3,3.96862696659689
14,23,21,38,243.690889754096,0.0257834230632086,3,3,3.96862696659689
14,23,25,30,44.5985281604161,0.140883243603458,3,3,3
14,23,25,47,54.5890104579478,0.115099820540249,3,3,4.5
14,23,30,43,44.5985281604161,0.140883243603458,3,3,3
14,23,30,47,-243.690889754096,-0.0257834230632086,3,3,3.96862696659689
14,23,30,56,243.690889754096,0.0257834230632086,3,3,3.96862696659689
14,23,38,43,-243.690889754096,-0.0257834230632086,3,3,3.96862696659689
14,23,43,56,-54.5890104579478,-0.115099820540249,3,3,4.5
14,25,4,6,54.5890104579478,0.115099820540249,3,3,4.5
14,25,4,9,-243.690889754096,-0.0257834230632086,3,3,3.96862696659689
14,25,4,12,44.5985281604161,0.140883243603458,3,3,3
14,25,6,12,243.690889754096,0.0257834230632086,3,3,3.96862696659689
14,25,9,23,243.690889754096,0.0257834230632086,3,3,3.96862696659689
14,25,12,18,243.690889754096,0.0257834230632086,3,3,3.96862696659689
14,25,12,28,44.5985281604161,0.140883243603458,3,3,3
14,25,18,28,54.5890104579478,0.115099820540249,3,3,4.5
14,25,23,30,44.5985281604161,0.140883243603458,3,3,3
14,25,23,43,54.5890104579478,0.115099820540249,3,3,4.5
14,25,28,45,243.690889754096,0.0257834230632086,3,3,3.96862696659689
14,25,30,43,-243.690889754096,-0.0257834230632086,3,3,3.96862696659689
14,25,30,47,44.5985281604161,0.140883243603458,3,3,3
14,25,30,56,243.690889754096,0.0257834230632086,3,3,3.96862696659689
14,25,45,47,-243.690889754096,-0.0257834230632086,3,3,3.96862696659689
14,25,47,56,-54.5890104579478,-0.115099820540249,3,3,4.5
14,30,4,9,243.690889754096,0.0257834230632086,3,3,3.96862696659689
14,30,4,12,243.690889754096,0.0257834230632086,3,3,3.96862696659689
14,30,9,21,54.5890104579478,0.115099820540249,3,3,4.5
14,30,9,23,44.5985281604161,0.140883243603458,3,3,3
14,30,12,25,44.5985281604161,0.140883243603458,3,3,3
14,30,12,28,54.5890104579478,0.115099820540249,3,3,4.5
14,30,21,23,243.690889754096,0.0257834230632086,3,3,3.96862696659689
14,30,23,38,243.690889754096,0.0257834230632086,3,3,3.96862696659689
14,30,23,43,44.5985281604161,0.140883243603458,3,3,3
14,30,25,28,-243.690889754096,-0.0257834230632086,3,3,3.96862696659689
14,30,25,45,243.690889754096,0.0257834230632086,3,3,3.96862696659689
14,30,25,47,44.5985281604161,0.140883243603458,3,3,3
14,30,38,43,54.5890104579478,0.115099820540249,3,3,4.5
14,30,43,56,243.690889754096,0.0257834230632086,3,3,3.96862696659689
14,30,45,47,54.5890104579478,0.115099820540249,3,3,4.5
14,30,47,56,243.690889754096,0.0257834230632086,3,3,3.96862696659689
15,17,1,5,243.690889754096,0.0257834230632086,3,3,3.96862696659689
15,17,1,7,-54.5890104579478,-0.115099820540249,3,3,4.5
15,17,3,5,-243.690889754096,-0.0257834230632086,3,3,3.96862696659689
15,17,3,11,54.5890104579478,0.115099820540249,3,3,4.5
15,17,5,7,-44.5985281604161,-0.140883243603458,3,3,3
15,17,5,11,44.5985281604161,0.140883243603458,3,3,3
15,17,7,20,-243.690889754096,-0.0257834230632086,3,3,3.96862696659689
15,17,11,27,243.690889754096,0.0257834230632086,3,3,3.96862696659689
15,17,20,33,243.690889754096,0.0257834230632086,3,3,3.96862696659689
15,17,27,36,-243.690889754096,-0.0257834230632086,3,3,3.96862696659689
15,17,31,33,-44.5985281604161,-0.140883243603458,3,3,3
15,17,31,36,44.5985281604161,0.140883243603458,3,3,3
15,17,31,51,-243.690889754096,-0.0257834230632086,3,3,3.96862696659689
15,17,31,54,243.690889754096,0.0257834230632086,3,3,3.96862696659689
15,17,33,51,54.5890104579478,0.115099820540249,3,3,4.5
15,17,36,54,-54.5890104579478,-0.115099820540249,3,3,4.5
15,20,1,5,-54.5890104579478,-0.115099820540249,3,3,4.5
15,20,1,7,243.690889754096,0.0257834230632086,3,3,3.96862696659689
15,20,5,7,44.5985281604161,0.140883243603458,3,3,3
15,20,5,17,-243.690889754096,-0.0257834230632086,3,3,3.96862696659689
15,20,6,7,-243.690889754096,-0.0257834230632086,3,3,3.96862696659689
15,20,6,16,54.5890104579478,0.115099820540249,3,3,4.5
15,20,7,16,44.5985281604161,0.140883243603458,3,3,3
15,20,16,34,243.690889754096,0.0257834230632086,3,3,3.96862696659689
15,20,17,31,243.690889754096,0.0257834230632086,3,3,3.96862696659689
15,20,31,33,44.5985281604161,0.140883243603458,3,3,3
15,20,31,51,54.5890104579478,0.115099820540249,3,3,4.5
15,20,33,41,44.5985281604161,0.140883243603458,3,3,3
15,20,33,51,-243.690889754096,-0.0257834230632086,3,3,3.96862696659689
15,20,33,57,243.690889754096,0.0257834230632086,3,3,3.96862696659689
15,20,34,41,-243.690889754096,-0.0257834230632086,3,3,3.96862696659689
15,20,41,57,-54.5890104579478,-0.115099820540249,3,3,4.5
15,31,5,7,-243.690889754096,-0.0257834230632086,3,3,3.96862696659689
15,31,5,11,54.5890104579478,0.115099820540249,3,3,4.5
15,31,5,17,44.5985281604161,0.140883243603458,3,3,3
15,31,7,20,243.690889754096,0.0257834230632086,3,3,3.96862696659689
15,31,11,17,243.690889754096,0.0257834230632086,3,3,3.96862696659689
15,31,17,27,243.690889754096,0.0257834230632086,3,3,3.96862696659689
15,31,17,36,44.5985281604161,0.140883243603458,3,3,3
15,31,20,33,44.5985281604161,0.140883243603458,3,3,3
15,31,20,41,54.5890104579478,0.115099820540249,3,3,4.5
15,31,27,36,54.5890104579478,0.115099820540249,3,3,4.5
15,31,33,41,-243.690889754096,-0.0257834230632086,3,3,3.96862696659689
15,31,33,51,44.5985281604161,0.140883243603458,3,3,3
15,31,33,57,243.690889754096,0.0257834230632086,3,3,3.96862696659689
15,31,36,54,243.690889754096,0.0257834230632086,3,3,3.96862696659689
15,31,51,54,243.690889754096,0.0257834230632086,3,3,3.96862696659689
15,31,51,57,-54.5890104579478,-0.115099820540249,3,3,4.5
15,33,5,7,243.690889754096,0.0257834230632086,3,3,3.96862696659689
15,33,5,17,243.690889754096,0.0257834230632086,3,3,3.96862696659689
15,33,7,16,54.5890104579478,0.115099820540249,3,3,4.5
15,33,7,20,44.5985281604161,0.140883243603458,3,3,3
15,33,16,20,243.690889754096,0.0257834230632086,3,3,3.96862696659689
15,33,17,31,44.5985281604161,0.140883243603458,3,3,3
15,33,17,36,54.5890104579478,0.115099820540249,3,3,4.5
15,33,20,34,243.690889754096,0.0257834230632086,3,3,3.96862696659689
15,33,20,41,44.5985281604161,0.140883243603458,3,3,3
15,33,31,36,-243.690889754096,-0.0257834230632086,3,3,3.96862696659689
15,33,31,51,44.5985281604161,0.140883243603458,3,3,3
15,33,31,54,243.690889754096,0.0257834230632086,3,3,3.96862696659689
15,33,34,41,54.5890104579478,0.115099820540249,3,3,4.5
15,33,41,57,243.690889754096,0.0257834230632086,3,3,3.96862696659689
15,33,51,54,-54.5890104579478,-0.115099820540249,3,3,4.5
15,33,51,57,243.690889754096,0.0257834230632086,3,3,3.96862696659689
16,18,1,6,243.690889754096,0.0257834230632086,3,3,3.96862696659689
16,18,1,7,-54.5890104579478,-0.115099820540249,3,3,4.5
16,18,4,6,-243.690889754096,-0.0257834230632086,3,3,3.96862696659689
16,18,4,12,54.5890104579478,0.115099820540249,3,3,4.5
16,18,6,7,-44.5985281604161,-0.140883243603458,3,3,3
16,18,6,12,44.5985281604161,0.140883243603458,3,3,3
16,18,7,20,-243.690889754096,-0.0257834230632086,3,3,3.96862696659689
16,18,12,28,243.690889754096,0.0257834230632086,3,3,3.96862696659689
16,18,20,34,243.690889754096,0.0257834230632086,3,3,3.96862696659689
16,18,28,37,-243.690889754096,-0.0257834230632086,3,3,3.96862696659689
16,18,32,34,-44.5985281604161,-0.140883243603458,3,3,3
16,18,32,37,44.5985281604161,0.140883243603458,3,3,3
16,18,32,52,-243.690889754096,-0.0257834230632086,3,3,3.96862696659689
16,18,32,55,243.690889754096,0.0257834230632086,3,3,3.96862696659689
16,18,34,52,54.5890104579478,0.115099820540249,3,3,4.5
16,18,37,55,-54.5890104579478,-0.115099820540249,3,3,4.5
16,20,1,6,-54.5890104579478,-0.115099820540249,3,3,4.5
16,20,1,7,243.690889754096,0.0257834230632086,3,3,3.96862696659689
16,20,5,7,-243.690889754096,-0.0257834230632086,3,3,3.96862696659689
16,20,5,15,54.5890104579478,0.115099820540249,3,3,4.5
16,20,6,7,44.5985281604161,0.140883243603458,3,3,3
16,20,6,18,-243.690889754096,-0.0257834230632086,3,3,3.96862696659689
16,20,7,15,44.5985281604161,0.140883243603458,3,3,3
16,20,15,33,243.690889754096,0.0257834230632086,3,3,3.96862696659689
16,20,18,32,243.690889754096,0.0257834230632086,3,3,3.96862696659689
16,20,32,34,44.5985281604161,0.140883243603458,3,3,3
16,20,32,52,54.5890104579478,0.115099820540249,3,3,4.5
16,20,33,41,-243.690889754096,-0.0257834230632086,3,3,3.96862696659689
16,20,34,41,44.5985281604161,0.140883243603458,3,3,3
16,20,34,52,-243.690889754096,-0.0257834230632086,3,3,3.96862696659689
16,20,34,58,243.690889754096,0.0257834230632086,3,3,3.96862696659689
16,20,41,58,-54.5890104579478,-0.115099820540249,3,3,4.5
16,32,6,7,-243.690889754096,-0.0257834230632086,3,3,3.96862696659689
16,32,6,12,54.5890104579478,0.115099820540249,3,3,4.5
16,32,6,18,44.5985281604161,0.140883243603458,3,3,3
16,32,7,20,243.690889754096,0.0257834230632086,3,3,3.96862696659689
16,32,12,18,243.690889754096,0.0257834230632086,3,3,3.96862696659689
16,32,18,28,243.690889754096,0.0257834230632086,3,3,3.96862696659689
16,32,18,37,44.5985281604161,0.140883243603458,3,3,3
16,32,20,34,44.5985281604161,0.140883243603458,3,3,3
16,32,20,41,54.5890104579478,0.115099820540249,3,3,4.5
16,32,28,37,54.5890104579478,0.115099820540249,3,3,4.5
16,32,34,41,-243.690889754096,-0.0257834230632086,3,3,3.96862696659689
16,32,34,52,44.5985281604161,0.140883243603458,3,3,3
16,32,34,58,243.690889754096,0.0257834230632086,3,3,3.96862696659689
16,32,37,55,243.690889754096,0.0257834230632086,3,3,3.96862696659689
16,32,52,55,243.690889754096,0.0257834230632086,3,3,3.96862696659689
16,32,52,58,-54.5890104579478,-0.115099820540249,3,3,4.5
16,34,6,7,243.690889754096,0.0257834230632086,3,3,3.96862696659689
16,34,6,18,243.690889754096,0.0257834230632086,3,3,3.96862696659689
16,34,7,15,54.5890104579478,0.115099820540249,3,3,4.5
16,34,7,20,44.5985281604161,0.140883243603458,3,3,3
16,34,15,20,243.690889754096,0.0257834230632086,3,3,3.96862696659689
16,34,18,32,44.5985281604161,0.140883243603458,3,3,3
16,34,18,37,54.5890104579478,0.115099820540249,3,3,4.5
16,34,20,33,243.690889754096,0.0257834230632086,3,3,3.96862696659689
16,34,20,41,44.5985281604161,0.140883243603458,3,3,3
16,34,32,37,-243.690889754096,-0.0257834230632086,3,3,3.96862696659689
16,34,32,52,44.5985281604161,0.140883243603458,3,3,3
16,34,32,55,243.690889754096,0.0257834230632086,3,3,3.96862696659689
16,34,33,41,54.5890104579478,0.115099820540249,3,3,4.5
16,34,41,58,243.690889754096,0.0257834230632086,3,3,3.96862696659689
16,34,52,55,-54.5890104579478,-0.115099820540249,3,3,4.5
16,34,52,58,243.690889754096,0.0257834230632086,3,3,3.96862696659689
17,27,3,5,-54.5890104579478,-0.115099820540249,3,3,4.5
17,27,3,11,243.690889754096,0.0257834230632086,3,3,3.96862696659689
17,27,5,11,44.5985281604161,0.140883243603458,3,3,3
17,27,5,15,-243.690889754096,-0.0257834230632086,3,3,3.96862696659689
17,27,11,13,243.690889754096,0.0257834230632086,3,3,3.96862696659689
17,27,11,24,44.5985281604161,0.140883243603458,3,3,3
17,27,13,24,54.5890104579478,0.115099820540249,3,3,4.5
17,27,15,31,243.690889754096,0.0257834230632086,3,3,3.96862696659689
17,27,24,44,243.690889754096,0.0257834230632086,3,3,3.96862696659689
17,27,31,36,44.5985281604161,0.140883243603458,3,3,3
17,27,31,54,54.5890104579478,0.115099820540249,3,3,4.5
17,27,36,49,44.5985281604161,0.140883243603458,3,3,3
17,27,36,54,-243.690889754096,-0.0257834230632086,3,3,3.96862696659689
17,27,36,63,243.690889754096,0.0257834230632086,3,3,3.96862696659689
17,27,44,49,-243.690889754096,-0.0257834230632086,3,3,3.96862696659689
17,27,49,63,-54.5890104579478,-0.115099820540249,3,3,4.5
17,31,5,7,54.5890104579478,0.115099820540249,3,3,4.5
17,31,5,11,-243.690889754096,-0.0257834230632086,3,3,3.96862696659689
17,31,5,15,44.5985281604161,0.140883243603458,3,3,3
17,31,7,15,243.690889754096,0.0257834230632086,3,3,3.96862696659689
17,31,11,27,243.690889754096,0.0257834230632086,3,3,3.96862696659689
17,31,15,20,243.690889754096,0.0257834230632086,3,3,3.96862696659689
17,31,15,33,44.5985281604161,0.140883243603458,3,3,3
17,31,20,33,54.5890104579478,0.115099820540249,3,3,4.5
17,31,27,36,44.5985281604161,0.140883243603458,3,3,3
17,31,27,49,54.5890104579478,0.115099820540249,3,3,4.5
17,31,33,51,243.690889754096,0.0257834230632086,3,3,3.96862696659689
17,31,36,49,-243.690889754096,-0.0257834230632086,3,3,3.96862696659689
17,31,36,54,44.5985281604161,0.140883243603458,3,3,3
17,31,36,63,243.690889754096,0.0257834230632086,3,3,3.96862696659689
17,31,51,54,-243.690889754096,-0.0257834230632086,3,3,3.96862696659689
17,31,54,63,-54.5890104579478,-0.115099820540249,3,3,4.5
17,36,5,11,243.690889754096,0.0257834230632086,3,3,3.96862696659689
17,36,5,15,243.690889754096,0.0257834230632086,3,3,3.96862696659689
17,36,11,24,54.5890104579478,0.115099820540249,3,3,4.5
17,36,11,27,44.5985281604161,0.140883243603458,3,3,3
17,36,15,31,44.5985281604161,0.140883243603458,3,3,3
17,36,15,33,54.5890104579478,0.115099820540249,3,3,4.5
17,36,24,27,243.690889754096,0.0257834230632086,3,3,3.96862696659689
17,36,27,44,243.690889754096,0.0257834230632086,3,3,3.96862696659689
17,36,27,49,44.5985281604161,0.140883243603458,3,3,3
17,36,31,33,-243.690889754096,-0.0257834230632086,3,3,3.96862696659689
17,36,31,51,243.690889754096,0.0257834230632086,3,3,3.96862696659689
17,36,31,54,44.5985281604161,0.140883243603458,3,3,3
17,36,44,49,54.5890104579478,0.115099820540249,3,3,4.5
17,36,49,63,243.690889754096,0.0257834230632086,3,3,3.96862696659689
17,36,51,54,54.5890104579478,0.115099820540249,3,3,4.5
17,36,54,63,243.690889754096,0.0257834230632086,3,3,3.96862696659689
18,28,4,6,-54.5890104579478,-0.115099820540249,3,3,4.5
18,28,4,12,243.690889754096,0.0257834230632086,3,3,3.96862696659689
18,28,6,12,44.5985281604161,0.140883243603458,3,3,3
18,28,6,16,-243.690889754096,-0.0257834230632086,3,3,3.96862696659689
18,28,12,14,243.690889754096,0.0257834230632086,3,3,3.96862696659689
18,28,12,25,44.5985281604161,0.140883243603458,3,3,3
18,28,14,25,54.5890104579478,0.115099820540249,3,3,4.5
18,28,16,32,243.690889754096,0.0257834230632086,3,3,3.96862696659689
18,28,25,45,243.690889754096,0.0257834230632086,3,3,3.96862696659689
18,28,32,37,44.5985281604161,0.140883243603458,3,3,3
18,28,32,55,54.5890104579478,0.115099820540249,3,3,4.5
18,28,37,50,44.5985281604161,0.140883243603458,3,3,3
18,28,37,55,-243.690889754096,-0.0257834230632086,3,3,3.96862696659689
18,28,37,64,243.690889754096,0.0257834230632086,3,3,3.96862696659689
18,28,45,50,-243.690889754096,-0.0257834230632086,3,3,3.96862696659689
18,28,50,64,-54.5890104579478,-0.115099820540249,3,3,4.5
18,32,6,7,54.5890104579478,0.115099820540249,3,3,4.5
18,32,6,12,-243.690889754096,-0.0257834230632086,3,3,3.96862696659689
18,32,6,16,44.5985281604161,0.140883243603458,3,3,3
18,32,7,16,243.690889754096,0.0257834230632086,3,3,3.96862696659689
18,32,12,28,243.690889754096,0.0257834230632086,3,3,3.96862696659689
18,32,16,20,243.690889754096,0.0257834230632086,3,3,3.96862696659689
18,32,16,34,44.5985281604161,0.140883243603458,3,3,3
18,32,20,34,54.5890104579478,0.115099820540249,3,3,4.5
18,32,28,37,44.5985281604161,0.140883243603458,3,3,3
18,32,28,50,54.5890104579478,0.115099820540249,3,3,4.5
18,32,34,52,243.690889754096,0.0257834230632086,3,3,3.96862696659689
18,32,37,50,-243.690889754096,-0.0257834230632086,3,3,3.96862696659689
18,32,37,55,44.5985281604161,0.140883243603458,3,3,3
18,32,37,64,243.690889754096,0.0257834230632086,3,3,3.96862696659689
18,32,52,55,-243.690889754096,-0.0257834230632086,3,3,3.96862696659689
18,32,55,64,-54.5890104579478,-0.115099820540249,3,3,4.5
18,37,6,12,243.690889754096,0.0257834230632086,3,3,3.96862696659689
18,37,6,16,243.690889754096,0.0257834230632086,3,3,3.96862696659689
18,37,12,25,54.5890104579478,0.115099820540249,3,3,4.5
18,37,12,28,44.5985281604161,0.140883243603458,3,3,3
18,37,16,32,44.5985281604161,0.140883243603458,3,3,3
18,37,16,34,54.5890104579478,0.115099820540249,3,3,4.5
18,37,25,28,243.690889754096,0.0257834230632086,3,3,3.96862696659689
18,37,28,45,243.690889754096,0.0257834230632086,3,3,3.96862696659689
18,37,28,50,44.5985281604161,0.140883243603458,3,3,3
18,37,32,34,-243.690889754096,-0.0257834230632086,3,3,3.96862696659689
18,37,32,52,243.690889754096,0.0257834230632086,3,3,3.96862696659689
18,37,32,55,44.5985281604161,0.140883243603458,3,3,3
18,37,45,50,54.5890104579478,0.115099820540249,3,3,4.5
18,37,50,64,243.690889754096,0.0257834230632086,3,3,3.96862696659689
18,37,52,55,54.5890104579478,0.115099820540249,3,3,4.5
18,37,55,64,243.690889754096,0.0257834230632086,3,3,3.96862696659689
19,22,2,8,243.690889754096,0.0257834230632086,3,3,3.96862696659689
19,22,2,10,-54.5890104579478,-0.115099820540249,3,3,4.5
19,22,3,8,-243.690889754096,-0.0257834230632086,3,3,3.96862696659689
19,22,3,13,54.5890104579478,0.115099820540249,3,3,4.5
19,22,8,10,-44.5985281604161,-0.140883243603458,3,3,3
19,22,8,13,44.5985281604161,0.140883243603458,3,3,3
19,22,10,26,-243.690889754096,-0.0257834230632086,3,3,3.96862696659689
19,22,13,29,243.690889754096,0.0257834230632086,3,3,3.96862696659689
19,22,26,39,243.690889754096,0.0257834230632086,3,3,3.96862696659689
19,22,29,42,-243.690889754096,-0.0257834230632086,3,3,3.96862696659689
19,22,35,39,-44.5985281604161,-0.140883243603458,3,3,3
19,22,35,42,44.5985281604161,0.140883243603458,3,3,3
19,22,35,59,-243.690889754096,-0.0257834230632086,3,3,3.96862696659689
19,22,35,61,243.690889754096,0.0257834230632086,3,3,3.96862696659689
19,22,39,59,54.5890104579478,0.115099820540249,3,3,4.5
19,22,42,61,-54.5890104579478,-0.115099820540249,3,3,4.5
19,26,2,8,-54.5890104579478,-0.115099820540249,3,3,4.5
19,26,2,10,243.690889754096,0.0257834230632086,3,3,3.96862696659689
19,26,8,10,44.5985281604161,0.140883243603458,3,3,3
19,26,8,22,-243.690889754096,-0.0257834230632086,3,3,3.96862696659689
19,26,9,10,-243.690889754096,-0.0257834230632086,3,3,3.96862696659689
19,26,9,21,54.5890104579478,0.115099820540249,3,3,4.5
19,26,10,21,44.5985281604161,0.140883243603458,3,3,3
19,26,21,40,243.690889754096,0.0257834230632086,3,3,3.96862696659689
19,26,22,35,243.690889754096,0.0257834230632086,3,3,3.96862696659689
19,26,35,39,44.5985281604161,0.140883243603458,3,3,3
19,26,35,59,54.5890104579478,0.115099820540249,3,3,4.5
19,26,39,48,44.5985281604161,0.140883243603458,3,3,3
19,26,39,59,-243.690889754096,-0.0257834230632086,3,3,3.96862696659689
19,26,39,65,243.690889754096,0.0257834230632086,3,3,3.96862696659689
19,26,40,48,-243.690889754096,-0.0257834230632086,3,3,3.96862696659689
19,26,48,65,-54.5890104579478,-0.115099820540249,3,3,4.5
19,35,8,10,-243.690889754096,-0.0257834230632086,3,3,3.96862696659689
19,35,8,13,54.5890104579478,0.115099820540249,3,3,4.5
19,35,8,22,44.5985281604161,0.140883243603458,3,3,3
19,35,10,26,243.690889754096,0.0257834230632086,3,3,3.96862696659689
19,35,13,22,243.690889754096,0.0257834230632086,3,3,3.96862696659689
19,35,22,29,243.690889754096,0.0257834230632086,3,3,3.96862696659689
19,35,22,42,44.5985281604161,0.140883243603458,3,3,3
19,35,26,39,44.5985281604161,0.140883243603458,3,3,3
19,35,26,48,54.5890104579478,0.115099820540249,3,3,4.5
19,35,29,42,54.5890104579478,0.115099820540249,3,3,4.5
19,35,39,48,-243.690889754096,-0.0257834230632086,3,3,3.96862696659689
19,35,39,59,44.5985281604161,0.140883243603458,3,3,3
19,35,39,65,243.690889754096,0.0257834230632086,3,3,3.96862696659689
19,35,42,61,243.690889754096,0.0257834230632086,3,3,3.96862696659689
19,35,59,61,243.690889754096,0.0257834230632086,3,3,3.96862696659689
19,35,59,65,-54.5890104579478,-0.115099820540249,3,3,4.5
19,39,8,10,243.690889754096,0.0257834230632086,3,3,3.96862696659689
19,39,8,22,243.690889754096,0.0257834230632086,3,3,3.96862696659689
19,39,10,21,54.5890104579478,0.115099820540249,3,3,4.5
19,39,10,26,44.5985281604161,0.140883243603458,3,3,3
19,39,21,26,243.690889754096,0.0257834230632086,3,3,3.96862696659689
19,39,22,35,44.5985281604161,0.140883243603458,3,3,3
19,39,22,42,54.5890104579478,0.115099820540249,3,3,4.5
19,39,26,40,243.690889754096,0.0257834230632086,3,3,3.96862696659689
19,39,26,48,44.5985281604161,0.140883243603458,3,3,3
19,39,35,42,-243.690889754096,-0.0257834230632086,3,3,3.96862696659689
19,39,35,59,44.5985281604161,0.140883243603458,3,3,3
19,39,35,61,243.690889754096,0.0257834230632086,3,3,3.96862696659689
19,39,40,48,54.5890104579478,0.115099820540249,3,3,4.5
19,39,48,65,243.690889754096,0.0257834230632086,3,3,3.96862696659689
19,39,59,61,-54.5890104579478,-0.115099820540249,3,3,4.5
19,39,59,65,243.690889754096,0.0257834230632086,3,3,3.96862696659689
20,33,5,7,-54.5890104579478,-0.115099820540249,3,3,4.5
20,33,5,15,243.690889754096,0.0257834230632086,3,3,3.96862696659689
20,33,7,15,44.5985281604161,0.140883243603458,3,3,3
20,33,7,16,-243.690889754096,-0.0257834230632086,3,3,3.96862696659689
20,33,15,17,243.690889754096,0.0257834230632086,3,3,3.96862696659689
20,33,15,31,44.5985281604161,0.140883243603458,3,3,3
20,33,16,34,243.690889754096,0.0257834230632086,3,3,3.96862696659689
20,33,17,31,54.5890104579478,0.115099820540249,3,3,4.5
20,33,31,51,243.690889754096,0.0257834230632086,3,3,3.96862696659689
20,33,34,41,44.5985281604161,0.140883243603458,3,3,3
20,33,34,58,54.5890104579478,0.115099820540249,3,3,4.5
20,33,41,57,44.5985281604161,0.140883243603458,3,3,3
20,33,41,58,-243.690889754096,-0.0257834230632086,3,3,3.96862696659689
20,33,41,68,243.690889754096,0.0257834230632086,3,3,3.96862696659689
20,33,51,57,-243.690889754096,-0.0257834230632086,3,3,3.96862696659689
20,33,57,68,-54.5890104579478,-0.115099820540249,3,3,4.5
20,34,6,7,-54.5890104579478,-0.115099820540249,3,3,4.5
20,34,6,16,243.690889754096,0.0257834230632086,3,3,3.96862696659689
20,34,7,15,-243.690889754096,-0.0257834230632086,3,3,3.96862696659689
20,34,7,16,44.5985281604161,0.140883243603458,3,3,3
20,34,15,33,243.690889754096,0.0257834230632086,3,3,3.96862696659689
20,34,16,18,243.690889754096,0.0257834230632086,3,3,3.96862696659689
20,34,16,32,44.5985281604161,0.140883243603458,3,3,3
20,34,18,32,54.5890104579478,0.115099820540249,3,3,4.5
20,34,32,52,243.690889754096,0.0257834230632086,3,3,3.96862696659689
20,34,33,41,44.5985281604161,0.140883243603458,3,3,3
20,34,33,57,54.5890104579478,0.115099820540249,3,3,4.5
20,34,41,57,-243.690889754096,-0.0257834230632086,3,3,3.96862696659689
20,34,41,58,44.5985281604161,0.140883243603458,3,3,3
20,34,41,68,243.690889754096,0.0257834230632086,3,3,3.96862696659689
20,34,52,58,-243.690889754096,-0.0257834230632086,3,3,3.96862696659689
20,34,58,68,-54.5890104579478,-0.115099820540249,3,3,4.5
20,41,7,15,243.690889754096,0.0257834230632086,3,3,3.96862696659689
20,41,7,16,243.690889754096,0.0257834230632086,3,3,3.96862696659689
20,41,15,31,54.5890104579478,0.115099820540249,3,3,4.5
20,41,15,33,44.5985281604161,0.140883243603458,3,3,3
20,41,16,32,54.5890104579478,0.115099820540249,3,3,4.5
20,41,16,34,44.5985281604161,0.140883243603458,3,3,3
20,41,31,33,243.690889754096,0.0257834230632086,3,3,3.96862696659689
20,41,32,34,243.690889754096,0.0257834230632086,3,3,3.96862696659689
20,41,33,51,243.690889754096,0.0257834230632086,3,3,3.96862696659689
20,41,33,57,44.5985281604161,0.140883243603458,3,3,3
20,41,34,52,243.690889754096,0.0257834230632086,3,3,3.96862696659689
20,41,34,58,44.5985281604161,0.140883243603458,3,3,3
20,41,51,57,54.5890104579478,0.115099820540249,3,3,4.5
20,41,52,58,54.5890104579478,0.115099820540249,3,3,4.5
20,41,57,68,243.690889754096,0.0257834230632086,3,3,3.96862696659689
20,41,58,68,243.690889754096,0.0257834230632086,3,3,3.96862696659689
21,23,2,9,243.690889754096,0.0257834230632086,3,3,3.96862696659689
21,23,2,10,-54.5890104579478,-0.115099820540249,3,3,4.5
21,23,4,9,-243.690889754096,-0.0257834230632086,3,3,3.96862696659689
21,23,4,14,54.5890104579478,0.115099820540249,3,3,4.5
21,23,9,10,-44.5985281604161,-0.140883243603458,3,3,3
21,23,9,14,44.5985281604161,0.140883243603458,3,3,3
21,23,10,26,-243.690889754096,-0.0257834230632086,3,3,3.96862696659689
21,23,14,30,243.690889754096,0.0257834230632086,3,3,3.96862696659689
21,23,26,40,243.690889754096,0.0257834230632086,3,3,3.96862696659689
21,23,30,43,-243.690889754096,-0.0257834230632086,3,3,3.96862696659689
21,23,38,40,-44.5985281604161,-0.140883243603458,3,3,3
21,23,38,43,44.5985281604161,0.140883243603458,3,3,3
21,23,38,60,-243.690889754096,-0.0257834230632086,3,3,3.96862696659689
21,23,38,62,243.690889754096,0.0257834230632086,3,3,3.96862696659689
21,23,40,60,54.5890104579478,0.115099820540249,3,3,4.5
21,23,43,62,-54.5890104579478,-0.115099820540249,3,3,4.5
21,26,2,9,-54.5890104579478,-0.115099820540249,3,3,4.5
21,26,2,10,243.690889754096,0.0257834230632086,3,3,3.96862696659689
21,26,8,10,-243.690889754096,-0.0257834230632086,3,3,3.96862696659689
21,26,8,19,54.5890104579478,0.115099820540249,3,3,4.5
21,26,9,10,44.5985281604161,0.140883243603458,3,3,3
21,26,9,23,-243.690889754096,-0.0257834230632086,3,3,3.96862696659689
21,26,10,19,44.5985281604161,0.140883243603458,3,3,3
21,26,19,39,243.690889754096,0.0257834230632086,3,3,3.96862696659689
21,26,23,38,243.690889754096,0.0257834230632086,3,3,3.96862696659689
21,26,38,40,44.5985281604161,0.140883243603458,3,3,3
21,26,38,60,54.5890104579478,0.115099820540249,3,3,4.5
21,26,39,48,-243.690889754096,-0.0257834230632086,3,3,3.96862696659689
21,26,40,48,44.5985281604161,0.140883243603458,3,3,3
21,26,40,60,-243.690889754096,-0.0257834230632086,3,3,3.96862696659689
21,26,40,66,243.690889754096,0.0257834230632086,3,3,3.96862696659689
21,26,48,66,-54.5890104579478,-0.115099820540249,3,3,4.5
21,38,9,10,-243.690889754096,-0.0257834230632086,3,3,3.96862696659689
21,38,9,14,54.5890104579478,0.115099820540249,3,3,4.5
21,38,9,23,44.5985281604161,0.140883243603458,3,3,3
21,38,10,26,243.690889754096,0.0257834230632086,3,3,3.96862696659689
21,38,14,23,243.690889754096,0.0257834230632086,3,3,3.96862696659689
21,38,23,30,243.690889754096,0.0257834230632086,3,3,3.96862696659689
21,38,23,43,44.5985281604161,0.140883243603458,3,3,3
21,38,26,40,44.5985281604161,0.140883243603458,3,3,3
21,38,26,48,54.5890104579478,0.115099820540249,3,3,4.5
21,38,30,43,54.5890104579478,0.115099820540249,3,3,4.5
21,38,40,48,-243.690889754096,-0.0257834230632086,3,3,3.96862696659689
21,38,40,60,44.5985281604161,0.140883243603458,3,3,3
21,38,40,66,243.690889754096,0.0257834230632086,3,3,3.96862696659689
21,38,43,62,243.690889754096,0.0257834230632086,3,3,3.96862696659689
21,38,60,62,243.690889754096,0.0257834230632086,3,3,3.96862696659689
21,38,60,66,-54.5890104579478,-0.115099820540249,3,3,4.5
21,40,9,10,243.690889754096,0.0257834230632086,3,3,3.96862696659689
21,40,9,23,243.690889754096,0.0257834230632086,3,3,3.96862696659689
21,40,10,19,54.5890104579478,0.115099820540249,3,3,4.5
21,40,10,26,44.5985281604161,0.140883243603458,3,3,3
21,40,19,26,243.690889754096,0.0257834230632086,3,3,3.96862696659689
21,40,23,38,44.5985281604161,0.140883243603458,3,3,3
21,40,23,43,54.5890104579478,0.115099820540249,3,3,4.5
21,40,26,39,243.690889754096,0.0257834230632086,3,3,3.96862696659689
21,40,26,48,44.5985281604161,0.140883243603458,3,3,3
21,40,38,43,-243.690889754096,-0.0257834230632086,3,3,3.96862696659689
21,40,38,60,44.5985281604161,0.140883243603458,3,3,3
21,40,38,62,243.690889754096,0.0257834230632086,3,3,3.96862696659689
21,40,39,48,54.5890104579478,0.115099820540249,3,3,4.5
21,40,48,66,243.690889754096,0.0257834230632086,3,3,3.96862696659689
21,40,60,62,-54.5890104579478,-0.115099820540249,3,3,4.5
21,40,60,66,243.690889754096,0.0257834230632086,3,3,3.96862696659689
22,29,3,8,-54.5890104579478,-0.115099820540249,3,3,4.5
22,29,3,13,243.690889754096,0.0257834230632086,3,3,3.96862696659689
22,29,8,13,44.5985281604161,0.140883243603458,3,3,3
22,29,8,19,-243.690889754096,-0.0257834230632086,3,3,3.96862696659689
22,29,11,13,-243.690889754096,-0.0257834230632086,3,3,3.96862696659689
22,29,11,24,54.5890104579478,0.115099820540249,3,3,4.5
22,29,13,24,44.5985281604161,0.140883243603458,3,3,3
22,29,19,35,243.690889754096,0.0257834230632086,3,3,3.96862696659689
22,29,24,46,243.690889754096,0.0257834230632086,3,3,3.96862696659689
22,29,35,42,44.5985281604161,0.140883243603458,3,3,3
22,29,35,61,54.5890104579478,0.115099820540249,3,3,4.5
22,29,42,53,44.5985281604161,0.140883243603458,3,3,3
22,29,42,61,-243.690889754096,-0.0257834230632086,3,3,3.96862696659689
22,29,42,70,243.690889754096,0.0257834230632086,3,3,3.96862696659689
22,29,46,53,-243.690889754096,-0.0257834230632086,3,3,3.96862696659689
22,29,53,70,-54.5890104579478,-0.115099820540249,3,3,4.5
22,35,8,10,54.5890104579478,0.115099820540249,3,3,4.5
22,35,8,13,-243.690889754096,-0.0257834230632086,3,3,3.96862696659689
22,35,8,19,44.5985281604161,0.140883243603458,3,3,3
22,35,10,19,243.690889754096,0.0257834230632086,3,3,3.96862696659689
22,35,13,29,243.690889754096,0.0257834230632086,3,3,3.96862696659689
22,35,19,26,243.690889754096,0.0257834230632086,3,3,3.96862696659689
22,35,19,39,44.5985281604161,0.140883243603458,3,3,3
22,35,26,39,54.5890104579478,0.115099820540249,3,3,4.5
22,35,29,42,44.5985281604161,0.140883243603458,3,3,3
22,35,29,53,54.5890104579478,0.115099820540249,3,3,4.5
22,35,39,59,243.690889754096,0.0257834230632086,3,3,3.96862696659689
22,35,42,53,-243.690889754096,-0.0257834230632086,3,3,3.96862696659689
22,35,42,61,44.5985281604161,0.140883243603458,3,3,3
22,35,42,70,243.690889754096,0.0257834230632086,3,3,3.96862696659689
22,35,59,61,-243.690889754096,-0.0257834230632086,3,3,3.96862696659689
22,35,61,70,-54.5890104579478,-0.115099820540249,3,3,4.5
22,42,8,13,243.690889754096,0.0257834230632086,3,3,3.96862696659689
22,42,8,19,243.690889754096,0.0257834230632086,3,3,3.96862696659689
22,42,13,24,54.5890104579478,0.115099820540249,3,3,4.5
22,42,13,29,44.5985281604161,0.140883243603458,3,3,3
22,42,19,35,44.5985281604161,0.140883243603458,3,3,3
22,42,19,39,54.5890104579478,0.115099820540249,3,3,4.5
22,42,24,29,243.690889754096,0.0257834230632086,3,3,3.96862696659689
22,42,29,46,243.690889754096,0.0257834230632086,3,3,3.96862696659689
22,42,29,53,44.5985281604161,0.140883243603458,3,3,3
22,42,35,39,-243.690889754096,-0.0257834230632086,3,3,3.96862696659689
22,42,35,59,243.690889754096,0.0257834230632086,3,3,3.96862696659689
22,42,35,61,44.5985281604161,0.140883243603458,3,3,3
22,42,46,53,54.5890104579478,0.115099820540249,3,3,4.5
22,42,53,70,243.690889754096,0.0257834230632086,3,3,3.96862696659689
22,42,59,61,54.5890104579478,0.115099820540249,3,3,4.5
22,42,61,70,243.690889754096,0.0257834230632086,3,3,3.96862696659689
23,30,4,9,-54.5890104579478,-0.115099820540249,3,3,4.5
23,30,4,14,243.690889754096,0.0257834230632086,3,3,3.96862696659689
23,30,9,14,44.5985281604161,0.140883243603458,3,3,3
23,30,9,21,-243.690889754096,-0.0257834230632086,3,3,3.96862696659689
23,30,12,14,-243.690889754096,-0.0257834230632086,3,3,3.96862696659689
23,30,12,25,54.5890104579478,0.115099820540249,3,3,4.5
23,30,14,25,44.5985281604161,0.140883243603458,3,3,3
23,30,21,38,243.690889754096,0.0257834230632086,3,3,3.96862696659689
23,30,25,47,243.690889754096,0.0257834230632086,3,3,3.96862696659689
23,30,38,43,44.5985281604161,0.140883243603458,3,3,3
23,30,38,62,54.5890104579478,0.115099820540249,3,3,4.5
23,30,43,56,44.5985281604161,0.140883243603458,3,3,3
23,30,43,62,-243.690889754096,-0.0257834230632086,3,3,3.96862696659689
23,30,43,71,243.690889754096,0.0257834230632086,3,3,3.96862696659689
23,30,47,56,-243.690889754096,-0.0257834230632086,3,3,3.96862696659689
23,30,56,71,-54.5890104579478,-0.115099820540249,3,3,4.5
23,38,9,10,54.5890104579478,0.115099820540249,3,3,4.5
23,38,9,14,-243.690889754096,-0.0257834230632086,3,3,3.96862696659689
23,38,9,21,44.5985281604161,0.140883243603458,3,3,3
23,38,10,21,243.690889754096,0.0257834230632086,3,3,3.96862696659689
23,38,14,30,243.690889754096,0.0257834230632086,3,3,3.96862696659689
23,38,21,26,243.690889754096,0.0257834230632086,3,3,3.96862696659689
23,38,21,40,44.5985281604161,0.140883243603458,3,3,3
23,38,26,40,54.5890104579478,0.115099820540249,3,3,4.5
23,38,30,43,44.5985281604161,0.140883243603458,3,3,3
23,38,30,56,54.5890104579478,0.115099820540249,3,3,4.5
23,38,40,60,243.690889754096,0.0257834230632086,3,3,3.96862696659689
23,38,43,56,-243.690889754096,-0.0257834230632086,3,3,3.96862696659689
23,38,43,62,44.5985281604161,0.140883243603458,3,3,3
23,38,43,71,243.690889754096,0.0257834230632086,3,3,3.96862696659689
23,38,60,62,-243.690889754096,-0.0257834230632086,3,3,3.96862696659689
23,38,62,71,-54.5890104579478,-0.115099820540249,3,3,4.5
23,43,9,14,243.690889754096,0.0257834230632086,3,3,3.96862696659689
23,43,9,21,243.690889754096,0.0257834230632086,3,3,3.96862696659689
23,43,14,25,54.5890104579478,0.115099820540249,3,3,4.5
23,43,14,30,44.5985281604161,0.140883243603458,3,3,3
23,43,21,38,44.5985281604161,0.140883243603458,3,3,3
23,43,21,40,54.5890104579478,0.115099820540249,3,3,4.5
23,43,25,30,243.690889754096,0.0257834230632086,3,3,3.96862696659689
23,43,30,47,243.690889754096,0.0257834230632086,3,3,3.96862696659689
23,43,30,56,44.5985281604161,0.140883243603458,3,3,3
23,43,38,40,-243.690889754096,-0.0257834230632086,3,3,3.96862696659689
23,43,38,60,243.690889754096,0.0257834230632086,3,3,3.96862696659689
23,43,38,62,44.5985281604161,0.140883243603458,3,3,3
23,43,47,56,54.5890104579478,0.115099820540249,3,3,4.5
23,43,56,71,243.690889754096,0.0257834230632086,3,3,3.96862696659689
23,43,60,62,54.5890104579478,0.115099820540249,3,3,4.5
23,43,62,71,243.690889754096,0.0257834230632086,3,3,3.96862696659689
24,27,3,11,243.690889754096,0.0257834230632086,3,3,3.96862696659689
24,27,3,13,-54.5890104579478,-0.115099820540249,3,3,4.5
24,27,5,11,-243.690889754096,-0.0257834230632086,3,3,3.96862696659689
24,27,5,17,54.5890104579478,0.115099820540249,3,3,4.5
24,27,11,13,-44.5985281604161,-0.140883243603458,3,3,3
24,27,11,17,44.5985281604161,0.140883243603458,3,3,3
24,27,13,29,-243.690889754096,-0.0257834230632086,3,3,3.96862696659689
24,27,17,36,243.690889754096,0.0257834230632086,3,3,3.96862696659689
24,27,29,46,243.690889754096,0.0257834230632086,3,3,3.96862696659689
24,27,36,49,-243.690889754096,-0.0257834230632086,3,3,3.96862696659689
24,27,44,46,-44.5985281604161,-0.140883243603458,3,3,3
24,27,44,49,44.5985281604161,0.140883243603458,3,3,3
24,27,44,67,-243.690889754096,-0.0257834230632086,3,3,3.96862696659689
24,27,44,72,243.690889754096,0.0257834230632086,3,3,3.96862696659689
24,27,46,67,54.5890104579478,0.115099820540249,3,3,4.5
24,27,49,72,-54.5890104579478,-0.115099820540249,3,3,4.5
24,29,3,11,-54.5890104579478,-0.115099820540249,3,3,4.5
24,29,3,13,243.690889754096,0.0257834230632086,3,3,3.96862696659689
24,29,8,13,-243.690889754096,-0.0257834230632086,3,3,3.96862696659689
24,29,8,22,54.5890104579478,0.115099820540249,3,3,4.5
24,29,11,13,44.5985281604161,0.140883243603458,3,3,3
24,29,11,27,-243.690889754096,-0.0257834230632086,3,3,3.96862696659689
24,29,13,22,44.5985281604161,0.140883243603458,3,3,3
24,29,22,42,243.690889754096,0.0257834230632086,3,3,3.96862696659689
24,29,27,44,243.690889754096,0.0257834230632086,3,3,3.96862696659689
24,29,42,53,-243.690889754096,-0.0257834230632086,3,3,3.96862696659689
24,29,44,46,44.5985281604161,0.140883243603458,3,3,3
24,29,44,67,54.5890104579478,0.115099820540249,3,3,4.5
24,29,46,53,44.5985281604161,0.140883243603458,3,3,3
24,29,46,67,-243.690889754096,-0.0257834230632086,3,3,3.96862696659689
24,29,46,74,243.690889754096,0.0257834230632086,3,3,3.96862696659689
24,29,53,74,-54.5890104579478,-0.115099820540249,3,3,4.5
24,44,11,13,-243.690889754096,-0.0257834230632086,3,3,3.96862696659689
24,44,11,17,54.5890104579478,0.115099820540249,3,3,4.5
24,44,11,27,44.5985281604161,0.140883243603458,3,3,3
24,44,13,29,243.690889754096,0.0257834230632086,3,3,3.96862696659689
24,44,17,27,243.690889754096,0.0257834230632086,3,3,3.96862696659689
24,44,27,36,243.690889754096,0.0257834230632086,3,3,3.96862696659689
24,44,27,49,44.5985281604161,0.140883243603458,3,3,3
24,44,29,46,44.5985281604161,0.140883243603458,3,3,3
24,44,29,53,54.5890104579478,0.115099820540249,3,3,4.5
24,44,36,49,54.5890104579478,0.115099820540249,3,3,4.5
24,44,46,53,-243.690889754096,-0.0257834230632086,3,3,3.96862696659689
24,44,46,67,44.5985281604161,0.140883243603458,3,3,3
24,44,46,74,243.690889754096,0.0257834230632086,3,3,3.96862696659689
24,44,49,72,243.690889754096,0.0257834230632086,3,3,3.96862696659689
24,44,67,72,243.690889754096,0.0257834230632086,3,3,3.96862696659689
24,44,67,74,-54.5890104579478,-0.115099820540249,3,3,4.5
24,46,11,13,243.690889754096,0.0257834230632086,3,3,3.96862696659689
24,46,11,27,243.690889754096,0.0257834230632086,3,3,3.96862696659689
24,46,13,22,54.5890104579478,0.115099820540249,3,3,4.5
24,46,13,29,44.5985281604161,0.140883243603458,3,3,3
24,46,22,29,243.690889754096,0.0257834230632086,3,3,3.96862696659689
24,46,27,44,44.5985281604161,0.140883243603458,3,3,3
24,46,27,49,54.5890104579478,0.115099820540249,3,3,4.5
24,46,29,42,243.690889754096,0.0257834230632086,3,3,3.96862696659689
24,46,29,53,44.5985281604161,0.140883243603458,3,3,3
24,46,42,53,54.5890104579478,0.115099820540249,3,3,4.5
24,46,44,49,-243.690889754096,-0.0257834230632086,3,3,3.96862696659689
24,46,44,67,44.5985281604161,0.140883243603458,3,3,3
24,46,44,72,243.690889754096,0.0257834230632086,3,3,3.96862696659689
24,46,53,74,243.690889754096,0.0257834230632086,3,3,3.96862696659689
24,46,67,72,-54.5890104579478,-0.115099820540249,3,3,4.5
24,46,67,74,243.690889754096,0.0257834230632086,3,3,3.96862696659689
25,28,4,12,243.690889754096,0.0257834230632086,3,3,3.96862696659689
25,28,4,14,-54.5890104579478,-0.115099820540249,3,3,4.5
25,28,6,12,-243.690889754096,-0.0257834230632086,3,3,3.96862696659689
25,28,6,18,54.5890104579478,0.115099820540249,3,3,4.5
25,28,12,14,-44.5985281604161,-0.140883243603458,3,3,3
25,28,12,18,44.5985281604161,0.140883243603458,3,3,3
25,28,14,30,-243.690889754096,-0.0257834230632086,3,3,3.96862696659689
25,28,18,37,243.690889754096,0.0257834230632086,3,3,3.96862696659689
25,28,30,47,243.690889754096,0.0257834230632086,3,3,3.96862696659689
25,28,37,50,-243.690889754096,-0.0257834230632086,3,3,3.96862696659689
25,28,45,47,-44.5985281604161,-0.140883243603458,3,3,3
25,28,45,50,44.5985281604161,0.140883243603458,3,3,3
25,28,45,69,-243.690889754096,-0.0257834230632086,3,3,3.96862696659689
25,28,45,73,243.690889754096,0.0257834230632086,3,3,3.96862696659689
25,28,47,69,54.5890104579478,0.115099820540249,3,3,4.5
25,28,50,73,-54.5890104579478,-0.115099820540249,3,3,4.5
25,30,4,12,-54.5890104579478,-0.115099820540249,3,3,4.5
25,30,4,14,243.690889754096,0.0257834230632086,3,3,3.96862696659689
25,30,9,14,-243.690889754096,-0.0257834230632086,3,3,3.96862696659689
25,30,9,23,54.5890104579478,0.115099820540249,3,3,4.5
25,30,12,14,44.5985281604161,0.140883243603458,3,3,3
25,30,12,28,-243.690889754096,-0.0257834230632086,3,3,3.96862696659689
25,30,14,23,44.5985281604161,0.140883243603458,3,3,3
25,30,23,43,243.690889754096,0.0257834230632086,3,3,3.96862696659689
25,30,28,45,243.690889754096,0.0257834230632086,3,3,3.96862696659689
25,30,43,56,-243.690889754096,-0.0257834230632086,3,3,3.96862696659689
25,30,45,47,44.5985281604161,0.140883243603458,3,3,3
25,30,45,69,54.5890104579478,0.115099820540249,3,3,4.5
25,30,47,56,44.5985281604161,0.140883243603458,3,3,3
25,30,47,69,-243.690889754096,-0.0257834230632086,3,3,3.96862696659689
25,30,47,75,243.690889754096,0.0257834230632086,3,3,3.96862696659689
25,30,56,75,-54.5890104579478,-0.115099820540249,3,3,4.5
25,45,12,14,-243.690889754096,-0.0257834230632086,3,3,3.96862696659689
25,45,12,18,54.5890104579478,0.115099820540249,3,3,4.5
25,45,12,28,44.5985281604161,0.140883243603458,3,3,3
25,45,14,30,243.690889754096,0.0257834230632086,3,3,3.96862696659689
25,45,18,28,243.690889754096,0.0257834230632086,3,3,3.96862696659689
25,45,28,37,243.690889754096,0.0257834230632086,3,3,3.96862696659689
25,45,28,50,44.5985281604161,0.140883243603458,3,3,3
25,45,30,47,44.5985281604161,0.140883243603458,3,3,3
25,45,30,56,54.5890104579478,0.115099820540249,3,3,4.5
25,45,37,50,54.5890104579478,0.115099820540249,3,3,4.5
25,45,47,56,-243.690889754096,-0.0257834230632086,3,3,3.96862696659689
25,45,47,69,44.5985281604161,0.140883243603458,3,3,3
25,45,47,75,243.690889754096,0.0257834230632086,3,3,3.96862696659689
25,45,50,73,243.690889754096,0.0257834230632086,3,3,3.96862696659689
25,45,69,73,243.690889754096,0.0257834230632086,3,3,3.96862696659689
25,45,69,75,-54.5890104579478,-0.115099820540249,3,3,4.5
25,47,12,14,243.690889754096,0.0257834230632086,3,3,3.96862696659689
25,47,12,28,243.690889754096,0.0257834230632086,3,3,3.96862696659689
25,47,14,23,54.5890104579478,0.115099820540249,3,3,4.5
25,47,14,30,44.5985281604161,0.140883243603458,3,3,3
25,47,23,30,243.690889754096,0.0257834230632086,3,3,3.96862696659689
25,47,28,45,44.5985281604161,0.140883243603458,3,3,3
25,47,28,50,54.5890104579478,0.115099820540249,3,3,4.5
25,47,30,43,243.690889754096,0.0257834230632086,3,3,3.96862696659689
25,47,30,56,44.5985281604161,0.140883243603458,3,3,3
25,47,43,56,54.5890104579478,0.115099820540249,3,3,4.5
25,47,45,50,-243.690889754096,-0.0257834230632086,3,3,3.96862696659689
25,47,45,69,44.5985281604161,0.140883243603458,3,3,3
25,47,45,73,243.690889754096,0.0257834230632086,3,3,3.96862696659689
25,47,56,75,243.690889754096,0.0257834230632086,3,3,3.96862696659689
25,47,69,73,-54.5890104579478,-0.115099820540249,3,3,4.5
25,47,69,75,243.690889754096,0.0257834230632086,3,3,3.96862696659689
26,39,8,10,-54.5890104579478,-0.115099820540249,3,3,4.5
26,39,8,19,243.690889754096,0.0257834230632086,3,3,3.96862696659689
26,39,10,19,44.5985281604161,0.140883243603458,3,3,3
26,39,10,21,-243.690889754096,-0.0257834230632086,3,3,3.96862696659689
26,39,19,22,243.690889754096,0.0257834230632086,3,3,3.96862696659689
26,39,19,35,44.5985281604161,0.140883243603458,3,3,3
26,39,21,40,243.690889754096,0.0257834230632086,3,3,3.96862696659689
26,39,22,35,54.5890104579478,0.115099820540249,3,3,4.5
26,39,35,59,243.690889754096,0.0257834230632086,3,3,3.96862696659689
26,39,40,48,44.5985281604161,0.140883243603458,3,3,3
26,39,40,66,54.5890104579478,0.115099820540249,3,3,4.5
26,39,48,65,44.5985281604161,0.140883243603458,3,3,3
26,39,48,66,-243.690889754096,-0.0257834230632086,3,3,3.96862696659689
26,39,48,80,243.690889754096,0.0257834230632086,3,3,3.96862696659689
26,39,59,65,-243.690889754096,-0.0257834230632086,3,3,3.96862696659689
26,39,65,80,-54.5890104579478,-0.115099820540249,3,3,4.5
26,40,9,10,-54.5890104579478,-0.115099820540249,3,3,4.5
26,40,9,21,243.690889754096,0.0257834230632086,3,3,3.96862696659689
26,40,10,19,-243.690889754096,-0.0257834230632086,3,3,3.96862696659689
26,40,10,21,44.5985281604161,0.140883243603458,3,3,3
26,40,19,39,243.690889754096,0.0257834230632086,3,3,3.96862696659689
26,40,21,23,243.690889754096,0.0257834230632086,3,3,3.96862696659689
26,40,21,38,44.5985281604161,0.140883243603458,3,3,3
26,40,23,38,54.5890104579478,0.115099820540249,3,3,4.5
26,40,38,60,243.690889754096,0.0257834230632086,3,3,3.96862696659689
26,40,39,48,44.5985281604161,0.140883243603458,3,3,3
26,40,39,65,54.5890104579478,0.115099820540249,3,3,4.5
26,40,48,65,-243.690889754096,-0.0257834230632086,3,3,3.96862696659689
26,40,48,66,44.5985281604161,0.140883243603458,3,3,3
26,40,48,80,243.690889754096,0.0257834230632086,3,3,3.96862696659689
26,40,60,66,-243.690889754096,-0.0257834230632086,3,3,3.96862696659689
26,40,66,80,-54.5890104579478,-0.115099820540249,3,3,4.5
26,48,10,19,243.690889754096,0.0257834230632086,3,3,3.96862696659689
26,48,10,21,243.690889754096,0.0257834230632086,3,3,3.96862696659689
26,48,19,35,54.5890104579478,0.115099820540249,3,3,4.5
26,48,19,39,44.5985281604161,0.140883243603458,3,3,3
26,48,21,38,54.5890104579478,0.115099820540249,3,3,4.5
26,48,21,40,44.5985281604161,0.140883243603458,3,3,3
26,48,35,39,243.690889754096,0.0257834230632086,3,3,3.96862696659689
26,48,38,40,243.690889754096,0.0257834230632086,3,3,3.96862696659689
26,48,39,59,243.690889754096,0.0257834230632086,3,3,3.96862696659689
26,48,39,65,44.5985281604161,0.140883243603458,3,3,3
26,48,40,60,243.690889754096,0.0257834230632086,3,3,3.96862696659689
26,48,40,66,44.5985281604161,0.140883243603458,3,3,3
26,48,59,65,54.5890104579478,0.115099820540249,3,3,4.5
26,48,60,66,54.5890104579478,0.115099820540249,3,3,4.5
26,48,65,80,243.690889754096,0.0257834230632086,3,3,3.96862696659689
26,48,66,80,243.690889754096,0.0257834230632086,3,3,3.96862696659689
27,36,5,11,-54.5890104579478,-0.115099820540249,3,3,4.5
27,36,5,17,243.690889754096,0.0257834230632086,3,3,3.96862696659689
27,36,11,17,44.5985281604161,0.140883243603458,3,3,3
27,36,11,24,-243.690889754096,-0.0257834230632086,3,3,3.96862696659689
27,36,15,17,-243.690889754096,-0.0257834230632086,3,3,3.96862696659689
27,36,15,31,54.5890104579478,0.115099820540249,3,3,4.5
27,36,17,31,44.5985281604161,0.140883243603458,3,3,3
27,36,24,44,243.690889754096,0.0257834230632086,3,3,3.96862696659689
27,36,31,54,243.690889754096,0.0257834230632086,3,3,3.96862696659689
27,36,44,49,44.5985281604161,0.140883243603458,3,3,3
27,36,44,72,54.5890104579478,0.115099820540249,3,3,4.5
27,36,49,63,44.5985281604161,0.140883243603458,3,3,3
27,36,49,72,-243.690889754096,-0.0257834230632086,3,3,3.96862696659689
27,36,49,81,243.690889754096,0.0257834230632086,3,3,3.96862696659689
27,36,54,63,-243.690889754096,-0.0257834230632086,3,3,3.96862696659689
27,36,63,81,-54.5890104579478,-0.115099820540249,3,3,4.5
27,44,11,13,54.5890104579478,0.115099820540249,3,3,4.5
27,44,11,17,-243.690889754096,-0.0257834230632086,3,3,3.96862696659689
27,44,11,24,44.5985281604161,0.140883243603458,3,3,3
27,44,13,24,243.690889754096,0.0257834230632086,3,3,3.96862696659689
27,44,17,36,243.690889754096,0.0257834230632086,3,3,3.96862696659689
27,44,24,29,243.690889754096,0.0257834230632086,3,3,3.96862696659689
27,44,24,46,44.5985281604161,0.140883243603458,3,3,3
27,44,29,46,54.5890104579478,0.115099820540249,3,3,4.5
27,44,36,49,44.5985281604161,0.140883243603458,3,3,3
27,44,36,63,54.5890104579478,0.115099820540249,3,3,4.5
27,44,46,67,243.690889754096,0.0257834230632086,3,3,3.96862696659689
27,44,49,63,-243.690889754096,-0.0257834230632086,3,3,3.96862696659689
27,44,49,72,44.5985281604161,0.140883243603458,3,3,3
27,44,49,81,243.690889754096,0.0257834230632086,3,3,3.96862696659689
27,44,67,72,-243.690889754096,-0.0257834230632086,3,3,3.96862696659689
27,44,72,81,-54.5890104579478,-0.115099820540249,3,3,4.5
27,49,11,17,243.690889754096,0.0257834230632086,3,3,3.96862696659689
27,49,11,24,243.690889754096,0.0257834230632086,3,3,3.96862696659689
27,49,17,31,54.5890104579478,0.115099820540249,3,3,4.5
27,49,17,36,44.5985281604161,0.140883243603458,3,3,3
27,49,24,44,44.5985281604161,0.140883243603458,3,3,3
27,49,24,46,54.5890104579478,0.115099820540249,3,3,4.5
27,49,31,36,243.690889754096,0.0257834230632086,3,3,3.96862696659689
27,49,36,54,243.690889754096,0.0257834230632086,3,3,3.96862696659689
27,49,36,63,44.5985281604161,0.140883243603458,3,3,3
27,49,44,46,-243.690889754096,-0.0257834230632086,3,3,3.96862696659689
27,49,44,67,243.690889754096,0.0257834230632086,3,3,3.96862696659689
27,49,44,72,44.5985281604161,0.140883243603458,3,3,3
27,49,54,63,54.5890104579478,0.115099820540249,3,3,4.5
27,49,63,81,243.690889754096,0.0257834230632086,3,3,3.96862696659689
27,49,67,72,54.5890104579478,0.115099820540249,3,3,4.5
27,49,72,81,243.690889754096,0.0257834230632086,3,3,3.96862696659689
28,37,6,12,-54.5890104579478,-0.115099820540249,3,3,4.5
28,37,6,18,243.690889754096,0.0257834230632086,3,3,3.96862696659689
28,37,12,18,44.5985281604161,0.140883243603458,3,3,3
28,37,12,25,-243.690889754096,-0.0257834230632086,3,3,3.96862696659689
28,37,16,18,-243.690889754096,-0.0257834230632086,3,3,3.96862696659689
28,37,16,32,54.5890104579478,0.115099820540249,3,3,4.5
28,37,18,32,44.5985281604161,0.140883243603458,3,3,3
28,37,25,45,243.690889754096,0.0257834230632086,3,3,3.96862696659689
28,37,32,55,243.690889754096,0.0257834230632086,3,3,3.96862696659689
28,37,45,50,44.5985281604161,0.140883243603458,3,3,3
28,37,45,73,54.5890104579478,0.115099820540249,3,3,4.5
28,37,50,64,44.5985281604161,0.140883243603458,3,3,3
28,37,50,73,-243.690889754096,-0.0257834230632086,3,3,3.96862696659689
28,37,50,82,243.690889754096,0.0257834230632086,3,3,3.96862696659689
28,37,55,64,-243.690889754096,-0.0257834230632086,3,3,3.96862696659689
28,37,64,82,-54.5890104579478,-0.115099820540249,3,3,4.5
28,45,12,14,54.5890104579478,0.115099820540249,3,3,4.5
28,45,12,18,-243.690889754096,-0.0257834230632086,3,3,3.96862696659689
28,45,12,25,44.5985281604161,0.140883243603458,3,3,3
28,45,14,25,243.690889754096,0.0257834230632086,3,3,3.96862696659689
28,45,18,37,243.690889754096,0.0257834230632086,3,3,3.96862696659689
28,45,25,30,243.690889754096,0.0257834230632086,3,3,3.96862696659689
28,45,25,47,44.5985281604161,0.140883243603458,3,3,3
28,45,30,47,54.5890104579478,0.115099820540249,3,3,4.5
28,45,37,50,44.5985281604161,0.140883243603458,3,3,3
28,45,37,64,54.5890104579478,0.115099820540249,3,3,4.5
28,45,47,69,243.690889754096,0.0257834230632086,3,3,3.96862696659689
28,45,50,64,-243.690889754096,-0.0257834230632086,3,3,3.96862696659689
28,45,50,73,44.5985281604161,0.140883243603458,3,3,3
28,45,50,82,243.690889754096,0.0257834230632086,3,3,3.96862696659689
28,45,69,73,-243.690889754096,-0.0257834230632086,3,3,3.96862696659689
28,45,73,82,-54.5890104579478,-0.115099820540249,3,3,4.5
28,50,12,18,243.690889754096,0.0257834230632086,3,3,3.96862696659689
28,50,12,25,243.690889754096,0.0257834230632086,3,3,3.96862696659689
28,50,18,32,54.5890104579478,0.115099820540249,3,3,4.5
28,50,18,37,44.5985281604161,0.140883243603458,3,3,3
28,50,25,45,44.5985281604161,0.140883243603458,3,3,3
28,50,25,47,54.5890104579478,0.115099820540249,3,3,4.5
28,50,32,37,243.690889754096,0.0257834230632086,3,3,3.96862696659689
28,50,37,55,243.690889754096,0.0257834230632086,3,3,3.96862696659689
28,50,37,64,44.5985281604161,0.140883243603458,3,3,3
28,50,45,47,-243.690889754096,-0.0257834230632086,3,3,3.96862696659689
28,50,45,69,243.690889754096,0.0257834230632086,3,3,3.96862696659689
28,50,45,73,44.5985281604161,0.140883243603458,3,3,3
28,50,55,64,54.5890104579478,0.115099820540249,3,3,4.5
28,50,64,82,243.690889754096,0.0257834230632086,3,3,3.96862696659689
28,50,69,73,54.5890104579478,0.115099820540249,3,3,4.5
28,50,73,82,243.690889754096,0.0257834230632086,3,3,3.96862696659689
29,42,8,13,-54.5890104579478,-0.115099820540249,3,3,4.5
29,42,8,22,243.690889754096,0.0257834230632086,3,3,3.96862696659689
29,42,13,22,44.5985281604161,0.140883243603458,3,3,3
29,42,13,24,-243.690889754096,-0.0257834230632086,3,3,3.96862696659689
29,42,19,22,-243.690889754096,-0.0257834230632086,3,3,3.96862696659689
29,42,19,35,54.5890104579478,0.115099820540249,3,3,4.5
29,42,22,35,44.5985281604161,0.140883243603458,3,3,3
29,42,24,46,243.690889754096,0.0257834230632086,3,3,3.96862696659689
29,42,35,61,243.690889754096,0.0257834230632086,3,3,3.96862696659689
29,42,46,53,44.5985281604161,0.140883243603458,3,3,3
29,42,46,74,54.5890104579478,0.115099820540249,3,3,4.5
29,42,53,70,44.5985281604161,0.140883243603458,3,3,3
29,42,53,74,-243.690889754096,-0.0257834230632086,3,3,3.96862696659689
29,42,53,85,243.690889754096,0.0257834230632086,3,3,3.96862696659689
29,42,61,70,-243.690889754096,-0.0257834230632086,3,3,3.96862696659689
29,42,70,85,-54.5890104579478,-0.115099820540249,3,3,4.5
29,46,11,13,-54.5890104579478,-0.115099820540249,3,3,4.5
29,46,11,24,243.690889754096,0.0257834230632086,3,3,3.96862696659689
29,46,13,22,-243.690889754096,-0.0257834230632086,3,3,3.96862696659689
29,46,13,24,44.5985281604161,0.140883243603458,3,3,3
29,46,22,42,243.690889754096,0.0257834230632086,3,3,3.96862696659689
29,46,24,27,243.690889754096,0.0257834230632086,3,3,3.96862696659689
29,46,24,44,44.5985281604161,0.140883243603458,3,3,3
29,46,27,44,54.5890104579478,0.115099820540249,3,3,4.5
29,46,42,53,44.5985281604161,0.140883243603458,3,3,3
29,46,42,70,54.5890104579478,0.115099820540249,3,3,4.5
29,46,44,67,243.690889754096,0.0257834230632086,3,3,3.96862696659689
29,46,53,70,-243.690889754096,-0.0257834230632086,3,3,3.96862696659689
29,46,53,74,44.5985281604161,0.140883243603458,3,3,3
29,46,53,85,243.690889754096,0.0257834230632086,3,3,3.96862696659689
29,46,67,74,-243.690889754096,-0.0257834230632086,3,3,3.96862696659689
29,46,74,85,-54.5890104579478,-0.115099820540249,3,3,4.5
29,53,13,22,243.690889754096,0.0257834230632086,3,3,3.96862696659689
29,53,13,24,243.690889754096,0.0257834230632086,3,3,3.96862696659689
29,53,22,35,54.5890104579478,0.115099820540249,3,3,4.5
29,53,22,42,44.5985281604161,0.140883243603458,3,3,3
29,53,24,44,54.5890104579478,0.115099820540249,3,3,4.5
29,53,24,46,44.5985281604161,0.140883243603458,3,3,3
29,53,35,42,243.690889754096,0.0257834230632086,3,3,3.96862696659689
29,53,42,61,243.690889754096,0.0257834230632086,3,3,3.96862696659689
29,53,42,70,44.5985281604161,0.140883243603458,3,3,3
29,53,44,46,243.690889754096,0.0257834230632086,3,3,3.96862696659689
29,53,46,67,243.690889754096,0.0257834230632086,3,3,3.96862696659689
29,53,46,74,44.5985281604161,0.140883243603458,3,3,3
29,53,61,70,54.5890104579478,0.115099820540249,3,3,4.5
29,53,67,74,54.5890104579478,0.115099820540249,3,3,4.5
29,53,70,85,243.690889754096,0.0257834230632086,3,3,3.96862696659689
29,53,74,85,243.690889754096,0.0257834230632086,3,3,3.96862696659689
30,43,9,14,-54.5890104579478,-0.115099820540249,3,3,4.5
30,43,9,23,243.690889754096,0.0257834230632086,3,3,3.96862696659689
30,43,14,23,44.5985281604161,0.140883243603458,3,3,3
30,43,14,25,-243.690889754096,-0.0257834230632086,3,3,3.96862696659689
30,43,21,23,-243.690889754096,-0.0257834230632086,3,3,3.96862696659689
30,43,21,38,54.5890104579478,0.115099820540249,3,3,4.5
30,43,23,38,44.5985281604161,0.140883243603458,3,3,3
30,43,25,47,243.690889754096,0.0257834230632086,3,3,3.96862696659689
30,43,38,62,243.690889754096,0.0257834230632086,3,3,3.96862696659689
30,43,47,56,44.5985281604161,0.140883243603458,3,3,3
30,43,47,75,54.5890104579478,0.115099820540249,3,3,4.5
30,43,56,71,44.5985281604161,0.140883243603458,3,3,3
30,43,56,75,-243.690889754096,-0.0257834230632086,3,3,3.96862696659689
30,43,56,86,243.690889754096,0.0257834230632086,3,3,3.96862696659689
30,43,62,71,-243.690889754096,-0.0257834230632086,3,3,3.96862696659689
30,43,71,86,-54.5890104579478,-0.115099820540249,3,3,4.5
30,47,12,14,-54.5890104579478,-0.115099820540249,3,3,4.5
30,47,12,25,243.690889754096,0.0257834230632086,3,3,3.96862696659689
30,47,14,23,-243.690889754096,-0.0257834230632086,3,3,3.96862696659689
30,47,14,25,44.5985281604161,0.140883243603458,3,3,3
30,47,23,43,243.690889754096,0.0257834230632086,3,3,3.96862696659689
30,47,25,28,243.690889754096,0.0257834230632086,3,3,3.96862696659689
30,47,25,45,44.5985281604161,0.140883243603458,3,3,3
30,47,28,45,54.5890104579478,0.115099820540249,3,3,4.5
30,47,43,56,44.5985281604161,0.140883243603458,3,3,3
30,47,43,71,54.5890104579478,0.115099820540249,3,3,4.5
30,47,45,69,243.690889754096,0.0257834230632086,3,3,3.96862696659689
30,47,56,71,-243.690889754096,-0.0257834230632086,3,3,3.96862696659689
30,47,56,75,44.5985281604161,0.140883243603458,3,3,3
30,47,56,86,243.690889754096,0.0257834230632086,3,3,3.96862696659689
30,47,69,75,-243.690889754096,-0.0257834230632086,3,3,3.96862696659689
30,47,75,86,-54.5890104579478,-0.115099820540249,3,3,4.5
30,56,14,23,243.690889754096,0.0257834230632086,3,3,3.96862696659689
30,56,14,25,243.690889754096,0.0257834230632086,3,3,3.96862696659689
30,56,23,38,54.5890104579478,0.115099820540249,3,3,4.5
30,56,23,43,44.5985281604161,0.140883243603458,3,3,3
30,56,25,45,54.5890104579478,0.115099820540249,3,3,4.5
30,56,25,47,44.5985281604161,0.140883243603458,3,3,3
30,56,38,43,243.690889754096,0.0257834230632086,3,3,3.96862696659689
30,56,43,62,243.690889754096,0.0257834230632086,3,3,3.96862696659689
30,56,43,71,44.5985281604161,0.140883243603458,3,3,3
30,56,45,47,243.690889754096,0.0257834230632086,3,3,3.96862696659689
30,56,47,69,243.690889754096,0.0257834230632086,3,3,3.96862696659689
30,56,47,75,44.5985281604161,0.140883243603458,3,3,3
30,56,62,71,54.5890104579478,0.115099820540249,3,3,4.5
30,56,69,75,54.5890104579478,0.115099820540249,3,3,4.5
30,56,71,86,243.690889754096,0.0257834230632086,3,3,3.96862696659689
30,56,75,86,243.690889754096,0.0257834230632086,3,3,3.96862696659689
31,33,5,15,243.690889754096,0.0257834230632086,3,3,3.96862696659689
31,33,5,17,-54.5890104579478,-0.115099820540249,3,3,4.5
31,33,7,15,-243.690889754096,-0.0257834230632086,3,3,3.96862696659689
31,33,7,20,54.5890104579478,0.115099820540249,3,3,4.5
31,33,15,17,-44.5985281604161,-0.140883243603458,3,3,3
31,33,15,20,44.5985281604161,0.140883243603458,3,3,3
31,33,17,36,-243.690889754096,-0.0257834230632086,3,3,3.96862696659689
31,33,20,41,243.690889754096,0.0257834230632086,3,3,3.96862696659689
31,33,36,54,243.690889754096,0.0257834230632086,3,3,3.96862696659689
31,33,41,57,-243.690889754096,-0.0257834230632086,3,3,3.96862696659689
31,33,51,54,-44.5985281604161,-0.140883243603458,3,3,3
31,33,51,57,44.5985281604161,0.140883243603458,3,3,3
31,33,51,76,-243.690889754096,-0.0257834230632086,3,3,3.96862696659689
31,33,51,78,243.690889754096,0.0257834230632086,3,3,3.96862696659689
31,33,54,76,54.5890104579478,0.115099820540249,3,3,4.5
31,33,57,78,-54.5890104579478,-0.115099820540249,3,3,4.5
31,36,5,15,-54.5890104579478,-0.115099820540249,3,3,4.5
31,36,5,17,243.690889754096,0.0257834230632086,3,3,3.96862696659689
31,36,11,17,-243.690889754096,-0.0257834230632086,3,3,3.96862696659689
31,36,11,27,54.5890104579478,0.115099820540249,3,3,4.5
31,36,15,17,44.5985281604161,0.140883243603458,3,3,3
31,36,15,33,-243.690889754096,-0.0257834230632086,3,3,3.96862696659689
31,36,17,27,44.5985281604161,0.140883243603458,3,3,3
31,36,27,49,243.690889754096,0.0257834230632086,3,3,3.96862696659689
31,36,33,51,243.690889754096,0.0257834230632086,3,3,3.96862696659689
31,36,49,63,-243.690889754096,-0.0257834230632086,3,3,3.96862696659689
31,36,51,54,44.5985281604161,0.140883243603458,3,3,3
31,36,51,76,54.5890104579478,0.115099820540249,3,3,4.5
31,36,54,63,44.5985281604161,0.140883243603458,3,3,3
31,36,54,76,-243.690889754096,-0.0257834230632086,3,3,3.96862696659689
31,36,54,83,243.690889754096,0.0257834230632086,3,3,3.96862696659689
31,36,63,83,-54.5890104579478,-0.115099820540249,3,3,4.5
31,51,15,17,-243.690889754096,-0.0257834230632086,3,3,3.96862696659689
31,51,15,20,54.5890104579478,0.115099820540249,3,3,4.5
31,51,15,33,44.5985281604161,0.140883243603458,3,3,3
31,51,17,36,243.690889754096,0.0257834230632086,3,3,3.96862696659689
31,51,20,33,243.690889754096,0.0257834230632086,3,3,3.96862696659689
31,51,33,41,243.690889754096,0.0257834230632086,3,3,3.96862696659689
31,51,33,57,44.5985281604161,0.140883243603458,3,3,3
31,51,36,54,44.5985281604161,0.140883243603458,3,3,3
31,51,36,63,54.5890104579478,0.115099820540249,3,3,4.5
31,51,41,57,54.5890104579478,0.115099820540249,3,3,4.5
31,51,54,63,-243.690889754096,-0.0257834230632086,3,3,3.96862696659689
31,51,54,76,44.5985281604161,0.140883243603458,3,3,3
31,51,54,83,243.690889754096,0.0257834230632086,3,3,3.96862696659689
31,51,57,78,243.690889754096,0.0257834230632086,3,3,3.96862696659689
31,51,76,78,243.690889754096,0.0257834230632086,3,3,3.96862696659689
31,51,76,83,-54.5890104579478,-0.115099820540249,3,3,4.5
31,54,15,17,243.690889754096,0.0257834230632086,3,3,3.96862696659689
31,54,15,33,243.690889754096,0.0257834230632086,3,3,3.96862696659689
31,54,17,27,54.5890104579478,0.115099820540249,3,3,4.5
31,54,17,36,44.5985281604161,0.140883243603458,3,3,3
31,54,27,36,243.690889754096,0.0257834230632086,3,3,3.96862696659689
31,54,33,51,44.5985281604161,0.140883243603458,3,3,3
31,54,33,57,54.5890104579478,0.115099820540249,3,3,4.5
31,54,36,49,243.690889754096,0.0257834230632086,3,3,3.96862696659689
31,54,36,63,44.5985281604161,0.140883243603458,3,3,3
31,54,49,63,54.5890104579478,0.115099820540249,3,3,4.5
31,54,51,57,-243.690889754096,-0.0257834230632086,3,3,3.96862696659689
31,54,51,76,44.5985281604161,0.140883243603458,3,3,3
31,54,51,78,243.690889754096,0.0257834230632086,3,3,3.96862696659689
31,54,63,83,243.690889754096,0.0257834230632086,3,3,3.96862696659689
31,54,76,78,-54.5890104579478,-0.115099820540249,3,3,4.5
31,54,76,83,243.690889754096,0.0257834230632086,3,3,3.96862696659689
32,34,6,16,243.690889754096,0.0257834230632086,3,3,3.96862696659689
32,34,6,18,-54.5890104579478,-0.115099820540249,3,3,4.5
32,34,7,16,-243.690889754096,-0.0257834230632086,3,3,3.96862696659689
32,34,7,20,54.5890104579478,0.115099820540249,3,3,4.5
32,34,16,18,-44.5985281604161,-0.140883243603458,3,3,3
32,34,16,20,44.5985281604161,0.140883243603458,3,3,3
32,34,18,37,-243.690889754096,-0.0257834230632086,3,3,3.96862696659689
32,34,20,41,243.690889754096,0.0257834230632086,3,3,3.96862696659689
32,34,37,55,243.690889754096,0.0257834230632086,3,3,3.96862696659689
32,34,41,58,-243.690889754096,-0.0257834230632086,3,3,3.96862696659689
32,34,52,55,-44.5985281604161,-0.140883243603458,3,3,3
32,34,52,58,44.5985281604161,0.140883243603458,3,3,3
32,34,52,77,-243.690889754096,-0.0257834230632086,3,3,3.96862696659689
32,34,52,79,243.690889754096,0.0257834230632086,3,3,3.96862696659689
32,34,55,77,54.5890104579478,0.115099820540249,3,3,4.5
32,34,58,79,-54.5890104579478,-0.115099820540249,3,3,4.5
32,37,6,16,-54.5890104579478,-0.115099820540249,3,3,4.5
32,37,6,18,243.690889754096,0.0257834230632086,3,3,3.96862696659689
32,37,12,18,-243.690889754096,-0.0257834230632086,3,3,3.96862696659689
32,37,12,28,54.5890104579478,0.115099820540249,3,3,4.5
32,37,16,18,44.5985281604161,0.140883243603458,3,3,3
32,37,16,34,-243.690889754096,-0.0257834230632086,3,3,3.96862696659689
32,37,18,28,44.5985281604161,0.140883243603458,3,3,3
32,37,28,50,243.690889754096,0.0257834230632086,3,3,3.96862696659689
32,37,34,52,243.690889754096,0.0257834230632086,3,3,3.96862696659689
32,37,50,64,-243.690889754096,-0.0257834230632086,3,3,3.96862696659689
32,37,52,55,44.5985281604161,0.140883243603458,3,3,3
32,37,52,77,54.5890104579478,0.115099820540249,3,3,4.5
32,37,55,64,44.5985281604161,0.140883243603458,3,3,3
32,37,55,77,-243.690889754096,-0.0257834230632086,3,3,3.96862696659689
32,37,55,84,243.690889754096,0.0257834230632086,3,3,3.96862696659689
32,37,64,84,-54.5890104579478,-0.115099820540249,3,3,4.5
32,52,16,18,-243.690889754096,-0.0257834230632086,3,3,3.96862696659689
32,52,16,20,54.5890104579478,0.115099820540249,3,3,4.5
32,52,16,34,44.5985281604161,0.140883243603458,3,3,3
32,52,18,37,243.690889754096,0.0257834230632086,3,3,3.96862696659689
32,52,20,34,243.690889754096,0.0257834230632086,3,3,3.96862696659689
32,52,34,41,243.690889754096,0.0257834230632086,3,3,3.96862696659689
32,52,34,58,44.5985281604161,0.140883243603458,3,3,3
32,52,37,55,44.5985281604161,0.140883243603458,3,3,3
32,52,37,64,54.5890104579478,0.115099820540249,3,3,4.5
32,52,41,58,54.5890104579478,0.115099820540249,3,3,4.5
32,52,55,64,-243.690889754096,-0.0257834230632086,3,3,3.96862696659689
32,52,55,77,44.5985281604161,0.140883243603458,3,3,3
32,52,55,84,243.690889754096,0.0257834230632086,3,3,3.96862696659689
32,52,58,79,243.690889754096,0.0257834230632086,3,3,3.96862696659689
32,52,77,79,243.690889754096,0.0257834230632086,3,3,3.96862696659689
32,52,77,84,-54.5890104579478,-0.115099820540249,3,3,4.5
32,55,16,18,243.690889754096,0.0257834230632086,3,3,3.96862696659689
32,55,16,34,243.690889754096,0.0257834230632086,3,3,3.96862696659689
32,55,18,28,54.5890104579478,0.115099820540249,3,3,4.5
32,55,18,37,44.5985281604161,0.140883243603458,3,3,3
32,55,28,37,243.690889754096,0.0257834230632086,3,3,3.96862696659689
32,55,34,52,44.5985281604161,0.140883243603458,3,3,3
32,55,34,58,54.5890104579478,0.115099820540249,3,3,4.5
32,55,37,50,243.690889754096,0.0257834230632086,3,3,3.96862696659689
32,55,37,64,44.5985281604161,0.140883243603458,3,3,3
32,55,50,64,54.5890104579478,0.115099820540249,3,3,4.5
32,55,52,58,-243.690889754096,-0.0257834230632086,3,3,3.96862696659689
32,55,52,77,44.5985281604161,0.140883243603458,3,3,3
32,55,52,79,243.690889754096,0.0257834230632086,3,3,3.96862696659689
32,55,64,84,243.690889754096,0.0257834230632086,3,3,3.96862696659689
32,55,77,79,-54.5890104579478,-0.115099820540249,3,3,4.5
32,55,77,84,243.690889754096,0.0257834230632086,3,3,3.96862696659689
33,41,7,15,-54.5890104579478,-0.115099820540249,3,3,4.5
33,41,7,20,243.690889754096,0.0257834230632086,3,3,3.96862696659689
33,41,15,20,44.5985281604161,0.140883243603458,3,3,3
33,41,15,31,-243.690889754096,-0.0257834230632086,3,3,3.96862696659689
33,41,16,20,-243.690889754096,-0.0257834230632086,3,3,3.96862696659689
33,41,16,34,54.5890104579478,0.115099820540249,3,3,4.5
33,41,20,34,44.5985281604161,0.140883243603458,3,3,3
33,41,31,51,243.690889754096,0.0257834230632086,3,3,3.96862696659689
33,41,34,58,243.690889754096,0.0257834230632086,3,3,3.96862696659689
33,41,51,57,44.5985281604161,0.140883243603458,3,3,3
33,41,51,78,54.5890104579478,0.115099820540249,3,3,4.5
33,41,57,68,44.5985281604161,0.140883243603458,3,3,3
33,41,57,78,-243.690889754096,-0.0257834230632086,3,3,3.96862696659689
33,41,57,88,243.690889754096,0.0257834230632086,3,3,3.96862696659689
33,41,58,68,-243.690889754096,-0.0257834230632086,3,3,3.96862696659689
33,41,68,88,-54.5890104579478,-0.115099820540249,3,3,4.5
33,51,15,17,54.5890104579478,0.115099820540249,3,3,4.5
33,51,15,20,-243.690889754096,-0.0257834230632086,3,3,3.96862696659689
33,51,15,31,44.5985281604161,0.140883243603458,3,3,3
33,51,17,31,243.690889754096,0.0257834230632086,3,3,3.96862696659689
33,51,20,41,243.690889754096,0.0257834230632086,3,3,3.96862696659689
33,51,31,36,243.690889754096,0.0257834230632086,3,3,3.96862696659689
33,51,31,54,44.5985281604161,0.140883243603458,3,3,3
33,51,36,54,54.5890104579478,0.115099820540249,3,3,4.5
33,51,41,57,44.5985281604161,0.140883243603458,3,3,3
33,51,41,68,54.5890104579478,0.115099820540249,3,3,4.5
33,51,54,76,243.690889754096,0.0257834230632086,3,3,3.96862696659689
33,51,57,68,-243.690889754096,-0.0257834230632086,3,3,3.96862696659689
33,51,57,78,44.5985281604161,0.140883243603458,3,3,3
33,51,57,88,243.690889754096,0.0257834230632086,3,3,3.96862696659689
33,51,76,78,-243.690889754096,-0.0257834230632086,3,3,3.96862696659689
33,51,78,88,-54.5890104579478,-0.115099820540249,3,3,4.5
33,57,15,20,243.690889754096,0.0257834230632086,3,3,3.96862696659689
33,57,15,31,243.690889754096,0.0257834230632086,3,3,3.96862696659689
33,57,20,34,54.5890104579478,0.115099820540249,3,3,4.5
33,57,20,41,44.5985281604161,0.140883243603458,3,3,3
33,57,31,51,44.5985281604161,0.140883243603458,3,3,3
33,57,31,54,54.5890104579478,0.115099820540249,3,3,4.5
33,57,34,41,243.690889754096,0.0257834230632086,3,3,3.96862696659689
33,57,41,58,243.690889754096,0.0257834230632086,3,3,3.96862696659689
33,57,41,68,44.5985281604161,0.140883243603458,3,3,3
33,57,51,54,-243.690889754096,-0.0257834230632086,3,3,3.96862696659689
33,57,51,76,243.690889754096,0.0257834230632086,3,3,3.96862696659689
33,57,51,78,44.5985281604161,0.140883243603458,3,3,3
33,57,58,68,54.5890104579478,0.115099820540249,3,3,4.5
33,57,68,88,243.690889754096,0.0257834230632086,3,3,3.96862696659689
33,57,76,78,54.5890104579478,0.115099820540249,3,3,4.5
33,57,78,88,243.690889754096,0.0257834230632086,3,3,3.96862696659689
34,41,7,16,-54.5890104579478,-0.115099820540249,3,3,4.5
34,41,7,20,243.690889754096,0.0257834230632086,3,3,3.96862696659689
34,41,15,20,-243.690889754096,-0.0257834230632086,3,3,3.96862696659689
34,41,15,33,54.5890104579478,0.115099820540249,3,3,4.5
34,41,16,20,44.5985281604161,0.140883243603458,3,3,3
34,41,16,32,-243.690889754096,-0.0257834230632086,3,3,3.96862696659689
34,41,20,33,44.5985281604161,0.140883243603458,3,3,3
34,41,32,52,243.690889754096,0.0257834230632086,3,3,3.96862696659689
34,41,33,57,243.690889754096,0.0257834230632086,3,3,3.96862696659689
34,41,52,58,44.5985281604161,0.140883243603458,3,3,3
34,41,52,79,54.5890104579478,0.115099820540249,3,3,4.5
34,41,57,68,-243.690889754096,-0.0257834230632086,3,3,3.96862696659689
34,41,58,68,44.5985281604161,0.140883243603458,3,3,3
34,41,58,79,-243.690889754096,-0.0257834230632086,3,3,3.96862696659689
34,41,58,89,243.690889754096,0.0257834230632086,3,3,3.96862696659689
34,41,68,89,-54.5890104579478,-0.115099820540249,3,3,4.5
34,52,16,18,54.5890104579478,0.115099820540249,3,3,4.5
34,52,16,20,-243.690889754096,-0.0257834230632086,3,3,3.96862696659689
34,52,16,32,44.5985281604161,0.140883243603458,3,3,3
34,52,18,32,243.690889754096,0.0257834230632086,3,3,3.96862696659689
34,52,20,41,243.690889754096,0.0257834230632086,3,3,3.96862696659689
34,52,32,37,243.690889754096,0.0257834230632086,3,3,3.96862696659689
34,52,32,55,44.5985281604161,0.140883243603458,3,3,3
34,52,37,55,54.5890104579478,0.115099820540249,3,3,4.5
34,52,41,58,44.5985281604161,0.140883243603458,3,3,3
34,52,41,68,54.5890104579478,0.115099820540249,3,3,4.5
34,52,55,77,243.690889754096,0.0257834230632086,3,3,3.96862696659689
34,52,58,68,-243.690889754096,-0.0257834230632086,3,3,3.96862696659689
34,52,58,79,44.5985281604161,0.140883243603458,3,3,3
34,52,58,89,243.690889754096,0.0257834230632086,3,3,3.96862696659689
34,52,77,79,-243.690889754096,-0.0257834230632086,3,3,3.96862696659689
34,52,79,89,-54.5890104579478,-0.115099820540249,3,3,4.5
34,58,16,20,243.690889754096,0.0257834230632086,3,3,3.96862696659689
34,58,16,32,243.690889754096,0.0257834230632086,3,3,3.96862696659689
34,58,20,33,54.5890104579478,0.115099820540249,3,3,4.5
34,58,20,41,44.5985281604161,0.140883243603458,3,3,3
34,58,32,52,44.5985281604161,0.140883243603458,3,3,3
34,58,32,55,54.5890104579478,0.115099820540249,3,3,4.5
34,58,33,41,243.690889754096,0.0257834230632086,3,3,3.96862696659689
34,58,41,57,243.690889754096,0.0257834230632086,3,3,3.96862696659689
34,58,41,68,44.5985281604161,0.140883243603458,3,3,3
34,58,52,55,-243.690889754096,-0.0257834230632086,3,3,3.96862696659689
34,58,52,77,243.690889754096,0.0257834230632086,3,3,3.96862696659689
34,58,52,79,44.5985281604161,0.140883243603458,3,3,3
34,58,57,68,54.5890104579478,0.115099820540249,3,3,4.5
34,58,68,89,243.690889754096,0.0257834230632086,3,3,3.96862696659689
34,58,77,79,54.5890104579478,0.115099820540249,3,3,4.5
34,58,79,89,243.690889754096,0.0257834230632086,3,3,3.96862696659689
35,39,8,19,243.690889754096,0.0257834230632086,3,3,3.96862696659689
35,39,8,22,-54.5890104579478,-0.115099820540249,3,3,4.5
35,39,10,19,-243.690889754096,-0.0257834230632086,3,3,3.96862696659689
35,39,10,26,54.5890104579478,0.115099820540249,3,3,4.5
35,39,19,22,-44.5985281604161,-0.140883243603458,3,3,3
35,39,19,26,44.5985281604161,0.140883243603458,3,3,3
35,39,22,42,-243.690889754096,-0.0257834230632086,3,3,3.96862696659689
35,39,26,48,243.690889754096,0.0257834230632086,3,3,3.96862696659689
35,39,42,61,243.690889754096,0.0257834230632086,3,3,3.96862696659689
35,39,48,65,-243.690889754096,-0.0257834230632086,3,3,3.96862696659689
35,39,59,61,-44.5985281604161,-0.140883243603458,3,3,3
35,39,59,65,44.5985281604161,0.140883243603458,3,3,3
35,39,59,87,-243.690889754096,-0.0257834230632086,3,3,3.96862696659689
35,39,59,91,243.690889754096,0.0257834230632086,3,3,3.96862696659689
35,39,61,87,54.5890104579478,0.115099820540249,3,3,4.5
35,39,65,91,-54.5890104579478,-0.115099820540249,3,3,4.5
35,42,8,19,-54.5890104579478,-0.115099820540249,3,3,4.5
35,42,8,22,243.690889754096,0.0257834230632086,3,3,3.96862696659689
35,42,13,22,-243.690889754096,-0.0257834230632086,3,3,3.96862696659689
35,42,13,29,54.5890104579478,0.115099820540249,3,3,4.5
35,42,19,22,44.5985281604161,0.140883243603458,3,3,3
35,42,19,39,-243.690889754096,-0.0257834230632086,3,3,3.96862696659689
35,42,22,29,44.5985281604161,0.140883243603458,3,3,3
35,42,29,53,243.690889754096,0.0257834230632086,3,3,3.96862696659689
35,42,39,59,243.690889754096,0.0257834230632086,3,3,3.96862696659689
35,42,53,70,-243.690889754096,-0.0257834230632086,3,3,3.96862696659689
35,42,59,61,44.5985281604161,0.140883243603458,3,3,3
35,42,59,87,54.5890104579478,0.115099820540249,3,3,4.5
35,42,61,70,44.5985281604161,0.140883243603458,3,3,3
35,42,61,87,-243.690889754096,-0.0257834230632086,3,3,3.96862696659689
35,42,61,93,243.690889754096,0.0257834230632086,3,3,3.96862696659689
35,42,70,93,-54.5890104579478,-0.115099820540249,3,3,4.5
35,59,19,22,-243.690889754096,-0.0257834230632086,3,3,3.96862696659689
35,59,19,26,54.5890104579478,0.115099820540249,3,3,4.5
35,59,19,39,44.5985281604161,0.140883243603458,3,3,3
35,59,22,42,243.690889754096,0.0257834230632086,3,3,3.96862696659689
35,59,26,39,243.690889754096,0.0257834230632086,3,3,3.96862696659689
35,59,39,48,243.690889754096,0.0257834230632086,3,3,3.96862696659689
35,59,39,65,44.5985281604161,0.140883243603458,3,3,3
35,59,42,61,44.5985281604161,0.140883243603458,3,3,3
35,59,42,70,54.5890104579478,0.115099820540249,3,3,4.5
35,59,48,65,54.5890104579478,0.115099820540249,3,3,4.5
35,59,61,70,-243.690889754096,-0.0257834230632086,3,3,3.96862696659689
35,59,61,87,44.5985281604161,0.140883243603458,3,3,3
35,59,61,93,243.690889754096,0.0257834230632086,3,3,3.96862696659689
35,59,65,91,243.690889754096,0.0257834230632086,3,3,3.96862696659689
35,59,87,91,243.690889754096,0.0257834230632086,3,3,3.96862696659689
35,59,87,93,-54.5890104579478,-0.115099820540249,3,3,4.5
35,61,19,22,243.690889754096,0.0257834230632086,3,3,3.96862696659689
35,61,19,39,243.690889754096,0.0257834230632086,3,3,3.96862696659689
35,61,22,29,54.5890104579478,0.115099820540249,3,3,4.5
35,61,22,42,44.5985281604161,0.140883243603458,3,3,3
35,61,29,42,243.690889754096,0.0257834230632086,3,3,3.96862696659689
35,61,39,59,44.5985281604161,0.140883243603458,3,3,3
35,61,39,65,54.5890104579478,0.115099820540249,3,3,4.5
35,61,42,53,243.690889754096,0.0257834230632086,3,3,3.96862696659689
35,61,42,70,44.5985281604161,0.140883243603458,3,3,3
35,61,53,70,54.5890104579478,0.115099820540249,3,3,4.5
35,61,59,65,-243.690889754096,-0.0257834230632086,3,3,3.96862696659689
35,61,59,87,44.5985281604161,0.140883243603458,3,3,3
35,61,59,91,243.690889754096,0.0257834230632086,3,3,3.96862696659689
35,61,70,93,243.690889754096,0.0257834230632086,3,3,3.96862696659689
35,61,87,91,-54.5890104579478,-0.115099820540249,3,3,4.5
35,61,87,93,243.690889754096,0.0257834230632086,3,3,3.96862696659689
36,49,11,17,-54.5890104579478,-0.115099820540249,3,3,4.5
36,49,11,27,243.690889754096,0.0257834230632086,3,3,3.96862696659689
36,49,17,27,44.5985281604161,0.140883243603458,3,3,3
36,49,17,31,-243.690889754096,-0.0257834230632086,3,3,3.96862696659689
36,49,24,27,-243.690889754096,-0.0257834230632086,3,3,3.96862696659689
36,49,24,44,54.5890104579478,0.115099820540249,3,3,4.5
36,49,27,44,44.5985281604161,0.140883243603458,3,3,3
36,49,31,54,243.690889754096,0.0257834230632086,3,3,3.96862696659689
36,49,44,72,243.690889754096,0.0257834230632086,3,3,3.96862696659689
36,49,54,63,44.5985281604161,0.140883243603458,3,3,3
36,49,54,83,54.5890104579478,0.115099820540249,3,3,4.5
36,49,63,81,44.5985281604161,0.140883243603458,3,3,3
36,49,63,83,-243.690889754096,-0.0257834230632086,3,3,3.96862696659689
36,49,63,95,243.690889754096,0.0257834230632086,3,3,3.96862696659689
36,49,72,81,-243.690889754096,-0.0257834230632086,3,3,3.96862696659689
36,49,81,95,-54.5890104579478,-0.115099820540249,3,3,4.5
36,54,15,17,-54.5890104579478,-0.115099820540249,3,3,4.5
36,54,15,31,243.690889754096,0.0257834230632086,3,3,3.96862696659689
36,54,17,27,-243.690889754096,-0.0257834230632086,3,3,3.96862696659689
36,54,17,31,44.5985281604161,0.140883243603458,3,3,3
36,54,27,49,243.690889754096,0.0257834230632086,3,3,3.96862696659689
36,54,31,33,243.690889754096,0.0257834230632086,3,3,3.96862696659689
36,54,31,51,44.5985281604161,0.140883243603458,3,3,3
36,54,33,51,54.5890104579478,0.115099820540249,3,3,4.5
36,54,49,63,44.5985281604161,0.140883243603458,3,3,3
36,54,49,81,54.5890104579478,0.115099820540249,3,3,4.5
36,54,51,76,243.690889754096,0.0257834230632086,3,3,3.96862696659689
36,54,63,81,-243.690889754096,-0.0257834230632086,3,3,3.96862696659689
36,54,63,83,44.5985281604161,0.140883243603458,3,3,3
36,54,63,95,243.690889754096,0.0257834230632086,3,3,3.96862696659689
36,54,76,83,-243.690889754096,-0.0257834230632086,3,3,3.96862696659689
36,54,83,95,-54.5890104579478,-0.115099820540249,3,3,4.5
36,63,17,27,243.690889754096,0.0257834230632086,3,3,3.96862696659689
36,63,17,31,243.690889754096,0.0257834230632086,3,3,3.96862696659689
36,63,27,44,54.5890104579478,0.115099820540249,3,3,4.5
36,63,27,49,44.5985281604161,0.140883243603458,3,3,3
36,63,31,51,54.5890104579478,0.115099820540249,3,3,4.5
36,63,31,54,44.5985281604161,0.140883243603458,3,3,3
36,63,44,49,243.690889754096,0.0257834230632086,3,3,3.96862696659689
36,63,49,72,243.690889754096,0.0257834230632086,3,3,3.96862696659689
36,63,49,81,44.5985281604161,0.140883243603458,3,3,3
36,63,51,54,243.690889754096,0.0257834230632086,3,3,3.96862696659689
36,63,54,76,243.690889754096,0.0257834230632086,3,3,3.96862696659689
36,63,54,83,44.5985281604161,0.140883243603458,3,3,3
36,63,72,81,54.5890104579478,0.115099820540249,3,3,4.5
36,63,76,83,54.5890104579478,0.115099820540249,3,3,4.5
36,63,81,95,243.690889754096,0.0257834230632086,3,3,3.96862696659689
36,63,83,95,243.690889754096,0.0257834230632086,3,3,3.96862696659689
37,50,12,18,-54.5890104579478,-0.115099820540249,3,3,4.5
37,50,12,28,243.690889754096,0.0257834230632086,3,3,3.96862696659689
37,50,18,28,44.5985281604161,0.140883243603458,3,3,3
37,50,18,32,-243.690889754096,-0.0257834230632086,3,3,3.96862696659689
37,50,25,28,-243.690889754096,-0.0257834230632086,3,3,3.96862696659689
37,50,25,45,54.5890104579478,0.115099820540249,3,3,4.5
37,50,28,45,44.5985281604161,0.140883243603458,3,3,3
37,50,32,55,243.690889754096,0.0257834230632086,3,3,3.96862696659689
37,50,45,73,243.690889754096,0.0257834230632086,3,3,3.96862696659689
37,50,55,64,44.5985281604161,0.140883243603458,3,3,3
37,50,55,84,54.5890104579478,0.115099820540249,3,3,4.5
37,50,64,82,44.5985281604161,0.140883243603458,3,3,3
37,50,64,84,-243.690889754096,-0.0257834230632086,3,3,3.96862696659689
37,50,64,96,243.690889754096,0.0257834230632086,3,3,3.96862696659689
37,50,73,82,-243.690889754096,-0.0257834230632086,3,3,3.96862696659689
37,50,82,96,-54.5890104579478,-0.115099820540249,3,3,4.5
37,55,16,18,-54.5890104579478,-0.115099820540249,3,3,4.5
37,55,16,32,243.690889754096,0.0257834230632086,3,3,3.96862696659689
37,55,18,28,-243.690889754096,-0.0257834230632086,3,3,3.96862696659689
37,55,18,32,44.5985281604161,0.140883243603458,3,3,3
37,55,28,50,243.690889754096,0.0257834230632086,3,3,3.96862696659689
37,55,32,34,243.690889754096,0.0257834230632086,3,3,3.96862696659689
37,55,32,52,44.5985281604161,0.140883243603458,3,3,3
37,55,34,52,54.5890104579478,0.115099820540249,3,3,4.5
37,55,50,64,44.5985281604161,0.140883243603458,3,3,3
37,55,50,82,54.5890104579478,0.115099820540249,3,3,4.5
37,55,52,77,243.690889754096,0.0257834230632086,3,3,3.96862696659689
37,55,64,82,-243.690889754096,-0.0257834230632086,3,3,3.96862696659689
37,55,64,84,44.5985281604161,0.140883243603458,3,3,3
37,55,64,96,243.690889754096,0.0257834230632086,3,3,3.96862696659689
37,55,77,84,-243.690889754096,-0.0257834230632086,3,3,3.96862696659689
37,55,84,96,-54.5890104579478,-0.115099820540249,3,3,4.5
37,64,18,28,243.690889754096,0.0257834230632086,3,3,3.96862696659689
37,64,18,32,243.690889754096,0.0257834230632086,3,3,3.96862696659689
37,64,28,45,54.5890104579478,0.115099820540249,3,3,4.5
37,64,28,50,44.5985281604161,0.140883243603458,3,3,3
37,64,32,52,54.5890104579478,0.115099820540249,3,3,4.5
37,64,32,55,44.5985281604161,0.140883243603458,3,3,3
37,64,45,50,243.690889754096,0.0257834230632086,3,3,3.96862696659689
37,64,50,73,243.690889754096,0.0257834230632086,3,3,3.96862696659689
37,64,50,82,44.5985281604161,0.140883243603458,3,3,3
37,64,52,55,243.690889754096,0.0257834230632086,3,3,3.96862696659689
37,64,55,77,243.690889754096,0.0257834230632086,3,3,3.96862696659689
37,64,55,84,44.5985281604161,0.140883243603458,3,3,3
37,64,73,82,54.5890104579478,0.115099820540249,3,3,4.5
37,64,77,84,54.5890104579478,0.115099820540249,3,3,4.5
37,64,82,96,243.690889754096,0.0257834230632086,3,3,3.96862696659689
37,64,84,96,243.690889754096,0.0257834230632086,3,3,3.96862696659689
38,40,9,21,243.690889754096,0.0257834230632086,3,3,3.96862696659689
38,40,9,23,-54.5890104579478,-0.115099820540249,3,3,4.5
38,40,10,21,-243.690889754096,-0.0257834230632086,3,3,3.96862696659689
38,40,10,26,54.5890104579478,0.115099820540249,3,3,4.5
38,40,21,23,-44.5985281604161,-0.140883243603458,3,3,3
38,40,21,26,44.5985281604161,0.140883243603458,3,3,3
38,40,23,43,-243.690889754096,-0.0257834230632086,3,3,3.96862696659689
38,40,26,48,243.690889754096,0.0257834230632086,3,3,3.96862696659689
38,40,43,62,243.690889754096,0.0257834230632086,3,3,3.96862696659689
38,40,48,66,-243.690889754096,-0.0257834230632086,3,3,3.96862696659689
38,40,60,62,-44.5985281604161,-0.140883243603458,3,3,3
38,40,60,66,44.5985281604161,0.140883243603458,3,3,3
38,40,60,90,-243.690889754096,-0.0257834230632086,3,3,3.96862696659689
38,40,60,92,243.690889754096,0.0257834230632086,3,3,3.96862696659689
38,40,62,90,54.5890104579478,0.115099820540249,3,3,4.5
38,40,66,92,-54.5890104579478,-0.115099820540249,3,3,4.5
38,43,9,21,-54.5890104579478,-0.115099820540249,3,3,4.5
38,43,9,23,243.690889754096,0.0257834230632086,3,3,3.96862696659689
38,43,14,23,-243.690889754096,-0.0257834230632086,3,3,3.96862696659689
38,43,14,30,54.5890104579478,0.115099820540249,3,3,4.5
38,43,21,23,44.5985281604161,0.140883243603458,3,3,3
38,43,21,40,-243.690889754096,-0.0257834230632086,3,3,3.96862696659689
38,43,23,30,44.5985281604161,0.140883243603458,3,3,3
38,43,30,56,243.690889754096,0.0257834230632086,3,3,3.96862696659689
38,43,40,60,243.690889754096,0.0257834230632086,3,3,3.96862696659689
38,43,56,71,-243.690889754096,-0.0257834230632086,3,3,3.96862696659689
38,43,60,62,44.5985281604161,0.140883243603458,3,3,3
38,43,60,90,54.5890104579478,0.115099820540249,3,3,4.5
38,43,62,71,44.5985281604161,0.140883243603458,3,3,3
38,43,62,90,-243.690889754096,-0.0257834230632086,3,3,3.96862696659689
38,43,62,94,243.690889754096,0.0257834230632086,3,3,3.96862696659689
38,43,71,94,-54.5890104579478,-0.115099820540249,3,3,4.5
38,60,21,23,-243.690889754096,-0.0257834230632086,3,3,3.96862696659689
38,60,21,26,54.5890104579478,0.115099820540249,3,3,4.5
38,60,21,40,44.5985281604161,0.140883243603458,3,3,3
38,60,23,43,243.690889754096,0.0257834230632086,3,3,3.96862696659689
38,60,26,40,243.690889754096,0.0257834230632086,3,3,3.96862696659689
38,60,40,48,243.690889754096,0.0257834230632086,3,3,3.96862696659689
38,60,40,66,44.5985281604161,0.140883243603458,3,3,3
38,60,43,62,44.5985281604161,0.140883243603458,3,3,3
38,60,43,71,54.5890104579478,0.115099820540249,3,3,4.5
38,60,48,66,54.5890104579478,0.115099820540249,3,3,4.5
38,60,62,71,-243.690889754096,-0.0257834230632086,3,3,3.96862696659689
38,60,62,90,44.5985281604161,0.140883243603458,3,3,3
38,60,62,94,243.690889754096,0.0257834230632086,3,3,3.96862696659689
38,60,66,92,243.690889754096,0.0257834230632086,3,3,3.96862696659689
38,60,90,92,243.690889754096,0.0257834230632086,3,3,3.96862696659689
38,60,90,94,-54.5890104579478,-0.115099820540249,3,3,4.5
38,62,21,23,243.690889754096,0.0257834230632086,3,3,3.96862696659689
38,62,21,40,243.690889754096,0.0257834230632086,3,3,3.96862696659689
38,62,23,30,54.5890104579478,0.115099820540249,3,3,4.5
38,62,23,43,44.5985281604161,0.140883243603458,3,3,3
38,62,30,43,243.690889754096,0.0257834230632086,3,3,3.96862696659689
38,62,40,60,44.5985281604161,0.140883243603458,3,3,3
38,62,40,66,54.5890104579478,0.115099820540249,3,3,4.5
38,62,43,56,243.690889754096,0.0257834230632086,3,3,3.96862696659689
38,62,43,71,44.5985281604161,0.140883243603458,3,3,3
38,62,56,71,54.5890104579478,0.115099820540249,3,3,4.5
38,62,60,66,-243.690889754096,-0.0257834230632086,3,3,3.96862696659689
38,62,60,90,44.5985281604161,0.140883243603458,3,3,3
38,62,60,92,243.690889754096,0.0257834230632086,3,3,3.96862696659689
38,62,71,94,243.690889754096,0.0257834230632086,3,3,3.96862696659689
38,62,90,92,-54.5890104579478,-0.115099820540249,3,3,4.5
38,62,90,94,243.690889754096,0.0257834230632086,3,3,3.96862696659689
39,48,10,19,-54.5890104579478,-0.115099820540249,3,3,4.5
39,48,10,26,243.690889754096,0.0257834230632086,3,3,3.96862696659689
39,48,19,26,44.5985281604161,0.140883243603458,3,3,3
39,48,19,35,-243.690889754096,-0.0257834230632086,3,3,3.96862696659689
39,48,21,26,-243.690889754096,-0.0257834230632086,3,3,3.96862696659689
39,48,21,40,54.5890104579478,0.115099820540249,3,3,4.5
39,48,26,40,44.5985281604161,0.140883243603458,3,3,3
39,48,35,59,243.690889754096,0.0257834230632086,3,3,3.96862696659689
39,48,40,66,243.690889754096,0.0257834230632086,3,3,3.96862696659689
39,48,59,65,44.5985281604161,0.140883243603458,3,3,3
39,48,59,91,54.5890104579478,0.115099820540249,3,3,4.5
39,48,65,80,44.5985281604161,0.140883243603458,3,3,3
39,48,65,91,-243.690889754096,-0.0257834230632086,3,3,3.96862696659689
39,48,65,99,243.690889754096,0.0257834230632086,3,3,3.96862696659689
39,48,66,80,-243.690889754096,-0.0257834230632086,3,3,3.96862696659689
39,48,80,99,-54.5890104579478,-0.115099820540249,3,3,4.5
39,59,19,22,54.5890104579478,0.115099820540249,3,3,4.5
39,59,19,26,-243.690889754096,-0.0257834230632086,3,3,3.96862696659689
39,59,19,35,44.5985281604161,0.140883243603458,3,3,3
39,59,22,35,243.690889754096,0.0257834230632086,3,3,3.96862696659689
39,59,26,48,243.690889754096,0.0257834230632086,3,3,3.96862696659689
39,59,35,42,243.690889754096,0.0257834230632086,3,3,3.96862696659689
39,59,35,61,44.5985281604161,0.140883243603458,3,3,3
39,59,42,61,54.5890104579478,0.115099820540249,3,3,4.5
39,59,48,65,44.5985281604161,0.140883243603458,3,3,3
39,59,48,80,54.5890104579478,0.115099820540249,3,3,4.5
39,59,61,87,243.690889754096,0.0257834230632086,3,3,3.96862696659689
39,59,65,80,-243.690889754096,-0.0257834230632086,3,3,3.96862696659689
39,59,65,91,44.5985281604161,0.140883243603458,3,3,3
39,59,65,99,243.690889754096,0.0257834230632086,3,3,3.96862696659689
39,59,87,91,-243.690889754096,-0.0257834230632086,3,3,3.96862696659689
39,59,91,99,-54.5890104579478,-0.115099820540249,3,3,4.5
39,65,19,26,243.690889754096,0.0257834230632086,3,3,3.96862696659689
39,65,19,35,243.690889754096,0.0257834230632086,3,3,3.96862696659689
39,65,26,40,54.5890104579478,0.115099820540249,3,3,4.5
39,65,26,48,44.5985281604161,0.140883243603458,3,3,3
39,65,35,59,44.5985281604161,0.140883243603458,3,3,3
39,65,35,61,54.5890104579478,0.115099820540249,3,3,4.5
39,65,40,48,243.690889754096,0.0257834230632086,3,3,3.96862696659689
39,65,48,66,243.690889754096,0.0257834230632086,3,3,3.96862696659689
39,65,48,80,44.5985281604161,0.140883243603458,3,3,3
39,65,59,61,-243.690889754096,-0.0257834230632086,3,3,3.96862696659689
39,65,59,87,243.690889754096,0.0257834230632086,3,3,3.96862696659689
39,65,59,91,44.5985281604161,0.140883243603458,3,3,3
39,65,66,80,54.5890104579478,0.115099820540249,3,3,4.5
39,65,80,99,243.690889754096,0.0257834230632086,3,3,3.96862696659689
39,65,87,91,54.5890104579478,0.115099820540249,3,3,4.5
39,65,91,99,243.690889754096,0.0257834230632086,3,3,3.96862696659689
40,48,10,21,-54.5890104579478,-0.115099820540249,3,3,4.5
40,48,10,26,243.690889754096,0.0257834230632086,3,3,3.96862696659689
40,48,19,26,-243.690889754096,-0.0257834230632086,3,3,3.96862696659689
40,48,19,39,54.5890104579478,0.115099820540249,3,3,4.5
40,48,21,26,44.5985281604161,0.140883243603458,3,3,3
40,48,21,38,-243.690889754096,-0.0257834230632086,3,3,3.96862696659689
40,48,26,39,44.5985281604161,0.140883243603458,3,3,3
40,48,38,60,243.690889754096,0.0257834230632086,3,3,3.96862696659689
40,48,39,65,243.690889754096,0.0257834230632086,3,3,3.96862696659689
40,48,60,66,44.5985281604161,0.140883243603458,3,3,3
40,48,60,92,54.5890104579478,0.115099820540249,3,3,4.5
40,48,65,80,-243.690889754096,-0.0257834230632086,3,3,3.96862696659689
40,48,66,80,44.5985281604161,0.140883243603458,3,3,3
40,48,66,92,-243.690889754096,-0.0257834230632086,3,3,3.96862696659689
40,48,66,102,243.690889754096,0.0257834230632086,3,3,3.96862696659689
40,48,80,102,-54.5890104579478,-0.115099820540249,3,3,4.5
40,60,21,23,54.5890104579478,0.115099820540249,3,3,4.5
40,60,21,26,-243.690889754096,-0.0257834230632086,3,3,3.96862696659689
40,60,21,38,44.5985281604161,0.140883243603458,3,3,3
40,60,23,38,243.690889754096,0.0257834230632086,3,3,3.96862696659689
40,60,26,48,243.690889754096,0.0257834230632086,3,3,3.96862696659689
40,60,38,43,243.690889754096,0.0257834230632086,3,3,3.96862696659689
40,60,38,62,44.5985281604161,0.140883243603458,3,3,3
40,60,43,62,54.5890104579478,0.115099820540249,3,3,4.5
40,60,48,66,44.5985281604161,0.140883243603458,3,3,3
40,60,48,80,54.5890104579478,0.115099820540249,3,3,4.5
40,60,62,90,243.690889754096,0.0257834230632086,3,3,3.96862696659689
40,60,66,80,-243.690889754096,-0.0257834230632086,3,3,3.96862696659689
40,60,66,92,44.5985281604161,0.140883243603458,3,3,3
40,60,66,102,243.690889754096,0.0257834230632086,3,3,3.96862696659689
40,60,90,92,-243.690889754096,-0.0257834230632086,3,3,3.96862696659689
40,60,92,102,-54.5890104579478,-0.115099820540249,3,3,4.5
40,66,21,26,243.690889754096,0.0257834230632086,3,3,3.96862696659689
40,66,21,38,243.690889754096,0.0257834230632086,3,3,3.96862696659689
40,66,26,39,54.5890104579478,0.115099820540249,3,3,4.5
40,66,26,48,44.5985281604161,0.140883243603458,3,3,3
40,66,38,60,44.5985281604161,0.140883243603458,3,3,3
40,66,38,62,54.5890104579478,0.115099820540249,3,3,4.5
40,66,39,48,243.690889754096,0.0257834230632086,3,3,3.96862696659689
40,66,48,65,243.690889754096,0.0257834230632086,3,3,3.96862696659689
40,66,48,80,44.5985281604161,0.140883243603458,3,3,3
40,66,60,62,-243.690889754096,-0.0257834230632086,3,3,3.96862696659689
40,66,60,90,243.690889754096,0.0257834230632086,3,3,3.96862696659689
40,66,60,92,44.5985281604161,0.140883243603458,3,3,3
40,66,65,80,54.5890104579478,0.115099820540249,3,3,4.5
40,66,80,102,243.690889754096,0.0257834230632086,3,3,3.96862696659689
40,66,90,92,54.5890104579478,0.115099820540249,3,3,4.5
40,66,92,102,243.690889754096,0.0257834230632086,3,3,3.96862696659689
41,57,15,20,-54.5890104579478,-0.115099820540249,3,3,4.5
41,57,15,33,243.690889754096,0.0257834230632086,3,3,3.96862696659689
41,57,20,33,44.5985281604161,0.140883243603458,3,3,3
41,57,20,34,-243.690889754096,-0.0257834230632086,3,3,3.96862696659689
41,57,31,33,-243.690889754096,-0.0257834230632086,3,3,3.96862696659689
41,57,31,51,54.5890104579478,0.115099820540249,3,3,4.5
41,57,33,51,44.5985281604161,0.140883243603458,3,3,3
41,57,34,58,243.690889754096,0.0257834230632086,3,3,3.96862696659689
41,57,51,78,243.690889754096,0.0257834230632086,3,3,3.96862696659689
41,57,58,68,44.5985281604161,0.140883243603458,3,3,3
41,57,58,89,54.5890104579478,0.115099820540249,3,3,4.5
41,57,68,88,44.5985281604161,0.140883243603458,3,3,3
41,57,68,89,-243.690889754096,-0.0257834230632086,3,3,3.96862696659689
41,57,68,103,243.690889754096,0.0257834230632086,3,3,3.96862696659689
41,57,78,88,-243.690889754096,-0.0257834230632086,3,3,3.96862696659689
41,57,88,103,-54.5890104579478,-0.115099820540249,3,3,4.5
41,58,16,20,-54.5890104579478,-0.115099820540249,3,3,4.5
41,58,16,34,243.690889754096,0.0257834230632086,3,3,3.96862696659689
41,58,20,33,-243.690889754096,-0.0257834230632086,3,3,3.96862696659689
41,58,20,34,44.5985281604161,0.140883243603458,3,3,3
41,58,32,34,-243.690889754096,-0.0257834230632086,3,3,3.96862696659689
41,58,32,52,54.5890104579478,0.115099820540249,3,3,4.5
41,58,33,57,243.690889754096,0.0257834230632086,3,3,3.96862696659689
41,58,34,52,44.5985281604161,0.140883243603458,3,3,3
41,58,52,79,243.690889754096,0.0257834230632086,3,3,3.96862696659689
41,58,57,68,44.5985281604161,0.140883243603458,3,3,3
41,58,57,88,54.5890104579478,0.115099820540249,3,3,4.5
41,58,68,88,-243.690889754096,-0.0257834230632086,3,3,3.96862696659689
41,58,68,89,44.5985281604161,0.140883243603458,3,3,3
41,58,68,103,243.690889754096,0.0257834230632086,3,3,3.96862696659689
41,58,79,89,-243.690889754096,-0.0257834230632086,3,3,3.96862696659689
41,58,89,103,-54.5890104579478,-0.115099820540249,3,3,4.5
41,68,20,33,243.690889754096,0.0257834230632086,3,3,3.96862696659689
41,68,20,34,243.690889754096,0.0257834230632086,3,3,3.96862696659689
41,68,33,51,54.5890104579478,0.115099820540249,3,3,4.5
41,68,33,57,44.5985281604161,0.140883243603458,3,3,3
41,68,34,52,54.5890104579478,0.115099820540249,3,3,4.5
41,68,34,58,44.5985281604161,0.140883243603458,3,3,3
41,68,51,57,243.690889754096,0.0257834230632086,3,3,3.96862696659689
41,68,52,58,243.690889754096,0.0257834230632086,3,3,3.96862696659689
41,68,57,78,243.690889754096,0.0257834230632086,3,3,3.96862696659689
41,68,57,88,44.5985281604161,0.140883243603458,3,3,3
41,68,58,79,243.690889754096,0.0257834230632086,3,3,3.96862696659689
41,68,58,89,44.5985281604161,0.140883243603458,3,3,3
41,68,78,88,54.5890104579478,0.115099820540249,3,3,4.5
41,68,79,89,54.5890104579478,0.115099820540249,3,3,4.5
41,68,88,103,243.690889754096,0.0257834230632086,3,3,3.96862696659689
41,68,89,103,243.690889754096,0.0257834230632086,3,3,3.96862696659689
42,53,13,22,-54.5890104579478,-0.115099820540249,3,3,4.5
42,53,13,29,243.690889754096,0.0257834230632086,3,3,3.96862696659689
42,53,22,29,44.5985281604161,0.140883243603458,3,3,3
42,53,22,35,-243.690889754096,-0.0257834230632086,3,3,3.96862696659689
42,53,24,29,-243.690889754096,-0.0257834230632086,3,3,3.96862696659689
42,53,24,46,54.5890104579478,0.115099820540249,3,3,4.5
42,53,29,46,44.5985281604161,0.140883243603458,3,3,3
42,53,35,61,243.690889754096,0.0257834230632086,3,3,3.96862696659689
42,53,46,74,243.690889754096,0.0257834230632086,3,3,3.96862696659689
42,53,61,70,44.5985281604161,0.140883243603458,3,3,3
42,53,61,93,54.5890104579478,0.115099820540249,3,3,4.5
42,53,70,85,44.5985281604161,0.140883243603458,3,3,3
42,53,70,93,-243.690889754096,-0.0257834230632086,3,3,3.96862696659689
42,53,70,104,243.690889754096,0.0257834230632086,3,3,3.96862696659689
42,53,74,85,-243.690889754096,-0.0257834230632086,3,3,3.96862696659689
42,53,85,104,-54.5890104579478,-0.115099820540249,3,3,4.5
42,61,19,22,-54.5890104579478,-0.115099820540249,3,3,4.5
42,61,19,35,243.690889754096,0.0257834230632086,3,3,3.96862696659689
42,61,22,29,-243.690889754096,-0.0257834230632086,3,3,3.96862696659689
42,61,22,35,44.5985281604161,0.140883243603458,3,3,3
42,61,29,53,243.690889754096,0.0257834230632086,3,3,3.96862696659689
42,61,35,39,243.690889754096,0.0257834230632086,3,3,3.96862696659689
42,61,35,59,44.5985281604161,0.140883243603458,3,3,3
42,61,39,59,54.5890104579478,0.115099820540249,3,3,4.5
42,61,53,70,44.5985281604161,0.140883243603458,3,3,3
42,61,53,85,54.5890104579478,0.115099820540249,3,3,4.5
42,61,59,87,243.690889754096,0.0257834230632086,3,3,3.96862696659689
42,61,70,85,-243.690889754096,-0.0257834230632086,3,3,3.96862696659689
42,61,70,93,44.5985281604161,0.140883243603458,3,3,3
42,61,70,104,243.690889754096,0.0257834230632086,3,3,3.96862696659689
42,61,87,93,-243.690889754096,-0.0257834230632086,3,3,3.96862696659689
42,61,93,104,-54.5890104579478,-0.115099820540249,3,3,4.5
42,70,22,29,243.690889754096,0.0257834230632086,3,3,3.96862696659689
42,70,22,35,243.690889754096,0.0257834230632086,3,3,3.96862696659689
42,70,29,46,54.5890104579478,0.115099820540249,3,3,4.5
42,70,29,53,44.5985281604161,0.140883243603458,3,3,3
42,70,35,59,54.5890104579478,0.115099820540249,3,3,4.5
42,70,35,61,44.5985281604161,0.140883243603458,3,3,3
42,70,46,53,243.690889754096,0.0257834230632086,3,3,3.96862696659689
42,70,53,74,243.690889754096,0.0257834230632086,3,3,3.96862696659689
42,70,53,85,44.5985281604161,0.140883243603458,3,3,3
42,70,59,61,243.690889754096,0.0257834230632086,3,3,3.96862696659689
42,70,61,87,243.690889754096,0.0257834230632086,3,3,3.96862696659689
42,70,61,93,44.5985281604161,0.140883243603458,3,3,3
42,70,74,85,54.5890104579478,0.115099820540249,3,3,4.5
42,70,85,104,243.690889754096,0.0257834230632086,3,3,3.96862696659689
42,70,87,93,54.5890104579478,0.115099820540249,3,3,4.5
42,70,93,104,243.690889754096,0.0257834230632086,3,3,3.96862696659689
43,56,14,23,-54.5890104579478,-0.115099820540249,3,3,4.5
43,56,14,30,243.690889754096,0.0257834230632086,3,3,3.96862696659689
43,56,23,30,44.5985281604161,0.140883243603458,3,3,3
43,56,23,38,-243.690889754096,-0.0257834230632086,3,3,3.96862696659689
43,56,25,30,-243.690889754096,-0.0257834230632086,3,3,3.96862696659689
43,56,25,47,54.5890104579478,0.115099820540249,3,3,4.5
43,56,30,47,44.5985281604161,0.140883243603458,3,3,3
43,56,38,62,243.690889754096,0.0257834230632086,3,3,3.96862696659689
43,56,47,75,243.690889754096,0.0257834230632086,3,3,3.96862696659689
43,56,62,71,44.5985281604161,0.140883243603458,3,3,3
43,56,62,94,54.5890104579478,0.115099820540249,3,3,4.5
43,56,71,86,44.5985281604161,0.140883243603458,3,3,3
43,56,71,94,-243.690889754096,-0.0257834230632086,3,3,3.96862696659689
43,56,71,107,243.690889754096,0.0257834230632086,3,3,3.96862696659689
43,56,75,86,-243.690889754096,-0.0257834230632086,3,3,3.96862696659689
43,56,86,107,-54.5890104579478,-0.115099820540249,3,3,4.5
43,62,21,23,-54.5890104579478,-0.115099820540249,3,3,4.5
43,62,21,38,243.690889754096,0.0257834230632086,3,3,3.96862696659689
43,62,23,30,-243.690889754096,-0.0257834230632086,3,3,3.96862696659689
43,62,23,38,44.5985281604161,0.140883243603458,3,3,3
43,62,30,56,243.690889754096,0.0257834230632086,3,3,3.96862696659689
43,62,38,40,243.690889754096,0.0257834230632086,3,3,3.96862696659689
43,62,38,60,44.5985281604161,0.140883243603458,3,3,3
43,62,40,60,54.5890104579478,0.115099820540249,3,3,4.5
43,62,56,71,44.5985281604161,0.140883243603458,3,3,3
43,62,56,86,54.5890104579478,0.115099820540249,3,3,4.5
43,62,60,90,243.690889754096,0.0257834230632086,3,3,3.96862696659689
43,62,71,86,-243.690889754096,-0.0257834230632086,3,3,3.96862696659689
43,62,71,94,44.5985281604161,0.140883243603458,3,3,3
43,62,71,107,243.690889754096,0.0257834230632086,3,3,3.96862696659689
43,62,90,94,-243.690889754096,-0.0257834230632086,3,3,3.96862696659689
43,62,94,107,-54.5890104579478,-0.115099820540249,3,3,4.5
43,71,23,30,243.690889754096,0.0257834230632086,3,3,3.96862696659689
43,71,23,38,243.690889754096,0.0257834230632086,3,3,3.96862696659689
43,71,30,47,54.5890104579478,0.115099820540249,3,3,4.5
43,71,30,56,44.5985281604161,0.140883243603458,3,3,3
43,71,38,60,54.5890104579478,0.115099820540249,3,3,4.5
43,71,38,62,44.5985281604161,0.140883243603458,3,3,3
43,71,47,56,243.690889754096,0.0257834230632086,3,3,3.96862696659689
43,71,56,75,243.690889754096,0.0257834230632086,3,3,3.96862696659689
43,71,56,86,44.5985281604161,0.140883243603458,3,3,3
43,71,60,62,243.690889754096,0.0257834230632086,3,3,3.96862696659689
43,71,62,90,243.690889754096,0.0257834230632086,3,3,3.96862696659689
43,71,62,94,44.5985281604161,0.140883243603458,3,3,3
43,71,75,86,54.5890104579478,0.115099820540249,3,3,4.5
43,71,86,107,243.690889754096,0.0257834230632086,3,3,3.96862696659689
43,71,90,94,54.5890104579478,0.115099820540249,3,3,4.5
43,71,94,107,243.690889754096,0.0257834230632086,3,3,3.96862696659689
44,46,11,24,243.690889754096,0.0257834230632086,3,3,3.96862696659689
44,46,11,27,-54.5890104579478,-0.115099820540249,3,3,4.5
44,46,13,24,-243.690889754096,-0.0257834230632086,3,3,3.96862696659689
44,46,13,29,54.5890104579478,0.115099820540249,3,3,4.5
44,46,24,27,-44.5985281604161,-0.140883243603458,3,3,3
44,46,24,29,44.5985281604161,0.140883243603458,3,3,3
44,46,27,49,-243.690889754096,-0.0257834230632086,3,3,3.96862696659689
44,46,29,53,243.690889754096,0.0257834230632086,3,3,3.96862696659689
44,46,49,72,243.690889754096,0.0257834230632086,3,3,3.96862696659689
44,46,53,74,-243.690889754096,-0.0257834230632086,3,3,3.96862696659689
44,46,67,72,-44.5985281604161,-0.140883243603458,3,3,3
44,46,67,74,44.5985281604161,0.140883243603458,3,3,3
44,46,67,97,-243.690889754096,-0.0257834230632086,3,3,3.96862696659689
44,46,67,100,243.690889754096,0.0257834230632086,3,3,3.96862696659689
44,46,72,97,54.5890104579478,0.115099820540249,3,3,4.5
44,46,74,100,-54.5890104579478,-0.115099820540249,3,3,4.5
44,49,11,24,-54.5890104579478,-0.115099820540249,3,3,4.5
44,49,11,27,243.690889754096,0.0257834230632086,3,3,3.96862696659689
44,49,17,27,-243.690889754096,-0.0257834230632086,3,3,3.96862696659689
44,49,17,36,54.5890104579478,0.115099820540249,3,3,4.5
44,49,24,27,44.5985281604161,0.140883243603458,3,3,3
44,49,24,46,-243.690889754096,-0.0257834230632086,3,3,3.96862696659689
44,49,27,36,44.5985281604161,0.140883243603458,3,3,3
44,49,36,63,243.690889754096,0.0257834230632086,3,3,3.96862696659689
44,49,46,67,243.690889754096,0.0257834230632086,3,3,3.96862696659689
44,49,63,81,-243.690889754096,-0.0257834230632086,3,3,3.96862696659689
44,49,67,72,44.5985281604161,0.140883243603458,3,3,3
44,49,67,97,54.5890104579478,0.115099820540249,3,3,4.5
44,49,72,81,44.5985281604161,0.140883243603458,3,3,3
44,49,72,97,-243.690889754096,-0.0257834230632086,3,3,3.96862696659689
44,49,72,105,243.690889754096,0.0257834230632086,3,3,3.96862696659689
44,49,81,105,-54.5890104579478,-0.115099820540249,3,3,4.5
44,67,24,27,-243.690889754096,-0.0257834230632086,3,3,3.96862696659689
44,67,24,29,54.5890104579478,0.115099820540249,3,3,4.5
44,67,24,46,44.5985281604161,0.140883243603458,3,3,3
44,67,27,49,243.690889754096,0.0257834230632086,3,3,3.96862696659689
44,67,29,46,243.690889754096,0.0257834230632086,3,3,3.96862696659689
44,67,46,53,243.690889754096,0.0257834230632086,3,3,3.96862696659689
44,67,46,74,44.5985281604161,0.140883243603458,3,3,3
44,67,49,72,44.5985281604161,0.140883243603458,3,3,3
44,67,49,81,54.5890104579478,0.115099820540249,3,3,4.5
44,67,53,74,54.5890104579478,0.115099820540249,3,3,4.5
44,67,72,81,-243.690889754096,-0.0257834230632086,3,3,3.96862696659689
44,67,72,97,44.5985281604161,0.140883243603458,3,3,3
44,67,72,105,243.690889754096,0.0257834230632086,3,3,3.96862696659689
44,67,74,100,243.690889754096,0.0257834230632086,3,3,3.96862696659689
44,67,97,100,243.690889754096,0.0257834230632086,3,3,3.96862696659689
44,67,97,105,-54.5890104579478,-0.115099820540249,3,3,4.5
44,72,24,27,243.690889754096,0.0257834230632086,3,3,3.96862696659689
44,72,24,46,243.690889754096,0.0257834230632086,3,3,3.96862696659689
44,72,27,36,54.5890104579478,0.115099820540249,3,3,4.5
44,72,27,49,44.5985281604161,0.140883243603458,3,3,3
44,72,36,49,243.690889754096,0.0257834230632086,3,3,3.96862696659689
44,72,46,67,44.5985281604161,0.140883243603458,3,3,3
44,72,46,74,54.5890104579478,0.115099820540249,3,3,4.5
44,72,49,63,243.690889754096,0.0257834230632086,3,3,3.96862696659689
44,72,49,81,44.5985281604161,0.140883243603458,3,3,3
44,72,63,81,54.5890104579478,0.115099820540249,3,3,4.5
44,72,67,74,-243.690889754096,-0.0257834230632086,3,3,3.96862696659689
44,72,67,97,44.5985281604161,0.140883243603458,3,3,3
44,72,67,100,243.690889754096,0.0257834230632086,3,3,3.96862696659689
44,72,81,105,243.690889754096,0.0257834230632086,3,3,3.96862696659689
44,72,97,100,-54.5890104579478,-0.115099820540249,3,3,4.5
44,72,97,105,243.690889754096,0.0257834230632086,3,3,3.96862696659689
45,47,12,25,243.690889754096,0.0257834230632086,3,3,3.96862696659689
45,47,12,28,-54.5890104579478,-0.115099820540249,3,3,4.5
45,47,14,25,-243.690889754096,-0.0257834230632086,3,3,3.96862696659689
45,47,14,30,54.5890104579478,0.115099820540249,3,3,4.5
45,47,25,28,-44.5985281604161,-0.140883243603458,3,3,3
45,47,25,30,44.5985281604161,0.140883243603458,3,3,3
45,47,28,50,-243.690889754096,-0.0257834230632086,3,3,3.96862696659689
45,47,30,56,243.690889754096,0.0257834230632086,3,3,3.96862696659689
45,47,50,73,243.690889754096,0.0257834230632086,3,3,3.96862696659689
45,47,56,75,-243.690889754096,-0.0257834230632086,3,3,3.96862696659689
45,47,69,73,-44.5985281604161,-0.140883243603458,3,3,3
45,47,69,75,44.5985281604161,0.140883243603458,3,3,3
45,47,69,98,-243.690889754096,-0.0257834230632086,3,3,3.96862696659689
45,47,69,101,243.690889754096,0.0257834230632086,3,3,3.96862696659689
45,47,73,98,54.5890104579478,0.115099820540249,3,3,4.5
45,47,75,101,-54.5890104579478,-0.115099820540249,3,3,4.5
45,50,12,25,-54.5890104579478,-0.115099820540249,3,3,4.5
45,50,12,28,243.690889754096,0.0257834230632086,3,3,3.96862696659689
45,50,18,28,-243.690889754096,-0.0257834230632086,3,3,3.96862696659689
45,50,18,37,54.5890104579478,0.115099820540249,3,3,4.5
45,50,25,28,44.5985281604161,0.140883243603458,3,3,3
45,50,25,47,-243.690889754096,-0.0257834230632086,3,3,3.96862696659689
45,50,28,37,44.5985281604161,0.140883243603458,3,3,3
45,50,37,64,243.690889754096,0.0257834230632086,3,3,3.96862696659689
45,50,47,69,243.690889754096,0.0257834230632086,3,3,3.96862696659689
45,50,64,82,-243.690889754096,-0.0257834230632086,3,3,3.96862696659689
45,50,69,73,44.5985281604161,0.140883243603458,3,3,3
45,50,69,98,54.5890104579478,0.115099820540249,3,3,4.5
45,50,73,82,44.5985281604161,0.140883243603458,3,3,3
45,50,73,98,-243.690889754096,-0.0257834230632086,3,3,3.96862696659689
45,50,73,106,243.690889754096,0.0257834230632086,3,3,3.96862696659689
45,50,82,106,-54.5890104579478,-0.115099820540249,3,3,4.5
45,69,25,28,-243.690889754096,-0.0257834230632086,3,3,3.96862696659689
45,69,25,30,54.5890104579478,0.115099820540249,3,3,4.5
45,69,25,47,44.5985281604161,0.140883243603458,3,3,3
45,69,28,50,243.690889754096,0.0257834230632086,3,3,3.96862696659689
45,69,30,47,243.690889754096,0.0257834230632086,3,3,3.96862696659689
45,69,47,56,243.690889754096,0.0257834230632086,3,3,3.96862696659689
45,69,47,75,44.5985281604161,0.140883243603458,3,3,3
45,69,50,73,44.5985281604161,0.140883243603458,3,3,3
45,69,50,82,54.5890104579478,0.115099820540249,3,3,4.5
45,69,56,75,54.5890104579478,0.115099820540249,3,3,4.5
45,69,73,82,-243.690889754096,-0.0257834230632086,3,3,3.96862696659689
45,69,73,98,44.5985281604161,0.140883243603458,3,3,3
45,69,73,106,243.690889754096,0.0257834230632086,3,3,3.96862696659689
45,69,75,101,243.690889754096,0.0257834230632086,3,3,3.96862696659689
45,69,98,101,243.690889754096,0.0257834230632086,3,3,3.96862696659689
45,69,98,106,-54.5890104579478,-0.115099820540249,3,3,4.5
45,73,25,28,243.690889754096,0.0257834230632086,3,3,3.96862696659689
45,73,25,47,243.690889754096,0.0257834230632086,3,3,3.96862696659689
45,73,28,37,54.5890104579478,0.115099820540249,3,3,4.5
45,73,28,50,44.5985281604161,0.140883243603458,3,3,3
45,73,37,50,243.690889754096,0.0257834230632086,3,3,3.96862696659689
45,73,47,69,44.5985281604161,0.140883243603458,3,3,3
45,73,47,75,54.5890104579478,0.115099820540249,3,3,4.5
45,73,50,64,243.690889754096,0.0257834230632086,3,3,3.96862696659689
45,73,50,82,44.5985281604161,0.140883243603458,3,3,3
45,73,64,82,54.5890104579478,0.115099820540249,3,3,4.5
45,73,69,75,-243.690889754096,-0.0257834230632086,3,3,3.96862696659689
45,73,69,98,44.5985281604161,0.140883243603458,3,3,3
45,73,69,101,243.690889754096,0.0257834230632086,3,3,3.96862696659689
45,73,82,106,243.690889754096,0.0257834230632086,3,3,3.96862696659689
45,73,98,101,-54.5890104579478,-0.115099820540249,3,3,4.5
45,73,98,106,243.690889754096,0.0257834230632086,3,3,3.96862696659689
46,53,13,24,-54.5890104579478,-0.115099820540249,3,3,4.5
46,53,13,29,243.690889754096,0.0257834230632086,3,3,3.96862696659689
46,53,22,29,-243.690889754096,-0.0257834230632086,3,3,3.96862696659689
46,53,22,42,54.5890104579478,0.115099820540249,3,3,4.5
46,53,24,29,44.5985281604161,0.140883243603458,3,3,3
46,53,24,44,-243.690889754096,-0.0257834230632086,3,3,3.96862696659689
46,53,29,42,44.5985281604161,0.140883243603458,3,3,3
46,53,42,70,243.690889754096,0.0257834230632086,3,3,3.96862696659689
46,53,44,67,243.690889754096,0.0257834230632086,3,3,3.96862696659689
46,53,67,74,44.5985281604161,0.140883243603458,3,3,3
46,53,67,100,54.5890104579478,0.115099820540249,3,3,4.5
46,53,70,85,-243.690889754096,-0.0257834230632086,3,3,3.96862696659689
46,53,74,85,44.5985281604161,0.140883243603458,3,3,3
46,53,74,100,-243.690889754096,-0.0257834230632086,3,3,3.96862696659689
46,53,74,108,243.690889754096,0.0257834230632086,3,3,3.96862696659689
46,53,85,108,-54.5890104579478,-0.115099820540249,3,3,4.5
46,67,24,27,54.5890104579478,0.115099820540249,3,3,4.5
46,67,24,29,-243.690889754096,-0.0257834230632086,3,3,3.96862696659689
46,67,24,44,44.5985281604161,0.140883243603458,3,3,3
46,67,27,44,243.690889754096,0.0257834230632086,3,3,3.96862696659689
46,67,29,53,243.690889754096,0.0257834230632086,3,3,3.96862696659689
46,67,44,49,243.690889754096,0.0257834230632086,3,3,3.96862696659689
46,67,44,72,44.5985281604161,0.140883243603458,3,3,3
46,67,49,72,54.5890104579478,0.115099820540249,3,3,4.5
46,67,53,74,44.5985281604161,0.140883243603458,3,3,3
46,67,53,85,54.5890104579478,0.115099820540249,3,3,4.5
46,67,72,97,243.690889754096,0.0257834230632086,3,3,3.96862696659689
46,67,74,85,-243.690889754096,-0.0257834230632086,3,3,3.96862696659689
46,67,74,100,44.5985281604161,0.140883243603458,3,3,3
46,67,74,108,243.690889754096,0.0257834230632086,3,3,3.96862696659689
46,67,97,100,-243.690889754096,-0.0257834230632086,3,3,3.96862696659689
46,67,100,108,-54.5890104579478,-0.115099820540249,3,3,4.5
46,74,24,29,243.690889754096,0.0257834230632086,3,3,3.96862696659689
46,74,24,44,243.690889754096,0.0257834230632086,3,3,3.96862696659689
46,74,29,42,54.5890104579478,0.115099820540249,3,3,4.5
46,74,29,53,44.5985281604161,0.140883243603458,3,3,3
46,74,42,53,243.690889754096,0.0257834230632086,3,3,3.96862696659689
46,74,44,67,44.5985281604161,0.140883243603458,3,3,3
46,74,44,72,54.5890104579478,0.115099820540249,3,3,4.5
46,74,53,70,243.690889754096,0.0257834230632086,3,3,3.96862696659689
46,74,53,85,44.5985281604161,0.140883243603458,3,3,3
46,74,67,72,-243.690889754096,-0.0257834230632086,3,3,3.96862696659689
46,74,67,97,243.690889754096,0.0257834230632086,3,3,3.96862696659689
46,74,67,100,44.5985281604161,0.140883243603458,3,3,3
46,74,70,85,54.5890104579478,0.115099820540249,3,3,4.5
46,74,85,108,243.690889754096,0.0257834230632086,3,3,3.96862696659689
46,74,97,100,54.5890104579478,0.115099820540249,3,3,4.5
46,74,100,108,243.690889754096,0.0257834230632086,3,3,3.96862696659689
47,56,14,25,-54.5890104579478,-0.115099820540249,3,3,4.5
47,56,14,30,243.690889754096,0.0257834230632086,3,3,3.96862696659689
47,56,23,30,-243.690889754096,-0.0257834230632086,3,3,3.96862696659689
47,56,23,43,54.5890104579478,0.115099820540249,3,3,4.5
47,56,25,30,44.5985281604161,0.140883243603458,3,3,3
47,56,25,45,-243.690889754096,-0.0257834230632086,3,3,3.96862696659689
47,56,30,43,44.5985281604161,0.140883243603458,3,3,3
47,56,43,71,243.690889754096,0.0257834230632086,3,3,3.96862696659689
47,56,45,69,243.690889754096,0.0257834230632086,3,3,3.96862696659689
47,56,69,75,44.5985281604161,0.140883243603458,3,3,3
47,56,69,101,54.5890104579478,0.115099820540249,3,3,4.5
47,56,71,86,-243.690889754096,-0.0257834230632086,3,3,3.96862696659689
47,56,75,86,44.5985281604161,0.140883243603458,3,3,3
47,56,75,101,-243.690889754096,-0.0257834230632086,3,3,3.96862696659689
47,56,75,109,243.690889754096,0.0257834230632086,3,3,3.96862696659689
47,56,86,109,-54.5890104579478,-0.115099820540249,3,3,4.5
47,69,25,28,54.5890104579478,0.115099820540249,3,3,4.5
47,69,25,30,-243.690889754096,-0.0257834230632086,3,3,3.96862696659689
47,69,25,45,44.5985281604161,0.140883243603458,3,3,3
47,69,28,45,243.690889754096,0.0257834230632086,3,3,3.96862696659689
47,69,30,56,243.690889754096,0.0257834230632086,3,3,3.96862696659689
47,69,45,50,243.690889754096,0.0257834230632086,3,3,3.96862696659689
47,69,45,73,44.5985281604161,0.140883243603458,3,3,3
47,69,50,73,54.5890104579478,0.115099820540249,3,3,4.5
47,69,56,75,44.5985281604161,0.140883243603458,3,3,3
47,69,56,86,54.5890104579478,0.115099820540249,3,3,4.5
47,69,73,98,243.690889754096,0.0257834230632086,3,3,3.96862696659689
47,69,75,86,-243.690889754096,-0.0257834230632086,3,3,3.96862696659689
47,69,75,101,44.5985281604161,0.140883243603458,3,3,3
47,69,75,109,243.690889754096,0.0257834230632086,3,3,3.96862696659689
47,69,98,101,-243.690889754096,-0.0257834230632086,3,3,3.96862696659689
47,69,101,109,-54.5890104579478,-0.115099820540249,3,3,4.5
47,75,25,30,243.690889754096,0.0257834230632086,3,3,3.96862696659689
47,75,25,45,243.690889754096,0.0257834230632086,3,3,3.96862696659689
47,75,30,43,54.5890104579478,0.115099820540249,3,3,4.5
47,75,30,56,44.5985281604161,0.140883243603458,3,3,3
47,75,43,56,243.690889754096,0.0257834230632086,3,3,3.96862696659689
47,75,45,69,44.5985281604161,0.140883243603458,3,3,3
47,75,45,73,54.5890104579478,0.115099820540249,3,3,4.5
47,75,56,71,243.690889754096,0.0257834230632086,3,3,3.96862696659689
47,75,56,86,44.5985281604161,0.140883243603458,3,3,3
47,75,69,73,-243.690889754096,-0.0257834230632086,3,3,3.96862696659689
47,75,69,98,243.690889754096,0.0257834230632086,3,3,3.96862696659689
47,75,69,101,44.5985281604161,0.140883243603458,3,3,3
47,75,71,86,54.5890104579478,0.115099820540249,3,3,4.5
47,75,86,109,243.690889754096,0.0257834230632086,3,3,3.96862696659689
47,75,98,101,54.5890104579478,0.115099820540249,3,3,4.5
47,75,101,109,243.690889754096,0.0257834230632086,3,3,3.96862696659689
48,65,19,26,-54.5890104579478,-0.115099820540249,3,3,4.5
48,65,19,39,243.690889754096,0.0257834230632086,3,3,3.96862696659689
48,65,26,39,44.5985281604161,0.140883243603458,3,3,3
48,65,26,40,-243.690889754096,-0.0257834230632086,3,3,3.96862696659689
48,65,35,39,-243.690889754096,-0.0257834230632086,3,3,3.96862696659689
48,65,35,59,54.5890104579478,0.115099820540249,3,3,4.5
48,65,39,59,44.5985281604161,0.140883243603458,3,3,3
48,65,40,66,243.690889754096,0.0257834230632086,3,3,3.96862696659689
48,65,59,91,243.690889754096,0.0257834230632086,3,3,3.96862696659689
48,65,66,80,44.5985281604161,0.140883243603458,3,3,3
48,65,66,102,54.5890104579478,0.115099820540249,3,3,4.5
48,65,80,99,44.5985281604161,0.140883243603458,3,3,3
48,65,80,102,-243.690889754096,-0.0257834230632086,3,3,3.96862696659689
48,65,80,116,243.690889754096,0.0257834230632086,3,3,3.96862696659689
48,65,91,99,-243.690889754096,-0.0257834230632086,3,3,3.96862696659689
48,65,99,116,-54.5890104579478,-0.115099820540249,3,3,4.5
48,66,21,26,-54.5890104579478,-0.115099820540249,3,3,4.5
48,66,21,40,243.690889754096,0.0257834230632086,3,3,3.96862696659689
48,66,26,39,-243.690889754096,-0.0257834230632086,3,3,3.96862696659689
48,66,26,40,44.5985281604161,0.140883243603458,3,3,3
48,66,38,40,-243.690889754096,-0.0257834230632086,3,3,3.96862696659689
48,66,38,60,54.5890104579478,0.115099820540249,3,3,4.5
48,66,39,65,243.690889754096,0.0257834230632086,3,3,3.96862696659689
48,66,40,60,44.5985281604161,0.140883243603458,3,3,3
48,66,60,92,243.690889754096,0.0257834230632086,3,3,3.96862696659689
48,66,65,80,44.5985281604161,0.140883243603458,3,3,3
48,66,65,99,54.5890104579478,0.115099820540249,3,3,4.5
48,66,80,99,-243.690889754096,-0.0257834230632086,3,3,3.96862696659689
48,66,80,102,44.5985281604161,0.140883243603458,3,3,3
48,66,80,116,243.690889754096,0.0257834230632086,3,3,3.96862696659689
48,66,92,102,-243.690889754096,-0.0257834230632086,3,3,3.96862696659689
48,66,102,116,-54.5890104579478,-0.115099820540249,3,3,4.5
48,80,26,39,243.690889754096,0.0257834230632086,3,3,3.96862696659689
48,80,26,40,243.690889754096,0.0257834230632086,3,3,3.96862696659689
48,80,39,59,54.5890104579478,0.115099820540249,3,3,4.5
48,80,39,65,44.5985281604161,0.140883243603458,3,3,3
48,80,40,60,54.5890104579478,0.115099820540249,3,3,4.5
48,80,40,66,44.5985281604161,0.140883243603458,3,3,3
48,80,59,65,243.690889754096,0.0257834230632086,3,3,3.96862696659689
48,80,60,66,243.690889754096,0.0257834230632086,3,3,3.96862696659689
48,80,65,91,243.690889754096,0.0257834230632086,3,3,3.96862696659689
48,80,65,99,44.5985281604161,0.140883243603458,3,3,3
48,80,66,92,243.690889754096,0.0257834230632086,3,3,3.96862696659689
48,80,66,102,44.5985281604161,0.140883243603458,3,3,3
48,80,91,99,54.5890104579478,0.115099820540249,3,3,4.5
48,80,92,102,54.5890104579478,0.115099820540249,3,3,4.5
48,80,99,116,243.690889754096,0.0257834230632086,3,3,3.96862696659689
48,80,102,116,243.690889754096,0.0257834230632086,3,3,3.96862696659689
49,63,17,27,-54.5890104579478,-0.115099820540249,3,3,4.5
49,63,17,36,243.690889754096,0.0257834230632086,3,3,3.96862696659689
49,63,27,36,44.5985281604161,0.140883243603458,3,3,3
49,63,27,44,-243.690889754096,-0.0257834230632086,3,3,3.96862696659689
49,63,31,36,-243.690889754096,-0.0257834230632086,3,3,3.96862696659689
49,63,31,54,54.5890104579478,0.115099820540249,3,3,4.5
49,63,36,54,44.5985281604161,0.140883243603458,3,3,3
49,63,44,72,243.690889754096,0.0257834230632086,3,3,3.96862696659689
49,63,54,83,243.690889754096,0.0257834230632086,3,3,3.96862696659689
49,63,72,81,44.5985281604161,0.140883243603458,3,3,3
49,63,72,105,54.5890104579478,0.115099820540249,3,3,4.5
49,63,81,95,44.5985281604161,0.140883243603458,3,3,3
49,63,81,105,-243.690889754096,-0.0257834230632086,3,3,3.96862696659689
49,63,81,117,243.690889754096,0.0257834230632086,3,3,3.96862696659689
49,63,83,95,-243.690889754096,-0.0257834230632086,3,3,3.96862696659689
49,63,95,117,-54.5890104579478,-0.115099820540249,3,3,4.5
49,72,24,27,-54.5890104579478,-0.115099820540249,3,3,4.5
49,72,24,44,243.690889754096,0.0257834230632086,3,3,3.96862696659689
49,72,27,36,-243.690889754096,-0.0257834230632086,3,3,3.96862696659689
49,72,27,44,44.5985281604161,0.140883243603458,3,3,3
49,72,36,63,243.690889754096,0.0257834230632086,3,3,3.96862696659689
49,72,44,46,243.690889754096,0.0257834230632086,3,3,3.96862696659689
49,72,44,67,44.5985281604161,0.140883243603458,3,3,3
49,72,46,67,54.5890104579478,0.115099820540249,3,3,4.5
49,72,63,81,44.5985281604161,0.140883243603458,3,3,3
49,72,63,95,54.5890104579478,0.115099820540249,3,3,4.5
49,72,67,97,243.690889754096,0.0257834230632086,3,3,3.96862696659689
49,72,81,95,-243.690889754096,-0.0257834230632086,3,3,3.96862696659689
49,72,81,105,44.5985281604161,0.140883243603458,3,3,3
49,72,81,117,243.690889754096,0.0257834230632086,3,3,3.96862696659689
49,72,97,105,-243.690889754096,-0.0257834230632086,3,3,3.96862696659689
49,72,105,117,-54.5890104579478,-0.115099820540249,3,3,4.5
49,81,27,36,243.690889754096,0.0257834230632086,3,3,3.96862696659689
49,81,27,44,243.690889754096,0.0257834230632086,3,3,3.96862696659689
49,81,36,54,54.5890104579478,0.115099820540249,3,3,4.5
49,81,36,63,44.5985281604161,0.140883243603458,3,3,3
49,81,44,67,54.5890104579478,0.115099820540249,3,3,4.5
49,81,44,72,44.5985281604161,0.140883243603458,3,3,3
49,81,54,63,243.690889754096,0.0257834230632086,3,3,3.96862696659689
49,81,63,83,243.690889754096,0.0257834230632086,3,3,3.96862696659689
49,81,63,95,44.5985281604161,0.140883243603458,3,3,3
49,81,67,72,243.690889754096,0.0257834230632086,3,3,3.96862696659689
49,81,72,97,243.690889754096,0.0257834230632086,3,3,3.96862696659689
49,81,72,105,44.5985281604161,0.140883243603458,3,3,3
49,81,83,95,54.5890104579478,0.115099820540249,3,3,4.5
49,81,95,117,243.690889754096,0.0257834230632086,3,3,3.96862696659689
49,81,97,105,54.5890104579478,0.115099820540249,3,3,4.5
49,81,105,117,243.690889754096,0.0257834230632086,3,3,3.96862696659689
50,64,18,28,-54.5890104579478,-0.115099820540249,3,3,4.5
50,64,18,37,243.690889754096,0.0257834230632086,3,3,3.96862696659689
50,64,28,37,44.5985281604161,0.140883243603458,3,3,3
50,64,28,45,-243.690889754096,-0.0257834230632086,3,3,3.96862696659689
50,64,32,37,-243.690889754096,-0.0257834230632086,3,3,3.96862696659689
50,64,32,55,54.5890104579478,0.115099820540249,3,3,4.5
50,64,37,55,44.5985281604161,0.140883243603458,3,3,3
50,64,45,73,243.690889754096,0.0257834230632086,3,3,3.96862696659689
50,64,55,84,243.690889754096,0.0257834230632086,3,3,3.96862696659689
50,64,73,82,44.5985281604161,0.140883243603458,3,3,3
50,64,73,106,54.5890104579478,0.115099820540249,3,3,4.5
50,64,82,96,44.5985281604161,0.140883243603458,3,3,3
50,64,82,106,-243.690889754096,-0.0257834230632086,3,3,3.96862696659689
50,64,82,118,243.690889754096,0.0257834230632086,3,3,3.96862696659689
50,64,84,96,-243.690889754096,-0.0257834230632086,3,3,3.96862696659689
50,64,96,118,-54.5890104579478,-0.115099820540249,3,3,4.5
50,73,25,28,-54.5890104579478,-0.115099820540249,3,3,4.5
50,73,25,45,243.690889754096,0.0257834230632086,3,3,3.96862696659689
50,73,28,37,-243.690889754096,-0.0257834230632086,3,3,3.96862696659689
50,73,28,45,44.5985281604161,0.140883243603458,3,3,3
50,73,37,64,243.690889754096,0.0257834230632086,3,3,3.96862696659689
50,73,45,47,243.690889754096,0.0257834230632086,3,3,3.96862696659689
50,73,45,69,44.5985281604161,0.140883243603458,3,3,3
50,73,47,69,54.5890104579478,0.115099820540249,3,3,4.5
50,73,64,82,44.5985281604161,0.140883243603458,3,3,3
50,73,64,96,54.5890104579478,0.115099820540249,3,3,4.5
50,73,69,98,243.690889754096,0.0257834230632086,3,3,3.96862696659689
50,73,82,96,-243.690889754096,-0.0257834230632086,3,3,3.96862696659689
50,73,82,106,44.5985281604161,0.140883243603458,3,3,3
50,73,82,118,243.690889754096,0.0257834230632086,3,3,3.96862696659689
50,73,98,106,-243.690889754096,-0.0257834230632086,3,3,3.96862696659689
50,73,106,118,-54.5890104579478,-0.115099820540249,3,3,4.5
50,82,28,37,243.690889754096,0.0257834230632086,3,3,3.96862696659689
50,82,28,45,243.690889754096,0.0257834230632086,3,3,3.96862696659689
50,82,37,55,54.5890104579478,0.115099820540249,3,3,4.5
50,82,37,64,44.5985281604161,0.140883243603458,3,3,3
50,82,45,69,54.5890104579478,0.115099820540249,3,3,4.5
50,82,45,73,44.5985281604161,0.140883243603458,3,3,3
50,82,55,64,243.690889754096,0.0257834230632086,3,3,3.96862696659689
50,82,64,84,243.690889754096,0.0257834230632086,3,3,3.96862696659689
50,82,64,96,44.5985281604161,0.140883243603458,3,3,3
50,82,69,73,243.690889754096,0.0257834230632086,3,3,3.96862696659689
50,82,73,98,243.690889754096,0.0257834230632086,3,3,3.96862696659689
50,82,73,106,44.5985281604161,0.140883243603458,3,3,3
50,82,84,96,54.5890104579478,0.115099820540249,3,3,4.5
50,82,96,118,243.690889754096,0.0257834230632086,3,3,3.96862696659689
50,82,98,106,54.5890104579478,0.115099820540249,3,3,4.5
50,82,106,118,243.690889754096,0.0257834230632086,3,3,3.96862696659689
51,54,15,31,243.690889754096,0.0257834230632086,3,3,3.96862696659689
51,54,15,33,-54.5890104579478,-0.115099820540249,3,3,4.5
51,54,17,31,-243.690889754096,-0.0257834230632086,3,3,3.96862696659689
51,54,17,36,54.5890104579478,0.115099820540249,3,3,4.5
51,54,31,33,-44.5985281604161,-0.140883243603458,3,3,3
51,54,31,36,44.5985281604161,0.140883243603458,3,3,3
51,54,33,57,-243.690889754096,-0.0257834230632086,3,3,3.96862696659689
51,54,36,63,243.690889754096,0.0257834230632086,3,3,3.96862696659689
51,54,57,78,243.690889754096,0.0257834230632086,3,3,3.96862696659689
51,54,63,83,-243.690889754096,-0.0257834230632086,3,3,3.96862696659689
51,54,76,78,-44.5985281604161,-0.140883243603458,3,3,3
51,54,76,83,44.5985281604161,0.140883243603458,3,3,3
51,54,76,110,-243.690889754096,-0.0257834230632086,3,3,3.96862696659689
51,54,76,112,243.690889754096,0.0257834230632086,3,3,3.96862696659689
51,54,78,110,54.5890104579478,0.115099820540249,3,3,4.5
51,54,83,112,-54.5890104579478,-0.115099820540249,3,3,4.5
51,57,15,31,-54.5890104579478,-0.115099820540249,3,3,4.5
51,57,15,33,243.690889754096,0.0257834230632086,3,3,3.96862696659689
51,57,20,33,-243.690889754096,-0.0257834230632086,3,3,3.96862696659689
51,57,20,41,54.5890104579478,0.115099820540249,3,3,4.5
51,57,31,33,44.5985281604161,0.140883243603458,3,3,3
51,57,31,54,-243.690889754096,-0.0257834230632086,3,3,3.96862696659689
51,57,33,41,44.5985281604161,0.140883243603458,3,3,3
51,57,41,68,243.690889754096,0.0257834230632086,3,3,3.96862696659689
51,57,54,76,243.690889754096,0.0257834230632086,3,3,3.96862696659689
51,57,68,88,-243.690889754096,-0.0257834230632086,3,3,3.96862696659689
51,57,76,78,44.5985281604161,0.140883243603458,3,3,3
51,57,76,110,54.5890104579478,0.115099820540249,3,3,4.5
51,57,78,88,44.5985281604161,0.140883243603458,3,3,3
51,57,78,110,-243.690889754096,-0.0257834230632086,3,3,3.96862696659689
51,57,78,114,243.690889754096,0.0257834230632086,3,3,3.96862696659689
51,57,88,114,-54.5890104579478,-0.115099820540249,3,3,4.5
51,76,31,33,-243.690889754096,-0.0257834230632086,3,3,3.96862696659689
51,76,31,36,54.5890104579478,0.115099820540249,3,3,4.5
51,76,31,54,44.5985281604161,0.140883243603458,3,3,3
51,76,33,57,243.690889754096,0.0257834230632086,3,3,3.96862696659689
51,76,36,54,243.690889754096,0.0257834230632086,3,3,3.96862696659689
51,76,54,63,243.690889754096,0.0257834230632086,3,3,3.96862696659689
51,76,54,83,44.5985281604161,0.140883243603458,3,3,3
51,76,57,78,44.5985281604161,0.140883243603458,3,3,3
51,76,57,88,54.5890104579478,0.115099820540249,3,3,4.5
51,76,63,83,54.5890104579478,0.115099820540249,3,3,4.5
51,76,78,88,-243.690889754096,-0.0257834230632086,3,3,3.96862696659689
51,76,78,110,44.5985281604161,0.140883243603458,3,3,3
51,76,78,114,243.690889754096,0.0257834230632086,3,3,3.96862696659689
51,76,83,112,243.690889754096,0.0257834230632086,3,3,3.96862696659689
51,76,110,112,243.690889754096,0.0257834230632086,3,3,3.96862696659689
51,76,110,114,-54.5890104579478,-0.115099820540249,3,3,4.5
51,78,31,33,243.690889754096,0.0257834230632086,3,3,3.96862696659689
51,78,31,54,243.690889754096,0.0257834230632086,3,3,3.96862696659689
51,78,33,41,54.5890104579478,0.115099820540249,3,3,4.5
51,78,33,57,44.5985281604161,0.140883243603458,3,3,3
51,78,41,57,243.690889754096,0.0257834230632086,3,3,3.96862696659689
51,78,54,76,44.5985281604161,0.140883243603458,3,3,3
51,78,54,83,54.5890104579478,0.115099820540249,3,3,4.5
51,78,57,68,243.690889754096,0.0257834230632086,3,3,3.96862696659689
51,78,57,88,44.5985281604161,0.140883243603458,3,3,3
51,78,68,88,54.5890104579478,0.115099820540249,3,3,4.5
51,78,76,83,-243.690889754096,-0.0257834230632086,3,3,3.96862696659689
51,78,76,110,44.5985281604161,0.140883243603458,3,3,3
51,78,76,112,243.690889754096,0.0257834230632086,3,3,3.96862696659689
51,78,88,114,243.690889754096,0.0257834230632086,3,3,3.96862696659689
51,78,110,112,-54.5890104579478,-0.115099820540249,3,3,4.5
51,78,110,114,243.690889754096,0.0257834230632086,3,3,3.96862696659689
52,55,16,32,243.690889754096,0.0257834230632086,3,3,3.96862696659689
52,55,16,34,-54.5890104579478,-0.115099820540249,3,3,4.5
52,55,18,32,-243.690889754096,-0.0257834230632086,3,3,3.96862696659689
52,55,18,37,54.5890104579478,0.115099820540249,3,3,4.5
52,55,32,34,-44.5985281604161,-0.140883243603458,3,3,3
52,55,32,37,44.5985281604161,0.140883243603458,3,3,3
52,55,34,58,-243.690889754096,-0.0257834230632086,3,3,3.96862696659689
52,55,37,64,243.690889754096,0.0257834230632086,3,3,3.96862696659689
52,55,58,79,243.690889754096,0.0257834230632086,3,3,3.96862696659689
52,55,64,84,-243.690889754096,-0.0257834230632086,3,3,3.96862696659689
52,55,77,79,-44.5985281604161,-0.140883243603458,3,3,3
52,55,77,84,44.5985281604161,0.140883243603458,3,3,3
52,55,77,111,-243.690889754096,-0.0257834230632086,3,3,3.96862696659689
52,55,77,113,243.690889754096,0.0257834230632086,3,3,3.96862696659689
52,55,79,111,54.5890104579478,0.115099820540249,3,3,4.5
52,55,84,113,-54.5890104579478,-0.115099820540249,3,3,4.5
52,58,16,32,-54.5890104579478,-0.115099820540249,3,3,4.5
52,58,16,34,243.690889754096,0.0257834230632086,3,3,3.96862696659689
52,58,20,34,-243.690889754096,-0.0257834230632086,3,3,3.96862696659689
52,58,20,41,54.5890104579478,0.115099820540249,3,3,4.5
52,58,32,34,44.5985281604161,0.140883243603458,3,3,3
52,58,32,55,-243.690889754096,-0.0257834230632086,3,3,3.96862696659689
52,58,34,41,44.5985281604161,0.140883243603458,3,3,3
52,58,41,68,243.690889754096,0.0257834230632086,3,3,3.96862696659689
52,58,55,77,243.690889754096,0.0257834230632086,3,3,3.96862696659689
52,58,68,89,-243.690889754096,-0.0257834230632086,3,3,3.96862696659689
52,58,77,79,44.5985281604161,0.140883243603458,3,3,3
52,58,77,111,54.5890104579478,0.115099820540249,3,3,4.5
52,58,79,89,44.5985281604161,0.140883243603458,3,3,3
52,58,79,111,-243.690889754096,-0.0257834230632086,3,3,3.96862696659689
52,58,79,115,243.690889754096,0.0257834230632086,3,3,3.96862696659689
52,58,89,115,-54.5890104579478,-0.115099820540249,3,3,4.5
52,77,32,34,-243.690889754096,-0.0257834230632086,3,3,3.96862696659689
52,77,32,37,54.5890104579478,0.115099820540249,3,3,4.5
52,77,32,55,44.5985281604161,0.140883243603458,3,3,3
52,77,34,58,243.690889754096,0.0257834230632086,3,3,3.96862696659689
52,77,37,55,243.690889754096,0.0257834230632086,3,3,3.96862696659689
52,77,55,64,243.690889754096,0.0257834230632086,3,3,3.96862696659689
52,77,55,84,44.5985281604161,0.140883243603458,3,3,3
52,77,58,79,44.5985281604161,0.140883243603458,3,3,3
52,77,58,89,54.5890104579478,0.115099820540249,3,3,4.5
52,77,64,84,54.5890104579478,0.115099820540249,3,3,4.5
52,77,79,89,-243.690889754096,-0.0257834230632086,3,3,3.96862696659689
52,77,79,111,44.5985281604161,0.140883243603458,3,3,3
52,77,79,115,243.690889754096,0.0257834230632086,3,3,3.96862696659689
52,77,84,113,243.690889754096,0.0257834230632086,3,3,3.96862696659689
52,77,111,113,243.690889754096,0.0257834230632086,3,3,3.96862696659689
52,77,111,115,-54.5890104579478,-0.115099820540249,3,3,4.5
52,79,32,34,243.690889754096,0.0257834230632086,3,3,3.96862696659689
52,79,32,55,243.690889754096,0.0257834230632086,3,3,3.96862696659689
52,79,34,41,54.5890104579478,0.115099820540249,3,3,4.5
52,79,34,58,44.5985281604161,0.140883243603458,3,3,3
52,79,41,58,243.690889754096,0.0257834230632086,3,3,3.96862696659689
52,79,55,77,44.5985281604161,0.140883243603458,3,3,3
52,79,55,84,54.5890104579478,0.115099820540249,3,3,4.5
52,79,58,68,243.690889754096,0.0257834230632086,3,3,3.96862696659689
52,79,58,89,44.5985281604161,0.140883243603458,3,3,3
52,79,68,89,54.5890104579478,0.115099820540249,3,3,4.5
52,79,77,84,-243.690889754096,-0.0257834230632086,3,3,3.96862696659689
52,79,77,111,44.5985281604161,0.140883243603458,3,3,3
52,79,77,113,243.690889754096,0.0257834230632086,3,3,3.96862696659689
52,79,89,115,243.690889754096,0.0257834230632086,3,3,3.96862696659689
52,79,111,113,-54.5890104579478,-0.115099820540249,3,3,4.5
52,79,111,115,243.690889754096,0.0257834230632086,3,3,3.96862696659689
53,70,22,29,-54.5890104579478,-0.115099820540249,3,3,4.5
53,70,22,42,243.690889754096,0.0257834230632086,3,3,3.96862696659689
53,70,29,42,44.5985281604161,0.140883243603458,3,3,3
53,70,29,46,-243.690889754096,-0.0257834230632086,3,3,3.96862696659689
53,70,35,42,-243.690889754096,-0.0257834230632086,3,3,3.96862696659689
53,70,35,61,54.5890104579478,0.115099820540249,3,3,4.5
53,70,42,61,44.5985281604161,0.140883243603458,3,3,3
53,70,46,74,243.690889754096,0.0257834230632086,3,3,3.96862696659689
53,70,61,93,243.690889754096,0.0257834230632086,3,3,3.96862696659689
53,70,74,85,44.5985281604161,0.140883243603458,3,3,3
53,70,74,108,54.5890104579478,0.115099820540249,3,3,4.5
53,70,85,104,44.5985281604161,0.140883243603458,3,3,3
53,70,85,108,-243.690889754096,-0.0257834230632086,3,3,3.96862696659689
53,70,85,125,243.690889754096,0.0257834230632086,3,3,3.96862696659689
53,70,93,104,-243.690889754096,-0.0257834230632086,3,3,3.96862696659689
53,70,104,125,-54.5890104579478,-0.115099820540249,3,3,4.5
53,74,24,29,-54.5890104579478,-0.115099820540249,3,3,4.5
53,74,24,46,243.690889754096,0.0257834230632086,3,3,3.96862696659689
53,74,29,42,-243.690889754096,-0.0257834230632086,3,3,3.96862696659689
53,74,29,46,44.5985281604161,0.140883243603458,3,3,3
53,74,42,70,243.690889754096,0.0257834230632086,3,3,3.96862696659689
53,74,44,46,-243.690889754096,-0.0257834230632086,3,3,3.96862696659689
53,74,44,67,54.5890104579478,0.115099820540249,3,3,4.5
53,74,46,67,44.5985281604161,0.140883243603458,3,3,3
53,74,67,100,243.690889754096,0.0257834230632086,3,3,3.96862696659689
53,74,70,85,44.5985281604161,0.140883243603458,3,3,3
53,74,70,104,54.5890104579478,0.115099820540249,3,3,4.5
53,74,85,104,-243.690889754096,-0.0257834230632086,3,3,3.96862696659689
53,74,85,108,44.5985281604161,0.140883243603458,3,3,3
53,74,85,125,243.690889754096,0.0257834230632086,3,3,3.96862696659689
53,74,100,108,-243.690889754096,-0.0257834230632086,3,3,3.96862696659689
53,74,108,125,-54.5890104579478,-0.115099820540249,3,3,4.5
53,85,29,42,243.690889754096,0.0257834230632086,3,3,3.96862696659689
53,85,29,46,243.690889754096,0.0257834230632086,3,3,3.96862696659689
53,85,42,61,54.5890104579478,0.115099820540249,3,3,4.5
53,85,42,70,44.5985281604161,0.140883243603458,3,3,3
53,85,46,67,54.5890104579478,0.115099820540249,3,3,4.5
53,85,46,74,44.5985281604161,0.140883243603458,3,3,3
53,85,61,70,243.690889754096,0.0257834230632086,3,3,3.96862696659689
53,85,67,74,243.690889754096,0.0257834230632086,3,3,3.96862696659689
53,85,70,93,243.690889754096,0.0257834230632086,3,3,3.96862696659689
53,85,70,104,44.5985281604161,0.140883243603458,3,3,3
53,85,74,100,243.690889754096,0.0257834230632086,3,3,3.96862696659689
53,85,74,108,44.5985281604161,0.140883243603458,3,3,3
53,85,93,104,54.5890104579478,0.115099820540249,3,3,4.5
53,85,100,108,54.5890104579478,0.115099820540249,3,3,4.5
53,85,104,125,243.690889754096,0.0257834230632086,3,3,3.96862696659689
53,85,108,125,243.690889754096,0.0257834230632086,3,3,3.96862696659689
54,63,17,31,-54.5890104579478,-0.115099820540249,3,3,4.5
54,63,17,36,243.690889754096,0.0257834230632086,3,3,3.96862696659689
54,63,27,36,-243.690889754096,-0.0257834230632086,3,3,3.96862696659689
54,63,27,49,54.5890104579478,0.115099820540249,3,3,4.5
54,63,31,36,44.5985281604161,0.140883243603458,3,3,3
54,63,31,51,-243.690889754096,-0.0257834230632086,3,3,3.96862696659689
54,63,36,49,44.5985281604161,0.140883243603458,3,3,3
54,63,49,81,243.690889754096,0.0257834230632086,3,3,3.96862696659689
54,63,51,76,243.690889754096,0.0257834230632086,3,3,3.96862696659689
54,63,76,83,44.5985281604161,0.140883243603458,3,3,3
54,63,76,112,54.5890104579478,0.115099820540249,3,3,4.5
54,63,81,95,-243.690889754096,-0.0257834230632086,3,3,3.96862696659689
54,63,83,95,44.5985281604161,0.140883243603458,3,3,3
54,63,83,112,-243.690889754096,-0.0257834230632086,3,3,3.96862696659689
54,63,83,120,243.690889754096,0.0257834230632086,3,3,3.96862696659689
54,63,95,120,-54.5890104579478,-0.115099820540249,3,3,4.5
54,76,31,33,54.5890104579478,0.115099820540249,3,3,4.5
54,76,31,36,-243.690889754096,-0.0257834230632086,3,3,3.96862696659689
54,76,31,51,44.5985281604161,0.140883243603458,3,3,3
54,76,33,51,243.690889754096,0.0257834230632086,3,3,3.96862696659689
54,76,36,63,243.690889754096,0.0257834230632086,3,3,3.96862696659689
54,76,51,57,243.690889754096,0.0257834230632086,3,3,3.96862696659689
54,76,51,78,44.5985281604161,0.140883243603458,3,3,3
54,76,57,78,54.5890104579478,0.115099820540249,3,3,4.5
54,76,63,83,44.5985281604161,0.140883243603458,3,3,3
54,76,63,95,54.5890104579478,0.115099820540249,3,3,4.5
54,76,78,110,243.690889754096,0.0257834230632086,3,3,3.96862696659689
54,76,83,95,-243.690889754096,-0.0257834230632086,3,3,3.96862696659689
54,76,83,112,44.5985281604161,0.140883243603458,3,3,3
54,76,83,120,243.690889754096,0.0257834230632086,3,3,3.96862696659689
54,76,110,112,-243.690889754096,-0.0257834230632086,3,3,3.96862696659689
54,76,112,120,-54.5890104579478,-0.115099820540249,3,3,4.5
54,83,31,36,243.690889754096,0.0257834230632086,3,3,3.96862696659689
54,83,31,51,243.690889754096,0.0257834230632086,3,3,3.96862696659689
54,83,36,49,54.5890104579478,0.115099820540249,3,3,4.5
54,83,36,63,44.5985281604161,0.140883243603458,3,3,3
54,83,49,63,243.690889754096,0.0257834230632086,3,3,3.96862696659689
54,83,51,76,44.5985281604161,0.140883243603458,3,3,3
54,83,51,78,54.5890104579478,0.115099820540249,3,3,4.5
54,83,63,81,243.690889754096,0.0257834230632086,3,3,3.96862696659689
54,83,63,95,44.5985281604161,0.140883243603458,3,3,3
54,83,76,78,-243.690889754096,-0.0257834230632086,3,3,3.96862696659689
54,83,76,110,243.690889754096,0.0257834230632086,3,3,3.96862696659689
54,83,76,112,44.5985281604161,0.140883243603458,3,3,3
54,83,81,95,54.5890104579478,0.115099820540249,3,3,4.5
54,83,95,120,243.690889754096,0.0257834230632086,3,3,3.96862696659689
54,83,110,112,54.5890104579478,0.115099820540249,3,3,4.5
54,83,112,120,243.690889754096,0.0257834230632086,3,3,3.96862696659689
55,64,18,32,-54.5890104579478,-0.115099820540249,3,3,4.5
55,64,18,37,243.690889754096,0.0257834230632086,3,3,3.96862696659689
55,64,28,37,-243.690889754096,-0.0257834230632086,3,3,3.96862696659689
55,64,28,50,54.5890104579478,0.115099820540249,3,3,4.5
55,64,32,37,44.5985281604161,0.140883243603458,3,3,3
55,64,32,52,-243.690889754096,-0.0257834230632086,3,3,3.96862696659689
55,64,37,50,44.5985281604161,0.140883243603458,3,3,3
55,64,50,82,243.690889754096,0.0257834230632086,3,3,3.96862696659689
55,64,52,77,243.690889754096,0.0257834230632086,3,3,3.96862696659689
55,64,77,84,44.5985281604161,0.140883243603458,3,3,3
55,64,77,113,54.5890104579478,0.115099820540249,3,3,4.5
55,64,82,96,-243.690889754096,-0.0257834230632086,3,3,3.96862696659689
55,64,84,96,44.5985281604161,0.140883243603458,3,3,3
55,64,84,113,-243.690889754096,-0.0257834230632086,3,3,3.96862696659689
55,64,84,121,243.690889754096,0.0257834230632086,3,3,3.96862696659689
55,64,96,121,-54.5890104579478,-0.115099820540249,3,3,4.5
55,77,32,34,54.5890104579478,0.115099820540249,3,3,4.5
55,77,32,37,-243.690889754096,-0.0257834230632086,3,3,3.96862696659689
55,77,32,52,44.5985281604161,0.140883243603458,3,3,3
55,77,34,52,243.690889754096,0.0257834230632086,3,3,3.96862696659689
55,77,37,64,243.690889754096,0.0257834230632086,3,3,3.96862696659689
55,77,52,58,243.690889754096,0.0257834230632086,3,3,3.96862696659689
55,77,52,79,44.5985281604161,0.140883243603458,3,3,3
55,77,58,79,54.5890104579478,0.115099820540249,3,3,4.5
55,77,64,84,44.5985281604161,0.140883243603458,3,3,3
55,77,64,96,54.5890104579478,0.115099820540249,3,3,4.5
55,77,79,111,243.690889754096,0.0257834230632086,3,3,3.96862696659689
55,77,84,96,-243.690889754096,-0.0257834230632086,3,3,3.96862696659689
55,77,84,113,44.5985281604161,0.140883243603458,3,3,3
55,77,84,121,243.690889754096,0.0257834230632086,3,3,3.96862696659689
55,77,111,113,-243.690889754096,-0.0257834230632086,3,3,3.96862696659689
55,77,113,121,-54.5890104579478,-0.115099820540249,3,3,4.5
55,84,32,37,243.690889754096,0.0257834230632086,3,3,3.96862696659689
55,84,32,52,243.690889754096,0.0257834230632086,3,3,3.96862696659689
55,84,37,50,54.5890104579478,0.115099820540249,3,3,4.5
55,84,37,64,44.5985281604161,0.140883243603458,3,3,3
55,84,50,64,243.690889754096,0.0257834230632086,3,3,3.96862696659689
55,84,52,77,44.5985281604161,0.140883243603458,3,3,3
55,84,52,79,54.5890104579478,0.115099820540249,3,3,4.5
55,84,64,82,243.690889754096,0.0257834230632086,3,3,3.96862696659689
55,84,64,96,44.5985281604161,0.140883243603458,3,3,3
55,84,77,79,-243.690889754096,-0.0257834230632086,3,3,3.96862696659689
55,84,77,111,243.690889754096,0.0257834230632086,3,3,3.96862696659689
55,84,77,113,44.5985281604161,0.140883243603458,3,3,3
55,84,82,96,54.5890104579478,0.115099820540249,3,3,4.5
55,84,96,121,243.690889754096,0.0257834230632086,3,3,3.96862696659689
55,84,111,113,54.5890104579478,0.115099820540249,3,3,4.5
55,84,113,121,243.690889754096,0.0257834230632086,3,3,3.96862696659689
56,71,23,30,-54.5890104579478,-0.115099820540249,3,3,4.5
56,71,23,43,243.690889754096,0.0257834230632086,3,3,3.96862696659689
56,71,30,43,44.5985281604161,0.140883243603458,3,3,3
56,71,30,47,-243.690889754096,-0.0257834230632086,3,3,3.96862696659689
56,71,38,43,-243.690889754096,-0.0257834230632086,3,3,3.96862696659689
56,71,38,62,54.5890104579478,0.115099820540249,3,3,4.5
56,71,43,62,44.5985281604161,0.140883243603458,3,3,3
56,71,47,75,243.690889754096,0.0257834230632086,3,3,3.96862696659689
56,71,62,94,243.690889754096,0.0257834230632086,3,3,3.96862696659689
56,71,75,86,44.5985281604161,0.140883243603458,3,3,3
56,71,75,109,54.5890104579478,0.115099820540249,3,3,4.5
56,71,86,107,44.5985281604161,0.140883243603458,3,3,3
56,71,86,109,-243.690889754096,-0.0257834230632086,3,3,3.96862696659689
56,71,86,126,243.690889754096,0.0257834230632086,3,3,3.96862696659689
56,71,94,107,-243.690889754096,-0.0257834230632086,3,3,3.96862696659689
56,71,107,126,-54.5890104579478,-0.115099820540249,3,3,4.5
56,75,25,30,-54.5890104579478,-0.115099820540249,3,3,4.5
56,75,25,47,243.690889754096,0.0257834230632086,3,3,3.96862696659689
56,75,30,43,-243.690889754096,-0.0257834230632086,3,3,3.96862696659689
56,75,30,47,44.5985281604161,0.140883243603458,3,3,3
56,75,43,71,243.690889754096,0.0257834230632086,3,3,3.96862696659689
56,75,45,47,-243.690889754096,-0.0257834230632086,3,3,3.96862696659689
56,75,45,69,54.5890104579478,0.115099820540249,3,3,4.5
56,75,47,69,44.5985281604161,0.140883243603458,3,3,3
56,75,69,101,243.690889754096,0.0257834230632086,3,3,3.96862696659689
56,75,71,86,44.5985281604161,0.140883243603458,3,3,3
56,75,71,107,54.5890104579478,0.115099820540249,3,3,4.5
56,75,86,107,-243.690889754096,-0.0257834230632086,3,3,3.96862696659689
56,75,86,109,44.5985281604161,0.140883243603458,3,3,3
56,75,86,126,243.690889754096,0.0257834230632086,3,3,3.96862696659689
56,75,101,109,-243.690889754096,-0.0257834230632086,3,3,3.96862696659689
56,75,109,126,-54.5890104579478,-0.115099820540249,3,3,4.5
56,86,30,43,243.690889754096,0.0257834230632086,3,3,3.96862696659689
56,86,30,47,243.690889754096,0.0257834230632086,3,3,3.96862696659689
56,86,43,62,54.5890104579478,0.115099820540249,3,3,4.5
56,86,43,71,44.5985281604161,0.140883243603458,3,3,3
56,86,47,69,54.5890104579478,0.115099820540249,3,3,4.5
56,86,47,75,44.5985281604161,0.140883243603458,3,3,3
56,86,62,71,243.690889754096,0.0257834230632086,3,3,3.96862696659689
56,86,69,75,243.690889754096,0.0257834230632086,3,3,3.96862696659689
56,86,71,94,243.690889754096,0.0257834230632086,3,3,3.96862696659689
56,86,71,107,44.5985281604161,0.140883243603458,3,3,3
56,86,75,101,243.690889754096,0.0257834230632086,3,3,3.96862696659689
56,86,75,109,44.5985281604161,0.140883243603458,3,3,3
56,86,94,107,54.5890104579478,0.115099820540249,3,3,4.5
56,86,101,109,54.5890104579478,0.115099820540249,3,3,4.5
56,86,107,126,243.690889754096,0.0257834230632086,3,3,3.96862696659689
56,86,109,126,243.690889754096,0.0257834230632086,3,3,3.96862696659689
57,68,20,33,-54.5890104579478,-0.115099820540249,3,3,4.5
57,68,20,41,243.690889754096,0.0257834230632086,3,3,3.96862696659689
57,68,33,41,44.5985281604161,0.140883243603458,3,3,3
57,68,33,51,-243.690889754096,-0.0257834230632086,3,3,3.96862696659689
57,68,34,41,-243.690889754096,-0.0257834230632086,3,3,3.96862696659689
57,68,34,58,54.5890104579478,0.115099820540249,3,3,4.5
57,68,41,58,44.5985281604161,0.140883243603458,3,3,3
57,68,51,78,243.690889754096,0.0257834230632086,3,3,3.96862696659689
57,68,58,89,243.690889754096,0.0257834230632086,3,3,3.96862696659689
57,68,78,88,44.5985281604161,0.140883243603458,3,3,3
57,68,78,114,54.5890104579478,0.115099820540249,3,3,4.5
57,68,88,103,44.5985281604161,0.140883243603458,3,3,3
57,68,88,114,-243.690889754096,-0.0257834230632086,3,3,3.96862696659689
57,68,88,127,243.690889754096,0.0257834230632086,3,3,3.96862696659689
57,68,89,103,-243.690889754096,-0.0257834230632086,3,3,3.96862696659689
57,68,103,127,-54.5890104579478,-0.115099820540249,3,3,4.5
57,78,31,33,-54.5890104579478,-0.115099820540249,3,3,4.5
57,78,31,51,243.690889754096,0.0257834230632086,3,3,3.96862696659689
57,78,33,41,-243.690889754096,-0.0257834230632086,3,3,3.96862696659689
57,78,33,51,44.5985281604161,0.140883243603458,3,3,3
57,78,41,68,243.690889754096,0.0257834230632086,3,3,3.96862696659689
57,78,51,54,243.690889754096,0.0257834230632086,3,3,3.96862696659689
57,78,51,76,44.5985281604161,0.140883243603458,3,3,3
57,78,54,76,54.5890104579478,0.115099820540249,3,3,4.5
57,78,68,88,44.5985281604161,0.140883243603458,3,3,3
57,78,68,103,54.5890104579478,0.115099820540249,3,3,4.5
57,78,76,110,243.690889754096,0.0257834230632086,3,3,3.96862696659689
57,78,88,103,-243.690889754096,-0.0257834230632086,3,3,3.96862696659689
57,78,88,114,44.5985281604161,0.140883243603458,3,3,3
57,78,88,127,243.690889754096,0.0257834230632086,3,3,3.96862696659689
57,78,110,114,-243.690889754096,-0.0257834230632086,3,3,3.96862696659689
57,78,114,127,-54.5890104579478,-0.115099820540249,3,3,4.5
57,88,33,41,243.690889754096,0.0257834230632086,3,3,3.96862696659689
57,88,33,51,243.690889754096,0.0257834230632086,3,3,3.96862696659689
57,88,41,58,54.5890104579478,0.115099820540249,3,3,4.5
57,88,41,68,44.5985281604161,0.140883243603458,3,3,3
57,88,51,76,54.5890104579478,0.115099820540249,3,3,4.5
57,88,51,78,44.5985281604161,0.140883243603458,3,3,3
57,88,58,68,243.690889754096,0.0257834230632086,3,3,3.96862696659689
57,88,68,89,243.690889754096,0.0257834230632086,3,3,3.96862696659689
57,88,68,103,44.5985281604161,0.140883243603458,3,3,3
57,88,76,78,243.690889754096,0.0257834230632086,3,3,3.96862696659689
57,88,78,110,243.690889754096,0.0257834230632086,3,3,3.96862696659689
57,88,78,114,44.5985281604161,0.140883243603458,3,3,3
57,88,89,103,54.5890104579478,0.115099820540249,3,3,4.5
57,88,103,127,243.690889754096,0.0257834230632086,3,3,3.96862696659689
57,88,110,114,54.5890104579478,0.115099820540249,3,3,4.5
57,88,114,127,243.690889754096,0.0257834230632086,3,3,3.96862696659689
58,68,20,34,-54.5890104579478,-0.115099820540249,3,3,4.5
58,68,20,41,243.690889754096,0.0257834230632086,3,3,3.96862696659689
58,68,33,41,-243.690889754096,-0.0257834230632086,3,3,3.96862696659689
58,68,33,57,54.5890104579478,0.115099820540249,3,3,4.5
58,68,34,41,44.5985281604161,0.140883243603458,3,3,3
58,68,34,52,-243.690889754096,-0.0257834230632086,3,3,3.96862696659689
58,68,41,57,44.5985281604161,0.140883243603458,3,3,3
58,68,52,79,243.690889754096,0.0257834230632086,3,3,3.96862696659689
58,68,57,88,243.690889754096,0.0257834230632086,3,3,3.96862696659689
58,68,79,89,44.5985281604161,0.140883243603458,3,3,3
58,68,79,115,54.5890104579478,0.115099820540249,3,3,4.5
58,68,88,103,-243.690889754096,-0.0257834230632086,3,3,3.96862696659689
58,68,89,103,44.5985281604161,0.140883243603458,3,3,3
58,68,89,115,-243.690889754096,-0.0257834230632086,3,3,3.96862696659689
58,68,89,128,243.690889754096,0.0257834230632086,3,3,3.96862696659689
58,68,103,128,-54.5890104579478,-0.115099820540249,3,3,4.5
58,79,32,34,-54.5890104579478,-0.115099820540249,3,3,4.5
58,79,32,52,243.690889754096,0.0257834230632086,3,3,3.96862696659689
58,79,34,41,-243.690889754096,-0.0257834230632086,3,3,3.96862696659689
58,79,34,52,44.5985281604161,0.140883243603458,3,3,3
58,79,41,68,243.690889754096,0.0257834230632086,3,3,3.96862696659689
58,79,52,55,243.690889754096,0.0257834230632086,3,3,3.96862696659689
58,79,52,77,44.5985281604161,0.140883243603458,3,3,3
58,79,55,77,54.5890104579478,0.115099820540249,3,3,4.5
58,79,68,89,44.5985281604161,0.140883243603458,3,3,3
58,79,68,103,54.5890104579478,0.115099820540249,3,3,4.5
58,79,77,111,243.690889754096,0.0257834230632086,3,3,3.96862696659689
58,79,89,103,-243.690889754096,-0.0257834230632086,3,3,3.96862696659689
58,79,89,115,44.5985281604161,0.140883243603458,3,3,3
58,79,89,128,243.690889754096,0.0257834230632086,3,3,3.96862696659689
58,79,111,115,-243.690889754096,-0.0257834230632086,3,3,3.96862696659689
58,79,115,128,-54.5890104579478,-0.115099820540249,3,3,4.5
58,89,34,41,243.690889754096,0.0257834230632086,3,3,3.96862696659689
58,89,34,52,243.690889754096,0.0257834230632086,3,3,3.96862696659689
58,89,41,57,54.5890104579478,0.115099820540249,3,3,4.5
58,89,41,68,44.5985281604161,0.140883243603458,3,3,3
58,89,52,77,54.5890104579478,0.115099820540249,3,3,4.5
58,89,52,79,44.5985281604161,0.140883243603458,3,3,3
58,89,57,68,243.690889754096,0.0257834230632086,3,3,3.96862696659689
58,89,68,88,243.690889754096,0.0257834230632086,3,3,3.96862696659689
58,89,68,103,44.5985281604161,0.140883243603458,3,3,3
58,89,77,79,243.690889754096,0.0257834230632086,3,3,3.96862696659689
58,89,79,111,243.690889754096,0.0257834230632086,3,3,3.96862696659689
58,89,79,115,44.5985281604161,0.140883243603458,3,3,3
58,89,88,103,54.5890104579478,0.115099820540249,3,3,4.5
58,89,103,128,243.690889754096,0.0257834230632086,3,3,3.96862696659689
58,89,111,115,54.5890104579478,0.115099820540249,3,3,4.5
58,89,115,128,243.690889754096,0.0257834230632086,3,3,3.96862696659689
59,61,19,35,243.690889754096,0.0257834230632086,3,3,3.96862696659689
59,61,19,39,-54.5890104579478,-0.115099820540249,3,3,4.5
59,61,22,35,-243.690889754096,-0.0257834230632086,3,3,3.96862696659689
59,61,22,42,54.5890104579478,0.115099820540249,3,3,4.5
59,61,35,39,-44.5985281604161,-0.140883243603458,3,3,3
59,61,35,42,44.5985281604161,0.140883243603458,3,3,3
59,61,39,65,-243.690889754096,-0.0257834230632086,3,3,3.96862696659689
59,61,42,70,243.690889754096,0.0257834230632086,3,3,3.96862696659689
59,61,65,91,243.690889754096,0.0257834230632086,3,3,3.96862696659689
59,61,70,93,-243.690889754096,-0.0257834230632086,3,3,3.96862696659689
59,61,87,91,-44.5985281604161,-0.140883243603458,3,3,3
59,61,87,93,44.5985281604161,0.140883243603458,3,3,3
59,61,87,119,-243.690889754096,-0.0257834230632086,3,3,3.96862696659689
59,61,87,123,243.690889754096,0.0257834230632086,3,3,3.96862696659689
59,61,91,119,54.5890104579478,0.115099820540249,3,3,4.5
59,61,93,123,-54.5890104579478,-0.115099820540249,3,3,4.5
59,65,19,35,-54.5890104579478,-0.115099820540249,3,3,4.5
59,65,19,39,243.690889754096,0.0257834230632086,3,3,3.96862696659689
59,65,26,39,-243.690889754096,-0.0257834230632086,3,3,3.96862696659689
59,65,26,48,54.5890104579478,0.115099820540249,3,3,4.5
59,65,35,39,44.5985281604161,0.140883243603458,3,3,3
59,65,35,61,-243.690889754096,-0.0257834230632086,3,3,3.96862696659689
59,65,39,48,44.5985281604161,0.140883243603458,3,3,3
59,65,48,80,243.690889754096,0.0257834230632086,3,3,3.96862696659689
59,65,61,87,243.690889754096,0.0257834230632086,3,3,3.96862696659689
59,65,80,99,-243.690889754096,-0.0257834230632086,3,3,3.96862696659689
59,65,87,91,44.5985281604161,0.140883243603458,3,3,3
59,65,87,119,54.5890104579478,0.115099820540249,3,3,4.5
59,65,91,99,44.5985281604161,0.140883243603458,3,3,3
59,65,91,119,-243.690889754096,-0.0257834230632086,3,3,3.96862696659689
59,65,91,129,243.690889754096,0.0257834230632086,3,3,3.96862696659689
59,65,99,129,-54.5890104579478,-0.115099820540249,3,3,4.5
59,87,35,39,-243.690889754096,-0.0257834230632086,3,3,3.96862696659689
59,87,35,42,54.5890104579478,0.115099820540249,3,3,4.5
59,87,35,61,44.5985281604161,0.140883243603458,3,3,3
59,87,39,65,243.690889754096,0.0257834230632086,3,3,3.96862696659689
59,87,42,61,243.690889754096,0.0257834230632086,3,3,3.96862696659689
59,87,61,70,243.690889754096,0.0257834230632086,3,3,3.96862696659689
59,87,61,93,44.5985281604161,0.140883243603458,3,3,3
59,87,65,91,44.5985281604161,0.140883243603458,3,3,3
59,87,65,99,54.5890104579478,0.115099820540249,3,3,4.5
59,87,70,93,54.5890104579478,0.115099820540249,3,3,4.5
59,87,91,99,-243.690889754096,-0.0257834230632086,3,3,3.96862696659689
59,87,91,119,44.5985281604161,0.140883243603458,3,3,3
59,87,91,129,243.690889754096,0.0257834230632086,3,3,3.96862696659689
59,87,93,123,243.690889754096,0.0257834230632086,3,3,3.96862696659689
59,87,119,123,243.690889754096,0.0257834230632086,3,3,3.96862696659689
59,87,119,129,-54.5890104579478,-0.115099820540249,3,3,4.5
59,91,35,39,243.690889754096,0.0257834230632086,3,3,3.96862696659689
59,91,35,61,243.690889754096,0.0257834230632086,3,3,3.96862696659689
59,91,39,48,54.5890104579478,0.115099820540249,3,3,4.5
59,91,39,65,44.5985281604161,0.140883243603458,3,3,3
59,91,48,65,243.690889754096,0.0257834230632086,3,3,3.96862696659689
59,91,61,87,44.5985281604161,0.140883243603458,3,3,3
59,91,61,93,54.5890104579478,0.115099820540249,3,3,4.5
59,91,65,80,243.690889754096,0.0257834230632086,3,3,3.96862696659689
59,91,65,99,44.5985281604161,0.140883243603458,3,3,3
59,91,80,99,54.5890104579478,0.115099820540249,3,3,4.5
59,91,87,93,-243.690889754096,-0.0257834230632086,3,3,3.96862696659689
59,91,87,119,44.5985281604161,0.140883243603458,3,3,3
59,91,87,123,243.690889754096,0.0257834230632086,3,3,3.96862696659689
59,91,99,129,243.690889754096,0.0257834230632086,3,3,3.96862696659689
59,91,119,123,-54.5890104579478,-0.115099820540249,3,3,4.5
59,91,119,129,243.690889754096,0.0257834230632086,3,3,3.96862696659689
60,62,21,38,243.690889754096,0.0257834230632086,3,3,3.96862696659689
60,62,21,40,-54.5890104579478,-0.115099820540249,3,3,4.5
60,62,23,38,-243.690889754096,-0.0257834230632086,3,3,3.96862696659689
60,62,23,43,54.5890104579478,0.115099820540249,3,3,4.5
60,62,38,40,-44.5985281604161,-0.140883243603458,3,3,3
60,62,38,43,44.5985281604161,0.140883243603458,3,3,3
60,62,40,66,-243.690889754096,-0.0257834230632086,3,3,3.96862696659689
60,62,43,71,243.690889754096,0.0257834230632086,3,3,3.96862696659689
60,62,66,92,243.690889754096,0.0257834230632086,3,3,3.96862696659689
60,62,71,94,-243.690889754096,-0.0257834230632086,3,3,3.96862696659689
60,62,90,92,-44.5985281604161,-0.140883243603458,3,3,3
60,62,90,94,44.5985281604161,0.140883243603458,3,3,3
60,62,90,122,-243.690889754096,-0.0257834230632086,3,3,3.96862696659689
60,62,90,124,243.690889754096,0.0257834230632086,3,3,3.96862696659689
60,62,92,122,54.5890104579478,0.115099820540249,3,3,4.5
60,62,94,124,-54.5890104579478,-0.115099820540249,3,3,4.5
60,66,21,38,-54.5890104579478,-0.115099820540249,3,3,4.5
60,66,21,40,243.690889754096,0.0257834230632086,3,3,3.96862696659689
60,66,26,40,-243.690889754096,-0.0257834230632086,3,3,3.96862696659689
60,66,26,48,54.5890104579478,0.115099820540249,3,3,4.5
60,66,38,40,44.5985281604161,0.140883243603458,3,3,3
60,66,38,62,-243.690889754096,-0.0257834230632086,3,3,3.96862696659689
60,66,40,48,44.5985281604161,0.140883243603458,3,3,3
60,66,48,80,243.690889754096,0.0257834230632086,3,3,3.96862696659689
60,66,62,90,243.690889754096,0.0257834230632086,3,3,3.96862696659689
60,66,80,102,-243.690889754096,-0.0257834230632086,3,3,3.96862696659689
60,66,90,92,44.5985281604161,0.140883243603458,3,3,3
60,66,90,122,54.5890104579478,0.115099820540249,3,3,4.5
60,66,92,102,44.5985281604161,0.140883243603458,3,3,3
60,66,92,122,-243.690889754096,-0.0257834230632086,3,3,3.96862696659689
60,66,92,130,243.690889754096,0.0257834230632086,3,3,3.96862696659689
60,66,102,130,-54.5890104579478,-0.115099820540249,3,3,4.5
60,90,38,40,-243.690889754096,-0.0257834230632086,3,3,3.96862696659689
60,90,38,43,54.5890104579478,0.115099820540249,3,3,4.5
60,90,38,62,44.5985281604161,0.140883243603458,3,3,3
60,90,40,66,243.690889754096,0.0257834230632086,3,3,3.96862696659689
60,90,43,62,243.690889754096,0.0257834230632086,3,3,3.96862696659689
60,90,62,71,243.690889754096,0.0257834230632086,3,3,3.96862696659689
60,90,62,94,44.5985281604161,0.140883243603458,3,3,3
60,90,66,92,44.5985281604161,0.140883243603458,3,3,3
60,90,66,102,54.5890104579478,0.115099820540249,3,3,4.5
60,90,71,94,54.5890104579478,0.115099820540249,3,3,4.5
60,90,92,102,-243.690889754096,-0.0257834230632086,3,3,3.96862696659689
60,90,92,122,44.5985281604161,0.140883243603458,3,3,3
60,90,92,130,243.690889754096,0.0257834230632086,3,3,3.96862696659689
60,90,94,124,243.690889754096,0.0257834230632086,3,3,3.96862696659689
60,90,122,124,243.690889754096,0.0257834230632086,3,3,3.96862696659689
60,90,122,130,-54.5890104579478,-0.115099820540249,3,3,4.5
60,92,38,40,243.690889754096,0.0257834230632086,3,3,3.96862696659689
60,92,38,62,243.690889754096,0.0257834230632086,3,3,3.96862696659689
60,92,40,48,54.5890104579478,0.115099820540249,3,3,4.5
60,92,40,66,44.5985281604161,0.140883243603458,3,3,3
60,92,48,66,243.690889754096,0.0257834230632086,3,3,3.96862696659689
60,92,62,90,44.5985281604161,0.140883243603458,3,3,3
60,92,62,94,54.5890104579478,0.115099820540249,3,3,4.5
60,92,66,80,243.690889754096,0.0257834230632086,3,3,3.96862696659689
60,92,66,102,44.5985281604161,0.140883243603458,3,3,3
60,92,80,102,54.5890104579478,0.115099820540249,3,3,4.5
60,92,90,94,-243.690889754096,-0.0257834230632086,3,3,3.96862696659689
60,92,90,122,44.5985281604161,0.140883243603458,3,3,3
60,92,90,124,243.690889754096,0.0257834230632086,3,3,3.96862696659689
60,92,102,130,243.690889754096,0.0257834230632086,3,3,3.96862696659689
60,92,122,124,-54.5890104579478,-0.115099820540249,3,3,4.5
60,92,122,130,243.690889754096,0.0257834230632086,3,3,3.96862696659689
61,70,22,35,-54.5890104579478,-0.115099820540249,3,3,4.5
61,70,22,42,243.690889754096,0.0257834230632086,3,3,3.96862696659689
61,70,29,42,-243.690889754096,-0.0257834230632086,3,3,3.96862696659689
61,70,29,53,54.5890104579478,0.115099820540249,3,3,4.5
61,70,35,42,44.5985281604161,0.140883243603458,3,3,3
61,70,35,59,-243.690889754096,-0.0257834230632086,3,3,3.96862696659689
61,70,42,53,44.5985281604161,0.140883243603458,3,3,3
61,70,53,85,243.690889754096,0.0257834230632086,3,3,3.96862696659689
61,70,59,87,243.690889754096,0.0257834230632086,3,3,3.96862696659689
61,70,85,104,-243.690889754096,-0.0257834230632086,3,3,3.96862696659689
61,70,87,93,44.5985281604161,0.140883243603458,3,3,3
61,70,87,123,54.5890104579478,0.115099820540249,3,3,4.5
61,70,93,104,44.5985281604161,0.140883243603458,3,3,3
61,70,93,123,-243.690889754096,-0.0257834230632086,3,3,3.96862696659689
61,70,93,131,243.690889754096,0.0257834230632086,3,3,3.96862696659689
61,70,104,131,-54.5890104579478,-0.115099820540249,3,3,4.5
61,87,35,39,54.5890104579478,0.115099820540249,3,3,4.5
61,87,35,42,-243.690889754096,-0.0257834230632086,3,3,3.96862696659689
61,87,35,59,44.5985281604161,0.140883243603458,3,3,3
61,87,39,59,243.690889754096,0.0257834230632086,3,3,3.96862696659689
61,87,42,70,243.690889754096,0.0257834230632086,3,3,3.96862696659689
61,87,59,65,243.690889754096,0.0257834230632086,3,3,3.96862696659689
61,87,59,91,44.5985281604161,0.140883243603458,3,3,3
61,87,65,91,54.5890104579478,0.115099820540249,3,3,4.5
61,87,70,93,44.5985281604161,0.140883243603458,3,3,3
61,87,70,104,54.5890104579478,0.115099820540249,3,3,4.5
61,87,91,119,243.690889754096,0.0257834230632086,3,3,3.96862696659689
61,87,93,104,-243.690889754096,-0.0257834230632086,3,3,3.96862696659689
61,87,93,123,44.5985281604161,0.140883243603458,3,3,3
61,87,93,131,243.690889754096,0.0257834230632086,3,3,3.96862696659689
61,87,119,123,-243.690889754096,-0.0257834230632086,3,3,3.96862696659689
61,87,123,131,-54.5890104579478,-0.115099820540249,3,3,4.5
61,93,35,42,243.690889754096,0.0257834230632086,3,3,3.96862696659689
61,93,35,59,243.690889754096,0.0257834230632086,3,3,3.96862696659689
61,93,42,53,54.5890104579478,0.115099820540249,3,3,4.5
61,93,42,70,44.5985281604161,0.140883243603458,3,3,3
61,93,53,70,243.690889754096,0.0257834230632086,3,3,3.96862696659689
61,93,59,87,44.5985281604161,0.140883243603458,3,3,3
61,93,59,91,54.5890104579478,0.115099820540249,3,3,4.5
61,93,70,85,243.690889754096,0.0257834230632086,3,3,3.96862696659689
61,93,70,104,44.5985281604161,0.140883243603458,3,3,3
61,93,85,104,54.5890104579478,0.115099820540249,3,3,4.5
61,93,87,91,-243.690889754096,-0.0257834230632086,3,3,3.96862696659689
61,93,87,119,243.690889754096,0.0257834230632086,3,3,3.96862696659689
61,93,87,123,44.5985281604161,0.140883243603458,3,3,3
61,93,104,131,243.690889754096,0.0257834230632086,3,3,3.96862696659689
61,93,119,123,54.5890104579478,0.115099820540249,3,3,4.5
61,93,123,131,243.690889754096,0.0257834230632086,3,3,3.96862696659689
62,71,23,38,-54.5890104579478,-0.115099820540249,3,3,4.5
62,71,23,43,243.690889754096,0.0257834230632086,3,3,3.96862696659689
62,71,30,43,-243.690889754096,-0.0257834230632086,3,3,3.96862696659689
62,71,30,56,54.5890104579478,0.115099820540249,3,3,4.5
62,71,38,43,44.5985281604161,0.140883243603458,3,3,3
62,71,38,60,-243.690889754096,-0.0257834230632086,3,3,3.96862696659689
62,71,43,56,44.5985281604161,0.140883243603458,3,3,3
62,71,56,86,243.690889754096,0.0257834230632086,3,3,3.96862696659689
62,71,60,90,243.690889754096,0.0257834230632086,3,3,3.96862696659689
62,71,86,107,-243.690889754096,-0.0257834230632086,3,3,3.96862696659689
62,71,90,94,44.5985281604161,0.140883243603458,3,3,3
62,71,90,124,54.5890104579478,0.115099820540249,3,3,4.5
62,71,94,107,44.5985281604161,0.140883243603458,3,3,3
62,71,94,124,-243.690889754096,-0.0257834230632086,3,3,3.96862696659689
62,71,94,132,243.690889754096,0.0257834230632086,3,3,3.96862696659689
62,71,107,132,-54.5890104579478,-0.115099820540249,3,3,4.5
62,90,38,40,54.5890104579478,0.115099820540249,3,3,4.5
62,90,38,43,-243.690889754096,-0.0257834230632086,3,3,3.96862696659689
62,90,38,60,44.5985281604161,0.140883243603458,3,3,3
62,90,40,60,243.690889754096,0.0257834230632086,3,3,3.96862696659689
62,90,43,71,243.690889754096,0.0257834230632086,3,3,3.96862696659689
62,90,60,66,243.690889754096,0.0257834230632086,3,3,3.96862696659689
62,90,60,92,44.5985281604161,0.140883243603458,3,3,3
62,90,66,92,54.5890104579478,0.115099820540249,3,3,4.5
62,90,71,94,44.5985281604161,0.140883243603458,3,3,3
62,90,71,107,54.5890104579478,0.115099820540249,3,3,4.5
62,90,92,122,243.690889754096,0.0257834230632086,3,3,3.96862696659689
62,90,94,107,-243.690889754096,-0.0257834230632086,3,3,3.96862696659689
62,90,94,124,44.5985281604161,0.140883243603458,3,3,3
62,90,94,132,243.690889754096,0.0257834230632086,3,3,3.96862696659689
62,90,122,124,-243.690889754096,-0.0257834230632086,3,3,3.96862696659689
62,90,124,132,-54.5890104579478,-0.115099820540249,3,3,4.5
62,94,38,43,243.690889754096,0.0257834230632086,3,3,3.96862696659689
62,94,38,60,243.690889754096,0.0257834230632086,3,3,3.96862696659689
62,94,43,56,54.5890104579478,0.115099820540249,3,3,4.5
62,94,43,71,44.5985281604161,0.140883243603458,3,3,3
62,94,56,71,243.690889754096,0.0257834230632086,3,3,3.96862696659689
62,94,60,90,44.5985281604161,0.140883243603458,3,3,3
62,94,60,92,54.5890104579478,0.115099820540249,3,3,4.5
62,94,71,86,243.690889754096,0.0257834230632086,3,3,3.96862696659689
62,94,71,107,44.5985281604161,0.140883243603458,3,3,3
62,94,86,107,54.5890104579478,0.115099820540249,3,3,4.5
62,94,90,92,-243.690889754096,-0.0257834230632086,3,3,3.96862696659689
62,94,90,122,243.690889754096,0.0257834230632086,3,3,3.96862696659689
62,94,90,124,44.5985281604161,0.140883243603458,3,3,3
62,94,107,132,243.690889754096,0.0257834230632086,3,3,3.96862696659689
62,94,122,124,54.5890104579478,0.115099820540249,3,3,4.5
62,94,124,132,243.690889754096,0.0257834230632086,3,3,3.96862696659689
63,81,27,36,-54.5890104579478,-0.115099820540249,3,3,4.5
63,81,27,49,243.690889754096,0.0257834230632086,3,3,3.96862696659689
63,81,36,49,44.5985281604161,0.140883243603458,3,3,3
63,81,36,54,-243.690889754096,-0.0257834230632086,3,3,3.96862696659689
63,81,44,49,-243.690889754096,-0.0257834230632086,3,3,3.96862696659689
63,81,44,72,54.5890104579478,0.115099820540249,3,3,4.5
63,81,49,72,44.5985281604161,0.140883243603458,3,3,3
63,81,54,83,243.690889754096,0.0257834230632086,3,3,3.96862696659689
63,81,72,105,243.690889754096,0.0257834230632086,3,3,3.96862696659689
63,81,83,95,44.5985281604161,0.140883243603458,3,3,3
63,81,83,120,54.5890104579478,0.115099820540249,3,3,4.5
63,81,95,117,44.5985281604161,0.140883243603458,3,3,3
63,81,95,120,-243.690889754096,-0.0257834230632086,3,3,3.96862696659689
63,81,95,138,243.690889754096,0.0257834230632086,3,3,3.96862696659689
63,81,105,117,-243.690889754096,-0.0257834230632086,3,3,3.96862696659689
63,81,117,138,-54.5890104579478,-0.115099820540249,3,3,4.5
63,83,31,36,-54.5890104579478,-0.115099820540249,3,3,4.5
63,83,31,54,243.690889754096,0.0257834230632086,3,3,3.96862696659689
63,83,36,49,-243.690889754096,-0.0257834230632086,3,3,3.96862696659689
63,83,36,54,44.5985281604161,0.140883243603458,3,3,3
63,83,49,81,243.690889754096,0.0257834230632086,3,3,3.96862696659689
63,83,51,54,-243.690889754096,-0.0257834230632086,3,3,3.96862696659689
63,83,51,76,54.5890104579478,0.115099820540249,3,3,4.5
63,83,54,76,44.5985281604161,0.140883243603458,3,3,3
63,83,76,112,243.690889754096,0.0257834230632086,3,3,3.96862696659689
63,83,81,95,44.5985281604161,0.140883243603458,3,3,3
63,83,81,117,54.5890104579478,0.115099820540249,3,3,4.5
63,83,95,117,-243.690889754096,-0.0257834230632086,3,3,3.96862696659689
63,83,95,120,44.5985281604161,0.140883243603458,3,3,3
63,83,95,138,243.690889754096,0.0257834230632086,3,3,3.96862696659689
63,83,112,120,-243.690889754096,-0.0257834230632086,3,3,3.96862696659689
63,83,120,138,-54.5890104579478,-0.115099820540249,3,3,4.5
63,95,36,49,243.690889754096,0.0257834230632086,3,3,3.96862696659689
63,95,36,54,243.690889754096,0.0257834230632086,3,3,3.96862696659689
63,95,49,72,54.5890104579478,0.115099820540249,3,3,4.5
63,95,49,81,44.5985281604161,0.140883243603458,3,3,3
63,95,54,76,54.5890104579478,0.115099820540249,3,3,4.5
63,95,54,83,44.5985281604161,0.140883243603458,3,3,3
63,95,72,81,243.690889754096,0.0257834230632086,3,3,3.96862696659689
63,95,76,83,243.690889754096,0.0257834230632086,3,3,3.96862696659689
63,95,81,105,243.690889754096,0.0257834230632086,3,3,3.96862696659689
63,95,81,117,44.5985281604161,0.140883243603458,3,3,3
63,95,83,112,243.690889754096,0.0257834230632086,3,3,3.96862696659689
63,95,83,120,44.5985281604161,0.140883243603458,3,3,3
63,95,105,117,54.5890104579478,0.115099820540249,3,3,4.5
63,95,112,120,54.5890104579478,0.115099820540249,3,3,4.5
63,95,117,138,243.690889754096,0.0257834230632086,3,3,3.96862696659689
63,95,120,138,243.690889754096,0.0257834230632086,3,3,3.96862696659689
64,82,28,37,-54.5890104579478,-0.115099820540249,3,3,4.5
64,82,28,50,243.690889754096,0.0257834230632086,3,3,3.96862696659689
64,82,37,50,44.5985281604161,0.140883243603458,3,3,3
64,82,37,55,-243.690889754096,-0.0257834230632086,3,3,3.96862696659689
64,82,45,50,-243.690889754096,-0.0257834230632086,3,3,3.96862696659689
64,82,45,73,54.5890104579478,0.115099820540249,3,3,4.5
64,82,50,73,44.5985281604161,0.140883243603458,3,3,3
64,82,55,84,243.690889754096,0.0257834230632086,3,3,3.96862696659689
64,82,73,106,243.690889754096,0.0257834230632086,3,3,3.96862696659689
64,82,84,96,44.5985281604161,0.140883243603458,3,3,3
64,82,84,121,54.5890104579478,0.115099820540249,3,3,4.5
64,82,96,118,44.5985281604161,0.140883243603458,3,3,3
64,82,96,121,-243.690889754096,-0.0257834230632086,3,3,3.96862696659689
64,82,96,139,243.690889754096,0.0257834230632086,3,3,3.96862696659689
64,82,106,118,-243.690889754096,-0.0257834230632086,3,3,3.96862696659689
64,82,118,139,-54.5890104579478,-0.115099820540249,3,3,4.5
64,84,32,37,-54.5890104579478,-0.115099820540249,3,3,4.5
64,84,32,55,243.690889754096,0.0257834230632086,3,3,3.96862696659689
64,84,37,50,-243.690889754096,-0.0257834230632086,3,3,3.96862696659689
64,84,37,55,44.5985281604161,0.140883243603458,3,3,3
64,84,50,82,243.690889754096,0.0257834230632086,3,3,3.96862696659689
64,84,52,55,-243.690889754096,-0.0257834230632086,3,3,3.96862696659689
64,84,52,77,54.5890104579478,0.115099820540249,3,3,4.5
64,84,55,77,44.5985281604161,0.140883243603458,3,3,3
64,84,77,113,243.690889754096,0.0257834230632086,3,3,3.96862696659689
64,84,82,96,44.5985281604161,0.140883243603458,3,3,3
64,84,82,118,54.5890104579478,0.115099820540249,3,3,4.5
64,84,96,118,-243.690889754096,-0.0257834230632086,3,3,3.96862696659689
64,84,96,121,44.5985281604161,0.140883243603458,3,3,3
64,84,96,139,243.690889754096,0.0257834230632086,3,3,3.96862696659689
64,84,113,121,-243.690889754096,-0.0257834230632086,3,3,3.96862696659689
64,84,121,139,-54.5890104579478,-0.115099820540249,3,3,4.5
64,96,37,50,243.690889754096,0.0257834230632086,3,3,3.96862696659689
64,96,37,55,243.690889754096,0.0257834230632086,3,3,3.96862696659689
64,96,50,73,54.5890104579478,0.115099820540249,3,3,4.5
64,96,50,82,44.5985281604161,0.140883243603458,3,3,3
64,96,55,77,54.5890104579478,0.115099820540249,3,3,4.5
64,96,55,84,44.5985281604161,0.140883243603458,3,3,3
64,96,73,82,243.690889754096,0.0257834230632086,3,3,3.96862696659689
64,96,77,84,243.690889754096,0.0257834230632086,3,3,3.96862696659689
64,96,82,106,243.690889754096,0.0257834230632086,3,3,3.96862696659689
64,96,82,118,44.5985281604161,0.140883243603458,3,3,3
64,96,84,113,243.690889754096,0.0257834230632086,3,3,3.96862696659689
64,96,84,121,44.5985281604161,0.140883243603458,3,3,3
64,96,106,118,54.5890104579478,0.115099820540249,3,3,4.5
64,96,113,121,54.5890104579478,0.115099820540249,3,3,4.5
64,96,118,139,243.690889754096,0.0257834230632086,3,3,3.96862696659689
64,96,121,139,243.690889754096,0.0257834230632086,3,3,3.96862696659689
65,80,26,39,-54.5890104579478,-0.115099820540249,3,3,4.5
65,80,26,48,243.690889754096,0.0257834230632086,3,3,3.96862696659689
65,80,39,48,44.5985281604161,0.140883243603458,3,3,3
65,80,39,59,-243.690889754096,-0.0257834230632086,3,3,3.96862696659689
65,80,40,48,-243.690889754096,-0.0257834230632086,3,3,3.96862696659689
65,80,40,66,54.5890104579478,0.115099820540249,3,3,4.5
65,80,48,66,44.5985281604161,0.140883243603458,3,3,3
65,80,59,91,243.690889754096,0.0257834230632086,3,3,3.96862696659689
65,80,66,102,243.690889754096,0.0257834230632086,3,3,3.96862696659689
65,80,91,99,44.5985281604161,0.140883243603458,3,3,3
65,80,91,129,54.5890104579478,0.115099820540249,3,3,4.5
65,80,99,116,44.5985281604161,0.140883243603458,3,3,3
65,80,99,129,-243.690889754096,-0.0257834230632086,3,3,3.96862696659689
65,80,99,141,243.690889754096,0.0257834230632086,3,3,3.96862696659689
65,80,102,116,-243.690889754096,-0.0257834230632086,3,3,3.96862696659689
65,80,116,141,-54.5890104579478,-0.115099820540249,3,3,4.5
65,91,35,39,-54.5890104579478,-0.115099820540249,3,3,4.5
65,91,35,59,243.690889754096,0.0257834230632086,3,3,3.96862696659689
65,91,39,48,-243.690889754096,-0.0257834230632086,3,3,3.96862696659689
65,91,39,59,44.5985281604161,0.140883243603458,3,3,3
65,91,48,80,243.690889754096,0.0257834230632086,3,3,3.96862696659689
65,91,59,61,243.690889754096,0.0257834230632086,3,3,3.96862696659689
65,91,59,87,44.5985281604161,0.140883243603458,3,3,3
65,91,61,87,54.5890104579478,0.115099820540249,3,3,4.5
65,91,80,99,44.5985281604161,0.140883243603458,3,3,3
65,91,80,116,54.5890104579478,0.115099820540249,3,3,4.5
65,91,87,119,243.690889754096,0.0257834230632086,3,3,3.96862696659689
65,91,99,116,-243.690889754096,-0.0257834230632086,3,3,3.96862696659689
65,91,99,129,44.5985281604161,0.140883243603458,3,3,3
65,91,99,141,243.690889754096,0.0257834230632086,3,3,3.96862696659689
65,91,119,129,-243.690889754096,-0.0257834230632086,3,3,3.96862696659689
65,91,129,141,-54.5890104579478,-0.115099820540249,3,3,4.5
65,99,39,48,243.690889754096,0.0257834230632086,3,3,3.96862696659689
65,99,39,59,243.690889754096,0.0257834230632086,3,3,3.96862696659689
65,99,48,66,54.5890104579478,0.115099820540249,3,3,4.5
65,99,48,80,44.5985281604161,0.140883243603458,3,3,3
65,99,59,87,54.5890104579478,0.115099820540249,3,3,4.5
65,99,59,91,44.5985281604161,0.140883243603458,3,3,3
65,99,66,80,243.690889754096,0.0257834230632086,3,3,3.96862696659689
65,99,80,102,243.690889754096,0.0257834230632086,3,3,3.96862696659689
65,99,80,116,44.5985281604161,0.140883243603458,3,3,3
65,99,87,91,243.690889754096,0.0257834230632086,3,3,3.96862696659689
65,99,91,119,243.690889754096,0.0257834230632086,3,3,3.96862696659689
65,99,91,129,44.5985281604161,0.140883243603458,3,3,3
65,99,102,116,54.5890104579478,0.115099820540249,3,3,4.5
65,99,116,141,243.690889754096,0.0257834230632086,3,3,3.96862696659689
65,99,119,129,54.5890104579478,0.115099820540249,3,3,4.5
65,99,129,141,243.690889754096,0.0257834230632086,3,3,3.96862696659689
66,80,26,40,-54.5890104579478,-0.115099820540249,3,3,4.5
66,80,26,48,243.690889754096,0.0257834230632086,3,3,3.96862696659689
66,80,39,48,-243.690889754096,-0.0257834230632086,3,3,3.96862696659689
66,80,39,65,54.5890104579478,0.115099820540249,3,3,4.5
66,80,40,48,44.5985281604161,0.140883243603458,3,3,3
66,80,40,60,-243.690889754096,-0.0257834230632086,3,3,3.96862696659689
66,80,48,65,44.5985281604161,0.140883243603458,3,3,3
66,80,60,92,243.690889754096,0.0257834230632086,3,3,3.96862696659689
66,80,65,99,243.690889754096,0.0257834230632086,3,3,3.96862696659689
66,80,92,102,44.5985281604161,0.140883243603458,3,3,3
66,80,92,130,54.5890104579478,0.115099820540249,3,3,4.5
66,80,99,116,-243.690889754096,-0.0257834230632086,3,3,3.96862696659689
66,80,102,116,44.5985281604161,0.140883243603458,3,3,3
66,80,102,130,-243.690889754096,-0.0257834230632086,3,3,3.96862696659689
66,80,102,142,243.690889754096,0.0257834230632086,3,3,3.96862696659689
66,80,116,142,-54.5890104579478,-0.115099820540249,3,3,4.5
66,92,38,40,-54.5890104579478,-0.115099820540249,3,3,4.5
66,92,38,60,243.690889754096,0.0257834230632086,3,3,3.96862696659689
66,92,40,48,-243.690889754096,-0.0257834230632086,3,3,3.96862696659689
66,92,40,60,44.5985281604161,0.140883243603458,3,3,3
66,92,48,80,243.690889754096,0.0257834230632086,3,3,3.96862696659689
66,92,60,62,243.690889754096,0.0257834230632086,3,3,3.96862696659689
66,92,60,90,44.5985281604161,0.140883243603458,3,3,3
66,92,62,90,54.5890104579478,0.115099820540249,3,3,4.5
66,92,80,102,44.5985281604161,0.140883243603458,3,3,3
66,92,80,116,54.5890104579478,0.115099820540249,3,3,4.5
66,92,90,122,243.690889754096,0.0257834230632086,3,3,3.96862696659689
66,92,102,116,-243.690889754096,-0.0257834230632086,3,3,3.96862696659689
66,92,102,130,44.5985281604161,0.140883243603458,3,3,3
66,92,102,142,243.690889754096,0.0257834230632086,3,3,3.96862696659689
66,92,122,130,-243.690889754096,-0.0257834230632086,3,3,3.96862696659689
66,92,130,142,-54.5890104579478,-0.115099820540249,3,3,4.5
66,102,40,48,243.690889754096,0.0257834230632086,3,3,3.96862696659689
66,102,40,60,243.690889754096,0.0257834230632086,3,3,3.96862696659689
66,102,48,65,54.5890104579478,0.115099820540249,3,3,4.5
66,102,48,80,44.5985281604161,0.140883243603458,3,3,3
66,102,60,90,54.5890104579478,0.115099820540249,3,3,4.5
66,102,60,92,44.5985281604161,0.140883243603458,3,3,3
66,102,65,80,243.690889754096,0.0257834230632086,3,3,3.96862696659689
66,102,80,99,243.690889754096,0.0257834230632086,3,3,3.96862696659689
66,102,80,116,44.5985281604161,0.140883243603458,3,3,3
66,102,90,92,243.690889754096,0.0257834230632086,3,3,3.96862696659689
66,102,92,122,243.690889754096,0.0257834230632086,3,3,3.96862696659689
66,102,92,130,44.5985281604161,0.140883243603458,3,3,3
66,102,99,116,54.5890104579478,0.115099820540249,3,3,4.5
66,102,116,142,243.690889754096,0.0257834230632086,3,3,3.96862696659689
66,102,122,130,54.5890104579478,0.115099820540249,3,3,4.5
66,102,130,142,243.690889754096,0.0257834230632086,3,3,3.96862696659689
67,72,24,44,243.690889754096,0.0257834230632086,3,3,3.96862696659689
67,72,24,46,-54.5890104579478,-0.115099820540249,3,3,4.5
67,72,27,44,-243.690889754096,-0.0257834230632086,3,3,3.96862696659689
67,72,27,49,54.5890104579478,0.115099820540249,3,3,4.5
67,72,44,46,-44.5985281604161,-0.140883243603458,3,3,3
67,72,44,49,44.5985281604161,0.140883243603458,3,3,3
67,72,46,74,-243.690889754096,-0.0257834230632086,3,3,3.96862696659689
67,72,49,81,243.690889754096,0.0257834230632086,3,3,3.96862696659689
67,72,74,100,243.690889754096,0.0257834230632086,3,3,3.96862696659689
67,72,81,105,-243.690889754096,-0.0257834230632086,3,3,3.96862696659689
67,72,97,100,-44.5985281604161,-0.140883243603458,3,3,3
67,72,97,105,44.5985281604161,0.140883243603458,3,3,3
67,72,97,133,-243.690889754096,-0.0257834230632086,3,3,3.96862696659689
67,72,97,135,243.690889754096,0.0257834230632086,3,3,3.96862696659689
67,72,100,133,54.5890104579478,0.115099820540249,3,3,4.5
67,72,105,135,-54.5890104579478,-0.115099820540249,3,3,4.5
67,74,24,44,-54.5890104579478,-0.115099820540249,3,3,4.5
67,74,24,46,243.690889754096,0.0257834230632086,3,3,3.96862696659689
67,74,29,46,-243.690889754096,-0.0257834230632086,3,3,3.96862696659689
67,74,29,53,54.5890104579478,0.115099820540249,3,3,4.5
67,74,44,46,44.5985281604161,0.140883243603458,3,3,3
67,74,44,72,-243.690889754096,-0.0257834230632086,3,3,3.96862696659689
67,74,46,53,44.5985281604161,0.140883243603458,3,3,3
67,74,53,85,243.690889754096,0.0257834230632086,3,3,3.96862696659689
67,74,72,97,243.690889754096,0.0257834230632086,3,3,3.96862696659689
67,74,85,108,-243.690889754096,-0.0257834230632086,3,3,3.96862696659689
67,74,97,100,44.5985281604161,0.140883243603458,3,3,3
67,74,97,133,54.5890104579478,0.115099820540249,3,3,4.5
67,74,100,108,44.5985281604161,0.140883243603458,3,3,3
67,74,100,133,-243.690889754096,-0.0257834230632086,3,3,3.96862696659689
67,74,100,137,243.690889754096,0.0257834230632086,3,3,3.96862696659689
67,74,108,137,-54.5890104579478,-0.115099820540249,3,3,4.5
67,97,44,46,-243.690889754096,-0.0257834230632086,3,3,3.96862696659689
67,97,44,49,54.5890104579478,0.115099820540249,3,3,4.5
67,97,44,72,44.5985281604161,0.140883243603458,3,3,3
67,97,46,74,243.690889754096,0.0257834230632086,3,3,3.96862696659689
67,97,49,72,243.690889754096,0.0257834230632086,3,3,3.96862696659689
67,97,72,81,243.690889754096,0.0257834230632086,3,3,3.96862696659689
67,97,72,105,44.5985281604161,0.140883243603458,3,3,3
67,97,74,100,44.5985281604161,0.140883243603458,3,3,3
67,97,74,108,54.5890104579478,0.115099820540249,3,3,4.5
67,97,81,105,54.5890104579478,0.115099820540249,3,3,4.5
67,97,100,108,-243.690889754096,-0.0257834230632086,3,3,3.96862696659689
67,97,100,133,44.5985281604161,0.140883243603458,3,3,3
67,97,100,137,243.690889754096,0.0257834230632086,3,3,3.96862696659689
67,97,105,135,243.690889754096,0.0257834230632086,3,3,3.96862696659689
67,97,133,135,243.690889754096,0.0257834230632086,3,3,3.96862696659689
67,97,133,137,-54.5890104579478,-0.115099820540249,3,3,4.5
67,100,44,46,243.690889754096,0.0257834230632086,3,3,3.96862696659689
67,100,44,72,243.690889754096,0.0257834230632086,3,3,3.96862696659689
67,100,46,53,54.5890104579478,0.115099820540249,3,3,4.5
67,100,46,74,44.5985281604161,0.140883243603458,3,3,3
67,100,53,74,243.690889754096,0.0257834230632086,3,3,3.96862696659689
67,100,72,97,44.5985281604161,0.140883243603458,3,3,3
67,100,72,105,54.5890104579478,0.115099820540249,3,3,4.5
67,100,74,85,243.690889754096,0.0257834230632086,3,3,3.96862696659689
67,100,74,108,44.5985281604161,0.140883243603458,3,3,3
67,100,85,108,54.5890104579478,0.115099820540249,3,3,4.5
67,100,97,105,-243.690889754096,-0.0257834230632086,3,3,3.96862696659689
67,100,97,133,44.5985281604161,0.140883243603458,3,3,3
67,100,97,135,243.690889754096,0.0257834230632086,3,3,3.96862696659689
67,100,108,137,243.690889754096,0.0257834230632086,3,3,3.96862696659689
67,100,133,135,-54.5890104579478,-0.115099820540249,3,3,4.5
67,100,133,137,243.690889754096,0.0257834230632086,3,3,3.96862696659689
68,88,33,41,-54.5890104579478,-0.115099820540249,3,3,4.5
68,88,33,57,243.690889754096,0.0257834230632086,3,3,3.96862696659689
68,88,41,57,44.5985281604161,0.140883243603458,3,3,3
68,88,41,58,-243.690889754096,-0.0257834230632086,3,3,3.96862696659689
68,88,51,57,-243.690889754096,-0.0257834230632086,3,3,3.96862696659689
68,88,51,78,54.5890104579478,0.115099820540249,3,3,4.5
68,88,57,78,44.5985281604161,0.140883243603458,3,3,3
68,88,58,89,243.690889754096,0.0257834230632086,3,3,3.96862696659689
68,88,78,114,243.690889754096,0.0257834230632086,3,3,3.96862696659689
68,88,89,103,44.5985281604161,0.140883243603458,3,3,3
68,88,89,128,54.5890104579478,0.115099820540249,3,3,4.5
68,88,103,127,44.5985281604161,0.140883243603458,3,3,3
68,88,103,128,-243.690889754096,-0.0257834230632086,3,3,3.96862696659689
68,88,103,144,243.690889754096,0.0257834230632086,3,3,3.96862696659689
68,88,114,127,-243.690889754096,-0.0257834230632086,3,3,3.96862696659689
68,88,127,144,-54.5890104579478,-0.115099820540249,3,3,4.5
68,89,34,41,-54.5890104579478,-0.115099820540249,3,3,4.5
68,89,34,58,243.690889754096,0.0257834230632086,3,3,3.96862696659689
68,89,41,57,-243.690889754096,-0.0257834230632086,3,3,3.96862696659689
68,89,41,58,44.5985281604161,0.140883243603458,3,3,3
68,89,52,58,-243.690889754096,-0.0257834230632086,3,3,3.96862696659689
68,89,52,79,54.5890104579478,0.115099820540249,3,3,4.5
68,89,57,88,243.690889754096,0.0257834230632086,3,3,3.96862696659689
68,89,58,79,44.5985281604161,0.140883243603458,3,3,3
68,89,79,115,243.690889754096,0.0257834230632086,3,3,3.96862696659689
68,89,88,103,44.5985281604161,0.140883243603458,3,3,3
68,89,88,127,54.5890104579478,0.115099820540249,3,3,4.5
68,89,103,127,-243.690889754096,-0.0257834230632086,3,3,3.96862696659689
68,89,103,128,44.5985281604161,0.140883243603458,3,3,3
68,89,103,144,243.690889754096,0.0257834230632086,3,3,3.96862696659689
68,89,115,128,-243.690889754096,-0.0257834230632086,3,3,3.96862696659689
68,89,128,144,-54.5890104579478,-0.115099820540249,3,3,4.5
68,103,41,57,243.690889754096,0.0257834230632086,3,3,3.96862696659689
68,103,41,58,243.690889754096,0.0257834230632086,3,3,3.96862696659689
68,103,57,78,54.5890104579478,0.115099820540249,3,3,4.5
68,103,57,88,44.5985281604161,0.140883243603458,3,3,3
68,103,58,79,54.5890104579478,0.115099820540249,3,3,4.5
68,103,58,89,44.5985281604161,0.140883243603458,3,3,3
68,103,78,88,243.690889754096,0.0257834230632086,3,3,3.96862696659689
68,103,79,89,243.690889754096,0.0257834230632086,3,3,3.96862696659689
68,103,88,114,243.690889754096,0.0257834230632086,3,3,3.96862696659689
68,103,88,127,44.5985281604161,0.140883243603458,3,3,3
68,103,89,115,243.690889754096,0.0257834230632086,3,3,3.96862696659689
68,103,89,128,44.5985281604161,0.140883243603458,3,3,3
68,103,114,127,54.5890104579478,0.115099820540249,3,3,4.5
68,103,115,128,54.5890104579478,0.115099820540249,3,3,4.5
68,103,127,144,243.690889754096,0.0257834230632086,3,3,3.96862696659689
68,103,128,144,243.690889754096,0.0257834230632086,3,3,3.96862696659689
69,73,25,45,243.690889754096,0.0257834230632086,3,3,3.96862696659689
69,73,25,47,-54.5890104579478,-0.115099820540249,3,3,4.5
69,73,28,45,-243.690889754096,-0.0257834230632086,3,3,3.96862696659689
69,73,28,50,54.5890104579478,0.115099820540249,3,3,4.5
69,73,45,47,-44.5985281604161,-0.140883243603458,3,3,3
69,73,45,50,44.5985281604161,0.140883243603458,3,3,3
69,73,47,75,-243.690889754096,-0.0257834230632086,3,3,3.96862696659689
69,73,50,82,243.690889754096,0.0257834230632086,3,3,3.96862696659689
69,73,75,101,243.690889754096,0.0257834230632086,3,3,3.96862696659689
69,73,82,106,-243.690889754096,-0.0257834230632086,3,3,3.96862696659689
69,73,98,101,-44.5985281604161,-0.140883243603458,3,3,3
69,73,98,106,44.5985281604161,0.140883243603458,3,3,3
69,73,98,134,-243.690889754096,-0.0257834230632086,3,3,3.96862696659689
69,73,98,136,243.690889754096,0.0257834230632086,3,3,3.96862696659689
69,73,101,134,54.5890104579478,0.115099820540249,3,3,4.5
69,73,106,136,-54.5890104579478,-0.115099820540249,3,3,4.5
69,75,25,45,-54.5890104579478,-0.115099820540249,3,3,4.5
69,75,25,47,243.690889754096,0.0257834230632086,3,3,3.96862696659689
69,75,30,47,-243.690889754096,-0.0257834230632086,3,3,3.96862696659689
69,75,30,56,54.5890104579478,0.115099820540249,3,3,4.5
69,75,45,47,44.5985281604161,0.140883243603458,3,3,3
69,75,45,73,-243.690889754096,-0.0257834230632086,3,3,3.96862696659689
69,75,47,56,44.5985281604161,0.140883243603458,3,3,3
69,75,56,86,243.690889754096,0.0257834230632086,3,3,3.96862696659689
69,75,73,98,243.690889754096,0.0257834230632086,3,3,3.96862696659689
69,75,86,109,-243.690889754096,-0.0257834230632086,3,3,3.96862696659689
69,75,98,101,44.5985281604161,0.140883243603458,3,3,3
69,75,98,134,54.5890104579478,0.115099820540249,3,3,4.5
69,75,101,109,44.5985281604161,0.140883243603458,3,3,3
69,75,101,134,-243.690889754096,-0.0257834230632086,3,3,3.96862696659689
69,75,101,140,243.690889754096,0.0257834230632086,3,3,3.96862696659689
69,75,109,140,-54.5890104579478,-0.115099820540249,3,3,4.5
69,98,45,47,-243.690889754096,-0.0257834230632086,3,3,3.96862696659689
69,98,45,50,54.5890104579478,0.115099820540249,3,3,4.5
69,98,45,73,44.5985281604161,0.140883243603458,3,3,3
69,98,47,75,243.690889754096,0.0257834230632086,3,3,3.96862696659689
69,98,50,73,243.690889754096,0.0257834230632086,3,3,3.96862696659689
69,98,73,82,243.690889754096,0.0257834230632086,3,3,3.96862696659689
69,98,73,106,44.5985281604161,0.140883243603458,3,3,3
69,98,75,101,44.5985281604161,0.140883243603458,3,3,3
69,98,75,109,54.5890104579478,0.115099820540249,3,3,4.5
69,98,82,106,54.5890104579478,0.115099820540249,3,3,4.5
69,98,101,109,-243.690889754096,-0.0257834230632086,3,3,3.96862696659689
69,98,101,134,44.5985281604161,0.140883243603458,3,3,3
69,98,101,140,243.690889754096,0.0257834230632086,3,3,3.96862696659689
69,98,106,136,243.690889754096,0.0257834230632086,3,3,3.96862696659689
69,98,134,136,243.690889754096,0.0257834230632086,3,3,3.96862696659689
69,98,134,140,-54.5890104579478,-0.115099820540249,3,3,4.5
69,101,45,47,243.690889754096,0.0257834230632086,3,3,3.96862696659689
69,101,45,73,243.690889754096,0.0257834230632086,3,3,3.96862696659689
69,101,47,56,54.5890104579478,0.115099820540249,3,3,4.5
69,101,47,75,44.5985281604161,0.140883243603458,3,3,3
69,101,56,75,243.690889754096,0.0257834230632086,3,3,3.96862696659689
69,101,73,98,44.5985281604161,0.140883243603458,3,3,3
69,101,73,106,54.5890104579478,0.115099820540249,3,3,4.5
69,101,75,86,243.690889754096,0.0257834230632086,3,3,3.96862696659689
69,101,75,109,44.5985281604161,0.140883243603458,3,3,3
69,101,86,109,54.5890104579478,0.115099820540249,3,3,4.5
69,101,98,106,-243.690889754096,-0.0257834230632086,3,3,3.96862696659689
69,101,98,134,44.5985281604161,0.140883243603458,3,3,3
69,101,98,136,243.690889754096,0.0257834230632086,3,3,3.96862696659689
69,101,109,140,243.690889754096,0.0257834230632086,3,3,3.96862696659689
69,101,134,136,-54.5890104579478,-0.115099820540249,3,3,4.5
69,101,134,140,243.690889754096,0.0257834230632086,3,3,3.96862696659689
70,85,29,42,-54.5890104579478,-0.115099820540249,3,3,4.5
70,85,29,53,243.690889754096,0.0257834230632086,3,3,3.96862696659689
70,85,42,53,44.5985281604161,0.140883243603458,3,3,3
70,85,42,61,-243.690889754096,-0.0257834230632086,3,3,3.96862696659689
70,85,46,53,-243.690889754096,-0.0257834230632086,3,3,3.96862696659689
70,85,46,74,54.5890104579478,0.115099820540249,3,3,4.5
70,85,53,74,44.5985281604161,0.140883243603458,3,3,3
70,85,61,93,243.690889754096,0.0257834230632086,3,3,3.96862696659689
70,85,74,108,243.690889754096,0.0257834230632086,3,3,3.96862696659689
70,85,93,104,44.5985281604161,0.140883243603458,3,3,3
70,85,93,131,54.5890104579478,0.115099820540249,3,3,4.5
70,85,104,125,44.5985281604161,0.140883243603458,3,3,3
70,85,104,131,-243.690889754096,-0.0257834230632086,3,3,3.96862696659689
70,85,104,146,243.690889754096,0.0257834230632086,3,3,3.96862696659689
70,85,108,125,-243.690889754096,-0.0257834230632086,3,3,3.96862696659689
70,85,125,146,-54.5890104579478,-0.115099820540249,3,3,4.5
70,93,35,42,-54.5890104579478,-0.115099820540249,3,3,4.5
70,93,35,61,243.690889754096,0.0257834230632086,3,3,3.96862696659689
70,93,42,53,-243.690889754096,-0.0257834230632086,3,3,3.96862696659689
70,93,42,61,44.5985281604161,0.140883243603458,3,3,3
70,93,53,85,243.690889754096,0.0257834230632086,3,3,3.96862696659689
70,93,59,61,-243.690889754096,-0.0257834230632086,3,3,3.96862696659689
70,93,59,87,54.5890104579478,0.115099820540249,3,3,4.5
70,93,61,87,44.5985281604161,0.140883243603458,3,3,3
70,93,85,104,44.5985281604161,0.140883243603458,3,3,3
70,93,85,125,54.5890104579478,0.115099820540249,3,3,4.5
70,93,87,123,243.690889754096,0.0257834230632086,3,3,3.96862696659689
70,93,104,125,-243.690889754096,-0.0257834230632086,3,3,3.96862696659689
70,93,104,131,44.5985281604161,0.140883243603458,3,3,3
70,93,104,146,243.690889754096,0.0257834230632086,3,3,3.96862696659689
70,93,123,131,-243.690889754096,-0.0257834230632086,3,3,3.96862696659689
70,93,131,146,-54.5890104579478,-0.115099820540249,3,3,4.5
70,104,42,53,243.690889754096,0.0257834230632086,3,3,3.96862696659689
70,104,42,61,243.690889754096,0.0257834230632086,3,3,3.96862696659689
70,104,53,74,54.5890104579478,0.115099820540249,3,3,4.5
70,104,53,85,44.5985281604161,0.140883243603458,3,3,3
70,104,61,87,54.5890104579478,0.115099820540249,3,3,4.5
70,104,61,93,44.5985281604161,0.140883243603458,3,3,3
70,104,74,85,243.690889754096,0.0257834230632086,3,3,3.96862696659689
70,104,85,108,243.690889754096,0.0257834230632086,3,3,3.96862696659689
70,104,85,125,44.5985281604161,0.140883243603458,3,3,3
70,104,87,93,243.690889754096,0.0257834230632086,3,3,3.96862696659689
70,104,93,123,243.690889754096,0.0257834230632086,3,3,3.96862696659689
70,104,93,131,44.5985281604161,0.140883243603458,3,3,3
70,104,108,125,54.5890104579478,0.115099820540249,3,3,4.5
70,104,123,131,54.5890104579478,0.115099820540249,3,3,4.5
70,104,125,146,243.690889754096,0.0257834230632086,3,3,3.96862696659689
70,104,131,146,243.690889754096,0.0257834230632086,3,3,3.96862696659689
71,86,30,43,-54.5890104579478,-0.115099820540249,3,3,4.5
71,86,30,56,243.690889754096,0.0257834230632086,3,3,3.96862696659689
71,86,43,56,44.5985281604161,0.140883243603458,3,3,3
71,86,43,62,-243.690889754096,-0.0257834230632086,3,3,3.96862696659689
71,86,47,56,-243.690889754096,-0.0257834230632086,3,3,3.96862696659689
71,86,47,75,54.5890104579478,0.115099820540249,3,3,4.5
71,86,56,75,44.5985281604161,0.140883243603458,3,3,3
71,86,62,94,243.690889754096,0.0257834230632086,3,3,3.96862696659689
71,86,75,109,243.690889754096,0.0257834230632086,3,3,3.96862696659689
71,86,94,107,44.5985281604161,0.140883243603458,3,3,3
71,86,94,132,54.5890104579478,0.115099820540249,3,3,4.5
71,86,107,126,44.5985281604161,0.140883243603458,3,3,3
71,86,107,132,-243.690889754096,-0.0257834230632086,3,3,3.96862696659689
71,86,107,149,243.690889754096,0.0257834230632086,3,3,3.96862696659689
71,86,109,126,-243.690889754096,-0.0257834230632086,3,3,3.96862696659689
71,86,126,149,-54.5890104579478,-0.115099820540249,3,3,4.5
71,94,38,43,-54.5890104579478,-0.115099820540249,3,3,4.5
71,94,38,62,243.690889754096,0.0257834230632086,3,3,3.96862696659689
71,94,43,56,-243.690889754096,-0.0257834230632086,3,3,3.96862696659689
71,94,43,62,44.5985281604161,0.140883243603458,3,3,3
71,94,56,86,243.690889754096,0.0257834230632086,3,3,3.96862696659689
71,94,60,62,-243.690889754096,-0.0257834230632086,3,3,3.96862696659689
71,94,60,90,54.5890104579478,0.115099820540249,3,3,4.5
71,94,62,90,44.5985281604161,0.140883243603458,3,3,3
71,94,86,107,44.5985281604161,0.140883243603458,3,3,3
71,94,86,126,54.5890104579478,0.115099820540249,3,3,4.5
71,94,90,124,243.690889754096,0.0257834230632086,3,3,3.96862696659689
71,94,107,126,-243.690889754096,-0.0257834230632086,3,3,3.96862696659689
71,94,107,132,44.5985281604161,0.140883243603458,3,3,3
71,94,107,149,243.690889754096,0.0257834230632086,3,3,3.96862696659689
71,94,124,132,-243.690889754096,-0.0257834230632086,3,3,3.96862696659689
71,94,132,149,-54.5890104579478,-0.115099820540249,3,3,4.5
71,107,43,56,243.690889754096,0.0257834230632086,3,3,3.96862696659689
71,107,43,62,243.690889754096,0.0257834230632086,3,3,3.96862696659689
71,107,56,75,54.5890104579478,0.115099820540249,3,3,4.5
71,107,56,86,44.5985281604161,0.140883243603458,3,3,3
71,107,62,90,54.5890104579478,0.115099820540249,3,3,4.5
71,107,62,94,44.5985281604161,0.140883243603458,3,3,3
71,107,75,86,243.690889754096,0.0257834230632086,3,3,3.96862696659689
71,107,86,109,243.690889754096,0.0257834230632086,3,3,3.96862696659689
71,107,86,126,44.5985281604161,0.140883243603458,3,3,3
71,107,90,94,243.690889754096,0.0257834230632086,3,3,3.96862696659689
71,107,94,124,243.690889754096,0.0257834230632086,3,3,3.96862696659689
71,107,94,132,44.5985281604161,0.140883243603458,3,3,3
71,107,109,126,54.5890104579478,0.115099820540249,3,3,4.5
71,107,124,132,54.5890104579478,0.115099820540249,3,3,4.5
71,107,126,149,243.690889754096,0.0257834230632086,3,3,3.96862696659689
71,107,132,149,243.690889754096,0.0257834230632086,3,3,3.96862696659689
72,81,27,44,-54.5890104579478,-0.115099820540249,3,3,4.5
72,81,27,49,243.690889754096,0.0257834230632086,3,3,3.96862696659689
72,81,36,49,-243.690889754096,-0.0257834230632086,3,3,3.96862696659689
72,81,36,63,54.5890104579478,0.115099820540249,3,3,4.5
72,81,44,49,44.5985281604161,0.140883243603458,3,3,3
72,81,44,67,-243.690889754096,-0.0257834230632086,3,3,3.96862696659689
72,81,49,63,44.5985281604161,0.140883243603458,3,3,3
72,81,63,95,243.690889754096,0.0257834230632086,3,3,3.96862696659689
72,81,67,97,243.690889754096,0.0257834230632086,3,3,3.96862696659689
72,81,95,117,-243.690889754096,-0.0257834230632086,3,3,3.96862696659689
72,81,97,105,44.5985281604161,0.140883243603458,3,3,3
72,81,97,135,54.5890104579478,0.115099820540249,3,3,4.5
72,81,105,117,44.5985281604161,0.140883243603458,3,3,3
72,81,105,135,-243.690889754096,-0.0257834230632086,3,3,3.96862696659689
72,81,105,143,243.690889754096,0.0257834230632086,3,3,3.96862696659689
72,81,117,143,-54.5890104579478,-0.115099820540249,3,3,4.5
72,97,44,46,54.5890104579478,0.115099820540249,3,3,4.5
72,97,44,49,-243.690889754096,-0.0257834230632086,3,3,3.96862696659689
72,97,44,67,44.5985281604161,0.140883243603458,3,3,3
72,97,46,67,243.690889754096,0.0257834230632086,3,3,3.96862696659689
72,97,49,81,243.690889754096,0.0257834230632086,3,3,3.96862696659689
72,97,67,74,243.690889754096,0.0257834230632086,3,3,3.96862696659689
72,97,67,100,44.5985281604161,0.140883243603458,3,3,3
72,97,74,100,54.5890104579478,0.115099820540249,3,3,4.5
72,97,81,105,44.5985281604161,0.140883243603458,3,3,3
72,97,81,117,54.5890104579478,0.115099820540249,3,3,4.5
72,97,100,133,243.690889754096,0.0257834230632086,3,3,3.96862696659689
72,97,105,117,-243.690889754096,-0.0257834230632086,3,3,3.96862696659689
72,97,105,135,44.5985281604161,0.140883243603458,3,3,3
72,97,105,143,243.690889754096,0.0257834230632086,3,3,3.96862696659689
72,97,133,135,-243.690889754096,-0.0257834230632086,3,3,3.96862696659689
72,97,135,143,-54.5890104579478,-0.115099820540249,3,3,4.5
72,105,44,49,243.690889754096,0.0257834230632086,3,3,3.96862696659689
72,105,44,67,243.690889754096,0.0257834230632086,3,3,3.96862696659689
72,105,49,63,54.5890104579478,0.115099820540249,3,3,4.5
72,105,49,81,44.5985281604161,0.140883243603458,3,3,3
72,105,63,81,243.690889754096,0.0257834230632086,3,3,3.96862696659689
72,105,67,97,44.5985281604161,0.140883243603458,3,3,3
72,105,67,100,54.5890104579478,0.115099820540249,3,3,4.5
72,105,81,95,243.690889754096,0.0257834230632086,3,3,3.96862696659689
72,105,81,117,44.5985281604161,0.140883243603458,3,3,3
72,105,95,117,54.5890104579478,0.115099820540249,3,3,4.5
72,105,97,100,-243.690889754096,-0.0257834230632086,3,3,3.96862696659689
72,105,97,133,243.690889754096,0.0257834230632086,3,3,3.96862696659689
72,105,97,135,44.5985281604161,0.140883243603458,3,3,3
72,105,117,143,243.690889754096,0.0257834230632086,3,3,3.96862696659689
72,105,133,135,54.5890104579478,0.115099820540249,3,3,4.5
72,105,135,143,243.690889754096,0.0257834230632086,3,3,3.96862696659689
73,82,28,45,-54.5890104579478,-0.115099820540249,3,3,4.5
73,82,28,50,243.690889754096,0.0257834230632086,3,3,3.96862696659689
73,82,37,50,-243.690889754096,-0.0257834230632086,3,3,3.96862696659689
73,82,37,64,54.5890104579478,0.115099820540249,3,3,4.5
73,82,45,50,44.5985281604161,0.140883243603458,3,3,3
73,82,45,69,-243.690889754096,-0.0257834230632086,3,3,3.96862696659689
73,82,50,64,44.5985281604161,0.140883243603458,3,3,3
73,82,64,96,243.690889754096,0.0257834230632086,3,3,3.96862696659689
73,82,69,98,243.690889754096,0.0257834230632086,3,3,3.96862696659689
73,82,96,118,-243.690889754096,-0.0257834230632086,3,3,3.96862696659689
73,82,98,106,44.5985281604161,0.140883243603458,3,3,3
73,82,98,136,54.5890104579478,0.115099820540249,3,3,4.5
73,82,106,118,44.5985281604161,0.140883243603458,3,3,3
73,82,106,136,-243.690889754096,-0.0257834230632086,3,3,3.96862696659689
73,82,106,145,243.690889754096,0.0257834230632086,3,3,3.96862696659689
73,82,118,145,-54.5890104579478,-0.115099820540249,3,3,4.5
73,98,45,47,54.5890104579478,0.115099820540249,3,3,4.5
73,98,45,50,-243.690889754096,-0.0257834230632086,3,3,3.96862696659689
73,98,45,69,44.5985281604161,0.140883243603458,3,3,3
73,98,47,69,243.690889754096,0.0257834230632086,3,3,3.96862696659689
73,98,50,82,243.690889754096,0.0257834230632086,3,3,3.96862696659689
73,98,69,75,243.690889754096,0.0257834230632086,3,3,3.96862696659689
73,98,69,101,44.5985281604161,0.140883243603458,3,3,3
73,98,75,101,54.5890104579478,0.115099820540249,3,3,4.5
73,98,82,106,44.5985281604161,0.140883243603458,3,3,3
73,98,82,118,54.5890104579478,0.115099820540249,3,3,4.5
73,98,101,134,243.690889754096,0.0257834230632086,3,3,3.96862696659689
73,98,106,118,-243.690889754096,-0.0257834230632086,3,3,3.96862696659689
73,98,106,136,44.5985281604161,0.140883243603458,3,3,3
73,98,106,145,243.690889754096,0.0257834230632086,3,3,3.96862696659689
73,98,134,136,-243.690889754096,-0.0257834230632086,3,3,3.96862696659689
73,98,136,145,-54.5890104579478,-0.115099820540249,3,3,4.5
73,106,45,50,243.690889754096,0.0257834230632086,3,3,3.96862696659689
73,106,45,69,243.690889754096,0.0257834230632086,3,3,3.96862696659689
73,106,50,64,54.5890104579478,0.115099820540249,3,3,4.5
73,106,50,82,44.5985281604161,0.140883243603458,3,3,3
73,106,64,82,243.690889754096,0.0257834230632086,3,3,3.96862696659689
73,106,69,98,44.5985281604161,0.140883243603458,3,3,3
73,106,69,101,54.5890104579478,0.115099820540249,3,3,4.5
73,106,82,96,243.690889754096,0.0257834230632086,3,3,3.96862696659689
73,106,82,118,44.5985281604161,0.140883243603458,3,3,3
73,106,96,118,54.5890104579478,0.115099820540249,3,3,4.5
73,106,98,101,-243.690889754096,-0.0257834230632086,3,3,3.96862696659689
73,106,98,134,243.690889754096,0.0257834230632086,3,3,3.96862696659689
73,106,98,136,44.5985281604161,0.140883243603458,3,3,3
73,106,118,145,243.690889754096,0.0257834230632086,3,3,3.96862696659689
73,106,134,136,54.5890104579478,0.115099820540249,3,3,4.5
73,106,136,145,243.690889754096,0.0257834230632086,3,3,3.96862696659689
74,85,29,46,-54.5890104579478,-0.115099820540249,3,3,4.5
74,85,29,53,243.690889754096,0.0257834230632086,3,3,3.96862696659689
74,85,42,53,-243.690889754096,-0.0257834230632086,3,3,3.96862696659689
74,85,42,70,54.5890104579478,0.115099820540249,3,3,4.5
74,85,46,53,44.5985281604161,0.140883243603458,3,3,3
74,85,46,67,-243.690889754096,-0.0257834230632086,3,3,3.96862696659689
74,85,53,70,44.5985281604161,0.140883243603458,3,3,3
74,85,67,100,243.690889754096,0.0257834230632086,3,3,3.96862696659689
74,85,70,104,243.690889754096,0.0257834230632086,3,3,3.96862696659689
74,85,100,108,44.5985281604161,0.140883243603458,3,3,3
74,85,100,137,54.5890104579478,0.115099820540249,3,3,4.5
74,85,104,125,-243.690889754096,-0.0257834230632086,3,3,3.96862696659689
74,85,108,125,44.5985281604161,0.140883243603458,3,3,3
74,85,108,137,-243.690889754096,-0.0257834230632086,3,3,3.96862696659689
74,85,108,152,243.690889754096,0.0257834230632086,3,3,3.96862696659689
74,85,125,152,-54.5890104579478,-0.115099820540249,3,3,4.5
74,100,44,46,-54.5890104579478,-0.115099820540249,3,3,4.5
74,100,44,67,243.690889754096,0.0257834230632086,3,3,3.96862696659689
74,100,46,53,-243.690889754096,-0.0257834230632086,3,3,3.96862696659689
74,100,46,67,44.5985281604161,0.140883243603458,3,3,3
74,100,53,85,243.690889754096,0.0257834230632086,3,3,3.96862696659689
74,100,67,72,243.690889754096,0.0257834230632086,3,3,3.96862696659689
74,100,67,97,44.5985281604161,0.140883243603458,3,3,3
74,100,72,97,54.5890104579478,0.115099820540249,3,3,4.5
74,100,85,108,44.5985281604161,0.140883243603458,3,3,3
74,100,85,125,54.5890104579478,0.115099820540249,3,3,4.5
74,100,97,133,243.690889754096,0.0257834230632086,3,3,3.96862696659689
74,100,108,125,-243.690889754096,-0.0257834230632086,3,3,3.96862696659689
74,100,108,137,44.5985281604161,0.140883243603458,3,3,3
74,100,108,152,243.690889754096,0.0257834230632086,3,3,3.96862696659689
74,100,133,137,-243.690889754096,-0.0257834230632086,3,3,3.96862696659689
74,100,137,152,-54.5890104579478,-0.115099820540249,3,3,4.5
74,108,46,53,243.690889754096,0.0257834230632086,3,3,3.96862696659689
74,108,46,67,243.690889754096,0.0257834230632086,3,3,3.96862696659689
74,108,53,70,54.5890104579478,0.115099820540249,3,3,4.5
74,108,53,85,44.5985281604161,0.140883243603458,3,3,3
74,108,67,97,54.5890104579478,0.115099820540249,3,3,4.5
74,108,67,100,44.5985281604161,0.140883243603458,3,3,3
74,108,70,85,243.690889754096,0.0257834230632086,3,3,3.96862696659689
74,108,85,104,243.690889754096,0.0257834230632086,3,3,3.96862696659689
74,108,85,125,44.5985281604161,0.140883243603458,3,3,3
74,108,97,100,243.690889754096,0.0257834230632086,3,3,3.96862696659689
74,108,100,133,243.690889754096,0.0257834230632086,3,3,3.96862696659689
74,108,100,137,44.5985281604161,0.140883243603458,3,3,3
74,108,104,125,54.5890104579478,0.115099820540249,3,3,4.5
74,108,125,152,243.690889754096,0.0257834230632086,3,3,3.96862696659689
74,108,133,137,54.5890104579478,0.115099820540249,3,3,4.5
74,108,137,152,243.690889754096,0.0257834230632086,3,3,3.96862696659689
75,86,30,47,-54.5890104579478,-0.115099820540249,3,3,4.5
75,86,30,56,243.690889754096,0.0257834230632086,3,3,3.96862696659689
75,86,43,56,-243.690889754096,-0.0257834230632086,3,3,3.96862696659689
75,86,43,71,54.5890104579478,0.115099820540249,3,3,4.5
75,86,47,56,44.5985281604161,0.140883243603458,3,3,3
75,86,47,69,-243.690889754096,-0.0257834230632086,3,3,3.96862696659689
75,86,56,71,44.5985281604161,0.140883243603458,3,3,3
75,86,69,101,243.690889754096,0.0257834230632086,3,3,3.96862696659689
75,86,71,107,243.690889754096,0.0257834230632086,3,3,3.96862696659689
75,86,101,109,44.5985281604161,0.140883243603458,3,3,3
75,86,101,140,54.5890104579478,0.115099820540249,3,3,4.5
75,86,107,126,-243.690889754096,-0.0257834230632086,3,3,3.96862696659689
75,86,109,126,44.5985281604161,0.140883243603458,3,3,3
75,86,109,140,-243.690889754096,-0.0257834230632086,3,3,3.96862696659689
75,86,109,153,243.690889754096,0.0257834230632086,3,3,3.96862696659689
75,86,126,153,-54.5890104579478,-0.115099820540249,3,3,4.5
75,101,45,47,-54.5890104579478,-0.115099820540249,3,3,4.5
75,101,45,69,243.690889754096,0.0257834230632086,3,3,3.96862696659689
75,101,47,56,-243.690889754096,-0.0257834230632086,3,3,3.96862696659689
75,101,47,69,44.5985281604161,0.140883243603458,3,3,3
75,101,56,86,243.690889754096,0.0257834230632086,3,3,3.96862696659689
75,101,69,73,243.690889754096,0.0257834230632086,3,3,3.96862696659689
75,101,69,98,44.5985281604161,0.140883243603458,3,3,3
75,101,73,98,54.5890104579478,0.115099820540249,3,3,4.5
75,101,86,109,44.5985281604161,0.140883243603458,3,3,3
75,101,86,126,54.5890104579478,0.115099820540249,3,3,4.5
75,101,98,134,243.690889754096,0.0257834230632086,3,3,3.96862696659689
75,101,109,126,-243.690889754096,-0.0257834230632086,3,3,3.96862696659689
75,101,109,140,44.5985281604161,0.140883243603458,3,3,3
75,101,109,153,243.690889754096,0.0257834230632086,3,3,3.96862696659689
75,101,134,140,-243.690889754096,-0.0257834230632086,3,3,3.96862696659689
75,101,140,153,-54.5890104579478,-0.115099820540249,3,3,4.5
75,109,47,56,243.690889754096,0.0257834230632086,3,3,3.96862696659689
75,109,47,69,243.690889754096,0.0257834230632086,3,3,3.96862696659689
75,109,56,71,54.5890104579478,0.115099820540249,3,3,4.5
75,109,56,86,44.5985281604161,0.140883243603458,3,3,3
75,109,69,98,54.5890104579478,0.115099820540249,3,3,4.5
75,109,69,101,44.5985281604161,0.140883243603458,3,3,3
75,109,71,86,243.690889754096,0.0257834230632086,3,3,3.96862696659689
75,109,86,107,243.690889754096,0.0257834230632086,3,3,3.96862696659689
75,109,86,126,44.5985281604161,0.140883243603458,3,3,3
75,109,98,101,243.690889754096,0.0257834230632086,3,3,3.96862696659689
75,109,101,134,243.690889754096,0.0257834230632086,3,3,3.96862696659689
75,109,101,140,44.5985281604161,0.140883243603458,3,3,3
75,109,107,126,54.5890104579478,0.115099820540249,3,3,4.5
75,109,126,153,243.690889754096,0.0257834230632086,3,3,3.96862696659689
75,109,134,140,54.5890104579478,0.115099820540249,3,3,4.5
75,109,140,153,243.690889754096,0.0257834230632086,3,3,3.96862696659689
76,78,31,51,243.690889754096,0.0257834230632086,3,3,3.96862696659689
76,78,31,54,-54.5890104579478,-0.115099820540249,3,3,4.5
76,78,33,51,-243.690889754096,-0.0257834230632086,3,3,3.96862696659689
76,78,33,57,54.5890104579478,0.115099820540249,3,3,4.5
76,78,51,54,-44.5985281604161,-0.140883243603458,3,3,3
76,78,51,57,44.5985281604161,0.140883243603458,3,3,3
76,78,54,83,-243.690889754096,-0.0257834230632086,3,3,3.96862696659689
76,78,57,88,243.690889754096,0.0257834230632086,3,3,3.96862696659689
76,78,83,112,243.690889754096,0.0257834230632086,3,3,3.96862696659689
76,78,88,114,-243.690889754096,-0.0257834230632086,3,3,3.96862696659689
76,78,110,112,-44.5985281604161,-0.140883243603458,3,3,3
76,78,110,114,44.5985281604161,0.140883243603458,3,3,3
76,78,110,147,-243.690889754096,-0.0257834230632086,3,3,3.96862696659689
76,78,110,150,243.690889754096,0.0257834230632086,3,3,3.96862696659689
76,78,112,147,54.5890104579478,0.115099820540249,3,3,4.5
76,78,114,150,-54.5890104579478,-0.115099820540249,3,3,4.5
76,83,31,51,-54.5890104579478,-0.115099820540249,3,3,4.5
76,83,31,54,243.690889754096,0.0257834230632086,3,3,3.96862696659689
76,83,36,54,-243.690889754096,-0.0257834230632086,3,3,3.96862696659689
76,83,36,63,54.5890104579478,0.115099820540249,3,3,4.5
76,83,51,54,44.5985281604161,0.140883243603458,3,3,3
76,83,51,78,-243.690889754096,-0.0257834230632086,3,3,3.96862696659689
76,83,54,63,44.5985281604161,0.140883243603458,3,3,3
76,83,63,95,243.690889754096,0.0257834230632086,3,3,3.96862696659689
76,83,78,110,243.690889754096,0.0257834230632086,3,3,3.96862696659689
76,83,95,120,-243.690889754096,-0.0257834230632086,3,3,3.96862696659689
76,83,110,112,44.5985281604161,0.140883243603458,3,3,3
76,83,110,147,54.5890104579478,0.115099820540249,3,3,4.5
76,83,112,120,44.5985281604161,0.140883243603458,3,3,3
76,83,112,147,-243.690889754096,-0.0257834230632086,3,3,3.96862696659689
76,83,112,154,243.690889754096,0.0257834230632086,3,3,3.96862696659689
76,83,120,154,-54.5890104579478,-0.115099820540249,3,3,4.5
76,110,51,54,-243.690889754096,-0.0257834230632086,3,3,3.96862696659689
76,110,51,57,54.5890104579478,0.115099820540249,3,3,4.5
76,110,51,78,44.5985281604161,0.140883243603458,3,3,3
76,110,54,83,243.690889754096,0.0257834230632086,3,3,3.96862696659689
76,110,57,78,243.690889754096,0.0257834230632086,3,3,3.96862696659689
76,110,78,88,243.690889754096,0.0257834230632086,3,3,3.96862696659689
76,110,78,114,44.5985281604161,0.140883243603458,3,3,3
76,110,83,112,44.5985281604161,0.140883243603458,3,3,3
76,110,83,120,54.5890104579478,0.115099820540249,3,3,4.5
76,110,88,114,54.5890104579478,0.115099820540249,3,3,4.5
76,110,112,120,-243.690889754096,-0.0257834230632086,3,3,3.96862696659689
76,110,112,147,44.5985281604161,0.140883243603458,3,3,3
76,110,112,154,243.690889754096,0.0257834230632086,3,3,3.96862696659689
76,110,114,150,243.690889754096,0.0257834230632086,3,3,3.96862696659689
76,110,147,150,243.690889754096,0.0257834230632086,3,3,3.96862696659689
76,110,147,154,-54.5890104579478,-0.115099820540249,3,3,4.5
76,112,51,54,243.690889754096,0.0257834230632086,3,3,3.96862696659689
76,112,51,78,243.690889754096,0.0257834230632086,3,3,3.96862696659689
76,112,54,63,54.5890104579478,0.115099820540249,3,3,4.5
76,112,54,83,44.5985281604161,0.140883243603458,3,3,3
76,112,63,83,243.690889754096,0.0257834230632086,3,3,3.96862696659689
76,112,78,110,44.5985281604161,0.140883243603458,3,3,3
76,112,78,114,54.5890104579478,0.115099820540249,3,3,4.5
76,112,83,95,243.690889754096,0.0257834230632086,3,3,3.96862696659689
76,112,83,120,44.5985281604161,0.140883243603458,3,3,3
76,112,95,120,54.5890104579478,0.115099820540249,3,3,4.5
76,112,110,114,-243.690889754096,-0.0257834230632086,3,3,3.96862696659689
76,112,110,147,44.5985281604161,0.140883243603458,3,3,3
76,112,110,150,243.690889754096,0.0257834230632086,3,3,3.96862696659689
76,112,120,154,243.690889754096,0.0257834230632086,3,3,3.96862696659689
76,112,147,150,-54.5890104579478,-0.115099820540249,3,3,4.5
76,112,147,154,243.690889754096,0.0257834230632086,3,3,3.96862696659689
77,79,32,52,243.690889754096,0.0257834230632086,3,3,3.96862696659689
77,79,32,55,-54.5890104579478,-0.115099820540249,3,3,4.5
77,79,34,52,-243.690889754096,-0.0257834230632086,3,3,3.96862696659689
77,79,34,58,54.5890104579478,0.115099820540249,3,3,4.5
77,79,52,55,-44.5985281604161,-0.140883243603458,3,3,3
77,79,52,58,44.5985281604161,0.140883243603458,3,3,3
77,79,55,84,-243.690889754096,-0.0257834230632086,3,3,3.96862696659689
77,79,58,89,243.690889754096,0.0257834230632086,3,3,3.96862696659689
77,79,84,113,243.690889754096,0.0257834230632086,3,3,3.96862696659689
77,79,89,115,-243.690889754096,-0.0257834230632086,3,3,3.96862696659689
77,79,111,113,-44.5985281604161,-0.140883243603458,3,3,3
77,79,111,115,44.5985281604161,0.140883243603458,3,3,3
77,79,111,148,-243.690889754096,-0.0257834230632086,3,3,3.96862696659689
77,79,111,151,243.690889754096,0.0257834230632086,3,3,3.96862696659689
77,79,113,148,54.5890104579478,0.115099820540249,3,3,4.5
77,79,115,151,-54.5890104579478,-0.115099820540249,3,3,4.5
77,84,32,52,-54.5890104579478,-0.115099820540249,3,3,4.5
77,84,32,55,243.690889754096,0.0257834230632086,3,3,3.96862696659689
77,84,37,55,-243.690889754096,-0.0257834230632086,3,3,3.96862696659689
77,84,37,64,54.5890104579478,0.115099820540249,3,3,4.5
77,84,52,55,44.5985281604161,0.140883243603458,3,3,3
77,84,52,79,-243.690889754096,-0.0257834230632086,3,3,3.96862696659689
77,84,55,64,44.5985281604161,0.140883243603458,3,3,3
77,84,64,96,243.690889754096,0.0257834230632086,3,3,3.96862696659689
77,84,79,111,243.690889754096,0.0257834230632086,3,3,3.96862696659689
77,84,96,121,-243.690889754096,-0.0257834230632086,3,3,3.96862696659689
77,84,111,113,44.5985281604161,0.140883243603458,3,3,3
77,84,111,148,54.5890104579478,0.115099820540249,3,3,4.5
77,84,113,121,44.5985281604161,0.140883243603458,3,3,3
77,84,113,148,-243.690889754096,-0.0257834230632086,3,3,3.96862696659689
77,84,113,155,243.690889754096,0.0257834230632086,3,3,3.96862696659689
77,84,121,155,-54.5890104579478,-0.115099820540249,3,3,4.5
77,111,52,55,-243.690889754096,-0.0257834230632086,3,3,3.96862696659689
77,111,52,58,54.5890104579478,0.115099820540249,3,3,4.5
77,111,52,79,44.5985281604161,0.140883243603458,3,3,3
77,111,55,84,243.690889754096,0.0257834230632086,3,3,3.96862696659689
77,111,58,79,243.690889754096,0.0257834230632086,3,3,3.96862696659689
77,111,79,89,243.690889754096,0.0257834230632086,3,3,3.96862696659689
77,111,79,115,44.5985281604161,0.140883243603458,3,3,3
77,111,84,113,44.5985281604161,0.140883243603458,3,3,3
77,111,84,121,54.5890104579478,0.115099820540249,3,3,4.5
77,111,89,115,54.5890104579478,0.115099820540249,3,3,4.5
77,111,113,121,-243.690889754096,-0.0257834230632086,3,3,3.96862696659689
77,111,113,148,44.5985281604161,0.140883243603458,3,3,3
77,111,113,155,243.690889754096,0.0257834230632086,3,3,3.96862696659689
77,111,115,151,243.690889754096,0.0257834230632086,3,3,3.96862696659689
77,111,148,151,243.690889754096,0.0257834230632086,3,3,3.96862696659689
77,111,148,155,-54.5890104579478,-0.115099820540249,3,3,4.5
77,113,52,55,243.690889754096,0.0257834230632086,3,3,3.96862696659689
77,113,52,79,243.690889754096,0.0257834230632086,3,3,3.96862696659689
77,113,55,64,54.5890104579478,0.115099820540249,3,3,4.5
77,113,55,84,44.5985281604161,0.140883243603458,3,3,3
77,113,64,84,243.690889754096,0.0257834230632086,3,3,3.96862696659689
77,113,79,111,44.5985281604161,0.140883243603458,3,3,3
77,113,79,115,54.5890104579478,0.115099820540249,3,3,4.5
77,113,84,96,243.690889754096,0.0257834230632086,3,3,3.96862696659689
77,113,84,121,44.5985281604161,0.140883243603458,3,3,3
77,113,96,121,54.5890104579478,0.115099820540249,3,3,4.5
77,113,111,115,-243.690889754096,-0.0257834230632086,3,3,3.96862696659689
77,113,111,148,44.5985281604161,0.140883243603458,3,3,3
77,113,111,151,243.690889754096,0.0257834230632086,3,3,3.96862696659689
77,113,121,155,243.690889754096,0.0257834230632086,3,3,3.96862696659689
77,113,148,151,-54.5890104579478,-0.115099820540249,3,3,4.5
77,113,148,155,243.690889754096,0.0257834230632086,3,3,3.96862696659689
78,88,33,51,-54.5890104579478,-0.115099820540249,3,3,4.5
78,88,33,57,243.690889754096,0.0257834230632086,3,3,3.96862696659689
78,88,41,57,-243.690889754096,-0.0257834230632086,3,3,3.96862696659689
78,88,41,68,54.5890104579478,0.115099820540249,3,3,4.5
78,88,51,57,44.5985281604161,0.140883243603458,3,3,3
78,88,51,76,-243.690889754096,-0.0257834230632086,3,3,3.96862696659689
78,88,57,68,44.5985281604161,0.140883243603458,3,3,3
78,88,68,103,243.690889754096,0.0257834230632086,3,3,3.96862696659689
78,88,76,110,243.690889754096,0.0257834230632086,3,3,3.96862696659689
78,88,103,127,-243.690889754096,-0.0257834230632086,3,3,3.96862696659689
78,88,110,114,44.5985281604161,0.140883243603458,3,3,3
78,88,110,150,54.5890104579478,0.115099820540249,3,3,4.5
78,88,114,127,44.5985281604161,0.140883243603458,3,3,3
78,88,114,150,-243.690889754096,-0.0257834230632086,3,3,3.96862696659689
78,88,114,156,243.690889754096,0.0257834230632086,3,3,3.96862696659689
78,88,127,156,-54.5890104579478,-0.115099820540249,3,3,4.5
78,110,51,54,54.5890104579478,0.115099820540249,3,3,4.5
78,110,51,57,-243.690889754096,-0.0257834230632086,3,3,3.96862696659689
78,110,51,76,44.5985281604161,0.140883243603458,3,3,3
78,110,54,76,243.690889754096,0.0257834230632086,3,3,3.96862696659689
78,110,57,88,243.690889754096,0.0257834230632086,3,3,3.96862696659689
78,110,76,83,243.690889754096,0.0257834230632086,3,3,3.96862696659689
78,110,76,112,44.5985281604161,0.140883243603458,3,3,3
78,110,83,112,54.5890104579478,0.115099820540249,3,3,4.5
78,110,88,114,44.5985281604161,0.140883243603458,3,3,3
78,110,88,127,54.5890104579478,0.115099820540249,3,3,4.5
78,110,112,147,243.690889754096,0.0257834230632086,3,3,3.96862696659689
78,110,114,127,-243.690889754096,-0.0257834230632086,3,3,3.96862696659689
78,110,114,150,44.5985281604161,0.140883243603458,3,3,3
78,110,114,156,243.690889754096,0.0257834230632086,3,3,3.96862696659689
78,110,147,150,-243.690889754096,-0.0257834230632086,3,3,3.96862696659689
78,110,150,156,-54.5890104579478,-0.115099820540249,3,3,4.5
78,114,51,57,243.690889754096,0.0257834230632086,3,3,3.96862696659689
78,114,51,76,243.690889754096,0.0257834230632086,3,3,3.96862696659689
78,114,57,68,54.5890104579478,0.115099820540249,3,3,4.5
78,114,57,88,44.5985281604161,0.140883243603458,3,3,3
78,114,68,88,243.690889754096,0.0257834230632086,3,3,3.96862696659689
78,114,76,110,44.5985281604161,0.140883243603458,3,3,3
78,114,76,112,54.5890104579478,0.115099820540249,3,3,4.5
78,114,88,103,243.690889754096,0.0257834230632086,3,3,3.96862696659689
78,114,88,127,44.5985281604161,0.140883243603458,3,3,3
78,114,103,127,54.5890104579478,0.115099820540249,3,3,4.5
78,114,110,112,-243.690889754096,-0.0257834230632086,3,3,3.96862696659689
78,114,110,147,243.690889754096,0.0257834230632086,3,3,3.96862696659689
78,114,110,150,44.5985281604161,0.140883243603458,3,3,3
78,114,127,156,243.690889754096,0.0257834230632086,3,3,3.96862696659689
78,114,147,150,54.5890104579478,0.115099820540249,3,3,4.5
78,114,150,156,243.690889754096,0.0257834230632086,3,3,3.96862696659689
79,89,34,52,-54.5890104579478,-0.115099820540249,3,3,4.5
79,89,34,58,243.690889754096,0.0257834230632086,3,3,3.96862696659689
79,89,41,58,-243.690889754096,-0.0257834230632086,3,3,3.96862696659689
79,89,41,68,54.5890104579478,0.115099820540249,3,3,4.5
79,89,52,58,44.5985281604161,0.140883243603458,3,3,3
79,89,52,77,-243.690889754096,-0.0257834230632086,3,3,3.96862696659689
79,89,58,68,44.5985281604161,0.140883243603458,3,3,3
79,89,68,103,243.690889754096,0.0257834230632086,3,3,3.96862696659689
79,89,77,111,243.690889754096,0.0257834230632086,3,3,3.96862696659689
79,89,103,128,-243.690889754096,-0.0257834230632086,3,3,3.96862696659689
79,89,111,115,44.5985281604161,0.140883243603458,3,3,3
79,89,111,151,54.5890104579478,0.115099820540249,3,3,4.5
79,89,115,128,44.5985281604161,0.140883243603458,3,3,3
79,89,115,151,-243.690889754096,-0.0257834230632086,3,3,3.96862696659689
79,89,115,157,243.690889754096,0.0257834230632086,3,3,3.96862696659689
79,89,128,157,-54.5890104579478,-0.115099820540249,3,3,4.5
79,111,52,55,54.5890104579478,0.115099820540249,3,3,4.5
79,111,52,58,-243.690889754096,-0.0257834230632086,3,3,3.96862696659689
79,111,52,77,44.5985281604161,0.140883243603458,3,3,3
79,111,55,77,243.690889754096,0.0257834230632086,3,3,3.96862696659689
79,111,58,89,243.690889754096,0.0257834230632086,3,3,3.96862696659689
79,111,77,84,243.690889754096,0.0257834230632086,3,3,3.96862696659689
79,111,77,113,44.5985281604161,0.140883243603458,3,3,3
79,111,84,113,54.5890104579478,0.115099820540249,3,3,4.5
79,111,89,115,44.5985281604161,0.140883243603458,3,3,3
79,111,89,128,54.5890104579478,0.115099820540249,3,3,4.5
79,111,113,148,243.690889754096,0.0257834230632086,3,3,3.96862696659689
79,111,115,128,-243.690889754096,-0.0257834230632086,3,3,3.96862696659689
79,111,115,151,44.5985281604161,0.140883243603458,3,3,3
79,111,115,157,243.690889754096,0.0257834230632086,3,3,3.96862696659689
79,111,148,151,-243.690889754096,-0.0257834230632086,3,3,3.96862696659689
79,111,151,157,-54.5890104579478,-0.115099820540249,3,3,4.5
79,115,52,58,243.690889754096,0.0257834230632086,3,3,3.96862696659689
79,115,52,77,243.690889754096,0.0257834230632086,3,3,3.96862696659689
79,115,58,68,54.5890104579478,0.115099820540249,3,3,4.5
79,115,58,89,44.5985281604161,0.140883243603458,3,3,3
79,115,68,89,243.690889754096,0.0257834230632086,3,3,3.96862696659689
79,115,77,111,44.5985281604161,0.140883243603458,3,3,3
79,115,77,113,54.5890104579478,0.115099820540249,3,3,4.5
79,115,89,103,243.690889754096,0.0257834230632086,3,3,3.96862696659689
79,115,89,128,44.5985281604161,0.140883243603458,3,3,3
79,115,103,128,54.5890104579478,0.115099820540249,3,3,4.5
79,115,111,113,-243.690889754096,-0.0257834230632086,3,3,3.96862696659689
79,115,111,148,243.690889754096,0.0257834230632086,3,3,3.96862696659689
79,115,111,151,44.5985281604161,0.140883243603458,3,3,3
79,115,128,157,243.690889754096,0.0257834230632086,3,3,3.96862696659689
79,115,148,151,54.5890104579478,0.115099820540249,3,3,4.5
79,115,151,157,243.690889754096,0.0257834230632086,3,3,3.96862696659689
80,99,39,48,-54.5890104579478,-0.115099820540249,3,3,4.5
80,99,39,65,243.690889754096,0.0257834230632086,3,3,3.96862696659689
80,99,48,65,44.5985281604161,0.140883243603458,3,3,3
80,99,48,66,-243.690889754096,-0.0257834230632086,3,3,3.96862696659689
80,99,59,65,-243.690889754096,-0.0257834230632086,3,3,3.96862696659689
80,99,59,91,54.5890104579478,0.115099820540249,3,3,4.5
80,99,65,91,44.5985281604161,0.140883243603458,3,3,3
80,99,66,102,243.690889754096,0.0257834230632086,3,3,3.96862696659689
80,99,91,129,243.690889754096,0.0257834230632086,3,3,3.96862696659689
80,99,102,116,44.5985281604161,0.140883243603458,3,3,3
80,99,102,142,54.5890104579478,0.115099820540249,3,3,4.5
80,99,116,141,44.5985281604161,0.140883243603458,3,3,3
80,99,116,142,-243.690889754096,-0.0257834230632086,3,3,3.96862696659689
80,99,116,160,243.690889754096,0.0257834230632086,3,3,3.96862696659689
80,99,129,141,-243.690889754096,-0.0257834230632086,3,3,3.96862696659689
80,99,141,160,-54.5890104579478,-0.115099820540249,3,3,4.5
80,102,40,48,-54.5890104579478,-0.115099820540249,3,3,4.5
80,102,40,66,243.690889754096,0.0257834230632086,3,3,3.96862696659689
80,102,48,65,-243.690889754096,-0.0257834230632086,3,3,3.96862696659689
80,102,48,66,44.5985281604161,0.140883243603458,3,3,3
80,102,60,66,-243.690889754096,-0.0257834230632086,3,3,3.96862696659689
80,102,60,92,54.5890104579478,0.115099820540249,3,3,4.5
80,102,65,99,243.690889754096,0.0257834230632086,3,3,3.96862696659689
80,102,66,92,44.5985281604161,0.140883243603458,3,3,3
80,102,92,130,243.690889754096,0.0257834230632086,3,3,3.96862696659689
80,102,99,116,44.5985281604161,0.140883243603458,3,3,3
80,102,99,141,54.5890104579478,0.115099820540249,3,3,4.5
80,102,116,141,-243.690889754096,-0.0257834230632086,3,3,3.96862696659689
80,102,116,142,44.5985281604161,0.140883243603458,3,3,3
80,102,116,160,243.690889754096,0.0257834230632086,3,3,3.96862696659689
80,102,130,142,-243.690889754096,-0.0257834230632086,3,3,3.96862696659689
80,102,142,160,-54.5890104579478,-0.115099820540249,3,3,4.5
80,116,48,65,243.690889754096,0.0257834230632086,3,3,3.96862696659689
80,116,48,66,243.690889754096,0.0257834230632086,3,3,3.96862696659689
80,116,65,91,54.5890104579478,0.115099820540249,3,3,4.5
80,116,65,99,44.5985281604161,0.140883243603458,3,3,3
80,116,66,92,54.5890104579478,0.115099820540249,3,3,4.5
80,116,66,102,44.5985281604161,0.140883243603458,3,3,3
80,116,91,99,243.690889754096,0.0257834230632086,3,3,3.96862696659689
80,116,92,102,243.690889754096,0.0257834230632086,3,3,3.96862696659689
80,116,99,129,243.690889754096,0.0257834230632086,3,3,3.96862696659689
80,116,99,141,44.5985281604161,0.140883243603458,3,3,3
80,116,102,130,243.690889754096,0.0257834230632086,3,3,3.96862696659689
80,116,102,142,44.5985281604161,0.140883243603458,3,3,3
80,116,129,141,54.5890104579478,0.115099820540249,3,3,4.5
80,116,130,142,54.5890104579478,0.115099820540249,3,3,4.5
80,116,141,160,243.690889754096,0.0257834230632086,3,3,3.96862696659689
80,116,142,160,243.690889754096,0.0257834230632086,3,3,3.96862696659689
81,95,36,49,-54.5890104579478,-0.115099820540249,3,3,4.5
81,95,36,63,243.690889754096,0.0257834230632086,3,3,3.96862696659689
81,95,49,63,44.5985281604161,0.140883243603458,3,3,3
81,95,49,72,-243.690889754096,-0.0257834230632086,3,3,3.96862696659689
81,95,54,63,-243.690889754096,-0.0257834230632086,3,3,3.96862696659689
81,95,54,83,54.5890104579478,0.115099820540249,3,3,4.5
81,95,63,83,44.5985281604161,0.140883243603458,3,3,3
81,95,72,105,243.690889754096,0.0257834230632086,3,3,3.96862696659689
81,95,83,120,243.690889754096,0.0257834230632086,3,3,3.96862696659689
81,95,105,117,44.5985281604161,0.140883243603458,3,3,3
81,95,105,143,54.5890104579478,0.115099820540249,3,3,4.5
81,95,117,138,44.5985281604161,0.140883243603458,3,3,3
81,95,117,143,-243.690889754096,-0.0257834230632086,3,3,3.96862696659689
81,95,120,138,-243.690889754096,-0.0257834230632086,3,3,3.96862696659689
81,105,44,49,-54.5890104579478,-0.115099820540249,3,3,4.5
81,105,44,72,243.690889754096,0.0257834230632086,3,3,3.96862696659689
81,105,49,63,-243.690889754096,-0.0257834230632086,3,3,3.96862696659689
81,105,49,72,44.5985281604161,0.140883243603458,3,3,3
81,105,63,95,243.690889754096,0.0257834230632086,3,3,3.96862696659689
81,105,67,72,-243.690889754096,-0.0257834230632086,3,3,3.96862696659689
81,105,67,97,54.5890104579478,0.115099820540249,3,3,4.5
81,105,72,97,44.5985281604161,0.140883243603458,3,3,3
81,105,95,117,44.5985281604161,0.140883243603458,3,3,3
81,105,95,138,54.5890104579478,0.115099820540249,3,3,4.5
81,105,97,135,243.690889754096,0.0257834230632086,3,3,3.96862696659689
81,105,117,138,-243.690889754096,-0.0257834230632086,3,3,3.96862696659689
81,105,117,143,44.5985281604161,0.140883243603458,3,3,3
81,105,135,143,-243.690889754096,-0.0257834230632086,3,3,3.96862696659689
81,117,49,63,243.690889754096,0.0257834230632086,3,3,3.96862696659689
81,117,49,72,243.690889754096,0.0257834230632086,3,3,3.96862696659689
81,117,63,83,54.5890104579478,0.115099820540249,3,3,4.5
81,117,63,95,44.5985281604161,0.140883243603458,3,3,3
81,117,72,97,54.5890104579478,0.115099820540249,3,3,4.5
81,117,72,105,44.5985281604161,0.140883243603458,3,3,3
81,117,83,95,243.690889754096,0.0257834230632086,3,3,3.96862696659689
81,117,95,120,243.690889754096,0.0257834230632086,3,3,3.96862696659689
81,117,95,138,44.5985281604161,0.140883243603458,3,3,3
81,117,97,105,243.690889754096,0.0257834230632086,3,3,3.96862696659689
81,117,105,135,243.690889754096,0.0257834230632086,3,3,3.96862696659689
81,117,105,143,44.5985281604161,0.140883243603458,3,3,3
81,117,120,138,54.5890104579478,0.115099820540249,3,3,4.5
81,117,135,143,54.5890104579478,0.115099820540249,3,3,4.5
82,96,37,50,-54.5890104579478,-0.115099820540249,3,3,4.5
82,96,37,64,243.690889754096,0.0257834230632086,3,3,3.96862696659689
82,96,50,64,44.5985281604161,0.140883243603458,3,3,3
82,96,50,73,-243.690889754096,-0.0257834230632086,3,3,3.96862696659689
82,96,55,64,-243.690889754096,-0.0257834230632086,3,3,3.96862696659689
82,96,55,84,54.5890104579478,0.115099820540249,3,3,4.5
82,96,64,84,44.5985281604161,0.140883243603458,3,3,3
82,96,73,106,243.690889754096,0.0257834230632086,3,3,3.96862696659689
82,96,84,121,243.690889754096,0.0257834230632086,3,3,3.96862696659689
82,96,106,118,44.5985281604161,0.140883243603458,3,3,3
82,96,106,145,54.5890104579478,0.115099820540249,3,3,4.5
82,96,118,139,44.5985281604161,0.140883243603458,3,3,3
82,96,118,145,-243.690889754096,-0.0257834230632086,3,3,3.96862696659689
82,96,121,139,-243.690889754096,-0.0257834230632086,3,3,3.96862696659689
82,106,45,50,-54.5890104579478,-0.115099820540249,3,3,4.5
82,106,45,73,243.690889754096,0.0257834230632086,3,3,3.96862696659689
82,106,50,64,-243.690889754096,-0.0257834230632086,3,3,3.96862696659689
82,106,50,73,44.5985281604161,0.140883243603458,3,3,3
82,106,64,96,243.690889754096,0.0257834230632086,3,3,3.96862696659689
82,106,69,73,-243.690889754096,-0.0257834230632086,3,3,3.96862696659689
82,106,69,98,54.5890104579478,0.115099820540249,3,3,4.5
82,106,73,98,44.5985281604161,0.140883243603458,3,3,3
82,106,96,118,44.5985281604161,0.140883243603458,3,3,3
82,106,96,139,54.5890104579478,0.115099820540249,3,3,4.5
82,106,98,136,243.690889754096,0.0257834230632086,3,3,3.96862696659689
82,106,118,139,-243.690889754096,-0.0257834230632086,3,3,3.96862696659689
82,106,118,145,44.5985281604161,0.140883243603458,3,3,3
82,106,136,145,-243.690889754096,-0.0257834230632086,3,3,3.96862696659689
82,118,50,64,243.690889754096,0.0257834230632086,3,3,3.96862696659689
82,118,50,73,243.690889754096,0.0257834230632086,3,3,3.96862696659689
82,118,64,84,54.5890104579478,0.115099820540249,3,3,4.5
82,118,64,96,44.5985281604161,0.140883243603458,3,3,3
82,118,73,98,54.5890104579478,0.115099820540249,3,3,4.5
82,118,73,106,44.5985281604161,0.140883243603458,3,3,3
82,118,84,96,243.690889754096,0.0257834230632086,3,3,3.96862696659689
82,118,96,121,243.690889754096,0.0257834230632086,3,3,3.96862696659689
82,118,96,139,44.5985281604161,0.140883243603458,3,3,3
82,118,98,106,243.690889754096,0.0257834230632086,3,3,3.96862696659689
82,118,106,136,243.690889754096,0.0257834230632086,3,3,3.96862696659689
82,118,106,145,44.5985281604161,0.140883243603458,3,3,3
82,118,121,139,54.5890104579478,0.115099820540249,3,3,4.5
82,118,136,145,54.5890104579478,0.115099820540249,3,3,4.5
83,95,36,54,-54.5890104579478,-0.115099820540249,3,3,4.5
83,95,36,63,243.690889754096,0.0257834230632086,3,3,3.96862696659689
83,95,49,63,-243.690889754096,-0.0257834230632086,3,3,3.96862696659689
83,95,49,81,54.5890104579478,0.115099820540249,3,3,4.5
83,95,54,63,44.5985281604161,0.140883243603458,3,3,3
83,95,54,76,-243.690889754096,-0.0257834230632086,3,3,3.96862696659689
83,95,63,81,44.5985281604161,0.140883243603458,3,3,3
83,95,76,112,243.690889754096,0.0257834230632086,3,3,3.96862696659689
83,95,81,117,243.690889754096,0.0257834230632086,3,3,3.96862696659689
83,95,112,120,44.5985281604161,0.140883243603458,3,3,3
83,95,112,154,54.5890104579478,0.115099820540249,3,3,4.5
83,95,117,138,-243.690889754096,-0.0257834230632086,3,3,3.96862696659689
83,95,120,138,44.5985281604161,0.140883243603458,3,3,3
83,95,120,154,-243.690889754096,-0.0257834230632086,3,3,3.96862696659689
83,112,51,54,-54.5890104579478,-0.115099820540249,3,3,4.5
83,112,51,76,243.690889754096,0.0257834230632086,3,3,3.96862696659689
83,112,54,63,-243.690889754096,-0.0257834230632086,3,3,3.96862696659689
83,112,54,76,44.5985281604161,0.140883243603458,3,3,3
83,112,63,95,243.690889754096,0.0257834230632086,3,3,3.96862696659689
83,112,76,78,243.690889754096,0.0257834230632086,3,3,3.96862696659689
83,112,76,110,44.5985281604161,0.140883243603458,3,3,3
83,112,78,110,54.5890104579478,0.115099820540249,3,3,4.5
83,112,95,120,44.5985281604161,0.140883243603458,3,3,3
83,112,95,138,54.5890104579478,0.115099820540249,3,3,4.5
83,112,110,147,243.690889754096,0.0257834230632086,3,3,3.96862696659689
83,112,120,138,-243.690889754096,-0.0257834230632086,3,3,3.96862696659689
83,112,120,154,44.5985281604161,0.140883243603458,3,3,3
83,112,147,154,-243.690889754096,-0.0257834230632086,3,3,3.96862696659689
83,120,54,63,243.690889754096,0.0257834230632086,3,3,3.96862696659689
83,120,54,76,243.690889754096,0.0257834230632086,3,3,3.96862696659689
83,120,63,81,54.5890104579478,0.115099820540249,3,3,4.5
83,120,63,95,44.5985281604161,0.140883243603458,3,3,3
83,120,76,110,54.5890104579478,0.115099820540249,3,3,4.5
83,120,76,112,44.5985281604161,0.140883243603458,3,3,3
83,120,81,95,243.690889754096,0.0257834230632086,3,3,3.96862696659689
83,120,95,117,243.690889754096,0.0257834230632086,3,3,3.96862696659689
83,120,95,138,44.5985281604161,0.140883243603458,3,3,3
83,120,110,112,243.690889754096,0.0257834230632086,3,3,3.96862696659689
83,120,112,147,243.690889754096,0.0257834230632086,3,3,3.96862696659689
83,120,112,154,44.5985281604161,0.140883243603458,3,3,3
83,120,117,138,54.5890104579478,0.115099820540249,3,3,4.5
83,120,147,154,54.5890104579478,0.115099820540249,3,3,4.5
84,96,37,55,-54.5890104579478,-0.115099820540249,3,3,4.5
84,96,37,64,243.690889754096,0.0257834230632086,3,3,3.96862696659689
84,96,50,64,-243.690889754096,-0.0257834230632086,3,3,3.96862696659689
84,96,50,82,54.5890104579478,0.115099820540249,3,3,4.5
84,96,55,64,44.5985281604161,0.140883243603458,3,3,3
84,96,55,77,-243.690889754096,-0.0257834230632086,3,3,3.96862696659689
84,96,64,82,44.5985281604161,0.140883243603458,3,3,3
84,96,77,113,243.690889754096,0.0257834230632086,3,3,3.96862696659689
84,96,82,118,243.690889754096,0.0257834230632086,3,3,3.96862696659689
84,96,113,121,44.5985281604161,0.140883243603458,3,3,3
84,96,113,155,54.5890104579478,0.115099820540249,3,3,4.5
84,96,118,139,-243.690889754096,-0.0257834230632086,3,3,3.96862696659689
84,96,121,139,44.5985281604161,0.140883243603458,3,3,3
84,96,121,155,-243.690889754096,-0.0257834230632086,3,3,3.96862696659689
84,113,52,55,-54.5890104579478,-0.115099820540249,3,3,4.5
84,113,52,77,243.690889754096,0.0257834230632086,3,3,3.96862696659689
84,113,55,64,-243.690889754096,-0.0257834230632086,3,3,3.96862696659689
84,113,55,77,44.5985281604161,0.140883243603458,3,3,3
84,113,64,96,243.690889754096,0.0257834230632086,3,3,3.96862696659689
84,113,77,79,243.690889754096,0.0257834230632086,3,3,3.96862696659689
84,113,77,111,44.5985281604161,0.140883243603458,3,3,3
84,113,79,111,54.5890104579478,0.115099820540249,3,3,4.5
84,113,96,121,44.5985281604161,0.140883243603458,3,3,3
84,113,96,139,54.5890104579478,0.115099820540249,3,3,4.5
84,113,111,148,243.690889754096,0.0257834230632086,3,3,3.96862696659689
84,113,121,139,-243.690889754096,-0.0257834230632086,3,3,3.96862696659689
84,113,121,155,44.5985281604161,0.140883243603458,3,3,3
84,113,148,155,-243.690889754096,-0.0257834230632086,3,3,3.96862696659689
84,121,55,64,243.690889754096,0.0257834230632086,3,3,3.96862696659689
84,121,55,77,243.690889754096,0.0257834230632086,3,3,3.96862696659689
84,121,64,82,54.5890104579478,0.115099820540249,3,3,4.5
84,121,64,96,44.5985281604161,0.140883243603458,3,3,3
84,121,77,111,54.5890104579478,0.115099820540249,3,3,4.5
84,121,77,113,44.5985281604161,0.140883243603458,3,3,3
84,121,82,96,243.690889754096,0.0257834230632086,3,3,3.96862696659689
84,121,96,118,243.690889754096,0.0257834230632086,3,3,3.96862696659689
84,121,96,139,44.5985281604161,0.140883243603458,3,3,3
84,121,111,113,243.690889754096,0.0257834230632086,3,3,3.96862696659689
84,121,113,148,243.690889754096,0.0257834230632086,3,3,3.96862696659689
84,121,113,155,44.5985281604161,0.140883243603458,3,3,3
84,121,118,139,54.5890104579478,0.115099820540249,3,3,4.5
84,121,148,155,54.5890104579478,0.115099820540249,3,3,4.5
85,104,42,53,-54.5890104579478,-0.115099820540249,3,3,4.5
85,104,42,70,243.690889754096,0.0257834230632086,3,3,3.96862696659689
85,104,53,70,44.5985281604161,0.140883243603458,3,3,3
85,104,53,74,-243.690889754096,-0.0257834230632086,3,3,3.96862696659689
85,104,61,70,-243.690889754096,-0.0257834230632086,3,3,3.96862696659689
85,104,61,93,54.5890104579478,0.115099820540249,3,3,4.5
85,104,70,93,44.5985281604161,0.140883243603458,3,3,3
85,104,74,108,243.690889754096,0.0257834230632086,3,3,3.96862696659689
85,104,93,131,243.690889754096,0.0257834230632086,3,3,3.96862696659689
85,104,108,125,44.5985281604161,0.140883243603458,3,3,3
85,104,108,152,54.5890104579478,0.115099820540249,3,3,4.5
85,104,125,146,44.5985281604161,0.140883243603458,3,3,3
85,104,125,152,-243.690889754096,-0.0257834230632086,3,3,3.96862696659689
85,104,131,146,-243.690889754096,-0.0257834230632086,3,3,3.96862696659689
85,108,46,53,-54.5890104579478,-0.115099820540249,3,3,4.5
85,108,46,74,243.690889754096,0.0257834230632086,3,3,3.96862696659689
85,108,53,70,-243.690889754096,-0.0257834230632086,3,3,3.96862696659689
85,108,53,74,44.5985281604161,0.140883243603458,3,3,3
85,108,67,74,-243.690889754096,-0.0257834230632086,3,3,3.96862696659689
85,108,67,100,54.5890104579478,0.115099820540249,3,3,4.5
85,108,70,104,243.690889754096,0.0257834230632086,3,3,3.96862696659689
85,108,74,100,44.5985281604161,0.140883243603458,3,3,3
85,108,100,137,243.690889754096,0.0257834230632086,3,3,3.96862696659689
85,108,104,125,44.5985281604161,0.140883243603458,3,3,3
85,108,104,146,54.5890104579478,0.115099820540249,3,3,4.5
85,108,125,146,-243.690889754096,-0.0257834230632086,3,3,3.96862696659689
85,108,125,152,44.5985281604161,0.140883243603458,3,3,3
85,108,137,152,-243.690889754096,-0.0257834230632086,3,3,3.96862696659689
85,125,53,70,243.690889754096,0.0257834230632086,3,3,3.96862696659689
85,125,53,74,243.690889754096,0.0257834230632086,3,3,3.96862696659689
85,125,70,93,54.5890104579478,0.115099820540249,3,3,4.5
85,125,70,104,44.5985281604161,0.140883243603458,3,3,3
85,125,74,100,54.5890104579478,0.115099820540249,3,3,4.5
85,125,74,108,44.5985281604161,0.140883243603458,3,3,3
85,125,93,104,243.690889754096,0.0257834230632086,3,3,3.96862696659689
85,125,100,108,243.690889754096,0.0257834230632086,3,3,3.96862696659689
85,125,104,131,243.690889754096,0.0257834230632086,3,3,3.96862696659689
85,125,104,146,44.5985281604161,0.140883243603458,3,3,3
85,125,108,137,243.690889754096,0.0257834230632086,3,3,3.96862696659689
85,125,108,152,44.5985281604161,0.140883243603458,3,3,3
85,125,131,146,54.5890104579478,0.115099820540249,3,3,4.5
85,125,137,152,54.5890104579478,0.115099820540249,3,3,4.5
86,107,43,56,-54.5890104579478,-0.115099820540249,3,3,4.5
86,107,43,71,243.690889754096,0.0257834230632086,3,3,3.96862696659689
86,107,56,71,44.5985281604161,0.140883243603458,3,3,3
86,107,56,75,-243.690889754096,-0.0257834230632086,3,3,3.96862696659689
86,107,62,71,-243.690889754096,-0.0257834230632086,3,3,3.96862696659689
86,107,62,94,54.5890104579478,0.115099820540249,3,3,4.5
86,107,71,94,44.5985281604161,0.140883243603458,3,3,3
86,107,75,109,243.690889754096,0.0257834230632086,3,3,3.96862696659689
86,107,94,132,243.690889754096,0.0257834230632086,3,3,3.96862696659689
86,107,109,126,44.5985281604161,0.140883243603458,3,3,3
86,107,109,153,54.5890104579478,0.115099820540249,3,3,4.5
86,107,126,149,44.5985281604161,0.140883243603458,3,3,3
86,107,126,153,-243.690889754096,-0.0257834230632086,3,3,3.96862696659689
86,107,132,149,-243.690889754096,-0.0257834230632086,3,3,3.96862696659689
86,109,47,56,-54.5890104579478,-0.115099820540249,3,3,4.5
86,109,47,75,243.690889754096,0.0257834230632086,3,3,3.96862696659689
86,109,56,71,-243.690889754096,-0.0257834230632086,3,3,3.96862696659689
86,109,56,75,44.5985281604161,0.140883243603458,3,3,3
86,109,69,75,-243.690889754096,-0.0257834230632086,3,3,3.96862696659689
86,109,69,101,54.5890104579478,0.115099820540249,3,3,4.5
86,109,71,107,243.690889754096,0.0257834230632086,3,3,3.96862696659689
86,109,75,101,44.5985281604161,0.140883243603458,3,3,3
86,109,101,140,243.690889754096,0.0257834230632086,3,3,3.96862696659689
86,109,107,126,44.5985281604161,0.140883243603458,3,3,3
86,109,107,149,54.5890104579478,0.115099820540249,3,3,4.5
86,109,126,149,-243.690889754096,-0.0257834230632086,3,3,3.96862696659689
86,109,126,153,44.5985281604161,0.140883243603458,3,3,3
86,109,140,153,-243.690889754096,-0.0257834230632086,3,3,3.96862696659689
86,126,56,71,243.690889754096,0.0257834230632086,3,3,3.96862696659689
86,126,56,75,243.690889754096,0.0257834230632086,3,3,3.96862696659689
86,126,71,94,54.5890104579478,0.115099820540249,3,3,4.5
86,126,71,107,44.5985281604161,0.140883243603458,3,3,3
86,126,75,101,54.5890104579478,0.115099820540249,3,3,4.5
86,126,75,109,44.5985281604161,0.140883243603458,3,3,3
86,126,94,107,243.690889754096,0.0257834230632086,3,3,3.96862696659689
86,126,101,109,243.690889754096,0.0257834230632086,3,3,3.96862696659689
86,126,107,132,243.690889754096,0.0257834230632086,3,3,3.96862696659689
86,126,107,149,44.5985281604161,0.140883243603458,3,3,3
86,126,109,140,243.690889754096,0.0257834230632086,3,3,3.96862696659689
86,126,109,153,44.5985281604161,0.140883243603458,3,3,3
86,126,132,149,54.5890104579478,0.115099820540249,3,3,4.5
86,126,140,153,54.5890104579478,0.115099820540249,3,3,4.5
87,91,35,59,243.690889754096,0.0257834230632086,3,3,3.96862696659689
87,91,35,61,-54.5890104579478,-0.115099820540249,3,3,4.5
87,91,39,59,-243.690889754096,-0.0257834230632086,3,3,3.96862696659689
87,91,39,65,54.5890104579478,0.115099820540249,3,3,4.5
87,91,59,61,-44.5985281604161,-0.140883243603458,3,3,3
87,91,59,65,44.5985281604161,0.140883243603458,3,3,3
87,91,61,93,-243.690889754096,-0.0257834230632086,3,3,3.96862696659689
87,91,65,99,243.690889754096,0.0257834230632086,3,3,3.96862696659689
87,91,93,123,243.690889754096,0.0257834230632086,3,3,3.96862696659689
87,91,99,129,-243.690889754096,-0.0257834230632086,3,3,3.96862696659689
87,91,119,123,-44.5985281604161,-0.140883243603458,3,3,3
87,91,119,129,44.5985281604161,0.140883243603458,3,3,3
87,91,119,158,-243.690889754096,-0.0257834230632086,3,3,3.96862696659689
87,91,123,158,54.5890104579478,0.115099820540249,3,3,4.5
87,93,35,59,-54.5890104579478,-0.115099820540249,3,3,4.5
87,93,35,61,243.690889754096,0.0257834230632086,3,3,3.96862696659689
87,93,42,61,-243.690889754096,-0.0257834230632086,3,3,3.96862696659689
87,93,42,70,54.5890104579478,0.115099820540249,3,3,4.5
87,93,59,61,44.5985281604161,0.140883243603458,3,3,3
87,93,59,91,-243.690889754096,-0.0257834230632086,3,3,3.96862696659689
87,93,61,70,44.5985281604161,0.140883243603458,3,3,3
87,93,70,104,243.690889754096,0.0257834230632086,3,3,3.96862696659689
87,93,91,119,243.690889754096,0.0257834230632086,3,3,3.96862696659689
87,93,104,131,-243.690889754096,-0.0257834230632086,3,3,3.96862696659689
87,93,119,123,44.5985281604161,0.140883243603458,3,3,3
87,93,119,158,54.5890104579478,0.115099820540249,3,3,4.5
87,93,123,131,44.5985281604161,0.140883243603458,3,3,3
87,93,123,158,-243.690889754096,-0.0257834230632086,3,3,3.96862696659689
87,119,59,61,-243.690889754096,-0.0257834230632086,3,3,3.96862696659689
87,119,59,65,54.5890104579478,0.115099820540249,3,3,4.5
87,119,59,91,44.5985281604161,0.140883243603458,3,3,3
87,119,61,93,243.690889754096,0.0257834230632086,3,3,3.96862696659689
87,119,65,91,243.690889754096,0.0257834230632086,3,3,3.96862696659689
87,119,91,99,243.690889754096,0.0257834230632086,3,3,3.96862696659689
87,119,91,129,44.5985281604161,0.140883243603458,3,3,3
87,119,93,123,44.5985281604161,0.140883243603458,3,3,3
87,119,93,131,54.5890104579478,0.115099820540249,3,3,4.5
87,119,99,129,54.5890104579478,0.115099820540249,3,3,4.5
87,119,123,131,-243.690889754096,-0.0257834230632086,3,3,3.96862696659689
87,119,123,158,44.5985281604161,0.140883243603458,3,3,3
87,123,59,61,243.690889754096,0.0257834230632086,3,3,3.96862696659689
87,123,59,91,243.690889754096,0.0257834230632086,3,3,3.96862696659689
87,123,61,70,54.5890104579478,0.115099820540249,3,3,4.5
87,123,61,93,44.5985281604161,0.140883243603458,3,3,3
87,123,70,93,243.690889754096,0.0257834230632086,3,3,3.96862696659689
87,123,91,119,44.5985281604161,0.140883243603458,3,3,3
87,123,91,129,54.5890104579478,0.115099820540249,3,3,4.5
87,123,93,104,243.690889754096,0.0257834230632086,3,3,3.96862696659689
87,123,93,131,44.5985281604161,0.140883243603458,3,3,3
87,123,104,131,54.5890104579478,0.115099820540249,3,3,4.5
87,123,119,129,-243.690889754096,-0.0257834230632086,3,3,3.96862696659689
87,123,119,158,44.5985281604161,0.140883243603458,3,3,3
88,103,41,57,-54.5890104579478,-0.115099820540249,3,3,4.5
88,103,41,68,243.690889754096,0.0257834230632086,3,3,3.96862696659689
88,103,57,68,44.5985281604161,0.140883243603458,3,3,3
88,103,57,78,-243.690889754096,-0.0257834230632086,3,3,3.96862696659689
88,103,58,68,-243.690889754096,-0.0257834230632086,3,3,3.96862696659689
88,103,58,89,54.5890104579478,0.115099820540249,3,3,4.5
88,103,68,89,44.5985281604161,0.140883243603458,3,3,3
88,103,78,114,243.690889754096,0.0257834230632086,3,3,3.96862696659689
88,103,89,128,243.690889754096,0.0257834230632086,3,3,3.96862696659689
88,103,114,127,44.5985281604161,0.140883243603458,3,3,3
88,103,114,156,54.5890104579478,0.115099820540249,3,3,4.5
88,103,127,144,44.5985281604161,0.140883243603458,3,3,3
88,103,127,156,-243.690889754096,-0.0257834230632086,3,3,3.96862696659689
88,103,128,144,-243.690889754096,-0.0257834230632086,3,3,3.96862696659689
88,114,51,57,-54.5890104579478,-0.115099820540249,3,3,4.5
88,114,51,78,243.690889754096,0.0257834230632086,3,3,3.96862696659689
88,114,57,68,-243.690889754096,-0.0257834230632086,3,3,3.96862696659689
88,114,57,78,44.5985281604161,0.140883243603458,3,3,3
88,114,68,103,243.690889754096,0.0257834230632086,3,3,3.96862696659689
88,114,76,78,-243.690889754096,-0.0257834230632086,3,3,3.96862696659689
88,114,76,110,54.5890104579478,0.115099820540249,3,3,4.5
88,114,78,110,44.5985281604161,0.140883243603458,3,3,3
88,114,103,127,44.5985281604161,0.140883243603458,3,3,3
88,114,103,144,54.5890104579478,0.115099820540249,3,3,4.5
88,114,110,150,243.690889754096,0.0257834230632086,3,3,3.96862696659689
88,114,127,144,-243.690889754096,-0.0257834230632086,3,3,3.96862696659689
88,114,127,156,44.5985281604161,0.140883243603458,3,3,3
88,114,150,156,-243.690889754096,-0.0257834230632086,3,3,3.96862696659689
88,127,57,68,243.690889754096,0.0257834230632086,3,3,3.96862696659689
88,127,57,78,243.690889754096,0.0257834230632086,3,3,3.96862696659689
88,127,68,89,54.5890104579478,0.115099820540249,3,3,4.5
88,127,68,103,44.5985281604161,0.140883243603458,3,3,3
88,127,78,110,54.5890104579478,0.115099820540249,3,3,4.5
88,127,78,114,44.5985281604161,0.140883243603458,3,3,3
88,127,89,103,243.690889754096,0.0257834230632086,3,3,3.96862696659689
88,127,103,128,243.690889754096,0.0257834230632086,3,3,3.96862696659689
88,127,103,144,44.5985281604161,0.140883243603458,3,3,3
88,127,110,114,243.690889754096,0.0257834230632086,3,3,3.96862696659689
88,127,114,150,243.690889754096,0.0257834230632086,3,3,3.96862696659689
88,127,114,156,44.5985281604161,0.140883243603458,3,3,3
88,127,128,144,54.5890104579478,0.115099820540249,3,3,4.5
88,127,150,156,54.5890104579478,0.115099820540249,3,3,4.5
89,103,41,58,-54.5890104579478,-0.115099820540249,3,3,4.5
89,103,41,68,243.690889754096,0.0257834230632086,3,3,3.96862696659689
89,103,57,68,-243.690889754096,-0.0257834230632086,3,3,3.96862696659689
89,103,57,88,54.5890104579478,0.115099820540249,3,3,4.5
89,103,58,68,44.5985281604161,0.140883243603458,3,3,3
89,103,58,79,-243.690889754096,-0.0257834230632086,3,3,3.96862696659689
89,103,68,88,44.5985281604161,0.140883243603458,3,3,3
89,103,79,115,243.690889754096,0.0257834230632086,3,3,3.96862696659689
89,103,88,127,243.690889754096,0.0257834230632086,3,3,3.96862696659689
89,103,115,128,44.5985281604161,0.140883243603458,3,3,3
89,103,115,157,54.5890104579478,0.115099820540249,3,3,4.5
89,103,127,144,-243.690889754096,-0.0257834230632086,3,3,3.96862696659689
89,103,128,144,44.5985281604161,0.140883243603458,3,3,3
89,103,128,157,-243.690889754096,-0.0257834230632086,3,3,3.96862696659689
89,115,52,58,-54.5890104579478,-0.115099820540249,3,3,4.5
89,115,52,79,243.690889754096,0.0257834230632086,3,3,3.96862696659689
89,115,58,68,-243.690889754096,-0.0257834230632086,3,3,3.96862696659689
89,115,58,79,44.5985281604161,0.140883243603458,3,3,3
89,115,68,103,243.690889754096,0.0257834230632086,3,3,3.96862696659689
89,115,77,79,-243.690889754096,-0.0257834230632086,3,3,3.96862696659689
89,115,77,111,54.5890104579478,0.115099820540249,3,3,4.5
89,115,79,111,44.5985281604161,0.140883243603458,3,3,3
89,115,103,128,44.5985281604161,0.140883243603458,3,3,3
89,115,103,144,54.5890104579478,0.115099820540249,3,3,4.5
89,115,111,151,243.690889754096,0.0257834230632086,3,3,3.96862696659689
89,115,128,144,-243.690889754096,-0.0257834230632086,3,3,3.96862696659689
89,115,128,157,44.5985281604161,0.140883243603458,3,3,3
89,115,151,157,-243.690889754096,-0.0257834230632086,3,3,3.96862696659689
89,128,58,68,243.690889754096,0.0257834230632086,3,3,3.96862696659689
89,128,58,79,243.690889754096,0.0257834230632086,3,3,3.96862696659689
89,128,68,88,54.5890104579478,0.115099820540249,3,3,4.5
89,128,68,103,44.5985281604161,0.140883243603458,3,3,3
89,128,79,111,54.5890104579478,0.115099820540249,3,3,4.5
89,128,79,115,44.5985281604161,0.140883243603458,3,3,3
89,128,88,103,243.690889754096,0.0257834230632086,3,3,3.96862696659689
89,128,103,127,243.690889754096,0.0257834230632086,3,3,3.96862696659689
89,128,103,144,44.5985281604161,0.140883243603458,3,3,3
89,128,111,115,243.690889754096,0.0257834230632086,3,3,3.96862696659689
89,128,115,151,243.690889754096,0.0257834230632086,3,3,3.96862696659689
89,128,115,157,44.5985281604161,0.140883243603458,3,3,3
89,128,127,144,54.5890104579478,0.115099820540249,3,3,4.5
89,128,151,157,54.5890104579478,0.115099820540249,3,3,4.5
90,92,38,60,243.690889754096,0.0257834230632086,3,3,3.96862696659689
90,92,38,62,-54.5890104579478,-0.115099820540249,3,3,4.5
90,92,40,60,-243.690889754096,-0.0257834230632086,3,3,3.96862696659689
90,92,40,66,54.5890104579478,0.115099820540249,3,3,4.5
90,92,60,62,-44.5985281604161,-0.140883243603458,3,3,3
90,92,60,66,44.5985281604161,0.140883243603458,3,3,3
90,92,62,94,-243.690889754096,-0.0257834230632086,3,3,3.96862696659689
90,92,66,102,243.690889754096,0.0257834230632086,3,3,3.96862696659689
90,92,94,124,243.690889754096,0.0257834230632086,3,3,3.96862696659689
90,92,102,130,-243.690889754096,-0.0257834230632086,3,3,3.96862696659689
90,92,122,124,-44.5985281604161,-0.140883243603458,3,3,3
90,92,122,130,44.5985281604161,0.140883243603458,3,3,3
90,92,122,159,-243.690889754096,-0.0257834230632086,3,3,3.96862696659689
90,92,124,159,54.5890104579478,0.115099820540249,3,3,4.5
90,94,38,60,-54.5890104579478,-0.115099820540249,3,3,4.5
90,94,38,62,243.690889754096,0.0257834230632086,3,3,3.96862696659689
90,94,43,62,-243.690889754096,-0.0257834230632086,3,3,3.96862696659689
90,94,43,71,54.5890104579478,0.115099820540249,3,3,4.5
90,94,60,62,44.5985281604161,0.140883243603458,3,3,3
90,94,60,92,-243.690889754096,-0.0257834230632086,3,3,3.96862696659689
90,94,62,71,44.5985281604161,0.140883243603458,3,3,3
90,94,71,107,243.690889754096,0.0257834230632086,3,3,3.96862696659689
90,94,92,122,243.690889754096,0.0257834230632086,3,3,3.96862696659689
90,94,107,132,-243.690889754096,-0.0257834230632086,3,3,3.96862696659689
90,94,122,124,44.5985281604161,0.140883243603458,3,3,3
90,94,122,159,54.5890104579478,0.115099820540249,3,3,4.5
90,94,124,132,44.5985281604161,0.140883243603458,3,3,3
90,94,124,159,-243.690889754096,-0.0257834230632086,3,3,3.96862696659689
90,122,60,62,-243.690889754096,-0.0257834230632086,3,3,3.96862696659689
90,122,60,66,54.5890104579478,0.115099820540249,3,3,4.5
90,122,60,92,44.5985281604161,0.140883243603458,3,3,3
90,122,62,94,243.690889754096,0.0257834230632086,3,3,3.96862696659689
90,122,66,92,243.690889754096,0.0257834230632086,3,3,3.96862696659689
90,122,92,102,243.690889754096,0.0257834230632086,3,3,3.96862696659689
90,122,92,130,44.5985281604161,0.140883243603458,3,3,3
90,122,94,124,44.5985281604161,0.140883243603458,3,3,3
90,122,94,132,54.5890104579478,0.115099820540249,3,3,4.5
90,122,102,130,54.5890104579478,0.115099820540249,3,3,4.5
90,122,124,132,-243.690889754096,-0.0257834230632086,3,3,3.96862696659689
90,122,124,159,44.5985281604161,0.140883243603458,3,3,3
90,124,60,62,243.690889754096,0.0257834230632086,3,3,3.96862696659689
90,124,60,92,243.690889754096,0.0257834230632086,3,3,3.96862696659689
90,124,62,71,54.5890104579478,0.115099820540249,3,3,4.5
90,124,62,94,44.5985281604161,0.140883243603458,3,3,3
90,124,71,94,243.690889754096,0.0257834230632086,3,3,3.96862696659689
90,124,92,122,44.5985281604161,0.140883243603458,3,3,3
90,124,92,130,54.5890104579478,0.115099820540249,3,3,4.5
90,124,94,107,243.690889754096,0.0257834230632086,3,3,3.96862696659689
90,124,94,132,44.5985281604161,0.140883243603458,3,3,3
90,124,107,132,54.5890104579478,0.115099820540249,3,3,4.5
90,124,122,130,-243.690889754096,-0.0257834230632086,3,3,3.96862696659689
90,124,122,159,44.5985281604161,0.140883243603458,3,3,3
91,99,39,59,-54.5890104579478,-0.115099820540249,3,3,4.5
91,99,39,65,243.690889754096,0.0257834230632086,3,3,3.96862696659689
91,99,48,65,-243.690889754096,-0.0257834230632086,3,3,3.96862696659689
91,99,48,80,54.5890104579478,0.115099820540249,3,3,4.5
91,99,59,65,44.5985281604161,0.140883243603458,3,3,3
91,99,59,87,-243.690889754096,-0.0257834230632086,3,3,3.96862696659689
91,99,65,80,44.5985281604161,0.140883243603458,3,3,3
91,99,80,116,243.690889754096,0.0257834230632086,3,3,3.96862696659689
91,99,87,119,243.690889754096,0.0257834230632086,3,3,3.96862696659689
91,99,116,141,-243.690889754096,-0.0257834230632086,3,3,3.96862696659689
91,99,119,129,44.5985281604161,0.140883243603458,3,3,3
91,99,129,141,44.5985281604161,0.140883243603458,3,3,3
91,119,59,61,54.5890104579478,0.115099820540249,3,3,4.5
91,119,59,65,-243.690889754096,-0.0257834230632086,3,3,3.96862696659689
91,119,59,87,44.5985281604161,0.140883243603458,3,3,3
91,119,61,87,243.690889754096,0.0257834230632086,3,3,3.96862696659689
91,119,65,99,243.690889754096,0.0257834230632086,3,3,3.96862696659689
91,119,87,93,243.690889754096,0.0257834230632086,3,3,3.96862696659689
91,119,87,123,44.5985281604161,0.140883243603458,3,3,3
91,119,93,123,54.5890104579478,0.115099820540249,3,3,4.5
91,119,99,129,44.5985281604161,0.140883243603458,3,3,3
91,119,99,141,54.5890104579478,0.115099820540249,3,3,4.5
91,119,123,158,243.690889754096,0.0257834230632086,3,3,3.96862696659689
91,119,129,141,-243.690889754096,-0.0257834230632086,3,3,3.96862696659689
91,129,59,65,243.690889754096,0.0257834230632086,3,3,3.96862696659689
91,129,59,87,243.690889754096,0.0257834230632086,3,3,3.96862696659689
91,129,65,80,54.5890104579478,0.115099820540249,3,3,4.5
91,129,65,99,44.5985281604161,0.140883243603458,3,3,3
91,129,80,99,243.690889754096,0.0257834230632086,3,3,3.96862696659689
91,129,87,119,44.5985281604161,0.140883243603458,3,3,3
91,129,87,123,54.5890104579478,0.115099820540249,3,3,4.5
91,129,99,116,243.690889754096,0.0257834230632086,3,3,3.96862696659689
91,129,99,141,44.5985281604161,0.140883243603458,3,3,3
91,129,116,141,54.5890104579478,0.115099820540249,3,3,4.5
91,129,119,123,-243.690889754096,-0.0257834230632086,3,3,3.96862696659689
91,129,119,158,243.690889754096,0.0257834230632086,3,3,3.96862696659689
92,102,40,60,-54.5890104579478,-0.115099820540249,3,3,4.5
92,102,40,66,243.690889754096,0.0257834230632086,3,3,3.96862696659689
92,102,48,66,-243.690889754096,-0.0257834230632086,3,3,3.96862696659689
92,102,48,80,54.5890104579478,0.115099820540249,3,3,4.5
92,102,60,66,44.5985281604161,0.140883243603458,3,3,3
92,102,60,90,-243.690889754096,-0.0257834230632086,3,3,3.96862696659689
92,102,66,80,44.5985281604161,0.140883243603458,3,3,3
92,102,80,116,243.690889754096,0.0257834230632086,3,3,3.96862696659689
92,102,90,122,243.690889754096,0.0257834230632086,3,3,3.96862696659689
92,102,116,142,-243.690889754096,-0.0257834230632086,3,3,3.96862696659689
92,102,122,130,44.5985281604161,0.140883243603458,3,3,3
92,102,130,142,44.5985281604161,0.140883243603458,3,3,3
92,122,60,62,54.5890104579478,0.115099820540249,3,3,4.5
92,122,60,66,-243.690889754096,-0.0257834230632086,3,3,3.96862696659689
92,122,60,90,44.5985281604161,0.140883243603458,3,3,3
92,122,62,90,243.690889754096,0.0257834230632086,3,3,3.96862696659689
92,122,66,102,243.690889754096,0.0257834230632086,3,3,3.96862696659689
92,122,90,94,243.690889754096,0.0257834230632086,3,3,3.96862696659689
92,122,90,124,44.5985281604161,0.140883243603458,3,3,3
92,122,94,124,54.5890104579478,0.115099820540249,3,3,4.5
92,122,102,130,44.5985281604161,0.140883243603458,3,3,3
92,122,102,142,54.5890104579478,0.115099820540249,3,3,4.5
92,122,124,159,243.690889754096,0.0257834230632086,3,3,3.96862696659689
92,122,130,142,-243.690889754096,-0.0257834230632086,3,3,3.96862696659689
92,130,60,66,243.690889754096,0.0257834230632086,3,3,3.96862696659689
92,130,60,90,243.690889754096,0.0257834230632086,3,3,3.96862696659689
92,130,66,80,54.5890104579478,0.115099820540249,3,3,4.5
92,130,66,102,44.5985281604161,0.140883243603458,3,3,3
92,130,80,102,243.690889754096,0.0257834230632086,3,3,3.96862696659689
92,130,90,122,44.5985281604161,0.140883243603458,3,3,3
92,130,90,124,54.5890104579478,0.115099820540249,3,3,4.5
92,130,102,116,243.690889754096,0.0257834230632086,3,3,3.96862696659689
92,130,102,142,44.5985281604161,0.140883243603458,3,3,3
92,130,116,142,54.5890104579478,0.115099820540249,3,3,4.5
92,130,122,124,-243.690889754096,-0.0257834230632086,3,3,3.96862696659689
92,130,122,159,243.690889754096,0.0257834230632086,3,3,3.96862696659689
93,104,42,61,-54.5890104579478,-0.115099820540249,3,3,4.5
93,104,42,70,243.690889754096,0.0257834230632086,3,3,3.96862696659689
93,104,53,70,-243.690889754096,-0.0257834230632086,3,3,3.96862696659689
93,104,53,85,54.5890104579478,0.115099820540249,3,3,4.5
93,104,61,70,44.5985281604161,0.140883243603458,3,3,3
93,104,61,87,-243.690889754096,-0.0257834230632086,3,3,3.96862696659689
93,104,70,85,44.5985281604161,0.140883243603458,3,3,3
93,104,85,125,243.690889754096,0.0257834230632086,3,3,3.96862696659689
93,104,87,123,243.690889754096,0.0257834230632086,3,3,3.96862696659689
93,104,123,131,44.5985281604161,0.140883243603458,3,3,3
93,104,125,146,-243.690889754096,-0.0257834230632086,3,3,3.96862696659689
93,104,131,146,44.5985281604161,0.140883243603458,3,3,3
93,123,59,61,-54.5890104579478,-0.115099820540249,3,3,4.5
93,123,59,87,243.690889754096,0.0257834230632086,3,3,3.96862696659689
93,123,61,70,-243.690889754096,-0.0257834230632086,3,3,3.96862696659689
93,123,61,87,44.5985281604161,0.140883243603458,3,3,3
93,123,70,104,243.690889754096,0.0257834230632086,3,3,3.96862696659689
93,123,87,91,243.690889754096,0.0257834230632086,3,3,3.96862696659689
93,123,87,119,44.5985281604161,0.140883243603458,3,3,3
93,123,91,119,54.5890104579478,0.115099820540249,3,3,4.5
93,123,104,131,44.5985281604161,0.140883243603458,3,3,3
93,123,104,146,54.5890104579478,0.115099820540249,3,3,4.5
93,123,119,158,243.690889754096,0.0257834230632086,3,3,3.96862696659689
93,123,131,146,-243.690889754096,-0.0257834230632086,3,3,3.96862696659689
93,131,61,70,243.690889754096,0.0257834230632086,3,3,3.96862696659689
93,131,61,87,243.690889754096,0.0257834230632086,3,3,3.96862696659689
93,131,70,85,54.5890104579478,0.115099820540249,3,3,4.5
93,131,70,104,44.5985281604161,0.140883243603458,3,3,3
93,131,85,104,243.690889754096,0.0257834230632086,3,3,3.96862696659689
93,131,87,119,54.5890104579478,0.115099820540249,3,3,4.5
93,131,87,123,44.5985281604161,0.140883243603458,3,3,3
93,131,104,125,243.690889754096,0.0257834230632086,3,3,3.96862696659689
93,131,104,146,44.5985281604161,0.140883243603458,3,3,3
93,131,119,123,243.690889754096,0.0257834230632086,3,3,3.96862696659689
93,131,123,158,243.690889754096,0.0257834230632086,3,3,3.96862696659689
93,131,125,146,54.5890104579478,0.115099820540249,3,3,4.5
94,107,43,62,-54.5890104579478,-0.115099820540249,3,3,4.5
94,107,43,71,243.690889754096,0.0257834230632086,3,3,3.96862696659689
94,107,56,71,-243.690889754096,-0.0257834230632086,3,3,3.96862696659689
94,107,56,86,54.5890104579478,0.115099820540249,3,3,4.5
94,107,62,71,44.5985281604161,0.140883243603458,3,3,3
94,107,62,90,-243.690889754096,-0.0257834230632086,3,3,3.96862696659689
94,107,71,86,44.5985281604161,0.140883243603458,3,3,3
94,107,86,126,243.690889754096,0.0257834230632086,3,3,3.96862696659689
94,107,90,124,243.690889754096,0.0257834230632086,3,3,3.96862696659689
94,107,124,132,44.5985281604161,0.140883243603458,3,3,3
94,107,126,149,-243.690889754096,-0.0257834230632086,3,3,3.96862696659689
94,107,132,149,44.5985281604161,0.140883243603458,3,3,3
94,124,60,62,-54.5890104579478,-0.115099820540249,3,3,4.5
94,124,60,90,243.690889754096,0.0257834230632086,3,3,3.96862696659689
94,124,62,71,-243.690889754096,-0.0257834230632086,3,3,3.96862696659689
94,124,62,90,44.5985281604161,0.140883243603458,3,3,3
94,124,71,107,243.690889754096,0.0257834230632086,3,3,3.96862696659689
94,124,90,92,243.690889754096,0.0257834230632086,3,3,3.96862696659689
94,124,90,122,44.5985281604161,0.140883243603458,3,3,3
94,124,92,122,54.5890104579478,0.115099820540249,3,3,4.5
94,124,107,132,44.5985281604161,0.140883243603458,3,3,3
94,124,107,149,54.5890104579478,0.115099820540249,3,3,4.5
94,124,122,159,243.690889754096,0.0257834230632086,3,3,3.96862696659689
94,124,132,149,-243.690889754096,-0.0257834230632086,3,3,3.96862696659689
94,132,62,71,243.690889754096,0.0257834230632086,3,3,3.96862696659689
94,132,62,90,243.690889754096,0.0257834230632086,3,3,3.96862696659689
94,132,71,86,54.5890104579478,0.115099820540249,3,3,4.5
94,132,71,107,44.5985281604161,0.140883243603458,3,3,3
94,132,86,107,243.690889754096,0.0257834230632086,3,3,3.96862696659689
94,132,90,122,54.5890104579478,0.115099820540249,3,3,4.5
94,132,90,124,44.5985281604161,0.140883243603458,3,3,3
94,132,107,126,243.690889754096,0.0257834230632086,3,3,3.96862696659689
94,132,107,149,44.5985281604161,0.140883243603458,3,3,3
94,132,122,124,243.690889754096,0.0257834230632086,3,3,3.96862696659689
94,132,124,159,243.690889754096,0.0257834230632086,3,3,3.96862696659689
94,132,126,149,54.5890104579478,0.115099820540249,3,3,4.5
95,117,49,63,-54.5890104579478,-0.115099820540249,3,3,4.5
95,117,49,81,243.690889754096,0.0257834230632086,3,3,3.96862696659689
95,117,63,81,44.5985281604161,0.140883243603458,3,3,3
95,117,63,83,-243.690889754096,-0.0257834230632086,3,3,3.96862696659689
95,117,72,81,-243.690889754096,-0.0257834230632086,3,3,3.96862696659689
95,117,72,105,54.5890104579478,0.115099820540249,3,3,4.5
95,117,81,105,44.5985281604161,0.140883243603458,3,3,3
95,117,83,120,243.690889754096,0.0257834230632086,3,3,3.96862696659689
95,117,105,143,243.690889754096,0.0257834230632086,3,3,3.96862696659689
95,117,120,138,44.5985281604161,0.140883243603458,3,3,3
95,120,54,63,-54.5890104579478,-0.115099820540249,3,3,4.5
95,120,54,83,243.690889754096,0.0257834230632086,3,3,3.96862696659689
95,120,63,81,-243.690889754096,-0.0257834230632086,3,3,3.96862696659689
95,120,63,83,44.5985281604161,0.140883243603458,3,3,3
95,120,76,83,-243.690889754096,-0.0257834230632086,3,3,3.96862696659689
95,120,76,112,54.5890104579478,0.115099820540249,3,3,4.5
95,120,81,117,243.690889754096,0.0257834230632086,3,3,3.96862696659689
95,120,83,112,44.5985281604161,0.140883243603458,3,3,3
95,120,112,154,243.690889754096,0.0257834230632086,3,3,3.96862696659689
95,120,117,138,44.5985281604161,0.140883243603458,3,3,3
95,138,63,81,243.690889754096,0.0257834230632086,3,3,3.96862696659689
95,138,63,83,243.690889754096,0.0257834230632086,3,3,3.96862696659689
95,138,81,105,54.5890104579478,0.115099820540249,3,3,4.5
95,138,81,117,44.5985281604161,0.140883243603458,3,3,3
95,138,83,112,54.5890104579478,0.115099820540249,3,3,4.5
95,138,83,120,44.5985281604161,0.140883243603458,3,3,3
95,138,105,117,243.690889754096,0.0257834230632086,3,3,3.96862696659689
95,138,112,120,243.690889754096,0.0257834230632086,3,3,3.96862696659689
95,138,117,143,243.690889754096,0.0257834230632086,3,3,3.96862696659689
95,138,120,154,243.690889754096,0.0257834230632086,3,3,3.96862696659689
96,118,50,64,-54.5890104579478,-0.115099820540249,3,3,4.5
96,118,50,82,243.690889754096,0.0257834230632086,3,3,3.96862696659689
96,118,64,82,44.5985281604161,0.140883243603458,3,3,3
96,118,64,84,-243.690889754096,-0.0257834230632086,3,3,3.96862696659689
96,118,73,82,-243.690889754096,-0.0257834230632086,3,3,3.96862696659689
96,118,73,106,54.5890104579478,0.115099820540249,3,3,4.5
96,118,82,106,44.5985281604161,0.140883243603458,3,3,3
96,118,84,121,243.690889754096,0.0257834230632086,3,3,3.96862696659689
96,118,106,145,243.690889754096,0.0257834230632086,3,3,3.96862696659689
96,118,121,139,44.5985281604161,0.140883243603458,3,3,3
96,121,55,64,-54.5890104579478,-0.115099820540249,3,3,4.5
96,121,55,84,243.690889754096,0.0257834230632086,3,3,3.96862696659689
96,121,64,82,-243.690889754096,-0.0257834230632086,3,3,3.96862696659689
96,121,64,84,44.5985281604161,0.140883243603458,3,3,3
96,121,77,84,-243.690889754096,-0.0257834230632086,3,3,3.96862696659689
96,121,77,113,54.5890104579478,0.115099820540249,3,3,4.5
96,121,82,118,243.690889754096,0.0257834230632086,3,3,3.96862696659689
96,121,84,113,44.5985281604161,0.140883243603458,3,3,3
96,121,113,155,243.690889754096,0.0257834230632086,3,3,3.96862696659689
96,121,118,139,44.5985281604161,0.140883243603458,3,3,3
96,139,64,82,243.690889754096,0.0257834230632086,3,3,3.96862696659689
96,139,64,84,243.690889754096,0.0257834230632086,3,3,3.96862696659689
96,139,82,106,54.5890104579478,0.115099820540249,3,3,4.5
96,139,82,118,44.5985281604161,0.140883243603458,3,3,3
96,139,84,113,54.5890104579478,0.115099820540249,3,3,4.5
96,139,84,121,44.5985281604161,0.140883243603458,3,3,3
96,139,106,118,243.690889754096,0.0257834230632086,3,3,3.96862696659689
96,139,113,121,243.690889754096,0.0257834230632086,3,3,3.96862696659689
96,139,118,145,243.690889754096,0.0257834230632086,3,3,3.96862696659689
96,139,121,155,243.690889754096,0.0257834230632086,3,3,3.96862696659689
97,100,44,67,243.690889754096,0.0257834230632086,3,3,3.96862696659689
97,100,44,72,-54.5890104579478,-0.115099820540249,3,3,4.5
97,100,46,67,-243.690889754096,-0.0257834230632086,3,3,3.96862696659689
97,100,46,74,54.5890104579478,0.115099820540249,3,3,4.5
97,100,67,72,-44.5985281604161,-0.140883243603458,3,3,3
97,100,67,74,44.5985281604161,0.140883243603458,3,3,3
97,100,72,105,-243.690889754096,-0.0257834230632086,3,3,3.96862696659689
97,100,74,108,243.690889754096,0.0257834230632086,3,3,3.96862696659689
97,100,105,135,243.690889754096,0.0257834230632086,3,3,3.96862696659689
97,100,108,137,-243.690889754096,-0.0257834230632086,3,3,3.96862696659689
97,100,133,135,-44.5985281604161,-0.140883243603458,3,3,3
97,100,133,137,44.5985281604161,0.140883243603458,3,3,3
97,105,44,67,-54.5890104579478,-0.115099820540249,3,3,4.5
97,105,44,72,243.690889754096,0.0257834230632086,3,3,3.96862696659689
97,105,49,72,-243.690889754096,-0.0257834230632086,3,3,3.96862696659689
97,105,49,81,54.5890104579478,0.115099820540249,3,3,4.5
97,105,67,72,44.5985281604161,0.140883243603458,3,3,3
97,105,67,100,-243.690889754096,-0.0257834230632086,3,3,3.96862696659689
97,105,72,81,44.5985281604161,0.140883243603458,3,3,3
97,105,81,117,243.690889754096,0.0257834230632086,3,3,3.96862696659689
97,105,100,133,243.690889754096,0.0257834230632086,3,3,3.96862696659689
97,105,117,143,-243.690889754096,-0.0257834230632086,3,3,3.96862696659689
97,105,133,135,44.5985281604161,0.140883243603458,3,3,3
97,105,135,143,44.5985281604161,0.140883243603458,3,3,3
97,133,67,72,-243.690889754096,-0.0257834230632086,3,3,3.96862696659689
97,133,67,74,54.5890104579478,0.115099820540249,3,3,4.5
97,133,67,100,44.5985281604161,0.140883243603458,3,3,3
97,133,72,105,243.690889754096,0.0257834230632086,3,3,3.96862696659689
97,133,74,100,243.690889754096,0.0257834230632086,3,3,3.96862696659689
97,133,100,108,243.690889754096,0.0257834230632086,3,3,3.96862696659689
97,133,100,137,44.5985281604161,0.140883243603458,3,3,3
97,133,105,135,44.5985281604161,0.140883243603458,3,3,3
97,133,105,143,54.5890104579478,0.115099820540249,3,3,4.5
97,133,108,137,54.5890104579478,0.115099820540249,3,3,4.5
97,133,135,143,-243.690889754096,-0.0257834230632086,3,3,3.96862696659689
97,135,67,72,243.690889754096,0.0257834230632086,3,3,3.96862696659689
97,135,67,100,243.690889754096,0.0257834230632086,3,3,3.96862696659689
97,135,72,81,54.5890104579478,0.115099820540249,3,3,4.5
97,135,72,105,44.5985281604161,0.140883243603458,3,3,3
97,135,81,105,243.690889754096,0.0257834230632086,3,3,3.96862696659689
97,135,100,133,44.5985281604161,0.140883243603458,3,3,3
97,135,100,137,54.5890104579478,0.115099820540249,3,3,4.5
97,135,105,117,243.690889754096,0.0257834230632086,3,3,3.96862696659689
97,135,105,143,44.5985281604161,0.140883243603458,3,3,3
97,135,117,143,54.5890104579478,0.115099820540249,3,3,4.5
97,135,133,137,-243.690889754096,-0.0257834230632086,3,3,3.96862696659689
98,101,45,69,243.690889754096,0.0257834230632086,3,3,3.96862696659689
98,101,45,73,-54.5890104579478,-0.115099820540249,3,3,4.5
98,101,47,69,-243.690889754096,-0.0257834230632086,3,3,3.96862696659689
98,101,47,75,54.5890104579478,0.115099820540249,3,3,4.5
98,101,69,73,-44.5985281604161,-0.140883243603458,3,3,3
98,101,69,75,44.5985281604161,0.140883243603458,3,3,3
98,101,73,106,-243.690889754096,-0.0257834230632086,3,3,3.96862696659689
98,101,75,109,243.690889754096,0.0257834230632086,3,3,3.96862696659689
98,101,106,136,243.690889754096,0.0257834230632086,3,3,3.96862696659689
98,101,109,140,-243.690889754096,-0.0257834230632086,3,3,3.96862696659689
98,101,134,136,-44.5985281604161,-0.140883243603458,3,3,3
98,101,134,140,44.5985281604161,0.140883243603458,3,3,3
98,106,45,69,-54.5890104579478,-0.115099820540249,3,3,4.5
98,106,45,73,243.690889754096,0.0257834230632086,3,3,3.96862696659689
98,106,50,73,-243.690889754096,-0.0257834230632086,3,3,3.96862696659689
98,106,50,82,54.5890104579478,0.115099820540249,3,3,4.5
98,106,69,73,44.5985281604161,0.140883243603458,3,3,3
98,106,69,101,-243.690889754096,-0.0257834230632086,3,3,3.96862696659689
98,106,73,82,44.5985281604161,0.140883243603458,3,3,3
98,106,82,118,243.690889754096,0.0257834230632086,3,3,3.96862696659689
98,106,101,134,243.690889754096,0.0257834230632086,3,3,3.96862696659689
98,106,118,145,-243.690889754096,-0.0257834230632086,3,3,3.96862696659689
98,106,134,136,44.5985281604161,0.140883243603458,3,3,3
98,106,136,145,44.5985281604161,0.140883243603458,3,3,3
98,134,69,73,-243.690889754096,-0.0257834230632086,3,3,3.96862696659689
98,134,69,75,54.5890104579478,0.115099820540249,3,3,4.5
98,134,69,101,44.5985281604161,0.140883243603458,3,3,3
98,134,73,106,243.690889754096,0.0257834230632086,3,3,3.96862696659689
98,134,75,101,243.690889754096,0.0257834230632086,3,3,3.96862696659689
98,134,101,109,243.690889754096,0.0257834230632086,3,3,3.96862696659689
98,134,101,140,44.5985281604161,0.140883243603458,3,3,3
98,134,106,136,44.5985281604161,0.140883243603458,3,3,3
98,134,106,145,54.5890104579478,0.115099820540249,3,3,4.5
98,134,109,140,54.5890104579478,0.115099820540249,3,3,4.5
98,134,136,145,-243.690889754096,-0.0257834230632086,3,3,3.96862696659689
98,136,69,73,243.690889754096,0.0257834230632086,3,3,3.96862696659689
98,136,69,101,243.690889754096,0.0257834230632086,3,3,3.96862696659689
98,136,73,82,54.5890104579478,0.115099820540249,3,3,4.5
98,136,73,106,44.5985281604161,0.140883243603458,3,3,3
98,136,82,106,243.690889754096,0.0257834230632086,3,3,3.96862696659689
98,136,101,134,44.5985281604161,0.140883243603458,3,3,3
98,136,101,140,54.5890104579478,0.115099820540249,3,3,4.5
98,136,106,118,243.690889754096,0.0257834230632086,3,3,3.96862696659689
98,136,106,145,44.5985281604161,0.140883243603458,3,3,3
98,136,118,145,54.5890104579478,0.115099820540249,3,3,4.5
98,136,134,140,-243.690889754096,-0.0257834230632086,3,3,3.96862696659689
99,116,48,65,-54.5890104579478,-0.115099820540249,3,3,4.5
99,116,48,80,243.690889754096,0.0257834230632086,3,3,3.96862696659689
99,116,65,80,44.5985281604161,0.140883243603458,3,3,3
99,116,65,91,-243.690889754096,-0.0257834230632086,3,3,3.96862696659689
99,116,66,80,-243.690889754096,-0.0257834230632086,3,3,3.96862696659689
99,116,66,102,54.5890104579478,0.115099820540249,3,3,4.5
99,116,80,102,44.5985281604161,0.140883243603458,3,3,3
99,116,91,129,243.690889754096,0.0257834230632086,3,3,3.96862696659689
99,116,102,142,243.690889754096,0.0257834230632086,3,3,3.96862696659689
99,116,129,141,44.5985281604161,0.140883243603458,3,3,3
99,116,141,160,44.5985281604161,0.140883243603458,3,3,3
99,116,142,160,-243.690889754096,-0.0257834230632086,3,3,3.96862696659689
99,129,59,65,-54.5890104579478,-0.115099820540249,3,3,4.5
99,129,59,91,243.690889754096,0.0257834230632086,3,3,3.96862696659689
99,129,65,80,-243.690889754096,-0.0257834230632086,3,3,3.96862696659689
99,129,65,91,44.5985281604161,0.140883243603458,3,3,3
99,129,80,116,243.690889754096,0.0257834230632086,3,3,3.96862696659689
99,129,87,91,-243.690889754096,-0.0257834230632086,3,3,3.96862696659689
99,129,87,119,54.5890104579478,0.115099820540249,3,3,4.5
99,129,91,119,44.5985281604161,0.140883243603458,3,3,3
99,129,116,141,44.5985281604161,0.140883243603458,3,3,3
99,129,116,160,54.5890104579478,0.115099820540249,3,3,4.5
99,129,141,160,-243.690889754096,-0.0257834230632086,3,3,3.96862696659689
99,141,65,80,243.690889754096,0.0257834230632086,3,3,3.96862696659689
99,141,65,91,243.690889754096,0.0257834230632086,3,3,3.96862696659689
99,141,80,102,54.5890104579478,0.115099820540249,3,3,4.5
99,141,80,116,44.5985281604161,0.140883243603458,3,3,3
99,141,91,119,54.5890104579478,0.115099820540249,3,3,4.5
99,141,91,129,44.5985281604161,0.140883243603458,3,3,3
99,141,102,116,243.690889754096,0.0257834230632086,3,3,3.96862696659689
99,141,116,142,243.690889754096,0.0257834230632086,3,3,3.96862696659689
99,141,116,160,44.5985281604161,0.140883243603458,3,3,3
99,141,119,129,243.690889754096,0.0257834230632086,3,3,3.96862696659689
99,141,142,160,54.5890104579478,0.115099820540249,3,3,4.5
100,108,46,67,-54.5890104579478,-0.115099820540249,3,3,4.5
100,108,46,74,243.690889754096,0.0257834230632086,3,3,3.96862696659689
100,108,53,74,-243.690889754096,-0.0257834230632086,3,3,3.96862696659689
100,108,53,85,54.5890104579478,0.115099820540249,3,3,4.5
100,108,67,74,44.5985281604161,0.140883243603458,3,3,3
100,108,67,97,-243.690889754096,-0.0257834230632086,3,3,3.96862696659689
100,108,74,85,44.5985281604161,0.140883243603458,3,3,3
100,108,85,125,243.690889754096,0.0257834230632086,3,3,3.96862696659689
100,108,97,133,243.690889754096,0.0257834230632086,3,3,3.96862696659689
100,108,125,152,-243.690889754096,-0.0257834230632086,3,3,3.96862696659689
100,108,133,137,44.5985281604161,0.140883243603458,3,3,3
100,108,137,152,44.5985281604161,0.140883243603458,3,3,3
100,133,67,72,54.5890104579478,0.115099820540249,3,3,4.5
100,133,67,74,-243.690889754096,-0.0257834230632086,3,3,3.96862696659689
100,133,67,97,44.5985281604161,0.140883243603458,3,3,3
100,133,72,97,243.690889754096,0.0257834230632086,3,3,3.96862696659689
100,133,74,108,243.690889754096,0.0257834230632086,3,3,3.96862696659689
100,133,97,105,243.690889754096,0.0257834230632086,3,3,3.96862696659689
100,133,97,135,44.5985281604161,0.140883243603458,3,3,3
100,133,105,135,54.5890104579478,0.115099820540249,3,3,4.5
100,133,108,137,44.5985281604161,0.140883243603458,3,3,3
100,133,108,152,54.5890104579478,0.115099820540249,3,3,4.5
100,133,137,152,-243.690889754096,-0.0257834230632086,3,3,3.96862696659689
100,137,67,74,243.690889754096,0.0257834230632086,3,3,3.96862696659689
100,137,67,97,243.690889754096,0.0257834230632086,3,3,3.96862696659689
100,137,74,85,54.5890104579478,0.115099820540249,3,3,4.5
100,137,74,108,44.5985281604161,0.140883243603458,3,3,3
100,137,85,108,243.690889754096,0.0257834230632086,3,3,3.96862696659689
100,137,97,133,44.5985281604161,0.140883243603458,3,3,3
100,137,97,135,54.5890104579478,0.115099820540249,3,3,4.5
100,137,108,125,243.690889754096,0.0257834230632086,3,3,3.96862696659689
100,137,108,152,44.5985281604161,0.140883243603458,3,3,3
100,137,125,152,54.5890104579478,0.115099820540249,3,3,4.5
100,137,133,135,-243.690889754096,-0.0257834230632086,3,3,3.96862696659689
101,109,47,69,-54.5890104579478,-0.115099820540249,3,3,4.5
101,109,47,75,243.690889754096,0.0257834230632086,3,3,3.96862696659689
101,109,56,75,-243.690889754096,-0.0257834230632086,3,3,3.96862696659689
101,109,56,86,54.5890104579478,0.115099820540249,3,3,4.5
101,109,69,75,44.5985281604161,0.140883243603458,3,3,3
101,109,69,98,-243.690889754096,-0.0257834230632086,3,3,3.96862696659689
101,109,75,86,44.5985281604161,0.140883243603458,3,3,3
101,109,86,126,243.690889754096,0.0257834230632086,3,3,3.96862696659689
101,109,98,134,243.690889754096,0.0257834230632086,3,3,3.96862696659689
101,109,126,153,-243.690889754096,-0.0257834230632086,3,3,3.96862696659689
101,109,134,140,44.5985281604161,0.140883243603458,3,3,3
101,109,140,153,44.5985281604161,0.140883243603458,3,3,3
101,134,69,73,54.5890104579478,0.115099820540249,3,3,4.5
101,134,69,75,-243.690889754096,-0.0257834230632086,3,3,3.96862696659689
101,134,69,98,44.5985281604161,0.140883243603458,3,3,3
101,134,73,98,243.690889754096,0.0257834230632086,3,3,3.96862696659689
101,134,75,109,243.690889754096,0.0257834230632086,3,3,3.96862696659689
101,134,98,106,243.690889754096,0.0257834230632086,3,3,3.96862696659689
101,134,98,136,44.5985281604161,0.140883243603458,3,3,3
101,134,106,136,54.5890104579478,0.115099820540249,3,3,4.5
101,134,109,140,44.5985281604161,0.140883243603458,3,3,3
101,134,109,153,54.5890104579478,0.115099820540249,3,3,4.5
101,134,140,153,-243.690889754096,-0.0257834230632086,3,3,3.96862696659689
101,140,69,75,243.690889754096,0.0257834230632086,3,3,3.96862696659689
101,140,69,98,243.690889754096,0.0257834230632086,3,3,3.96862696659689
101,140,75,86,54.5890104579478,0.115099820540249,3,3,4.5
101,140,75,109,44.5985281604161,0.140883243603458,3,3,3
101,140,86,109,243.690889754096,0.0257834230632086,3,3,3.96862696659689
101,140,98,134,44.5985281604161,0.140883243603458,3,3,3
101,140,98,136,54.5890104579478,0.115099820540249,3,3,4.5
101,140,109,126,243.690889754096,0.0257834230632086,3,3,3.96862696659689
101,140,109,153,44.5985281604161,0.140883243603458,3,3,3
101,140,126,153,54.5890104579478,0.115099820540249,3,3,4.5
101,140,134,136,-243.690889754096,-0.0257834230632086,3,3,3.96862696659689
102,116,48,66,-54.5890104579478,-0.115099820540249,3,3,4.5
102,116,48,80,243.690889754096,0.0257834230632086,3,3,3.96862696659689
102,116,65,80,-243.690889754096,-0.0257834230632086,3,3,3.96862696659689
102,116,65,99,54.5890104579478,0.115099820540249,3,3,4.5
102,116,66,80,44.5985281604161,0.140883243603458,3,3,3
102,116,66,92,-243.690889754096,-0.0257834230632086,3,3,3.96862696659689
102,116,80,99,44.5985281604161,0.140883243603458,3,3,3
102,116,92,130,243.690889754096,0.0257834230632086,3,3,3.96862696659689
102,116,99,141,243.690889754096,0.0257834230632086,3,3,3.96862696659689
102,116,130,142,44.5985281604161,0.140883243603458,3,3,3
102,116,141,160,-243.690889754096,-0.0257834230632086,3,3,3.96862696659689
102,116,142,160,44.5985281604161,0.140883243603458,3,3,3
102,130,60,66,-54.5890104579478,-0.115099820540249,3,3,4.5
102,130,60,92,243.690889754096,0.0257834230632086,3,3,3.96862696659689
102,130,66,80,-243.690889754096,-0.0257834230632086,3,3,3.96862696659689
102,130,66,92,44.5985281604161,0.140883243603458,3,3,3
102,130,80,116,243.690889754096,0.0257834230632086,3,3,3.96862696659689
102,130,90,92,-243.690889754096,-0.0257834230632086,3,3,3.96862696659689
102,130,90,122,54.5890104579478,0.115099820540249,3,3,4.5
102,130,92,122,44.5985281604161,0.140883243603458,3,3,3
102,130,116,142,44.5985281604161,0.140883243603458,3,3,3
102,130,116,160,54.5890104579478,0.115099820540249,3,3,4.5
102,130,142,160,-243.690889754096,-0.0257834230632086,3,3,3.96862696659689
102,142,66,80,243.690889754096,0.0257834230632086,3,3,3.96862696659689
102,142,66,92,243.690889754096,0.0257834230632086,3,3,3.96862696659689
102,142,80,99,54.5890104579478,0.115099820540249,3,3,4.5
102,142,80,116,44.5985281604161,0.140883243603458,3,3,3
102,142,92,122,54.5890104579478,0.115099820540249,3,3,4.5
102,142,92,130,44.5985281604161,0.140883243603458,3,3,3
102,142,99,116,243.690889754096,0.0257834230632086,3,3,3.96862696659689
102,142,116,141,243.690889754096,0.0257834230632086,3,3,3.96862696659689
102,142,116,160,44.5985281604161,0.140883243603458,3,3,3
102,142,122,130,243.690889754096,0.0257834230632086,3,3,3.96862696659689
102,142,141,160,54.5890104579478,0.115099820540249,3,3,4.5
103,127,57,68,-54.5890104579478,-0.115099820540249,3,3,4.5
103,127,57,88,243.690889754096,0.0257834230632086,3,3,3.96862696659689
103,127,68,88,44.5985281604161,0.140883243603458,3,3,3
103,127,68,89,-243.690889754096,-0.0257834230632086,3,3,3.96862696659689
103,127,78,88,-243.690889754096,-0.0257834230632086,3,3,3.96862696659689
103,127,78,114,54.5890104579478,0.115099820540249,3,3,4.5
103,127,88,114,44.5985281604161,0.140883243603458,3,3,3
103,127,89,128,243.690889754096,0.0257834230632086,3,3,3.96862696659689
103,127,114,156,243.690889754096,0.0257834230632086,3,3,3.96862696659689
103,127,128,144,44.5985281604161,0.140883243603458,3,3,3
103,128,58,68,-54.5890104579478,-0.115099820540249,3,3,4.5
103,128,58,89,243.690889754096,0.0257834230632086,3,3,3.96862696659689
103,128,68,88,-243.690889754096,-0.0257834230632086,3,3,3.96862696659689
103,128,68,89,44.5985281604161,0.140883243603458,3,3,3
103,128,79,89,-243.690889754096,-0.0257834230632086,3,3,3.96862696659689
103,128,79,115,54.5890104579478,0.115099820540249,3,3,4.5
103,128,88,127,243.690889754096,0.0257834230632086,3,3,3.96862696659689
103,128,89,115,44.5985281604161,0.140883243603458,3,3,3
103,128,115,157,243.690889754096,0.0257834230632086,3,3,3.96862696659689
103,128,127,144,44.5985281604161,0.140883243603458,3,3,3
103,144,68,88,243.690889754096,0.0257834230632086,3,3,3.96862696659689
103,144,68,89,243.690889754096,0.0257834230632086,3,3,3.96862696659689
103,144,88,114,54.5890104579478,0.115099820540249,3,3,4.5
103,144,88,127,44.5985281604161,0.140883243603458,3,3,3
103,144,89,115,54.5890104579478,0.115099820540249,3,3,4.5
103,144,89,128,44.5985281604161,0.140883243603458,3,3,3
103,144,114,127,243.690889754096,0.0257834230632086,3,3,3.96862696659689
103,144,115,128,243.690889754096,0.0257834230632086,3,3,3.96862696659689
103,144,127,156,243.690889754096,0.0257834230632086,3,3,3.96862696659689
103,144,128,157,243.690889754096,0.0257834230632086,3,3,3.96862696659689
104,125,53,70,-54.5890104579478,-0.115099820540249,3,3,4.5
104,125,53,85,243.690889754096,0.0257834230632086,3,3,3.96862696659689
104,125,70,85,44.5985281604161,0.140883243603458,3,3,3
104,125,70,93,-243.690889754096,-0.0257834230632086,3,3,3.96862696659689
104,125,74,85,-243.690889754096,-0.0257834230632086,3,3,3.96862696659689
104,125,74,108,54.5890104579478,0.115099820540249,3,3,4.5
104,125,85,108,44.5985281604161,0.140883243603458,3,3,3
104,125,93,131,243.690889754096,0.0257834230632086,3,3,3.96862696659689
104,125,108,152,243.690889754096,0.0257834230632086,3,3,3.96862696659689
104,125,131,146,44.5985281604161,0.140883243603458,3,3,3
104,131,61,70,-54.5890104579478,-0.115099820540249,3,3,4.5
104,131,61,93,243.690889754096,0.0257834230632086,3,3,3.96862696659689
104,131,70,85,-243.690889754096,-0.0257834230632086,3,3,3.96862696659689
104,131,70,93,44.5985281604161,0.140883243603458,3,3,3
104,131,85,125,243.690889754096,0.0257834230632086,3,3,3.96862696659689
104,131,87,93,-243.690889754096,-0.0257834230632086,3,3,3.96862696659689
104,131,87,123,54.5890104579478,0.115099820540249,3,3,4.5
104,131,93,123,44.5985281604161,0.140883243603458,3,3,3
104,131,125,146,44.5985281604161,0.140883243603458,3,3,3
104,146,70,85,243.690889754096,0.0257834230632086,3,3,3.96862696659689
104,146,70,93,243.690889754096,0.0257834230632086,3,3,3.96862696659689
104,146,85,108,54.5890104579478,0.115099820540249,3,3,4.5
104,146,85,125,44.5985281604161,0.140883243603458,3,3,3
104,146,93,123,54.5890104579478,0.115099820540249,3,3,4.5
104,146,93,131,44.5985281604161,0.140883243603458,3,3,3
104,146,108,125,243.690889754096,0.0257834230632086,3,3,3.96862696659689
104,146,123,131,243.690889754096,0.0257834230632086,3,3,3.96862696659689
104,146,125,152,243.690889754096,0.0257834230632086,3,3,3.96862696659689
105,117,49,72,-54.5890104579478,-0.115099820540249,3,3,4.5
105,117,49,81,243.690889754096,0.0257834230632086,3,3,3.96862696659689
105,117,63,81,-243.690889754096,-0.0257834230632086,3,3,3.96862696659689
105,117,63,95,54.5890104579478,0.115099820540249,3,3,4.5
105,117,72,81,44.5985281604161,0.140883243603458,3,3,3
105,117,72,97,-243.690889754096,-0.0257834230632086,3,3,3.96862696659689
105,117,81,95,44.5985281604161,0.140883243603458,3,3,3
105,117,95,138,243.690889754096,0.0257834230632086,3,3,3.96862696659689
105,117,97,135,243.690889754096,0.0257834230632086,3,3,3.96862696659689
105,117,135,143,44.5985281604161,0.140883243603458,3,3,3
105,135,67,72,-54.5890104579478,-0.115099820540249,3,3,4.5
105,135,67,97,243.690889754096,0.0257834230632086,3,3,3.96862696659689
105,135,72,81,-243.690889754096,-0.0257834230632086,3,3,3.96862696659689
105,135,72,97,44.5985281604161,0.140883243603458,3,3,3
105,135,81,117,243.690889754096,0.0257834230632086,3,3,3.96862696659689
105,135,97,100,243.690889754096,0.0257834230632086,3,3,3.96862696659689
105,135,97,133,44.5985281604161,0.140883243603458,3,3,3
105,135,100,133,54.5890104579478,0.115099820540249,3,3,4.5
105,135,117,143,44.5985281604161,0.140883243603458,3,3,3
105,143,72,81,243.690889754096,0.0257834230632086,3,3,3.96862696659689
105,143,72,97,243.690889754096,0.0257834230632086,3,3,3.96862696659689
105,143,81,95,54.5890104579478,0.115099820540249,3,3,4.5
105,143,81,117,44.5985281604161,0.140883243603458,3,3,3
105,143,95,117,243.690889754096,0.0257834230632086,3,3,3.96862696659689
105,143,97,133,54.5890104579478,0.115099820540249,3,3,4.5
105,143,97,135,44.5985281604161,0.140883243603458,3,3,3
105,143,117,138,243.690889754096,0.0257834230632086,3,3,3.96862696659689
105,143,133,135,243.690889754096,0.0257834230632086,3,3,3.96862696659689
106,118,50,73,-54.5890104579478,-0.115099820540249,3,3,4.5
106,118,50,82,243.690889754096,0.0257834230632086,3,3,3.96862696659689
106,118,64,82,-243.690889754096,-0.0257834230632086,3,3,3.96862696659689
106,118,64,96,54.5890104579478,0.115099820540249,3,3,4.5
106,118,73,82,44.5985281604161,0.140883243603458,3,3,3
106,118,73,98,-243.690889754096,-0.0257834230632086,3,3,3.96862696659689
106,118,82,96,44.5985281604161,0.140883243603458,3,3,3
106,118,96,139,243.690889754096,0.0257834230632086,3,3,3.96862696659689
106,118,98,136,243.690889754096,0.0257834230632086,3,3,3.96862696659689
106,118,136,145,44.5985281604161,0.140883243603458,3,3,3
106,136,69,73,-54.5890104579478,-0.115099820540249,3,3,4.5
106,136,69,98,243.690889754096,0.0257834230632086,3,3,3.96862696659689
106,136,73,82,-243.690889754096,-0.0257834230632086,3,3,3.96862696659689
106,136,73,98,44.5985281604161,0.140883243603458,3,3,3
106,136,82,118,243.690889754096,0.0257834230632086,3,3,3.96862696659689
106,136,98,101,243.690889754096,0.0257834230632086,3,3,3.96862696659689
106,136,98,134,44.5985281604161,0.140883243603458,3,3,3
106,136,101,134,54.5890104579478,0.115099820540249,3,3,4.5
106,136,118,145,44.5985281604161,0.140883243603458,3,3,3
106,145,73,82,243.690889754096,0.0257834230632086,3,3,3.96862696659689
106,145,73,98,243.690889754096,0.0257834230632086,3,3,3.96862696659689
106,145,82,96,54.5890104579478,0.115099820540249,3,3,4.5
106,145,82,118,44.5985281604161,0.140883243603458,3,3,3
106,145,96,118,243.690889754096,0.0257834230632086,3,3,3.96862696659689
106,145,98,134,54.5890104579478,0.115099820540249,3,3,4.5
106,145,98,136,44.5985281604161,0.140883243603458,3,3,3
106,145,118,139,243.690889754096,0.0257834230632086,3,3,3.96862696659689
106,145,134,136,243.690889754096,0.0257834230632086,3,3,3.96862696659689
107,126,56,71,-54.5890104579478,-0.115099820540249,3,3,4.5
107,126,56,86,243.690889754096,0.0257834230632086,3,3,3.96862696659689
107,126,71,86,44.5985281604161,0.140883243603458,3,3,3
107,126,71,94,-243.690889754096,-0.0257834230632086,3,3,3.96862696659689
107,126,75,86,-243.690889754096,-0.0257834230632086,3,3,3.96862696659689
107,126,75,109,54.5890104579478,0.115099820540249,3,3,4.5
107,126,86,109,44.5985281604161,0.140883243603458,3,3,3
107,126,94,132,243.690889754096,0.0257834230632086,3,3,3.96862696659689
107,126,109,153,243.690889754096,0.0257834230632086,3,3,3.96862696659689
107,126,132,149,44.5985281604161,0.140883243603458,3,3,3
107,132,62,71,-54.5890104579478,-0.115099820540249,3,3,4.5
107,132,62,94,243.690889754096,0.0257834230632086,3,3,3.96862696659689
107,132,71,86,-243.690889754096,-0.0257834230632086,3,3,3.96862696659689
107,132,71,94,44.5985281604161,0.140883243603458,3,3,3
107,132,86,126,243.690889754096,0.0257834230632086,3,3,3.96862696659689
107,132,90,94,-243.690889754096,-0.0257834230632086,3,3,3.96862696659689
107,132,90,124,54.5890104579478,0.115099820540249,3,3,4.5
107,132,94,124,44.5985281604161,0.140883243603458,3,3,3
107,132,126,149,44.5985281604161,0.140883243603458,3,3,3
107,149,71,86,243.690889754096,0.0257834230632086,3,3,3.96862696659689
107,149,71,94,243.690889754096,0.0257834230632086,3,3,3.96862696659689
107,149,86,109,54.5890104579478,0.115099820540249,3,3,4.5
107,149,86,126,44.5985281604161,0.140883243603458,3,3,3
107,149,94,124,54.5890104579478,0.115099820540249,3,3,4.5
107,149,94,132,44.5985281604161,0.140883243603458,3,3,3
107,149,109,126,243.690889754096,0.0257834230632086,3,3,3.96862696659689
107,149,124,132,243.690889754096,0.0257834230632086,3,3,3.96862696659689
107,149,126,153,243.690889754096,0.0257834230632086,3,3,3.96862696659689
108,125,53,74,-54.5890104579478,-0.115099820540249,3,3,4.5
108,125,53,85,243.690889754096,0.0257834230632086,3,3,3.96862696659689
108,125,70,85,-243.690889754096,-0.0257834230632086,3,3,3.96862696659689
108,125,70,104,54.5890104579478,0.115099820540249,3,3,4.5
108,125,74,85,44.5985281604161,0.140883243603458,3,3,3
108,125,74,100,-243.690889754096,-0.0257834230632086,3,3,3.96862696659689
108,125,85,104,44.5985281604161,0.140883243603458,3,3,3
108,125,100,137,243.690889754096,0.0257834230632086,3,3,3.96862696659689
108,125,104,146,243.690889754096,0.0257834230632086,3,3,3.96862696659689
108,125,137,152,44.5985281604161,0.140883243603458,3,3,3
108,137,67,74,-54.5890104579478,-0.115099820540249,3,3,4.5
108,137,67,100,243.690889754096,0.0257834230632086,3,3,3.96862696659689
108,137,74,85,-243.690889754096,-0.0257834230632086,3,3,3.96862696659689
108,137,74,100,44.5985281604161,0.140883243603458,3,3,3
108,137,85,125,243.690889754096,0.0257834230632086,3,3,3.96862696659689
108,137,97,100,-243.690889754096,-0.0257834230632086,3,3,3.96862696659689
108,137,97,133,54.5890104579478,0.115099820540249,3,3,4.5
108,137,100,133,44.5985281604161,0.140883243603458,3,3,3
108,137,125,152,44.5985281604161,0.140883243603458,3,3,3
108,152,74,85,243.690889754096,0.0257834230632086,3,3,3.96862696659689
108,152,74,100,243.690889754096,0.0257834230632086,3,3,3.96862696659689
108,152,85,104,54.5890104579478,0.115099820540249,3,3,4.5
108,152,85,125,44.5985281604161,0.140883243603458,3,3,3
108,152,100,133,54.5890104579478,0.115099820540249,3,3,4.5
108,152,100,137,44.5985281604161,0.140883243603458,3,3,3
108,152,104,125,243.690889754096,0.0257834230632086,3,3,3.96862696659689
108,152,125,146,243.690889754096,0.0257834230632086,3,3,3.96862696659689
108,152,133,137,243.690889754096,0.0257834230632086,3,3,3.96862696659689
109,126,56,75,-54.5890104579478,-0.115099820540249,3,3,4.5
109,126,56,86,243.690889754096,0.0257834230632086,3,3,3.96862696659689
109,126,71,86,-243.690889754096,-0.0257834230632086,3,3,3.96862696659689
109,126,71,107,54.5890104579478,0.115099820540249,3,3,4.5
109,126,75,86,44.5985281604161,0.140883243603458,3,3,3
109,126,75,101,-243.690889754096,-0.0257834230632086,3,3,3.96862696659689
109,126,86,107,44.5985281604161,0.140883243603458,3,3,3
109,126,101,140,243.690889754096,0.0257834230632086,3,3,3.96862696659689
109,126,107,149,243.690889754096,0.0257834230632086,3,3,3.96862696659689
109,126,140,153,44.5985281604161,0.140883243603458,3,3,3
109,140,69,75,-54.5890104579478,-0.115099820540249,3,3,4.5
109,140,69,101,243.690889754096,0.0257834230632086,3,3,3.96862696659689
109,140,75,86,-243.690889754096,-0.0257834230632086,3,3,3.96862696659689
109,140,75,101,44.5985281604161,0.140883243603458,3,3,3
109,140,86,126,243.690889754096,0.0257834230632086,3,3,3.96862696659689
109,140,98,101,-243.690889754096,-0.0257834230632086,3,3,3.96862696659689
109,140,98,134,54.5890104579478,0.115099820540249,3,3,4.5
109,140,101,134,44.5985281604161,0.140883243603458,3,3,3
109,140,126,153,44.5985281604161,0.140883243603458,3,3,3
109,153,75,86,243.690889754096,0.0257834230632086,3,3,3.96862696659689
109,153,75,101,243.690889754096,0.0257834230632086,3,3,3.96862696659689
109,153,86,107,54.5890104579478,0.115099820540249,3,3,4.5
109,153,86,126,44.5985281604161,0.140883243603458,3,3,3
109,153,101,134,54.5890104579478,0.115099820540249,3,3,4.5
109,153,101,140,44.5985281604161,0.140883243603458,3,3,3
109,153,107,126,243.690889754096,0.0257834230632086,3,3,3.96862696659689
109,153,126,149,243.690889754096,0.0257834230632086,3,3,3.96862696659689
109,153,134,140,243.690889754096,0.0257834230632086,3,3,3.96862696659689
110,112,51,76,243.690889754096,0.0257834230632086,3,3,3.96862696659689
110,112,51,78,-54.5890104579478,-0.115099820540249,3,3,4.5
110,112,54,76,-243.690889754096,-0.0257834230632086,3,3,3.96862696659689
110,112,54,83,54.5890104579478,0.115099820540249,3,3,4.5
110,112,76,78,-44.5985281604161,-0.140883243603458,3,3,3
110,112,76,83,44.5985281604161,0.140883243603458,3,3,3
110,112,78,114,-243.690889754096,-0.0257834230632086,3,3,3.96862696659689
110,112,83,120,243.690889754096,0.0257834230632086,3,3,3.96862696659689
110,112,114,150,243.690889754096,0.0257834230632086,3,3,3.96862696659689
110,112,120,154,-243.690889754096,-0.0257834230632086,3,3,3.96862696659689
110,112,147,150,-44.5985281604161,-0.140883243603458,3,3,3
110,112,147,154,44.5985281604161,0.140883243603458,3,3,3
110,114,51,76,-54.5890104579478,-0.115099820540249,3,3,4.5
110,114,51,78,243.690889754096,0.0257834230632086,3,3,3.96862696659689
110,114,57,78,-243.690889754096,-0.0257834230632086,3,3,3.96862696659689
110,114,57,88,54.5890104579478,0.115099820540249,3,3,4.5
110,114,76,78,44.5985281604161,0.140883243603458,3,3,3
110,114,76,112,-243.690889754096,-0.0257834230632086,3,3,3.96862696659689
110,114,78,88,44.5985281604161,0.140883243603458,3,3,3
110,114,88,127,243.690889754096,0.0257834230632086,3,3,3.96862696659689
110,114,112,147,243.690889754096,0.0257834230632086,3,3,3.96862696659689
110,114,127,156,-243.690889754096,-0.0257834230632086,3,3,3.96862696659689
110,114,147,150,44.5985281604161,0.140883243603458,3,3,3
110,114,150,156,44.5985281604161,0.140883243603458,3,3,3
110,147,76,78,-243.690889754096,-0.0257834230632086,3,3,3.96862696659689
110,147,76,83,54.5890104579478,0.115099820540249,3,3,4.5
110,147,76,112,44.5985281604161,0.140883243603458,3,3,3
110,147,78,114,243.690889754096,0.0257834230632086,3,3,3.96862696659689
110,147,83,112,243.690889754096,0.0257834230632086,3,3,3.96862696659689
110,147,112,120,243.690889754096,0.0257834230632086,3,3,3.96862696659689
110,147,112,154,44.5985281604161,0.140883243603458,3,3,3
110,147,114,150,44.5985281604161,0.140883243603458,3,3,3
110,147,114,156,54.5890104579478,0.115099820540249,3,3,4.5
110,147,120,154,54.5890104579478,0.115099820540249,3,3,4.5
110,147,150,156,-243.690889754096,-0.0257834230632086,3,3,3.96862696659689
110,150,76,78,243.690889754096,0.0257834230632086,3,3,3.96862696659689
110,150,76,112,243.690889754096,0.0257834230632086,3,3,3.96862696659689
110,150,78,88,54.5890104579478,0.115099820540249,3,3,4.5
110,150,78,114,44.5985281604161,0.140883243603458,3,3,3
110,150,88,114,243.690889754096,0.0257834230632086,3,3,3.96862696659689
110,150,112,147,44.5985281604161,0.140883243603458,3,3,3
110,150,112,154,54.5890104579478,0.115099820540249,3,3,4.5
110,150,114,127,243.690889754096,0.0257834230632086,3,3,3.96862696659689
110,150,114,156,44.5985281604161,0.140883243603458,3,3,3
110,150,127,156,54.5890104579478,0.115099820540249,3,3,4.5
110,150,147,154,-243.690889754096,-0.0257834230632086,3,3,3.96862696659689
111,113,52,77,243.690889754096,0.0257834230632086,3,3,3.96862696659689
111,113,52,79,-54.5890104579478,-0.115099820540249,3,3,4.5
111,113,55,77,-243.690889754096,-0.0257834230632086,3,3,3.96862696659689
111,113,55,84,54.5890104579478,0.115099820540249,3,3,4.5
111,113,77,79,-44.5985281604161,-0.140883243603458,3,3,3
111,113,77,84,44.5985281604161,0.140883243603458,3,3,3
111,113,79,115,-243.690889754096,-0.0257834230632086,3,3,3.96862696659689
111,113,84,121,243.690889754096,0.0257834230632086,3,3,3.96862696659689
111,113,115,151,243.690889754096,0.0257834230632086,3,3,3.96862696659689
111,113,121,155,-243.690889754096,-0.0257834230632086,3,3,3.96862696659689
111,113,148,151,-44.5985281604161,-0.140883243603458,3,3,3
111,113,148,155,44.5985281604161,0.140883243603458,3,3,3
111,115,52,77,-54.5890104579478,-0.115099820540249,3,3,4.5
111,115,52,79,243.690889754096,0.0257834230632086,3,3,3.96862696659689
111,115,58,79,-243.690889754096,-0.0257834230632086,3,3,3.96862696659689
111,115,58,89,54.5890104579478,0.115099820540249,3,3,4.5
111,115,77,79,44.5985281604161,0.140883243603458,3,3,3
111,115,77,113,-243.690889754096,-0.0257834230632086,3,3,3.96862696659689
111,115,79,89,44.5985281604161,0.140883243603458,3,3,3
111,115,89,128,243.690889754096,0.0257834230632086,3,3,3.96862696659689
111,115,113,148,243.690889754096,0.0257834230632086,3,3,3.96862696659689
111,115,128,157,-243.690889754096,-0.0257834230632086,3,3,3.96862696659689
111,115,148,151,44.5985281604161,0.140883243603458,3,3,3
111,115,151,157,44.5985281604161,0.140883243603458,3,3,3
111,148,77,79,-243.690889754096,-0.0257834230632086,3,3,3.96862696659689
111,148,77,84,54.5890104579478,0.115099820540249,3,3,4.5
111,148,77,113,44.5985281604161,0.140883243603458,3,3,3
111,148,79,115,243.690889754096,0.0257834230632086,3,3,3.96862696659689
111,148,84,113,243.690889754096,0.0257834230632086,3,3,3.96862696659689
111,148,113,121,243.690889754096,0.0257834230632086,3,3,3.96862696659689
111,148,113,155,44.5985281604161,0.140883243603458,3,3,3
111,148,115,151,44.5985281604161,0.140883243603458,3,3,3
111,148,115,157,54.5890104579478,0.115099820540249,3,3,4.5
111,148,121,155,54.5890104579478,0.115099820540249,3,3,4.5
111,148,151,157,-243.690889754096,-0.0257834230632086,3,3,3.96862696659689
111,151,77,79,243.690889754096,0.0257834230632086,3,3,3.96862696659689
111,151,77,113,243.690889754096,0.0257834230632086,3,3,3.96862696659689
111,151,79,89,54.5890104579478,0.115099820540249,3,3,4.5
111,151,79,115,44.5985281604161,0.140883243603458,3,3,3
111,151,89,115,243.690889754096,0.0257834230632086,3,3,3.96862696659689
111,151,113,148,44.5985281604161,0.140883243603458,3,3,3
111,151,113,155,54.5890104579478,0.115099820540249,3,3,4.5
111,151,115,128,243.690889754096,0.0257834230632086,3,3,3.96862696659689
111,151,115,157,44.5985281604161,0.140883243603458,3,3,3
111,151,128,157,54.5890104579478,0.115099820540249,3,3,4.5
111,151,148,155,-243.690889754096,-0.0257834230632086,3,3,3.96862696659689
112,120,54,76,-54.5890104579478,-0.115099820540249,3,3,4.5
112,120,54,83,243.690889754096,0.0257834230632086,3,3,3.96862696659689
112,120,63,83,-243.690889754096,-0.0257834230632086,3,3,3.96862696659689
112,120,63,95,54.5890104579478,0.115099820540249,3,3,4.5
112,120,76,83,44.5985281604161,0.140883243603458,3,3,3
112,120,76,110,-243.690889754096,-0.0257834230632086,3,3,3.96862696659689
112,120,83,95,44.5985281604161,0.140883243603458,3,3,3
112,120,95,138,243.690889754096,0.0257834230632086,3,3,3.96862696659689
112,120,110,147,243.690889754096,0.0257834230632086,3,3,3.96862696659689
112,120,147,154,44.5985281604161,0.140883243603458,3,3,3
112,147,76,78,54.5890104579478,0.115099820540249,3,3,4.5
112,147,76,83,-243.690889754096,-0.0257834230632086,3,3,3.96862696659689
112,147,76,110,44.5985281604161,0.140883243603458,3,3,3
112,147,78,110,243.690889754096,0.0257834230632086,3,3,3.96862696659689
112,147,83,120,243.690889754096,0.0257834230632086,3,3,3.96862696659689
112,147,110,114,243.690889754096,0.0257834230632086,3,3,3.96862696659689
112,147,110,150,44.5985281604161,0.140883243603458,3,3,3
112,147,114,150,54.5890104579478,0.115099820540249,3,3,4.5
112,147,120,154,44.5985281604161,0.140883243603458,3,3,3
112,154,76,83,243.690889754096,0.0257834230632086,3,3,3.96862696659689
112,154,76,110,243.690889754096,0.0257834230632086,3,3,3.96862696659689
112,154,83,95,54.5890104579478,0.115099820540249,3,3,4.5
112,154,83,120,44.5985281604161,0.140883243603458,3,3,3
112,154,95,120,243.690889754096,0.0257834230632086,3,3,3.96862696659689
112,154,110,147,44.5985281604161,0.140883243603458,3,3,3
112,154,110,150,54.5890104579478,0.115099820540249,3,3,4.5
112,154,120,138,243.690889754096,0.0257834230632086,3,3,3.96862696659689
112,154,147,150,-243.690889754096,-0.0257834230632086,3,3,3.96862696659689
113,121,55,77,-54.5890104579478,-0.115099820540249,3,3,4.5
113,121,55,84,243.690889754096,0.0257834230632086,3,3,3.96862696659689
113,121,64,84,-243.690889754096,-0.0257834230632086,3,3,3.96862696659689
113,121,64,96,54.5890104579478,0.115099820540249,3,3,4.5
113,121,77,84,44.5985281604161,0.140883243603458,3,3,3
113,121,77,111,-243.690889754096,-0.0257834230632086,3,3,3.96862696659689
113,121,84,96,44.5985281604161,0.140883243603458,3,3,3
113,121,96,139,243.690889754096,0.0257834230632086,3,3,3.96862696659689
113,121,111,148,243.690889754096,0.0257834230632086,3,3,3.96862696659689
113,121,148,155,44.5985281604161,0.140883243603458,3,3,3
113,148,77,79,54.5890104579478,0.115099820540249,3,3,4.5
113,148,77,84,-243.690889754096,-0.0257834230632086,3,3,3.96862696659689
113,148,77,111,44.5985281604161,0.140883243603458,3,3,3
113,148,79,111,243.690889754096,0.0257834230632086,3,3,3.96862696659689
113,148,84,121,243.690889754096,0.0257834230632086,3,3,3.96862696659689
113,148,111,115,243.690889754096,0.0257834230632086,3,3,3.96862696659689
113,148,111,151,44.5985281604161,0.140883243603458,3,3,3
113,148,115,151,54.5890104579478,0.115099820540249,3,3,4.5
113,148,121,155,44.5985281604161,0.140883243603458,3,3,3
113,155,77,84,243.690889754096,0.0257834230632086,3,3,3.96862696659689
113,155,77,111,243.690889754096,0.0257834230632086,3,3,3.96862696659689
113,155,84,96,54.5890104579478,0.115099820540249,3,3,4.5
113,155,84,121,44.5985281604161,0.140883243603458,3,3,3
113,155,96,121,243.690889754096,0.0257834230632086,3,3,3.96862696659689
113,155,111,148,44.5985281604161,0.140883243603458,3,3,3
113,155,111,151,54.5890104579478,0.115099820540249,3,3,4.5
113,155,121,139,243.690889754096,0.0257834230632086,3,3,3.96862696659689
113,155,148,151,-243.690889754096,-0.0257834230632086,3,3,3.96862696659689
114,127,57,78,-54.5890104579478,-0.115099820540249,3,3,4.5
114,127,57,88,243.690889754096,0.0257834230632086,3,3,3.96862696659689
114,127,68,88,-243.690889754096,-0.0257834230632086,3,3,3.96862696659689
114,127,68,103,54.5890104579478,0.115099820540249,3,3,4.5
114,127,78,88,44.5985281604161,0.140883243603458,3,3,3
114,127,78,110,-243.690889754096,-0.0257834230632086,3,3,3.96862696659689
114,127,88,103,44.5985281604161,0.140883243603458,3,3,3
114,127,103,144,243.690889754096,0.0257834230632086,3,3,3.96862696659689
114,127,110,150,243.690889754096,0.0257834230632086,3,3,3.96862696659689
114,127,150,156,44.5985281604161,0.140883243603458,3,3,3
114,150,76,78,-54.5890104579478,-0.115099820540249,3,3,4.5
114,150,76,110,243.690889754096,0.0257834230632086,3,3,3.96862696659689
114,150,78,88,-243.690889754096,-0.0257834230632086,3,3,3.96862696659689
114,150,78,110,44.5985281604161,0.140883243603458,3,3,3
114,150,88,127,243.690889754096,0.0257834230632086,3,3,3.96862696659689
114,150,110,112,243.690889754096,0.0257834230632086,3,3,3.96862696659689
114,150,110,147,44.5985281604161,0.140883243603458,3,3,3
114,150,112,147,54.5890104579478,0.115099820540249,3,3,4.5
114,150,127,156,44.5985281604161,0.140883243603458,3,3,3
114,156,78,88,243.690889754096,0.0257834230632086,3,3,3.96862696659689
114,156,78,110,243.690889754096,0.0257834230632086,3,3,3.96862696659689
114,156,88,103,54.5890104579478,0.115099820540249,3,3,4.5
114,156,88,127,44.5985281604161,0.140883243603458,3,3,3
114,156,103,127,243.690889754096,0.0257834230632086,3,3,3.96862696659689
114,156,110,147,54.5890104579478,0.115099820540249,3,3,4.5
114,156,110,150,44.5985281604161,0.140883243603458,3,3,3
114,156,127,144,243.690889754096,0.0257834230632086,3,3,3.96862696659689
114,156,147,150,243.690889754096,0.0257834230632086,3,3,3.96862696659689
115,128,58,79,-54.5890104579478,-0.115099820540249,3,3,4.5
115,128,58,89,243.690889754096,0.0257834230632086,3,3,3.96862696659689
115,128,68,89,-243.690889754096,-0.0257834230632086,3,3,3.96862696659689
115,128,68,103,54.5890104579478,0.115099820540249,3,3,4.5
115,128,79,89,44.5985281604161,0.140883243603458,3,3,3
115,128,79,111,-243.690889754096,-0.0257834230632086,3,3,3.96862696659689
115,128,89,103,44.5985281604161,0.140883243603458,3,3,3
115,128,103,144,243.690889754096,0.0257834230632086,3,3,3.96862696659689
115,128,111,151,243.690889754096,0.0257834230632086,3,3,3.96862696659689
115,128,151,157,44.5985281604161,0.140883243603458,3,3,3
115,151,77,79,-54.5890104579478,-0.115099820540249,3,3,4.5
115,151,77,111,243.690889754096,0.0257834230632086,3,3,3.96862696659689
115,151,79,89,-243.690889754096,-0.0257834230632086,3,3,3.96862696659689
115,151,79,111,44.5985281604161,0.140883243603458,3,3,3
115,151,89,128,243.690889754096,0.0257834230632086,3,3,3.96862696659689
115,151,111,113,243.690889754096,0.0257834230632086,3,3,3.96862696659689
115,151,111,148,44.5985281604161,0.140883243603458,3,3,3
115,151,113,148,54.5890104579478,0.115099820540249,3,3,4.5
115,151,128,157,44.5985281604161,0.140883243603458,3,3,3
115,157,79,89,243.690889754096,0.0257834230632086,3,3,3.96862696659689
115,157,79,111,243.690889754096,0.0257834230632086,3,3,3.96862696659689
115,157,89,103,54.5890104579478,0.115099820540249,3,3,4.5
115,157,89,128,44.5985281604161,0.140883243603458,3,3,3
115,157,103,128,243.690889754096,0.0257834230632086,3,3,3.96862696659689
115,157,111,148,54.5890104579478,0.115099820540249,3,3,4.5
115,157,111,151,44.5985281604161,0.140883243603458,3,3,3
115,157,128,144,243.690889754096,0.0257834230632086,3,3,3.96862696659689
115,157,148,151,243.690889754096,0.0257834230632086,3,3,3.96862696659689
116,141,65,80,-54.5890104579478,-0.115099820540249,3,3,4.5
116,141,65,99,243.690889754096,0.0257834230632086,3,3,3.96862696659689
116,141,80,99,44.5985281604161,0.140883243603458,3,3,3
116,141,80,102,-243.690889754096,-0.0257834230632086,3,3,3.96862696659689
116,141,91,99,-243.690889754096,-0.0257834230632086,3,3,3.96862696659689
116,141,91,129,54.5890104579478,0.115099820540249,3,3,4.5
116,141,99,129,44.5985281604161,0.140883243603458,3,3,3
116,141,102,142,243.690889754096,0.0257834230632086,3,3,3.96862696659689
116,141,142,160,44.5985281604161,0.140883243603458,3,3,3
116,142,66,80,-54.5890104579478,-0.115099820540249,3,3,4.5
116,142,66,102,243.690889754096,0.0257834230632086,3,3,3.96862696659689
116,142,80,99,-243.690889754096,-0.0257834230632086,3,3,3.96862696659689
116,142,80,102,44.5985281604161,0.140883243603458,3,3,3
116,142,92,102,-243.690889754096,-0.0257834230632086,3,3,3.96862696659689
116,142,92,130,54.5890104579478,0.115099820540249,3,3,4.5
116,142,99,141,243.690889754096,0.0257834230632086,3,3,3.96862696659689
116,142,102,130,44.5985281604161,0.140883243603458,3,3,3
116,142,141,160,44.5985281604161,0.140883243603458,3,3,3
117,138,63,81,-54.5890104579478,-0.115099820540249,3,3,4.5
117,138,63,95,243.690889754096,0.0257834230632086,3,3,3.96862696659689
117,138,81,95,44.5985281604161,0.140883243603458,3,3,3
117,138,81,105,-243.690889754096,-0.0257834230632086,3,3,3.96862696659689
117,138,83,95,-243.690889754096,-0.0257834230632086,3,3,3.96862696659689
117,138,83,120,54.5890104579478,0.115099820540249,3,3,4.5
117,138,95,120,44.5985281604161,0.140883243603458,3,3,3
117,138,105,143,243.690889754096,0.0257834230632086,3,3,3.96862696659689
117,143,72,81,-54.5890104579478,-0.115099820540249,3,3,4.5
117,143,72,105,243.690889754096,0.0257834230632086,3,3,3.96862696659689
117,143,81,95,-243.690889754096,-0.0257834230632086,3,3,3.96862696659689
117,143,81,105,44.5985281604161,0.140883243603458,3,3,3
117,143,95,138,243.690889754096,0.0257834230632086,3,3,3.96862696659689
117,143,97,105,-243.690889754096,-0.0257834230632086,3,3,3.96862696659689
117,143,97,135,54.5890104579478,0.115099820540249,3,3,4.5
117,143,105,135,44.5985281604161,0.140883243603458,3,3,3
118,139,64,82,-54.5890104579478,-0.115099820540249,3,3,4.5
118,139,64,96,243.690889754096,0.0257834230632086,3,3,3.96862696659689
118,139,82,96,44.5985281604161,0.140883243603458,3,3,3
118,139,82,106,-243.690889754096,-0.0257834230632086,3,3,3.96862696659689
118,139,84,96,-243.690889754096,-0.0257834230632086,3,3,3.96862696659689
118,139,84,121,54.5890104579478,0.115099820540249,3,3,4.5
118,139,96,121,44.5985281604161,0.140883243603458,3,3,3
118,139,106,145,243.690889754096,0.0257834230632086,3,3,3.96862696659689
118,145,73,82,-54.5890104579478,-0.115099820540249,3,3,4.5
118,145,73,106,243.690889754096,0.0257834230632086,3,3,3.96862696659689
118,145,82,96,-243.690889754096,-0.0257834230632086,3,3,3.96862696659689
118,145,82,106,44.5985281604161,0.140883243603458,3,3,3
118,145,96,139,243.690889754096,0.0257834230632086,3,3,3.96862696659689
118,145,98,106,-243.690889754096,-0.0257834230632086,3,3,3.96862696659689
118,145,98,136,54.5890104579478,0.115099820540249,3,3,4.5
118,145,106,136,44.5985281604161,0.140883243603458,3,3,3
119,123,59,87,243.690889754096,0.0257834230632086,3,3,3.96862696659689
119,123,59,91,-54.5890104579478,-0.115099820540249,3,3,4.5
119,123,61,87,-243.690889754096,-0.0257834230632086,3,3,3.96862696659689
119,123,61,93,54.5890104579478,0.115099820540249,3,3,4.5
119,123,87,91,-44.5985281604161,-0.140883243603458,3,3,3
119,123,87,93,44.5985281604161,0.140883243603458,3,3,3
119,123,91,129,-243.690889754096,-0.0257834230632086,3,3,3.96862696659689
119,123,93,131,243.690889754096,0.0257834230632086,3,3,3.96862696659689
119,129,59,87,-54.5890104579478,-0.115099820540249,3,3,4.5
119,129,59,91,243.690889754096,0.0257834230632086,3,3,3.96862696659689
119,129,65,91,-243.690889754096,-0.0257834230632086,3,3,3.96862696659689
119,129,65,99,54.5890104579478,0.115099820540249,3,3,4.5
119,129,87,91,44.5985281604161,0.140883243603458,3,3,3
119,129,87,123,-243.690889754096,-0.0257834230632086,3,3,3.96862696659689
119,129,91,99,44.5985281604161,0.140883243603458,3,3,3
119,129,99,141,243.690889754096,0.0257834230632086,3,3,3.96862696659689
119,129,123,158,243.690889754096,0.0257834230632086,3,3,3.96862696659689
119,158,87,91,-243.690889754096,-0.0257834230632086,3,3,3.96862696659689
119,158,87,93,54.5890104579478,0.115099820540249,3,3,4.5
119,158,87,123,44.5985281604161,0.140883243603458,3,3,3
119,158,91,129,243.690889754096,0.0257834230632086,3,3,3.96862696659689
119,158,93,123,243.690889754096,0.0257834230632086,3,3,3.96862696659689
119,158,123,131,243.690889754096,0.0257834230632086,3,3,3.96862696659689
120,138,63,83,-54.5890104579478,-0.115099820540249,3,3,4.5
120,138,63,95,243.690889754096,0.0257834230632086,3,3,3.96862696659689
120,138,81,95,-243.690889754096,-0.0257834230632086,3,3,3.96862696659689
120,138,81,117,54.5890104579478,0.115099820540249,3,3,4.5
120,138,83,95,44.5985281604161,0.140883243603458,3,3,3
120,138,83,112,-243.690889754096,-0.0257834230632086,3,3,3.96862696659689
120,138,95,117,44.5985281604161,0.140883243603458,3,3,3
120,138,112,154,243.690889754096,0.0257834230632086,3,3,3.96862696659689
120,154,76,83,-54.5890104579478,-0.115099820540249,3,3,4.5
120,154,76,112,243.690889754096,0.0257834230632086,3,3,3.96862696659689
120,154,83,95,-243.690889754096,-0.0257834230632086,3,3,3.96862696659689
120,154,83,112,44.5985281604161,0.140883243603458,3,3,3
120,154,95,138,243.690889754096,0.0257834230632086,3,3,3.96862696659689
120,154,110,112,-243.690889754096,-0.0257834230632086,3,3,3.96862696659689
120,154,110,147,54.5890104579478,0.115099820540249,3,3,4.5
120,154,112,147,44.5985281604161,0.140883243603458,3,3,3
121,139,64,84,-54.5890104579478,-0.115099820540249,3,3,4.5
121,139,64,96,243.690889754096,0.0257834230632086,3,3,3.96862696659689
121,139,82,96,-243.690889754096,-0.0257834230632086,3,3,3.96862696659689
121,139,82,118,54.5890104579478,0.115099820540249,3,3,4.5
121,139,84,96,44.5985281604161,0.140883243603458,3,3,3
121,139,84,113,-243.690889754096,-0.0257834230632086,3,3,3.96862696659689
121,139,96,118,44.5985281604161,0.140883243603458,3,3,3
121,139,113,155,243.690889754096,0.0257834230632086,3,3,3.96862696659689
121,155,77,84,-54.5890104579478,-0.115099820540249,3,3,4.5
121,155,77,113,243.690889754096,0.0257834230632086,3,3,3.96862696659689
121,155,84,96,-243.690889754096,-0.0257834230632086,3,3,3.96862696659689
121,155,84,113,44.5985281604161,0.140883243603458,3,3,3
121,155,96,139,243.690889754096,0.0257834230632086,3,3,3.96862696659689
121,155,111,113,-243.690889754096,-0.0257834230632086,3,3,3.96862696659689
121,155,111,148,54.5890104579478,0.115099820540249,3,3,4.5
121,155,113,148,44.5985281604161,0.140883243603458,3,3,3
122,124,60,90,243.690889754096,0.0257834230632086,3,3,3.96862696659689
122,124,60,92,-54.5890104579478,-0.115099820540249,3,3,4.5
122,124,62,90,-243.690889754096,-0.0257834230632086,3,3,3.96862696659689
122,124,62,94,54.5890104579478,0.115099820540249,3,3,4.5
122,124,90,92,-44.5985281604161,-0.140883243603458,3,3,3
122,124,90,94,44.5985281604161,0.140883243603458,3,3,3
122,124,92,130,-243.690889754096,-0.0257834230632086,3,3,3.96862696659689
122,124,94,132,243.690889754096,0.0257834230632086,3,3,3.96862696659689
122,130,60,90,-54.5890104579478,-0.115099820540249,3,3,4.5
122,130,60,92,243.690889754096,0.0257834230632086,3,3,3.96862696659689
122,130,66,92,-243.690889754096,-0.0257834230632086,3,3,3.96862696659689
122,130,66,102,54.5890104579478,0.115099820540249,3,3,4.5
122,130,90,92,44.5985281604161,0.140883243603458,3,3,3
122,130,90,124,-243.690889754096,-0.0257834230632086,3,3,3.96862696659689
122,130,92,102,44.5985281604161,0.140883243603458,3,3,3
122,130,102,142,243.690889754096,0.0257834230632086,3,3,3.96862696659689
122,130,124,159,243.690889754096,0.0257834230632086,3,3,3.96862696659689
123,131,61,87,-54.5890104579478,-0.115099820540249,3,3,4.5
123,131,61,93,243.690889754096,0.0257834230632086,3,3,3.96862696659689
123,131,70,93,-243.690889754096,-0.0257834230632086,3,3,3.96862696659689
123,131,70,104,54.5890104579478,0.115099820540249,3,3,4.5
123,131,87,93,44.5985281604161,0.140883243603458,3,3,3
123,131,87,119,-243.690889754096,-0.0257834230632086,3,3,3.96862696659689
123,131,93,104,44.5985281604161,0.140883243603458,3,3,3
123,131,104,146,243.690889754096,0.0257834230632086,3,3,3.96862696659689
123,131,119,158,243.690889754096,0.0257834230632086,3,3,3.96862696659689
123,158,87,91,54.5890104579478,0.115099820540249,3,3,4.5
123,158,87,93,-243.690889754096,-0.0257834230632086,3,3,3.96862696659689
123,158,87,119,44.5985281604161,0.140883243603458,3,3,3
123,158,91,119,243.690889754096,0.0257834230632086,3,3,3.96862696659689
123,158,93,131,243.690889754096,0.0257834230632086,3,3,3.96862696659689
123,158,119,129,243.690889754096,0.0257834230632086,3,3,3.96862696659689
124,132,62,90,-54.5890104579478,-0.115099820540249,3,3,4.5
124,132,62,94,243.690889754096,0.0257834230632086,3,3,3.96862696659689
124,132,71,94,-243.690889754096,-0.0257834230632086,3,3,3.96862696659689
124,132,71,107,54.5890104579478,0.115099820540249,3,3,4.5
124,132,90,94,44.5985281604161,0.140883243603458,3,3,3
124,132,90,122,-243.690889754096,-0.0257834230632086,3,3,3.96862696659689
124,132,94,107,44.5985281604161,0.140883243603458,3,3,3
124,132,107,149,243.690889754096,0.0257834230632086,3,3,3.96862696659689
124,132,122,159,243.690889754096,0.0257834230632086,3,3,3.96862696659689
125,146,70,85,-54.5890104579478,-0.115099820540249,3,3,4.5
125,146,70,104,243.690889754096,0.0257834230632086,3,3,3.96862696659689
125,146,85,104,44.5985281604161,0.140883243603458,3,3,3
125,146,85,108,-243.690889754096,-0.0257834230632086,3,3,3.96862696659689
125,146,93,104,-243.690889754096,-0.0257834230632086,3,3,3.96862696659689
125,146,93,131,54.5890104579478,0.115099820540249,3,3,4.5
125,146,104,131,44.5985281604161,0.140883243603458,3,3,3
125,146,108,152,243.690889754096,0.0257834230632086,3,3,3.96862696659689
125,152,74,85,-54.5890104579478,-0.115099820540249,3,3,4.5
125,152,74,108,243.690889754096,0.0257834230632086,3,3,3.96862696659689
125,152,85,104,-243.690889754096,-0.0257834230632086,3,3,3.96862696659689
125,152,85,108,44.5985281604161,0.140883243603458,3,3,3
125,152,100,108,-243.690889754096,-0.0257834230632086,3,3,3.96862696659689
125,152,100,137,54.5890104579478,0.115099820540249,3,3,4.5
125,152,104,146,243.690889754096,0.0257834230632086,3,3,3.96862696659689
125,152,108,137,44.5985281604161,0.140883243603458,3,3,3
126,149,71,86,-54.5890104579478,-0.115099820540249,3,3,4.5
126,149,71,107,243.690889754096,0.0257834230632086,3,3,3.96862696659689
126,149,86,107,44.5985281604161,0.140883243603458,3,3,3
126,149,86,109,-243.690889754096,-0.0257834230632086,3,3,3.96862696659689
126,149,94,107,-243.690889754096,-0.0257834230632086,3,3,3.96862696659689
126,149,94,132,54.5890104579478,0.115099820540249,3,3,4.5
126,149,107,132,44.5985281604161,0.140883243603458,3,3,3
126,149,109,153,243.690889754096,0.0257834230632086,3,3,3.96862696659689
126,153,75,86,-54.5890104579478,-0.115099820540249,3,3,4.5
126,153,75,109,243.690889754096,0.0257834230632086,3,3,3.96862696659689
126,153,86,107,-243.690889754096,-0.0257834230632086,3,3,3.96862696659689
126,153,86,109,44.5985281604161,0.140883243603458,3,3,3
126,153,101,109,-243.690889754096,-0.0257834230632086,3,3,3.96862696659689
126,153,101,140,54.5890104579478,0.115099820540249,3,3,4.5
126,153,107,149,243.690889754096,0.0257834230632086,3,3,3.96862696659689
126,153,109,140,44.5985281604161,0.140883243603458,3,3,3
127,144,68,88,-54.5890104579478,-0.115099820540249,3,3,4.5
127,144,68,103,243.690889754096,0.0257834230632086,3,3,3.96862696659689
127,144,88,103,44.5985281604161,0.140883243603458,3,3,3
127,144,88,114,-243.690889754096,-0.0257834230632086,3,3,3.96862696659689
127,144,89,103,-243.690889754096,-0.0257834230632086,3,3,3.96862696659689
127,144,89,128,54.5890104579478,0.115099820540249,3,3,4.5
127,144,103,128,44.5985281604161,0.140883243603458,3,3,3
127,144,114,156,243.690889754096,0.0257834230632086,3,3,3.96862696659689
127,156,78,88,-54.5890104579478,-0.115099820540249,3,3,4.5
127,156,78,114,243.690889754096,0.0257834230632086,3,3,3.96862696659689
127,156,88,103,-243.690889754096,-0.0257834230632086,3,3,3.96862696659689
127,156,88,114,44.5985281604161,0.140883243603458,3,3,3
127,156,103,144,243.690889754096,0.0257834230632086,3,3,3.96862696659689
127,156,110,114,-243.690889754096,-0.0257834230632086,3,3,3.96862696659689
127,156,110,150,54.5890104579478,0.115099820540249,3,3,4.5
127,156,114,150,44.5985281604161,0.140883243603458,3,3,3
128,144,68,89,-54.5890104579478,-0.115099820540249,3,3,4.5
128,144,68,103,243.690889754096,0.0257834230632086,3,3,3.96862696659689
128,144,88,103,-243.690889754096,-0.0257834230632086,3,3,3.96862696659689
128,144,88,127,54.5890104579478,0.115099820540249,3,3,4.5
128,144,89,103,44.5985281604161,0.140883243603458,3,3,3
128,144,89,115,-243.690889754096,-0.0257834230632086,3,3,3.96862696659689
128,144,103,127,44.5985281604161,0.140883243603458,3,3,3
128,144,115,157,243.690889754096,0.0257834230632086,3,3,3.96862696659689
128,157,79,89,-54.5890104579478,-0.115099820540249,3,3,4.5
128,157,79,115,243.690889754096,0.0257834230632086,3,3,3.96862696659689
128,157,89,103,-243.690889754096,-0.0257834230632086,3,3,3.96862696659689
128,157,89,115,44.5985281604161,0.140883243603458,3,3,3
128,157,103,144,243.690889754096,0.0257834230632086,3,3,3.96862696659689
128,157,111,115,-243.690889754096,-0.0257834230632086,3,3,3.96862696659689
128,157,111,151,54.5890104579478,0.115099820540249,3,3,4.5
128,157,115,151,44.5985281604161,0.140883243603458,3,3,3
129,141,65,91,-54.5890104579478,-0.115099820540249,3,3,4.5
129,141,65,99,243.690889754096,0.0257834230632086,3,3,3.96862696659689
129,141,80,99,-243.690889754096,-0.0257834230632086,3,3,3.96862696659689
129,141,80,116,54.5890104579478,0.115099820540249,3,3,4.5
129,141,91,99,44.5985281604161,0.140883243603458,3,3,3
129,141,91,119,-243.690889754096,-0.0257834230632086,3,3,3.96862696659689
129,141,99,116,44.5985281604161,0.140883243603458,3,3,3
129,141,116,160,243.690889754096,0.0257834230632086,3,3,3.96862696659689
130,142,66,92,-54.5890104579478,-0.115099820540249,3,3,4.5
130,142,66,102,243.690889754096,0.0257834230632086,3,3,3.96862696659689
130,142,80,102,-243.690889754096,-0.0257834230632086,3,3,3.96862696659689
130,142,80,116,54.5890104579478,0.115099820540249,3,3,4.5
130,142,92,102,44.5985281604161,0.140883243603458,3,3,3
130,142,92,122,-243.690889754096,-0.0257834230632086,3,3,3.96862696659689
130,142,102,116,44.5985281604161,0.140883243603458,3,3,3
130,142,116,160,243.690889754096,0.0257834230632086,3,3,3.96862696659689
131,146,70,93,-54.5890104579478,-0.115099820540249,3,3,4.5
131,146,70,104,243.690889754096,0.0257834230632086,3,3,3.96862696659689
131,146,85,104,-243.690889754096,-0.0257834230632086,3,3,3.96862696659689
131,146,85,125,54.5890104579478,0.115099820540249,3,3,4.5
131,146,93,104,44.5985281604161,0.140883243603458,3,3,3
131,146,93,123,-243.690889754096,-0.0257834230632086,3,3,3.96862696659689
131,146,104,125,44.5985281604161,0.140883243603458,3,3,3
132,149,71,94,-54.5890104579478,-0.115099820540249,3,3,4.5
132,149,71,107,243.690889754096,0.0257834230632086,3,3,3.96862696659689
132,149,86,107,-243.690889754096,-0.0257834230632086,3,3,3.96862696659689
132,149,86,126,54.5890104579478,0.115099820540249,3,3,4.5
132,149,94,107,44.5985281604161,0.140883243603458,3,3,3
132,149,94,124,-243.690889754096,-0.0257834230632086,3,3,3.96862696659689
132,149,107,126,44.5985281604161,0.140883243603458,3,3,3
133,135,67,97,243.690889754096,0.0257834230632086,3,3,3.96862696659689
133,135,67,100,-54.5890104579478,-0.115099820540249,3,3,4.5
133,135,72,97,-243.690889754096,-0.0257834230632086,3,3,3.96862696659689
133,135,72,105,54.5890104579478,0.115099820540249,3,3,4.5
133,135,97,100,-44.5985281604161,-0.140883243603458,3,3,3
133,135,97,105,44.5985281604161,0.140883243603458,3,3,3
133,135,100,137,-243.690889754096,-0.0257834230632086,3,3,3.96862696659689
133,135,105,143,243.690889754096,0.0257834230632086,3,3,3.96862696659689
133,137,67,97,-54.5890104579478,-0.115099820540249,3,3,4.5
133,137,67,100,243.690889754096,0.0257834230632086,3,3,3.96862696659689
133,137,74,100,-243.690889754096,-0.0257834230632086,3,3,3.96862696659689
133,137,74,108,54.5890104579478,0.115099820540249,3,3,4.5
133,137,97,100,44.5985281604161,0.140883243603458,3,3,3
133,137,97,135,-243.690889754096,-0.0257834230632086,3,3,3.96862696659689
133,137,100,108,44.5985281604161,0.140883243603458,3,3,3
133,137,108,152,243.690889754096,0.0257834230632086,3,3,3.96862696659689
134,136,69,98,243.690889754096,0.0257834230632086,3,3,3.96862696659689
134,136,69,101,-54.5890104579478,-0.115099820540249,3,3,4.5
134,136,73,98,-243.690889754096,-0.0257834230632086,3,3,3.96862696659689
134,136,73,106,54.5890104579478,0.115099820540249,3,3,4.5
134,136,98,101,-44.5985281604161,-0.140883243603458,3,3,3
134,136,98,106,44.5985281604161,0.140883243603458,3,3,3
134,136,101,140,-243.690889754096,-0.0257834230632086,3,3,3.96862696659689
134,136,106,145,243.690889754096,0.0257834230632086,3,3,3.96862696659689
134,140,69,98,-54.5890104579478,-0.115099820540249,3,3,4.5
134,140,69,101,243.690889754096,0.0257834230632086,3,3,3.96862696659689
134,140,75,101,-243.690889754096,-0.0257834230632086,3,3,3.96862696659689
134,140,75,109,54.5890104579478,0.115099820540249,3,3,4.5
134,140,98,101,44.5985281604161,0.140883243603458,3,3,3
134,140,98,136,-243.690889754096,-0.0257834230632086,3,3,3.96862696659689
134,140,101,109,44.5985281604161,0.140883243603458,3,3,3
134,140,109,153,243.690889754096,0.0257834230632086,3,3,3.96862696659689
135,143,72,97,-54.5890104579478,-0.115099820540249,3,3,4.5
135,143,72,105,243.690889754096,0.0257834230632086,3,3,3.96862696659689
135,143,81,105,-243.690889754096,-0.0257834230632086,3,3,3.96862696659689
135,143,81,117,54.5890104579478,0.115099820540249,3,3,4.5
135,143,97,105,44.5985281604161,0.140883243603458,3,3,3
135,143,97,133,-243.690889754096,-0.0257834230632086,3,3,3.96862696659689
135,143,105,117,44.5985281604161,0.140883243603458,3,3,3
136,145,73,98,-54.5890104579478,-0.115099820540249,3,3,4.5
136,145,73,106,243.690889754096,0.0257834230632086,3,3,3.96862696659689
136,145,82,106,-243.690889754096,-0.0257834230632086,3,3,3.96862696659689
136,145,82,118,54.5890104579478,0.115099820540249,3,3,4.5
136,145,98,106,44.5985281604161,0.140883243603458,3,3,3
136,145,98,134,-243.690889754096,-0.0257834230632086,3,3,3.96862696659689
136,145,106,118,44.5985281604161,0.140883243603458,3,3,3
137,152,74,100,-54.5890104579478,-0.115099820540249,3,3,4.5
137,152,74,108,243.690889754096,0.0257834230632086,3,3,3.96862696659689
137,152,85,108,-243.690889754096,-0.0257834230632086,3,3,3.96862696659689
137,152,85,125,54.5890104579478,0.115099820540249,3,3,4.5
137,152,100,108,44.5985281604161,0.140883243603458,3,3,3
137,152,100,133,-243.690889754096,-0.0257834230632086,3,3,3.96862696659689
137,152,108,125,44.5985281604161,0.140883243603458,3,3,3
140,153,75,101,-54.5890104579478,-0.115099820540249,3,3,4.5
140,153,75,109,243.690889754096,0.0257834230632086,3,3,3.96862696659689
140,153,86,109,-243.690889754096,-0.0257834230632086,3,3,3.96862696659689
140,153,86,126,54.5890104579478,0.115099820540249,3,3,4.5
140,153,101,109,44.5985281604161,0.140883243603458,3,3,3
140,153,101,134,-243.690889754096,-0.0257834230632086,3,3,3.96862696659689
140,153,109,126,44.5985281604161,0.140883243603458,3,3,3
147,150,76,110,243.690889754096,0.0257834230632086,3,3,3.96862696659689
147,150,76,112,-54.5890104579478,-0.115099820540249,3,3,4.5
147,150,78,110,-243.690889754096,-0.0257834230632086,3,3,3.96862696659689
147,150,78,114,54.5890104579478,0.115099820540249,3,3,4.5
147,150,110,112,-44.5985281604161,-0.140883243603458,3,3,3
147,150,110,114,44.5985281604161,0.140883243603458,3,3,3
147,150,112,154,-243.690889754096,-0.0257834230632086,3,3,3.96862696659689
147,150,114,156,243.690889754096,0.0257834230632086,3,3,3.96862696659689
147,154,76,110,-54.5890104579478,-0.115099820540249,3,3,4.5
147,154,76,112,243.690889754096,0.0257834230632086,3,3,3.96862696659689
147,154,83,112,-243.690889754096,-0.0257834230632086,3,3,3.96862696659689
147,154,83,120,54.5890104579478,0.115099820540249,3,3,4.5
147,154,110,112,44.5985281604161,0.140883243603458,3,3,3
147,154,110,150,-243.690889754096,-0.0257834230632086,3,3,3.96862696659689
147,154,112,120,44.5985281604161,0.140883243603458,3,3,3
148,151,77,111,243.690889754096,0.0257834230632086,3,3,3.96862696659689
148,151,77,113,-54.5890104579478,-0.115099820540249,3,3,4.5
148,151,79,111,-243.690889754096,-0.0257834230632086,3,3,3.96862696659689
148,151,79,115,54.5890104579478,0.115099820540249,3,3,4.5
148,151,111,113,-44.5985281604161,-0.140883243603458,3,3,3
148,151,111,115,44.5985281604161,0.140883243603458,3,3,3
148,151,113,155,-243.690889754096,-0.0257834230632086,3,3,3.96862696659689
148,151,115,157,243.690889754096,0.0257834230632086,3,3,3.96862696659689
148,155,77,111,-54.5890104579478,-0.115099820540249,3,3,4.5
148,155,77,113,243.690889754096,0.0257834230632086,3,3,3.96862696659689
148,155,84,113,-243.690889754096,-0.0257834230632086,3,3,3.96862696659689
148,155,84,121,54.5890104579478,0.115099820540249,3,3,4.5
148,155,111,113,44.5985281604161,0.140883243603458,3,3,3
148,155,111,151,-243.690889754096,-0.0257834230632086,3,3,3.96862696659689
148,155,113,121,44.5985281604161,0.140883243603458,3,3,3
150,156,78,110,-54.5890104579478,-0.115099820540249,3,3,4.5
150,156,78,114,243.690889754096,0.0257834230632086,3,3,3.96862696659689
150,156,88,114,-243.690889754096,-0.0257834230632086,3,3,3.96862696659689
150,156,88,127,54.5890104579478,0.115099820540249,3,3,4.5
150,156,110,114,44.5985281604161,0.140883243603458,3,3,3
150,156,110,147,-243.690889754096,-0.0257834230632086,3,3,3.96862696659689
150,156,114,127,44.5985281604161,0.140883243603458,3,3,3
151,157,79,111,-54.5890104579478,-0.115099820540249,3,3,4.5
151,157,79,115,243.690889754096,0.0257834230632086,3,3,3.96862696659689
151,157,89,115,-243.690889754096,-0.0257834230632086,3,3,3.96862696659689
151,157,89,128,54.5890104579478,0.115099820540249,3,3,4.5
151,157,111,115,44.5985281604161,0.140883243603458,3,3,3
151,157,111,148,-243.690889754096,-0.0257834230632086,3,3,3.96862696659689
151,157,115,128,44.5985281604161,0.140883243603458,3,3,3
