A,B,M,N,K,geomTerm,distAB,distMN,centroidSep
1,2,3,5,-44.5985281604161,-0.140883243603458,3,3,3
1,2,3,8,44.5985281604161,0.140883243603458,3,3,3
1,2,3,11,-243.690889754096,-0.0257834230632086,3,3,3.96862696659689
1,2,3,13,243.690889754096,0.0257834230632086,3,3,3.96862696659689
1,2,4,6,-44.5985281604161,-0.140883243603458,3,3,3
1,2,4,9,44.5985281604161,0.140883243603458,3,3,3
1,2,4,12,-243.690889754096,-0.0257834230632086,3,3,3.96862696659689
1,2,4,14,243.690889754096,0.0257834230632086,3,3,3.96862696659689
1,2,5,7,-243.690889754096,-0.0257834230632086,3,3,3.96862696659689
1,2,5,11,54.5890104579478,0.115099820540249,3,3,4.5
1,2,6,7,-243.690889754096,-0.0257834230632086,3,3,3.96862696659689
1,2,6,12,54.5890104579478,0.115099820540249,3,3,4.5
1,2,8,10,243.690889754096,0.0257834230632086,3,3,3.96862696659689
1,2,8,13,-54.5890104579478,-0.115099820540249,3,3,4.5
1,2,9,10,243.690889754096,0.0257834230632086,3,3,3.96862696659689
1,2,9,14,-54.5890104579478,-0.115099820540249,3,3,4.5
1,3,2,4,-44.5985281604161,-0.140883243603458,3,3,3
1,3,2,8,44.5985281604161,0.140883243603458,3,3,3
1,3,2,9,-243.690889754096,-0.0257834230632086,3,3,3.96862696659689
1,3,2,10,243.690889754096,0.0257834230632086,3,3,3.96862696659689
1,3,4,6,-243.690889754096,-0.0257834230632086,3,3,3.96862696659689
1,3,4,9,54.5890104579478,0.115099820540249,3,3,4.5
1,3,5,7,-44.5985281604161,-0.140883243603458,3,3,3
1,3,5,11,44.5985281604161,0.140883243603458,3,3,3
1,3,5,15,-243.690889754096,-0.0257834230632086,3,3,3.96862696659689
1,3,5,17,243.690889754096,0.0257834230632086,3,3,3.96862696659689
1,3,6,7,243.690889754096,0.0257834230632086,3,3,3.96862696659689
1,3,7,15,54.5890104579478,0.115099820540249,3,3,4.5
1,3,8,10,-54.5890104579478,-0.115099820540249,3,3,4.5
1,3,8,13,243.690889754096,0.0257834230632086,3,3,3.96862696659689
1,3,11,13,243.690889754096,0.0257834230632086,3,3,3.96862696659689
1,3,11,17,-54.5890104579478,-0.115099820540249,3,3,4.5
1,4,2,3,-44.5985281604161,-0.140883243603458,3,3,3
1,4,2,8,-243.690889754096,-0.0257834230632086,3,3,3.96862696659689
1,4,2,9,44.5985281604161,0.140883243603458,3,3,3
1,4,2,10,243.690889754096,0.0257834230632086,3,3,3.96862696659689
1,4,3,5,-243.690889754096,-0.0257834230632086,3,3,3.96862696659689
1,4,3,8,54.5890104579478,0.115099820540249,3,3,4.5
1,4,5,7,243.690889754096,0.0257834230632086,3,3,3.96862696659689
1,4,6,7,-44.5985281604161,-0.140883243603458,3,3,3
1,4,6,12,44.5985281604161,0.140883243603458,3,3,3
1,4,6,16,-243.690889754096,-0.0257834230632086,3,3,3.96862696659689
1,4,6,18,243.690889754096,0.0257834230632086,3,3,3.96862696659689
1,4,7,16,54.5890104579478,0.115099820540249,3,3,4.5
1,4,9,10,-54.5890104579478,-0.115099820540249,3,3,4.5
1,4,9,14,243.690889754096,0.0257834230632086,3,3,3.96862696659689
1,4,12,14,243.690889754096,0.0257834230632086,3,3,3.96862696659689
1,4,12,18,-54.5890104579478,-0.115099820540249,3,3,4.5
1,5,2,3,44.5985281604161,0.140883243603458,3,3,3
1,5,2,4,-243.690889754096,-0.0257834230632086,3,3,3.96862696659689
1,5,2,8,54.5890104579478,0.115099820540249,3,3,4.5
1,5,3,8,-243.690889754096,-0.0257834230632086,3,3,3.96862696659689
1,5,3,11,44.5985281604161,0.140883243603458,3,3,3
1,5,3,13,243.690889754096,0.0257834230632086,3,3,3.96862696659689
1,5,4,6,243.690889754096,0.0257834230632086,3,3,3.96862696659689
1,5,6,7,44.5985281604161,0.140883243603458,3,3,3
1,5,6,16,54.5890104579478,0.115099820540249,3,3,4.5
1,5,7,15,44.5985281604161,0.140883243603458,3,3,3
1,5,7,16,-243.690889754096,-0.0257834230632086,3,3,3.96862696659689
1,5,7,21,243.690889754096,0.0257834230632086,3,3,3.96862696659689
1,5,11,13,-54.5890104579478,-0.115099820540249,3,3,4.5
1,5,11,17,243.690889754096,0.0257834230632086,3,3,3.96862696659689
1,5,15,17,243.690889754096,0.0257834230632086,3,3,3.96862696659689
1,5,15,21,-54.5890104579478,-0.115099820540249,3,3,4.5
1,6,2,3,-243.690889754096,-0.0257834230632086,3,3,3.96862696659689
1,6,2,4,44.5985281604161,0.140883243603458,3,3,3
1,6,2,9,54.5890104579478,0.115099820540249,3,3,4.5
1,6,3,5,243.690889754096,0.0257834230632086,3,3,3.96862696659689
1,6,4,9,-243.690889754096,-0.0257834230632086,3,3,3.96862696659689
1,6,4,12,44.5985281604161,0.140883243603458,3,3,3
1,6,4,14,243.690889754096,0.0257834230632086,3,3,3.96862696659689
1,6,5,7,44.5985281604161,0.140883243603458,3,3,3
1,6,5,15,54.5890104579478,0.115099820540249,3,3,4.5
1,6,7,15,-243.690889754096,-0.0257834230632086,3,3,3.96862696659689
1,6,7,16,44.5985281604161,0.140883243603458,3,3,3
1,6,7,21,243.690889754096,0.0257834230632086,3,3,3.96862696659689
1,6,12,14,-54.5890104579478,-0.115099820540249,3,3,4.5
1,6,12,18,243.690889754096,0.0257834230632086,3,3,3.96862696659689
1,6,16,18,243.690889754096,0.0257834230632086,3,3,3.96862696659689
1,6,16,21,-54.5890104579478,-0.115099820540249,3,3,4.5
1,7,2,3,243.690889754096,0.0257834230632086,3,3,3.96862696659689
1,7,2,4,243.690889754096,0.0257834230632086,3,3,3.96862696659689
1,7,3,5,44.5985281604161,0.140883243603458,3,3,3
1,7,3,11,54.5890104579478,0.115099820540249,3,3,4.5
1,7,4,6,44.5985281604161,0.140883243603458,3,3,3
1,7,4,12,54.5890104579478,0.115099820540249,3,3,4.5
1,7,5,11,-243.690889754096,-0.0257834230632086,3,3,3.96862696659689
1,7,5,15,44.5985281604161,0.140883243603458,3,3,3
1,7,5,17,243.690889754096,0.0257834230632086,3,3,3.96862696659689
1,7,6,12,-243.690889754096,-0.0257834230632086,3,3,3.96862696659689
1,7,6,16,44.5985281604161,0.140883243603458,3,3,3
1,7,6,18,243.690889754096,0.0257834230632086,3,3,3.96862696659689
1,7,15,17,-54.5890104579478,-0.115099820540249,3,3,4.5
1,7,15,21,243.690889754096,0.0257834230632086,3,3,3.96862696659689
1,7,16,18,-54.5890104579478,-0.115099820540249,3,3,4.5
1,7,16,21,243.690889754096,0.0257834230632086,3,3,3.96862696659689
2,3,1,4,-44.5985281604161,-0.140883243603458,3,3,3
2,3,1,5,44.5985281604161,0.140883243603458,3,3,3
2,3,1,6,-243.690889754096,-0.0257834230632086,3,3,3.96862696659689
2,3,1,7,243.690889754096,0.0257834230632086,3,3,3.96862696659689
2,3,4,6,54.5890104579478,0.115099820540249,3,3,4.5
2,3,4,9,-243.690889754096,-0.0257834230632086,3,3,3.96862696659689
2,3,5,7,-54.5890104579478,-0.115099820540249,3,3,4.5
2,3,5,11,243.690889754096,0.0257834230632086,3,3,3.96862696659689
2,3,8,10,-44.5985281604161,-0.140883243603458,3,3,3
2,3,8,13,44.5985281604161,0.140883243603458,3,3,3
2,3,8,19,-243.690889754096,-0.0257834230632086,3,3,3.96862696659689
2,3,8,22,243.690889754096,0.0257834230632086,3,3,3.96862696659689
2,3,9,10,243.690889754096,0.0257834230632086,3,3,3.96862696659689
2,3,10,19,54.5890104579478,0.115099820540249,3,3,4.5
2,3,11,13,-243.690889754096,-0.0257834230632086,3,3,3.96862696659689
2,3,13,22,-54.5890104579478,-0.115099820540249,3,3,4.5
2,4,1,3,-44.5985281604161,-0.140883243603458,3,3,3
2,4,1,5,-243.690889754096,-0.0257834230632086,3,3,3.96862696659689
2,4,1,6,44.5985281604161,0.140883243603458,3,3,3
2,4,1,7,243.690889754096,0.0257834230632086,3,3,3.96862696659689
2,4,3,5,54.5890104579478,0.115099820540249,3,3,4.5
2,4,3,8,-243.690889754096,-0.0257834230632086,3,3,3.96862696659689
2,4,6,7,-54.5890104579478,-0.115099820540249,3,3,4.5
2,4,6,12,243.690889754096,0.0257834230632086,3,3,3.96862696659689
2,4,8,10,243.690889754096,0.0257834230632086,3,3,3.96862696659689
2,4,9,10,-44.5985281604161,-0.140883243603458,3,3,3
2,4,9,14,44.5985281604161,0.140883243603458,3,3,3
2,4,9,20,-243.690889754096,-0.0257834230632086,3,3,3.96862696659689
2,4,9,23,243.690889754096,0.0257834230632086,3,3,3.96862696659689
2,4,10,20,54.5890104579478,0.115099820540249,3,3,4.5
2,4,12,14,-243.690889754096,-0.0257834230632086,3,3,3.96862696659689
2,4,14,23,-54.5890104579478,-0.115099820540249,3,3,4.5
2,8,1,3,44.5985281604161,0.140883243603458,3,3,3
2,8,1,4,-243.690889754096,-0.0257834230632086,3,3,3.96862696659689
2,8,1,5,54.5890104579478,0.115099820540249,3,3,4.5
2,8,3,5,-243.690889754096,-0.0257834230632086,3,3,3.96862696659689
2,8,3,11,243.690889754096,0.0257834230632086,3,3,3.96862696659689
2,8,3,13,44.5985281604161,0.140883243603458,3,3,3
2,8,4,9,243.690889754096,0.0257834230632086,3,3,3.96862696659689
2,8,9,10,44.5985281604161,0.140883243603458,3,3,3
2,8,9,20,54.5890104579478,0.115099820540249,3,3,4.5
2,8,10,19,44.5985281604161,0.140883243603458,3,3,3
2,8,10,20,-243.690889754096,-0.0257834230632086,3,3,3.96862696659689
2,8,10,26,243.690889754096,0.0257834230632086,3,3,3.96862696659689
2,8,11,13,54.5890104579478,0.115099820540249,3,3,4.5
2,8,13,22,243.690889754096,0.0257834230632086,3,3,3.96862696659689
2,8,19,22,243.690889754096,0.0257834230632086,3,3,3.96862696659689
2,8,19,26,-54.5890104579478,-0.115099820540249,3,3,4.5
2,9,1,3,-243.690889754096,-0.0257834230632086,3,3,3.96862696659689
2,9,1,4,44.5985281604161,0.140883243603458,3,3,3
2,9,1,6,54.5890104579478,0.115099820540249,3,3,4.5
2,9,3,8,243.690889754096,0.0257834230632086,3,3,3.96862696659689
2,9,4,6,-243.690889754096,-0.0257834230632086,3,3,3.96862696659689
2,9,4,12,243.690889754096,0.0257834230632086,3,3,3.96862696659689
2,9,4,14,44.5985281604161,0.140883243603458,3,3,3
2,9,8,10,44.5985281604161,0.140883243603458,3,3,3
2,9,8,19,54.5890104579478,0.115099820540249,3,3,4.5
2,9,10,19,-243.690889754096,-0.0257834230632086,3,3,3.96862696659689
2,9,10,20,44.5985281604161,0.140883243603458,3,3,3
2,9,10,26,243.690889754096,0.0257834230632086,3,3,3.96862696659689
2,9,12,14,54.5890104579478,0.115099820540249,3,3,4.5
2,9,14,23,243.690889754096,0.0257834230632086,3,3,3.96862696659689
2,9,20,23,243.690889754096,0.0257834230632086,3,3,3.96862696659689
2,9,20,26,-54.5890104579478,-0.115099820540249,3,3,4.5
2,10,1,3,243.690889754096,0.0257834230632086,3,3,3.96862696659689
2,10,1,4,243.690889754096,0.0257834230632086,3,3,3.96862696659689
2,10,3,8,44.5985281604161,0.140883243603458,3,3,3
2,10,3,13,54.5890104579478,0.115099820540249,3,3,4.5
2,10,4,9,44.5985281604161,0.140883243603458,3,3,3
2,10,4,14,54.5890104579478,0.115099820540249,3,3,4.5
2,10,8,13,-243.690889754096,-0.0257834230632086,3,3,3.96862696659689
2,10,8,19,44.5985281604161,0.140883243603458,3,3,3
2,10,8,22,243.690889754096,0.0257834230632086,3,3,3.96862696659689
2,10,9,14,-243.690889754096,-0.0257834230632086,3,3,3.96862696659689
2,10,9,20,44.5985281604161,0.140883243603458,3,3,3
2,10,9,23,243.690889754096,0.0257834230632086,3,3,3.96862696659689
2,10,19,22,-54.5890104579478,-0.115099820540249,3,3,4.5
2,10,19,26,243.690889754096,0.0257834230632086,3,3,3.96862696659689
2,10,20,23,-54.5890104579478,-0.115099820540249,3,3,4.5
2,10,20,26,243.690889754096,0.0257834230632086,3,3,3.96862696659689
3,5,1,2,-44.5985281604161,-0.140883243603458,3,3,3
3,5,1,4,-243.690889754096,-0.0257834230632086,3,3,3.96862696659689
3,5,1,6,243.690889754096,0.0257834230632086,3,3,3.96862696659689
3,5,1,7,44.5985281604161,0.140883243603458,3,3,3
3,5,2,4,54.5890104579478,0.115099820540249,3,3,4.5
3,5,2,8,-243.690889754096,-0.0257834230632086,3,3,3.96862696659689
3,5,6,7,54.5890104579478,0.115099820540249,3,3,4.5
3,5,7,15,243.690889754096,0.0257834230632086,3,3,3.96862696659689
3,5,8,13,243.690889754096,0.0257834230632086,3,3,3.96862696659689
3,5,11,13,-44.5985281604161,-0.140883243603458,3,3,3
3,5,11,17,44.5985281604161,0.140883243603458,3,3,3
3,5,11,24,-243.690889754096,-0.0257834230632086,3,3,3.96862696659689
3,5,11,27,243.690889754096,0.0257834230632086,3,3,3.96862696659689
3,5,13,24,54.5890104579478,0.115099820540249,3,3,4.5
3,5,15,17,-243.690889754096,-0.0257834230632086,3,3,3.96862696659689
3,5,17,27,-54.5890104579478,-0.115099820540249,3,3,4.5
3,8,1,2,44.5985281604161,0.140883243603458,3,3,3
3,8,1,4,54.5890104579478,0.115099820540249,3,3,4.5
3,8,1,5,-243.690889754096,-0.0257834230632086,3,3,3.96862696659689
3,8,2,4,-243.690889754096,-0.0257834230632086,3,3,3.96862696659689
3,8,2,9,243.690889754096,0.0257834230632086,3,3,3.96862696659689
3,8,2,10,44.5985281604161,0.140883243603458,3,3,3
3,8,5,11,243.690889754096,0.0257834230632086,3,3,3.96862696659689
3,8,9,10,54.5890104579478,0.115099820540249,3,3,4.5
3,8,10,19,243.690889754096,0.0257834230632086,3,3,3.96862696659689
3,8,11,13,44.5985281604161,0.140883243603458,3,3,3
3,8,11,24,54.5890104579478,0.115099820540249,3,3,4.5
3,8,13,22,44.5985281604161,0.140883243603458,3,3,3
3,8,13,24,-243.690889754096,-0.0257834230632086,3,3,3.96862696659689
3,8,13,29,243.690889754096,0.0257834230632086,3,3,3.96862696659689
3,8,19,22,-243.690889754096,-0.0257834230632086,3,3,3.96862696659689
3,8,22,29,-54.5890104579478,-0.115099820540249,3,3,4.5
3,11,1,2,-243.690889754096,-0.0257834230632086,3,3,3.96862696659689
3,11,1,5,44.5985281604161,0.140883243603458,3,3,3
3,11,1,7,54.5890104579478,0.115099820540249,3,3,4.5
3,11,2,8,243.690889754096,0.0257834230632086,3,3,3.96862696659689
3,11,5,7,-243.690889754096,-0.0257834230632086,3,3,3.96862696659689
3,11,5,15,243.690889754096,0.0257834230632086,3,3,3.96862696659689
3,11,5,17,44.5985281604161,0.140883243603458,3,3,3
3,11,8,13,44.5985281604161,0.140883243603458,3,3,3
3,11,8,22,54.5890104579478,0.115099820540249,3,3,4.5
3,11,13,22,-243.690889754096,-0.0257834230632086,3,3,3.96862696659689
3,11,13,24,44.5985281604161,0.140883243603458,3,3,3
3,11,13,29,243.690889754096,0.0257834230632086,3,3,3.96862696659689
3,11,15,17,54.5890104579478,0.115099820540249,3,3,4.5
3,11,17,27,243.690889754096,0.0257834230632086,3,3,3.96862696659689
3,11,24,27,243.690889754096,0.0257834230632086,3,3,3.96862696659689
3,11,24,29,-54.5890104579478,-0.115099820540249,3,3,4.5
3,13,1,2,243.690889754096,0.0257834230632086,3,3,3.96862696659689
3,13,1,5,243.690889754096,0.0257834230632086,3,3,3.96862696659689
3,13,2,8,44.5985281604161,0.140883243603458,3,3,3
3,13,2,10,54.5890104579478,0.115099820540249,3,3,4.5
3,13,5,11,44.5985281604161,0.140883243603458,3,3,3
3,13,5,17,54.5890104579478,0.115099820540249,3,3,4.5
3,13,8,10,-243.690889754096,-0.0257834230632086,3,3,3.96862696659689
3,13,8,19,243.690889754096,0.0257834230632086,3,3,3.96862696659689
3,13,8,22,44.5985281604161,0.140883243603458,3,3,3
3,13,11,17,-243.690889754096,-0.0257834230632086,3,3,3.96862696659689
3,13,11,24,44.5985281604161,0.140883243603458,3,3,3
3,13,11,27,243.690889754096,0.0257834230632086,3,3,3.96862696659689
3,13,19,22,54.5890104579478,0.115099820540249,3,3,4.5
3,13,22,29,243.690889754096,0.0257834230632086,3,3,3.96862696659689
3,13,24,27,-54.5890104579478,-0.115099820540249,3,3,4.5
3,13,24,29,243.690889754096,0.0257834230632086,3,3,3.96862696659689
4,6,1,2,-44.5985281604161,-0.140883243603458,3,3,3
4,6,1,3,-243.690889754096,-0.0257834230632086,3,3,3.96862696659689
4,6,1,5,243.690889754096,0.0257834230632086,3,3,3.96862696659689
4,6,1,7,44.5985281604161,0.140883243603458,3,3,3
4,6,2,3,54.5890104579478,0.115099820540249,3,3,4.5
4,6,2,9,-243.690889754096,-0.0257834230632086,3,3,3.96862696659689
4,6,5,7,54.5890104579478,0.115099820540249,3,3,4.5
4,6,7,16,243.690889754096,0.0257834230632086,3,3,3.96862696659689
4,6,9,14,243.690889754096,0.0257834230632086,3,3,3.96862696659689
4,6,12,14,-44.5985281604161,-0.140883243603458,3,3,3
4,6,12,18,44.5985281604161,0.140883243603458,3,3,3
4,6,12,25,-243.690889754096,-0.0257834230632086,3,3,3.96862696659689
4,6,12,28,243.690889754096,0.0257834230632086,3,3,3.96862696659689
4,6,14,25,54.5890104579478,0.115099820540249,3,3,4.5
4,6,16,18,-243.690889754096,-0.0257834230632086,3,3,3.96862696659689
4,6,18,28,-54.5890104579478,-0.115099820540249,3,3,4.5
4,9,1,2,44.5985281604161,0.140883243603458,3,3,3
4,9,1,3,54.5890104579478,0.115099820540249,3,3,4.5
4,9,1,6,-243.690889754096,-0.0257834230632086,3,3,3.96862696659689
4,9,2,3,-243.690889754096,-0.0257834230632086,3,3,3.96862696659689
4,9,2,8,243.690889754096,0.0257834230632086,3,3,3.96862696659689
4,9,2,10,44.5985281604161,0.140883243603458,3,3,3
4,9,6,12,243.690889754096,0.0257834230632086,3,3,3.96862696659689
4,9,8,10,54.5890104579478,0.115099820540249,3,3,4.5
4,9,10,20,243.690889754096,0.0257834230632086,3,3,3.96862696659689
4,9,12,14,44.5985281604161,0.140883243603458,3,3,3
4,9,12,25,54.5890104579478,0.115099820540249,3,3,4.5
4,9,14,23,44.5985281604161,0.140883243603458,3,3,3
4,9,14,25,-243.690889754096,-0.0257834230632086,3,3,3.96862696659689
4,9,14,30,243.690889754096,0.0257834230632086,3,3,3.96862696659689
4,9,20,23,-243.690889754096,-0.0257834230632086,3,3,3.96862696659689
4,9,23,30,-54.5890104579478,-0.115099820540249,3,3,4.5
4,12,1,2,-243.690889754096,-0.0257834230632086,3,3,3.96862696659689
4,12,1,6,44.5985281604161,0.140883243603458,3,3,3
4,12,1,7,54.5890104579478,0.115099820540249,3,3,4.5
4,12,2,9,243.690889754096,0.0257834230632086,3,3,3.96862696659689
4,12,6,7,-243.690889754096,-0.0257834230632086,3,3,3.96862696659689
4,12,6,16,243.690889754096,0.0257834230632086,3,3,3.96862696659689
4,12,6,18,44.5985281604161,0.140883243603458,3,3,3
4,12,9,14,44.5985281604161,0.140883243603458,3,3,3
4,12,9,23,54.5890104579478,0.115099820540249,3,3,4.5
4,12,14,23,-243.690889754096,-0.0257834230632086,3,3,3.96862696659689
4,12,14,25,44.5985281604161,0.140883243603458,3,3,3
4,12,14,30,243.690889754096,0.0257834230632086,3,3,3.96862696659689
4,12,16,18,54.5890104579478,0.115099820540249,3,3,4.5
4,12,18,28,243.690889754096,0.0257834230632086,3,3,3.96862696659689
4,12,25,28,243.690889754096,0.0257834230632086,3,3,3.96862696659689
4,12,25,30,-54.5890104579478,-0.115099820540249,3,3,4.5
4,14,1,2,243.690889754096,0.0257834230632086,3,3,3.96862696659689
4,14,1,6,243.690889754096,0.0257834230632086,3,3,3.96862696659689
4,14,2,9,44.5985281604161,0.140883243603458,3,3,3
4,14,2,10,54.5890104579478,0.115099820540249,3,3,4.5
4,14,6,12,44.5985281604161,0.140883243603458,3,3,3
4,14,6,18,54.5890104579478,0.115099820540249,3,3,4.5
4,14,9,10,-243.690889754096,-0.0257834230632086,3,3,3.96862696659689
4,14,9,20,243.690889754096,0.0257834230632086,3,3,3.96862696659689
4,14,9,23,44.5985281604161,0.140883243603458,3,3,3
4,14,12,18,-243.690889754096,-0.0257834230632086,3,3,3.96862696659689
4,14,12,25,44.5985281604161,0.140883243603458,3,3,3
4,14,12,28,243.690889754096,0.0257834230632086,3,3,3.96862696659689
4,14,20,23,54.5890104579478,0.115099820540249,3,3,4.5
4,14,23,30,243.690889754096,0.0257834230632086,3,3,3.96862696659689
4,14,25,28,-54.5890104579478,-0.115099820540249,3,3,4.5
4,14,25,30,243.690889754096,0.0257834230632086,3,3,3.96862696659689
5,7,1,2,-243.690889754096,-0.0257834230632086,3,3,3.96862696659689
5,7,1,3,-44.5985281604161,-0.140883243603458,3,3,3
5,7,1,4,243.690889754096,0.0257834230632086,3,3,3.96862696659689
5,7,1,6,44.5985281604161,0.140883243603458,3,3,3
5,7,2,3,-54.5890104579478,-0.115099820540249,3,3,4.5
5,7,3,11,-243.690889754096,-0.0257834230632086,3,3,3.96862696659689
5,7,4,6,54.5890104579478,0.115099820540249,3,3,4.5
5,7,6,16,243.690889754096,0.0257834230632086,3,3,3.96862696659689
5,7,11,17,243.690889754096,0.0257834230632086,3,3,3.96862696659689
5,7,15,17,-44.5985281604161,-0.140883243603458,3,3,3
5,7,15,21,44.5985281604161,0.140883243603458,3,3,3
5,7,15,31,-243.690889754096,-0.0257834230632086,3,3,3.96862696659689
5,7,15,33,243.690889754096,0.0257834230632086,3,3,3.96862696659689
5,7,16,21,-243.690889754096,-0.0257834230632086,3,3,3.96862696659689
5,7,17,31,54.5890104579478,0.115099820540249,3,3,4.5
5,7,21,33,-54.5890104579478,-0.115099820540249,3,3,4.5
5,11,1,2,54.5890104579478,0.115099820540249,3,3,4.5
5,11,1,3,44.5985281604161,0.140883243603458,3,3,3
5,11,1,7,-243.690889754096,-0.0257834230632086,3,3,3.96862696659689
5,11,2,3,243.690889754096,0.0257834230632086,3,3,3.96862696659689
5,11,3,8,243.690889754096,0.0257834230632086,3,3,3.96862696659689
5,11,3,13,44.5985281604161,0.140883243603458,3,3,3
5,11,7,15,243.690889754096,0.0257834230632086,3,3,3.96862696659689
5,11,8,13,54.5890104579478,0.115099820540249,3,3,4.5
5,11,13,24,243.690889754096,0.0257834230632086,3,3,3.96862696659689
5,11,15,17,44.5985281604161,0.140883243603458,3,3,3
5,11,15,31,54.5890104579478,0.115099820540249,3,3,4.5
5,11,17,27,44.5985281604161,0.140883243603458,3,3,3
5,11,17,31,-243.690889754096,-0.0257834230632086,3,3,3.96862696659689
5,11,17,35,243.690889754096,0.0257834230632086,3,3,3.96862696659689
5,11,24,27,-243.690889754096,-0.0257834230632086,3,3,3.96862696659689
5,11,27,35,-54.5890104579478,-0.115099820540249,3,3,4.5
5,15,1,3,-243.690889754096,-0.0257834230632086,3,3,3.96862696659689
5,15,1,6,54.5890104579478,0.115099820540249,3,3,4.5
5,15,1,7,44.5985281604161,0.140883243603458,3,3,3
5,15,3,11,243.690889754096,0.0257834230632086,3,3,3.96862696659689
5,15,6,7,243.690889754096,0.0257834230632086,3,3,3.96862696659689
5,15,7,16,243.690889754096,0.0257834230632086,3,3,3.96862696659689
5,15,7,21,44.5985281604161,0.140883243603458,3,3,3
5,15,11,17,44.5985281604161,0.140883243603458,3,3,3
5,15,11,27,54.5890104579478,0.115099820540249,3,3,4.5
5,15,16,21,54.5890104579478,0.115099820540249,3,3,4.5
5,15,17,27,-243.690889754096,-0.0257834230632086,3,3,3.96862696659689
5,15,17,31,44.5985281604161,0.140883243603458,3,3,3
5,15,17,35,243.690889754096,0.0257834230632086,3,3,3.96862696659689
5,15,21,33,243.690889754096,0.0257834230632086,3,3,3.96862696659689
5,15,31,33,243.690889754096,0.0257834230632086,3,3,3.96862696659689
5,15,31,35,-54.5890104579478,-0.115099820540249,3,3,4.5
5,17,1,3,243.690889754096,0.0257834230632086,3,3,3.96862696659689
5,17,1,7,243.690889754096,0.0257834230632086,3,3,3.96862696659689
5,17,3,11,44.5985281604161,0.140883243603458,3,3,3
5,17,3,13,54.5890104579478,0.115099820540249,3,3,4.5
5,17,7,15,44.5985281604161,0.140883243603458,3,3,3
5,17,7,21,54.5890104579478,0.115099820540249,3,3,4.5
5,17,11,13,-243.690889754096,-0.0257834230632086,3,3,3.96862696659689
5,17,11,24,243.690889754096,0.0257834230632086,3,3,3.96862696659689
5,17,11,27,44.5985281604161,0.140883243603458,3,3,3
5,17,15,21,-243.690889754096,-0.0257834230632086,3,3,3.96862696659689
5,17,15,31,44.5985281604161,0.140883243603458,3,3,3
5,17,15,33,243.690889754096,0.0257834230632086,3,3,3.96862696659689
5,17,24,27,54.5890104579478,0.115099820540249,3,3,4.5
5,17,27,35,243.690889754096,0.0257834230632086,3,3,3.96862696659689
5,17,31,33,-54.5890104579478,-0.115099820540249,3,3,4.5
5,17,31,35,243.690889754096,0.0257834230632086,3,3,3.96862696659689
6,7,1,2,-243.690889754096,-0.0257834230632086,3,3,3.96862696659689
6,7,1,3,243.690889754096,0.0257834230632086,3,3,3.96862696659689
6,7,1,4,-44.5985281604161,-0.140883243603458,3,3,3
6,7,1,5,44.5985281604161,0.140883243603458,3,3,3
6,7,2,4,-54.5890104579478,-0.115099820540249,3,3,4.5
6,7,3,5,54.5890104579478,0.115099820540249,3,3,4.5
6,7,4,12,-243.690889754096,-0.0257834230632086,3,3,3.96862696659689
6,7,5,15,243.690889754096,0.0257834230632086,3,3,3.96862696659689
6,7,12,18,243.690889754096,0.0257834230632086,3,3,3.96862696659689
6,7,15,21,-243.690889754096,-0.0257834230632086,3,3,3.96862696659689
6,7,16,18,-44.5985281604161,-0.140883243603458,3,3,3
6,7,16,21,44.5985281604161,0.140883243603458,3,3,3
6,7,16,32,-243.690889754096,-0.0257834230632086,3,3,3.96862696659689
6,7,16,34,243.690889754096,0.0257834230632086,3,3,3.96862696659689
6,7,18,32,54.5890104579478,0.115099820540249,3,3,4.5
6,7,21,34,-54.5890104579478,-0.115099820540249,3,3,4.5
6,12,1,2,54.5890104579478,0.115099820540249,3,3,4.5
6,12,1,4,44.5985281604161,0.140883243603458,3,3,3
6,12,1,7,-243.690889754096,-0.0257834230632086,3,3,3.96862696659689
6,12,2,4,243.690889754096,0.0257834230632086,3,3,3.96862696659689
6,12,4,9,243.690889754096,0.0257834230632086,3,3,3.96862696659689
6,12,4,14,44.5985281604161,0.140883243603458,3,3,3
6,12,7,16,243.690889754096,0.0257834230632086,3,3,3.96862696659689
6,12,9,14,54.5890104579478,0.115099820540249,3,3,4.5
6,12,14,25,243.690889754096,0.0257834230632086,3,3,3.96862696659689
6,12,16,18,44.5985281604161,0.140883243603458,3,3,3
6,12,16,32,54.5890104579478,0.115099820540249,3,3,4.5
6,12,18,28,44.5985281604161,0.140883243603458,3,3,3
6,12,18,32,-243.690889754096,-0.0257834230632086,3,3,3.96862696659689
6,12,18,38,243.690889754096,0.0257834230632086,3,3,3.96862696659689
6,12,25,28,-243.690889754096,-0.0257834230632086,3,3,3.96862696659689
6,12,28,38,-54.5890104579478,-0.115099820540249,3,3,4.5
6,16,1,4,-243.690889754096,-0.0257834230632086,3,3,3.96862696659689
6,16,1,5,54.5890104579478,0.115099820540249,3,3,4.5
6,16,1,7,44.5985281604161,0.140883243603458,3,3,3
6,16,4,12,243.690889754096,0.0257834230632086,3,3,3.96862696659689
6,16,5,7,243.690889754096,0.0257834230632086,3,3,3.96862696659689
6,16,7,15,243.690889754096,0.0257834230632086,3,3,3.96862696659689
6,16,7,21,44.5985281604161,0.140883243603458,3,3,3
6,16,12,18,44.5985281604161,0.140883243603458,3,3,3
6,16,12,28,54.5890104579478,0.115099820540249,3,3,4.5
6,16,15,21,54.5890104579478,0.115099820540249,3,3,4.5
6,16,18,28,-243.690889754096,-0.0257834230632086,3,3,3.96862696659689
6,16,18,32,44.5985281604161,0.140883243603458,3,3,3
6,16,18,38,243.690889754096,0.0257834230632086,3,3,3.96862696659689
6,16,21,34,243.690889754096,0.0257834230632086,3,3,3.96862696659689
6,16,32,34,243.690889754096,0.0257834230632086,3,3,3.96862696659689
6,16,32,38,-54.5890104579478,-0.115099820540249,3,3,4.5
6,18,1,4,243.690889754096,0.0257834230632086,3,3,3.96862696659689
6,18,1,7,243.690889754096,0.0257834230632086,3,3,3.96862696659689
6,18,4,12,44.5985281604161,0.140883243603458,3,3,3
6,18,4,14,54.5890104579478,0.115099820540249,3,3,4.5
6,18,7,16,44.5985281604161,0.140883243603458,3,3,3
6,18,7,21,54.5890104579478,0.115099820540249,3,3,4.5
6,18,12,14,-243.690889754096,-0.0257834230632086,3,3,3.96862696659689
6,18,12,25,243.690889754096,0.0257834230632086,3,3,3.96862696659689
6,18,12,28,44.5985281604161,0.140883243603458,3,3,3
6,18,16,21,-243.690889754096,-0.0257834230632086,3,3,3.96862696659689
6,18,16,32,44.5985281604161,0.140883243603458,3,3,3
6,18,16,34,243.690889754096,0.0257834230632086,3,3,3.96862696659689
6,18,25,28,54.5890104579478,0.115099820540249,3,3,4.5
6,18,28,38,243.690889754096,0.0257834230632086,3,3,3.96862696659689
6,18,32,34,-54.5890104579478,-0.115099820540249,3,3,4.5
6,18,32,38,243.690889754096,0.0257834230632086,3,3,3.96862696659689
7,15,1,3,54.5890104579478,0.115099820540249,3,3,4.5
7,15,1,5,44.5985281604161,0.140883243603458,3,3,3
7,15,1,6,-243.690889754096,-0.0257834230632086,3,3,3.96862696659689
7,15,3,5,243.690889754096,0.0257834230632086,3,3,3.96862696659689
7,15,5,11,243.690889754096,0.0257834230632086,3,3,3.96862696659689
7,15,5,17,44.5985281604161,0.140883243603458,3,3,3
7,15,6,16,243.690889754096,0.0257834230632086,3,3,3.96862696659689
7,15,11,17,54.5890104579478,0.115099820540249,3,3,4.5
7,15,16,21,44.5985281604161,0.140883243603458,3,3,3
7,15,16,34,54.5890104579478,0.115099820540249,3,3,4.5
7,15,17,31,243.690889754096,0.0257834230632086,3,3,3.96862696659689
7,15,21,33,44.5985281604161,0.140883243603458,3,3,3
7,15,21,34,-243.690889754096,-0.0257834230632086,3,3,3.96862696659689
7,15,21,41,243.690889754096,0.0257834230632086,3,3,3.96862696659689
7,15,31,33,-243.690889754096,-0.0257834230632086,3,3,3.96862696659689
7,15,33,41,-54.5890104579478,-0.115099820540249,3,3,4.5
7,16,1,4,54.5890104579478,0.115099820540249,3,3,4.5
7,16,1,5,-243.690889754096,-0.0257834230632086,3,3,3.96862696659689
7,16,1,6,44.5985281604161,0.140883243603458,3,3,3
7,16,4,6,243.690889754096,0.0257834230632086,3,3,3.96862696659689
7,16,5,15,243.690889754096,0.0257834230632086,3,3,3.96862696659689
7,16,6,12,243.690889754096,0.0257834230632086,3,3,3.96862696659689
7,16,6,18,44.5985281604161,0.140883243603458,3,3,3
7,16,12,18,54.5890104579478,0.115099820540249,3,3,4.5
7,16,15,21,44.5985281604161,0.140883243603458,3,3,3
7,16,15,33,54.5890104579478,0.115099820540249,3,3,4.5
7,16,18,32,243.690889754096,0.0257834230632086,3,3,3.96862696659689
7,16,21,33,-243.690889754096,-0.0257834230632086,3,3,3.96862696659689
7,16,21,34,44.5985281604161,0.140883243603458,3,3,3
7,16,21,41,243.690889754096,0.0257834230632086,3,3,3.96862696659689
7,16,32,34,-243.690889754096,-0.0257834230632086,3,3,3.96862696659689
7,16,34,41,-54.5890104579478,-0.115099820540249,3,3,4.5
7,21,1,5,243.690889754096,0.0257834230632086,3,3,3.96862696659689
7,21,1,6,243.690889754096,0.0257834230632086,3,3,3.96862696659689
7,21,5,15,44.5985281604161,0.140883243603458,3,3,3
7,21,5,17,54.5890104579478,0.115099820540249,3,3,4.5
7,21,6,16,44.5985281604161,0.140883243603458,3,3,3
7,21,6,18,54.5890104579478,0.115099820540249,3,3,4.5
7,21,15,17,-243.690889754096,-0.0257834230632086,3,3,3.96862696659689
7,21,15,31,243.690889754096,0.0257834230632086,3,3,3.96862696659689
7,21,15,33,44.5985281604161,0.140883243603458,3,3,3
7,21,16,18,-243.690889754096,-0.0257834230632086,3,3,3.96862696659689
7,21,16,32,243.690889754096,0.0257834230632086,3,3,3.96862696659689
7,21,16,34,44.5985281604161,0.140883243603458,3,3,3
7,21,31,33,54.5890104579478,0.115099820540249,3,3,4.5
7,21,32,34,54.5890104579478,0.115099820540249,3,3,4.5
7,21,33,41,243.690889754096,0.0257834230632086,3,3,3.96862696659689
7,21,34,41,243.690889754096,0.0257834230632086,3,3,3.96862696659689
8,10,1,2,243.690889754096,0.0257834230632086,3,3,3.96862696659689
8,10,1,3,-54.5890104579478,-0.115099820540249,3,3,4.5
8,10,2,3,-44.5985281604161,-0.140883243603458,3,3,3
8,10,2,4,243.690889754096,0.0257834230632086,3,3,3.96862696659689
8,10,2,9,44.5985281604161,0.140883243603458,3,3,3
8,10,3,13,-243.690889754096,-0.0257834230632086,3,3,3.96862696659689
8,10,4,9,54.5890104579478,0.115099820540249,3,3,4.5
8,10,9,20,243.690889754096,0.0257834230632086,3,3,3.96862696659689
8,10,13,22,243.690889754096,0.0257834230632086,3,3,3.96862696659689
8,10,19,22,-44.5985281604161,-0.140883243603458,3,3,3
8,10,19,26,44.5985281604161,0.140883243603458,3,3,3
8,10,19,36,-243.690889754096,-0.0257834230632086,3,3,3.96862696659689
8,10,19,39,243.690889754096,0.0257834230632086,3,3,3.96862696659689
8,10,20,26,-243.690889754096,-0.0257834230632086,3,3,3.96862696659689
8,10,22,36,54.5890104579478,0.115099820540249,3,3,4.5
8,10,26,39,-54.5890104579478,-0.115099820540249,3,3,4.5
8,13,1,2,-54.5890104579478,-0.115099820540249,3,3,4.5
8,13,1,3,243.690889754096,0.0257834230632086,3,3,3.96862696659689
8,13,2,3,44.5985281604161,0.140883243603458,3,3,3
8,13,2,10,-243.690889754096,-0.0257834230632086,3,3,3.96862696659689
8,13,3,5,243.690889754096,0.0257834230632086,3,3,3.96862696659689
8,13,3,11,44.5985281604161,0.140883243603458,3,3,3
8,13,5,11,54.5890104579478,0.115099820540249,3,3,4.5
8,13,10,19,243.690889754096,0.0257834230632086,3,3,3.96862696659689
8,13,11,24,243.690889754096,0.0257834230632086,3,3,3.96862696659689
8,13,19,22,44.5985281604161,0.140883243603458,3,3,3
8,13,19,36,54.5890104579478,0.115099820540249,3,3,4.5
8,13,22,29,44.5985281604161,0.140883243603458,3,3,3
8,13,22,36,-243.690889754096,-0.0257834230632086,3,3,3.96862696659689
8,13,22,42,243.690889754096,0.0257834230632086,3,3,3.96862696659689
8,13,24,29,-243.690889754096,-0.0257834230632086,3,3,3.96862696659689
8,13,29,42,-54.5890104579478,-0.115099820540249,3,3,4.5
8,19,2,3,-243.690889754096,-0.0257834230632086,3,3,3.96862696659689
8,19,2,9,54.5890104579478,0.115099820540249,3,3,4.5
8,19,2,10,44.5985281604161,0.140883243603458,3,3,3
8,19,3,13,243.690889754096,0.0257834230632086,3,3,3.96862696659689
8,19,9,10,243.690889754096,0.0257834230632086,3,3,3.96862696659689
8,19,10,20,243.690889754096,0.0257834230632086,3,3,3.96862696659689
8,19,10,26,44.5985281604161,0.140883243603458,3,3,3
8,19,13,22,44.5985281604161,0.140883243603458,3,3,3
8,19,13,29,54.5890104579478,0.115099820540249,3,3,4.5
8,19,20,26,54.5890104579478,0.115099820540249,3,3,4.5
8,19,22,29,-243.690889754096,-0.0257834230632086,3,3,3.96862696659689
8,19,22,36,44.5985281604161,0.140883243603458,3,3,3
8,19,22,42,243.690889754096,0.0257834230632086,3,3,3.96862696659689
8,19,26,39,243.690889754096,0.0257834230632086,3,3,3.96862696659689
8,19,36,39,243.690889754096,0.0257834230632086,3,3,3.96862696659689
8,19,36,42,-54.5890104579478,-0.115099820540249,3,3,4.5
8,22,2,3,243.690889754096,0.0257834230632086,3,3,3.96862696659689
8,22,2,10,243.690889754096,0.0257834230632086,3,3,3.96862696659689
8,22,3,11,54.5890104579478,0.115099820540249,3,3,4.5
8,22,3,13,44.5985281604161,0.140883243603458,3,3,3
8,22,10,19,44.5985281604161,0.140883243603458,3,3,3
8,22,10,26,54.5890104579478,0.115099820540249,3,3,4.5
8,22,11,13,243.690889754096,0.0257834230632086,3,3,3.96862696659689
8,22,13,24,243.690889754096,0.0257834230632086,3,3,3.96862696659689
8,22,13,29,44.5985281604161,0.140883243603458,3,3,3
8,22,19,26,-243.690889754096,-0.0257834230632086,3,3,3.96862696659689
8,22,19,36,44.5985281604161,0.140883243603458,3,3,3
8,22,19,39,243.690889754096,0.0257834230632086,3,3,3.96862696659689
8,22,24,29,54.5890104579478,0.115099820540249,3,3,4.5
8,22,29,42,243.690889754096,0.0257834230632086,3,3,3.96862696659689
8,22,36,39,-54.5890104579478,-0.115099820540249,3,3,4.5
8,22,36,42,243.690889754096,0.0257834230632086,3,3,3.96862696659689
9,10,1,2,243.690889754096,0.0257834230632086,3,3,3.96862696659689
9,10,1,4,-54.5890104579478,-0.115099820540249,3,3,4.5
9,10,2,3,243.690889754096,0.0257834230632086,3,3,3.96862696659689
9,10,2,4,-44.5985281604161,-0.140883243603458,3,3,3
9,10,2,8,44.5985281604161,0.140883243603458,3,3,3
9,10,3,8,54.5890104579478,0.115099820540249,3,3,4.5
9,10,4,14,-243.690889754096,-0.0257834230632086,3,3,3.96862696659689
9,10,8,19,243.690889754096,0.0257834230632086,3,3,3.96862696659689
9,10,14,23,243.690889754096,0.0257834230632086,3,3,3.96862696659689
9,10,19,26,-243.690889754096,-0.0257834230632086,3,3,3.96862696659689
9,10,20,23,-44.5985281604161,-0.140883243603458,3,3,3
9,10,20,26,44.5985281604161,0.140883243603458,3,3,3
9,10,20,37,-243.690889754096,-0.0257834230632086,3,3,3.96862696659689
9,10,20,40,243.690889754096,0.0257834230632086,3,3,3.96862696659689
9,10,23,37,54.5890104579478,0.115099820540249,3,3,4.5
9,10,26,40,-54.5890104579478,-0.115099820540249,3,3,4.5
9,14,1,2,-54.5890104579478,-0.115099820540249,3,3,4.5
9,14,1,4,243.690889754096,0.0257834230632086,3,3,3.96862696659689
9,14,2,4,44.5985281604161,0.140883243603458,3,3,3
9,14,2,10,-243.690889754096,-0.0257834230632086,3,3,3.96862696659689
9,14,4,6,243.690889754096,0.0257834230632086,3,3,3.96862696659689
9,14,4,12,44.5985281604161,0.140883243603458,3,3,3
9,14,6,12,54.5890104579478,0.115099820540249,3,3,4.5
9,14,10,20,243.690889754096,0.0257834230632086,3,3,3.96862696659689
9,14,12,25,243.690889754096,0.0257834230632086,3,3,3.96862696659689
9,14,20,23,44.5985281604161,0.140883243603458,3,3,3
9,14,20,37,54.5890104579478,0.115099820540249,3,3,4.5
9,14,23,30,44.5985281604161,0.140883243603458,3,3,3
9,14,23,37,-243.690889754096,-0.0257834230632086,3,3,3.96862696659689
9,14,23,43,243.690889754096,0.0257834230632086,3,3,3.96862696659689
9,14,25,30,-243.690889754096,-0.0257834230632086,3,3,3.96862696659689
9,14,30,43,-54.5890104579478,-0.115099820540249,3,3,4.5
9,20,2,4,-243.690889754096,-0.0257834230632086,3,3,3.96862696659689
9,20,2,8,54.5890104579478,0.115099820540249,3,3,4.5
9,20,2,10,44.5985281604161,0.140883243603458,3,3,3
9,20,4,14,243.690889754096,0.0257834230632086,3,3,3.96862696659689
9,20,8,10,243.690889754096,0.0257834230632086,3,3,3.96862696659689
9,20,10,19,243.690889754096,0.0257834230632086,3,3,3.96862696659689
9,20,10,26,44.5985281604161,0.140883243603458,3,3,3
9,20,14,23,44.5985281604161,0.140883243603458,3,3,3
9,20,14,30,54.5890104579478,0.115099820540249,3,3,4.5
9,20,19,26,54.5890104579478,0.115099820540249,3,3,4.5
9,20,23,30,-243.690889754096,-0.0257834230632086,3,3,3.96862696659689
9,20,23,37,44.5985281604161,0.140883243603458,3,3,3
9,20,23,43,243.690889754096,0.0257834230632086,3,3,3.96862696659689
9,20,26,40,243.690889754096,0.0257834230632086,3,3,3.96862696659689
9,20,37,40,243.690889754096,0.0257834230632086,3,3,3.96862696659689
9,20,37,43,-54.5890104579478,-0.115099820540249,3,3,4.5
9,23,2,4,243.690889754096,0.0257834230632086,3,3,3.96862696659689
9,23,2,10,243.690889754096,0.0257834230632086,3,3,3.96862696659689
9,23,4,12,54.5890104579478,0.115099820540249,3,3,4.5
9,23,4,14,44.5985281604161,0.140883243603458,3,3,3
9,23,10,20,44.5985281604161,0.140883243603458,3,3,3
9,23,10,26,54.5890104579478,0.115099820540249,3,3,4.5
9,23,12,14,243.690889754096,0.0257834230632086,3,3,3.96862696659689
9,23,14,25,243.690889754096,0.0257834230632086,3,3,3.96862696659689
9,23,14,30,44.5985281604161,0.140883243603458,3,3,3
9,23,20,26,-243.690889754096,-0.0257834230632086,3,3,3.96862696659689
9,23,20,37,44.5985281604161,0.140883243603458,3,3,3
9,23,20,40,243.690889754096,0.0257834230632086,3,3,3.96862696659689
9,23,25,30,54.5890104579478,0.115099820540249,3,3,4.5
9,23,30,43,243.690889754096,0.0257834230632086,3,3,3.96862696659689
9,23,37,40,-54.5890104579478,-0.115099820540249,3,3,4.5
9,23,37,43,243.690889754096,0.0257834230632086,3,3,3.96862696659689
10,19,2,3,54.5890104579478,0.115099820540249,3,3,4.5
10,19,2,8,44.5985281604161,0.140883243603458,3,3,3
10,19,2,9,-243.690889754096,-0.0257834230632086,3,3,3.96862696659689
10,19,3,8,243.690889754096,0.0257834230632086,3,3,3.96862696659689
10,19,8,13,243.690889754096,0.0257834230632086,3,3,3.96862696659689
10,19,8,22,44.5985281604161,0.140883243603458,3,3,3
10,19,9,20,243.690889754096,0.0257834230632086,3,3,3.96862696659689
10,19,13,22,54.5890104579478,0.115099820540249,3,3,4.5
10,19,20,26,44.5985281604161,0.140883243603458,3,3,3
10,19,20,40,54.5890104579478,0.115099820540249,3,3,4.5
10,19,22,36,243.690889754096,0.0257834230632086,3,3,3.96862696659689
10,19,26,39,44.5985281604161,0.140883243603458,3,3,3
10,19,26,40,-243.690889754096,-0.0257834230632086,3,3,3.96862696659689
10,19,26,48,243.690889754096,0.0257834230632086,3,3,3.96862696659689
10,19,36,39,-243.690889754096,-0.0257834230632086,3,3,3.96862696659689
10,19,39,48,-54.5890104579478,-0.115099820540249,3,3,4.5
10,20,2,4,54.5890104579478,0.115099820540249,3,3,4.5
10,20,2,8,-243.690889754096,-0.0257834230632086,3,3,3.96862696659689
10,20,2,9,44.5985281604161,0.140883243603458,3,3,3
10,20,4,9,243.690889754096,0.0257834230632086,3,3,3.96862696659689
10,20,8,19,243.690889754096,0.0257834230632086,3,3,3.96862696659689
10,20,9,14,243.690889754096,0.0257834230632086,3,3,3.96862696659689
10,20,9,23,44.5985281604161,0.140883243603458,3,3,3
10,20,14,23,54.5890104579478,0.115099820540249,3,3,4.5
10,20,19,26,44.5985281604161,0.140883243603458,3,3,3
10,20,19,39,54.5890104579478,0.115099820540249,3,3,4.5
10,20,23,37,243.690889754096,0.0257834230632086,3,3,3.96862696659689
10,20,26,39,-243.690889754096,-0.0257834230632086,3,3,3.96862696659689
10,20,26,40,44.5985281604161,0.140883243603458,3,3,3
10,20,26,48,243.690889754096,0.0257834230632086,3,3,3.96862696659689
10,20,37,40,-243.690889754096,-0.0257834230632086,3,3,3.96862696659689
10,20,40,48,-54.5890104579478,-0.115099820540249,3,3,4.5
10,26,2,8,243.690889754096,0.0257834230632086,3,3,3.96862696659689
10,26,2,9,243.690889754096,0.0257834230632086,3,3,3.96862696659689
10,26,8,19,44.5985281604161,0.140883243603458,3,3,3
10,26,8,22,54.5890104579478,0.115099820540249,3,3,4.5
10,26,9,20,44.5985281604161,0.140883243603458,3,3,3
10,26,9,23,54.5890104579478,0.115099820540249,3,3,4.5
10,26,19,22,-243.690889754096,-0.0257834230632086,3,3,3.96862696659689
10,26,19,36,243.690889754096,0.0257834230632086,3,3,3.96862696659689
10,26,19,39,44.5985281604161,0.140883243603458,3,3,3
10,26,20,23,-243.690889754096,-0.0257834230632086,3,3,3.96862696659689
10,26,20,37,243.690889754096,0.0257834230632086,3,3,3.96862696659689
10,26,20,40,44.5985281604161,0.140883243603458,3,3,3
10,26,36,39,54.5890104579478,0.115099820540249,3,3,4.5
10,26,37,40,54.5890104579478,0.115099820540249,3,3,4.5
10,26,39,48,243.690889754096,0.0257834230632086,3,3,3.96862696659689
10,26,40,48,243.690889754096,0.0257834230632086,3,3,3.96862696659689
11,13,1,3,243.690889754096,0.0257834230632086,3,3,3.96862696659689
11,13,1,5,-54.5890104579478,-0.115099820540249,3,3,4.5
11,13,2,3,-243.690889754096,-0.0257834230632086,3,3,3.96862696659689
11,13,2,8,54.5890104579478,0.115099820540249,3,3,4.5
11,13,3,5,-44.5985281604161,-0.140883243603458,3,3,3
11,13,3,8,44.5985281604161,0.140883243603458,3,3,3
11,13,5,17,-243.690889754096,-0.0257834230632086,3,3,3.96862696659689
11,13,8,22,243.690889754096,0.0257834230632086,3,3,3.96862696659689
11,13,17,27,243.690889754096,0.0257834230632086,3,3,3.96862696659689
11,13,22,29,-243.690889754096,-0.0257834230632086,3,3,3.96862696659689
11,13,24,27,-44.5985281604161,-0.140883243603458,3,3,3
11,13,24,29,44.5985281604161,0.140883243603458,3,3,3
11,13,24,44,-243.690889754096,-0.0257834230632086,3,3,3.96862696659689
11,13,24,46,243.690889754096,0.0257834230632086,3,3,3.96862696659689
11,13,27,44,54.5890104579478,0.115099820540249,3,3,4.5
11,13,29,46,-54.5890104579478,-0.115099820540249,3,3,4.5
11,17,1,3,-54.5890104579478,-0.115099820540249,3,3,4.5
11,17,1,5,243.690889754096,0.0257834230632086,3,3,3.96862696659689
11,17,3,5,44.5985281604161,0.140883243603458,3,3,3
11,17,3,13,-243.690889754096,-0.0257834230632086,3,3,3.96862696659689
11,17,5,7,243.690889754096,0.0257834230632086,3,3,3.96862696659689
11,17,5,15,44.5985281604161,0.140883243603458,3,3,3
11,17,7,15,54.5890104579478,0.115099820540249,3,3,4.5
11,17,13,24,243.690889754096,0.0257834230632086,3,3,3.96862696659689
11,17,15,31,243.690889754096,0.0257834230632086,3,3,3.96862696659689
11,17,24,27,44.5985281604161,0.140883243603458,3,3,3
11,17,24,44,54.5890104579478,0.115099820540249,3,3,4.5
11,17,27,35,44.5985281604161,0.140883243603458,3,3,3
11,17,27,44,-243.690889754096,-0.0257834230632086,3,3,3.96862696659689
11,17,27,49,243.690889754096,0.0257834230632086,3,3,3.96862696659689
11,17,31,35,-243.690889754096,-0.0257834230632086,3,3,3.96862696659689
11,17,35,49,-54.5890104579478,-0.115099820540249,3,3,4.5
11,24,3,5,-243.690889754096,-0.0257834230632086,3,3,3.96862696659689
11,24,3,8,54.5890104579478,0.115099820540249,3,3,4.5
11,24,3,13,44.5985281604161,0.140883243603458,3,3,3
11,24,5,17,243.690889754096,0.0257834230632086,3,3,3.96862696659689
11,24,8,13,243.690889754096,0.0257834230632086,3,3,3.96862696659689
11,24,13,22,243.690889754096,0.0257834230632086,3,3,3.96862696659689
11,24,13,29,44.5985281604161,0.140883243603458,3,3,3
11,24,17,27,44.5985281604161,0.140883243603458,3,3,3
11,24,17,35,54.5890104579478,0.115099820540249,3,3,4.5
11,24,22,29,54.5890104579478,0.115099820540249,3,3,4.5
11,24,27,35,-243.690889754096,-0.0257834230632086,3,3,3.96862696659689
11,24,27,44,44.5985281604161,0.140883243603458,3,3,3
11,24,27,49,243.690889754096,0.0257834230632086,3,3,3.96862696659689
11,24,29,46,243.690889754096,0.0257834230632086,3,3,3.96862696659689
11,24,44,46,243.690889754096,0.0257834230632086,3,3,3.96862696659689
11,24,44,49,-54.5890104579478,-0.115099820540249,3,3,4.5
11,27,3,5,243.690889754096,0.0257834230632086,3,3,3.96862696659689
11,27,3,13,243.690889754096,0.0257834230632086,3,3,3.96862696659689
11,27,5,15,54.5890104579478,0.115099820540249,3,3,4.5
11,27,5,17,44.5985281604161,0.140883243603458,3,3,3
11,27,13,24,44.5985281604161,0.140883243603458,3,3,3
11,27,13,29,54.5890104579478,0.115099820540249,3,3,4.5
11,27,15,17,243.690889754096,0.0257834230632086,3,3,3.96862696659689
11,27,17,31,243.690889754096,0.0257834230632086,3,3,3.96862696659689
11,27,17,35,44.5985281604161,0.140883243603458,3,3,3
11,27,24,29,-243.690889754096,-0.0257834230632086,3,3,3.96862696659689
11,27,24,44,44.5985281604161,0.140883243603458,3,3,3
11,27,24,46,243.690889754096,0.0257834230632086,3,3,3.96862696659689
11,27,31,35,54.5890104579478,0.115099820540249,3,3,4.5
11,27,35,49,243.690889754096,0.0257834230632086,3,3,3.96862696659689
11,27,44,46,-54.5890104579478,-0.115099820540249,3,3,4.5
11,27,44,49,243.690889754096,0.0257834230632086,3,3,3.96862696659689
12,14,1,4,243.690889754096,0.0257834230632086,3,3,3.96862696659689
12,14,1,6,-54.5890104579478,-0.115099820540249,3,3,4.5
12,14,2,4,-243.690889754096,-0.0257834230632086,3,3,3.96862696659689
12,14,2,9,54.5890104579478,0.115099820540249,3,3,4.5
12,14,4,6,-44.5985281604161,-0.140883243603458,3,3,3
12,14,4,9,44.5985281604161,0.140883243603458,3,3,3
12,14,6,18,-243.690889754096,-0.0257834230632086,3,3,3.96862696659689
12,14,9,23,243.690889754096,0.0257834230632086,3,3,3.96862696659689
12,14,18,28,243.690889754096,0.0257834230632086,3,3,3.96862696659689
12,14,23,30,-243.690889754096,-0.0257834230632086,3,3,3.96862696659689
12,14,25,28,-44.5985281604161,-0.140883243603458,3,3,3
12,14,25,30,44.5985281604161,0.140883243603458,3,3,3
12,14,25,45,-243.690889754096,-0.0257834230632086,3,3,3.96862696659689
12,14,25,47,243.690889754096,0.0257834230632086,3,3,3.96862696659689
12,14,28,45,54.5890104579478,0.115099820540249,3,3,4.5
12,14,30,47,-54.5890104579478,-0.115099820540249,3,3,4.5
12,18,1,4,-54.5890104579478,-0.115099820540249,3,3,4.5
12,18,1,6,243.690889754096,0.0257834230632086,3,3,3.96862696659689
12,18,4,6,44.5985281604161,0.140883243603458,3,3,3
12,18,4,14,-243.690889754096,-0.0257834230632086,3,3,3.96862696659689
12,18,6,7,243.690889754096,0.0257834230632086,3,3,3.96862696659689
12,18,6,16,44.5985281604161,0.140883243603458,3,3,3
12,18,7,16,54.5890104579478,0.115099820540249,3,3,4.5
12,18,14,25,243.690889754096,0.0257834230632086,3,3,3.96862696659689
12,18,16,32,243.690889754096,0.0257834230632086,3,3,3.96862696659689
12,18,25,28,44.5985281604161,0.140883243603458,3,3,3
12,18,25,45,54.5890104579478,0.115099820540249,3,3,4.5
12,18,28,38,44.5985281604161,0.140883243603458,3,3,3
12,18,28,45,-243.690889754096,-0.0257834230632086,3,3,3.96862696659689
12,18,28,50,243.690889754096,0.0257834230632086,3,3,3.96862696659689
12,18,32,38,-243.690889754096,-0.0257834230632086,3,3,3.96862696659689
12,18,38,50,-54.5890104579478,-0.115099820540249,3,3,4.5
12,25,4,6,-243.690889754096,-0.0257834230632086,3,3,3.96862696659689
12,25,4,9,54.5890104579478,0.115099820540249,3,3,4.5
12,25,4,14,44.5985281604161,0.140883243603458,3,3,3
12,25,6,18,243.690889754096,0.0257834230632086,3,3,3.96862696659689
12,25,9,14,243.690889754096,0.0257834230632086,3,3,3.96862696659689
12,25,14,23,243.690889754096,0.0257834230632086,3,3,3.96862696659689
12,25,14,30,44.5985281604161,0.140883243603458,3,3,3
12,25,18,28,44.5985281604161,0.140883243603458,3,3,3
12,25,18,38,54.5890104579478,0.115099820540249,3,3,4.5
12,25,23,30,54.5890104579478,0.115099820540249,3,3,4.5
12,25,28,38,-243.690889754096,-0.0257834230632086,3,3,3.96862696659689
12,25,28,45,44.5985281604161,0.140883243603458,3,3,3
12,25,28,50,243.690889754096,0.0257834230632086,3,3,3.96862696659689
12,25,30,47,243.690889754096,0.0257834230632086,3,3,3.96862696659689
12,25,45,47,243.690889754096,0.0257834230632086,3,3,3.96862696659689
12,25,45,50,-54.5890104579478,-0.115099820540249,3,3,4.5
12,28,4,6,243.690889754096,0.0257834230632086,3,3,3.96862696659689
12,28,4,14,243.690889754096,0.0257834230632086,3,3,3.96862696659689
12,28,6,16,54.5890104579478,0.115099820540249,3,3,4.5
12,28,6,18,44.5985281604161,0.140883243603458,3,3,3
12,28,14,25,44.5985281604161,0.140883243603458,3,3,3
12,28,14,30,54.5890104579478,0.115099820540249,3,3,4.5
12,28,16,18,243.690889754096,0.0257834230632086,3,3,3.96862696659689
12,28,18,32,243.690889754096,0.0257834230632086,3,3,3.96862696659689
12,28,18,38,44.5985281604161,0.140883243603458,3,3,3
12,28,25,30,-243.690889754096,-0.0257834230632086,3,3,3.96862696659689
12,28,25,45,44.5985281604161,0.140883243603458,3,3,3
12,28,25,47,243.690889754096,0.0257834230632086,3,3,3.96862696659689
12,28,32,38,54.5890104579478,0.115099820540249,3,3,4.5
12,28,38,50,243.690889754096,0.0257834230632086,3,3,3.96862696659689
12,28,45,47,-54.5890104579478,-0.115099820540249,3,3,4.5
12,28,45,50,243.690889754096,0.0257834230632086,3,3,3.96862696659689
13,22,2,3,-54.5890104579478,-0.115099820540249,3,3,4.5
13,22,2,8,243.690889754096,0.0257834230632086,3,3,3.96862696659689
13,22,3,8,44.5985281604161,0.140883243603458,3,3,3
13,22,3,11,-243.690889754096,-0.0257834230632086,3,3,3.96862696659689
13,22,8,10,243.690889754096,0.0257834230632086,3,3,3.96862696659689
13,22,8,19,44.5985281604161,0.140883243603458,3,3,3
13,22,10,19,54.5890104579478,0.115099820540249,3,3,4.5
13,22,11,24,243.690889754096,0.0257834230632086,3,3,3.96862696659689
13,22,19,36,243.690889754096,0.0257834230632086,3,3,3.96862696659689
13,22,24,29,44.5985281604161,0.140883243603458,3,3,3
13,22,24,46,54.5890104579478,0.115099820540249,3,3,4.5
13,22,29,42,44.5985281604161,0.140883243603458,3,3,3
13,22,29,46,-243.690889754096,-0.0257834230632086,3,3,3.96862696659689
13,22,29,54,243.690889754096,0.0257834230632086,3,3,3.96862696659689
13,22,36,42,-243.690889754096,-0.0257834230632086,3,3,3.96862696659689
13,22,42,54,-54.5890104579478,-0.115099820540249,3,3,4.5
13,24,3,5,54.5890104579478,0.115099820540249,3,3,4.5
13,24,3,8,-243.690889754096,-0.0257834230632086,3,3,3.96862696659689
13,24,3,11,44.5985281604161,0.140883243603458,3,3,3
13,24,5,11,243.690889754096,0.0257834230632086,3,3,3.96862696659689
13,24,8,22,243.690889754096,0.0257834230632086,3,3,3.96862696659689
13,24,11,17,243.690889754096,0.0257834230632086,3,3,3.96862696659689
13,24,11,27,44.5985281604161,0.140883243603458,3,3,3
13,24,17,27,54.5890104579478,0.115099820540249,3,3,4.5
13,24,22,29,44.5985281604161,0.140883243603458,3,3,3
13,24,22,42,54.5890104579478,0.115099820540249,3,3,4.5
13,24,27,44,243.690889754096,0.0257834230632086,3,3,3.96862696659689
13,24,29,42,-243.690889754096,-0.0257834230632086,3,3,3.96862696659689
13,24,29,46,44.5985281604161,0.140883243603458,3,3,3
13,24,29,54,243.690889754096,0.0257834230632086,3,3,3.96862696659689
13,24,44,46,-243.690889754096,-0.0257834230632086,3,3,3.96862696659689
13,24,46,54,-54.5890104579478,-0.115099820540249,3,3,4.5
13,29,3,8,243.690889754096,0.0257834230632086,3,3,3.96862696659689
13,29,3,11,243.690889754096,0.0257834230632086,3,3,3.96862696659689
13,29,8,19,54.5890104579478,0.115099820540249,3,3,4.5
13,29,8,22,44.5985281604161,0.140883243603458,3,3,3
13,29,11,24,44.5985281604161,0.140883243603458,3,3,3
13,29,11,27,54.5890104579478,0.115099820540249,3,3,4.5
13,29,19,22,243.690889754096,0.0257834230632086,3,3,3.96862696659689
13,29,22,36,243.690889754096,0.0257834230632086,3,3,3.96862696659689
13,29,22,42,44.5985281604161,0.140883243603458,3,3,3
13,29,24,27,-243.690889754096,-0.0257834230632086,3,3,3.96862696659689
13,29,24,44,243.690889754096,0.0257834230632086,3,3,3.96862696659689
13,29,24,46,44.5985281604161,0.140883243603458,3,3,3
13,29,36,42,54.5890104579478,0.115099820540249,3,3,4.5
13,29,42,54,243.690889754096,0.0257834230632086,3,3,3.96862696659689
13,29,44,46,54.5890104579478,0.115099820540249,3,3,4.5
13,29,46,54,243.690889754096,0.0257834230632086,3,3,3.96862696659689
14,23,2,4,-54.5890104579478,-0.115099820540249,3,3,4.5
14,23,2,9,243.690889754096,0.0257834230632086,3,3,3.96862696659689
14,23,4,9,44.5985281604161,0.140883243603458,3,3,3
14,23,4,12,-243.690889754096,-0.0257834230632086,3,3,3.96862696659689
14,23,9,10,243.690889754096,0.0257834230632086,3,3,3.96862696659689
14,23,9,20,44.5985281604161,0.140883243603458,3,3,3
14,23,10,20,54.5890104579478,0.115099820540249,3,3,4.5
14,23,12,25,243.690889754096,0.0257834230632086,3,3,3.96862696659689
14,23,20,37,243.690889754096,0.0257834230632086,3,3,3.96862696659689
14,23,25,30,44.5985281604161,0.140883243603458,3,3,3
14,23,25,47,54.5890104579478,0.115099820540249,3,3,4.5
14,23,30,43,44.5985281604161,0.140883243603458,3,3,3
14,23,30,47,-243.690889754096,-0.0257834230632086,3,3,3.96862696659689
14,23,30,55,243.690889754096,0.0257834230632086,3,3,3.96862696659689
14,23,37,43,-243.690889754096,-0.0257834230632086,3,3,3.96862696659689
14,23,43,55,-54.5890104579478,-0.115099820540249,3,3,4.5
14,25,4,6,54.5890104579478,0.115099820540249,3,3,4.5
14,25,4,9,-243.690889754096,-0.0257834230632086,3,3,3.96862696659689
14,25,4,12,44.5985281604161,0.140883243603458,3,3,3
14,25,6,12,243.690889754096,0.0257834230632086,3,3,3.96862696659689
14,25,9,23,243.690889754096,0.0257834230632086,3,3,3.96862696659689
14,25,12,18,243.690889754096,0.0257834230632086,3,3,3.96862696659689
14,25,12,28,44.5985281604161,0.140883243603458,3,3,3
14,25,18,28,54.5890104579478,0.115099820540249,3,3,4.5
14,25,23,30,44.5985281604161,0.140883243603458,3,3,3
14,25,23,43,54.5890104579478,0.115099820540249,3,3,4.5
14,25,28,45,243.690889754096,0.0257834230632086,3,3,3.96862696659689
14,25,30,43,-243.690889754096,-0.0257834230632086,3,3,3.96862696659689
14,25,30,47,44.5985281604161,0.140883243603458,3,3,3
14,25,30,55,243.690889754096,0.0257834230632086,3,3,3.96862696659689
14,25,45,47,-243.690889754096,-0.0257834230632086,3,3,3.96862696659689
14,25,47,55,-54.5890104579478,-0.115099820540249,3,3,4.5
14,30,4,9,243.690889754096,0.0257834230632086,3,3,3.96862696659689
14,30,4,12,243.690889754096,0.0257834230632086,3,3,3.96862696659689
14,30,9,20,54.5890104579478,0.115099820540249,3,3,4.5
14,30,9,23,44.5985281604161,0.140883243603458,3,3,3
14,30,12,25,44.5985281604161,0.140883243603458,3,3,3
14,30,12,28,54.5890104579478,0.115099820540249,3,3,4.5
14,30,20,23,243.690889754096,0.0257834230632086,3,3,3.96862696659689
14,30,23,37,243.690889754096,0.0257834230632086,3,3,3.96862696659689
14,30,23,43,44.5985281604161,0.140883243603458,3,3,3
14,30,25,28,-243.690889754096,-0.0257834230632086,3,3,3.96862696659689
14,30,25,45,243.690889754096,0.0257834230632086,3,3,3.96862696659689
14,30,25,47,44.5985281604161,0.140883243603458,3,3,3
14,30,37,43,54.5890104579478,0.115099820540249,3,3,4.5
14,30,43,55,243.690889754096,0.0257834230632086,3,3,3.96862696659689
14,30,45,47,54.5890104579478,0.115099820540249,3,3,4.5
14,30,47,55,243.690889754096,0.0257834230632086,3,3,3.96862696659689
15,17,1,5,243.690889754096,0.0257834230632086,3,3,3.96862696659689
15,17,1,7,-54.5890104579478,-0.115099820540249,3,3,4.5
15,17,3,5,-243.690889754096,-0.0257834230632086,3,3,3.96862696659689
15,17,3,11,54.5890104579478,0.115099820540249,3,3,4.5
15,17,5,7,-44.5985281604161,-0.140883243603458,3,3,3
15,17,5,11,44.5985281604161,0.140883243603458,3,3,3
15,17,7,21,-243.690889754096,-0.0257834230632086,3,3,3.96862696659689
15,17,11,27,243.690889754096,0.0257834230632086,3,3,3.96862696659689
15,17,21,33,243.690889754096,0.0257834230632086,3,3,3.96862696659689
15,17,27,35,-243.690889754096,-0.0257834230632086,3,3,3.96862696659689
15,17,31,33,-44.5985281604161,-0.140883243603458,3,3,3
15,17,31,35,44.5985281604161,0.140883243603458,3,3,3
15,17,31,51,-243.690889754096,-0.0257834230632086,3,3,3.96862696659689
15,17,31,53,243.690889754096,0.0257834230632086,3,3,3.96862696659689
15,17,33,51,54.5890104579478,0.115099820540249,3,3,4.5
15,17,35,53,-54.5890104579478,-0.115099820540249,3,3,4.5
15,21,1,5,-54.5890104579478,-0.115099820540249,3,3,4.5
15,21,1,7,243.690889754096,0.0257834230632086,3,3,3.96862696659689
15,21,5,7,44.5985281604161,0.140883243603458,3,3,3
15,21,5,17,-243.690889754096,-0.0257834230632086,3,3,3.96862696659689
15,21,6,7,-243.690889754096,-0.0257834230632086,3,3,3.96862696659689
15,21,6,16,54.5890104579478,0.115099820540249,3,3,4.5
15,21,7,16,44.5985281604161,0.140883243603458,3,3,3
15,21,16,34,243.690889754096,0.0257834230632086,3,3,3.96862696659689
15,21,17,31,243.690889754096,0.0257834230632086,3,3,3.96862696659689
15,21,31,33,44.5985281604161,0.140883243603458,3,3,3
15,21,31,51,54.5890104579478,0.115099820540249,3,3,4.5
15,21,33,41,44.5985281604161,0.140883243603458,3,3,3
15,21,33,51,-243.690889754096,-0.0257834230632086,3,3,3.96862696659689
15,21,33,57,243.690889754096,0.0257834230632086,3,3,3.96862696659689
15,21,34,41,-243.690889754096,-0.0257834230632086,3,3,3.96862696659689
15,21,41,57,-54.5890104579478,-0.115099820540249,3,3,4.5
15,31,5,7,-243.690889754096,-0.0257834230632086,3,3,3.96862696659689
15,31,5,11,54.5890104579478,0.115099820540249,3,3,4.5
15,31,5,17,44.5985281604161,0.140883243603458,3,3,3
15,31,7,21,243.690889754096,0.0257834230632086,3,3,3.96862696659689
15,31,11,17,243.690889754096,0.0257834230632086,3,3,3.96862696659689
15,31,17,27,243.690889754096,0.0257834230632086,3,3,3.96862696659689
15,31,17,35,44.5985281604161,0.140883243603458,3,3,3
15,31,21,33,44.5985281604161,0.140883243603458,3,3,3
15,31,21,41,54.5890104579478,0.115099820540249,3,3,4.5
15,31,27,35,54.5890104579478,0.115099820540249,3,3,4.5
15,31,33,41,-243.690889754096,-0.0257834230632086,3,3,3.96862696659689
15,31,33,51,44.5985281604161,0.140883243603458,3,3,3
15,31,33,57,243.690889754096,0.0257834230632086,3,3,3.96862696659689
15,31,35,53,243.690889754096,0.0257834230632086,3,3,3.96862696659689
15,31,51,53,243.690889754096,0.0257834230632086,3,3,3.96862696659689
15,31,51,57,-54.5890104579478,-0.115099820540249,3,3,4.5
15,33,5,7,243.690889754096,0.0257834230632086,3,3,3.96862696659689
15,33,5,17,243.690889754096,0.0257834230632086,3,3,3.96862696659689
15,33,7,16,54.5890104579478,0.115099820540249,3,3,4.5
15,33,7,21,44.5985281604161,0.140883243603458,3,3,3
15,33,16,21,243.690889754096,0.0257834230632086,3,3,3.96862696659689
15,33,17,31,44.5985281604161,0.140883243603458,3,3,3
15,33,17,35,54.5890104579478,0.115099820540249,3,3,4.5
15,33,21,34,243.690889754096,0.0257834230632086,3,3,3.96862696659689
15,33,21,41,44.5985281604161,0.140883243603458,3,3,3
15,33,31,35,-243.690889754096,-0.0257834230632086,3,3,3.96862696659689
15,33,31,51,44.5985281604161,0.140883243603458,3,3,3
15,33,31,53,243.690889754096,0.0257834230632086,3,3,3.96862696659689
15,33,34,41,54.5890104579478,0.115099820540249,3,3,4.5
15,33,41,57,243.690889754096,0.0257834230632086,3,3,3.96862696659689
15,33,51,53,-54.5890104579478,-0.115099820540249,3,3,4.5
15,33,51,57,243.690889754096,0.0257834230632086,3,3,3.96862696659689
16,18,1,6,243.690889754096,0.0257834230632086,3,3,3.96862696659689
16,18,1,7,-54.5890104579478,-0.115099820540249,3,3,4.5
16,18,4,6,-243.690889754096,-0.0257834230632086,3,3,3.96862696659689
16,18,4,12,54.5890104579478,0.115099820540249,3,3,4.5
16,18,6,7,-44.5985281604161,-0.140883243603458,3,3,3
16,18,6,12,44.5985281604161,0.140883243603458,3,3,3
16,18,7,21,-243.690889754096,-0.0257834230632086,3,3,3.96862696659689
16,18,12,28,243.690889754096,0.0257834230632086,3,3,3.96862696659689
16,18,21,34,243.690889754096,0.0257834230632086,3,3,3.96862696659689
16,18,28,38,-243.690889754096,-0.0257834230632086,3,3,3.96862696659689
16,18,32,34,-44.5985281604161,-0.140883243603458,3,3,3
16,18,32,38,44.5985281604161,0.140883243603458,3,3,3
16,18,32,52,-243.690889754096,-0.0257834230632086,3,3,3.96862696659689
16,18,32,56,243.690889754096,0.0257834230632086,3,3,3.96862696659689
16,18,34,52,54.5890104579478,0.115099820540249,3,3,4.5
16,18,38,56,-54.5890104579478,-0.115099820540249,3,3,4.5
16,21,1,6,-54.5890104579478,-0.115099820540249,3,3,4.5
16,21,1,7,243.690889754096,0.0257834230632086,3,3,3.96862696659689
16,21,5,7,-243.690889754096,-0.0257834230632086,3,3,3.96862696659689
16,21,5,15,54.5890104579478,0.115099820540249,3,3,4.5
16,21,6,7,44.5985281604161,0.140883243603458,3,3,3
16,21,6,18,-243.690889754096,-0.0257834230632086,3,3,3.96862696659689
16,21,7,15,44.5985281604161,0.140883243603458,3,3,3
16,21,15,33,243.690889754096,0.0257834230632086,3,3,3.96862696659689
16,21,18,32,243.690889754096,0.0257834230632086,3,3,3.96862696659689
16,21,32,34,44.5985281604161,0.140883243603458,3,3,3
16,21,32,52,54.5890104579478,0.115099820540249,3,3,4.5
16,21,33,41,-243.690889754096,-0.0257834230632086,3,3,3.96862696659689
16,21,34,41,44.5985281604161,0.140883243603458,3,3,3
16,21,34,52,-243.690889754096,-0.0257834230632086,3,3,3.96862696659689
16,21,34,58,243.690889754096,0.0257834230632086,3,3,3.96862696659689
16,21,41,58,-54.5890104579478,-0.115099820540249,3,3,4.5
16,32,6,7,-243.690889754096,-0.0257834230632086,3,3,3.96862696659689
16,32,6,12,54.5890104579478,0.115099820540249,3,3,4.5
16,32,6,18,44.5985281604161,0.140883243603458,3,3,3
16,32,7,21,243.690889754096,0.0257834230632086,3,3,3.96862696659689
16,32,12,18,243.690889754096,0.0257834230632086,3,3,3.96862696659689
16,32,18,28,243.690889754096,0.0257834230632086,3,3,3.96862696659689
16,32,18,38,44.5985281604161,0.140883243603458,3,3,3
16,32,21,34,44.5985281604161,0.140883243603458,3,3,3
16,32,21,41,54.5890104579478,0.115099820540249,3,3,4.5
16,32,28,38,54.5890104579478,0.115099820540249,3,3,4.5
16,32,34,41,-243.690889754096,-0.0257834230632086,3,3,3.96862696659689
16,32,34,52,44.5985281604161,0.140883243603458,3,3,3
16,32,34,58,243.690889754096,0.0257834230632086,3,3,3.96862696659689
16,32,38,56,243.690889754096,0.0257834230632086,3,3,3.96862696659689
16,32,52,56,243.690889754096,0.0257834230632086,3,3,3.96862696659689
16,32,52,58,-54.5890104579478,-0.115099820540249,3,3,4.5
16,34,6,7,243.690889754096,0.0257834230632086,3,3,3.96862696659689
16,34,6,18,243.690889754096,0.0257834230632086,3,3,3.96862696659689
16,34,7,15,54.5890104579478,0.115099820540249,3,3,4.5
16,34,7,21,44.5985281604161,0.140883243603458,3,3,3
16,34,15,21,243.690889754096,0.0257834230632086,3,3,3.96862696659689
16,34,18,32,44.5985281604161,0.140883243603458,3,3,3
16,34,18,38,54.5890104579478,0.115099820540249,3,3,4.5
16,34,21,33,243.690889754096,0.0257834230632086,3,3,3.96862696659689
16,34,21,41,44.5985281604161,0.140883243603458,3,3,3
16,34,32,38,-243.690889754096,-0.0257834230632086,3,3,3.96862696659689
16,34,32,52,44.5985281604161,0.140883243603458,3,3,3
16,34,32,56,243.690889754096,0.0257834230632086,3,3,3.96862696659689
16,34,33,41,54.5890104579478,0.115099820540249,3,3,4.5
16,34,41,58,243.690889754096,0.0257834230632086,3,3,3.96862696659689
16,34,52,56,-54.5890104579478,-0.115099820540249,3,3,4.5
16,34,52,58,243.690889754096,0.0257834230632086,3,3,3.96862696659689
17,27,3,5,-54.5890104579478,-0.115099820540249,3,3,4.5
17,27,3,11,243.690889754096,0.0257834230632086,3,3,3.96862696659689
17,27,5,11,44.5985281604161,0.140883243603458,3,3,3
17,27,5,15,-243.690889754096,-0.0257834230632086,3,3,3.96862696659689
17,27,11,13,243.690889754096,0.0257834230632086,3,3,3.96862696659689
17,27,11,24,44.5985281604161,0.140883243603458,3,3,3
17,27,13,24,54.5890104579478,0.115099820540249,3,3,4.5
17,27,15,31,243.690889754096,0.0257834230632086,3,3,3.96862696659689
17,27,24,44,243.690889754096,0.0257834230632086,3,3,3.96862696659689
17,27,31,35,44.5985281604161,0.140883243603458,3,3,3
17,27,31,53,54.5890104579478,0.115099820540249,3,3,4.5
17,27,35,49,44.5985281604161,0.140883243603458,3,3,3
17,27,35,53,-243.690889754096,-0.0257834230632086,3,3,3.96862696659689
17,27,35,63,243.690889754096,0.0257834230632086,3,3,3.96862696659689
17,27,44,49,-243.690889754096,-0.0257834230632086,3,3,3.96862696659689
17,27,49,63,-54.5890104579478,-0.115099820540249,3,3,4.5
17,31,5,7,54.5890104579478,0.115099820540249,3,3,4.5
17,31,5,11,-243.690889754096,-0.0257834230632086,3,3,3.96862696659689
17,31,5,15,44.5985281604161,0.140883243603458,3,3,3
17,31,7,15,243.690889754096,0.0257834230632086,3,3,3.96862696659689
17,31,11,27,243.690889754096,0.0257834230632086,3,3,3.96862696659689
17,31,15,21,243.690889754096,0.0257834230632086,3,3,3.96862696659689
17,31,15,33,44.5985281604161,0.140883243603458,3,3,3
17,31,21,33,54.5890104579478,0.115099820540249,3,3,4.5
17,31,27,35,44.5985281604161,0.140883243603458,3,3,3
17,31,27,49,54.5890104579478,0.115099820540249,3,3,4.5
17,31,33,51,243.690889754096,0.0257834230632086,3,3,3.96862696659689
17,31,35,49,-243.690889754096,-0.0257834230632086,3,3,3.96862696659689
17,31,35,53,44.5985281604161,0.140883243603458,3,3,3
17,31,35,63,243.690889754096,0.0257834230632086,3,3,3.96862696659689
17,31,51,53,-243.690889754096,-0.0257834230632086,3,3,3.96862696659689
17,31,53,63,-54.5890104579478,-0.115099820540249,3,3,4.5
17,35,5,11,243.690889754096,0.0257834230632086,3,3,3.96862696659689
17,35,5,15,243.690889754096,0.0257834230632086,3,3,3.96862696659689
17,35,11,24,54.5890104579478,0.115099820540249,3,3,4.5
17,35,11,27,44.5985281604161,0.140883243603458,3,3,3
17,35,15,31,44.5985281604161,0.140883243603458,3,3,3
17,35,15,33,54.5890104579478,0.115099820540249,3,3,4.5
17,35,24,27,243.690889754096,0.0257834230632086,3,3,3.96862696659689
17,35,27,44,243.690889754096,0.0257834230632086,3,3,3.96862696659689
17,35,27,49,44.5985281604161,0.140883243603458,3,3,3
17,35,31,33,-243.690889754096,-0.0257834230632086,3,3,3.96862696659689
17,35,31,51,243.690889754096,0.0257834230632086,3,3,3.96862696659689
17,35,31,53,44.5985281604161,0.140883243603458,3,3,3
17,35,44,49,54.5890104579478,0.115099820540249,3,3,4.5
17,35,49,63,243.690889754096,0.0257834230632086,3,3,3.96862696659689
17,35,51,53,54.5890104579478,0.115099820540249,3,3,4.5
17,35,53,63,243.690889754096,0.0257834230632086,3,3,3.96862696659689
18,28,4,6,-54.5890104579478,-0.115099820540249,3,3,4.5
18,28,4,12,243.690889754096,0.0257834230632086,3,3,3.96862696659689
18,28,6,12,44.5985281604161,0.140883243603458,3,3,3
18,28,6,16,-243.690889754096,-0.0257834230632086,3,3,3.96862696659689
18,28,12,14,243.690889754096,0.0257834230632086,3,3,3.96862696659689
18,28,12,25,44.5985281604161,0.140883243603458,3,3,3
18,28,14,25,54.5890104579478,0.115099820540249,3,3,4.5
18,28,16,32,243.690889754096,0.0257834230632086,3,3,3.96862696659689
18,28,25,45,243.690889754096,0.0257834230632086,3,3,3.96862696659689
18,28,32,38,44.5985281604161,0.140883243603458,3,3,3
18,28,32,56,54.5890104579478,0.115099820540249,3,3,4.5
18,28,38,50,44.5985281604161,0.140883243603458,3,3,3
18,28,38,56,-243.690889754096,-0.0257834230632086,3,3,3.96862696659689
18,28,38,64,243.690889754096,0.0257834230632086,3,3,3.96862696659689
18,28,45,50,-243.690889754096,-0.0257834230632086,3,3,3.96862696659689
18,28,50,64,-54.5890104579478,-0.115099820540249,3,3,4.5
18,32,6,7,54.5890104579478,0.115099820540249,3,3,4.5
18,32,6,12,-243.690889754096,-0.0257834230632086,3,3,3.96862696659689
18,32,6,16,44.5985281604161,0.140883243603458,3,3,3
18,32,7,16,243.690889754096,0.0257834230632086,3,3,3.96862696659689
18,32,12,28,243.690889754096,0.0257834230632086,3,3,3.96862696659689
18,32,16,21,243.690889754096,0.0257834230632086,3,3,3.96862696659689
18,32,16,34,44.5985281604161,0.140883243603458,3,3,3
18,32,21,34,54.5890104579478,0.115099820540249,3,3,4.5
18,32,28,38,44.5985281604161,0.140883243603458,3,3,3
18,32,28,50,54.5890104579478,0.115099820540249,3,3,4.5
18,32,34,52,243.690889754096,0.0257834230632086,3,3,3.96862696659689
18,32,38,50,-243.690889754096,-0.0257834230632086,3,3,3.96862696659689
18,32,38,56,44.5985281604161,0.140883243603458,3,3,3
18,32,38,64,243.690889754096,0.0257834230632086,3,3,3.96862696659689
18,32,52,56,-243.690889754096,-0.0257834230632086,3,3,3.96862696659689
18,32,56,64,-54.5890104579478,-0.115099820540249,3,3,4.5
18,38,6,12,243.690889754096,0.0257834230632086,3,3,3.96862696659689
18,38,6,16,243.690889754096,0.0257834230632086,3,3,3.96862696659689
18,38,12,25,54.5890104579478,0.115099820540249,3,3,4.5
18,38,12,28,44.5985281604161,0.140883243603458,3,3,3
18,38,16,32,44.5985281604161,0.140883243603458,3,3,3
18,38,16,34,54.5890104579478,0.115099820540249,3,3,4.5
18,38,25,28,243.690889754096,0.0257834230632086,3,3,3.96862696659689
18,38,28,45,243.690889754096,0.0257834230632086,3,3,3.96862696659689
18,38,28,50,44.5985281604161,0.140883243603458,3,3,3
18,38,32,34,-243.690889754096,-0.0257834230632086,3,3,3.96862696659689
18,38,32,52,243.690889754096,0.0257834230632086,3,3,3.96862696659689
18,38,32,56,44.5985281604161,0.140883243603458,3,3,3
18,38,45,50,54.5890104579478,0.115099820540249,3,3,4.5
18,38,50,64,243.690889754096,0.0257834230632086,3,3,3.96862696659689
18,38,52,56,54.5890104579478,0.115099820540249,3,3,4.5
18,38,56,64,243.690889754096,0.0257834230632086,3,3,3.96862696659689
19,22,2,8,243.690889754096,0.0257834230632086,3,3,3.96862696659689
19,22,2,10,-54.5890104579478,-0.115099820540249,3,3,4.5
19,22,3,8,-243.690889754096,-0.0257834230632086,3,3,3.96862696659689
19,22,3,13,54.5890104579478,0.115099820540249,3,3,4.5
19,22,8,10,-44.5985281604161,-0.140883243603458,3,3,3
19,22,8,13,44.5985281604161,0.140883243603458,3,3,3
19,22,10,26,-243.690889754096,-0.0257834230632086,3,3,3.96862696659689
19,22,13,29,243.690889754096,0.0257834230632086,3,3,3.96862696659689
19,22,26,39,243.690889754096,0.0257834230632086,3,3,3.96862696659689
19,22,29,42,-243.690889754096,-0.0257834230632086,3,3,3.96862696659689
19,22,36,39,-44.5985281604161,-0.140883243603458,3,3,3
19,22,36,42,44.5985281604161,0.140883243603458,3,3,3
19,22,36,59,-243.690889754096,-0.0257834230632086,3,3,3.96862696659689
19,22,36,61,243.690889754096,0.0257834230632086,3,3,3.96862696659689
19,22,39,59,54.5890104579478,0.115099820540249,3,3,4.5
19,22,42,61,-54.5890104579478,-0.115099820540249,3,3,4.5
19,26,2,8,-54.5890104579478,-0.115099820540249,3,3,4.5
19,26,2,10,243.690889754096,0.0257834230632086,3,3,3.96862696659689
19,26,8,10,44.5985281604161,0.140883243603458,3,3,3
19,26,8,22,-243.690889754096,-0.0257834230632086,3,3,3.96862696659689
19,26,9,10,-243.690889754096,-0.0257834230632086,3,3,3.96862696659689
19,26,9,20,54.5890104579478,0.115099820540249,3,3,4.5
19,26,10,20,44.5985281604161,0.140883243603458,3,3,3
19,26,20,40,243.690889754096,0.0257834230632086,3,3,3.96862696659689
19,26,22,36,243.690889754096,0.0257834230632086,3,3,3.96862696659689
19,26,36,39,44.5985281604161,0.140883243603458,3,3,3
19,26,36,59,54.5890104579478,0.115099820540249,3,3,4.5
19,26,39,48,44.5985281604161,0.140883243603458,3,3,3
19,26,39,59,-243.690889754096,-0.0257834230632086,3,3,3.96862696659689
19,26,39,65,243.690889754096,0.0257834230632086,3,3,3.96862696659689
19,26,40,48,-243.690889754096,-0.0257834230632086,3,3,3.96862696659689
19,26,48,65,-54.5890104579478,-0.115099820540249,3,3,4.5
19,36,8,10,-243.690889754096,-0.0257834230632086,3,3,3.96862696659689
19,36,8,13,54.5890104579478,0.115099820540249,3,3,4.5
19,36,8,22,44.5985281604161,0.140883243603458,3,3,3
19,36,10,26,243.690889754096,0.0257834230632086,3,3,3.96862696659689
19,36,13,22,243.690889754096,0.0257834230632086,3,3,3.96862696659689
19,36,22,29,243.690889754096,0.0257834230632086,3,3,3.96862696659689
19,36,22,42,44.5985281604161,0.140883243603458,3,3,3
19,36,26,39,44.5985281604161,0.140883243603458,3,3,3
19,36,26,48,54.5890104579478,0.115099820540249,3,3,4.5
19,36,29,42,54.5890104579478,0.115099820540249,3,3,4.5
19,36,39,48,-243.690889754096,-0.0257834230632086,3,3,3.96862696659689
19,36,39,59,44.5985281604161,0.140883243603458,3,3,3
19,36,39,65,243.690889754096,0.0257834230632086,3,3,3.96862696659689
19,36,42,61,243.690889754096,0.0257834230632086,3,3,3.96862696659689
19,36,59,61,243.690889754096,0.0257834230632086,3,3,3.96862696659689
19,36,59,65,-54.5890104579478,-0.115099820540249,3,3,4.5
19,39,8,10,243.690889754096,0.0257834230632086,3,3,3.96862696659689
19,39,8,22,243.690889754096,0.0257834230632086,3,3,3.96862696659689
19,39,10,20,54.5890104579478,0.115099820540249,3,3,4.5
19,39,10,26,44.5985281604161,0.140883243603458,3,3,3
19,39,20,26,243.690889754096,0.0257834230632086,3,3,3.96862696659689
19,39,22,36,44.5985281604161,0.140883243603458,3,3,3
19,39,22,42,54.5890104579478,0.115099820540249,3,3,4.5
19,39,26,40,243.690889754096,0.0257834230632086,3,3,3.96862696659689
19,39,26,48,44.5985281604161,0.140883243603458,3,3,3
19,39,36,42,-243.690889754096,-0.0257834230632086,3,3,3.96862696659689
19,39,36,59,44.5985281604161,0.140883243603458,3,3,3
19,39,36,61,243.690889754096,0.0257834230632086,3,3,3.96862696659689
19,39,40,48,54.5890104579478,0.115099820540249,3,3,4.5
19,39,48,65,243.690889754096,0.0257834230632086,3,3,3.96862696659689
19,39,59,61,-54.5890104579478,-0.115099820540249,3,3,4.5
19,39,59,65,243.690889754096,0.0257834230632086,3,3,3.96862696659689
20,23,2,9,243.690889754096,0.0257834230632086,3,3,3.96862696659689
20,23,2,10,-54.5890104579478,-0.115099820540249,3,3,4.5
20,23,4,9,-243.690889754096,-0.0257834230632086,3,3,3.96862696659689
20,23,4,14,54.5890104579478,0.115099820540249,3,3,4.5
20,23,9,10,-44.5985281604161,-0.140883243603458,3,3,3
20,23,9,14,44.5985281604161,0.140883243603458,3,3,3
20,23,10,26,-243.690889754096,-0.0257834230632086,3,3,3.96862696659689
20,23,14,30,243.690889754096,0.0257834230632086,3,3,3.96862696659689
20,23,26,40,243.690889754096,0.0257834230632086,3,3,3.96862696659689
20,23,30,43,-243.690889754096,-0.0257834230632086,3,3,3.96862696659689
20,23,37,40,-44.5985281604161,-0.140883243603458,3,3,3
20,23,37,43,44.5985281604161,0.140883243603458,3,3,3
20,23,37,60,-243.690889754096,-0.0257834230632086,3,3,3.96862696659689
20,23,37,62,243.690889754096,0.0257834230632086,3,3,3.96862696659689
20,23,40,60,54.5890104579478,0.115099820540249,3,3,4.5
20,23,43,62,-54.5890104579478,-0.115099820540249,3,3,4.5
20,26,2,9,-54.5890104579478,-0.115099820540249,3,3,4.5
20,26,2,10,243.690889754096,0.0257834230632086,3,3,3.96862696659689
20,26,8,10,-243.690889754096,-0.0257834230632086,3,3,3.96862696659689
20,26,8,19,54.5890104579478,0.115099820540249,3,3,4.5
20,26,9,10,44.5985281604161,0.140883243603458,3,3,3
20,26,9,23,-243.690889754096,-0.0257834230632086,3,3,3.96862696659689
20,26,10,19,44.5985281604161,0.140883243603458,3,3,3
20,26,19,39,243.690889754096,0.0257834230632086,3,3,3.96862696659689
20,26,23,37,243.690889754096,0.0257834230632086,3,3,3.96862696659689
20,26,37,40,44.5985281604161,0.140883243603458,3,3,3
20,26,37,60,54.5890104579478,0.115099820540249,3,3,4.5
20,26,39,48,-243.690889754096,-0.0257834230632086,3,3,3.96862696659689
20,26,40,48,44.5985281604161,0.140883243603458,3,3,3
20,26,40,60,-243.690889754096,-0.0257834230632086,3,3,3.96862696659689
20,26,40,66,243.690889754096,0.0257834230632086,3,3,3.96862696659689
20,26,48,66,-54.5890104579478,-0.115099820540249,3,3,4.5
20,37,9,10,-243.690889754096,-0.0257834230632086,3,3,3.96862696659689
20,37,9,14,54.5890104579478,0.115099820540249,3,3,4.5
20,37,9,23,44.5985281604161,0.140883243603458,3,3,3
20,37,10,26,243.690889754096,0.0257834230632086,3,3,3.96862696659689
20,37,14,23,243.690889754096,0.0257834230632086,3,3,3.96862696659689
20,37,23,30,243.690889754096,0.0257834230632086,3,3,3.96862696659689
20,37,23,43,44.5985281604161,0.140883243603458,3,3,3
20,37,26,40,44.5985281604161,0.140883243603458,3,3,3
20,37,26,48,54.5890104579478,0.115099820540249,3,3,4.5
20,37,30,43,54.5890104579478,0.115099820540249,3,3,4.5
20,37,40,48,-243.690889754096,-0.0257834230632086,3,3,3.96862696659689
20,37,40,60,44.5985281604161,0.140883243603458,3,3,3
20,37,40,66,243.690889754096,0.0257834230632086,3,3,3.96862696659689
20,37,43,62,243.690889754096,0.0257834230632086,3,3,3.96862696659689
20,37,60,62,243.690889754096,0.0257834230632086,3,3,3.96862696659689
20,37,60,66,-54.5890104579478,-0.115099820540249,3,3,4.5
20,40,9,10,243.690889754096,0.0257834230632086,3,3,3.96862696659689
20,40,9,23,243.690889754096,0.0257834230632086,3,3,3.96862696659689
20,40,10,19,54.5890104579478,0.115099820540249,3,3,4.5
20,40,10,26,44.5985281604161,0.140883243603458,3,3,3
20,40,19,26,243.690889754096,0.0257834230632086,3,3,3.96862696659689
20,40,23,37,44.5985281604161,0.140883243603458,3,3,3
20,40,23,43,54.5890104579478,0.115099820540249,3,3,4.5
20,40,26,39,243.690889754096,0.0257834230632086,3,3,3.96862696659689
20,40,26,48,44.5985281604161,0.140883243603458,3,3,3
20,40,37,43,-243.690889754096,-0.0257834230632086,3,3,3.96862696659689
20,40,37,60,44.5985281604161,0.140883243603458,3,3,3
20,40,37,62,243.690889754096,0.0257834230632086,3,3,3.96862696659689
20,40,39,48,54.5890104579478,0.115099820540249,3,3,4.5
20,40,48,66,243.690889754096,0.0257834230632086,3,3,3.96862696659689
20,40,60,62,-54.5890104579478,-0.115099820540249,3,3,4.5
20,40,60,66,243.690889754096,0.0257834230632086,3,3,3.96862696659689
21,33,5,7,-54.5890104579478,-0.115099820540249,3,3,4.5
21,33,5,15,243.690889754096,0.0257834230632086,3,3,3.96862696659689
21,33,7,15,44.5985281604161,0.140883243603458,3,3,3
21,33,7,16,-243.690889754096,-0.0257834230632086,3,3,3.96862696659689
21,33,15,17,243.690889754096,0.0257834230632086,3,3,3.96862696659689
21,33,15,31,44.5985281604161,0.140883243603458,3,3,3
21,33,16,34,243.690889754096,0.0257834230632086,3,3,3.96862696659689
21,33,17,31,54.5890104579478,0.115099820540249,3,3,4.5
21,33,31,51,243.690889754096,0.0257834230632086,3,3,3.96862696659689
21,33,34,41,44.5985281604161,0.140883243603458,3,3,3
21,33,34,58,54.5890104579478,0.115099820540249,3,3,4.5
21,33,41,57,44.5985281604161,0.140883243603458,3,3,3
21,33,41,58,-243.690889754096,-0.0257834230632086,3,3,3.96862696659689
21,33,41,69,243.690889754096,0.0257834230632086,3,3,3.96862696659689
21,33,51,57,-243.690889754096,-0.0257834230632086,3,3,3.96862696659689
21,33,57,69,-54.5890104579478,-0.115099820540249,3,3,4.5
21,34,6,7,-54.5890104579478,-0.115099820540249,3,3,4.5
21,34,6,16,243.690889754096,0.0257834230632086,3,3,3.96862696659689
21,34,7,15,-243.690889754096,-0.0257834230632086,3,3,3.96862696659689
21,34,7,16,44.5985281604161,0.140883243603458,3,3,3
21,34,15,33,243.690889754096,0.0257834230632086,3,3,3.96862696659689
21,34,16,18,243.690889754096,0.0257834230632086,3,3,3.96862696659689
21,34,16,32,44.5985281604161,0.140883243603458,3,3,3
21,34,18,32,54.5890104579478,0.115099820540249,3,3,4.5
21,34,32,52,243.690889754096,0.0257834230632086,3,3,3.96862696659689
21,34,33,41,44.5985281604161,0.140883243603458,3,3,3
21,34,33,57,54.5890104579478,0.115099820540249,3,3,4.5
21,34,41,57,-243.690889754096,-0.0257834230632086,3,3,3.96862696659689
21,34,41,58,44.5985281604161,0.140883243603458,3,3,3
21,34,41,69,243.690889754096,0.0257834230632086,3,3,3.96862696659689
21,34,52,58,-243.690889754096,-0.0257834230632086,3,3,3.96862696659689
21,34,58,69,-54.5890104579478,-0.115099820540249,3,3,4.5
21,41,7,15,243.690889754096,0.0257834230632086,3,3,3.96862696659689
21,41,7,16,243.690889754096,0.0257834230632086,3,3,3.96862696659689
21,41,15,31,54.5890104579478,0.115099820540249,3,3,4.5
21,41,15,33,44.5985281604161,0.140883243603458,3,3,3
21,41,16,32,54.5890104579478,0.115099820540249,3,3,4.5
21,41,16,34,44.5985281604161,0.140883243603458,3,3,3
21,41,31,33,243.690889754096,0.0257834230632086,3,3,3.96862696659689
21,41,32,34,243.690889754096,0.0257834230632086,3,3,3.96862696659689
21,41,33,51,243.690889754096,0.0257834230632086,3,3,3.96862696659689
21,41,33,57,44.5985281604161,0.140883243603458,3,3,3
21,41,34,52,243.690889754096,0.0257834230632086,3,3,3.96862696659689
21,41,34,58,44.5985281604161,0.140883243603458,3,3,3
21,41,51,57,54.5890104579478,0.115099820540249,3,3,4.5
21,41,52,58,54.5890104579478,0.115099820540249,3,3,4.5
21,41,57,69,243.690889754096,0.0257834230632086,3,3,3.96862696659689
21,41,58,69,243.690889754096,0.0257834230632086,3,3,3.96862696659689
22,29,3,8,-54.5890104579478,-0.115099820540249,3,3,4.5
22,29,3,13,243.690889754096,0.0257834230632086,3,3,3.96862696659689
22,29,8,13,44.5985281604161,0.140883243603458,3,3,3
22,29,8,19,-243.690889754096,-0.0257834230632086,3,3,3.96862696659689
22,29,11,13,-243.690889754096,-0.0257834230632086,3,3,3.96862696659689
22,29,11,24,54.5890104579478,0.115099820540249,3,3,4.5
22,29,13,24,44.5985281604161,0.140883243603458,3,3,3
22,29,19,36,243.690889754096,0.0257834230632086,3,3,3.96862696659689
22,29,24,46,243.690889754096,0.0257834230632086,3,3,3.96862696659689
22,29,36,42,44.5985281604161,0.140883243603458,3,3,3
22,29,36,61,54.5890104579478,0.115099820540249,3,3,4.5
22,29,42,54,44.5985281604161,0.140883243603458,3,3,3
22,29,42,61,-243.690889754096,-0.0257834230632086,3,3,3.96862696659689
22,29,42,70,243.690889754096,0.0257834230632086,3,3,3.96862696659689
22,29,46,54,-243.690889754096,-0.0257834230632086,3,3,3.96862696659689
22,29,54,70,-54.5890104579478,-0.115099820540249,3,3,4.5
22,36,8,10,54.5890104579478,0.115099820540249,3,3,4.5
22,36,8,13,-243.690889754096,-0.0257834230632086,3,3,3.96862696659689
22,36,8,19,44.5985281604161,0.140883243603458,3,3,3
22,36,10,19,243.690889754096,0.0257834230632086,3,3,3.96862696659689
22,36,13,29,243.690889754096,0.0257834230632086,3,3,3.96862696659689
22,36,19,26,243.690889754096,0.0257834230632086,3,3,3.96862696659689
22,36,19,39,44.5985281604161,0.140883243603458,3,3,3
22,36,26,39,54.5890104579478,0.115099820540249,3,3,4.5
22,36,29,42,44.5985281604161,0.140883243603458,3,3,3
22,36,29,54,54.5890104579478,0.115099820540249,3,3,4.5
22,36,39,59,243.690889754096,0.0257834230632086,3,3,3.96862696659689
22,36,42,54,-243.690889754096,-0.0257834230632086,3,3,3.96862696659689
22,36,42,61,44.5985281604161,0.140883243603458,3,3,3
22,36,42,70,243.690889754096,0.0257834230632086,3,3,3.96862696659689
22,36,59,61,-243.690889754096,-0.0257834230632086,3,3,3.96862696659689
22,36,61,70,-54.5890104579478,-0.115099820540249,3,3,4.5
22,42,8,13,243.690889754096,0.0257834230632086,3,3,3.96862696659689
22,42,8,19,243.690889754096,0.0257834230632086,3,3,3.96862696659689
22,42,13,24,54.5890104579478,0.115099820540249,3,3,4.5
22,42,13,29,44.5985281604161,0.140883243603458,3,3,3
22,42,19,36,44.5985281604161,0.140883243603458,3,3,3
22,42,19,39,54.5890104579478,0.115099820540249,3,3,4.5
22,42,24,29,243.690889754096,0.0257834230632086,3,3,3.96862696659689
22,42,29,46,243.690889754096,0.0257834230632086,3,3,3.96862696659689
22,42,29,54,44.5985281604161,0.140883243603458,3,3,3
22,42,36,39,-243.690889754096,-0.0257834230632086,3,3,3.96862696659689
22,42,36,59,243.690889754096,0.0257834230632086,3,3,3.96862696659689
22,42,36,61,44.5985281604161,0.140883243603458,3,3,3
22,42,46,54,54.5890104579478,0.115099820540249,3,3,4.5
22,42,54,70,243.690889754096,0.0257834230632086,3,3,3.96862696659689
22,42,59,61,54.5890104579478,0.115099820540249,3,3,4.5
22,42,61,70,243.690889754096,0.0257834230632086,3,3,3.96862696659689
23,30,4,9,-54.5890104579478,-0.115099820540249,3,3,4.5
23,30,4,14,243.690889754096,0.0257834230632086,3,3,3.96862696659689
23,30,9,14,44.5985281604161,0.140883243603458,3,3,3
23,30,9,20,-243.690889754096,-0.0257834230632086,3,3,3.96862696659689
23,30,12,14,-243.690889754096,-0.0257834230632086,3,3,3.96862696659689
23,30,12,25,54.5890104579478,0.115099820540249,3,3,4.5
23,30,14,25,44.5985281604161,0.140883243603458,3,3,3
23,30,20,37,243.690889754096,0.0257834230632086,3,3,3.96862696659689
23,30,25,47,243.690889754096,0.0257834230632086,3,3,3.96862696659689
23,30,37,43,44.5985281604161,0.140883243603458,3,3,3
23,30,37,62,54.5890104579478,0.115099820540249,3,3,4.5
23,30,43,55,44.5985281604161,0.140883243603458,3,3,3
23,30,43,62,-243.690889754096,-0.0257834230632086,3,3,3.96862696659689
23,30,43,71,243.690889754096,0.0257834230632086,3,3,3.96862696659689
23,30,47,55,-243.690889754096,-0.0257834230632086,3,3,3.96862696659689
23,30,55,71,-54.5890104579478,-0.115099820540249,3,3,4.5
23,37,9,10,54.5890104579478,0.115099820540249,3,3,4.5
23,37,9,14,-243.690889754096,-0.0257834230632086,3,3,3.96862696659689
23,37,9,20,44.5985281604161,0.140883243603458,3,3,3
23,37,10,20,243.690889754096,0.0257834230632086,3,3,3.96862696659689
23,37,14,30,243.690889754096,0.0257834230632086,3,3,3.96862696659689
23,37,20,26,243.690889754096,0.0257834230632086,3,3,3.96862696659689
23,37,20,40,44.5985281604161,0.140883243603458,3,3,3
23,37,26,40,54.5890104579478,0.115099820540249,3,3,4.5
23,37,30,43,44.5985281604161,0.140883243603458,3,3,3
23,37,30,55,54.5890104579478,0.115099820540249,3,3,4.5
23,37,40,60,243.690889754096,0.0257834230632086,3,3,3.96862696659689
23,37,43,55,-243.690889754096,-0.0257834230632086,3,3,3.96862696659689
23,37,43,62,44.5985281604161,0.140883243603458,3,3,3
23,37,43,71,243.690889754096,0.0257834230632086,3,3,3.96862696659689
23,37,60,62,-243.690889754096,-0.0257834230632086,3,3,3.96862696659689
23,37,62,71,-54.5890104579478,-0.115099820540249,3,3,4.5
23,43,9,14,243.690889754096,0.0257834230632086,3,3,3.96862696659689
23,43,9,20,243.690889754096,0.0257834230632086,3,3,3.96862696659689
23,43,14,25,54.5890104579478,0.115099820540249,3,3,4.5
23,43,14,30,44.5985281604161,0.140883243603458,3,3,3
23,43,20,37,44.5985281604161,0.140883243603458,3,3,3
23,43,20,40,54.5890104579478,0.115099820540249,3,3,4.5
23,43,25,30,243.690889754096,0.0257834230632086,3,3,3.96862696659689
23,43,30,47,243.690889754096,0.0257834230632086,3,3,3.96862696659689
23,43,30,55,44.5985281604161,0.140883243603458,3,3,3
23,43,37,40,-243.690889754096,-0.0257834230632086,3,3,3.96862696659689
23,43,37,60,243.690889754096,0.0257834230632086,3,3,3.96862696659689
23,43,37,62,44.5985281604161,0.140883243603458,3,3,3
23,43,47,55,54.5890104579478,0.115099820540249,3,3,4.5
23,43,55,71,243.690889754096,0.0257834230632086,3,3,3.96862696659689
23,43,60,62,54.5890104579478,0.115099820540249,3,3,4.5
23,43,62,71,243.690889754096,0.0257834230632086,3,3,3.96862696659689
24,27,3,11,243.690889754096,0.0257834230632086,3,3,3.96862696659689
24,27,3,13,-54.5890104579478,-0.115099820540249,3,3,4.5
24,27,5,11,-243.690889754096,-0.0257834230632086,3,3,3.96862696659689
24,27,5,17,54.5890104579478,0.115099820540249,3,3,4.5
24,27,11,13,-44.5985281604161,-0.140883243603458,3,3,3
24,27,11,17,44.5985281604161,0.140883243603458,3,3,3
24,27,13,29,-243.690889754096,-0.0257834230632086,3,3,3.96862696659689
24,27,17,35,243.690889754096,0.0257834230632086,3,3,3.96862696659689
24,27,29,46,243.690889754096,0.0257834230632086,3,3,3.96862696659689
24,27,35,49,-243.690889754096,-0.0257834230632086,3,3,3.96862696659689
24,27,44,46,-44.5985281604161,-0.140883243603458,3,3,3
24,27,44,49,44.5985281604161,0.140883243603458,3,3,3
24,27,44,67,-243.690889754096,-0.0257834230632086,3,3,3.96862696659689
24,27,44,72,243.690889754096,0.0257834230632086,3,3,3.96862696659689
24,27,46,67,54.5890104579478,0.115099820540249,3,3,4.5
24,27,49,72,-54.5890104579478,-0.115099820540249,3,3,4.5
24,29,3,11,-54.5890104579478,-0.115099820540249,3,3,4.5
24,29,3,13,243.690889754096,0.0257834230632086,3,3,3.96862696659689
24,29,8,13,-243.690889754096,-0.0257834230632086,3,3,3.96862696659689
24,29,8,22,54.5890104579478,0.115099820540249,3,3,4.5
24,29,11,13,44.5985281604161,0.140883243603458,3,3,3
24,29,11,27,-243.690889754096,-0.0257834230632086,3,3,3.96862696659689
24,29,13,22,44.5985281604161,0.140883243603458,3,3,3
24,29,22,42,243.690889754096,0.0257834230632086,3,3,3.96862696659689
24,29,27,44,243.690889754096,0.0257834230632086,3,3,3.96862696659689
24,29,42,54,-243.690889754096,-0.0257834230632086,3,3,3.96862696659689
24,29,44,46,44.5985281604161,0.140883243603458,3,3,3
24,29,44,67,54.5890104579478,0.115099820540249,3,3,4.5
24,29,46,54,44.5985281604161,0.140883243603458,3,3,3
24,29,46,67,-243.690889754096,-0.0257834230632086,3,3,3.96862696659689
24,29,46,74,243.690889754096,0.0257834230632086,3,3,3.96862696659689
24,29,54,74,-54.5890104579478,-0.115099820540249,3,3,4.5
24,44,11,13,-243.690889754096,-0.0257834230632086,3,3,3.96862696659689
24,44,11,17,54.5890104579478,0.115099820540249,3,3,4.5
24,44,11,27,44.5985281604161,0.140883243603458,3,3,3
24,44,13,29,243.690889754096,0.0257834230632086,3,3,3.96862696659689
24,44,17,27,243.690889754096,0.0257834230632086,3,3,3.96862696659689
24,44,27,35,243.690889754096,0.0257834230632086,3,3,3.96862696659689
24,44,27,49,44.5985281604161,0.140883243603458,3,3,3
24,44,29,46,44.5985281604161,0.140883243603458,3,3,3
24,44,29,54,54.5890104579478,0.115099820540249,3,3,4.5
24,44,35,49,54.5890104579478,0.115099820540249,3,3,4.5
24,44,46,54,-243.690889754096,-0.0257834230632086,3,3,3.96862696659689
24,44,46,67,44.5985281604161,0.140883243603458,3,3,3
24,44,46,74,243.690889754096,0.0257834230632086,3,3,3.96862696659689
24,44,49,72,243.690889754096,0.0257834230632086,3,3,3.96862696659689
24,44,67,72,243.690889754096,0.0257834230632086,3,3,3.96862696659689
24,44,67,74,-54.5890104579478,-0.115099820540249,3,3,4.5
24,46,11,13,243.690889754096,0.0257834230632086,3,3,3.96862696659689
24,46,11,27,243.690889754096,0.0257834230632086,3,3,3.96862696659689
24,46,13,22,54.5890104579478,0.115099820540249,3,3,4.5
24,46,13,29,44.5985281604161,0.140883243603458,3,3,3
24,46,22,29,243.690889754096,0.0257834230632086,3,3,3.96862696659689
24,46,27,44,44.5985281604161,0.140883243603458,3,3,3
24,46,27,49,54.5890104579478,0.115099820540249,3,3,4.5
24,46,29,42,243.690889754096,0.0257834230632086,3,3,3.96862696659689
24,46,29,54,44.5985281604161,0.140883243603458,3,3,3
24,46,42,54,54.5890104579478,0.115099820540249,3,3,4.5
24,46,44,49,-243.690889754096,-0.0257834230632086,3,3,3.96862696659689
24,46,44,67,44.5985281604161,0.140883243603458,3,3,3
24,46,44,72,243.690889754096,0.0257834230632086,3,3,3.96862696659689
24,46,54,74,243.690889754096,0.0257834230632086,3,3,3.96862696659689
24,46,67,72,-54.5890104579478,-0.115099820540249,3,3,4.5
24,46,67,74,243.690889754096,0.0257834230632086,3,3,3.96862696659689
25,28,4,12,243.690889754096,0.0257834230632086,3,3,3.96862696659689
25,28,4,14,-54.5890104579478,-0.115099820540249,3,3,4.5
25,28,6,12,-243.690889754096,-0.0257834230632086,3,3,3.96862696659689
25,28,6,18,54.5890104579478,0.115099820540249,3,3,4.5
25,28,12,14,-44.5985281604161,-0.140883243603458,3,3,3
25,28,12,18,44.5985281604161,0.140883243603458,3,3,3
25,28,14,30,-243.690889754096,-0.0257834230632086,3,3,3.96862696659689
25,28,18,38,243.690889754096,0.0257834230632086,3,3,3.96862696659689
25,28,30,47,243.690889754096,0.0257834230632086,3,3,3.96862696659689
25,28,38,50,-243.690889754096,-0.0257834230632086,3,3,3.96862696659689
25,28,45,47,-44.5985281604161,-0.140883243603458,3,3,3
25,28,45,50,44.5985281604161,0.140883243603458,3,3,3
25,28,45,68,-243.690889754096,-0.0257834230632086,3,3,3.96862696659689
25,28,45,73,243.690889754096,0.0257834230632086,3,3,3.96862696659689
25,28,47,68,54.5890104579478,0.115099820540249,3,3,4.5
25,28,50,73,-54.5890104579478,-0.115099820540249,3,3,4.5
25,30,4,12,-54.5890104579478,-0.115099820540249,3,3,4.5
25,30,4,14,243.690889754096,0.0257834230632086,3,3,3.96862696659689
25,30,9,14,-243.690889754096,-0.0257834230632086,3,3,3.96862696659689
25,30,9,23,54.5890104579478,0.115099820540249,3,3,4.5
25,30,12,14,44.5985281604161,0.140883243603458,3,3,3
25,30,12,28,-243.690889754096,-0.0257834230632086,3,3,3.96862696659689
25,30,14,23,44.5985281604161,0.140883243603458,3,3,3
25,30,23,43,243.690889754096,0.0257834230632086,3,3,3.96862696659689
25,30,28,45,243.690889754096,0.0257834230632086,3,3,3.96862696659689
25,30,43,55,-243.690889754096,-0.0257834230632086,3,3,3.96862696659689
25,30,45,47,44.5985281604161,0.140883243603458,3,3,3
25,30,45,68,54.5890104579478,0.115099820540249,3,3,4.5
25,30,47,55,44.5985281604161,0.140883243603458,3,3,3
25,30,47,68,-243.690889754096,-0.0257834230632086,3,3,3.96862696659689
25,30,47,75,243.690889754096,0.0257834230632086,3,3,3.96862696659689
25,30,55,75,-54.5890104579478,-0.115099820540249,3,3,4.5
25,45,12,14,-243.690889754096,-0.0257834230632086,3,3,3.96862696659689
25,45,12,18,54.5890104579478,0.115099820540249,3,3,4.5
25,45,12,28,44.5985281604161,0.140883243603458,3,3,3
25,45,14,30,243.690889754096,0.0257834230632086,3,3,3.96862696659689
25,45,18,28,243.690889754096,0.0257834230632086,3,3,3.96862696659689
25,45,28,38,243.690889754096,0.0257834230632086,3,3,3.96862696659689
25,45,28,50,44.5985281604161,0.140883243603458,3,3,3
25,45,30,47,44.5985281604161,0.140883243603458,3,3,3
25,45,30,55,54.5890104579478,0.115099820540249,3,3,4.5
25,45,38,50,54.5890104579478,0.115099820540249,3,3,4.5
25,45,47,55,-243.690889754096,-0.0257834230632086,3,3,3.96862696659689
25,45,47,68,44.5985281604161,0.140883243603458,3,3,3
25,45,47,75,243.690889754096,0.0257834230632086,3,3,3.96862696659689
25,45,50,73,243.690889754096,0.0257834230632086,3,3,3.96862696659689
25,45,68,73,243.690889754096,0.0257834230632086,3,3,3.96862696659689
25,45,68,75,-54.5890104579478,-0.115099820540249,3,3,4.5
25,47,12,14,243.690889754096,0.0257834230632086,3,3,3.96862696659689
25,47,12,28,243.690889754096,0.0257834230632086,3,3,3.96862696659689
25,47,14,23,54.5890104579478,0.115099820540249,3,3,4.5
25,47,14,30,44.5985281604161,0.140883243603458,3,3,3
25,47,23,30,243.690889754096,0.0257834230632086,3,3,3.96862696659689
25,47,28,45,44.5985281604161,0.140883243603458,3,3,3
25,47,28,50,54.5890104579478,0.115099820540249,3,3,4.5
25,47,30,43,243.690889754096,0.0257834230632086,3,3,3.96862696659689
25,47,30,55,44.5985281604161,0.140883243603458,3,3,3
25,47,43,55,54.5890104579478,0.115099820540249,3,3,4.5
25,47,45,50,-243.690889754096,-0.0257834230632086,3,3,3.96862696659689
25,47,45,68,44.5985281604161,0.140883243603458,3,3,3
25,47,45,73,243.690889754096,0.0257834230632086,3,3,3.96862696659689
25,47,55,75,243.690889754096,0.0257834230632086,3,3,3.96862696659689
25,47,68,73,-54.5890104579478,-0.115099820540249,3,3,4.5
25,47,68,75,243.690889754096,0.0257834230632086,3,3,3.96862696659689
26,39,8,10,-54.5890104579478,-0.115099820540249,3,3,4.5
26,39,8,19,243.690889754096,0.0257834230632086,3,3,3.96862696659689
26,39,10,19,44.5985281604161,0.140883243603458,3,3,3
26,39,10,20,-243.690889754096,-0.0257834230632086,3,3,3.96862696659689
26,39,19,22,243.690889754096,0.0257834230632086,3,3,3.96862696659689
26,39,19,36,44.5985281604161,0.140883243603458,3,3,3
26,39,20,40,243.690889754096,0.0257834230632086,3,3,3.96862696659689
26,39,22,36,54.5890104579478,0.115099820540249,3,3,4.5
26,39,36,59,243.690889754096,0.0257834230632086,3,3,3.96862696659689
26,39,40,48,44.5985281604161,0.140883243603458,3,3,3
26,39,40,66,54.5890104579478,0.115099820540249,3,3,4.5
26,39,48,65,44.5985281604161,0.140883243603458,3,3,3
26,39,48,66,-243.690889754096,-0.0257834230632086,3,3,3.96862696659689
26,39,48,79,243.690889754096,0.0257834230632086,3,3,3.96862696659689
26,39,59,65,-243.690889754096,-0.0257834230632086,3,3,3.96862696659689
26,39,65,79,-54.5890104579478,-0.115099820540249,3,3,4.5
26,40,9,10,-54.5890104579478,-0.115099820540249,3,3,4.5
26,40,9,20,243.690889754096,0.0257834230632086,3,3,3.96862696659689
26,40,10,19,-243.690889754096,-0.0257834230632086,3,3,3.96862696659689
26,40,10,20,44.5985281604161,0.140883243603458,3,3,3
26,40,19,39,243.690889754096,0.0257834230632086,3,3,3.96862696659689
26,40,20,23,243.690889754096,0.0257834230632086,3,3,3.96862696659689
26,40,20,37,44.5985281604161,0.140883243603458,3,3,3
26,40,23,37,54.5890104579478,0.115099820540249,3,3,4.5
26,40,37,60,243.690889754096,0.0257834230632086,3,3,3.96862696659689
26,40,39,48,44.5985281604161,0.140883243603458,3,3,3
26,40,39,65,54.5890104579478,0.115099820540249,3,3,4.5
26,40,48,65,-243.690889754096,-0.0257834230632086,3,3,3.96862696659689
26,40,48,66,44.5985281604161,0.140883243603458,3,3,3
26,40,48,79,243.690889754096,0.0257834230632086,3,3,3.96862696659689
26,40,60,66,-243.690889754096,-0.0257834230632086,3,3,3.96862696659689
26,40,66,79,-54.5890104579478,-0.115099820540249,3,3,4.5
26,48,10,19,243.690889754096,0.0257834230632086,3,3,3.96862696659689
26,48,10,20,243.690889754096,0.0257834230632086,3,3,3.96862696659689
26,48,19,36,54.5890104579478,0.115099820540249,3,3,4.5
26,48,19,39,44.5985281604161,0.140883243603458,3,3,3
26,48,20,37,54.5890104579478,0.115099820540249,3,3,4.5
26,48,20,40,44.5985281604161,0.140883243603458,3,3,3
26,48,36,39,243.690889754096,0.0257834230632086,3,3,3.96862696659689
26,48,37,40,243.690889754096,0.0257834230632086,3,3,3.96862696659689
26,48,39,59,243.690889754096,0.0257834230632086,3,3,3.96862696659689
26,48,39,65,44.5985281604161,0.140883243603458,3,3,3
26,48,40,60,243.690889754096,0.0257834230632086,3,3,3.96862696659689
26,48,40,66,44.5985281604161,0.140883243603458,3,3,3
26,48,59,65,54.5890104579478,0.115099820540249,3,3,4.5
26,48,60,66,54.5890104579478,0.115099820540249,3,3,4.5
26,48,65,79,243.690889754096,0.0257834230632086,3,3,3.96862696659689
26,48,66,79,243.690889754096,0.0257834230632086,3,3,3.96862696659689
27,35,5,11,-54.5890104579478,-0.115099820540249,3,3,4.5
27,35,5,17,243.690889754096,0.0257834230632086,3,3,3.96862696659689
27,35,11,17,44.5985281604161,0.140883243603458,3,3,3
27,35,11,24,-243.690889754096,-0.0257834230632086,3,3,3.96862696659689
27,35,15,17,-243.690889754096,-0.0257834230632086,3,3,3.96862696659689
27,35,15,31,54.5890104579478,0.115099820540249,3,3,4.5
27,35,17,31,44.5985281604161,0.140883243603458,3,3,3
27,35,24,44,243.690889754096,0.0257834230632086,3,3,3.96862696659689
27,35,31,53,243.690889754096,0.0257834230632086,3,3,3.96862696659689
27,35,44,49,44.5985281604161,0.140883243603458,3,3,3
27,35,44,72,54.5890104579478,0.115099820540249,3,3,4.5
27,35,49,63,44.5985281604161,0.140883243603458,3,3,3
27,35,49,72,-243.690889754096,-0.0257834230632086,3,3,3.96862696659689
27,35,49,81,243.690889754096,0.0257834230632086,3,3,3.96862696659689
27,35,53,63,-243.690889754096,-0.0257834230632086,3,3,3.96862696659689
27,35,63,81,-54.5890104579478,-0.115099820540249,3,3,4.5
27,44,11,13,54.5890104579478,0.115099820540249,3,3,4.5
27,44,11,17,-243.690889754096,-0.0257834230632086,3,3,3.96862696659689
27,44,11,24,44.5985281604161,0.140883243603458,3,3,3
27,44,13,24,243.690889754096,0.0257834230632086,3,3,3.96862696659689
27,44,17,35,243.690889754096,0.0257834230632086,3,3,3.96862696659689
27,44,24,29,243.690889754096,0.0257834230632086,3,3,3.96862696659689
27,44,24,46,44.5985281604161,0.140883243603458,3,3,3
27,44,29,46,54.5890104579478,0.115099820540249,3,3,4.5
27,44,35,49,44.5985281604161,0.140883243603458,3,3,3
27,44,35,63,54.5890104579478,0.115099820540249,3,3,4.5
27,44,46,67,243.690889754096,0.0257834230632086,3,3,3.96862696659689
27,44,49,63,-243.690889754096,-0.0257834230632086,3,3,3.96862696659689
27,44,49,72,44.5985281604161,0.140883243603458,3,3,3
27,44,49,81,243.690889754096,0.0257834230632086,3,3,3.96862696659689
27,44,67,72,-243.690889754096,-0.0257834230632086,3,3,3.96862696659689
27,44,72,81,-54.5890104579478,-0.115099820540249,3,3,4.5
27,49,11,17,243.690889754096,0.0257834230632086,3,3,3.96862696659689
27,49,11,24,243.690889754096,0.0257834230632086,3,3,3.96862696659689
27,49,17,31,54.5890104579478,0.115099820540249,3,3,4.5
27,49,17,35,44.5985281604161,0.140883243603458,3,3,3
27,49,24,44,44.5985281604161,0.140883243603458,3,3,3
27,49,24,46,54.5890104579478,0.115099820540249,3,3,4.5
27,49,31,35,243.690889754096,0.0257834230632086,3,3,3.96862696659689
27,49,35,53,243.690889754096,0.0257834230632086,3,3,3.96862696659689
27,49,35,63,44.5985281604161,0.140883243603458,3,3,3
27,49,44,46,-243.690889754096,-0.0257834230632086,3,3,3.96862696659689
27,49,44,67,243.690889754096,0.0257834230632086,3,3,3.96862696659689
27,49,44,72,44.5985281604161,0.140883243603458,3,3,3
27,49,53,63,54.5890104579478,0.115099820540249,3,3,4.5
27,49,63,81,243.690889754096,0.0257834230632086,3,3,3.96862696659689
27,49,67,72,54.5890104579478,0.115099820540249,3,3,4.5
27,49,72,81,243.690889754096,0.0257834230632086,3,3,3.96862696659689
28,38,6,12,-54.5890104579478,-0.115099820540249,3,3,4.5
28,38,6,18,243.690889754096,0.0257834230632086,3,3,3.96862696659689
28,38,12,18,44.5985281604161,0.140883243603458,3,3,3
28,38,12,25,-243.690889754096,-0.0257834230632086,3,3,3.96862696659689
28,38,16,18,-243.690889754096,-0.0257834230632086,3,3,3.96862696659689
28,38,16,32,54.5890104579478,0.115099820540249,3,3,4.5
28,38,18,32,44.5985281604161,0.140883243603458,3,3,3
28,38,25,45,243.690889754096,0.0257834230632086,3,3,3.96862696659689
28,38,32,56,243.690889754096,0.0257834230632086,3,3,3.96862696659689
28,38,45,50,44.5985281604161,0.140883243603458,3,3,3
28,38,45,73,54.5890104579478,0.115099820540249,3,3,4.5
28,38,50,64,44.5985281604161,0.140883243603458,3,3,3
28,38,50,73,-243.690889754096,-0.0257834230632086,3,3,3.96862696659689
28,38,50,82,243.690889754096,0.0257834230632086,3,3,3.96862696659689
28,38,56,64,-243.690889754096,-0.0257834230632086,3,3,3.96862696659689
28,38,64,82,-54.5890104579478,-0.115099820540249,3,3,4.5
28,45,12,14,54.5890104579478,0.115099820540249,3,3,4.5
28,45,12,18,-243.690889754096,-0.0257834230632086,3,3,3.96862696659689
28,45,12,25,44.5985281604161,0.140883243603458,3,3,3
28,45,14,25,243.690889754096,0.0257834230632086,3,3,3.96862696659689
28,45,18,38,243.690889754096,0.0257834230632086,3,3,3.96862696659689
28,45,25,30,243.690889754096,0.0257834230632086,3,3,3.96862696659689
28,45,25,47,44.5985281604161,0.140883243603458,3,3,3
28,45,30,47,54.5890104579478,0.115099820540249,3,3,4.5
28,45,38,50,44.5985281604161,0.140883243603458,3,3,3
28,45,38,64,54.5890104579478,0.115099820540249,3,3,4.5
28,45,47,68,243.690889754096,0.0257834230632086,3,3,3.96862696659689
28,45,50,64,-243.690889754096,-0.0257834230632086,3,3,3.96862696659689
28,45,50,73,44.5985281604161,0.140883243603458,3,3,3
28,45,50,82,243.690889754096,0.0257834230632086,3,3,3.96862696659689
28,45,68,73,-243.690889754096,-0.0257834230632086,3,3,3.96862696659689
28,45,73,82,-54.5890104579478,-0.115099820540249,3,3,4.5
28,50,12,18,243.690889754096,0.0257834230632086,3,3,3.96862696659689
28,50,12,25,243.690889754096,0.0257834230632086,3,3,3.96862696659689
28,50,18,32,54.5890104579478,0.115099820540249,3,3,4.5
28,50,18,38,44.5985281604161,0.140883243603458,3,3,3
28,50,25,45,44.5985281604161,0.140883243603458,3,3,3
28,50,25,47,54.5890104579478,0.115099820540249,3,3,4.5
28,50,32,38,243.690889754096,0.0257834230632086,3,3,3.96862696659689
28,50,38,56,243.690889754096,0.0257834230632086,3,3,3.96862696659689
28,50,38,64,44.5985281604161,0.140883243603458,3,3,3
28,50,45,47,-243.690889754096,-0.0257834230632086,3,3,3.96862696659689
28,50,45,68,243.690889754096,0.0257834230632086,3,3,3.96862696659689
28,50,45,73,44.5985281604161,0.140883243603458,3,3,3
28,50,56,64,54.5890104579478,0.115099820540249,3,3,4.5
28,50,64,82,243.690889754096,0.0257834230632086,3,3,3.96862696659689
28,50,68,73,54.5890104579478,0.115099820540249,3,3,4.5
28,50,73,82,243.690889754096,0.0257834230632086,3,3,3.96862696659689
29,42,8,13,-54.5890104579478,-0.115099820540249,3,3,4.5
29,42,8,22,243.690889754096,0.0257834230632086,3,3,3.96862696659689
29,42,13,22,44.5985281604161,0.140883243603458,3,3,3
29,42,13,24,-243.690889754096,-0.0257834230632086,3,3,3.96862696659689
29,42,19,22,-243.690889754096,-0.0257834230632086,3,3,3.96862696659689
29,42,19,36,54.5890104579478,0.115099820540249,3,3,4.5
29,42,22,36,44.5985281604161,0.140883243603458,3,3,3
29,42,24,46,243.690889754096,0.0257834230632086,3,3,3.96862696659689
29,42,36,61,243.690889754096,0.0257834230632086,3,3,3.96862696659689
29,42,46,54,44.5985281604161,0.140883243603458,3,3,3
29,42,46,74,54.5890104579478,0.115099820540249,3,3,4.5
29,42,54,70,44.5985281604161,0.140883243603458,3,3,3
29,42,54,74,-243.690889754096,-0.0257834230632086,3,3,3.96862696659689
29,42,54,85,243.690889754096,0.0257834230632086,3,3,3.96862696659689
29,42,61,70,-243.690889754096,-0.0257834230632086,3,3,3.96862696659689
29,42,70,85,-54.5890104579478,-0.115099820540249,3,3,4.5
29,46,11,13,-54.5890104579478,-0.115099820540249,3,3,4.5
29,46,11,24,243.690889754096,0.0257834230632086,3,3,3.96862696659689
29,46,13,22,-243.690889754096,-0.0257834230632086,3,3,3.96862696659689
29,46,13,24,44.5985281604161,0.140883243603458,3,3,3
29,46,22,42,243.690889754096,0.0257834230632086,3,3,3.96862696659689
29,46,24,27,243.690889754096,0.0257834230632086,3,3,3.96862696659689
29,46,24,44,44.5985281604161,0.140883243603458,3,3,3
29,46,27,44,54.5890104579478,0.115099820540249,3,3,4.5
29,46,42,54,44.5985281604161,0.140883243603458,3,3,3
29,46,42,70,54.5890104579478,0.115099820540249,3,3,4.5
29,46,44,67,243.690889754096,0.0257834230632086,3,3,3.96862696659689
29,46,54,70,-243.690889754096,-0.0257834230632086,3,3,3.96862696659689
29,46,54,74,44.5985281604161,0.140883243603458,3,3,3
29,46,54,85,243.690889754096,0.0257834230632086,3,3,3.96862696659689
29,46,67,74,-243.690889754096,-0.0257834230632086,3,3,3.96862696659689
29,46,74,85,-54.5890104579478,-0.115099820540249,3,3,4.5
29,54,13,22,243.690889754096,0.0257834230632086,3,3,3.96862696659689
29,54,13,24,243.690889754096,0.0257834230632086,3,3,3.96862696659689
29,54,22,36,54.5890104579478,0.115099820540249,3,3,4.5
29,54,22,42,44.5985281604161,0.140883243603458,3,3,3
29,54,24,44,54.5890104579478,0.115099820540249,3,3,4.5
29,54,24,46,44.5985281604161,0.140883243603458,3,3,3
29,54,36,42,243.690889754096,0.0257834230632086,3,3,3.96862696659689
29,54,42,61,243.690889754096,0.0257834230632086,3,3,3.96862696659689
29,54,42,70,44.5985281604161,0.140883243603458,3,3,3
29,54,44,46,243.690889754096,0.0257834230632086,3,3,3.96862696659689
29,54,46,67,243.690889754096,0.0257834230632086,3,3,3.96862696659689
29,54,46,74,44.5985281604161,0.140883243603458,3,3,3
29,54,61,70,54.5890104579478,0.115099820540249,3,3,4.5
29,54,67,74,54.5890104579478,0.115099820540249,3,3,4.5
29,54,70,85,243.690889754096,0.0257834230632086,3,3,3.96862696659689
29,54,74,85,243.690889754096,0.0257834230632086,3,3,3.96862696659689
30,43,9,14,-54.5890104579478,-0.115099820540249,3,3,4.5
30,43,9,23,243.690889754096,0.0257834230632086,3,3,3.96862696659689
30,43,14,23,44.5985281604161,0.140883243603458,3,3,3
30,43,14,25,-243.690889754096,-0.0257834230632086,3,3,3.96862696659689
30,43,20,23,-243.690889754096,-0.0257834230632086,3,3,3.96862696659689
30,43,20,37,54.5890104579478,0.115099820540249,3,3,4.5
30,43,23,37,44.5985281604161,0.140883243603458,3,3,3
30,43,25,47,243.690889754096,0.0257834230632086,3,3,3.96862696659689
30,43,37,62,243.690889754096,0.0257834230632086,3,3,3.96862696659689
30,43,47,55,44.5985281604161,0.140883243603458,3,3,3
30,43,47,75,54.5890104579478,0.115099820540249,3,3,4.5
30,43,55,71,44.5985281604161,0.140883243603458,3,3,3
30,43,55,75,-243.690889754096,-0.0257834230632086,3,3,3.96862696659689
30,43,55,86,243.690889754096,0.0257834230632086,3,3,3.96862696659689
30,43,62,71,-243.690889754096,-0.0257834230632086,3,3,3.96862696659689
30,43,71,86,-54.5890104579478,-0.115099820540249,3,3,4.5
30,47,12,14,-54.5890104579478,-0.115099820540249,3,3,4.5
30,47,12,25,243.690889754096,0.0257834230632086,3,3,3.96862696659689
30,47,14,23,-243.690889754096,-0.0257834230632086,3,3,3.96862696659689
30,47,14,25,44.5985281604161,0.140883243603458,3,3,3
30,47,23,43,243.690889754096,0.0257834230632086,3,3,3.96862696659689
30,47,25,28,243.690889754096,0.0257834230632086,3,3,3.96862696659689
30,47,25,45,44.5985281604161,0.140883243603458,3,3,3
30,47,28,45,54.5890104579478,0.115099820540249,3,3,4.5
30,47,43,55,44.5985281604161,0.140883243603458,3,3,3
30,47,43,71,54.5890104579478,0.115099820540249,3,3,4.5
30,47,45,68,243.690889754096,0.0257834230632086,3,3,3.96862696659689
30,47,55,71,-243.690889754096,-0.0257834230632086,3,3,3.96862696659689
30,47,55,75,44.5985281604161,0.140883243603458,3,3,3
30,47,55,86,243.690889754096,0.0257834230632086,3,3,3.96862696659689
30,47,68,75,-243.690889754096,-0.0257834230632086,3,3,3.96862696659689
30,47,75,86,-54.5890104579478,-0.115099820540249,3,3,4.5
30,55,14,23,243.690889754096,0.0257834230632086,3,3,3.96862696659689
30,55,14,25,243.690889754096,0.0257834230632086,3,3,3.96862696659689
30,55,23,37,54.5890104579478,0.115099820540249,3,3,4.5
30,55,23,43,44.5985281604161,0.140883243603458,3,3,3
30,55,25,45,54.5890104579478,0.115099820540249,3,3,4.5
30,55,25,47,44.5985281604161,0.140883243603458,3,3,3
30,55,37,43,243.690889754096,0.0257834230632086,3,3,3.96862696659689
30,55,43,62,243.690889754096,0.0257834230632086,3,3,3.96862696659689
30,55,43,71,44.5985281604161,0.140883243603458,3,3,3
30,55,45,47,243.690889754096,0.0257834230632086,3,3,3.96862696659689
30,55,47,68,243.690889754096,0.0257834230632086,3,3,3.96862696659689
30,55,47,75,44.5985281604161,0.140883243603458,3,3,3
30,55,62,71,54.5890104579478,0.115099820540249,3,3,4.5
30,55,68,75,54.5890104579478,0.115099820540249,3,3,4.5
30,55,71,86,243.690889754096,0.0257834230632086,3,3,3.96862696659689
30,55,75,86,243.690889754096,0.0257834230632086,3,3,3.96862696659689
31,33,5,15,243.690889754096,0.0257834230632086,3,3,3.96862696659689
31,33,5,17,-54.5890104579478,-0.115099820540249,3,3,4.5
31,33,7,15,-243.690889754096,-0.0257834230632086,3,3,3.96862696659689
31,33,7,21,54.5890104579478,0.115099820540249,3,3,4.5
31,33,15,17,-44.5985281604161,-0.140883243603458,3,3,3
31,33,15,21,44.5985281604161,0.140883243603458,3,3,3
31,33,17,35,-243.690889754096,-0.0257834230632086,3,3,3.96862696659689
31,33,21,41,243.690889754096,0.0257834230632086,3,3,3.96862696659689
31,33,35,53,243.690889754096,0.0257834230632086,3,3,3.96862696659689
31,33,41,57,-243.690889754096,-0.0257834230632086,3,3,3.96862696659689
31,33,51,53,-44.5985281604161,-0.140883243603458,3,3,3
31,33,51,57,44.5985281604161,0.140883243603458,3,3,3
31,33,51,76,-243.690889754096,-0.0257834230632086,3,3,3.96862696659689
31,33,51,78,243.690889754096,0.0257834230632086,3,3,3.96862696659689
31,33,53,76,54.5890104579478,0.115099820540249,3,3,4.5
31,33,57,78,-54.5890104579478,-0.115099820540249,3,3,4.5
31,35,5,15,-54.5890104579478,-0.115099820540249,3,3,4.5
31,35,5,17,243.690889754096,0.0257834230632086,3,3,3.96862696659689
31,35,11,17,-243.690889754096,-0.0257834230632086,3,3,3.96862696659689
31,35,11,27,54.5890104579478,0.115099820540249,3,3,4.5
31,35,15,17,44.5985281604161,0.140883243603458,3,3,3
31,35,15,33,-243.690889754096,-0.0257834230632086,3,3,3.96862696659689
31,35,17,27,44.5985281604161,0.140883243603458,3,3,3
31,35,27,49,243.690889754096,0.0257834230632086,3,3,3.96862696659689
31,35,33,51,243.690889754096,0.0257834230632086,3,3,3.96862696659689
31,35,49,63,-243.690889754096,-0.0257834230632086,3,3,3.96862696659689
31,35,51,53,44.5985281604161,0.140883243603458,3,3,3
31,35,51,76,54.5890104579478,0.115099820540249,3,3,4.5
31,35,53,63,44.5985281604161,0.140883243603458,3,3,3
31,35,53,76,-243.690889754096,-0.0257834230632086,3,3,3.96862696659689
31,35,53,83,243.690889754096,0.0257834230632086,3,3,3.96862696659689
31,35,63,83,-54.5890104579478,-0.115099820540249,3,3,4.5
31,51,15,17,-243.690889754096,-0.0257834230632086,3,3,3.96862696659689
31,51,15,21,54.5890104579478,0.115099820540249,3,3,4.5
31,51,15,33,44.5985281604161,0.140883243603458,3,3,3
31,51,17,35,243.690889754096,0.0257834230632086,3,3,3.96862696659689
31,51,21,33,243.690889754096,0.0257834230632086,3,3,3.96862696659689
31,51,33,41,243.690889754096,0.0257834230632086,3,3,3.96862696659689
31,51,33,57,44.5985281604161,0.140883243603458,3,3,3
31,51,35,53,44.5985281604161,0.140883243603458,3,3,3
31,51,35,63,54.5890104579478,0.115099820540249,3,3,4.5
31,51,41,57,54.5890104579478,0.115099820540249,3,3,4.5
31,51,53,63,-243.690889754096,-0.0257834230632086,3,3,3.96862696659689
31,51,53,76,44.5985281604161,0.140883243603458,3,3,3
31,51,53,83,243.690889754096,0.0257834230632086,3,3,3.96862696659689
31,51,57,78,243.690889754096,0.0257834230632086,3,3,3.96862696659689
31,51,76,78,243.690889754096,0.0257834230632086,3,3,3.96862696659689
31,51,76,83,-54.5890104579478,-0.115099820540249,3,3,4.5
31,53,15,17,243.690889754096,0.0257834230632086,3,3,3.96862696659689
31,53,15,33,243.690889754096,0.0257834230632086,3,3,3.96862696659689
31,53,17,27,54.5890104579478,0.115099820540249,3,3,4.5
31,53,17,35,44.5985281604161,0.140883243603458,3,3,3
31,53,27,35,243.690889754096,0.0257834230632086,3,3,3.96862696659689
31,53,33,51,44.5985281604161,0.140883243603458,3,3,3
31,53,33,57,54.5890104579478,0.115099820540249,3,3,4.5
31,53,35,49,243.690889754096,0.0257834230632086,3,3,3.96862696659689
31,53,35,63,44.5985281604161,0.140883243603458,3,3,3
31,53,49,63,54.5890104579478,0.115099820540249,3,3,4.5
31,53,51,57,-243.690889754096,-0.0257834230632086,3,3,3.96862696659689
31,53,51,76,44.5985281604161,0.140883243603458,3,3,3
31,53,51,78,243.690889754096,0.0257834230632086,3,3,3.96862696659689
31,53,63,83,243.690889754096,0.0257834230632086,3,3,3.96862696659689
31,53,76,78,-54.5890104579478,-0.115099820540249,3,3,4.5
31,53,76,83,243.690889754096,0.0257834230632086,3,3,3.96862696659689
32,34,6,16,243.690889754096,0.0257834230632086,3,3,3.96862696659689
32,34,6,18,-54.5890104579478,-0.115099820540249,3,3,4.5
32,34,7,16,-243.690889754096,-0.0257834230632086,3,3,3.96862696659689
32,34,7,21,54.5890104579478,0.115099820540249,3,3,4.5
32,34,16,18,-44.5985281604161,-0.140883243603458,3,3,3
32,34,16,21,44.5985281604161,0.140883243603458,3,3,3
32,34,18,38,-243.690889754096,-0.0257834230632086,3,3,3.96862696659689
32,34,21,41,243.690889754096,0.0257834230632086,3,3,3.96862696659689
32,34,38,56,243.690889754096,0.0257834230632086,3,3,3.96862696659689
32,34,41,58,-243.690889754096,-0.0257834230632086,3,3,3.96862696659689
32,34,52,56,-44.5985281604161,-0.140883243603458,3,3,3
32,34,52,58,44.5985281604161,0.140883243603458,3,3,3
32,34,52,77,-243.690889754096,-0.0257834230632086,3,3,3.96862696659689
32,34,52,80,243.690889754096,0.0257834230632086,3,3,3.96862696659689
32,34,56,77,54.5890104579478,0.115099820540249,3,3,4.5
32,34,58,80,-54.5890104579478,-0.115099820540249,3,3,4.5
32,38,6,16,-54.5890104579478,-0.115099820540249,3,3,4.5
32,38,6,18,243.690889754096,0.0257834230632086,3,3,3.96862696659689
32,38,12,18,-243.690889754096,-0.0257834230632086,3,3,3.96862696659689
32,38,12,28,54.5890104579478,0.115099820540249,3,3,4.5
32,38,16,18,44.5985281604161,0.140883243603458,3,3,3
32,38,16,34,-243.690889754096,-0.0257834230632086,3,3,3.96862696659689
32,38,18,28,44.5985281604161,0.140883243603458,3,3,3
32,38,28,50,243.690889754096,0.0257834230632086,3,3,3.96862696659689
32,38,34,52,243.690889754096,0.0257834230632086,3,3,3.96862696659689
32,38,50,64,-243.690889754096,-0.0257834230632086,3,3,3.96862696659689
32,38,52,56,44.5985281604161,0.140883243603458,3,3,3
32,38,52,77,54.5890104579478,0.115099820540249,3,3,4.5
32,38,56,64,44.5985281604161,0.140883243603458,3,3,3
32,38,56,77,-243.690889754096,-0.0257834230632086,3,3,3.96862696659689
32,38,56,84,243.690889754096,0.0257834230632086,3,3,3.96862696659689
32,38,64,84,-54.5890104579478,-0.115099820540249,3,3,4.5
32,52,16,18,-243.690889754096,-0.0257834230632086,3,3,3.96862696659689
32,52,16,21,54.5890104579478,0.115099820540249,3,3,4.5
32,52,16,34,44.5985281604161,0.140883243603458,3,3,3
32,52,18,38,243.690889754096,0.0257834230632086,3,3,3.96862696659689
32,52,21,34,243.690889754096,0.0257834230632086,3,3,3.96862696659689
32,52,34,41,243.690889754096,0.0257834230632086,3,3,3.96862696659689
32,52,34,58,44.5985281604161,0.140883243603458,3,3,3
32,52,38,56,44.5985281604161,0.140883243603458,3,3,3
32,52,38,64,54.5890104579478,0.115099820540249,3,3,4.5
32,52,41,58,54.5890104579478,0.115099820540249,3,3,4.5
32,52,56,64,-243.690889754096,-0.0257834230632086,3,3,3.96862696659689
32,52,56,77,44.5985281604161,0.140883243603458,3,3,3
32,52,56,84,243.690889754096,0.0257834230632086,3,3,3.96862696659689
32,52,58,80,243.690889754096,0.0257834230632086,3,3,3.96862696659689
32,52,77,80,243.690889754096,0.0257834230632086,3,3,3.96862696659689
32,52,77,84,-54.5890104579478,-0.115099820540249,3,3,4.5
32,56,16,18,243.690889754096,0.0257834230632086,3,3,3.96862696659689
32,56,16,34,243.690889754096,0.0257834230632086,3,3,3.96862696659689
32,56,18,28,54.5890104579478,0.115099820540249,3,3,4.5
32,56,18,38,44.5985281604161,0.140883243603458,3,3,3
32,56,28,38,243.690889754096,0.0257834230632086,3,3,3.96862696659689
32,56,34,52,44.5985281604161,0.140883243603458,3,3,3
32,56,34,58,54.5890104579478,0.115099820540249,3,3,4.5
32,56,38,50,243.690889754096,0.0257834230632086,3,3,3.96862696659689
32,56,38,64,44.5985281604161,0.140883243603458,3,3,3
32,56,50,64,54.5890104579478,0.115099820540249,3,3,4.5
32,56,52,58,-243.690889754096,-0.0257834230632086,3,3,3.96862696659689
32,56,52,77,44.5985281604161,0.140883243603458,3,3,3
32,56,52,80,243.690889754096,0.0257834230632086,3,3,3.96862696659689
32,56,64,84,243.690889754096,0.0257834230632086,3,3,3.96862696659689
32,56,77,80,-54.5890104579478,-0.115099820540249,3,3,4.5
32,56,77,84,243.690889754096,0.0257834230632086,3,3,3.96862696659689
33,41,7,15,-54.5890104579478,-0.115099820540249,3,3,4.5
33,41,7,21,243.690889754096,0.0257834230632086,3,3,3.96862696659689
33,41,15,21,44.5985281604161,0.140883243603458,3,3,3
33,41,15,31,-243.690889754096,-0.0257834230632086,3,3,3.96862696659689
33,41,16,21,-243.690889754096,-0.0257834230632086,3,3,3.96862696659689
33,41,16,34,54.5890104579478,0.115099820540249,3,3,4.5
33,41,21,34,44.5985281604161,0.140883243603458,3,3,3
33,41,31,51,243.690889754096,0.0257834230632086,3,3,3.96862696659689
33,41,34,58,243.690889754096,0.0257834230632086,3,3,3.96862696659689
33,41,51,57,44.5985281604161,0.140883243603458,3,3,3
33,41,51,78,54.5890104579478,0.115099820540249,3,3,4.5
33,41,57,69,44.5985281604161,0.140883243603458,3,3,3
33,41,57,78,-243.690889754096,-0.0257834230632086,3,3,3.96862696659689
33,41,57,87,243.690889754096,0.0257834230632086,3,3,3.96862696659689
33,41,58,69,-243.690889754096,-0.0257834230632086,3,3,3.96862696659689
33,41,69,87,-54.5890104579478,-0.115099820540249,3,3,4.5
33,51,15,17,54.5890104579478,0.115099820540249,3,3,4.5
33,51,15,21,-243.690889754096,-0.0257834230632086,3,3,3.96862696659689
33,51,15,31,44.5985281604161,0.140883243603458,3,3,3
33,51,17,31,243.690889754096,0.0257834230632086,3,3,3.96862696659689
33,51,21,41,243.690889754096,0.0257834230632086,3,3,3.96862696659689
33,51,31,35,243.690889754096,0.0257834230632086,3,3,3.96862696659689
33,51,31,53,44.5985281604161,0.140883243603458,3,3,3
33,51,35,53,54.5890104579478,0.115099820540249,3,3,4.5
33,51,41,57,44.5985281604161,0.140883243603458,3,3,3
33,51,41,69,54.5890104579478,0.115099820540249,3,3,4.5
33,51,53,76,243.690889754096,0.0257834230632086,3,3,3.96862696659689
33,51,57,69,-243.690889754096,-0.0257834230632086,3,3,3.96862696659689
33,51,57,78,44.5985281604161,0.140883243603458,3,3,3
33,51,57,87,243.690889754096,0.0257834230632086,3,3,3.96862696659689
33,51,76,78,-243.690889754096,-0.0257834230632086,3,3,3.96862696659689
33,51,78,87,-54.5890104579478,-0.115099820540249,3,3,4.5
33,57,15,21,243.690889754096,0.0257834230632086,3,3,3.96862696659689
33,57,15,31,243.690889754096,0.0257834230632086,3,3,3.96862696659689
33,57,21,34,54.5890104579478,0.115099820540249,3,3,4.5
33,57,21,41,44.5985281604161,0.140883243603458,3,3,3
33,57,31,51,44.5985281604161,0.140883243603458,3,3,3
33,57,31,53,54.5890104579478,0.115099820540249,3,3,4.5
33,57,34,41,243.690889754096,0.0257834230632086,3,3,3.96862696659689
33,57,41,58,243.690889754096,0.0257834230632086,3,3,3.96862696659689
33,57,41,69,44.5985281604161,0.140883243603458,3,3,3
33,57,51,53,-243.690889754096,-0.0257834230632086,3,3,3.96862696659689
33,57,51,76,243.690889754096,0.0257834230632086,3,3,3.96862696659689
33,57,51,78,44.5985281604161,0.140883243603458,3,3,3
33,57,58,69,54.5890104579478,0.115099820540249,3,3,4.5
33,57,69,87,243.690889754096,0.0257834230632086,3,3,3.96862696659689
33,57,76,78,54.5890104579478,0.115099820540249,3,3,4.5
33,57,78,87,243.690889754096,0.0257834230632086,3,3,3.96862696659689
34,41,7,16,-54.5890104579478,-0.115099820540249,3,3,4.5
34,41,7,21,243.690889754096,0.0257834230632086,3,3,3.96862696659689
34,41,15,21,-243.690889754096,-0.0257834230632086,3,3,3.96862696659689
34,41,15,33,54.5890104579478,0.115099820540249,3,3,4.5
34,41,16,21,44.5985281604161,0.140883243603458,3,3,3
34,41,16,32,-243.690889754096,-0.0257834230632086,3,3,3.96862696659689
34,41,21,33,44.5985281604161,0.140883243603458,3,3,3
34,41,32,52,243.690889754096,0.0257834230632086,3,3,3.96862696659689
34,41,33,57,243.690889754096,0.0257834230632086,3,3,3.96862696659689
34,41,52,58,44.5985281604161,0.140883243603458,3,3,3
34,41,52,80,54.5890104579478,0.115099820540249,3,3,4.5
34,41,57,69,-243.690889754096,-0.0257834230632086,3,3,3.96862696659689
34,41,58,69,44.5985281604161,0.140883243603458,3,3,3
34,41,58,80,-243.690889754096,-0.0257834230632086,3,3,3.96862696659689
34,41,58,90,243.690889754096,0.0257834230632086,3,3,3.96862696659689
34,41,69,90,-54.5890104579478,-0.115099820540249,3,3,4.5
34,52,16,18,54.5890104579478,0.115099820540249,3,3,4.5
34,52,16,21,-243.690889754096,-0.0257834230632086,3,3,3.96862696659689
34,52,16,32,44.5985281604161,0.140883243603458,3,3,3
34,52,18,32,243.690889754096,0.0257834230632086,3,3,3.96862696659689
34,52,21,41,243.690889754096,0.0257834230632086,3,3,3.96862696659689
34,52,32,38,243.690889754096,0.0257834230632086,3,3,3.96862696659689
34,52,32,56,44.5985281604161,0.140883243603458,3,3,3
34,52,38,56,54.5890104579478,0.115099820540249,3,3,4.5
34,52,41,58,44.5985281604161,0.140883243603458,3,3,3
34,52,41,69,54.5890104579478,0.115099820540249,3,3,4.5
34,52,56,77,243.690889754096,0.0257834230632086,3,3,3.96862696659689
34,52,58,69,-243.690889754096,-0.0257834230632086,3,3,3.96862696659689
34,52,58,80,44.5985281604161,0.140883243603458,3,3,3
34,52,58,90,243.690889754096,0.0257834230632086,3,3,3.96862696659689
34,52,77,80,-243.690889754096,-0.0257834230632086,3,3,3.96862696659689
34,52,80,90,-54.5890104579478,-0.115099820540249,3,3,4.5
34,58,16,21,243.690889754096,0.0257834230632086,3,3,3.96862696659689
34,58,16,32,243.690889754096,0.0257834230632086,3,3,3.96862696659689
34,58,21,33,54.5890104579478,0.115099820540249,3,3,4.5
34,58,21,41,44.5985281604161,0.140883243603458,3,3,3
34,58,32,52,44.5985281604161,0.140883243603458,3,3,3
34,58,32,56,54.5890104579478,0.115099820540249,3,3,4.5
34,58,33,41,243.690889754096,0.0257834230632086,3,3,3.96862696659689
34,58,41,57,243.690889754096,0.0257834230632086,3,3,3.96862696659689
34,58,41,69,44.5985281604161,0.140883243603458,3,3,3
34,58,52,56,-243.690889754096,-0.0257834230632086,3,3,3.96862696659689
34,58,52,77,243.690889754096,0.0257834230632086,3,3,3.96862696659689
34,58,52,80,44.5985281604161,0.140883243603458,3,3,3
34,58,57,69,54.5890104579478,0.115099820540249,3,3,4.5
34,58,69,90,243.690889754096,0.0257834230632086,3,3,3.96862696659689
34,58,77,80,54.5890104579478,0.115099820540249,3,3,4.5
34,58,80,90,243.690889754096,0.0257834230632086,3,3,3.96862696659689
35,49,11,17,-54.5890104579478,-0.115099820540249,3,3,4.5
35,49,11,27,243.690889754096,0.0257834230632086,3,3,3.96862696659689
35,49,17,27,44.5985281604161,0.140883243603458,3,3,3
35,49,17,31,-243.690889754096,-0.0257834230632086,3,3,3.96862696659689
35,49,24,27,-243.690889754096,-0.0257834230632086,3,3,3.96862696659689
35,49,24,44,54.5890104579478,0.115099820540249,3,3,4.5
35,49,27,44,44.5985281604161,0.140883243603458,3,3,3
35,49,31,53,243.690889754096,0.0257834230632086,3,3,3.96862696659689
35,49,44,72,243.690889754096,0.0257834230632086,3,3,3.96862696659689
35,49,53,63,44.5985281604161,0.140883243603458,3,3,3
35,49,53,83,54.5890104579478,0.115099820540249,3,3,4.5
35,49,63,81,44.5985281604161,0.140883243603458,3,3,3
35,49,63,83,-243.690889754096,-0.0257834230632086,3,3,3.96862696659689
35,49,63,95,243.690889754096,0.0257834230632086,3,3,3.96862696659689
35,49,72,81,-243.690889754096,-0.0257834230632086,3,3,3.96862696659689
35,49,81,95,-54.5890104579478,-0.115099820540249,3,3,4.5
35,53,15,17,-54.5890104579478,-0.115099820540249,3,3,4.5
35,53,15,31,243.690889754096,0.0257834230632086,3,3,3.96862696659689
35,53,17,27,-243.690889754096,-0.0257834230632086,3,3,3.96862696659689
35,53,17,31,44.5985281604161,0.140883243603458,3,3,3
35,53,27,49,243.690889754096,0.0257834230632086,3,3,3.96862696659689
35,53,31,33,243.690889754096,0.0257834230632086,3,3,3.96862696659689
35,53,31,51,44.5985281604161,0.140883243603458,3,3,3
35,53,33,51,54.5890104579478,0.115099820540249,3,3,4.5
35,53,49,63,44.5985281604161,0.140883243603458,3,3,3
35,53,49,81,54.5890104579478,0.115099820540249,3,3,4.5
35,53,51,76,243.690889754096,0.0257834230632086,3,3,3.96862696659689
35,53,63,81,-243.690889754096,-0.0257834230632086,3,3,3.96862696659689
35,53,63,83,44.5985281604161,0.140883243603458,3,3,3
35,53,63,95,243.690889754096,0.0257834230632086,3,3,3.96862696659689
35,53,76,83,-243.690889754096,-0.0257834230632086,3,3,3.96862696659689
35,53,83,95,-54.5890104579478,-0.115099820540249,3,3,4.5
35,63,17,27,243.690889754096,0.0257834230632086,3,3,3.96862696659689
35,63,17,31,243.690889754096,0.0257834230632086,3,3,3.96862696659689
35,63,27,44,54.5890104579478,0.115099820540249,3,3,4.5
35,63,27,49,44.5985281604161,0.140883243603458,3,3,3
35,63,31,51,54.5890104579478,0.115099820540249,3,3,4.5
35,63,31,53,44.5985281604161,0.140883243603458,3,3,3
35,63,44,49,243.690889754096,0.0257834230632086,3,3,3.96862696659689
35,63,49,72,243.690889754096,0.0257834230632086,3,3,3.96862696659689
35,63,49,81,44.5985281604161,0.140883243603458,3,3,3
35,63,51,53,243.690889754096,0.0257834230632086,3,3,3.96862696659689
35,63,53,76,243.690889754096,0.0257834230632086,3,3,3.96862696659689
35,63,53,83,44.5985281604161,0.140883243603458,3,3,3
35,63,72,81,54.5890104579478,0.115099820540249,3,3,4.5
35,63,76,83,54.5890104579478,0.115099820540249,3,3,4.5
35,63,81,95,243.690889754096,0.0257834230632086,3,3,3.96862696659689
35,63,83,95,243.690889754096,0.0257834230632086,3,3,3.96862696659689
36,39,8,19,243.690889754096,0.0257834230632086,3,3,3.96862696659689
36,39,8,22,-54.5890104579478,-0.115099820540249,3,3,4.5
36,39,10,19,-243.690889754096,-0.0257834230632086,3,3,3.96862696659689
36,39,10,26,54.5890104579478,0.115099820540249,3,3,4.5
36,39,19,22,-44.5985281604161,-0.140883243603458,3,3,3
36,39,19,26,44.5985281604161,0.140883243603458,3,3,3
36,39,22,42,-243.690889754096,-0.0257834230632086,3,3,3.96862696659689
36,39,26,48,243.690889754096,0.0257834230632086,3,3,3.96862696659689
36,39,42,61,243.690889754096,0.0257834230632086,3,3,3.96862696659689
36,39,48,65,-243.690889754096,-0.0257834230632086,3,3,3.96862696659689
36,39,59,61,-44.5985281604161,-0.140883243603458,3,3,3
36,39,59,65,44.5985281604161,0.140883243603458,3,3,3
36,39,59,88,-243.690889754096,-0.0257834230632086,3,3,3.96862696659689
36,39,59,91,243.690889754096,0.0257834230632086,3,3,3.96862696659689
36,39,61,88,54.5890104579478,0.115099820540249,3,3,4.5
36,39,65,91,-54.5890104579478,-0.115099820540249,3,3,4.5
36,42,8,19,-54.5890104579478,-0.115099820540249,3,3,4.5
36,42,8,22,243.690889754096,0.0257834230632086,3,3,3.96862696659689
36,42,13,22,-243.690889754096,-0.0257834230632086,3,3,3.96862696659689
36,42,13,29,54.5890104579478,0.115099820540249,3,3,4.5
36,42,19,22,44.5985281604161,0.140883243603458,3,3,3
36,42,19,39,-243.690889754096,-0.0257834230632086,3,3,3.96862696659689
36,42,22,29,44.5985281604161,0.140883243603458,3,3,3
36,42,29,54,243.690889754096,0.0257834230632086,3,3,3.96862696659689
36,42,39,59,243.690889754096,0.0257834230632086,3,3,3.96862696659689
36,42,54,70,-243.690889754096,-0.0257834230632086,3,3,3.96862696659689
36,42,59,61,44.5985281604161,0.140883243603458,3,3,3
36,42,59,88,54.5890104579478,0.115099820540249,3,3,4.5
36,42,61,70,44.5985281604161,0.140883243603458,3,3,3
36,42,61,88,-243.690889754096,-0.0257834230632086,3,3,3.96862696659689
36,42,61,93,243.690889754096,0.0257834230632086,3,3,3.96862696659689
36,42,70,93,-54.5890104579478,-0.115099820540249,3,3,4.5
36,59,19,22,-243.690889754096,-0.0257834230632086,3,3,3.96862696659689
36,59,19,26,54.5890104579478,0.115099820540249,3,3,4.5
36,59,19,39,44.5985281604161,0.140883243603458,3,3,3
36,59,22,42,243.690889754096,0.0257834230632086,3,3,3.96862696659689
36,59,26,39,243.690889754096,0.0257834230632086,3,3,3.96862696659689
36,59,39,48,243.690889754096,0.0257834230632086,3,3,3.96862696659689
36,59,39,65,44.5985281604161,0.140883243603458,3,3,3
36,59,42,61,44.5985281604161,0.140883243603458,3,3,3
36,59,42,70,54.5890104579478,0.115099820540249,3,3,4.5
36,59,48,65,54.5890104579478,0.115099820540249,3,3,4.5
36,59,61,70,-243.690889754096,-0.0257834230632086,3,3,3.96862696659689
36,59,61,88,44.5985281604161,0.140883243603458,3,3,3
36,59,61,93,243.690889754096,0.0257834230632086,3,3,3.96862696659689
36,59,65,91,243.690889754096,0.0257834230632086,3,3,3.96862696659689
36,59,88,91,243.690889754096,0.0257834230632086,3,3,3.96862696659689
36,59,88,93,-54.5890104579478,-0.115099820540249,3,3,4.5
36,61,19,22,243.690889754096,0.0257834230632086,3,3,3.96862696659689
36,61,19,39,243.690889754096,0.0257834230632086,3,3,3.96862696659689
36,61,22,29,54.5890104579478,0.115099820540249,3,3,4.5
36,61,22,42,44.5985281604161,0.140883243603458,3,3,3
36,61,29,42,243.690889754096,0.0257834230632086,3,3,3.96862696659689
36,61,39,59,44.5985281604161,0.140883243603458,3,3,3
36,61,39,65,54.5890104579478,0.115099820540249,3,3,4.5
36,61,42,54,243.690889754096,0.0257834230632086,3,3,3.96862696659689
36,61,42,70,44.5985281604161,0.140883243603458,3,3,3
36,61,54,70,54.5890104579478,0.115099820540249,3,3,4.5
36,61,59,65,-243.690889754096,-0.0257834230632086,3,3,3.96862696659689
36,61,59,88,44.5985281604161,0.140883243603458,3,3,3
36,61,59,91,243.690889754096,0.0257834230632086,3,3,3.96862696659689
36,61,70,93,243.690889754096,0.0257834230632086,3,3,3.96862696659689
36,61,88,91,-54.5890104579478,-0.115099820540249,3,3,4.5
36,61,88,93,243.690889754096,0.0257834230632086,3,3,3.96862696659689
37,40,9,20,243.690889754096,0.0257834230632086,3,3,3.96862696659689
37,40,9,23,-54.5890104579478,-0.115099820540249,3,3,4.5
37,40,10,20,-243.690889754096,-0.0257834230632086,3,3,3.96862696659689
37,40,10,26,54.5890104579478,0.115099820540249,3,3,4.5
37,40,20,23,-44.5985281604161,-0.140883243603458,3,3,3
37,40,20,26,44.5985281604161,0.140883243603458,3,3,3
37,40,23,43,-243.690889754096,-0.0257834230632086,3,3,3.96862696659689
37,40,26,48,243.690889754096,0.0257834230632086,3,3,3.96862696659689
37,40,43,62,243.690889754096,0.0257834230632086,3,3,3.96862696659689
37,40,48,66,-243.690889754096,-0.0257834230632086,3,3,3.96862696659689
37,40,60,62,-44.5985281604161,-0.140883243603458,3,3,3
37,40,60,66,44.5985281604161,0.140883243603458,3,3,3
37,40,60,89,-243.690889754096,-0.0257834230632086,3,3,3.96862696659689
37,40,60,92,243.690889754096,0.0257834230632086,3,3,3.96862696659689
37,40,62,89,54.5890104579478,0.115099820540249,3,3,4.5
37,40,66,92,-54.5890104579478,-0.115099820540249,3,3,4.5
37,43,9,20,-54.5890104579478,-0.115099820540249,3,3,4.5
37,43,9,23,243.690889754096,0.0257834230632086,3,3,3.96862696659689
37,43,14,23,-243.690889754096,-0.0257834230632086,3,3,3.96862696659689
37,43,14,30,54.5890104579478,0.115099820540249,3,3,4.5
37,43,20,23,44.5985281604161,0.140883243603458,3,3,3
37,43,20,40,-243.690889754096,-0.0257834230632086,3,3,3.96862696659689
37,43,23,30,44.5985281604161,0.140883243603458,3,3,3
37,43,30,55,243.690889754096,0.0257834230632086,3,3,3.96862696659689
37,43,40,60,243.690889754096,0.0257834230632086,3,3,3.96862696659689
37,43,55,71,-243.690889754096,-0.0257834230632086,3,3,3.96862696659689
37,43,60,62,44.5985281604161,0.140883243603458,3,3,3
37,43,60,89,54.5890104579478,0.115099820540249,3,3,4.5
37,43,62,71,44.5985281604161,0.140883243603458,3,3,3
37,43,62,89,-243.690889754096,-0.0257834230632086,3,3,3.96862696659689
37,43,62,94,243.690889754096,0.0257834230632086,3,3,3.96862696659689
37,43,71,94,-54.5890104579478,-0.115099820540249,3,3,4.5
37,60,20,23,-243.690889754096,-0.0257834230632086,3,3,3.96862696659689
37,60,20,26,54.5890104579478,0.115099820540249,3,3,4.5
37,60,20,40,44.5985281604161,0.140883243603458,3,3,3
37,60,23,43,243.690889754096,0.0257834230632086,3,3,3.96862696659689
37,60,26,40,243.690889754096,0.0257834230632086,3,3,3.96862696659689
37,60,40,48,243.690889754096,0.0257834230632086,3,3,3.96862696659689
37,60,40,66,44.5985281604161,0.140883243603458,3,3,3
37,60,43,62,44.5985281604161,0.140883243603458,3,3,3
37,60,43,71,54.5890104579478,0.115099820540249,3,3,4.5
37,60,48,66,54.5890104579478,0.115099820540249,3,3,4.5
37,60,62,71,-243.690889754096,-0.0257834230632086,3,3,3.96862696659689
37,60,62,89,44.5985281604161,0.140883243603458,3,3,3
37,60,62,94,243.690889754096,0.0257834230632086,3,3,3.96862696659689
37,60,66,92,243.690889754096,0.0257834230632086,3,3,3.96862696659689
37,60,89,92,243.690889754096,0.0257834230632086,3,3,3.96862696659689
37,60,89,94,-54.5890104579478,-0.115099820540249,3,3,4.5
37,62,20,23,243.690889754096,0.0257834230632086,3,3,3.96862696659689
37,62,20,40,243.690889754096,0.0257834230632086,3,3,3.96862696659689
37,62,23,30,54.5890104579478,0.115099820540249,3,3,4.5
37,62,23,43,44.5985281604161,0.140883243603458,3,3,3
37,62,30,43,243.690889754096,0.0257834230632086,3,3,3.96862696659689
37,62,40,60,44.5985281604161,0.140883243603458,3,3,3
37,62,40,66,54.5890104579478,0.115099820540249,3,3,4.5
37,62,43,55,243.690889754096,0.0257834230632086,3,3,3.96862696659689
37,62,43,71,44.5985281604161,0.140883243603458,3,3,3
37,62,55,71,54.5890104579478,0.115099820540249,3,3,4.5
37,62,60,66,-243.690889754096,-0.0257834230632086,3,3,3.96862696659689
37,62,60,89,44.5985281604161,0.140883243603458,3,3,3
37,62,60,92,243.690889754096,0.0257834230632086,3,3,3.96862696659689
37,62,71,94,243.690889754096,0.0257834230632086,3,3,3.96862696659689
37,62,89,92,-54.5890104579478,-0.115099820540249,3,3,4.5
37,62,89,94,243.690889754096,0.0257834230632086,3,3,3.96862696659689
38,50,12,18,-54.5890104579478,-0.115099820540249,3,3,4.5
38,50,12,28,243.690889754096,0.0257834230632086,3,3,3.96862696659689
38,50,18,28,44.5985281604161,0.140883243603458,3,3,3
38,50,18,32,-243.690889754096,-0.0257834230632086,3,3,3.96862696659689
38,50,25,28,-243.690889754096,-0.0257834230632086,3,3,3.96862696659689
38,50,25,45,54.5890104579478,0.115099820540249,3,3,4.5
38,50,28,45,44.5985281604161,0.140883243603458,3,3,3
38,50,32,56,243.690889754096,0.0257834230632086,3,3,3.96862696659689
38,50,45,73,243.690889754096,0.0257834230632086,3,3,3.96862696659689
38,50,56,64,44.5985281604161,0.140883243603458,3,3,3
38,50,56,84,54.5890104579478,0.115099820540249,3,3,4.5
38,50,64,82,44.5985281604161,0.140883243603458,3,3,3
38,50,64,84,-243.690889754096,-0.0257834230632086,3,3,3.96862696659689
38,50,64,96,243.690889754096,0.0257834230632086,3,3,3.96862696659689
38,50,73,82,-243.690889754096,-0.0257834230632086,3,3,3.96862696659689
38,50,82,96,-54.5890104579478,-0.115099820540249,3,3,4.5
38,56,16,18,-54.5890104579478,-0.115099820540249,3,3,4.5
38,56,16,32,243.690889754096,0.0257834230632086,3,3,3.96862696659689
38,56,18,28,-243.690889754096,-0.0257834230632086,3,3,3.96862696659689
38,56,18,32,44.5985281604161,0.140883243603458,3,3,3
38,56,28,50,243.690889754096,0.0257834230632086,3,3,3.96862696659689
38,56,32,34,243.690889754096,0.0257834230632086,3,3,3.96862696659689
38,56,32,52,44.5985281604161,0.140883243603458,3,3,3
38,56,34,52,54.5890104579478,0.115099820540249,3,3,4.5
38,56,50,64,44.5985281604161,0.140883243603458,3,3,3
38,56,50,82,54.5890104579478,0.115099820540249,3,3,4.5
38,56,52,77,243.690889754096,0.0257834230632086,3,3,3.96862696659689
38,56,64,82,-243.690889754096,-0.0257834230632086,3,3,3.96862696659689
38,56,64,84,44.5985281604161,0.140883243603458,3,3,3
38,56,64,96,243.690889754096,0.0257834230632086,3,3,3.96862696659689
38,56,77,84,-243.690889754096,-0.0257834230632086,3,3,3.96862696659689
38,56,84,96,-54.5890104579478,-0.115099820540249,3,3,4.5
38,64,18,28,243.690889754096,0.0257834230632086,3,3,3.96862696659689
38,64,18,32,243.690889754096,0.0257834230632086,3,3,3.96862696659689
38,64,28,45,54.5890104579478,0.115099820540249,3,3,4.5
38,64,28,50,44.5985281604161,0.140883243603458,3,3,3
38,64,32,52,54.5890104579478,0.115099820540249,3,3,4.5
38,64,32,56,44.5985281604161,0.140883243603458,3,3,3
38,64,45,50,243.690889754096,0.0257834230632086,3,3,3.96862696659689
38,64,50,73,243.690889754096,0.0257834230632086,3,3,3.96862696659689
38,64,50,82,44.5985281604161,0.140883243603458,3,3,3
38,64,52,56,243.690889754096,0.0257834230632086,3,3,3.96862696659689
38,64,56,77,243.690889754096,0.0257834230632086,3,3,3.96862696659689
38,64,56,84,44.5985281604161,0.140883243603458,3,3,3
38,64,73,82,54.5890104579478,0.115099820540249,3,3,4.5
38,64,77,84,54.5890104579478,0.115099820540249,3,3,4.5
38,64,82,96,243.690889754096,0.0257834230632086,3,3,3.96862696659689
38,64,84,96,243.690889754096,0.0257834230632086,3,3,3.96862696659689
39,48,10,19,-54.5890104579478,-0.115099820540249,3,3,4.5
39,48,10,26,243.690889754096,0.0257834230632086,3,3,3.96862696659689
39,48,19,26,44.5985281604161,0.140883243603458,3,3,3
39,48,19,36,-243.690889754096,-0.0257834230632086,3,3,3.96862696659689
39,48,20,26,-243.690889754096,-0.0257834230632086,3,3,3.96862696659689
39,48,20,40,54.5890104579478,0.115099820540249,3,3,4.5
39,48,26,40,44.5985281604161,0.140883243603458,3,3,3
39,48,36,59,243.690889754096,0.0257834230632086,3,3,3.96862696659689
39,48,40,66,243.690889754096,0.0257834230632086,3,3,3.96862696659689
39,48,59,65,44.5985281604161,0.140883243603458,3,3,3
39,48,59,91,54.5890104579478,0.115099820540249,3,3,4.5
39,48,65,79,44.5985281604161,0.140883243603458,3,3,3
39,48,65,91,-243.690889754096,-0.0257834230632086,3,3,3.96862696659689
39,48,65,100,243.690889754096,0.0257834230632086,3,3,3.96862696659689
39,48,66,79,-243.690889754096,-0.0257834230632086,3,3,3.96862696659689
39,48,79,100,-54.5890104579478,-0.115099820540249,3,3,4.5
39,59,19,22,54.5890104579478,0.115099820540249,3,3,4.5
39,59,19,26,-243.690889754096,-0.0257834230632086,3,3,3.96862696659689
39,59,19,36,44.5985281604161,0.140883243603458,3,3,3
39,59,22,36,243.690889754096,0.0257834230632086,3,3,3.96862696659689
39,59,26,48,243.690889754096,0.0257834230632086,3,3,3.96862696659689
39,59,36,42,243.690889754096,0.0257834230632086,3,3,3.96862696659689
39,59,36,61,44.5985281604161,0.140883243603458,3,3,3
39,59,42,61,54.5890104579478,0.115099820540249,3,3,4.5
39,59,48,65,44.5985281604161,0.140883243603458,3,3,3
39,59,48,79,54.5890104579478,0.115099820540249,3,3,4.5
39,59,61,88,243.690889754096,0.0257834230632086,3,3,3.96862696659689
39,59,65,79,-243.690889754096,-0.0257834230632086,3,3,3.96862696659689
39,59,65,91,44.5985281604161,0.140883243603458,3,3,3
39,59,65,100,243.690889754096,0.0257834230632086,3,3,3.96862696659689
39,59,88,91,-243.690889754096,-0.0257834230632086,3,3,3.96862696659689
39,59,91,100,-54.5890104579478,-0.115099820540249,3,3,4.5
39,65,19,26,243.690889754096,0.0257834230632086,3,3,3.96862696659689
39,65,19,36,243.690889754096,0.0257834230632086,3,3,3.96862696659689
39,65,26,40,54.5890104579478,0.115099820540249,3,3,4.5
39,65,26,48,44.5985281604161,0.140883243603458,3,3,3
39,65,36,59,44.5985281604161,0.140883243603458,3,3,3
39,65,36,61,54.5890104579478,0.115099820540249,3,3,4.5
39,65,40,48,243.690889754096,0.0257834230632086,3,3,3.96862696659689
39,65,48,66,243.690889754096,0.0257834230632086,3,3,3.96862696659689
39,65,48,79,44.5985281604161,0.140883243603458,3,3,3
39,65,59,61,-243.690889754096,-0.0257834230632086,3,3,3.96862696659689
39,65,59,88,243.690889754096,0.0257834230632086,3,3,3.96862696659689
39,65,59,91,44.5985281604161,0.140883243603458,3,3,3
39,65,66,79,54.5890104579478,0.115099820540249,3,3,4.5
39,65,79,100,243.690889754096,0.0257834230632086,3,3,3.96862696659689
39,65,88,91,54.5890104579478,0.115099820540249,3,3,4.5
39,65,91,100,243.690889754096,0.0257834230632086,3,3,3.96862696659689
40,48,10,20,-54.5890104579478,-0.115099820540249,3,3,4.5
40,48,10,26,243.690889754096,0.0257834230632086,3,3,3.96862696659689
40,48,19,26,-243.690889754096,-0.0257834230632086,3,3,3.96862696659689
40,48,19,39,54.5890104579478,0.115099820540249,3,3,4.5
40,48,20,26,44.5985281604161,0.140883243603458,3,3,3
40,48,20,37,-243.690889754096,-0.0257834230632086,3,3,3.96862696659689
40,48,26,39,44.5985281604161,0.140883243603458,3,3,3
40,48,37,60,243.690889754096,0.0257834230632086,3,3,3.96862696659689
40,48,39,65,243.690889754096,0.0257834230632086,3,3,3.96862696659689
40,48,60,66,44.5985281604161,0.140883243603458,3,3,3
40,48,60,92,54.5890104579478,0.115099820540249,3,3,4.5
40,48,65,79,-243.690889754096,-0.0257834230632086,3,3,3.96862696659689
40,48,66,79,44.5985281604161,0.140883243603458,3,3,3
40,48,66,92,-243.690889754096,-0.0257834230632086,3,3,3.96862696659689
40,48,66,101,243.690889754096,0.0257834230632086,3,3,3.96862696659689
40,48,79,101,-54.5890104579478,-0.115099820540249,3,3,4.5
40,60,20,23,54.5890104579478,0.115099820540249,3,3,4.5
40,60,20,26,-243.690889754096,-0.0257834230632086,3,3,3.96862696659689
40,60,20,37,44.5985281604161,0.140883243603458,3,3,3
40,60,23,37,243.690889754096,0.0257834230632086,3,3,3.96862696659689
40,60,26,48,243.690889754096,0.0257834230632086,3,3,3.96862696659689
40,60,37,43,243.690889754096,0.0257834230632086,3,3,3.96862696659689
40,60,37,62,44.5985281604161,0.140883243603458,3,3,3
40,60,43,62,54.5890104579478,0.115099820540249,3,3,4.5
40,60,48,66,44.5985281604161,0.140883243603458,3,3,3
40,60,48,79,54.5890104579478,0.115099820540249,3,3,4.5
40,60,62,89,243.690889754096,0.0257834230632086,3,3,3.96862696659689
40,60,66,79,-243.690889754096,-0.0257834230632086,3,3,3.96862696659689
40,60,66,92,44.5985281604161,0.140883243603458,3,3,3
40,60,66,101,243.690889754096,0.0257834230632086,3,3,3.96862696659689
40,60,89,92,-243.690889754096,-0.0257834230632086,3,3,3.96862696659689
40,60,92,101,-54.5890104579478,-0.115099820540249,3,3,4.5
40,66,20,26,243.690889754096,0.0257834230632086,3,3,3.96862696659689
40,66,20,37,243.690889754096,0.0257834230632086,3,3,3.96862696659689
40,66,26,39,54.5890104579478,0.115099820540249,3,3,4.5
40,66,26,48,44.5985281604161,0.140883243603458,3,3,3
40,66,37,60,44.5985281604161,0.140883243603458,3,3,3
40,66,37,62,54.5890104579478,0.115099820540249,3,3,4.5
40,66,39,48,243.690889754096,0.0257834230632086,3,3,3.96862696659689
40,66,48,65,243.690889754096,0.0257834230632086,3,3,3.96862696659689
40,66,48,79,44.5985281604161,0.140883243603458,3,3,3
40,66,60,62,-243.690889754096,-0.0257834230632086,3,3,3.96862696659689
40,66,60,89,243.690889754096,0.0257834230632086,3,3,3.96862696659689
40,66,60,92,44.5985281604161,0.140883243603458,3,3,3
40,66,65,79,54.5890104579478,0.115099820540249,3,3,4.5
40,66,79,101,243.690889754096,0.0257834230632086,3,3,3.96862696659689
40,66,89,92,54.5890104579478,0.115099820540249,3,3,4.5
40,66,92,101,243.690889754096,0.0257834230632086,3,3,3.96862696659689
41,57,15,21,-54.5890104579478,-0.115099820540249,3,3,4.5
41,57,15,33,243.690889754096,0.0257834230632086,3,3,3.96862696659689
41,57,21,33,44.5985281604161,0.140883243603458,3,3,3
41,57,21,34,-243.690889754096,-0.0257834230632086,3,3,3.96862696659689
41,57,31,33,-243.690889754096,-0.0257834230632086,3,3,3.96862696659689
41,57,31,51,54.5890104579478,0.115099820540249,3,3,4.5
41,57,33,51,44.5985281604161,0.140883243603458,3,3,3
41,57,34,58,243.690889754096,0.0257834230632086,3,3,3.96862696659689
41,57,51,78,243.690889754096,0.0257834230632086,3,3,3.96862696659689
41,57,58,69,44.5985281604161,0.140883243603458,3,3,3
41,57,58,90,54.5890104579478,0.115099820540249,3,3,4.5
41,57,69,87,44.5985281604161,0.140883243603458,3,3,3
41,57,69,90,-243.690889754096,-0.0257834230632086,3,3,3.96862696659689
41,57,69,103,243.690889754096,0.0257834230632086,3,3,3.96862696659689
41,57,78,87,-243.690889754096,-0.0257834230632086,3,3,3.96862696659689
41,57,87,103,-54.5890104579478,-0.115099820540249,3,3,4.5
41,58,16,21,-54.5890104579478,-0.115099820540249,3,3,4.5
41,58,16,34,243.690889754096,0.0257834230632086,3,3,3.96862696659689
41,58,21,33,-243.690889754096,-0.0257834230632086,3,3,3.96862696659689
41,58,21,34,44.5985281604161,0.140883243603458,3,3,3
41,58,32,34,-243.690889754096,-0.0257834230632086,3,3,3.96862696659689
41,58,32,52,54.5890104579478,0.115099820540249,3,3,4.5
41,58,33,57,243.690889754096,0.0257834230632086,3,3,3.96862696659689
41,58,34,52,44.5985281604161,0.140883243603458,3,3,3
41,58,52,80,243.690889754096,0.0257834230632086,3,3,3.96862696659689
41,58,57,69,44.5985281604161,0.140883243603458,3,3,3
41,58,57,87,54.5890104579478,0.115099820540249,3,3,4.5
41,58,69,87,-243.690889754096,-0.0257834230632086,3,3,3.96862696659689
41,58,69,90,44.5985281604161,0.140883243603458,3,3,3
41,58,69,103,243.690889754096,0.0257834230632086,3,3,3.96862696659689
41,58,80,90,-243.690889754096,-0.0257834230632086,3,3,3.96862696659689
41,58,90,103,-54.5890104579478,-0.115099820540249,3,3,4.5
41,69,21,33,243.690889754096,0.0257834230632086,3,3,3.96862696659689
41,69,21,34,243.690889754096,0.0257834230632086,3,3,3.96862696659689
41,69,33,51,54.5890104579478,0.115099820540249,3,3,4.5
41,69,33,57,44.5985281604161,0.140883243603458,3,3,3
41,69,34,52,54.5890104579478,0.115099820540249,3,3,4.5
41,69,34,58,44.5985281604161,0.140883243603458,3,3,3
41,69,51,57,243.690889754096,0.0257834230632086,3,3,3.96862696659689
41,69,52,58,243.690889754096,0.0257834230632086,3,3,3.96862696659689
41,69,57,78,243.690889754096,0.0257834230632086,3,3,3.96862696659689
41,69,57,87,44.5985281604161,0.140883243603458,3,3,3
41,69,58,80,243.690889754096,0.0257834230632086,3,3,3.96862696659689
41,69,58,90,44.5985281604161,0.140883243603458,3,3,3
41,69,78,87,54.5890104579478,0.115099820540249,3,3,4.5
41,69,80,90,54.5890104579478,0.115099820540249,3,3,4.5
41,69,87,103,243.690889754096,0.0257834230632086,3,3,3.96862696659689
41,69,90,103,243.690889754096,0.0257834230632086,3,3,3.96862696659689
42,54,13,22,-54.5890104579478,-0.115099820540249,3,3,4.5
42,54,13,29,243.690889754096,0.0257834230632086,3,3,3.96862696659689
42,54,22,29,44.5985281604161,0.140883243603458,3,3,3
42,54,22,36,-243.690889754096,-0.0257834230632086,3,3,3.96862696659689
42,54,24,29,-243.690889754096,-0.0257834230632086,3,3,3.96862696659689
42,54,24,46,54.5890104579478,0.115099820540249,3,3,4.5
42,54,29,46,44.5985281604161,0.140883243603458,3,3,3
42,54,36,61,243.690889754096,0.0257834230632086,3,3,3.96862696659689
42,54,46,74,243.690889754096,0.0257834230632086,3,3,3.96862696659689
42,54,61,70,44.5985281604161,0.140883243603458,3,3,3
42,54,61,93,54.5890104579478,0.115099820540249,3,3,4.5
42,54,70,85,44.5985281604161,0.140883243603458,3,3,3
42,54,70,93,-243.690889754096,-0.0257834230632086,3,3,3.96862696659689
42,54,70,105,243.690889754096,0.0257834230632086,3,3,3.96862696659689
42,54,74,85,-243.690889754096,-0.0257834230632086,3,3,3.96862696659689
42,54,85,105,-54.5890104579478,-0.115099820540249,3,3,4.5
42,61,19,22,-54.5890104579478,-0.115099820540249,3,3,4.5
42,61,19,36,243.690889754096,0.0257834230632086,3,3,3.96862696659689
42,61,22,29,-243.690889754096,-0.0257834230632086,3,3,3.96862696659689
42,61,22,36,44.5985281604161,0.140883243603458,3,3,3
42,61,29,54,243.690889754096,0.0257834230632086,3,3,3.96862696659689
42,61,36,39,243.690889754096,0.0257834230632086,3,3,3.96862696659689
42,61,36,59,44.5985281604161,0.140883243603458,3,3,3
42,61,39,59,54.5890104579478,0.115099820540249,3,3,4.5
42,61,54,70,44.5985281604161,0.140883243603458,3,3,3
42,61,54,85,54.5890104579478,0.115099820540249,3,3,4.5
42,61,59,88,243.690889754096,0.0257834230632086,3,3,3.96862696659689
42,61,70,85,-243.690889754096,-0.0257834230632086,3,3,3.96862696659689
42,61,70,93,44.5985281604161,0.140883243603458,3,3,3
42,61,70,105,243.690889754096,0.0257834230632086,3,3,3.96862696659689
42,61,88,93,-243.690889754096,-0.0257834230632086,3,3,3.96862696659689
42,61,93,105,-54.5890104579478,-0.115099820540249,3,3,4.5
42,70,22,29,243.690889754096,0.0257834230632086,3,3,3.96862696659689
42,70,22,36,243.690889754096,0.0257834230632086,3,3,3.96862696659689
42,70,29,46,54.5890104579478,0.115099820540249,3,3,4.5
42,70,29,54,44.5985281604161,0.140883243603458,3,3,3
42,70,36,59,54.5890104579478,0.115099820540249,3,3,4.5
42,70,36,61,44.5985281604161,0.140883243603458,3,3,3
42,70,46,54,243.690889754096,0.0257834230632086,3,3,3.96862696659689
42,70,54,74,243.690889754096,0.0257834230632086,3,3,3.96862696659689
42,70,54,85,44.5985281604161,0.140883243603458,3,3,3
42,70,59,61,243.690889754096,0.0257834230632086,3,3,3.96862696659689
42,70,61,88,243.690889754096,0.0257834230632086,3,3,3.96862696659689
42,70,61,93,44.5985281604161,0.140883243603458,3,3,3
42,70,74,85,54.5890104579478,0.115099820540249,3,3,4.5
42,70,85,105,243.690889754096,0.0257834230632086,3,3,3.96862696659689
42,70,88,93,54.5890104579478,0.115099820540249,3,3,4.5
42,70,93,105,243.690889754096,0.0257834230632086,3,3,3.96862696659689
43,55,14,23,-54.5890104579478,-0.115099820540249,3,3,4.5
43,55,14,30,243.690889754096,0.0257834230632086,3,3,3.96862696659689
43,55,23,30,44.5985281604161,0.140883243603458,3,3,3
43,55,23,37,-243.690889754096,-0.0257834230632086,3,3,3.96862696659689
43,55,25,30,-243.690889754096,-0.0257834230632086,3,3,3.96862696659689
43,55,25,47,54.5890104579478,0.115099820540249,3,3,4.5
43,55,30,47,44.5985281604161,0.140883243603458,3,3,3
43,55,37,62,243.690889754096,0.0257834230632086,3,3,3.96862696659689
43,55,47,75,243.690889754096,0.0257834230632086,3,3,3.96862696659689
43,55,62,71,44.5985281604161,0.140883243603458,3,3,3
43,55,62,94,54.5890104579478,0.115099820540249,3,3,4.5
43,55,71,86,44.5985281604161,0.140883243603458,3,3,3
43,55,71,94,-243.690889754096,-0.0257834230632086,3,3,3.96862696659689
43,55,71,106,243.690889754096,0.0257834230632086,3,3,3.96862696659689
43,55,75,86,-243.690889754096,-0.0257834230632086,3,3,3.96862696659689
43,55,86,106,-54.5890104579478,-0.115099820540249,3,3,4.5
43,62,20,23,-54.5890104579478,-0.115099820540249,3,3,4.5
43,62,20,37,243.690889754096,0.0257834230632086,3,3,3.96862696659689
43,62,23,30,-243.690889754096,-0.0257834230632086,3,3,3.96862696659689
43,62,23,37,44.5985281604161,0.140883243603458,3,3,3
43,62,30,55,243.690889754096,0.0257834230632086,3,3,3.96862696659689
43,62,37,40,243.690889754096,0.0257834230632086,3,3,3.96862696659689
43,62,37,60,44.5985281604161,0.140883243603458,3,3,3
43,62,40,60,54.5890104579478,0.115099820540249,3,3,4.5
43,62,55,71,44.5985281604161,0.140883243603458,3,3,3
43,62,55,86,54.5890104579478,0.115099820540249,3,3,4.5
43,62,60,89,243.690889754096,0.0257834230632086,3,3,3.96862696659689
43,62,71,86,-243.690889754096,-0.0257834230632086,3,3,3.96862696659689
43,62,71,94,44.5985281604161,0.140883243603458,3,3,3
43,62,71,106,243.690889754096,0.0257834230632086,3,3,3.96862696659689
43,62,89,94,-243.690889754096,-0.0257834230632086,3,3,3.96862696659689
43,62,94,106,-54.5890104579478,-0.115099820540249,3,3,4.5
43,71,23,30,243.690889754096,0.0257834230632086,3,3,3.96862696659689
43,71,23,37,243.690889754096,0.0257834230632086,3,3,3.96862696659689
43,71,30,47,54.5890104579478,0.115099820540249,3,3,4.5
43,71,30,55,44.5985281604161,0.140883243603458,3,3,3
43,71,37,60,54.5890104579478,0.115099820540249,3,3,4.5
43,71,37,62,44.5985281604161,0.140883243603458,3,3,3
43,71,47,55,243.690889754096,0.0257834230632086,3,3,3.96862696659689
43,71,55,75,243.690889754096,0.0257834230632086,3,3,3.96862696659689
43,71,55,86,44.5985281604161,0.140883243603458,3,3,3
43,71,60,62,243.690889754096,0.0257834230632086,3,3,3.96862696659689
43,71,62,89,243.690889754096,0.0257834230632086,3,3,3.96862696659689
43,71,62,94,44.5985281604161,0.140883243603458,3,3,3
43,71,75,86,54.5890104579478,0.115099820540249,3,3,4.5
43,71,86,106,243.690889754096,0.0257834230632086,3,3,3.96862696659689
43,71,89,94,54.5890104579478,0.115099820540249,3,3,4.5
43,71,94,106,243.690889754096,0.0257834230632086,3,3,3.96862696659689
44,46,11,24,243.690889754096,0.0257834230632086,3,3,3.96862696659689
44,46,11,27,-54.5890104579478,-0.115099820540249,3,3,4.5
44,46,13,24,-243.690889754096,-0.0257834230632086,3,3,3.96862696659689
44,46,13,29,54.5890104579478,0.115099820540249,3,3,4.5
44,46,24,27,-44.5985281604161,-0.140883243603458,3,3,3
44,46,24,29,44.5985281604161,0.140883243603458,3,3,3
44,46,27,49,-243.690889754096,-0.0257834230632086,3,3,3.96862696659689
44,46,29,54,243.690889754096,0.0257834230632086,3,3,3.96862696659689
44,46,49,72,243.690889754096,0.0257834230632086,3,3,3.96862696659689
44,46,54,74,-243.690889754096,-0.0257834230632086,3,3,3.96862696659689
44,46,67,72,-44.5985281604161,-0.140883243603458,3,3,3
44,46,67,74,44.5985281604161,0.140883243603458,3,3,3
44,46,67,97,-243.690889754096,-0.0257834230632086,3,3,3.96862696659689
44,46,67,99,243.690889754096,0.0257834230632086,3,3,3.96862696659689
44,46,72,97,54.5890104579478,0.115099820540249,3,3,4.5
44,46,74,99,-54.5890104579478,-0.115099820540249,3,3,4.5
44,49,11,24,-54.5890104579478,-0.115099820540249,3,3,4.5
44,49,11,27,243.690889754096,0.0257834230632086,3,3,3.96862696659689
44,49,17,27,-243.690889754096,-0.0257834230632086,3,3,3.96862696659689
44,49,17,35,54.5890104579478,0.115099820540249,3,3,4.5
44,49,24,27,44.5985281604161,0.140883243603458,3,3,3
44,49,24,46,-243.690889754096,-0.0257834230632086,3,3,3.96862696659689
44,49,27,35,44.5985281604161,0.140883243603458,3,3,3
44,49,35,63,243.690889754096,0.0257834230632086,3,3,3.96862696659689
44,49,46,67,243.690889754096,0.0257834230632086,3,3,3.96862696659689
44,49,63,81,-243.690889754096,-0.0257834230632086,3,3,3.96862696659689
44,49,67,72,44.5985281604161,0.140883243603458,3,3,3
44,49,67,97,54.5890104579478,0.115099820540249,3,3,4.5
44,49,72,81,44.5985281604161,0.140883243603458,3,3,3
44,49,72,97,-243.690889754096,-0.0257834230632086,3,3,3.96862696659689
44,49,72,104,243.690889754096,0.0257834230632086,3,3,3.96862696659689
44,49,81,104,-54.5890104579478,-0.115099820540249,3,3,4.5
44,67,24,27,-243.690889754096,-0.0257834230632086,3,3,3.96862696659689
44,67,24,29,54.5890104579478,0.115099820540249,3,3,4.5
44,67,24,46,44.5985281604161,0.140883243603458,3,3,3
44,67,27,49,243.690889754096,0.0257834230632086,3,3,3.96862696659689
44,67,29,46,243.690889754096,0.0257834230632086,3,3,3.96862696659689
44,67,46,54,243.690889754096,0.0257834230632086,3,3,3.96862696659689
44,67,46,74,44.5985281604161,0.140883243603458,3,3,3
44,67,49,72,44.5985281604161,0.140883243603458,3,3,3
44,67,49,81,54.5890104579478,0.115099820540249,3,3,4.5
44,67,54,74,54.5890104579478,0.115099820540249,3,3,4.5
44,67,72,81,-243.690889754096,-0.0257834230632086,3,3,3.96862696659689
44,67,72,97,44.5985281604161,0.140883243603458,3,3,3
44,67,72,104,243.690889754096,0.0257834230632086,3,3,3.96862696659689
44,67,74,99,243.690889754096,0.0257834230632086,3,3,3.96862696659689
44,67,97,99,243.690889754096,0.0257834230632086,3,3,3.96862696659689
44,67,97,104,-54.5890104579478,-0.115099820540249,3,3,4.5
44,72,24,27,243.690889754096,0.0257834230632086,3,3,3.96862696659689
44,72,24,46,243.690889754096,0.0257834230632086,3,3,3.96862696659689
44,72,27,35,54.5890104579478,0.115099820540249,3,3,4.5
44,72,27,49,44.5985281604161,0.140883243603458,3,3,3
44,72,35,49,243.690889754096,0.0257834230632086,3,3,3.96862696659689
44,72,46,67,44.5985281604161,0.140883243603458,3,3,3
44,72,46,74,54.5890104579478,0.115099820540249,3,3,4.5
44,72,49,63,243.690889754096,0.0257834230632086,3,3,3.96862696659689
44,72,49,81,44.5985281604161,0.140883243603458,3,3,3
44,72,63,81,54.5890104579478,0.115099820540249,3,3,4.5
44,72,67,74,-243.690889754096,-0.0257834230632086,3,3,3.96862696659689
44,72,67,97,44.5985281604161,0.140883243603458,3,3,3
44,72,67,99,243.690889754096,0.0257834230632086,3,3,3.96862696659689
44,72,81,104,243.690889754096,0.0257834230632086,3,3,3.96862696659689
44,72,97,99,-54.5890104579478,-0.115099820540249,3,3,4.5
44,72,97,104,243.690889754096,0.0257834230632086,3,3,3.96862696659689
45,47,12,25,243.690889754096,0.0257834230632086,3,3,3.96862696659689
45,47,12,28,-54.5890104579478,-0.115099820540249,3,3,4.5
45,47,14,25,-243.690889754096,-0.0257834230632086,3,3,3.96862696659689
45,47,14,30,54.5890104579478,0.115099820540249,3,3,4.5
45,47,25,28,-44.5985281604161,-0.140883243603458,3,3,3
45,47,25,30,44.5985281604161,0.140883243603458,3,3,3
45,47,28,50,-243.690889754096,-0.0257834230632086,3,3,3.96862696659689
45,47,30,55,243.690889754096,0.0257834230632086,3,3,3.96862696659689
45,47,50,73,243.690889754096,0.0257834230632086,3,3,3.96862696659689
45,47,55,75,-243.690889754096,-0.0257834230632086,3,3,3.96862696659689
45,47,68,73,-44.5985281604161,-0.140883243603458,3,3,3
45,47,68,75,44.5985281604161,0.140883243603458,3,3,3
45,47,68,98,-243.690889754096,-0.0257834230632086,3,3,3.96862696659689
45,47,68,102,243.690889754096,0.0257834230632086,3,3,3.96862696659689
45,47,73,98,54.5890104579478,0.115099820540249,3,3,4.5
45,47,75,102,-54.5890104579478,-0.115099820540249,3,3,4.5
45,50,12,25,-54.5890104579478,-0.115099820540249,3,3,4.5
45,50,12,28,243.690889754096,0.0257834230632086,3,3,3.96862696659689
45,50,18,28,-243.690889754096,-0.0257834230632086,3,3,3.96862696659689
45,50,18,38,54.5890104579478,0.115099820540249,3,3,4.5
45,50,25,28,44.5985281604161,0.140883243603458,3,3,3
45,50,25,47,-243.690889754096,-0.0257834230632086,3,3,3.96862696659689
45,50,28,38,44.5985281604161,0.140883243603458,3,3,3
45,50,38,64,243.690889754096,0.0257834230632086,3,3,3.96862696659689
45,50,47,68,243.690889754096,0.0257834230632086,3,3,3.96862696659689
45,50,64,82,-243.690889754096,-0.0257834230632086,3,3,3.96862696659689
45,50,68,73,44.5985281604161,0.140883243603458,3,3,3
45,50,68,98,54.5890104579478,0.115099820540249,3,3,4.5
45,50,73,82,44.5985281604161,0.140883243603458,3,3,3
45,50,73,98,-243.690889754096,-0.0257834230632086,3,3,3.96862696659689
45,50,73,107,243.690889754096,0.0257834230632086,3,3,3.96862696659689
45,50,82,107,-54.5890104579478,-0.115099820540249,3,3,4.5
45,68,25,28,-243.690889754096,-0.0257834230632086,3,3,3.96862696659689
45,68,25,30,54.5890104579478,0.115099820540249,3,3,4.5
45,68,25,47,44.5985281604161,0.140883243603458,3,3,3
45,68,28,50,243.690889754096,0.0257834230632086,3,3,3.96862696659689
45,68,30,47,243.690889754096,0.0257834230632086,3,3,3.96862696659689
45,68,47,55,243.690889754096,0.0257834230632086,3,3,3.96862696659689
45,68,47,75,44.5985281604161,0.140883243603458,3,3,3
45,68,50,73,44.5985281604161,0.140883243603458,3,3,3
45,68,50,82,54.5890104579478,0.115099820540249,3,3,4.5
45,68,55,75,54.5890104579478,0.115099820540249,3,3,4.5
45,68,73,82,-243.690889754096,-0.0257834230632086,3,3,3.96862696659689
45,68,73,98,44.5985281604161,0.140883243603458,3,3,3
45,68,73,107,243.690889754096,0.0257834230632086,3,3,3.96862696659689
45,68,75,102,243.690889754096,0.0257834230632086,3,3,3.96862696659689
45,68,98,102,243.690889754096,0.0257834230632086,3,3,3.96862696659689
45,68,98,107,-54.5890104579478,-0.115099820540249,3,3,4.5
45,73,25,28,243.690889754096,0.0257834230632086,3,3,3.96862696659689
45,73,25,47,243.690889754096,0.0257834230632086,3,3,3.96862696659689
45,73,28,38,54.5890104579478,0.115099820540249,3,3,4.5
45,73,28,50,44.5985281604161,0.140883243603458,3,3,3
45,73,38,50,243.690889754096,0.0257834230632086,3,3,3.96862696659689
45,73,47,68,44.5985281604161,0.140883243603458,3,3,3
45,73,47,75,54.5890104579478,0.115099820540249,3,3,4.5
45,73,50,64,243.690889754096,0.0257834230632086,3,3,3.96862696659689
45,73,50,82,44.5985281604161,0.140883243603458,3,3,3
45,73,64,82,54.5890104579478,0.115099820540249,3,3,4.5
45,73,68,75,-243.690889754096,-0.0257834230632086,3,3,3.96862696659689
45,73,68,98,44.5985281604161,0.140883243603458,3,3,3
45,73,68,102,243.690889754096,0.0257834230632086,3,3,3.96862696659689
45,73,82,107,243.690889754096,0.0257834230632086,3,3,3.96862696659689
45,73,98,102,-54.5890104579478,-0.115099820540249,3,3,4.5
45,73,98,107,243.690889754096,0.0257834230632086,3,3,3.96862696659689
46,54,13,24,-54.5890104579478,-0.115099820540249,3,3,4.5
46,54,13,29,243.690889754096,0.0257834230632086,3,3,3.96862696659689
46,54,22,29,-243.690889754096,-0.0257834230632086,3,3,3.96862696659689
46,54,22,42,54.5890104579478,0.115099820540249,3,3,4.5
46,54,24,29,44.5985281604161,0.140883243603458,3,3,3
46,54,24,44,-243.690889754096,-0.0257834230632086,3,3,3.96862696659689
46,54,29,42,44.5985281604161,0.140883243603458,3,3,3
46,54,42,70,243.690889754096,0.0257834230632086,3,3,3.96862696659689
46,54,44,67,243.690889754096,0.0257834230632086,3,3,3.96862696659689
46,54,67,74,44.5985281604161,0.140883243603458,3,3,3
46,54,67,99,54.5890104579478,0.115099820540249,3,3,4.5
46,54,70,85,-243.690889754096,-0.0257834230632086,3,3,3.96862696659689
46,54,74,85,44.5985281604161,0.140883243603458,3,3,3
46,54,74,99,-243.690889754096,-0.0257834230632086,3,3,3.96862696659689
46,54,74,108,243.690889754096,0.0257834230632086,3,3,3.96862696659689
46,54,85,108,-54.5890104579478,-0.115099820540249,3,3,4.5
46,67,24,27,54.5890104579478,0.115099820540249,3,3,4.5
46,67,24,29,-243.690889754096,-0.0257834230632086,3,3,3.96862696659689
46,67,24,44,44.5985281604161,0.140883243603458,3,3,3
46,67,27,44,243.690889754096,0.0257834230632086,3,3,3.96862696659689
46,67,29,54,243.690889754096,0.0257834230632086,3,3,3.96862696659689
46,67,44,49,243.690889754096,0.0257834230632086,3,3,3.96862696659689
46,67,44,72,44.5985281604161,0.140883243603458,3,3,3
46,67,49,72,54.5890104579478,0.115099820540249,3,3,4.5
46,67,54,74,44.5985281604161,0.140883243603458,3,3,3
46,67,54,85,54.5890104579478,0.115099820540249,3,3,4.5
46,67,72,97,243.690889754096,0.0257834230632086,3,3,3.96862696659689
46,67,74,85,-243.690889754096,-0.0257834230632086,3,3,3.96862696659689
46,67,74,99,44.5985281604161,0.140883243603458,3,3,3
46,67,74,108,243.690889754096,0.0257834230632086,3,3,3.96862696659689
46,67,97,99,-243.690889754096,-0.0257834230632086,3,3,3.96862696659689
46,67,99,108,-54.5890104579478,-0.115099820540249,3,3,4.5
46,74,24,29,243.690889754096,0.0257834230632086,3,3,3.96862696659689
46,74,24,44,243.690889754096,0.0257834230632086,3,3,3.96862696659689
46,74,29,42,54.5890104579478,0.115099820540249,3,3,4.5
46,74,29,54,44.5985281604161,0.140883243603458,3,3,3
46,74,42,54,243.690889754096,0.0257834230632086,3,3,3.96862696659689
46,74,44,67,44.5985281604161,0.140883243603458,3,3,3
46,74,44,72,54.5890104579478,0.115099820540249,3,3,4.5
46,74,54,70,243.690889754096,0.0257834230632086,3,3,3.96862696659689
46,74,54,85,44.5985281604161,0.140883243603458,3,3,3
46,74,67,72,-243.690889754096,-0.0257834230632086,3,3,3.96862696659689
46,74,67,97,243.690889754096,0.0257834230632086,3,3,3.96862696659689
46,74,67,99,44.5985281604161,0.140883243603458,3,3,3
46,74,70,85,54.5890104579478,0.115099820540249,3,3,4.5
46,74,85,108,243.690889754096,0.0257834230632086,3,3,3.96862696659689
46,74,97,99,54.5890104579478,0.115099820540249,3,3,4.5
46,74,99,108,243.690889754096,0.0257834230632086,3,3,3.96862696659689
47,55,14,25,-54.5890104579478,-0.115099820540249,3,3,4.5
47,55,14,30,243.690889754096,0.0257834230632086,3,3,3.96862696659689
47,55,23,30,-243.690889754096,-0.0257834230632086,3,3,3.96862696659689
47,55,23,43,54.5890104579478,0.115099820540249,3,3,4.5
47,55,25,30,44.5985281604161,0.140883243603458,3,3,3
47,55,25,45,-243.690889754096,-0.0257834230632086,3,3,3.96862696659689
47,55,30,43,44.5985281604161,0.140883243603458,3,3,3
47,55,43,71,243.690889754096,0.0257834230632086,3,3,3.96862696659689
47,55,45,68,243.690889754096,0.0257834230632086,3,3,3.96862696659689
47,55,68,75,44.5985281604161,0.140883243603458,3,3,3
47,55,68,102,54.5890104579478,0.115099820540249,3,3,4.5
47,55,71,86,-243.690889754096,-0.0257834230632086,3,3,3.96862696659689
47,55,75,86,44.5985281604161,0.140883243603458,3,3,3
47,55,75,102,-243.690889754096,-0.0257834230632086,3,3,3.96862696659689
47,55,75,109,243.690889754096,0.0257834230632086,3,3,3.96862696659689
47,55,86,109,-54.5890104579478,-0.115099820540249,3,3,4.5
47,68,25,28,54.5890104579478,0.115099820540249,3,3,4.5
47,68,25,30,-243.690889754096,-0.0257834230632086,3,3,3.96862696659689
47,68,25,45,44.5985281604161,0.140883243603458,3,3,3
47,68,28,45,243.690889754096,0.0257834230632086,3,3,3.96862696659689
47,68,30,55,243.690889754096,0.0257834230632086,3,3,3.96862696659689
47,68,45,50,243.690889754096,0.0257834230632086,3,3,3.96862696659689
47,68,45,73,44.5985281604161,0.140883243603458,3,3,3
47,68,50,73,54.5890104579478,0.115099820540249,3,3,4.5
47,68,55,75,44.5985281604161,0.140883243603458,3,3,3
47,68,55,86,54.5890104579478,0.115099820540249,3,3,4.5
47,68,73,98,243.690889754096,0.0257834230632086,3,3,3.96862696659689
47,68,75,86,-243.690889754096,-0.0257834230632086,3,3,3.96862696659689
47,68,75,102,44.5985281604161,0.140883243603458,3,3,3
47,68,75,109,243.690889754096,0.0257834230632086,3,3,3.96862696659689
47,68,98,102,-243.690889754096,-0.0257834230632086,3,3,3.96862696659689
47,68,102,109,-54.5890104579478,-0.115099820540249,3,3,4.5
47,75,25,30,243.690889754096,0.0257834230632086,3,3,3.96862696659689
47,75,25,45,243.690889754096,0.0257834230632086,3,3,3.96862696659689
47,75,30,43,54.5890104579478,0.115099820540249,3,3,4.5
47,75,30,55,44.5985281604161,0.140883243603458,3,3,3
47,75,43,55,243.690889754096,0.0257834230632086,3,3,3.96862696659689
47,75,45,68,44.5985281604161,0.140883243603458,3,3,3
47,75,45,73,54.5890104579478,0.115099820540249,3,3,4.5
47,75,55,71,243.690889754096,0.0257834230632086,3,3,3.96862696659689
47,75,55,86,44.5985281604161,0.140883243603458,3,3,3
47,75,68,73,-243.690889754096,-0.0257834230632086,3,3,3.96862696659689
47,75,68,98,243.690889754096,0.0257834230632086,3,3,3.96862696659689
47,75,68,102,44.5985281604161,0.140883243603458,3,3,3
47,75,71,86,54.5890104579478,0.115099820540249,3,3,4.5
47,75,86,109,243.690889754096,0.0257834230632086,3,3,3.96862696659689
47,75,98,102,54.5890104579478,0.115099820540249,3,3,4.5
47,75,102,109,243.690889754096,0.0257834230632086,3,3,3.96862696659689
48,65,19,26,-54.5890104579478,-0.115099820540249,3,3,4.5
48,65,19,39,243.690889754096,0.0257834230632086,3,3,3.96862696659689
48,65,26,39,44.5985281604161,0.140883243603458,3,3,3
48,65,26,40,-243.690889754096,-0.0257834230632086,3,3,3.96862696659689
48,65,36,39,-243.690889754096,-0.0257834230632086,3,3,3.96862696659689
48,65,36,59,54.5890104579478,0.115099820540249,3,3,4.5
48,65,39,59,44.5985281604161,0.140883243603458,3,3,3
48,65,40,66,243.690889754096,0.0257834230632086,3,3,3.96862696659689
48,65,59,91,243.690889754096,0.0257834230632086,3,3,3.96862696659689
48,65,66,79,44.5985281604161,0.140883243603458,3,3,3
48,65,66,101,54.5890104579478,0.115099820540249,3,3,4.5
48,65,79,100,44.5985281604161,0.140883243603458,3,3,3
48,65,79,101,-243.690889754096,-0.0257834230632086,3,3,3.96862696659689
48,65,79,116,243.690889754096,0.0257834230632086,3,3,3.96862696659689
48,65,91,100,-243.690889754096,-0.0257834230632086,3,3,3.96862696659689
48,65,100,116,-54.5890104579478,-0.115099820540249,3,3,4.5
48,66,20,26,-54.5890104579478,-0.115099820540249,3,3,4.5
48,66,20,40,243.690889754096,0.0257834230632086,3,3,3.96862696659689
48,66,26,39,-243.690889754096,-0.0257834230632086,3,3,3.96862696659689
48,66,26,40,44.5985281604161,0.140883243603458,3,3,3
48,66,37,40,-243.690889754096,-0.0257834230632086,3,3,3.96862696659689
48,66,37,60,54.5890104579478,0.115099820540249,3,3,4.5
48,66,39,65,243.690889754096,0.0257834230632086,3,3,3.96862696659689
48,66,40,60,44.5985281604161,0.140883243603458,3,3,3
48,66,60,92,243.690889754096,0.0257834230632086,3,3,3.96862696659689
48,66,65,79,44.5985281604161,0.140883243603458,3,3,3
48,66,65,100,54.5890104579478,0.115099820540249,3,3,4.5
48,66,79,100,-243.690889754096,-0.0257834230632086,3,3,3.96862696659689
48,66,79,101,44.5985281604161,0.140883243603458,3,3,3
48,66,79,116,243.690889754096,0.0257834230632086,3,3,3.96862696659689
48,66,92,101,-243.690889754096,-0.0257834230632086,3,3,3.96862696659689
48,66,101,116,-54.5890104579478,-0.115099820540249,3,3,4.5
48,79,26,39,243.690889754096,0.0257834230632086,3,3,3.96862696659689
48,79,26,40,243.690889754096,0.0257834230632086,3,3,3.96862696659689
48,79,39,59,54.5890104579478,0.115099820540249,3,3,4.5
48,79,39,65,44.5985281604161,0.140883243603458,3,3,3
48,79,40,60,54.5890104579478,0.115099820540249,3,3,4.5
48,79,40,66,44.5985281604161,0.140883243603458,3,3,3
48,79,59,65,243.690889754096,0.0257834230632086,3,3,3.96862696659689
48,79,60,66,243.690889754096,0.0257834230632086,3,3,3.96862696659689
48,79,65,91,243.690889754096,0.0257834230632086,3,3,3.96862696659689
48,79,65,100,44.5985281604161,0.140883243603458,3,3,3
48,79,66,92,243.690889754096,0.0257834230632086,3,3,3.96862696659689
48,79,66,101,44.5985281604161,0.140883243603458,3,3,3
48,79,91,100,54.5890104579478,0.115099820540249,3,3,4.5
48,79,92,101,54.5890104579478,0.115099820540249,3,3,4.5
48,79,100,116,243.690889754096,0.0257834230632086,3,3,3.96862696659689
48,79,101,116,243.690889754096,0.0257834230632086,3,3,3.96862696659689
49,63,17,27,-54.5890104579478,-0.115099820540249,3,3,4.5
49,63,17,35,243.690889754096,0.0257834230632086,3,3,3.96862696659689
49,63,27,35,44.5985281604161,0.140883243603458,3,3,3
49,63,27,44,-243.690889754096,-0.0257834230632086,3,3,3.96862696659689
49,63,31,35,-243.690889754096,-0.0257834230632086,3,3,3.96862696659689
49,63,31,53,54.5890104579478,0.115099820540249,3,3,4.5
49,63,35,53,44.5985281604161,0.140883243603458,3,3,3
49,63,44,72,243.690889754096,0.0257834230632086,3,3,3.96862696659689
49,63,53,83,243.690889754096,0.0257834230632086,3,3,3.96862696659689
49,63,72,81,44.5985281604161,0.140883243603458,3,3,3
49,63,72,104,54.5890104579478,0.115099820540249,3,3,4.5
49,63,81,95,44.5985281604161,0.140883243603458,3,3,3
49,63,81,104,-243.690889754096,-0.0257834230632086,3,3,3.96862696659689
49,63,81,117,243.690889754096,0.0257834230632086,3,3,3.96862696659689
49,63,83,95,-243.690889754096,-0.0257834230632086,3,3,3.96862696659689
49,63,95,117,-54.5890104579478,-0.115099820540249,3,3,4.5
49,72,24,27,-54.5890104579478,-0.115099820540249,3,3,4.5
49,72,24,44,243.690889754096,0.0257834230632086,3,3,3.96862696659689
49,72,27,35,-243.690889754096,-0.0257834230632086,3,3,3.96862696659689
49,72,27,44,44.5985281604161,0.140883243603458,3,3,3
49,72,35,63,243.690889754096,0.0257834230632086,3,3,3.96862696659689
49,72,44,46,243.690889754096,0.0257834230632086,3,3,3.96862696659689
49,72,44,67,44.5985281604161,0.140883243603458,3,3,3
49,72,46,67,54.5890104579478,0.115099820540249,3,3,4.5
49,72,63,81,44.5985281604161,0.140883243603458,3,3,3
49,72,63,95,54.5890104579478,0.115099820540249,3,3,4.5
49,72,67,97,243.690889754096,0.0257834230632086,3,3,3.96862696659689
49,72,81,95,-243.690889754096,-0.0257834230632086,3,3,3.96862696659689
49,72,81,104,44.5985281604161,0.140883243603458,3,3,3
49,72,81,117,243.690889754096,0.0257834230632086,3,3,3.96862696659689
49,72,97,104,-243.690889754096,-0.0257834230632086,3,3,3.96862696659689
49,72,104,117,-54.5890104579478,-0.115099820540249,3,3,4.5
49,81,27,35,243.690889754096,0.0257834230632086,3,3,3.96862696659689
49,81,27,44,243.690889754096,0.0257834230632086,3,3,3.96862696659689
49,81,35,53,54.5890104579478,0.115099820540249,3,3,4.5
49,81,35,63,44.5985281604161,0.140883243603458,3,3,3
49,81,44,67,54.5890104579478,0.115099820540249,3,3,4.5
49,81,44,72,44.5985281604161,0.140883243603458,3,3,3
49,81,53,63,243.690889754096,0.0257834230632086,3,3,3.96862696659689
49,81,63,83,243.690889754096,0.0257834230632086,3,3,3.96862696659689
49,81,63,95,44.5985281604161,0.140883243603458,3,3,3
49,81,67,72,243.690889754096,0.0257834230632086,3,3,3.96862696659689
49,81,72,97,243.690889754096,0.0257834230632086,3,3,3.96862696659689
49,81,72,104,44.5985281604161,0.140883243603458,3,3,3
49,81,83,95,54.5890104579478,0.115099820540249,3,3,4.5
49,81,95,117,243.690889754096,0.0257834230632086,3,3,3.96862696659689
49,81,97,104,54.5890104579478,0.115099820540249,3,3,4.5
49,81,104,117,243.690889754096,0.0257834230632086,3,3,3.96862696659689
50,64,18,28,-54.5890104579478,-0.115099820540249,3,3,4.5
50,64,18,38,243.690889754096,0.0257834230632086,3,3,3.96862696659689
50,64,28,38,44.5985281604161,0.140883243603458,3,3,3
50,64,28,45,-243.690889754096,-0.0257834230632086,3,3,3.96862696659689
50,64,32,38,-243.690889754096,-0.0257834230632086,3,3,3.96862696659689
50,64,32,56,54.5890104579478,0.115099820540249,3,3,4.5
50,64,38,56,44.5985281604161,0.140883243603458,3,3,3
50,64,45,73,243.690889754096,0.0257834230632086,3,3,3.96862696659689
50,64,56,84,243.690889754096,0.0257834230632086,3,3,3.96862696659689
50,64,73,82,44.5985281604161,0.140883243603458,3,3,3
50,64,73,107,54.5890104579478,0.115099820540249,3,3,4.5
50,64,82,96,44.5985281604161,0.140883243603458,3,3,3
50,64,82,107,-243.690889754096,-0.0257834230632086,3,3,3.96862696659689
50,64,82,118,243.690889754096,0.0257834230632086,3,3,3.96862696659689
50,64,84,96,-243.690889754096,-0.0257834230632086,3,3,3.96862696659689
50,64,96,118,-54.5890104579478,-0.115099820540249,3,3,4.5
50,73,25,28,-54.5890104579478,-0.115099820540249,3,3,4.5
50,73,25,45,243.690889754096,0.0257834230632086,3,3,3.96862696659689
50,73,28,38,-243.690889754096,-0.0257834230632086,3,3,3.96862696659689
50,73,28,45,44.5985281604161,0.140883243603458,3,3,3
50,73,38,64,243.690889754096,0.0257834230632086,3,3,3.96862696659689
50,73,45,47,243.690889754096,0.0257834230632086,3,3,3.96862696659689
50,73,45,68,44.5985281604161,0.140883243603458,3,3,3
50,73,47,68,54.5890104579478,0.115099820540249,3,3,4.5
50,73,64,82,44.5985281604161,0.140883243603458,3,3,3
50,73,64,96,54.5890104579478,0.115099820540249,3,3,4.5
50,73,68,98,243.690889754096,0.0257834230632086,3,3,3.96862696659689
50,73,82,96,-243.690889754096,-0.0257834230632086,3,3,3.96862696659689
50,73,82,107,44.5985281604161,0.140883243603458,3,3,3
50,73,82,118,243.690889754096,0.0257834230632086,3,3,3.96862696659689
50,73,98,107,-243.690889754096,-0.0257834230632086,3,3,3.96862696659689
50,73,107,118,-54.5890104579478,-0.115099820540249,3,3,4.5
50,82,28,38,243.690889754096,0.0257834230632086,3,3,3.96862696659689
50,82,28,45,243.690889754096,0.0257834230632086,3,3,3.96862696659689
50,82,38,56,54.5890104579478,0.115099820540249,3,3,4.5
50,82,38,64,44.5985281604161,0.140883243603458,3,3,3
50,82,45,68,54.5890104579478,0.115099820540249,3,3,4.5
50,82,45,73,44.5985281604161,0.140883243603458,3,3,3
50,82,56,64,243.690889754096,0.0257834230632086,3,3,3.96862696659689
50,82,64,84,243.690889754096,0.0257834230632086,3,3,3.96862696659689
50,82,64,96,44.5985281604161,0.140883243603458,3,3,3
50,82,68,73,243.690889754096,0.0257834230632086,3,3,3.96862696659689
50,82,73,98,243.690889754096,0.0257834230632086,3,3,3.96862696659689
50,82,73,107,44.5985281604161,0.140883243603458,3,3,3
50,82,84,96,54.5890104579478,0.115099820540249,3,3,4.5
50,82,96,118,243.690889754096,0.0257834230632086,3,3,3.96862696659689
50,82,98,107,54.5890104579478,0.115099820540249,3,3,4.5
50,82,107,118,243.690889754096,0.0257834230632086,3,3,3.96862696659689
51,53,15,31,243.690889754096,0.0257834230632086,3,3,3.96862696659689
51,53,15,33,-54.5890104579478,-0.115099820540249,3,3,4.5
51,53,17,31,-243.690889754096,-0.0257834230632086,3,3,3.96862696659689
51,53,17,35,54.5890104579478,0.115099820540249,3,3,4.5
51,53,31,33,-44.5985281604161,-0.140883243603458,3,3,3
51,53,31,35,44.5985281604161,0.140883243603458,3,3,3
51,53,33,57,-243.690889754096,-0.0257834230632086,3,3,3.96862696659689
51,53,35,63,243.690889754096,0.0257834230632086,3,3,3.96862696659689
51,53,57,78,243.690889754096,0.0257834230632086,3,3,3.96862696659689
51,53,63,83,-243.690889754096,-0.0257834230632086,3,3,3.96862696659689
51,53,76,78,-44.5985281604161,-0.140883243603458,3,3,3
51,53,76,83,44.5985281604161,0.140883243603458,3,3,3
51,53,76,110,-243.690889754096,-0.0257834230632086,3,3,3.96862696659689
51,53,76,112,243.690889754096,0.0257834230632086,3,3,3.96862696659689
51,53,78,110,54.5890104579478,0.115099820540249,3,3,4.5
51,53,83,112,-54.5890104579478,-0.115099820540249,3,3,4.5
51,57,15,31,-54.5890104579478,-0.115099820540249,3,3,4.5
51,57,15,33,243.690889754096,0.0257834230632086,3,3,3.96862696659689
51,57,21,33,-243.690889754096,-0.0257834230632086,3,3,3.96862696659689
51,57,21,41,54.5890104579478,0.115099820540249,3,3,4.5
51,57,31,33,44.5985281604161,0.140883243603458,3,3,3
51,57,31,53,-243.690889754096,-0.0257834230632086,3,3,3.96862696659689
51,57,33,41,44.5985281604161,0.140883243603458,3,3,3
51,57,41,69,243.690889754096,0.0257834230632086,3,3,3.96862696659689
51,57,53,76,243.690889754096,0.0257834230632086,3,3,3.96862696659689
51,57,69,87,-243.690889754096,-0.0257834230632086,3,3,3.96862696659689
51,57,76,78,44.5985281604161,0.140883243603458,3,3,3
51,57,76,110,54.5890104579478,0.115099820540249,3,3,4.5
51,57,78,87,44.5985281604161,0.140883243603458,3,3,3
51,57,78,110,-243.690889754096,-0.0257834230632086,3,3,3.96862696659689
51,57,78,114,243.690889754096,0.0257834230632086,3,3,3.96862696659689
51,57,87,114,-54.5890104579478,-0.115099820540249,3,3,4.5
51,76,31,33,-243.690889754096,-0.0257834230632086,3,3,3.96862696659689
51,76,31,35,54.5890104579478,0.115099820540249,3,3,4.5
51,76,31,53,44.5985281604161,0.140883243603458,3,3,3
51,76,33,57,243.690889754096,0.0257834230632086,3,3,3.96862696659689
51,76,35,53,243.690889754096,0.0257834230632086,3,3,3.96862696659689
51,76,53,63,243.690889754096,0.0257834230632086,3,3,3.96862696659689
51,76,53,83,44.5985281604161,0.140883243603458,3,3,3
51,76,57,78,44.5985281604161,0.140883243603458,3,3,3
51,76,57,87,54.5890104579478,0.115099820540249,3,3,4.5
51,76,63,83,54.5890104579478,0.115099820540249,3,3,4.5
51,76,78,87,-243.690889754096,-0.0257834230632086,3,3,3.96862696659689
51,76,78,110,44.5985281604161,0.140883243603458,3,3,3
51,76,78,114,243.690889754096,0.0257834230632086,3,3,3.96862696659689
51,76,83,112,243.690889754096,0.0257834230632086,3,3,3.96862696659689
51,76,110,112,243.690889754096,0.0257834230632086,3,3,3.96862696659689
51,76,110,114,-54.5890104579478,-0.115099820540249,3,3,4.5
51,78,31,33,243.690889754096,0.0257834230632086,3,3,3.96862696659689
51,78,31,53,243.690889754096,0.0257834230632086,3,3,3.96862696659689
51,78,33,41,54.5890104579478,0.115099820540249,3,3,4.5
51,78,33,57,44.5985281604161,0.140883243603458,3,3,3
51,78,41,57,243.690889754096,0.0257834230632086,3,3,3.96862696659689
51,78,53,76,44.5985281604161,0.140883243603458,3,3,3
51,78,53,83,54.5890104579478,0.115099820540249,3,3,4.5
51,78,57,69,243.690889754096,0.0257834230632086,3,3,3.96862696659689
51,78,57,87,44.5985281604161,0.140883243603458,3,3,3
51,78,69,87,54.5890104579478,0.115099820540249,3,3,4.5
51,78,76,83,-243.690889754096,-0.0257834230632086,3,3,3.96862696659689
51,78,76,110,44.5985281604161,0.140883243603458,3,3,3
51,78,76,112,243.690889754096,0.0257834230632086,3,3,3.96862696659689
51,78,87,114,243.690889754096,0.0257834230632086,3,3,3.96862696659689
51,78,110,112,-54.5890104579478,-0.115099820540249,3,3,4.5
51,78,110,114,243.690889754096,0.0257834230632086,3,3,3.96862696659689
52,56,16,32,243.690889754096,0.0257834230632086,3,3,3.96862696659689
52,56,16,34,-54.5890104579478,-0.115099820540249,3,3,4.5
52,56,18,32,-243.690889754096,-0.0257834230632086,3,3,3.96862696659689
52,56,18,38,54.5890104579478,0.115099820540249,3,3,4.5
52,56,32,34,-44.5985281604161,-0.140883243603458,3,3,3
52,56,32,38,44.5985281604161,0.140883243603458,3,3,3
52,56,34,58,-243.690889754096,-0.0257834230632086,3,3,3.96862696659689
52,56,38,64,243.690889754096,0.0257834230632086,3,3,3.96862696659689
52,56,58,80,243.690889754096,0.0257834230632086,3,3,3.96862696659689
52,56,64,84,-243.690889754096,-0.0257834230632086,3,3,3.96862696659689
52,56,77,80,-44.5985281604161,-0.140883243603458,3,3,3
52,56,77,84,44.5985281604161,0.140883243603458,3,3,3
52,56,77,111,-243.690889754096,-0.0257834230632086,3,3,3.96862696659689
52,56,77,113,243.690889754096,0.0257834230632086,3,3,3.96862696659689
52,56,80,111,54.5890104579478,0.115099820540249,3,3,4.5
52,56,84,113,-54.5890104579478,-0.115099820540249,3,3,4.5
52,58,16,32,-54.5890104579478,-0.115099820540249,3,3,4.5
52,58,16,34,243.690889754096,0.0257834230632086,3,3,3.96862696659689
52,58,21,34,-243.690889754096,-0.0257834230632086,3,3,3.96862696659689
52,58,21,41,54.5890104579478,0.115099820540249,3,3,4.5
52,58,32,34,44.5985281604161,0.140883243603458,3,3,3
52,58,32,56,-243.690889754096,-0.0257834230632086,3,3,3.96862696659689
52,58,34,41,44.5985281604161,0.140883243603458,3,3,3
52,58,41,69,243.690889754096,0.0257834230632086,3,3,3.96862696659689
52,58,56,77,243.690889754096,0.0257834230632086,3,3,3.96862696659689
52,58,69,90,-243.690889754096,-0.0257834230632086,3,3,3.96862696659689
52,58,77,80,44.5985281604161,0.140883243603458,3,3,3
52,58,77,111,54.5890104579478,0.115099820540249,3,3,4.5
52,58,80,90,44.5985281604161,0.140883243603458,3,3,3
52,58,80,111,-243.690889754096,-0.0257834230632086,3,3,3.96862696659689
52,58,80,115,243.690889754096,0.0257834230632086,3,3,3.96862696659689
52,58,90,115,-54.5890104579478,-0.115099820540249,3,3,4.5
52,77,32,34,-243.690889754096,-0.0257834230632086,3,3,3.96862696659689
52,77,32,38,54.5890104579478,0.115099820540249,3,3,4.5
52,77,32,56,44.5985281604161,0.140883243603458,3,3,3
52,77,34,58,243.690889754096,0.0257834230632086,3,3,3.96862696659689
52,77,38,56,243.690889754096,0.0257834230632086,3,3,3.96862696659689
52,77,56,64,243.690889754096,0.0257834230632086,3,3,3.96862696659689
52,77,56,84,44.5985281604161,0.140883243603458,3,3,3
52,77,58,80,44.5985281604161,0.140883243603458,3,3,3
52,77,58,90,54.5890104579478,0.115099820540249,3,3,4.5
52,77,64,84,54.5890104579478,0.115099820540249,3,3,4.5
52,77,80,90,-243.690889754096,-0.0257834230632086,3,3,3.96862696659689
52,77,80,111,44.5985281604161,0.140883243603458,3,3,3
52,77,80,115,243.690889754096,0.0257834230632086,3,3,3.96862696659689
52,77,84,113,243.690889754096,0.0257834230632086,3,3,3.96862696659689
52,77,111,113,243.690889754096,0.0257834230632086,3,3,3.96862696659689
52,77,111,115,-54.5890104579478,-0.115099820540249,3,3,4.5
52,80,32,34,243.690889754096,0.0257834230632086,3,3,3.96862696659689
52,80,32,56,243.690889754096,0.0257834230632086,3,3,3.96862696659689
52,80,34,41,54.5890104579478,0.115099820540249,3,3,4.5
52,80,34,58,44.5985281604161,0.140883243603458,3,3,3
52,80,41,58,243.690889754096,0.0257834230632086,3,3,3.96862696659689
52,80,56,77,44.5985281604161,0.140883243603458,3,3,3
52,80,56,84,54.5890104579478,0.115099820540249,3,3,4.5
52,80,58,69,243.690889754096,0.0257834230632086,3,3,3.96862696659689
52,80,58,90,44.5985281604161,0.140883243603458,3,3,3
52,80,69,90,54.5890104579478,0.115099820540249,3,3,4.5
52,80,77,84,-243.690889754096,-0.0257834230632086,3,3,3.96862696659689
52,80,77,111,44.5985281604161,0.140883243603458,3,3,3
52,80,77,113,243.690889754096,0.0257834230632086,3,3,3.96862696659689
52,80,90,115,243.690889754096,0.0257834230632086,3,3,3.96862696659689
52,80,111,113,-54.5890104579478,-0.115099820540249,3,3,4.5
52,80,111,115,243.690889754096,0.0257834230632086,3,3,3.96862696659689
53,63,17,31,-54.5890104579478,-0.115099820540249,3,3,4.5
53,63,17,35,243.690889754096,0.0257834230632086,3,3,3.96862696659689
53,63,27,35,-243.690889754096,-0.0257834230632086,3,3,3.96862696659689
53,63,27,49,54.5890104579478,0.115099820540249,3,3,4.5
53,63,31,35,44.5985281604161,0.140883243603458,3,3,3
53,63,31,51,-243.690889754096,-0.0257834230632086,3,3,3.96862696659689
53,63,35,49,44.5985281604161,0.140883243603458,3,3,3
53,63,49,81,243.690889754096,0.0257834230632086,3,3,3.96862696659689
53,63,51,76,243.690889754096,0.0257834230632086,3,3,3.96862696659689
53,63,76,83,44.5985281604161,0.140883243603458,3,3,3
53,63,76,112,54.5890104579478,0.115099820540249,3,3,4.5
53,63,81,95,-243.690889754096,-0.0257834230632086,3,3,3.96862696659689
53,63,83,95,44.5985281604161,0.140883243603458,3,3,3
53,63,83,112,-243.690889754096,-0.0257834230632086,3,3,3.96862696659689
53,63,83,119,243.690889754096,0.0257834230632086,3,3,3.96862696659689
53,63,95,119,-54.5890104579478,-0.115099820540249,3,3,4.5
53,76,31,33,54.5890104579478,0.115099820540249,3,3,4.5
53,76,31,35,-243.690889754096,-0.0257834230632086,3,3,3.96862696659689
53,76,31,51,44.5985281604161,0.140883243603458,3,3,3
53,76,33,51,243.690889754096,0.0257834230632086,3,3,3.96862696659689
53,76,35,63,243.690889754096,0.0257834230632086,3,3,3.96862696659689
53,76,51,57,243.690889754096,0.0257834230632086,3,3,3.96862696659689
53,76,51,78,44.5985281604161,0.140883243603458,3,3,3
53,76,57,78,54.5890104579478,0.115099820540249,3,3,4.5
53,76,63,83,44.5985281604161,0.140883243603458,3,3,3
53,76,63,95,54.5890104579478,0.115099820540249,3,3,4.5
53,76,78,110,243.690889754096,0.0257834230632086,3,3,3.96862696659689
53,76,83,95,-243.690889754096,-0.0257834230632086,3,3,3.96862696659689
53,76,83,112,44.5985281604161,0.140883243603458,3,3,3
53,76,83,119,243.690889754096,0.0257834230632086,3,3,3.96862696659689
53,76,110,112,-243.690889754096,-0.0257834230632086,3,3,3.96862696659689
53,76,112,119,-54.5890104579478,-0.115099820540249,3,3,4.5
53,83,31,35,243.690889754096,0.0257834230632086,3,3,3.96862696659689
53,83,31,51,243.690889754096,0.0257834230632086,3,3,3.96862696659689
53,83,35,49,54.5890104579478,0.115099820540249,3,3,4.5
53,83,35,63,44.5985281604161,0.140883243603458,3,3,3
53,83,49,63,243.690889754096,0.0257834230632086,3,3,3.96862696659689
53,83,51,76,44.5985281604161,0.140883243603458,3,3,3
53,83,51,78,54.5890104579478,0.115099820540249,3,3,4.5
53,83,63,81,243.690889754096,0.0257834230632086,3,3,3.96862696659689
53,83,63,95,44.5985281604161,0.140883243603458,3,3,3
53,83,76,78,-243.690889754096,-0.0257834230632086,3,3,3.96862696659689
53,83,76,110,243.690889754096,0.0257834230632086,3,3,3.96862696659689
53,83,76,112,44.5985281604161,0.140883243603458,3,3,3
53,83,81,95,54.5890104579478,0.115099820540249,3,3,4.5
53,83,95,119,243.690889754096,0.0257834230632086,3,3,3.96862696659689
53,83,110,112,54.5890104579478,0.115099820540249,3,3,4.5
53,83,112,119,243.690889754096,0.0257834230632086,3,3,3.96862696659689
54,70,22,29,-54.5890104579478,-0.115099820540249,3,3,4.5
54,70,22,42,243.690889754096,0.0257834230632086,3,3,3.96862696659689
54,70,29,42,44.5985281604161,0.140883243603458,3,3,3
54,70,29,46,-243.690889754096,-0.0257834230632086,3,3,3.96862696659689
54,70,36,42,-243.690889754096,-0.0257834230632086,3,3,3.96862696659689
54,70,36,61,54.5890104579478,0.115099820540249,3,3,4.5
54,70,42,61,44.5985281604161,0.140883243603458,3,3,3
54,70,46,74,243.690889754096,0.0257834230632086,3,3,3.96862696659689
54,70,61,93,243.690889754096,0.0257834230632086,3,3,3.96862696659689
54,70,74,85,44.5985281604161,0.140883243603458,3,3,3
54,70,74,108,54.5890104579478,0.115099820540249,3,3,4.5
54,70,85,105,44.5985281604161,0.140883243603458,3,3,3
54,70,85,108,-243.690889754096,-0.0257834230632086,3,3,3.96862696659689
54,70,85,125,243.690889754096,0.0257834230632086,3,3,3.96862696659689
54,70,93,105,-243.690889754096,-0.0257834230632086,3,3,3.96862696659689
54,70,105,125,-54.5890104579478,-0.115099820540249,3,3,4.5
54,74,24,29,-54.5890104579478,-0.115099820540249,3,3,4.5
54,74,24,46,243.690889754096,0.0257834230632086,3,3,3.96862696659689
54,74,29,42,-243.690889754096,-0.0257834230632086,3,3,3.96862696659689
54,74,29,46,44.5985281604161,0.140883243603458,3,3,3
54,74,42,70,243.690889754096,0.0257834230632086,3,3,3.96862696659689
54,74,44,46,-243.690889754096,-0.0257834230632086,3,3,3.96862696659689
54,74,44,67,54.5890104579478,0.115099820540249,3,3,4.5
54,74,46,67,44.5985281604161,0.140883243603458,3,3,3
54,74,67,99,243.690889754096,0.0257834230632086,3,3,3.96862696659689
54,74,70,85,44.5985281604161,0.140883243603458,3,3,3
54,74,70,105,54.5890104579478,0.115099820540249,3,3,4.5
54,74,85,105,-243.690889754096,-0.0257834230632086,3,3,3.96862696659689
54,74,85,108,44.5985281604161,0.140883243603458,3,3,3
54,74,85,125,243.690889754096,0.0257834230632086,3,3,3.96862696659689
54,74,99,108,-243.690889754096,-0.0257834230632086,3,3,3.96862696659689
54,74,108,125,-54.5890104579478,-0.115099820540249,3,3,4.5
54,85,29,42,243.690889754096,0.0257834230632086,3,3,3.96862696659689
54,85,29,46,243.690889754096,0.0257834230632086,3,3,3.96862696659689
54,85,42,61,54.5890104579478,0.115099820540249,3,3,4.5
54,85,42,70,44.5985281604161,0.140883243603458,3,3,3
54,85,46,67,54.5890104579478,0.115099820540249,3,3,4.5
54,85,46,74,44.5985281604161,0.140883243603458,3,3,3
54,85,61,70,243.690889754096,0.0257834230632086,3,3,3.96862696659689
54,85,67,74,243.690889754096,0.0257834230632086,3,3,3.96862696659689
54,85,70,93,243.690889754096,0.0257834230632086,3,3,3.96862696659689
54,85,70,105,44.5985281604161,0.140883243603458,3,3,3
54,85,74,99,243.690889754096,0.0257834230632086,3,3,3.96862696659689
54,85,74,108,44.5985281604161,0.140883243603458,3,3,3
54,85,93,105,54.5890104579478,0.115099820540249,3,3,4.5
54,85,99,108,54.5890104579478,0.115099820540249,3,3,4.5
54,85,105,125,243.690889754096,0.0257834230632086,3,3,3.96862696659689
54,85,108,125,243.690889754096,0.0257834230632086,3,3,3.96862696659689
55,71,23,30,-54.5890104579478,-0.115099820540249,3,3,4.5
55,71,23,43,243.690889754096,0.0257834230632086,3,3,3.96862696659689
55,71,30,43,44.5985281604161,0.140883243603458,3,3,3
55,71,30,47,-243.690889754096,-0.0257834230632086,3,3,3.96862696659689
55,71,37,43,-243.690889754096,-0.0257834230632086,3,3,3.96862696659689
55,71,37,62,54.5890104579478,0.115099820540249,3,3,4.5
55,71,43,62,44.5985281604161,0.140883243603458,3,3,3
55,71,47,75,243.690889754096,0.0257834230632086,3,3,3.96862696659689
55,71,62,94,243.690889754096,0.0257834230632086,3,3,3.96862696659689
55,71,75,86,44.5985281604161,0.140883243603458,3,3,3
55,71,75,109,54.5890104579478,0.115099820540249,3,3,4.5
55,71,86,106,44.5985281604161,0.140883243603458,3,3,3
55,71,86,109,-243.690889754096,-0.0257834230632086,3,3,3.96862696659689
55,71,86,126,243.690889754096,0.0257834230632086,3,3,3.96862696659689
55,71,94,106,-243.690889754096,-0.0257834230632086,3,3,3.96862696659689
55,71,106,126,-54.5890104579478,-0.115099820540249,3,3,4.5
55,75,25,30,-54.5890104579478,-0.115099820540249,3,3,4.5
55,75,25,47,243.690889754096,0.0257834230632086,3,3,3.96862696659689
55,75,30,43,-243.690889754096,-0.0257834230632086,3,3,3.96862696659689
55,75,30,47,44.5985281604161,0.140883243603458,3,3,3
55,75,43,71,243.690889754096,0.0257834230632086,3,3,3.96862696659689
55,75,45,47,-243.690889754096,-0.0257834230632086,3,3,3.96862696659689
55,75,45,68,54.5890104579478,0.115099820540249,3,3,4.5
55,75,47,68,44.5985281604161,0.140883243603458,3,3,3
55,75,68,102,243.690889754096,0.0257834230632086,3,3,3.96862696659689
55,75,71,86,44.5985281604161,0.140883243603458,3,3,3
55,75,71,106,54.5890104579478,0.115099820540249,3,3,4.5
55,75,86,106,-243.690889754096,-0.0257834230632086,3,3,3.96862696659689
55,75,86,109,44.5985281604161,0.140883243603458,3,3,3
55,75,86,126,243.690889754096,0.0257834230632086,3,3,3.96862696659689
55,75,102,109,-243.690889754096,-0.0257834230632086,3,3,3.96862696659689
55,75,109,126,-54.5890104579478,-0.115099820540249,3,3,4.5
55,86,30,43,243.690889754096,0.0257834230632086,3,3,3.96862696659689
55,86,30,47,243.690889754096,0.0257834230632086,3,3,3.96862696659689
55,86,43,62,54.5890104579478,0.115099820540249,3,3,4.5
55,86,43,71,44.5985281604161,0.140883243603458,3,3,3
55,86,47,68,54.5890104579478,0.115099820540249,3,3,4.5
55,86,47,75,44.5985281604161,0.140883243603458,3,3,3
55,86,62,71,243.690889754096,0.0257834230632086,3,3,3.96862696659689
55,86,68,75,243.690889754096,0.0257834230632086,3,3,3.96862696659689
55,86,71,94,243.690889754096,0.0257834230632086,3,3,3.96862696659689
55,86,71,106,44.5985281604161,0.140883243603458,3,3,3
55,86,75,102,243.690889754096,0.0257834230632086,3,3,3.96862696659689
55,86,75,109,44.5985281604161,0.140883243603458,3,3,3
55,86,94,106,54.5890104579478,0.115099820540249,3,3,4.5
55,86,102,109,54.5890104579478,0.115099820540249,3,3,4.5
55,86,106,126,243.690889754096,0.0257834230632086,3,3,3.96862696659689
55,86,109,126,243.690889754096,0.0257834230632086,3,3,3.96862696659689
56,64,18,32,-54.5890104579478,-0.115099820540249,3,3,4.5
56,64,18,38,243.690889754096,0.0257834230632086,3,3,3.96862696659689
56,64,28,38,-243.690889754096,-0.0257834230632086,3,3,3.96862696659689
56,64,28,50,54.5890104579478,0.115099820540249,3,3,4.5
56,64,32,38,44.5985281604161,0.140883243603458,3,3,3
56,64,32,52,-243.690889754096,-0.0257834230632086,3,3,3.96862696659689
56,64,38,50,44.5985281604161,0.140883243603458,3,3,3
56,64,50,82,243.690889754096,0.0257834230632086,3,3,3.96862696659689
56,64,52,77,243.690889754096,0.0257834230632086,3,3,3.96862696659689
56,64,77,84,44.5985281604161,0.140883243603458,3,3,3
56,64,77,113,54.5890104579478,0.115099820540249,3,3,4.5
56,64,82,96,-243.690889754096,-0.0257834230632086,3,3,3.96862696659689
56,64,84,96,44.5985281604161,0.140883243603458,3,3,3
56,64,84,113,-243.690889754096,-0.0257834230632086,3,3,3.96862696659689
56,64,84,122,243.690889754096,0.0257834230632086,3,3,3.96862696659689
56,64,96,122,-54.5890104579478,-0.115099820540249,3,3,4.5
56,77,32,34,54.5890104579478,0.115099820540249,3,3,4.5
56,77,32,38,-243.690889754096,-0.0257834230632086,3,3,3.96862696659689
56,77,32,52,44.5985281604161,0.140883243603458,3,3,3
56,77,34,52,243.690889754096,0.0257834230632086,3,3,3.96862696659689
56,77,38,64,243.690889754096,0.0257834230632086,3,3,3.96862696659689
56,77,52,58,243.690889754096,0.0257834230632086,3,3,3.96862696659689
56,77,52,80,44.5985281604161,0.140883243603458,3,3,3
56,77,58,80,54.5890104579478,0.115099820540249,3,3,4.5
56,77,64,84,44.5985281604161,0.140883243603458,3,3,3
56,77,64,96,54.5890104579478,0.115099820540249,3,3,4.5
56,77,80,111,243.690889754096,0.0257834230632086,3,3,3.96862696659689
56,77,84,96,-243.690889754096,-0.0257834230632086,3,3,3.96862696659689
56,77,84,113,44.5985281604161,0.140883243603458,3,3,3
56,77,84,122,243.690889754096,0.0257834230632086,3,3,3.96862696659689
56,77,111,113,-243.690889754096,-0.0257834230632086,3,3,3.96862696659689
56,77,113,122,-54.5890104579478,-0.115099820540249,3,3,4.5
56,84,32,38,243.690889754096,0.0257834230632086,3,3,3.96862696659689
56,84,32,52,243.690889754096,0.0257834230632086,3,3,3.96862696659689
56,84,38,50,54.5890104579478,0.115099820540249,3,3,4.5
56,84,38,64,44.5985281604161,0.140883243603458,3,3,3
56,84,50,64,243.690889754096,0.0257834230632086,3,3,3.96862696659689
56,84,52,77,44.5985281604161,0.140883243603458,3,3,3
56,84,52,80,54.5890104579478,0.115099820540249,3,3,4.5
56,84,64,82,243.690889754096,0.0257834230632086,3,3,3.96862696659689
56,84,64,96,44.5985281604161,0.140883243603458,3,3,3
56,84,77,80,-243.690889754096,-0.0257834230632086,3,3,3.96862696659689
56,84,77,111,243.690889754096,0.0257834230632086,3,3,3.96862696659689
56,84,77,113,44.5985281604161,0.140883243603458,3,3,3
56,84,82,96,54.5890104579478,0.115099820540249,3,3,4.5
56,84,96,122,243.690889754096,0.0257834230632086,3,3,3.96862696659689
56,84,111,113,54.5890104579478,0.115099820540249,3,3,4.5
56,84,113,122,243.690889754096,0.0257834230632086,3,3,3.96862696659689
57,69,21,33,-54.5890104579478,-0.115099820540249,3,3,4.5
57,69,21,41,243.690889754096,0.0257834230632086,3,3,3.96862696659689
57,69,33,41,44.5985281604161,0.140883243603458,3,3,3
57,69,33,51,-243.690889754096,-0.0257834230632086,3,3,3.96862696659689
57,69,34,41,-243.690889754096,-0.0257834230632086,3,3,3.96862696659689
57,69,34,58,54.5890104579478,0.115099820540249,3,3,4.5
57,69,41,58,44.5985281604161,0.140883243603458,3,3,3
57,69,51,78,243.690889754096,0.0257834230632086,3,3,3.96862696659689
57,69,58,90,243.690889754096,0.0257834230632086,3,3,3.96862696659689
57,69,78,87,44.5985281604161,0.140883243603458,3,3,3
57,69,78,114,54.5890104579478,0.115099820540249,3,3,4.5
57,69,87,103,44.5985281604161,0.140883243603458,3,3,3
57,69,87,114,-243.690889754096,-0.0257834230632086,3,3,3.96862696659689
57,69,87,127,243.690889754096,0.0257834230632086,3,3,3.96862696659689
57,69,90,103,-243.690889754096,-0.0257834230632086,3,3,3.96862696659689
57,69,103,127,-54.5890104579478,-0.115099820540249,3,3,4.5
57,78,31,33,-54.5890104579478,-0.115099820540249,3,3,4.5
57,78,31,51,243.690889754096,0.0257834230632086,3,3,3.96862696659689
57,78,33,41,-243.690889754096,-0.0257834230632086,3,3,3.96862696659689
57,78,33,51,44.5985281604161,0.140883243603458,3,3,3
57,78,41,69,243.690889754096,0.0257834230632086,3,3,3.96862696659689
57,78,51,53,243.690889754096,0.0257834230632086,3,3,3.96862696659689
57,78,51,76,44.5985281604161,0.140883243603458,3,3,3
57,78,53,76,54.5890104579478,0.115099820540249,3,3,4.5
57,78,69,87,44.5985281604161,0.140883243603458,3,3,3
57,78,69,103,54.5890104579478,0.115099820540249,3,3,4.5
57,78,76,110,243.690889754096,0.0257834230632086,3,3,3.96862696659689
57,78,87,103,-243.690889754096,-0.0257834230632086,3,3,3.96862696659689
57,78,87,114,44.5985281604161,0.140883243603458,3,3,3
57,78,87,127,243.690889754096,0.0257834230632086,3,3,3.96862696659689
57,78,110,114,-243.690889754096,-0.0257834230632086,3,3,3.96862696659689
57,78,114,127,-54.5890104579478,-0.115099820540249,3,3,4.5
57,87,33,41,243.690889754096,0.0257834230632086,3,3,3.96862696659689
57,87,33,51,243.690889754096,0.0257834230632086,3,3,3.96862696659689
57,87,41,58,54.5890104579478,0.115099820540249,3,3,4.5
57,87,41,69,44.5985281604161,0.140883243603458,3,3,3
57,87,51,76,54.5890104579478,0.115099820540249,3,3,4.5
57,87,51,78,44.5985281604161,0.140883243603458,3,3,3
57,87,58,69,243.690889754096,0.0257834230632086,3,3,3.96862696659689
57,87,69,90,243.690889754096,0.0257834230632086,3,3,3.96862696659689
57,87,69,103,44.5985281604161,0.140883243603458,3,3,3
57,87,76,78,243.690889754096,0.0257834230632086,3,3,3.96862696659689
57,87,78,110,243.690889754096,0.0257834230632086,3,3,3.96862696659689
57,87,78,114,44.5985281604161,0.140883243603458,3,3,3
57,87,90,103,54.5890104579478,0.115099820540249,3,3,4.5
57,87,103,127,243.690889754096,0.0257834230632086,3,3,3.96862696659689
57,87,110,114,54.5890104579478,0.115099820540249,3,3,4.5
57,87,114,127,243.690889754096,0.0257834230632086,3,3,3.96862696659689
58,69,21,34,-54.5890104579478,-0.115099820540249,3,3,4.5
58,69,21,41,243.690889754096,0.0257834230632086,3,3,3.96862696659689
58,69,33,41,-243.690889754096,-0.0257834230632086,3,3,3.96862696659689
58,69,33,57,54.5890104579478,0.115099820540249,3,3,4.5
58,69,34,41,44.5985281604161,0.140883243603458,3,3,3
58,69,34,52,-243.690889754096,-0.0257834230632086,3,3,3.96862696659689
58,69,41,57,44.5985281604161,0.140883243603458,3,3,3
58,69,52,80,243.690889754096,0.0257834230632086,3,3,3.96862696659689
58,69,57,87,243.690889754096,0.0257834230632086,3,3,3.96862696659689
58,69,80,90,44.5985281604161,0.140883243603458,3,3,3
58,69,80,115,54.5890104579478,0.115099820540249,3,3,4.5
58,69,87,103,-243.690889754096,-0.0257834230632086,3,3,3.96862696659689
58,69,90,103,44.5985281604161,0.140883243603458,3,3,3
58,69,90,115,-243.690889754096,-0.0257834230632086,3,3,3.96862696659689
58,69,90,128,243.690889754096,0.0257834230632086,3,3,3.96862696659689
58,69,103,128,-54.5890104579478,-0.115099820540249,3,3,4.5
58,80,32,34,-54.5890104579478,-0.115099820540249,3,3,4.5
58,80,32,52,243.690889754096,0.0257834230632086,3,3,3.96862696659689
58,80,34,41,-243.690889754096,-0.0257834230632086,3,3,3.96862696659689
58,80,34,52,44.5985281604161,0.140883243603458,3,3,3
58,80,41,69,243.690889754096,0.0257834230632086,3,3,3.96862696659689
58,80,52,56,243.690889754096,0.0257834230632086,3,3,3.96862696659689
58,80,52,77,44.5985281604161,0.140883243603458,3,3,3
58,80,56,77,54.5890104579478,0.115099820540249,3,3,4.5
58,80,69,90,44.5985281604161,0.140883243603458,3,3,3
58,80,69,103,54.5890104579478,0.115099820540249,3,3,4.5
58,80,77,111,243.690889754096,0.0257834230632086,3,3,3.96862696659689
58,80,90,103,-243.690889754096,-0.0257834230632086,3,3,3.96862696659689
58,80,90,115,44.5985281604161,0.140883243603458,3,3,3
58,80,90,128,243.690889754096,0.0257834230632086,3,3,3.96862696659689
58,80,111,115,-243.690889754096,-0.0257834230632086,3,3,3.96862696659689
58,80,115,128,-54.5890104579478,-0.115099820540249,3,3,4.5
58,90,34,41,243.690889754096,0.0257834230632086,3,3,3.96862696659689
58,90,34,52,243.690889754096,0.0257834230632086,3,3,3.96862696659689
58,90,41,57,54.5890104579478,0.115099820540249,3,3,4.5
58,90,41,69,44.5985281604161,0.140883243603458,3,3,3
58,90,52,77,54.5890104579478,0.115099820540249,3,3,4.5
58,90,52,80,44.5985281604161,0.140883243603458,3,3,3
58,90,57,69,243.690889754096,0.0257834230632086,3,3,3.96862696659689
58,90,69,87,243.690889754096,0.0257834230632086,3,3,3.96862696659689
58,90,69,103,44.5985281604161,0.140883243603458,3,3,3
58,90,77,80,243.690889754096,0.0257834230632086,3,3,3.96862696659689
58,90,80,111,243.690889754096,0.0257834230632086,3,3,3.96862696659689
58,90,80,115,44.5985281604161,0.140883243603458,3,3,3
58,90,87,103,54.5890104579478,0.115099820540249,3,3,4.5
58,90,103,128,243.690889754096,0.0257834230632086,3,3,3.96862696659689
58,90,111,115,54.5890104579478,0.115099820540249,3,3,4.5
58,90,115,128,243.690889754096,0.0257834230632086,3,3,3.96862696659689
59,61,19,36,243.690889754096,0.0257834230632086,3,3,3.96862696659689
59,61,19,39,-54.5890104579478,-0.115099820540249,3,3,4.5
59,61,22,36,-243.690889754096,-0.0257834230632086,3,3,3.96862696659689
59,61,22,42,54.5890104579478,0.115099820540249,3,3,4.5
59,61,36,39,-44.5985281604161,-0.140883243603458,3,3,3
59,61,36,42,44.5985281604161,0.140883243603458,3,3,3
59,61,39,65,-243.690889754096,-0.0257834230632086,3,3,3.96862696659689
59,61,42,70,243.690889754096,0.0257834230632086,3,3,3.96862696659689
59,61,65,91,243.690889754096,0.0257834230632086,3,3,3.96862696659689
59,61,70,93,-243.690889754096,-0.0257834230632086,3,3,3.96862696659689
59,61,88,91,-44.5985281604161,-0.140883243603458,3,3,3
59,61,88,93,44.5985281604161,0.140883243603458,3,3,3
59,61,88,120,-243.690889754096,-0.0257834230632086,3,3,3.96862696659689
59,61,88,123,243.690889754096,0.0257834230632086,3,3,3.96862696659689
59,61,91,120,54.5890104579478,0.115099820540249,3,3,4.5
59,61,93,123,-54.5890104579478,-0.115099820540249,3,3,4.5
59,65,19,36,-54.5890104579478,-0.115099820540249,3,3,4.5
59,65,19,39,243.690889754096,0.0257834230632086,3,3,3.96862696659689
59,65,26,39,-243.690889754096,-0.0257834230632086,3,3,3.96862696659689
59,65,26,48,54.5890104579478,0.115099820540249,3,3,4.5
59,65,36,39,44.5985281604161,0.140883243603458,3,3,3
59,65,36,61,-243.690889754096,-0.0257834230632086,3,3,3.96862696659689
59,65,39,48,44.5985281604161,0.140883243603458,3,3,3
59,65,48,79,243.690889754096,0.0257834230632086,3,3,3.96862696659689
59,65,61,88,243.690889754096,0.0257834230632086,3,3,3.96862696659689
59,65,79,100,-243.690889754096,-0.0257834230632086,3,3,3.96862696659689
59,65,88,91,44.5985281604161,0.140883243603458,3,3,3
59,65,88,120,54.5890104579478,0.115099820540249,3,3,4.5
59,65,91,100,44.5985281604161,0.140883243603458,3,3,3
59,65,91,120,-243.690889754096,-0.0257834230632086,3,3,3.96862696659689
59,65,91,129,243.690889754096,0.0257834230632086,3,3,3.96862696659689
59,65,100,129,-54.5890104579478,-0.115099820540249,3,3,4.5
59,88,36,39,-243.690889754096,-0.0257834230632086,3,3,3.96862696659689
59,88,36,42,54.5890104579478,0.115099820540249,3,3,4.5
59,88,36,61,44.5985281604161,0.140883243603458,3,3,3
59,88,39,65,243.690889754096,0.0257834230632086,3,3,3.96862696659689
59,88,42,61,243.690889754096,0.0257834230632086,3,3,3.96862696659689
59,88,61,70,243.690889754096,0.0257834230632086,3,3,3.96862696659689
59,88,61,93,44.5985281604161,0.140883243603458,3,3,3
59,88,65,91,44.5985281604161,0.140883243603458,3,3,3
59,88,65,100,54.5890104579478,0.115099820540249,3,3,4.5
59,88,70,93,54.5890104579478,0.115099820540249,3,3,4.5
59,88,91,100,-243.690889754096,-0.0257834230632086,3,3,3.96862696659689
59,88,91,120,44.5985281604161,0.140883243603458,3,3,3
59,88,91,129,243.690889754096,0.0257834230632086,3,3,3.96862696659689
59,88,93,123,243.690889754096,0.0257834230632086,3,3,3.96862696659689
59,88,120,123,243.690889754096,0.0257834230632086,3,3,3.96862696659689
59,88,120,129,-54.5890104579478,-0.115099820540249,3,3,4.5
59,91,36,39,243.690889754096,0.0257834230632086,3,3,3.96862696659689
59,91,36,61,243.690889754096,0.0257834230632086,3,3,3.96862696659689
59,91,39,48,54.5890104579478,0.115099820540249,3,3,4.5
59,91,39,65,44.5985281604161,0.140883243603458,3,3,3
59,91,48,65,243.690889754096,0.0257834230632086,3,3,3.96862696659689
59,91,61,88,44.5985281604161,0.140883243603458,3,3,3
59,91,61,93,54.5890104579478,0.115099820540249,3,3,4.5
59,91,65,79,243.690889754096,0.0257834230632086,3,3,3.96862696659689
59,91,65,100,44.5985281604161,0.140883243603458,3,3,3
59,91,79,100,54.5890104579478,0.115099820540249,3,3,4.5
59,91,88,93,-243.690889754096,-0.0257834230632086,3,3,3.96862696659689
59,91,88,120,44.5985281604161,0.140883243603458,3,3,3
59,91,88,123,243.690889754096,0.0257834230632086,3,3,3.96862696659689
59,91,100,129,243.690889754096,0.0257834230632086,3,3,3.96862696659689
59,91,120,123,-54.5890104579478,-0.115099820540249,3,3,4.5
59,91,120,129,243.690889754096,0.0257834230632086,3,3,3.96862696659689
60,62,20,37,243.690889754096,0.0257834230632086,3,3,3.96862696659689
60,62,20,40,-54.5890104579478,-0.115099820540249,3,3,4.5
60,62,23,37,-243.690889754096,-0.0257834230632086,3,3,3.96862696659689
60,62,23,43,54.5890104579478,0.115099820540249,3,3,4.5
60,62,37,40,-44.5985281604161,-0.140883243603458,3,3,3
60,62,37,43,44.5985281604161,0.140883243603458,3,3,3
60,62,40,66,-243.690889754096,-0.0257834230632086,3,3,3.96862696659689
60,62,43,71,243.690889754096,0.0257834230632086,3,3,3.96862696659689
60,62,66,92,243.690889754096,0.0257834230632086,3,3,3.96862696659689
60,62,71,94,-243.690889754096,-0.0257834230632086,3,3,3.96862696659689
60,62,89,92,-44.5985281604161,-0.140883243603458,3,3,3
60,62,89,94,44.5985281604161,0.140883243603458,3,3,3
60,62,89,121,-243.690889754096,-0.0257834230632086,3,3,3.96862696659689
60,62,89,124,243.690889754096,0.0257834230632086,3,3,3.96862696659689
60,62,92,121,54.5890104579478,0.115099820540249,3,3,4.5
60,62,94,124,-54.5890104579478,-0.115099820540249,3,3,4.5
60,66,20,37,-54.5890104579478,-0.115099820540249,3,3,4.5
60,66,20,40,243.690889754096,0.0257834230632086,3,3,3.96862696659689
60,66,26,40,-243.690889754096,-0.0257834230632086,3,3,3.96862696659689
60,66,26,48,54.5890104579478,0.115099820540249,3,3,4.5
60,66,37,40,44.5985281604161,0.140883243603458,3,3,3
60,66,37,62,-243.690889754096,-0.0257834230632086,3,3,3.96862696659689
60,66,40,48,44.5985281604161,0.140883243603458,3,3,3
60,66,48,79,243.690889754096,0.0257834230632086,3,3,3.96862696659689
60,66,62,89,243.690889754096,0.0257834230632086,3,3,3.96862696659689
60,66,79,101,-243.690889754096,-0.0257834230632086,3,3,3.96862696659689
60,66,89,92,44.5985281604161,0.140883243603458,3,3,3
60,66,89,121,54.5890104579478,0.115099820540249,3,3,4.5
60,66,92,101,44.5985281604161,0.140883243603458,3,3,3
60,66,92,121,-243.690889754096,-0.0257834230632086,3,3,3.96862696659689
60,66,92,130,243.690889754096,0.0257834230632086,3,3,3.96862696659689
60,66,101,130,-54.5890104579478,-0.115099820540249,3,3,4.5
60,89,37,40,-243.690889754096,-0.0257834230632086,3,3,3.96862696659689
60,89,37,43,54.5890104579478,0.115099820540249,3,3,4.5
60,89,37,62,44.5985281604161,0.140883243603458,3,3,3
60,89,40,66,243.690889754096,0.0257834230632086,3,3,3.96862696659689
60,89,43,62,243.690889754096,0.0257834230632086,3,3,3.96862696659689
60,89,62,71,243.690889754096,0.0257834230632086,3,3,3.96862696659689
60,89,62,94,44.5985281604161,0.140883243603458,3,3,3
60,89,66,92,44.5985281604161,0.140883243603458,3,3,3
60,89,66,101,54.5890104579478,0.115099820540249,3,3,4.5
60,89,71,94,54.5890104579478,0.115099820540249,3,3,4.5
60,89,92,101,-243.690889754096,-0.0257834230632086,3,3,3.96862696659689
60,89,92,121,44.5985281604161,0.140883243603458,3,3,3
60,89,92,130,243.690889754096,0.0257834230632086,3,3,3.96862696659689
60,89,94,124,243.690889754096,0.0257834230632086,3,3,3.96862696659689
60,89,121,124,243.690889754096,0.0257834230632086,3,3,3.96862696659689
60,89,121,130,-54.5890104579478,-0.115099820540249,3,3,4.5
60,92,37,40,243.690889754096,0.0257834230632086,3,3,3.96862696659689
60,92,37,62,243.690889754096,0.0257834230632086,3,3,3.96862696659689
60,92,40,48,54.5890104579478,0.115099820540249,3,3,4.5
60,92,40,66,44.5985281604161,0.140883243603458,3,3,3
60,92,48,66,243.690889754096,0.0257834230632086,3,3,3.96862696659689
60,92,62,89,44.5985281604161,0.140883243603458,3,3,3
60,92,62,94,54.5890104579478,0.115099820540249,3,3,4.5
60,92,66,79,243.690889754096,0.0257834230632086,3,3,3.96862696659689
60,92,66,101,44.5985281604161,0.140883243603458,3,3,3
60,92,79,101,54.5890104579478,0.115099820540249,3,3,4.5
60,92,89,94,-243.690889754096,-0.0257834230632086,3,3,3.96862696659689
60,92,89,121,44.5985281604161,0.140883243603458,3,3,3
60,92,89,124,243.690889754096,0.0257834230632086,3,3,3.96862696659689
60,92,101,130,243.690889754096,0.0257834230632086,3,3,3.96862696659689
60,92,121,124,-54.5890104579478,-0.115099820540249,3,3,4.5
60,92,121,130,243.690889754096,0.0257834230632086,3,3,3.96862696659689
61,70,22,36,-54.5890104579478,-0.115099820540249,3,3,4.5
61,70,22,42,243.690889754096,0.0257834230632086,3,3,3.96862696659689
61,70,29,42,-243.690889754096,-0.0257834230632086,3,3,3.96862696659689
61,70,29,54,54.5890104579478,0.115099820540249,3,3,4.5
61,70,36,42,44.5985281604161,0.140883243603458,3,3,3
61,70,36,59,-243.690889754096,-0.0257834230632086,3,3,3.96862696659689
61,70,42,54,44.5985281604161,0.140883243603458,3,3,3
61,70,54,85,243.690889754096,0.0257834230632086,3,3,3.96862696659689
61,70,59,88,243.690889754096,0.0257834230632086,3,3,3.96862696659689
61,70,85,105,-243.690889754096,-0.0257834230632086,3,3,3.96862696659689
61,70,88,93,44.5985281604161,0.140883243603458,3,3,3
61,70,88,123,54.5890104579478,0.115099820540249,3,3,4.5
61,70,93,105,44.5985281604161,0.140883243603458,3,3,3
61,70,93,123,-243.690889754096,-0.0257834230632086,3,3,3.96862696659689
61,70,93,131,243.690889754096,0.0257834230632086,3,3,3.96862696659689
61,70,105,131,-54.5890104579478,-0.115099820540249,3,3,4.5
61,88,36,39,54.5890104579478,0.115099820540249,3,3,4.5
61,88,36,42,-243.690889754096,-0.0257834230632086,3,3,3.96862696659689
61,88,36,59,44.5985281604161,0.140883243603458,3,3,3
61,88,39,59,243.690889754096,0.0257834230632086,3,3,3.96862696659689
61,88,42,70,243.690889754096,0.0257834230632086,3,3,3.96862696659689
61,88,59,65,243.690889754096,0.0257834230632086,3,3,3.96862696659689
61,88,59,91,44.5985281604161,0.140883243603458,3,3,3
61,88,65,91,54.5890104579478,0.115099820540249,3,3,4.5
61,88,70,93,44.5985281604161,0.140883243603458,3,3,3
61,88,70,105,54.5890104579478,0.115099820540249,3,3,4.5
61,88,91,120,243.690889754096,0.0257834230632086,3,3,3.96862696659689
61,88,93,105,-243.690889754096,-0.0257834230632086,3,3,3.96862696659689
61,88,93,123,44.5985281604161,0.140883243603458,3,3,3
61,88,93,131,243.690889754096,0.0257834230632086,3,3,3.96862696659689
61,88,120,123,-243.690889754096,-0.0257834230632086,3,3,3.96862696659689
61,88,123,131,-54.5890104579478,-0.115099820540249,3,3,4.5
61,93,36,42,243.690889754096,0.0257834230632086,3,3,3.96862696659689
61,93,36,59,243.690889754096,0.0257834230632086,3,3,3.96862696659689
61,93,42,54,54.5890104579478,0.115099820540249,3,3,4.5
61,93,42,70,44.5985281604161,0.140883243603458,3,3,3
61,93,54,70,243.690889754096,0.0257834230632086,3,3,3.96862696659689
61,93,59,88,44.5985281604161,0.140883243603458,3,3,3
61,93,59,91,54.5890104579478,0.115099820540249,3,3,4.5
61,93,70,85,243.690889754096,0.0257834230632086,3,3,3.96862696659689
61,93,70,105,44.5985281604161,0.140883243603458,3,3,3
61,93,85,105,54.5890104579478,0.115099820540249,3,3,4.5
61,93,88,91,-243.690889754096,-0.0257834230632086,3,3,3.96862696659689
61,93,88,120,243.690889754096,0.0257834230632086,3,3,3.96862696659689
61,93,88,123,44.5985281604161,0.140883243603458,3,3,3
61,93,105,131,243.690889754096,0.0257834230632086,3,3,3.96862696659689
61,93,120,123,54.5890104579478,0.115099820540249,3,3,4.5
61,93,123,131,243.690889754096,0.0257834230632086,3,3,3.96862696659689
62,71,23,37,-54.5890104579478,-0.115099820540249,3,3,4.5
62,71,23,43,243.690889754096,0.0257834230632086,3,3,3.96862696659689
62,71,30,43,-243.690889754096,-0.0257834230632086,3,3,3.96862696659689
62,71,30,55,54.5890104579478,0.115099820540249,3,3,4.5
62,71,37,43,44.5985281604161,0.140883243603458,3,3,3
62,71,37,60,-243.690889754096,-0.0257834230632086,3,3,3.96862696659689
62,71,43,55,44.5985281604161,0.140883243603458,3,3,3
62,71,55,86,243.690889754096,0.0257834230632086,3,3,3.96862696659689
62,71,60,89,243.690889754096,0.0257834230632086,3,3,3.96862696659689
62,71,86,106,-243.690889754096,-0.0257834230632086,3,3,3.96862696659689
62,71,89,94,44.5985281604161,0.140883243603458,3,3,3
62,71,89,124,54.5890104579478,0.115099820540249,3,3,4.5
62,71,94,106,44.5985281604161,0.140883243603458,3,3,3
62,71,94,124,-243.690889754096,-0.0257834230632086,3,3,3.96862696659689
62,71,94,132,243.690889754096,0.0257834230632086,3,3,3.96862696659689
62,71,106,132,-54.5890104579478,-0.115099820540249,3,3,4.5
62,89,37,40,54.5890104579478,0.115099820540249,3,3,4.5
62,89,37,43,-243.690889754096,-0.0257834230632086,3,3,3.96862696659689
62,89,37,60,44.5985281604161,0.140883243603458,3,3,3
62,89,40,60,243.690889754096,0.0257834230632086,3,3,3.96862696659689
62,89,43,71,243.690889754096,0.0257834230632086,3,3,3.96862696659689
62,89,60,66,243.690889754096,0.0257834230632086,3,3,3.96862696659689
62,89,60,92,44.5985281604161,0.140883243603458,3,3,3
62,89,66,92,54.5890104579478,0.115099820540249,3,3,4.5
62,89,71,94,44.5985281604161,0.140883243603458,3,3,3
62,89,71,106,54.5890104579478,0.115099820540249,3,3,4.5
62,89,92,121,243.690889754096,0.0257834230632086,3,3,3.96862696659689
62,89,94,106,-243.690889754096,-0.0257834230632086,3,3,3.96862696659689
62,89,94,124,44.5985281604161,0.140883243603458,3,3,3
62,89,94,132,243.690889754096,0.0257834230632086,3,3,3.96862696659689
62,89,121,124,-243.690889754096,-0.0257834230632086,3,3,3.96862696659689
62,89,124,132,-54.5890104579478,-0.115099820540249,3,3,4.5
62,94,37,43,243.690889754096,0.0257834230632086,3,3,3.96862696659689
62,94,37,60,243.690889754096,0.0257834230632086,3,3,3.96862696659689
62,94,43,55,54.5890104579478,0.115099820540249,3,3,4.5
62,94,43,71,44.5985281604161,0.140883243603458,3,3,3
62,94,55,71,243.690889754096,0.0257834230632086,3,3,3.96862696659689
62,94,60,89,44.5985281604161,0.140883243603458,3,3,3
62,94,60,92,54.5890104579478,0.115099820540249,3,3,4.5
62,94,71,86,243.690889754096,0.0257834230632086,3,3,3.96862696659689
62,94,71,106,44.5985281604161,0.140883243603458,3,3,3
62,94,86,106,54.5890104579478,0.115099820540249,3,3,4.5
62,94,89,92,-243.690889754096,-0.0257834230632086,3,3,3.96862696659689
62,94,89,121,243.690889754096,0.0257834230632086,3,3,3.96862696659689
62,94,89,124,44.5985281604161,0.140883243603458,3,3,3
62,94,106,132,243.690889754096,0.0257834230632086,3,3,3.96862696659689
62,94,121,124,54.5890104579478,0.115099820540249,3,3,4.5
62,94,124,132,243.690889754096,0.0257834230632086,3,3,3.96862696659689
63,81,27,35,-54.5890104579478,-0.115099820540249,3,3,4.5
63,81,27,49,243.690889754096,0.0257834230632086,3,3,3.96862696659689
63,81,35,49,44.5985281604161,0.140883243603458,3,3,3
63,81,35,53,-243.690889754096,-0.0257834230632086,3,3,3.96862696659689
63,81,44,49,-243.690889754096,-0.0257834230632086,3,3,3.96862696659689
63,81,44,72,54.5890104579478,0.115099820540249,3,3,4.5
63,81,49,72,44.5985281604161,0.140883243603458,3,3,3
63,81,53,83,243.690889754096,0.0257834230632086,3,3,3.96862696659689
63,81,72,104,243.690889754096,0.0257834230632086,3,3,3.96862696659689
63,81,83,95,44.5985281604161,0.140883243603458,3,3,3
63,81,83,119,54.5890104579478,0.115099820540249,3,3,4.5
63,81,95,117,44.5985281604161,0.140883243603458,3,3,3
63,81,95,119,-243.690889754096,-0.0257834230632086,3,3,3.96862696659689
63,81,95,137,243.690889754096,0.0257834230632086,3,3,3.96862696659689
63,81,104,117,-243.690889754096,-0.0257834230632086,3,3,3.96862696659689
63,81,117,137,-54.5890104579478,-0.115099820540249,3,3,4.5
63,83,31,35,-54.5890104579478,-0.115099820540249,3,3,4.5
63,83,31,53,243.690889754096,0.0257834230632086,3,3,3.96862696659689
63,83,35,49,-243.690889754096,-0.0257834230632086,3,3,3.96862696659689
63,83,35,53,44.5985281604161,0.140883243603458,3,3,3
63,83,49,81,243.690889754096,0.0257834230632086,3,3,3.96862696659689
63,83,51,53,-243.690889754096,-0.0257834230632086,3,3,3.96862696659689
63,83,51,76,54.5890104579478,0.115099820540249,3,3,4.5
63,83,53,76,44.5985281604161,0.140883243603458,3,3,3
63,83,76,112,243.690889754096,0.0257834230632086,3,3,3.96862696659689
63,83,81,95,44.5985281604161,0.140883243603458,3,3,3
63,83,81,117,54.5890104579478,0.115099820540249,3,3,4.5
63,83,95,117,-243.690889754096,-0.0257834230632086,3,3,3.96862696659689
63,83,95,119,44.5985281604161,0.140883243603458,3,3,3
63,83,95,137,243.690889754096,0.0257834230632086,3,3,3.96862696659689
63,83,112,119,-243.690889754096,-0.0257834230632086,3,3,3.96862696659689
63,83,119,137,-54.5890104579478,-0.115099820540249,3,3,4.5
63,95,35,49,243.690889754096,0.0257834230632086,3,3,3.96862696659689
63,95,35,53,243.690889754096,0.0257834230632086,3,3,3.96862696659689
63,95,49,72,54.5890104579478,0.115099820540249,3,3,4.5
63,95,49,81,44.5985281604161,0.140883243603458,3,3,3
63,95,53,76,54.5890104579478,0.115099820540249,3,3,4.5
63,95,53,83,44.5985281604161,0.140883243603458,3,3,3
63,95,72,81,243.690889754096,0.0257834230632086,3,3,3.96862696659689
63,95,76,83,243.690889754096,0.0257834230632086,3,3,3.96862696659689
63,95,81,104,243.690889754096,0.0257834230632086,3,3,3.96862696659689
63,95,81,117,44.5985281604161,0.140883243603458,3,3,3
63,95,83,112,243.690889754096,0.0257834230632086,3,3,3.96862696659689
63,95,83,119,44.5985281604161,0.140883243603458,3,3,3
63,95,104,117,54.5890104579478,0.115099820540249,3,3,4.5
63,95,112,119,54.5890104579478,0.115099820540249,3,3,4.5
63,95,117,137,243.690889754096,0.0257834230632086,3,3,3.96862696659689
63,95,119,137,243.690889754096,0.0257834230632086,3,3,3.96862696659689
64,82,28,38,-54.5890104579478,-0.115099820540249,3,3,4.5
64,82,28,50,243.690889754096,0.0257834230632086,3,3,3.96862696659689
64,82,38,50,44.5985281604161,0.140883243603458,3,3,3
64,82,38,56,-243.690889754096,-0.0257834230632086,3,3,3.96862696659689
64,82,45,50,-243.690889754096,-0.0257834230632086,3,3,3.96862696659689
64,82,45,73,54.5890104579478,0.115099820540249,3,3,4.5
64,82,50,73,44.5985281604161,0.140883243603458,3,3,3
64,82,56,84,243.690889754096,0.0257834230632086,3,3,3.96862696659689
64,82,73,107,243.690889754096,0.0257834230632086,3,3,3.96862696659689
64,82,84,96,44.5985281604161,0.140883243603458,3,3,3
64,82,84,122,54.5890104579478,0.115099820540249,3,3,4.5
64,82,96,118,44.5985281604161,0.140883243603458,3,3,3
64,82,96,122,-243.690889754096,-0.0257834230632086,3,3,3.96862696659689
64,82,96,140,243.690889754096,0.0257834230632086,3,3,3.96862696659689
64,82,107,118,-243.690889754096,-0.0257834230632086,3,3,3.96862696659689
64,82,118,140,-54.5890104579478,-0.115099820540249,3,3,4.5
64,84,32,38,-54.5890104579478,-0.115099820540249,3,3,4.5
64,84,32,56,243.690889754096,0.0257834230632086,3,3,3.96862696659689
64,84,38,50,-243.690889754096,-0.0257834230632086,3,3,3.96862696659689
64,84,38,56,44.5985281604161,0.140883243603458,3,3,3
64,84,50,82,243.690889754096,0.0257834230632086,3,3,3.96862696659689
64,84,52,56,-243.690889754096,-0.0257834230632086,3,3,3.96862696659689
64,84,52,77,54.5890104579478,0.115099820540249,3,3,4.5
64,84,56,77,44.5985281604161,0.140883243603458,3,3,3
64,84,77,113,243.690889754096,0.0257834230632086,3,3,3.96862696659689
64,84,82,96,44.5985281604161,0.140883243603458,3,3,3
64,84,82,118,54.5890104579478,0.115099820540249,3,3,4.5
64,84,96,118,-243.690889754096,-0.0257834230632086,3,3,3.96862696659689
64,84,96,122,44.5985281604161,0.140883243603458,3,3,3
64,84,96,140,243.690889754096,0.0257834230632086,3,3,3.96862696659689
64,84,113,122,-243.690889754096,-0.0257834230632086,3,3,3.96862696659689
64,84,122,140,-54.5890104579478,-0.115099820540249,3,3,4.5
64,96,38,50,243.690889754096,0.0257834230632086,3,3,3.96862696659689
64,96,38,56,243.690889754096,0.0257834230632086,3,3,3.96862696659689
64,96,50,73,54.5890104579478,0.115099820540249,3,3,4.5
64,96,50,82,44.5985281604161,0.140883243603458,3,3,3
64,96,56,77,54.5890104579478,0.115099820540249,3,3,4.5
64,96,56,84,44.5985281604161,0.140883243603458,3,3,3
64,96,73,82,243.690889754096,0.0257834230632086,3,3,3.96862696659689
64,96,77,84,243.690889754096,0.0257834230632086,3,3,3.96862696659689
64,96,82,107,243.690889754096,0.0257834230632086,3,3,3.96862696659689
64,96,82,118,44.5985281604161,0.140883243603458,3,3,3
64,96,84,113,243.690889754096,0.0257834230632086,3,3,3.96862696659689
64,96,84,122,44.5985281604161,0.140883243603458,3,3,3
64,96,107,118,54.5890104579478,0.115099820540249,3,3,4.5
64,96,113,122,54.5890104579478,0.115099820540249,3,3,4.5
64,96,118,140,243.690889754096,0.0257834230632086,3,3,3.96862696659689
64,96,122,140,243.690889754096,0.0257834230632086,3,3,3.96862696659689
65,79,26,39,-54.5890104579478,-0.115099820540249,3,3,4.5
65,79,26,48,243.690889754096,0.0257834230632086,3,3,3.96862696659689
65,79,39,48,44.5985281604161,0.140883243603458,3,3,3
65,79,39,59,-243.690889754096,-0.0257834230632086,3,3,3.96862696659689
65,79,40,48,-243.690889754096,-0.0257834230632086,3,3,3.96862696659689
65,79,40,66,54.5890104579478,0.115099820540249,3,3,4.5
65,79,48,66,44.5985281604161,0.140883243603458,3,3,3
65,79,59,91,243.690889754096,0.0257834230632086,3,3,3.96862696659689
65,79,66,101,243.690889754096,0.0257834230632086,3,3,3.96862696659689
65,79,91,100,44.5985281604161,0.140883243603458,3,3,3
65,79,91,129,54.5890104579478,0.115099820540249,3,3,4.5
65,79,100,116,44.5985281604161,0.140883243603458,3,3,3
65,79,100,129,-243.690889754096,-0.0257834230632086,3,3,3.96862696659689
65,79,100,141,243.690889754096,0.0257834230632086,3,3,3.96862696659689
65,79,101,116,-243.690889754096,-0.0257834230632086,3,3,3.96862696659689
65,79,116,141,-54.5890104579478,-0.115099820540249,3,3,4.5
65,91,36,39,-54.5890104579478,-0.115099820540249,3,3,4.5
65,91,36,59,243.690889754096,0.0257834230632086,3,3,3.96862696659689
65,91,39,48,-243.690889754096,-0.0257834230632086,3,3,3.96862696659689
65,91,39,59,44.5985281604161,0.140883243603458,3,3,3
65,91,48,79,243.690889754096,0.0257834230632086,3,3,3.96862696659689
65,91,59,61,243.690889754096,0.0257834230632086,3,3,3.96862696659689
65,91,59,88,44.5985281604161,0.140883243603458,3,3,3
65,91,61,88,54.5890104579478,0.115099820540249,3,3,4.5
65,91,79,100,44.5985281604161,0.140883243603458,3,3,3
65,91,79,116,54.5890104579478,0.115099820540249,3,3,4.5
65,91,88,120,243.690889754096,0.0257834230632086,3,3,3.96862696659689
65,91,100,116,-243.690889754096,-0.0257834230632086,3,3,3.96862696659689
65,91,100,129,44.5985281604161,0.140883243603458,3,3,3
65,91,100,141,243.690889754096,0.0257834230632086,3,3,3.96862696659689
65,91,120,129,-243.690889754096,-0.0257834230632086,3,3,3.96862696659689
65,91,129,141,-54.5890104579478,-0.115099820540249,3,3,4.5
65,100,39,48,243.690889754096,0.0257834230632086,3,3,3.96862696659689
65,100,39,59,243.690889754096,0.0257834230632086,3,3,3.96862696659689
65,100,48,66,54.5890104579478,0.115099820540249,3,3,4.5
65,100,48,79,44.5985281604161,0.140883243603458,3,3,3
65,100,59,88,54.5890104579478,0.115099820540249,3,3,4.5
65,100,59,91,44.5985281604161,0.140883243603458,3,3,3
65,100,66,79,243.690889754096,0.0257834230632086,3,3,3.96862696659689
65,100,79,101,243.690889754096,0.0257834230632086,3,3,3.96862696659689
65,100,79,116,44.5985281604161,0.140883243603458,3,3,3
65,100,88,91,243.690889754096,0.0257834230632086,3,3,3.96862696659689
65,100,91,120,243.690889754096,0.0257834230632086,3,3,3.96862696659689
65,100,91,129,44.5985281604161,0.140883243603458,3,3,3
65,100,101,116,54.5890104579478,0.115099820540249,3,3,4.5
65,100,116,141,243.690889754096,0.0257834230632086,3,3,3.96862696659689
65,100,120,129,54.5890104579478,0.115099820540249,3,3,4.5
65,100,129,141,243.690889754096,0.0257834230632086,3,3,3.96862696659689
66,79,26,40,-54.5890104579478,-0.115099820540249,3,3,4.5
66,79,26,48,243.690889754096,0.0257834230632086,3,3,3.96862696659689
66,79,39,48,-243.690889754096,-0.0257834230632086,3,3,3.96862696659689
66,79,39,65,54.5890104579478,0.115099820540249,3,3,4.5
66,79,40,48,44.5985281604161,0.140883243603458,3,3,3
66,79,40,60,-243.690889754096,-0.0257834230632086,3,3,3.96862696659689
66,79,48,65,44.5985281604161,0.140883243603458,3,3,3
66,79,60,92,243.690889754096,0.0257834230632086,3,3,3.96862696659689
66,79,65,100,243.690889754096,0.0257834230632086,3,3,3.96862696659689
66,79,92,101,44.5985281604161,0.140883243603458,3,3,3
66,79,92,130,54.5890104579478,0.115099820540249,3,3,4.5
66,79,100,116,-243.690889754096,-0.0257834230632086,3,3,3.96862696659689
66,79,101,116,44.5985281604161,0.140883243603458,3,3,3
66,79,101,130,-243.690889754096,-0.0257834230632086,3,3,3.96862696659689
66,79,101,142,243.690889754096,0.0257834230632086,3,3,3.96862696659689
66,79,116,142,-54.5890104579478,-0.115099820540249,3,3,4.5
66,92,37,40,-54.5890104579478,-0.115099820540249,3,3,4.5
66,92,37,60,243.690889754096,0.0257834230632086,3,3,3.96862696659689
66,92,40,48,-243.690889754096,-0.0257834230632086,3,3,3.96862696659689
66,92,40,60,44.5985281604161,0.140883243603458,3,3,3
66,92,48,79,243.690889754096,0.0257834230632086,3,3,3.96862696659689
66,92,60,62,243.690889754096,0.0257834230632086,3,3,3.96862696659689
66,92,60,89,44.5985281604161,0.140883243603458,3,3,3
66,92,62,89,54.5890104579478,0.115099820540249,3,3,4.5
66,92,79,101,44.5985281604161,0.140883243603458,3,3,3
66,92,79,116,54.5890104579478,0.115099820540249,3,3,4.5
66,92,89,121,243.690889754096,0.0257834230632086,3,3,3.96862696659689
66,92,101,116,-243.690889754096,-0.0257834230632086,3,3,3.96862696659689
66,92,101,130,44.5985281604161,0.140883243603458,3,3,3
66,92,101,142,243.690889754096,0.0257834230632086,3,3,3.96862696659689
66,92,121,130,-243.690889754096,-0.0257834230632086,3,3,3.96862696659689
66,92,130,142,-54.5890104579478,-0.115099820540249,3,3,4.5
66,101,40,48,243.690889754096,0.0257834230632086,3,3,3.96862696659689
66,101,40,60,243.690889754096,0.0257834230632086,3,3,3.96862696659689
66,101,48,65,54.5890104579478,0.115099820540249,3,3,4.5
66,101,48,79,44.5985281604161,0.140883243603458,3,3,3
66,101,60,89,54.5890104579478,0.115099820540249,3,3,4.5
66,101,60,92,44.5985281604161,0.140883243603458,3,3,3
66,101,65,79,243.690889754096,0.0257834230632086,3,3,3.96862696659689
66,101,79,100,243.690889754096,0.0257834230632086,3,3,3.96862696659689
66,101,79,116,44.5985281604161,0.140883243603458,3,3,3
66,101,89,92,243.690889754096,0.0257834230632086,3,3,3.96862696659689
66,101,92,121,243.690889754096,0.0257834230632086,3,3,3.96862696659689
66,101,92,130,44.5985281604161,0.140883243603458,3,3,3
66,101,100,116,54.5890104579478,0.115099820540249,3,3,4.5
66,101,116,142,243.690889754096,0.0257834230632086,3,3,3.96862696659689
66,101,121,130,54.5890104579478,0.115099820540249,3,3,4.5
66,101,130,142,243.690889754096,0.0257834230632086,3,3,3.96862696659689
67,72,24,44,243.690889754096,0.0257834230632086,3,3,3.96862696659689
67,72,24,46,-54.5890104579478,-0.115099820540249,3,3,4.5
67,72,27,44,-243.690889754096,-0.0257834230632086,3,3,3.96862696659689
67,72,27,49,54.5890104579478,0.115099820540249,3,3,4.5
67,72,44,46,-44.5985281604161,-0.140883243603458,3,3,3
67,72,44,49,44.5985281604161,0.140883243603458,3,3,3
67,72,46,74,-243.690889754096,-0.0257834230632086,3,3,3.96862696659689
67,72,49,81,243.690889754096,0.0257834230632086,3,3,3.96862696659689
67,72,74,99,243.690889754096,0.0257834230632086,3,3,3.96862696659689
67,72,81,104,-243.690889754096,-0.0257834230632086,3,3,3.96862696659689
67,72,97,99,-44.5985281604161,-0.140883243603458,3,3,3
67,72,97,104,44.5985281604161,0.140883243603458,3,3,3
67,72,97,133,-243.690889754096,-0.0257834230632086,3,3,3.96862696659689
67,72,97,135,243.690889754096,0.0257834230632086,3,3,3.96862696659689
67,72,99,133,54.5890104579478,0.115099820540249,3,3,4.5
67,72,104,135,-54.5890104579478,-0.115099820540249,3,3,4.5
67,74,24,44,-54.5890104579478,-0.115099820540249,3,3,4.5
67,74,24,46,243.690889754096,0.0257834230632086,3,3,3.96862696659689
67,74,29,46,-243.690889754096,-0.0257834230632086,3,3,3.96862696659689
67,74,29,54,54.5890104579478,0.115099820540249,3,3,4.5
67,74,44,46,44.5985281604161,0.140883243603458,3,3,3
67,74,44,72,-243.690889754096,-0.0257834230632086,3,3,3.96862696659689
67,74,46,54,44.5985281604161,0.140883243603458,3,3,3
67,74,54,85,243.690889754096,0.0257834230632086,3,3,3.96862696659689
67,74,72,97,243.690889754096,0.0257834230632086,3,3,3.96862696659689
67,74,85,108,-243.690889754096,-0.0257834230632086,3,3,3.96862696659689
67,74,97,99,44.5985281604161,0.140883243603458,3,3,3
67,74,97,133,54.5890104579478,0.115099820540249,3,3,4.5
67,74,99,108,44.5985281604161,0.140883243603458,3,3,3
67,74,99,133,-243.690889754096,-0.0257834230632086,3,3,3.96862696659689
67,74,99,138,243.690889754096,0.0257834230632086,3,3,3.96862696659689
67,74,108,138,-54.5890104579478,-0.115099820540249,3,3,4.5
67,97,44,46,-243.690889754096,-0.0257834230632086,3,3,3.96862696659689
67,97,44,49,54.5890104579478,0.115099820540249,3,3,4.5
67,97,44,72,44.5985281604161,0.140883243603458,3,3,3
67,97,46,74,243.690889754096,0.0257834230632086,3,3,3.96862696659689
67,97,49,72,243.690889754096,0.0257834230632086,3,3,3.96862696659689
67,97,72,81,243.690889754096,0.0257834230632086,3,3,3.96862696659689
67,97,72,104,44.5985281604161,0.140883243603458,3,3,3
67,97,74,99,44.5985281604161,0.140883243603458,3,3,3
67,97,74,108,54.5890104579478,0.115099820540249,3,3,4.5
67,97,81,104,54.5890104579478,0.115099820540249,3,3,4.5
67,97,99,108,-243.690889754096,-0.0257834230632086,3,3,3.96862696659689
67,97,99,133,44.5985281604161,0.140883243603458,3,3,3
67,97,99,138,243.690889754096,0.0257834230632086,3,3,3.96862696659689
67,97,104,135,243.690889754096,0.0257834230632086,3,3,3.96862696659689
67,97,133,135,243.690889754096,0.0257834230632086,3,3,3.96862696659689
67,97,133,138,-54.5890104579478,-0.115099820540249,3,3,4.5
67,99,44,46,243.690889754096,0.0257834230632086,3,3,3.96862696659689
67,99,44,72,243.690889754096,0.0257834230632086,3,3,3.96862696659689
67,99,46,54,54.5890104579478,0.115099820540249,3,3,4.5
67,99,46,74,44.5985281604161,0.140883243603458,3,3,3
67,99,54,74,243.690889754096,0.0257834230632086,3,3,3.96862696659689
67,99,72,97,44.5985281604161,0.140883243603458,3,3,3
67,99,72,104,54.5890104579478,0.115099820540249,3,3,4.5
67,99,74,85,243.690889754096,0.0257834230632086,3,3,3.96862696659689
67,99,74,108,44.5985281604161,0.140883243603458,3,3,3
67,99,85,108,54.5890104579478,0.115099820540249,3,3,4.5
67,99,97,104,-243.690889754096,-0.0257834230632086,3,3,3.96862696659689
67,99,97,133,44.5985281604161,0.140883243603458,3,3,3
67,99,97,135,243.690889754096,0.0257834230632086,3,3,3.96862696659689
67,99,108,138,243.690889754096,0.0257834230632086,3,3,3.96862696659689
67,99,133,135,-54.5890104579478,-0.115099820540249,3,3,4.5
67,99,133,138,243.690889754096,0.0257834230632086,3,3,3.96862696659689
68,73,25,45,243.690889754096,0.0257834230632086,3,3,3.96862696659689
68,73,25,47,-54.5890104579478,-0.115099820540249,3,3,4.5
68,73,28,45,-243.690889754096,-0.0257834230632086,3,3,3.96862696659689
68,73,28,50,54.5890104579478,0.115099820540249,3,3,4.5
68,73,45,47,-44.5985281604161,-0.140883243603458,3,3,3
68,73,45,50,44.5985281604161,0.140883243603458,3,3,3
68,73,47,75,-243.690889754096,-0.0257834230632086,3,3,3.96862696659689
68,73,50,82,243.690889754096,0.0257834230632086,3,3,3.96862696659689
68,73,75,102,243.690889754096,0.0257834230632086,3,3,3.96862696659689
68,73,82,107,-243.690889754096,-0.0257834230632086,3,3,3.96862696659689
68,73,98,102,-44.5985281604161,-0.140883243603458,3,3,3
68,73,98,107,44.5985281604161,0.140883243603458,3,3,3
68,73,98,134,-243.690889754096,-0.0257834230632086,3,3,3.96862696659689
68,73,98,136,243.690889754096,0.0257834230632086,3,3,3.96862696659689
68,73,102,134,54.5890104579478,0.115099820540249,3,3,4.5
68,73,107,136,-54.5890104579478,-0.115099820540249,3,3,4.5
68,75,25,45,-54.5890104579478,-0.115099820540249,3,3,4.5
68,75,25,47,243.690889754096,0.0257834230632086,3,3,3.96862696659689
68,75,30,47,-243.690889754096,-0.0257834230632086,3,3,3.96862696659689
68,75,30,55,54.5890104579478,0.115099820540249,3,3,4.5
68,75,45,47,44.5985281604161,0.140883243603458,3,3,3
68,75,45,73,-243.690889754096,-0.0257834230632086,3,3,3.96862696659689
68,75,47,55,44.5985281604161,0.140883243603458,3,3,3
68,75,55,86,243.690889754096,0.0257834230632086,3,3,3.96862696659689
68,75,73,98,243.690889754096,0.0257834230632086,3,3,3.96862696659689
68,75,86,109,-243.690889754096,-0.0257834230632086,3,3,3.96862696659689
68,75,98,102,44.5985281604161,0.140883243603458,3,3,3
68,75,98,134,54.5890104579478,0.115099820540249,3,3,4.5
68,75,102,109,44.5985281604161,0.140883243603458,3,3,3
68,75,102,134,-243.690889754096,-0.0257834230632086,3,3,3.96862696659689
68,75,102,139,243.690889754096,0.0257834230632086,3,3,3.96862696659689
68,75,109,139,-54.5890104579478,-0.115099820540249,3,3,4.5
68,98,45,47,-243.690889754096,-0.0257834230632086,3,3,3.96862696659689
68,98,45,50,54.5890104579478,0.115099820540249,3,3,4.5
68,98,45,73,44.5985281604161,0.140883243603458,3,3,3
68,98,47,75,243.690889754096,0.0257834230632086,3,3,3.96862696659689
68,98,50,73,243.690889754096,0.0257834230632086,3,3,3.96862696659689
68,98,73,82,243.690889754096,0.0257834230632086,3,3,3.96862696659689
68,98,73,107,44.5985281604161,0.140883243603458,3,3,3
68,98,75,102,44.5985281604161,0.140883243603458,3,3,3
68,98,75,109,54.5890104579478,0.115099820540249,3,3,4.5
68,98,82,107,54.5890104579478,0.115099820540249,3,3,4.5
68,98,102,109,-243.690889754096,-0.0257834230632086,3,3,3.96862696659689
68,98,102,134,44.5985281604161,0.140883243603458,3,3,3
68,98,102,139,243.690889754096,0.0257834230632086,3,3,3.96862696659689
68,98,107,136,243.690889754096,0.0257834230632086,3,3,3.96862696659689
68,98,134,136,243.690889754096,0.0257834230632086,3,3,3.96862696659689
68,98,134,139,-54.5890104579478,-0.115099820540249,3,3,4.5
68,102,45,47,243.690889754096,0.0257834230632086,3,3,3.96862696659689
68,102,45,73,243.690889754096,0.0257834230632086,3,3,3.96862696659689
68,102,47,55,54.5890104579478,0.115099820540249,3,3,4.5
68,102,47,75,44.5985281604161,0.140883243603458,3,3,3
68,102,55,75,243.690889754096,0.0257834230632086,3,3,3.96862696659689
68,102,73,98,44.5985281604161,0.140883243603458,3,3,3
68,102,73,107,54.5890104579478,0.115099820540249,3,3,4.5
68,102,75,86,243.690889754096,0.0257834230632086,3,3,3.96862696659689
68,102,75,109,44.5985281604161,0.140883243603458,3,3,3
68,102,86,109,54.5890104579478,0.115099820540249,3,3,4.5
68,102,98,107,-243.690889754096,-0.0257834230632086,3,3,3.96862696659689
68,102,98,134,44.5985281604161,0.140883243603458,3,3,3
68,102,98,136,243.690889754096,0.0257834230632086,3,3,3.96862696659689
68,102,109,139,243.690889754096,0.0257834230632086,3,3,3.96862696659689
68,102,134,136,-54.5890104579478,-0.115099820540249,3,3,4.5
68,102,134,139,243.690889754096,0.0257834230632086,3,3,3.96862696659689
69,87,33,41,-54.5890104579478,-0.115099820540249,3,3,4.5
69,87,33,57,243.690889754096,0.0257834230632086,3,3,3.96862696659689
69,87,41,57,44.5985281604161,0.140883243603458,3,3,3
69,87,41,58,-243.690889754096,-0.0257834230632086,3,3,3.96862696659689
69,87,51,57,-243.690889754096,-0.0257834230632086,3,3,3.96862696659689
69,87,51,78,54.5890104579478,0.115099820540249,3,3,4.5
69,87,57,78,44.5985281604161,0.140883243603458,3,3,3
69,87,58,90,243.690889754096,0.0257834230632086,3,3,3.96862696659689
69,87,78,114,243.690889754096,0.0257834230632086,3,3,3.96862696659689
69,87,90,103,44.5985281604161,0.140883243603458,3,3,3
69,87,90,128,54.5890104579478,0.115099820540249,3,3,4.5
69,87,103,127,44.5985281604161,0.140883243603458,3,3,3
69,87,103,128,-243.690889754096,-0.0257834230632086,3,3,3.96862696659689
69,87,103,145,243.690889754096,0.0257834230632086,3,3,3.96862696659689
69,87,114,127,-243.690889754096,-0.0257834230632086,3,3,3.96862696659689
69,87,127,145,-54.5890104579478,-0.115099820540249,3,3,4.5
69,90,34,41,-54.5890104579478,-0.115099820540249,3,3,4.5
69,90,34,58,243.690889754096,0.0257834230632086,3,3,3.96862696659689
69,90,41,57,-243.690889754096,-0.0257834230632086,3,3,3.96862696659689
69,90,41,58,44.5985281604161,0.140883243603458,3,3,3
69,90,52,58,-243.690889754096,-0.0257834230632086,3,3,3.96862696659689
69,90,52,80,54.5890104579478,0.115099820540249,3,3,4.5
69,90,57,87,243.690889754096,0.0257834230632086,3,3,3.96862696659689
69,90,58,80,44.5985281604161,0.140883243603458,3,3,3
69,90,80,115,243.690889754096,0.0257834230632086,3,3,3.96862696659689
69,90,87,103,44.5985281604161,0.140883243603458,3,3,3
69,90,87,127,54.5890104579478,0.115099820540249,3,3,4.5
69,90,103,127,-243.690889754096,-0.0257834230632086,3,3,3.96862696659689
69,90,103,128,44.5985281604161,0.140883243603458,3,3,3
69,90,103,145,243.690889754096,0.0257834230632086,3,3,3.96862696659689
69,90,115,128,-243.690889754096,-0.0257834230632086,3,3,3.96862696659689
69,90,128,145,-54.5890104579478,-0.115099820540249,3,3,4.5
69,103,41,57,243.690889754096,0.0257834230632086,3,3,3.96862696659689
69,103,41,58,243.690889754096,0.0257834230632086,3,3,3.96862696659689
69,103,57,78,54.5890104579478,0.115099820540249,3,3,4.5
69,103,57,87,44.5985281604161,0.140883243603458,3,3,3
69,103,58,80,54.5890104579478,0.115099820540249,3,3,4.5
69,103,58,90,44.5985281604161,0.140883243603458,3,3,3
69,103,78,87,243.690889754096,0.0257834230632086,3,3,3.96862696659689
69,103,80,90,243.690889754096,0.0257834230632086,3,3,3.96862696659689
69,103,87,114,243.690889754096,0.0257834230632086,3,3,3.96862696659689
69,103,87,127,44.5985281604161,0.140883243603458,3,3,3
69,103,90,115,243.690889754096,0.0257834230632086,3,3,3.96862696659689
69,103,90,128,44.5985281604161,0.140883243603458,3,3,3
69,103,114,127,54.5890104579478,0.115099820540249,3,3,4.5
69,103,115,128,54.5890104579478,0.115099820540249,3,3,4.5
69,103,127,145,243.690889754096,0.0257834230632086,3,3,3.96862696659689
69,103,128,145,243.690889754096,0.0257834230632086,3,3,3.96862696659689
70,85,29,42,-54.5890104579478,-0.115099820540249,3,3,4.5
70,85,29,54,243.690889754096,0.0257834230632086,3,3,3.96862696659689
70,85,42,54,44.5985281604161,0.140883243603458,3,3,3
70,85,42,61,-243.690889754096,-0.0257834230632086,3,3,3.96862696659689
70,85,46,54,-243.690889754096,-0.0257834230632086,3,3,3.96862696659689
70,85,46,74,54.5890104579478,0.115099820540249,3,3,4.5
70,85,54,74,44.5985281604161,0.140883243603458,3,3,3
70,85,61,93,243.690889754096,0.0257834230632086,3,3,3.96862696659689
70,85,74,108,243.690889754096,0.0257834230632086,3,3,3.96862696659689
70,85,93,105,44.5985281604161,0.140883243603458,3,3,3
70,85,93,131,54.5890104579478,0.115099820540249,3,3,4.5
70,85,105,125,44.5985281604161,0.140883243603458,3,3,3
70,85,105,131,-243.690889754096,-0.0257834230632086,3,3,3.96862696659689
70,85,105,147,243.690889754096,0.0257834230632086,3,3,3.96862696659689
70,85,108,125,-243.690889754096,-0.0257834230632086,3,3,3.96862696659689
70,85,125,147,-54.5890104579478,-0.115099820540249,3,3,4.5
70,93,36,42,-54.5890104579478,-0.115099820540249,3,3,4.5
70,93,36,61,243.690889754096,0.0257834230632086,3,3,3.96862696659689
70,93,42,54,-243.690889754096,-0.0257834230632086,3,3,3.96862696659689
70,93,42,61,44.5985281604161,0.140883243603458,3,3,3
70,93,54,85,243.690889754096,0.0257834230632086,3,3,3.96862696659689
70,93,59,61,-243.690889754096,-0.0257834230632086,3,3,3.96862696659689
70,93,59,88,54.5890104579478,0.115099820540249,3,3,4.5
70,93,61,88,44.5985281604161,0.140883243603458,3,3,3
70,93,85,105,44.5985281604161,0.140883243603458,3,3,3
70,93,85,125,54.5890104579478,0.115099820540249,3,3,4.5
70,93,88,123,243.690889754096,0.0257834230632086,3,3,3.96862696659689
70,93,105,125,-243.690889754096,-0.0257834230632086,3,3,3.96862696659689
70,93,105,131,44.5985281604161,0.140883243603458,3,3,3
70,93,105,147,243.690889754096,0.0257834230632086,3,3,3.96862696659689
70,93,123,131,-243.690889754096,-0.0257834230632086,3,3,3.96862696659689
70,93,131,147,-54.5890104579478,-0.115099820540249,3,3,4.5
70,105,42,54,243.690889754096,0.0257834230632086,3,3,3.96862696659689
70,105,42,61,243.690889754096,0.0257834230632086,3,3,3.96862696659689
70,105,54,74,54.5890104579478,0.115099820540249,3,3,4.5
70,105,54,85,44.5985281604161,0.140883243603458,3,3,3
70,105,61,88,54.5890104579478,0.115099820540249,3,3,4.5
70,105,61,93,44.5985281604161,0.140883243603458,3,3,3
70,105,74,85,243.690889754096,0.0257834230632086,3,3,3.96862696659689
70,105,85,108,243.690889754096,0.0257834230632086,3,3,3.96862696659689
70,105,85,125,44.5985281604161,0.140883243603458,3,3,3
70,105,88,93,243.690889754096,0.0257834230632086,3,3,3.96862696659689
70,105,93,123,243.690889754096,0.0257834230632086,3,3,3.96862696659689
70,105,93,131,44.5985281604161,0.140883243603458,3,3,3
70,105,108,125,54.5890104579478,0.115099820540249,3,3,4.5
70,105,123,131,54.5890104579478,0.115099820540249,3,3,4.5
70,105,125,147,243.690889754096,0.0257834230632086,3,3,3.96862696659689
70,105,131,147,243.690889754096,0.0257834230632086,3,3,3.96862696659689
71,86,30,43,-54.5890104579478,-0.115099820540249,3,3,4.5
71,86,30,55,243.690889754096,0.0257834230632086,3,3,3.96862696659689
71,86,43,55,44.5985281604161,0.140883243603458,3,3,3
71,86,43,62,-243.690889754096,-0.0257834230632086,3,3,3.96862696659689
71,86,47,55,-243.690889754096,-0.0257834230632086,3,3,3.96862696659689
71,86,47,75,54.5890104579478,0.115099820540249,3,3,4.5
71,86,55,75,44.5985281604161,0.140883243603458,3,3,3
71,86,62,94,243.690889754096,0.0257834230632086,3,3,3.96862696659689
71,86,75,109,243.690889754096,0.0257834230632086,3,3,3.96862696659689
71,86,94,106,44.5985281604161,0.140883243603458,3,3,3
71,86,94,132,54.5890104579478,0.115099820540249,3,3,4.5
71,86,106,126,44.5985281604161,0.140883243603458,3,3,3
71,86,106,132,-243.690889754096,-0.0257834230632086,3,3,3.96862696659689
71,86,106,148,243.690889754096,0.0257834230632086,3,3,3.96862696659689
71,86,109,126,-243.690889754096,-0.0257834230632086,3,3,3.96862696659689
71,86,126,148,-54.5890104579478,-0.115099820540249,3,3,4.5
71,94,37,43,-54.5890104579478,-0.115099820540249,3,3,4.5
71,94,37,62,243.690889754096,0.0257834230632086,3,3,3.96862696659689
71,94,43,55,-243.690889754096,-0.0257834230632086,3,3,3.96862696659689
71,94,43,62,44.5985281604161,0.140883243603458,3,3,3
71,94,55,86,243.690889754096,0.0257834230632086,3,3,3.96862696659689
71,94,60,62,-243.690889754096,-0.0257834230632086,3,3,3.96862696659689
71,94,60,89,54.5890104579478,0.115099820540249,3,3,4.5
71,94,62,89,44.5985281604161,0.140883243603458,3,3,3
71,94,86,106,44.5985281604161,0.140883243603458,3,3,3
71,94,86,126,54.5890104579478,0.115099820540249,3,3,4.5
71,94,89,124,243.690889754096,0.0257834230632086,3,3,3.96862696659689
71,94,106,126,-243.690889754096,-0.0257834230632086,3,3,3.96862696659689
71,94,106,132,44.5985281604161,0.140883243603458,3,3,3
71,94,106,148,243.690889754096,0.0257834230632086,3,3,3.96862696659689
71,94,124,132,-243.690889754096,-0.0257834230632086,3,3,3.96862696659689
71,94,132,148,-54.5890104579478,-0.115099820540249,3,3,4.5
71,106,43,55,243.690889754096,0.0257834230632086,3,3,3.96862696659689
71,106,43,62,243.690889754096,0.0257834230632086,3,3,3.96862696659689
71,106,55,75,54.5890104579478,0.115099820540249,3,3,4.5
71,106,55,86,44.5985281604161,0.140883243603458,3,3,3
71,106,62,89,54.5890104579478,0.115099820540249,3,3,4.5
71,106,62,94,44.5985281604161,0.140883243603458,3,3,3
71,106,75,86,243.690889754096,0.0257834230632086,3,3,3.96862696659689
71,106,86,109,243.690889754096,0.0257834230632086,3,3,3.96862696659689
71,106,86,126,44.5985281604161,0.140883243603458,3,3,3
71,106,89,94,243.690889754096,0.0257834230632086,3,3,3.96862696659689
71,106,94,124,243.690889754096,0.0257834230632086,3,3,3.96862696659689
71,106,94,132,44.5985281604161,0.140883243603458,3,3,3
71,106,109,126,54.5890104579478,0.115099820540249,3,3,4.5
71,106,124,132,54.5890104579478,0.115099820540249,3,3,4.5
71,106,126,148,243.690889754096,0.0257834230632086,3,3,3.96862696659689
71,106,132,148,243.690889754096,0.0257834230632086,3,3,3.96862696659689
72,81,27,44,-54.5890104579478,-0.115099820540249,3,3,4.5
72,81,27,49,243.690889754096,0.0257834230632086,3,3,3.96862696659689
72,81,35,49,-243.690889754096,-0.0257834230632086,3,3,3.96862696659689
72,81,35,63,54.5890104579478,0.115099820540249,3,3,4.5
72,81,44,49,44.5985281604161,0.140883243603458,3,3,3
72,81,44,67,-243.690889754096,-0.0257834230632086,3,3,3.96862696659689
72,81,49,63,44.5985281604161,0.140883243603458,3,3,3
72,81,63,95,243.690889754096,0.0257834230632086,3,3,3.96862696659689
72,81,67,97,243.690889754096,0.0257834230632086,3,3,3.96862696659689
72,81,95,117,-243.690889754096,-0.0257834230632086,3,3,3.96862696659689
72,81,97,104,44.5985281604161,0.140883243603458,3,3,3
72,81,97,135,54.5890104579478,0.115099820540249,3,3,4.5
72,81,104,117,44.5985281604161,0.140883243603458,3,3,3
72,81,104,135,-243.690889754096,-0.0257834230632086,3,3,3.96862696659689
72,81,104,143,243.690889754096,0.0257834230632086,3,3,3.96862696659689
72,81,117,143,-54.5890104579478,-0.115099820540249,3,3,4.5
72,97,44,46,54.5890104579478,0.115099820540249,3,3,4.5
72,97,44,49,-243.690889754096,-0.0257834230632086,3,3,3.96862696659689
72,97,44,67,44.5985281604161,0.140883243603458,3,3,3
72,97,46,67,243.690889754096,0.0257834230632086,3,3,3.96862696659689
72,97,49,81,243.690889754096,0.0257834230632086,3,3,3.96862696659689
72,97,67,74,243.690889754096,0.0257834230632086,3,3,3.96862696659689
72,97,67,99,44.5985281604161,0.140883243603458,3,3,3
72,97,74,99,54.5890104579478,0.115099820540249,3,3,4.5
72,97,81,104,44.5985281604161,0.140883243603458,3,3,3
72,97,81,117,54.5890104579478,0.115099820540249,3,3,4.5
72,97,99,133,243.690889754096,0.0257834230632086,3,3,3.96862696659689
72,97,104,117,-243.690889754096,-0.0257834230632086,3,3,3.96862696659689
72,97,104,135,44.5985281604161,0.140883243603458,3,3,3
72,97,104,143,243.690889754096,0.0257834230632086,3,3,3.96862696659689
72,97,133,135,-243.690889754096,-0.0257834230632086,3,3,3.96862696659689
72,97,135,143,-54.5890104579478,-0.115099820540249,3,3,4.5
72,104,44,49,243.690889754096,0.0257834230632086,3,3,3.96862696659689
72,104,44,67,243.690889754096,0.0257834230632086,3,3,3.96862696659689
72,104,49,63,54.5890104579478,0.115099820540249,3,3,4.5
72,104,49,81,44.5985281604161,0.140883243603458,3,3,3
72,104,63,81,243.690889754096,0.0257834230632086,3,3,3.96862696659689
72,104,67,97,44.5985281604161,0.140883243603458,3,3,3
72,104,67,99,54.5890104579478,0.115099820540249,3,3,4.5
72,104,81,95,243.690889754096,0.0257834230632086,3,3,3.96862696659689
72,104,81,117,44.5985281604161,0.140883243603458,3,3,3
72,104,95,117,54.5890104579478,0.115099820540249,3,3,4.5
72,104,97,99,-243.690889754096,-0.0257834230632086,3,3,3.96862696659689
72,104,97,133,243.690889754096,0.0257834230632086,3,3,3.96862696659689
72,104,97,135,44.5985281604161,0.140883243603458,3,3,3
72,104,117,143,243.690889754096,0.0257834230632086,3,3,3.96862696659689
72,104,133,135,54.5890104579478,0.115099820540249,3,3,4.5
72,104,135,143,243.690889754096,0.0257834230632086,3,3,3.96862696659689
73,82,28,45,-54.5890104579478,-0.115099820540249,3,3,4.5
73,82,28,50,243.690889754096,0.0257834230632086,3,3,3.96862696659689
73,82,38,50,-243.690889754096,-0.0257834230632086,3,3,3.96862696659689
73,82,38,64,54.5890104579478,0.115099820540249,3,3,4.5
73,82,45,50,44.5985281604161,0.140883243603458,3,3,3
73,82,45,68,-243.690889754096,-0.0257834230632086,3,3,3.96862696659689
73,82,50,64,44.5985281604161,0.140883243603458,3,3,3
73,82,64,96,243.690889754096,0.0257834230632086,3,3,3.96862696659689
73,82,68,98,243.690889754096,0.0257834230632086,3,3,3.96862696659689
73,82,96,118,-243.690889754096,-0.0257834230632086,3,3,3.96862696659689
73,82,98,107,44.5985281604161,0.140883243603458,3,3,3
73,82,98,136,54.5890104579478,0.115099820540249,3,3,4.5
73,82,107,118,44.5985281604161,0.140883243603458,3,3,3
73,82,107,136,-243.690889754096,-0.0257834230632086,3,3,3.96862696659689
73,82,107,144,243.690889754096,0.0257834230632086,3,3,3.96862696659689
73,82,118,144,-54.5890104579478,-0.115099820540249,3,3,4.5
73,98,45,47,54.5890104579478,0.115099820540249,3,3,4.5
73,98,45,50,-243.690889754096,-0.0257834230632086,3,3,3.96862696659689
73,98,45,68,44.5985281604161,0.140883243603458,3,3,3
73,98,47,68,243.690889754096,0.0257834230632086,3,3,3.96862696659689
73,98,50,82,243.690889754096,0.0257834230632086,3,3,3.96862696659689
73,98,68,75,243.690889754096,0.0257834230632086,3,3,3.96862696659689
73,98,68,102,44.5985281604161,0.140883243603458,3,3,3
73,98,75,102,54.5890104579478,0.115099820540249,3,3,4.5
73,98,82,107,44.5985281604161,0.140883243603458,3,3,3
73,98,82,118,54.5890104579478,0.115099820540249,3,3,4.5
73,98,102,134,243.690889754096,0.0257834230632086,3,3,3.96862696659689
73,98,107,118,-243.690889754096,-0.0257834230632086,3,3,3.96862696659689
73,98,107,136,44.5985281604161,0.140883243603458,3,3,3
73,98,107,144,243.690889754096,0.0257834230632086,3,3,3.96862696659689
73,98,134,136,-243.690889754096,-0.0257834230632086,3,3,3.96862696659689
73,98,136,144,-54.5890104579478,-0.115099820540249,3,3,4.5
73,107,45,50,243.690889754096,0.0257834230632086,3,3,3.96862696659689
73,107,45,68,243.690889754096,0.0257834230632086,3,3,3.96862696659689
73,107,50,64,54.5890104579478,0.115099820540249,3,3,4.5
73,107,50,82,44.5985281604161,0.140883243603458,3,3,3
73,107,64,82,243.690889754096,0.0257834230632086,3,3,3.96862696659689
73,107,68,98,44.5985281604161,0.140883243603458,3,3,3
73,107,68,102,54.5890104579478,0.115099820540249,3,3,4.5
73,107,82,96,243.690889754096,0.0257834230632086,3,3,3.96862696659689
73,107,82,118,44.5985281604161,0.140883243603458,3,3,3
73,107,96,118,54.5890104579478,0.115099820540249,3,3,4.5
73,107,98,102,-243.690889754096,-0.0257834230632086,3,3,3.96862696659689
73,107,98,134,243.690889754096,0.0257834230632086,3,3,3.96862696659689
73,107,98,136,44.5985281604161,0.140883243603458,3,3,3
73,107,118,144,243.690889754096,0.0257834230632086,3,3,3.96862696659689
73,107,134,136,54.5890104579478,0.115099820540249,3,3,4.5
73,107,136,144,243.690889754096,0.0257834230632086,3,3,3.96862696659689
74,85,29,46,-54.5890104579478,-0.115099820540249,3,3,4.5
74,85,29,54,243.690889754096,0.0257834230632086,3,3,3.96862696659689
74,85,42,54,-243.690889754096,-0.0257834230632086,3,3,3.96862696659689
74,85,42,70,54.5890104579478,0.115099820540249,3,3,4.5
74,85,46,54,44.5985281604161,0.140883243603458,3,3,3
74,85,46,67,-243.690889754096,-0.0257834230632086,3,3,3.96862696659689
74,85,54,70,44.5985281604161,0.140883243603458,3,3,3
74,85,67,99,243.690889754096,0.0257834230632086,3,3,3.96862696659689
74,85,70,105,243.690889754096,0.0257834230632086,3,3,3.96862696659689
74,85,99,108,44.5985281604161,0.140883243603458,3,3,3
74,85,99,138,54.5890104579478,0.115099820540249,3,3,4.5
74,85,105,125,-243.690889754096,-0.0257834230632086,3,3,3.96862696659689
74,85,108,125,44.5985281604161,0.140883243603458,3,3,3
74,85,108,138,-243.690889754096,-0.0257834230632086,3,3,3.96862696659689
74,85,108,152,243.690889754096,0.0257834230632086,3,3,3.96862696659689
74,85,125,152,-54.5890104579478,-0.115099820540249,3,3,4.5
74,99,44,46,-54.5890104579478,-0.115099820540249,3,3,4.5
74,99,44,67,243.690889754096,0.0257834230632086,3,3,3.96862696659689
74,99,46,54,-243.690889754096,-0.0257834230632086,3,3,3.96862696659689
74,99,46,67,44.5985281604161,0.140883243603458,3,3,3
74,99,54,85,243.690889754096,0.0257834230632086,3,3,3.96862696659689
74,99,67,72,243.690889754096,0.0257834230632086,3,3,3.96862696659689
74,99,67,97,44.5985281604161,0.140883243603458,3,3,3
74,99,72,97,54.5890104579478,0.115099820540249,3,3,4.5
74,99,85,108,44.5985281604161,0.140883243603458,3,3,3
74,99,85,125,54.5890104579478,0.115099820540249,3,3,4.5
74,99,97,133,243.690889754096,0.0257834230632086,3,3,3.96862696659689
74,99,108,125,-243.690889754096,-0.0257834230632086,3,3,3.96862696659689
74,99,108,138,44.5985281604161,0.140883243603458,3,3,3
74,99,108,152,243.690889754096,0.0257834230632086,3,3,3.96862696659689
74,99,133,138,-243.690889754096,-0.0257834230632086,3,3,3.96862696659689
74,99,138,152,-54.5890104579478,-0.115099820540249,3,3,4.5
74,108,46,54,243.690889754096,0.0257834230632086,3,3,3.96862696659689
74,108,46,67,243.690889754096,0.0257834230632086,3,3,3.96862696659689
74,108,54,70,54.5890104579478,0.115099820540249,3,3,4.5
74,108,54,85,44.5985281604161,0.140883243603458,3,3,3
74,108,67,97,54.5890104579478,0.115099820540249,3,3,4.5
74,108,67,99,44.5985281604161,0.140883243603458,3,3,3
74,108,70,85,243.690889754096,0.0257834230632086,3,3,3.96862696659689
74,108,85,105,243.690889754096,0.0257834230632086,3,3,3.96862696659689
74,108,85,125,44.5985281604161,0.140883243603458,3,3,3
74,108,97,99,243.690889754096,0.0257834230632086,3,3,3.96862696659689
74,108,99,133,243.690889754096,0.0257834230632086,3,3,3.96862696659689
74,108,99,138,44.5985281604161,0.140883243603458,3,3,3
74,108,105,125,54.5890104579478,0.115099820540249,3,3,4.5
74,108,125,152,243.690889754096,0.0257834230632086,3,3,3.96862696659689
74,108,133,138,54.5890104579478,0.115099820540249,3,3,4.5
74,108,138,152,243.690889754096,0.0257834230632086,3,3,3.96862696659689
75,86,30,47,-54.5890104579478,-0.115099820540249,3,3,4.5
75,86,30,55,243.690889754096,0.0257834230632086,3,3,3.96862696659689
75,86,43,55,-243.690889754096,-0.0257834230632086,3,3,3.96862696659689
75,86,43,71,54.5890104579478,0.115099820540249,3,3,4.5
75,86,47,55,44.5985281604161,0.140883243603458,3,3,3
75,86,47,68,-243.690889754096,-0.0257834230632086,3,3,3.96862696659689
75,86,55,71,44.5985281604161,0.140883243603458,3,3,3
75,86,68,102,243.690889754096,0.0257834230632086,3,3,3.96862696659689
75,86,71,106,243.690889754096,0.0257834230632086,3,3,3.96862696659689
75,86,102,109,44.5985281604161,0.140883243603458,3,3,3
75,86,102,139,54.5890104579478,0.115099820540249,3,3,4.5
75,86,106,126,-243.690889754096,-0.0257834230632086,3,3,3.96862696659689
75,86,109,126,44.5985281604161,0.140883243603458,3,3,3
75,86,109,139,-243.690889754096,-0.0257834230632086,3,3,3.96862696659689
75,86,109,153,243.690889754096,0.0257834230632086,3,3,3.96862696659689
75,86,126,153,-54.5890104579478,-0.115099820540249,3,3,4.5
75,102,45,47,-54.5890104579478,-0.115099820540249,3,3,4.5
75,102,45,68,243.690889754096,0.0257834230632086,3,3,3.96862696659689
75,102,47,55,-243.690889754096,-0.0257834230632086,3,3,3.96862696659689
75,102,47,68,44.5985281604161,0.140883243603458,3,3,3
75,102,55,86,243.690889754096,0.0257834230632086,3,3,3.96862696659689
75,102,68,73,243.690889754096,0.0257834230632086,3,3,3.96862696659689
75,102,68,98,44.5985281604161,0.140883243603458,3,3,3
75,102,73,98,54.5890104579478,0.115099820540249,3,3,4.5
75,102,86,109,44.5985281604161,0.140883243603458,3,3,3
75,102,86,126,54.5890104579478,0.115099820540249,3,3,4.5
75,102,98,134,243.690889754096,0.0257834230632086,3,3,3.96862696659689
75,102,109,126,-243.690889754096,-0.0257834230632086,3,3,3.96862696659689
75,102,109,139,44.5985281604161,0.140883243603458,3,3,3
75,102,109,153,243.690889754096,0.0257834230632086,3,3,3.96862696659689
75,102,134,139,-243.690889754096,-0.0257834230632086,3,3,3.96862696659689
75,102,139,153,-54.5890104579478,-0.115099820540249,3,3,4.5
75,109,47,55,243.690889754096,0.0257834230632086,3,3,3.96862696659689
75,109,47,68,243.690889754096,0.0257834230632086,3,3,3.96862696659689
75,109,55,71,54.5890104579478,0.115099820540249,3,3,4.5
75,109,55,86,44.5985281604161,0.140883243603458,3,3,3
75,109,68,98,54.5890104579478,0.115099820540249,3,3,4.5
75,109,68,102,44.5985281604161,0.140883243603458,3,3,3
75,109,71,86,243.690889754096,0.0257834230632086,3,3,3.96862696659689
75,109,86,106,243.690889754096,0.0257834230632086,3,3,3.96862696659689
75,109,86,126,44.5985281604161,0.140883243603458,3,3,3
75,109,98,102,243.690889754096,0.0257834230632086,3,3,3.96862696659689
75,109,102,134,243.690889754096,0.0257834230632086,3,3,3.96862696659689
75,109,102,139,44.5985281604161,0.140883243603458,3,3,3
75,109,106,126,54.5890104579478,0.115099820540249,3,3,4.5
75,109,126,153,243.690889754096,0.0257834230632086,3,3,3.96862696659689
75,109,134,139,54.5890104579478,0.115099820540249,3,3,4.5
75,109,139,153,243.690889754096,0.0257834230632086,3,3,3.96862696659689
76,78,31,51,243.690889754096,0.0257834230632086,3,3,3.96862696659689
76,78,31,53,-54.5890104579478,-0.115099820540249,3,3,4.5
76,78,33,51,-243.690889754096,-0.0257834230632086,3,3,3.96862696659689
76,78,33,57,54.5890104579478,0.115099820540249,3,3,4.5
76,78,51,53,-44.5985281604161,-0.140883243603458,3,3,3
76,78,51,57,44.5985281604161,0.140883243603458,3,3,3
76,78,53,83,-243.690889754096,-0.0257834230632086,3,3,3.96862696659689
76,78,57,87,243.690889754096,0.0257834230632086,3,3,3.96862696659689
76,78,83,112,243.690889754096,0.0257834230632086,3,3,3.96862696659689
76,78,87,114,-243.690889754096,-0.0257834230632086,3,3,3.96862696659689
76,78,110,112,-44.5985281604161,-0.140883243603458,3,3,3
76,78,110,114,44.5985281604161,0.140883243603458,3,3,3
76,78,110,146,-243.690889754096,-0.0257834230632086,3,3,3.96862696659689
76,78,110,150,243.690889754096,0.0257834230632086,3,3,3.96862696659689
76,78,112,146,54.5890104579478,0.115099820540249,3,3,4.5
76,78,114,150,-54.5890104579478,-0.115099820540249,3,3,4.5
76,83,31,51,-54.5890104579478,-0.115099820540249,3,3,4.5
76,83,31,53,243.690889754096,0.0257834230632086,3,3,3.96862696659689
76,83,35,53,-243.690889754096,-0.0257834230632086,3,3,3.96862696659689
76,83,35,63,54.5890104579478,0.115099820540249,3,3,4.5
76,83,51,53,44.5985281604161,0.140883243603458,3,3,3
76,83,51,78,-243.690889754096,-0.0257834230632086,3,3,3.96862696659689
76,83,53,63,44.5985281604161,0.140883243603458,3,3,3
76,83,63,95,243.690889754096,0.0257834230632086,3,3,3.96862696659689
76,83,78,110,243.690889754096,0.0257834230632086,3,3,3.96862696659689
76,83,95,119,-243.690889754096,-0.0257834230632086,3,3,3.96862696659689
76,83,110,112,44.5985281604161,0.140883243603458,3,3,3
76,83,110,146,54.5890104579478,0.115099820540249,3,3,4.5
76,83,112,119,44.5985281604161,0.140883243603458,3,3,3
76,83,112,146,-243.690889754096,-0.0257834230632086,3,3,3.96862696659689
76,83,112,154,243.690889754096,0.0257834230632086,3,3,3.96862696659689
76,83,119,154,-54.5890104579478,-0.115099820540249,3,3,4.5
76,110,51,53,-243.690889754096,-0.0257834230632086,3,3,3.96862696659689
76,110,51,57,54.5890104579478,0.115099820540249,3,3,4.5
76,110,51,78,44.5985281604161,0.140883243603458,3,3,3
76,110,53,83,243.690889754096,0.0257834230632086,3,3,3.96862696659689
76,110,57,78,243.690889754096,0.0257834230632086,3,3,3.96862696659689
76,110,78,87,243.690889754096,0.0257834230632086,3,3,3.96862696659689
76,110,78,114,44.5985281604161,0.140883243603458,3,3,3
76,110,83,112,44.5985281604161,0.140883243603458,3,3,3
76,110,83,119,54.5890104579478,0.115099820540249,3,3,4.5
76,110,87,114,54.5890104579478,0.115099820540249,3,3,4.5
76,110,112,119,-243.690889754096,-0.0257834230632086,3,3,3.96862696659689
76,110,112,146,44.5985281604161,0.140883243603458,3,3,3
76,110,112,154,243.690889754096,0.0257834230632086,3,3,3.96862696659689
76,110,114,150,243.690889754096,0.0257834230632086,3,3,3.96862696659689
76,110,146,150,243.690889754096,0.0257834230632086,3,3,3.96862696659689
76,110,146,154,-54.5890104579478,-0.115099820540249,3,3,4.5
76,112,51,53,243.690889754096,0.0257834230632086,3,3,3.96862696659689
76,112,51,78,243.690889754096,0.0257834230632086,3,3,3.96862696659689
76,112,53,63,54.5890104579478,0.115099820540249,3,3,4.5
76,112,53,83,44.5985281604161,0.140883243603458,3,3,3
76,112,63,83,243.690889754096,0.0257834230632086,3,3,3.96862696659689
76,112,78,110,44.5985281604161,0.140883243603458,3,3,3
76,112,78,114,54.5890104579478,0.115099820540249,3,3,4.5
76,112,83,95,243.690889754096,0.0257834230632086,3,3,3.96862696659689
76,112,83,119,44.5985281604161,0.140883243603458,3,3,3
76,112,95,119,54.5890104579478,0.115099820540249,3,3,4.5
76,112,110,114,-243.690889754096,-0.0257834230632086,3,3,3.96862696659689
76,112,110,146,44.5985281604161,0.140883243603458,3,3,3
76,112,110,150,243.690889754096,0.0257834230632086,3,3,3.96862696659689
76,112,119,154,243.690889754096,0.0257834230632086,3,3,3.96862696659689
76,112,146,150,-54.5890104579478,-0.115099820540249,3,3,4.5
76,112,146,154,243.690889754096,0.0257834230632086,3,3,3.96862696659689
77,80,32,52,243.690889754096,0.0257834230632086,3,3,3.96862696659689
77,80,32,56,-54.5890104579478,-0.115099820540249,3,3,4.5
77,80,34,52,-243.690889754096,-0.0257834230632086,3,3,3.96862696659689
77,80,34,58,54.5890104579478,0.115099820540249,3,3,4.5
77,80,52,56,-44.5985281604161,-0.140883243603458,3,3,3
77,80,52,58,44.5985281604161,0.140883243603458,3,3,3
77,80,56,84,-243.690889754096,-0.0257834230632086,3,3,3.96862696659689
77,80,58,90,243.690889754096,0.0257834230632086,3,3,3.96862696659689
77,80,84,113,243.690889754096,0.0257834230632086,3,3,3.96862696659689
77,80,90,115,-243.690889754096,-0.0257834230632086,3,3,3.96862696659689
77,80,111,113,-44.5985281604161,-0.140883243603458,3,3,3
77,80,111,115,44.5985281604161,0.140883243603458,3,3,3
77,80,111,149,-243.690889754096,-0.0257834230632086,3,3,3.96862696659689
77,80,111,151,243.690889754096,0.0257834230632086,3,3,3.96862696659689
77,80,113,149,54.5890104579478,0.115099820540249,3,3,4.5
77,80,115,151,-54.5890104579478,-0.115099820540249,3,3,4.5
77,84,32,52,-54.5890104579478,-0.115099820540249,3,3,4.5
77,84,32,56,243.690889754096,0.0257834230632086,3,3,3.96862696659689
77,84,38,56,-243.690889754096,-0.0257834230632086,3,3,3.96862696659689
77,84,38,64,54.5890104579478,0.115099820540249,3,3,4.5
77,84,52,56,44.5985281604161,0.140883243603458,3,3,3
77,84,52,80,-243.690889754096,-0.0257834230632086,3,3,3.96862696659689
77,84,56,64,44.5985281604161,0.140883243603458,3,3,3
77,84,64,96,243.690889754096,0.0257834230632086,3,3,3.96862696659689
77,84,80,111,243.690889754096,0.0257834230632086,3,3,3.96862696659689
77,84,96,122,-243.690889754096,-0.0257834230632086,3,3,3.96862696659689
77,84,111,113,44.5985281604161,0.140883243603458,3,3,3
77,84,111,149,54.5890104579478,0.115099820540249,3,3,4.5
77,84,113,122,44.5985281604161,0.140883243603458,3,3,3
77,84,113,149,-243.690889754096,-0.0257834230632086,3,3,3.96862696659689
77,84,113,155,243.690889754096,0.0257834230632086,3,3,3.96862696659689
77,84,122,155,-54.5890104579478,-0.115099820540249,3,3,4.5
77,111,52,56,-243.690889754096,-0.0257834230632086,3,3,3.96862696659689
77,111,52,58,54.5890104579478,0.115099820540249,3,3,4.5
77,111,52,80,44.5985281604161,0.140883243603458,3,3,3
77,111,56,84,243.690889754096,0.0257834230632086,3,3,3.96862696659689
77,111,58,80,243.690889754096,0.0257834230632086,3,3,3.96862696659689
77,111,80,90,243.690889754096,0.0257834230632086,3,3,3.96862696659689
77,111,80,115,44.5985281604161,0.140883243603458,3,3,3
77,111,84,113,44.5985281604161,0.140883243603458,3,3,3
77,111,84,122,54.5890104579478,0.115099820540249,3,3,4.5
77,111,90,115,54.5890104579478,0.115099820540249,3,3,4.5
77,111,113,122,-243.690889754096,-0.0257834230632086,3,3,3.96862696659689
77,111,113,149,44.5985281604161,0.140883243603458,3,3,3
77,111,113,155,243.690889754096,0.0257834230632086,3,3,3.96862696659689
77,111,115,151,243.690889754096,0.0257834230632086,3,3,3.96862696659689
77,111,149,151,243.690889754096,0.0257834230632086,3,3,3.96862696659689
77,111,149,155,-54.5890104579478,-0.115099820540249,3,3,4.5
77,113,52,56,243.690889754096,0.0257834230632086,3,3,3.96862696659689
77,113,52,80,243.690889754096,0.0257834230632086,3,3,3.96862696659689
77,113,56,64,54.5890104579478,0.115099820540249,3,3,4.5
77,113,56,84,44.5985281604161,0.140883243603458,3,3,3
77,113,64,84,243.690889754096,0.0257834230632086,3,3,3.96862696659689
77,113,80,111,44.5985281604161,0.140883243603458,3,3,3
77,113,80,115,54.5890104579478,0.115099820540249,3,3,4.5
77,113,84,96,243.690889754096,0.0257834230632086,3,3,3.96862696659689
77,113,84,122,44.5985281604161,0.140883243603458,3,3,3
77,113,96,122,54.5890104579478,0.115099820540249,3,3,4.5
77,113,111,115,-243.690889754096,-0.0257834230632086,3,3,3.96862696659689
77,113,111,149,44.5985281604161,0.140883243603458,3,3,3
77,113,111,151,243.690889754096,0.0257834230632086,3,3,3.96862696659689
77,113,122,155,243.690889754096,0.0257834230632086,3,3,3.96862696659689
77,113,149,151,-54.5890104579478,-0.115099820540249,3,3,4.5
77,113,149,155,243.690889754096,0.0257834230632086,3,3,3.96862696659689
78,87,33,51,-54.5890104579478,-0.115099820540249,3,3,4.5
78,87,33,57,243.690889754096,0.0257834230632086,3,3,3.96862696659689
78,87,41,57,-243.690889754096,-0.0257834230632086,3,3,3.96862696659689
78,87,41,69,54.5890104579478,0.115099820540249,3,3,4.5
78,87,51,57,44.5985281604161,0.140883243603458,3,3,3
78,87,51,76,-243.690889754096,-0.0257834230632086,3,3,3.96862696659689
78,87,57,69,44.5985281604161,0.140883243603458,3,3,3
78,87,69,103,243.690889754096,0.0257834230632086,3,3,3.96862696659689
78,87,76,110,243.690889754096,0.0257834230632086,3,3,3.96862696659689
78,87,103,127,-243.690889754096,-0.0257834230632086,3,3,3.96862696659689
78,87,110,114,44.5985281604161,0.140883243603458,3,3,3
78,87,110,150,54.5890104579478,0.115099820540249,3,3,4.5
78,87,114,127,44.5985281604161,0.140883243603458,3,3,3
78,87,114,150,-243.690889754096,-0.0257834230632086,3,3,3.96862696659689
78,87,114,156,243.690889754096,0.0257834230632086,3,3,3.96862696659689
78,87,127,156,-54.5890104579478,-0.115099820540249,3,3,4.5
78,110,51,53,54.5890104579478,0.115099820540249,3,3,4.5
78,110,51,57,-243.690889754096,-0.0257834230632086,3,3,3.96862696659689
78,110,51,76,44.5985281604161,0.140883243603458,3,3,3
78,110,53,76,243.690889754096,0.0257834230632086,3,3,3.96862696659689
78,110,57,87,243.690889754096,0.0257834230632086,3,3,3.96862696659689
78,110,76,83,243.690889754096,0.0257834230632086,3,3,3.96862696659689
78,110,76,112,44.5985281604161,0.140883243603458,3,3,3
78,110,83,112,54.5890104579478,0.115099820540249,3,3,4.5
78,110,87,114,44.5985281604161,0.140883243603458,3,3,3
78,110,87,127,54.5890104579478,0.115099820540249,3,3,4.5
78,110,112,146,243.690889754096,0.0257834230632086,3,3,3.96862696659689
78,110,114,127,-243.690889754096,-0.0257834230632086,3,3,3.96862696659689
78,110,114,150,44.5985281604161,0.140883243603458,3,3,3
78,110,114,156,243.690889754096,0.0257834230632086,3,3,3.96862696659689
78,110,146,150,-243.690889754096,-0.0257834230632086,3,3,3.96862696659689
78,110,150,156,-54.5890104579478,-0.115099820540249,3,3,4.5
78,114,51,57,243.690889754096,0.0257834230632086,3,3,3.96862696659689
78,114,51,76,243.690889754096,0.0257834230632086,3,3,3.96862696659689
78,114,57,69,54.5890104579478,0.115099820540249,3,3,4.5
78,114,57,87,44.5985281604161,0.140883243603458,3,3,3
78,114,69,87,243.690889754096,0.0257834230632086,3,3,3.96862696659689
78,114,76,110,44.5985281604161,0.140883243603458,3,3,3
78,114,76,112,54.5890104579478,0.115099820540249,3,3,4.5
78,114,87,103,243.690889754096,0.0257834230632086,3,3,3.96862696659689
78,114,87,127,44.5985281604161,0.140883243603458,3,3,3
78,114,103,127,54.5890104579478,0.115099820540249,3,3,4.5
78,114,110,112,-243.690889754096,-0.0257834230632086,3,3,3.96862696659689
78,114,110,146,243.690889754096,0.0257834230632086,3,3,3.96862696659689
78,114,110,150,44.5985281604161,0.140883243603458,3,3,3
78,114,127,156,243.690889754096,0.0257834230632086,3,3,3.96862696659689
78,114,146,150,54.5890104579478,0.115099820540249,3,3,4.5
78,114,150,156,243.690889754096,0.0257834230632086,3,3,3.96862696659689
79,100,39,48,-54.5890104579478,-0.115099820540249,3,3,4.5
79,100,39,65,243.690889754096,0.0257834230632086,3,3,3.96862696659689
79,100,48,65,44.5985281604161,0.140883243603458,3,3,3
79,100,48,66,-243.690889754096,-0.0257834230632086,3,3,3.96862696659689
79,100,59,65,-243.690889754096,-0.0257834230632086,3,3,3.96862696659689
79,100,59,91,54.5890104579478,0.115099820540249,3,3,4.5
79,100,65,91,44.5985281604161,0.140883243603458,3,3,3
79,100,66,101,243.690889754096,0.0257834230632086,3,3,3.96862696659689
79,100,91,129,243.690889754096,0.0257834230632086,3,3,3.96862696659689
79,100,101,116,44.5985281604161,0.140883243603458,3,3,3
79,100,101,142,54.5890104579478,0.115099820540249,3,3,4.5
79,100,116,141,44.5985281604161,0.140883243603458,3,3,3
79,100,116,142,-243.690889754096,-0.0257834230632086,3,3,3.96862696659689
79,100,116,160,243.690889754096,0.0257834230632086,3,3,3.96862696659689
79,100,129,141,-243.690889754096,-0.0257834230632086,3,3,3.96862696659689
79,100,141,160,-54.5890104579478,-0.115099820540249,3,3,4.5
79,101,40,48,-54.5890104579478,-0.115099820540249,3,3,4.5
79,101,40,66,243.690889754096,0.0257834230632086,3,3,3.96862696659689
79,101,48,65,-243.690889754096,-0.0257834230632086,3,3,3.96862696659689
79,101,48,66,44.5985281604161,0.140883243603458,3,3,3
79,101,60,66,-243.690889754096,-0.0257834230632086,3,3,3.96862696659689
79,101,60,92,54.5890104579478,0.115099820540249,3,3,4.5
79,101,65,100,243.690889754096,0.0257834230632086,3,3,3.96862696659689
79,101,66,92,44.5985281604161,0.140883243603458,3,3,3
79,101,92,130,243.690889754096,0.0257834230632086,3,3,3.96862696659689
79,101,100,116,44.5985281604161,0.140883243603458,3,3,3
79,101,100,141,54.5890104579478,0.115099820540249,3,3,4.5
79,101,116,141,-243.690889754096,-0.0257834230632086,3,3,3.96862696659689
79,101,116,142,44.5985281604161,0.140883243603458,3,3,3
79,101,116,160,243.690889754096,0.0257834230632086,3,3,3.96862696659689
79,101,130,142,-243.690889754096,-0.0257834230632086,3,3,3.96862696659689
79,101,142,160,-54.5890104579478,-0.115099820540249,3,3,4.5
79,116,48,65,243.690889754096,0.0257834230632086,3,3,3.96862696659689
79,116,48,66,243.690889754096,0.0257834230632086,3,3,3.96862696659689
79,116,65,91,54.5890104579478,0.115099820540249,3,3,4.5
79,116,65,100,44.5985281604161,0.140883243603458,3,3,3
79,116,66,92,54.5890104579478,0.115099820540249,3,3,4.5
79,116,66,101,44.5985281604161,0.140883243603458,3,3,3
79,116,91,100,243.690889754096,0.0257834230632086,3,3,3.96862696659689
79,116,92,101,243.690889754096,0.0257834230632086,3,3,3.96862696659689
79,116,100,129,243.690889754096,0.0257834230632086,3,3,3.96862696659689
79,116,100,141,44.5985281604161,0.140883243603458,3,3,3
79,116,101,130,243.690889754096,0.0257834230632086,3,3,3.96862696659689
79,116,101,142,44.5985281604161,0.140883243603458,3,3,3
79,116,129,141,54.5890104579478,0.115099820540249,3,3,4.5
79,116,130,142,54.5890104579478,0.115099820540249,3,3,4.5
79,116,141,160,243.690889754096,0.0257834230632086,3,3,3.96862696659689
79,116,142,160,243.690889754096,0.0257834230632086,3,3,3.96862696659689
80,90,34,52,-54.5890104579478,-0.115099820540249,3,3,4.5
80,90,34,58,243.690889754096,0.0257834230632086,3,3,3.96862696659689
80,90,41,58,-243.690889754096,-0.0257834230632086,3,3,3.96862696659689
80,90,41,69,54.5890104579478,0.115099820540249,3,3,4.5
80,90,52,58,44.5985281604161,0.140883243603458,3,3,3
80,90,52,77,-243.690889754096,-0.0257834230632086,3,3,3.96862696659689
80,90,58,69,44.5985281604161,0.140883243603458,3,3,3
80,90,69,103,243.690889754096,0.0257834230632086,3,3,3.96862696659689
80,90,77,111,243.690889754096,0.0257834230632086,3,3,3.96862696659689
80,90,103,128,-243.690889754096,-0.0257834230632086,3,3,3.96862696659689
80,90,111,115,44.5985281604161,0.140883243603458,3,3,3
80,90,111,151,54.5890104579478,0.115099820540249,3,3,4.5
80,90,115,128,44.5985281604161,0.140883243603458,3,3,3
80,90,115,151,-243.690889754096,-0.0257834230632086,3,3,3.96862696659689
80,90,115,157,243.690889754096,0.0257834230632086,3,3,3.96862696659689
80,90,128,157,-54.5890104579478,-0.115099820540249,3,3,4.5
80,111,52,56,54.5890104579478,0.115099820540249,3,3,4.5
80,111,52,58,-243.690889754096,-0.0257834230632086,3,3,3.96862696659689
80,111,52,77,44.5985281604161,0.140883243603458,3,3,3
80,111,56,77,243.690889754096,0.0257834230632086,3,3,3.96862696659689
80,111,58,90,243.690889754096,0.0257834230632086,3,3,3.96862696659689
80,111,77,84,243.690889754096,0.0257834230632086,3,3,3.96862696659689
80,111,77,113,44.5985281604161,0.140883243603458,3,3,3
80,111,84,113,54.5890104579478,0.115099820540249,3,3,4.5
80,111,90,115,44.5985281604161,0.140883243603458,3,3,3
80,111,90,128,54.5890104579478,0.115099820540249,3,3,4.5
80,111,113,149,243.690889754096,0.0257834230632086,3,3,3.96862696659689
80,111,115,128,-243.690889754096,-0.0257834230632086,3,3,3.96862696659689
80,111,115,151,44.5985281604161,0.140883243603458,3,3,3
80,111,115,157,243.690889754096,0.0257834230632086,3,3,3.96862696659689
80,111,149,151,-243.690889754096,-0.0257834230632086,3,3,3.96862696659689
80,111,151,157,-54.5890104579478,-0.115099820540249,3,3,4.5
80,115,52,58,243.690889754096,0.0257834230632086,3,3,3.96862696659689
80,115,52,77,243.690889754096,0.0257834230632086,3,3,3.96862696659689
80,115,58,69,54.5890104579478,0.115099820540249,3,3,4.5
80,115,58,90,44.5985281604161,0.140883243603458,3,3,3
80,115,69,90,243.690889754096,0.0257834230632086,3,3,3.96862696659689
80,115,77,111,44.5985281604161,0.140883243603458,3,3,3
80,115,77,113,54.5890104579478,0.115099820540249,3,3,4.5
80,115,90,103,243.690889754096,0.0257834230632086,3,3,3.96862696659689
80,115,90,128,44.5985281604161,0.140883243603458,3,3,3
80,115,103,128,54.5890104579478,0.115099820540249,3,3,4.5
80,115,111,113,-243.690889754096,-0.0257834230632086,3,3,3.96862696659689
80,115,111,149,243.690889754096,0.0257834230632086,3,3,3.96862696659689
80,115,111,151,44.5985281604161,0.140883243603458,3,3,3
80,115,128,157,243.690889754096,0.0257834230632086,3,3,3.96862696659689
80,115,149,151,54.5890104579478,0.115099820540249,3,3,4.5
80,115,151,157,243.690889754096,0.0257834230632086,3,3,3.96862696659689
81,95,35,49,-54.5890104579478,-0.115099820540249,3,3,4.5
81,95,35,63,243.690889754096,0.0257834230632086,3,3,3.96862696659689
81,95,49,63,44.5985281604161,0.140883243603458,3,3,3
81,95,49,72,-243.690889754096,-0.0257834230632086,3,3,3.96862696659689
81,95,53,63,-243.690889754096,-0.0257834230632086,3,3,3.96862696659689
81,95,53,83,54.5890104579478,0.115099820540249,3,3,4.5
81,95,63,83,44.5985281604161,0.140883243603458,3,3,3
81,95,72,104,243.690889754096,0.0257834230632086,3,3,3.96862696659689
81,95,83,119,243.690889754096,0.0257834230632086,3,3,3.96862696659689
81,95,104,117,44.5985281604161,0.140883243603458,3,3,3
81,95,104,143,54.5890104579478,0.115099820540249,3,3,4.5
81,95,117,137,44.5985281604161,0.140883243603458,3,3,3
81,95,117,143,-243.690889754096,-0.0257834230632086,3,3,3.96862696659689
81,95,117,161,243.690889754096,0.0257834230632086,3,3,3.96862696659689
81,95,119,137,-243.690889754096,-0.0257834230632086,3,3,3.96862696659689
81,95,137,161,-54.5890104579478,-0.115099820540249,3,3,4.5
81,104,44,49,-54.5890104579478,-0.115099820540249,3,3,4.5
81,104,44,72,243.690889754096,0.0257834230632086,3,3,3.96862696659689
81,104,49,63,-243.690889754096,-0.0257834230632086,3,3,3.96862696659689
81,104,49,72,44.5985281604161,0.140883243603458,3,3,3
81,104,63,95,243.690889754096,0.0257834230632086,3,3,3.96862696659689
81,104,67,72,-243.690889754096,-0.0257834230632086,3,3,3.96862696659689
81,104,67,97,54.5890104579478,0.115099820540249,3,3,4.5
81,104,72,97,44.5985281604161,0.140883243603458,3,3,3
81,104,95,117,44.5985281604161,0.140883243603458,3,3,3
81,104,95,137,54.5890104579478,0.115099820540249,3,3,4.5
81,104,97,135,243.690889754096,0.0257834230632086,3,3,3.96862696659689
81,104,117,137,-243.690889754096,-0.0257834230632086,3,3,3.96862696659689
81,104,117,143,44.5985281604161,0.140883243603458,3,3,3
81,104,117,161,243.690889754096,0.0257834230632086,3,3,3.96862696659689
81,104,135,143,-243.690889754096,-0.0257834230632086,3,3,3.96862696659689
81,104,143,161,-54.5890104579478,-0.115099820540249,3,3,4.5
81,117,49,63,243.690889754096,0.0257834230632086,3,3,3.96862696659689
81,117,49,72,243.690889754096,0.0257834230632086,3,3,3.96862696659689
81,117,63,83,54.5890104579478,0.115099820540249,3,3,4.5
81,117,63,95,44.5985281604161,0.140883243603458,3,3,3
81,117,72,97,54.5890104579478,0.115099820540249,3,3,4.5
81,117,72,104,44.5985281604161,0.140883243603458,3,3,3
81,117,83,95,243.690889754096,0.0257834230632086,3,3,3.96862696659689
81,117,95,119,243.690889754096,0.0257834230632086,3,3,3.96862696659689
81,117,95,137,44.5985281604161,0.140883243603458,3,3,3
81,117,97,104,243.690889754096,0.0257834230632086,3,3,3.96862696659689
81,117,104,135,243.690889754096,0.0257834230632086,3,3,3.96862696659689
81,117,104,143,44.5985281604161,0.140883243603458,3,3,3
81,117,119,137,54.5890104579478,0.115099820540249,3,3,4.5
81,117,135,143,54.5890104579478,0.115099820540249,3,3,4.5
81,117,137,161,243.690889754096,0.0257834230632086,3,3,3.96862696659689
81,117,143,161,243.690889754096,0.0257834230632086,3,3,3.96862696659689
82,96,38,50,-54.5890104579478,-0.115099820540249,3,3,4.5
82,96,38,64,243.690889754096,0.0257834230632086,3,3,3.96862696659689
82,96,50,64,44.5985281604161,0.140883243603458,3,3,3
82,96,50,73,-243.690889754096,-0.0257834230632086,3,3,3.96862696659689
82,96,56,64,-243.690889754096,-0.0257834230632086,3,3,3.96862696659689
82,96,56,84,54.5890104579478,0.115099820540249,3,3,4.5
82,96,64,84,44.5985281604161,0.140883243603458,3,3,3
82,96,73,107,243.690889754096,0.0257834230632086,3,3,3.96862696659689
82,96,84,122,243.690889754096,0.0257834230632086,3,3,3.96862696659689
82,96,107,118,44.5985281604161,0.140883243603458,3,3,3
82,96,107,144,54.5890104579478,0.115099820540249,3,3,4.5
82,96,118,140,44.5985281604161,0.140883243603458,3,3,3
82,96,118,144,-243.690889754096,-0.0257834230632086,3,3,3.96862696659689
82,96,118,164,243.690889754096,0.0257834230632086,3,3,3.96862696659689
82,96,122,140,-243.690889754096,-0.0257834230632086,3,3,3.96862696659689
82,96,140,164,-54.5890104579478,-0.115099820540249,3,3,4.5
82,107,45,50,-54.5890104579478,-0.115099820540249,3,3,4.5
82,107,45,73,243.690889754096,0.0257834230632086,3,3,3.96862696659689
82,107,50,64,-243.690889754096,-0.0257834230632086,3,3,3.96862696659689
82,107,50,73,44.5985281604161,0.140883243603458,3,3,3
82,107,64,96,243.690889754096,0.0257834230632086,3,3,3.96862696659689
82,107,68,73,-243.690889754096,-0.0257834230632086,3,3,3.96862696659689
82,107,68,98,54.5890104579478,0.115099820540249,3,3,4.5
82,107,73,98,44.5985281604161,0.140883243603458,3,3,3
82,107,96,118,44.5985281604161,0.140883243603458,3,3,3
82,107,96,140,54.5890104579478,0.115099820540249,3,3,4.5
82,107,98,136,243.690889754096,0.0257834230632086,3,3,3.96862696659689
82,107,118,140,-243.690889754096,-0.0257834230632086,3,3,3.96862696659689
82,107,118,144,44.5985281604161,0.140883243603458,3,3,3
82,107,118,164,243.690889754096,0.0257834230632086,3,3,3.96862696659689
82,107,136,144,-243.690889754096,-0.0257834230632086,3,3,3.96862696659689
82,107,144,164,-54.5890104579478,-0.115099820540249,3,3,4.5
82,118,50,64,243.690889754096,0.0257834230632086,3,3,3.96862696659689
82,118,50,73,243.690889754096,0.0257834230632086,3,3,3.96862696659689
82,118,64,84,54.5890104579478,0.115099820540249,3,3,4.5
82,118,64,96,44.5985281604161,0.140883243603458,3,3,3
82,118,73,98,54.5890104579478,0.115099820540249,3,3,4.5
82,118,73,107,44.5985281604161,0.140883243603458,3,3,3
82,118,84,96,243.690889754096,0.0257834230632086,3,3,3.96862696659689
82,118,96,122,243.690889754096,0.0257834230632086,3,3,3.96862696659689
82,118,96,140,44.5985281604161,0.140883243603458,3,3,3
82,118,98,107,243.690889754096,0.0257834230632086,3,3,3.96862696659689
82,118,107,136,243.690889754096,0.0257834230632086,3,3,3.96862696659689
82,118,107,144,44.5985281604161,0.140883243603458,3,3,3
82,118,122,140,54.5890104579478,0.115099820540249,3,3,4.5
82,118,136,144,54.5890104579478,0.115099820540249,3,3,4.5
82,118,140,164,243.690889754096,0.0257834230632086,3,3,3.96862696659689
82,118,144,164,243.690889754096,0.0257834230632086,3,3,3.96862696659689
83,95,35,53,-54.5890104579478,-0.115099820540249,3,3,4.5
83,95,35,63,243.690889754096,0.0257834230632086,3,3,3.96862696659689
83,95,49,63,-243.690889754096,-0.0257834230632086,3,3,3.96862696659689
83,95,49,81,54.5890104579478,0.115099820540249,3,3,4.5
83,95,53,63,44.5985281604161,0.140883243603458,3,3,3
83,95,53,76,-243.690889754096,-0.0257834230632086,3,3,3.96862696659689
83,95,63,81,44.5985281604161,0.140883243603458,3,3,3
83,95,76,112,243.690889754096,0.0257834230632086,3,3,3.96862696659689
83,95,81,117,243.690889754096,0.0257834230632086,3,3,3.96862696659689
83,95,112,119,44.5985281604161,0.140883243603458,3,3,3
83,95,112,154,54.5890104579478,0.115099820540249,3,3,4.5
83,95,117,137,-243.690889754096,-0.0257834230632086,3,3,3.96862696659689
83,95,119,137,44.5985281604161,0.140883243603458,3,3,3
83,95,119,154,-243.690889754096,-0.0257834230632086,3,3,3.96862696659689
83,95,119,167,243.690889754096,0.0257834230632086,3,3,3.96862696659689
83,95,137,167,-54.5890104579478,-0.115099820540249,3,3,4.5
83,112,51,53,-54.5890104579478,-0.115099820540249,3,3,4.5
83,112,51,76,243.690889754096,0.0257834230632086,3,3,3.96862696659689
83,112,53,63,-243.690889754096,-0.0257834230632086,3,3,3.96862696659689
83,112,53,76,44.5985281604161,0.140883243603458,3,3,3
83,112,63,95,243.690889754096,0.0257834230632086,3,3,3.96862696659689
83,112,76,78,243.690889754096,0.0257834230632086,3,3,3.96862696659689
83,112,76,110,44.5985281604161,0.140883243603458,3,3,3
83,112,78,110,54.5890104579478,0.115099820540249,3,3,4.5
83,112,95,119,44.5985281604161,0.140883243603458,3,3,3
83,112,95,137,54.5890104579478,0.115099820540249,3,3,4.5
83,112,110,146,243.690889754096,0.0257834230632086,3,3,3.96862696659689
83,112,119,137,-243.690889754096,-0.0257834230632086,3,3,3.96862696659689
83,112,119,154,44.5985281604161,0.140883243603458,3,3,3
83,112,119,167,243.690889754096,0.0257834230632086,3,3,3.96862696659689
83,112,146,154,-243.690889754096,-0.0257834230632086,3,3,3.96862696659689
83,112,154,167,-54.5890104579478,-0.115099820540249,3,3,4.5
83,119,53,63,243.690889754096,0.0257834230632086,3,3,3.96862696659689
83,119,53,76,243.690889754096,0.0257834230632086,3,3,3.96862696659689
83,119,63,81,54.5890104579478,0.115099820540249,3,3,4.5
83,119,63,95,44.5985281604161,0.140883243603458,3,3,3
83,119,76,110,54.5890104579478,0.115099820540249,3,3,4.5
83,119,76,112,44.5985281604161,0.140883243603458,3,3,3
83,119,81,95,243.690889754096,0.0257834230632086,3,3,3.96862696659689
83,119,95,117,243.690889754096,0.0257834230632086,3,3,3.96862696659689
83,119,95,137,44.5985281604161,0.140883243603458,3,3,3
83,119,110,112,243.690889754096,0.0257834230632086,3,3,3.96862696659689
83,119,112,146,243.690889754096,0.0257834230632086,3,3,3.96862696659689
83,119,112,154,44.5985281604161,0.140883243603458,3,3,3
83,119,117,137,54.5890104579478,0.115099820540249,3,3,4.5
83,119,137,167,243.690889754096,0.0257834230632086,3,3,3.96862696659689
83,119,146,154,54.5890104579478,0.115099820540249,3,3,4.5
83,119,154,167,243.690889754096,0.0257834230632086,3,3,3.96862696659689
84,96,38,56,-54.5890104579478,-0.115099820540249,3,3,4.5
84,96,38,64,243.690889754096,0.0257834230632086,3,3,3.96862696659689
84,96,50,64,-243.690889754096,-0.0257834230632086,3,3,3.96862696659689
84,96,50,82,54.5890104579478,0.115099820540249,3,3,4.5
84,96,56,64,44.5985281604161,0.140883243603458,3,3,3
84,96,56,77,-243.690889754096,-0.0257834230632086,3,3,3.96862696659689
84,96,64,82,44.5985281604161,0.140883243603458,3,3,3
84,96,77,113,243.690889754096,0.0257834230632086,3,3,3.96862696659689
84,96,82,118,243.690889754096,0.0257834230632086,3,3,3.96862696659689
84,96,113,122,44.5985281604161,0.140883243603458,3,3,3
84,96,113,155,54.5890104579478,0.115099820540249,3,3,4.5
84,96,118,140,-243.690889754096,-0.0257834230632086,3,3,3.96862696659689
84,96,122,140,44.5985281604161,0.140883243603458,3,3,3
84,96,122,155,-243.690889754096,-0.0257834230632086,3,3,3.96862696659689
84,96,122,168,243.690889754096,0.0257834230632086,3,3,3.96862696659689
84,96,140,168,-54.5890104579478,-0.115099820540249,3,3,4.5
84,113,52,56,-54.5890104579478,-0.115099820540249,3,3,4.5
84,113,52,77,243.690889754096,0.0257834230632086,3,3,3.96862696659689
84,113,56,64,-243.690889754096,-0.0257834230632086,3,3,3.96862696659689
84,113,56,77,44.5985281604161,0.140883243603458,3,3,3
84,113,64,96,243.690889754096,0.0257834230632086,3,3,3.96862696659689
84,113,77,80,243.690889754096,0.0257834230632086,3,3,3.96862696659689
84,113,77,111,44.5985281604161,0.140883243603458,3,3,3
84,113,80,111,54.5890104579478,0.115099820540249,3,3,4.5
84,113,96,122,44.5985281604161,0.140883243603458,3,3,3
84,113,96,140,54.5890104579478,0.115099820540249,3,3,4.5
84,113,111,149,243.690889754096,0.0257834230632086,3,3,3.96862696659689
84,113,122,140,-243.690889754096,-0.0257834230632086,3,3,3.96862696659689
84,113,122,155,44.5985281604161,0.140883243603458,3,3,3
84,113,122,168,243.690889754096,0.0257834230632086,3,3,3.96862696659689
84,113,149,155,-243.690889754096,-0.0257834230632086,3,3,3.96862696659689
84,113,155,168,-54.5890104579478,-0.115099820540249,3,3,4.5
84,122,56,64,243.690889754096,0.0257834230632086,3,3,3.96862696659689
84,122,56,77,243.690889754096,0.0257834230632086,3,3,3.96862696659689
84,122,64,82,54.5890104579478,0.115099820540249,3,3,4.5
84,122,64,96,44.5985281604161,0.140883243603458,3,3,3
84,122,77,111,54.5890104579478,0.115099820540249,3,3,4.5
84,122,77,113,44.5985281604161,0.140883243603458,3,3,3
84,122,82,96,243.690889754096,0.0257834230632086,3,3,3.96862696659689
84,122,96,118,243.690889754096,0.0257834230632086,3,3,3.96862696659689
84,122,96,140,44.5985281604161,0.140883243603458,3,3,3
84,122,111,113,243.690889754096,0.0257834230632086,3,3,3.96862696659689
84,122,113,149,243.690889754096,0.0257834230632086,3,3,3.96862696659689
84,122,113,155,44.5985281604161,0.140883243603458,3,3,3
84,122,118,140,54.5890104579478,0.115099820540249,3,3,4.5
84,122,140,168,243.690889754096,0.0257834230632086,3,3,3.96862696659689
84,122,149,155,54.5890104579478,0.115099820540249,3,3,4.5
84,122,155,168,243.690889754096,0.0257834230632086,3,3,3.96862696659689
85,105,42,54,-54.5890104579478,-0.115099820540249,3,3,4.5
85,105,42,70,243.690889754096,0.0257834230632086,3,3,3.96862696659689
85,105,54,70,44.5985281604161,0.140883243603458,3,3,3
85,105,54,74,-243.690889754096,-0.0257834230632086,3,3,3.96862696659689
85,105,61,70,-243.690889754096,-0.0257834230632086,3,3,3.96862696659689
85,105,61,93,54.5890104579478,0.115099820540249,3,3,4.5
85,105,70,93,44.5985281604161,0.140883243603458,3,3,3
85,105,74,108,243.690889754096,0.0257834230632086,3,3,3.96862696659689
85,105,93,131,243.690889754096,0.0257834230632086,3,3,3.96862696659689
85,105,108,125,44.5985281604161,0.140883243603458,3,3,3
85,105,108,152,54.5890104579478,0.115099820540249,3,3,4.5
85,105,125,147,44.5985281604161,0.140883243603458,3,3,3
85,105,125,152,-243.690889754096,-0.0257834230632086,3,3,3.96862696659689
85,105,125,169,243.690889754096,0.0257834230632086,3,3,3.96862696659689
85,105,131,147,-243.690889754096,-0.0257834230632086,3,3,3.96862696659689
85,105,147,169,-54.5890104579478,-0.115099820540249,3,3,4.5
85,108,46,54,-54.5890104579478,-0.115099820540249,3,3,4.5
85,108,46,74,243.690889754096,0.0257834230632086,3,3,3.96862696659689
85,108,54,70,-243.690889754096,-0.0257834230632086,3,3,3.96862696659689
85,108,54,74,44.5985281604161,0.140883243603458,3,3,3
85,108,67,74,-243.690889754096,-0.0257834230632086,3,3,3.96862696659689
85,108,67,99,54.5890104579478,0.115099820540249,3,3,4.5
85,108,70,105,243.690889754096,0.0257834230632086,3,3,3.96862696659689
85,108,74,99,44.5985281604161,0.140883243603458,3,3,3
85,108,99,138,243.690889754096,0.0257834230632086,3,3,3.96862696659689
85,108,105,125,44.5985281604161,0.140883243603458,3,3,3
85,108,105,147,54.5890104579478,0.115099820540249,3,3,4.5
85,108,125,147,-243.690889754096,-0.0257834230632086,3,3,3.96862696659689
85,108,125,152,44.5985281604161,0.140883243603458,3,3,3
85,108,125,169,243.690889754096,0.0257834230632086,3,3,3.96862696659689
85,108,138,152,-243.690889754096,-0.0257834230632086,3,3,3.96862696659689
85,108,152,169,-54.5890104579478,-0.115099820540249,3,3,4.5
85,125,54,70,243.690889754096,0.0257834230632086,3,3,3.96862696659689
85,125,54,74,243.690889754096,0.0257834230632086,3,3,3.96862696659689
85,125,70,93,54.5890104579478,0.115099820540249,3,3,4.5
85,125,70,105,44.5985281604161,0.140883243603458,3,3,3
85,125,74,99,54.5890104579478,0.115099820540249,3,3,4.5
85,125,74,108,44.5985281604161,0.140883243603458,3,3,3
85,125,93,105,243.690889754096,0.0257834230632086,3,3,3.96862696659689
85,125,99,108,243.690889754096,0.0257834230632086,3,3,3.96862696659689
85,125,105,131,243.690889754096,0.0257834230632086,3,3,3.96862696659689
85,125,105,147,44.5985281604161,0.140883243603458,3,3,3
85,125,108,138,243.690889754096,0.0257834230632086,3,3,3.96862696659689
85,125,108,152,44.5985281604161,0.140883243603458,3,3,3
85,125,131,147,54.5890104579478,0.115099820540249,3,3,4.5
85,125,138,152,54.5890104579478,0.115099820540249,3,3,4.5
85,125,147,169,243.690889754096,0.0257834230632086,3,3,3.96862696659689
85,125,152,169,243.690889754096,0.0257834230632086,3,3,3.96862696659689
86,106,43,55,-54.5890104579478,-0.115099820540249,3,3,4.5
86,106,43,71,243.690889754096,0.0257834230632086,3,3,3.96862696659689
86,106,55,71,44.5985281604161,0.140883243603458,3,3,3
86,106,55,75,-243.690889754096,-0.0257834230632086,3,3,3.96862696659689
86,106,62,71,-243.690889754096,-0.0257834230632086,3,3,3.96862696659689
86,106,62,94,54.5890104579478,0.115099820540249,3,3,4.5
86,106,71,94,44.5985281604161,0.140883243603458,3,3,3
86,106,75,109,243.690889754096,0.0257834230632086,3,3,3.96862696659689
86,106,94,132,243.690889754096,0.0257834230632086,3,3,3.96862696659689
86,106,109,126,44.5985281604161,0.140883243603458,3,3,3
86,106,109,153,54.5890104579478,0.115099820540249,3,3,4.5
86,106,126,148,44.5985281604161,0.140883243603458,3,3,3
86,106,126,153,-243.690889754096,-0.0257834230632086,3,3,3.96862696659689
86,106,126,170,243.690889754096,0.0257834230632086,3,3,3.96862696659689
86,106,132,148,-243.690889754096,-0.0257834230632086,3,3,3.96862696659689
86,106,148,170,-54.5890104579478,-0.115099820540249,3,3,4.5
86,109,47,55,-54.5890104579478,-0.115099820540249,3,3,4.5
86,109,47,75,243.690889754096,0.0257834230632086,3,3,3.96862696659689
86,109,55,71,-243.690889754096,-0.0257834230632086,3,3,3.96862696659689
86,109,55,75,44.5985281604161,0.140883243603458,3,3,3
86,109,68,75,-243.690889754096,-0.0257834230632086,3,3,3.96862696659689
86,109,68,102,54.5890104579478,0.115099820540249,3,3,4.5
86,109,71,106,243.690889754096,0.0257834230632086,3,3,3.96862696659689
86,109,75,102,44.5985281604161,0.140883243603458,3,3,3
86,109,102,139,243.690889754096,0.0257834230632086,3,3,3.96862696659689
86,109,106,126,44.5985281604161,0.140883243603458,3,3,3
86,109,106,148,54.5890104579478,0.115099820540249,3,3,4.5
86,109,126,148,-243.690889754096,-0.0257834230632086,3,3,3.96862696659689
86,109,126,153,44.5985281604161,0.140883243603458,3,3,3
86,109,126,170,243.690889754096,0.0257834230632086,3,3,3.96862696659689
86,109,139,153,-243.690889754096,-0.0257834230632086,3,3,3.96862696659689
86,109,153,170,-54.5890104579478,-0.115099820540249,3,3,4.5
86,126,55,71,243.690889754096,0.0257834230632086,3,3,3.96862696659689
86,126,55,75,243.690889754096,0.0257834230632086,3,3,3.96862696659689
86,126,71,94,54.5890104579478,0.115099820540249,3,3,4.5
86,126,71,106,44.5985281604161,0.140883243603458,3,3,3
86,126,75,102,54.5890104579478,0.115099820540249,3,3,4.5
86,126,75,109,44.5985281604161,0.140883243603458,3,3,3
86,126,94,106,243.690889754096,0.0257834230632086,3,3,3.96862696659689
86,126,102,109,243.690889754096,0.0257834230632086,3,3,3.96862696659689
86,126,106,132,243.690889754096,0.0257834230632086,3,3,3.96862696659689
86,126,106,148,44.5985281604161,0.140883243603458,3,3,3
86,126,109,139,243.690889754096,0.0257834230632086,3,3,3.96862696659689
86,126,109,153,44.5985281604161,0.140883243603458,3,3,3
86,126,132,148,54.5890104579478,0.115099820540249,3,3,4.5
86,126,139,153,54.5890104579478,0.115099820540249,3,3,4.5
86,126,148,170,243.690889754096,0.0257834230632086,3,3,3.96862696659689
86,126,153,170,243.690889754096,0.0257834230632086,3,3,3.96862696659689
87,103,41,57,-54.5890104579478,-0.115099820540249,3,3,4.5
87,103,41,69,243.690889754096,0.0257834230632086,3,3,3.96862696659689
87,103,57,69,44.5985281604161,0.140883243603458,3,3,3
87,103,57,78,-243.690889754096,-0.0257834230632086,3,3,3.96862696659689
87,103,58,69,-243.690889754096,-0.0257834230632086,3,3,3.96862696659689
87,103,58,90,54.5890104579478,0.115099820540249,3,3,4.5
87,103,69,90,44.5985281604161,0.140883243603458,3,3,3
87,103,78,114,243.690889754096,0.0257834230632086,3,3,3.96862696659689
87,103,90,128,243.690889754096,0.0257834230632086,3,3,3.96862696659689
87,103,114,127,44.5985281604161,0.140883243603458,3,3,3
87,103,114,156,54.5890104579478,0.115099820540249,3,3,4.5
87,103,127,145,44.5985281604161,0.140883243603458,3,3,3
87,103,127,156,-243.690889754096,-0.0257834230632086,3,3,3.96862696659689
87,103,127,171,243.690889754096,0.0257834230632086,3,3,3.96862696659689
87,103,128,145,-243.690889754096,-0.0257834230632086,3,3,3.96862696659689
87,103,145,171,-54.5890104579478,-0.115099820540249,3,3,4.5
87,114,51,57,-54.5890104579478,-0.115099820540249,3,3,4.5
87,114,51,78,243.690889754096,0.0257834230632086,3,3,3.96862696659689
87,114,57,69,-243.690889754096,-0.0257834230632086,3,3,3.96862696659689
87,114,57,78,44.5985281604161,0.140883243603458,3,3,3
87,114,69,103,243.690889754096,0.0257834230632086,3,3,3.96862696659689
87,114,76,78,-243.690889754096,-0.0257834230632086,3,3,3.96862696659689
87,114,76,110,54.5890104579478,0.115099820540249,3,3,4.5
87,114,78,110,44.5985281604161,0.140883243603458,3,3,3
87,114,103,127,44.5985281604161,0.140883243603458,3,3,3
87,114,103,145,54.5890104579478,0.115099820540249,3,3,4.5
87,114,110,150,243.690889754096,0.0257834230632086,3,3,3.96862696659689
87,114,127,145,-243.690889754096,-0.0257834230632086,3,3,3.96862696659689
87,114,127,156,44.5985281604161,0.140883243603458,3,3,3
87,114,127,171,243.690889754096,0.0257834230632086,3,3,3.96862696659689
87,114,150,156,-243.690889754096,-0.0257834230632086,3,3,3.96862696659689
87,114,156,171,-54.5890104579478,-0.115099820540249,3,3,4.5
87,127,57,69,243.690889754096,0.0257834230632086,3,3,3.96862696659689
87,127,57,78,243.690889754096,0.0257834230632086,3,3,3.96862696659689
87,127,69,90,54.5890104579478,0.115099820540249,3,3,4.5
87,127,69,103,44.5985281604161,0.140883243603458,3,3,3
87,127,78,110,54.5890104579478,0.115099820540249,3,3,4.5
87,127,78,114,44.5985281604161,0.140883243603458,3,3,3
87,127,90,103,243.690889754096,0.0257834230632086,3,3,3.96862696659689
87,127,103,128,243.690889754096,0.0257834230632086,3,3,3.96862696659689
87,127,103,145,44.5985281604161,0.140883243603458,3,3,3
87,127,110,114,243.690889754096,0.0257834230632086,3,3,3.96862696659689
87,127,114,150,243.690889754096,0.0257834230632086,3,3,3.96862696659689
87,127,114,156,44.5985281604161,0.140883243603458,3,3,3
87,127,128,145,54.5890104579478,0.115099820540249,3,3,4.5
87,127,145,171,243.690889754096,0.0257834230632086,3,3,3.96862696659689
87,127,150,156,54.5890104579478,0.115099820540249,3,3,4.5
87,127,156,171,243.690889754096,0.0257834230632086,3,3,3.96862696659689
88,91,36,59,243.690889754096,0.0257834230632086,3,3,3.96862696659689
88,91,36,61,-54.5890104579478,-0.115099820540249,3,3,4.5
88,91,39,59,-243.690889754096,-0.0257834230632086,3,3,3.96862696659689
88,91,39,65,54.5890104579478,0.115099820540249,3,3,4.5
88,91,59,61,-44.5985281604161,-0.140883243603458,3,3,3
88,91,59,65,44.5985281604161,0.140883243603458,3,3,3
88,91,61,93,-243.690889754096,-0.0257834230632086,3,3,3.96862696659689
88,91,65,100,243.690889754096,0.0257834230632086,3,3,3.96862696659689
88,91,93,123,243.690889754096,0.0257834230632086,3,3,3.96862696659689
88,91,100,129,-243.690889754096,-0.0257834230632086,3,3,3.96862696659689
88,91,120,123,-44.5985281604161,-0.140883243603458,3,3,3
88,91,120,129,44.5985281604161,0.140883243603458,3,3,3
88,91,120,158,-243.690889754096,-0.0257834230632086,3,3,3.96862696659689
88,91,120,162,243.690889754096,0.0257834230632086,3,3,3.96862696659689
88,91,123,158,54.5890104579478,0.115099820540249,3,3,4.5
88,91,129,162,-54.5890104579478,-0.115099820540249,3,3,4.5
88,93,36,59,-54.5890104579478,-0.115099820540249,3,3,4.5
88,93,36,61,243.690889754096,0.0257834230632086,3,3,3.96862696659689
88,93,42,61,-243.690889754096,-0.0257834230632086,3,3,3.96862696659689
88,93,42,70,54.5890104579478,0.115099820540249,3,3,4.5
88,93,59,61,44.5985281604161,0.140883243603458,3,3,3
88,93,59,91,-243.690889754096,-0.0257834230632086,3,3,3.96862696659689
88,93,61,70,44.5985281604161,0.140883243603458,3,3,3
88,93,70,105,243.690889754096,0.0257834230632086,3,3,3.96862696659689
88,93,91,120,243.690889754096,0.0257834230632086,3,3,3.96862696659689
88,93,105,131,-243.690889754096,-0.0257834230632086,3,3,3.96862696659689
88,93,120,123,44.5985281604161,0.140883243603458,3,3,3
88,93,120,158,54.5890104579478,0.115099820540249,3,3,4.5
88,93,123,131,44.5985281604161,0.140883243603458,3,3,3
88,93,123,158,-243.690889754096,-0.0257834230632086,3,3,3.96862696659689
88,93,123,165,243.690889754096,0.0257834230632086,3,3,3.96862696659689
88,93,131,165,-54.5890104579478,-0.115099820540249,3,3,4.5
88,120,59,61,-243.690889754096,-0.0257834230632086,3,3,3.96862696659689
88,120,59,65,54.5890104579478,0.115099820540249,3,3,4.5
88,120,59,91,44.5985281604161,0.140883243603458,3,3,3
88,120,61,93,243.690889754096,0.0257834230632086,3,3,3.96862696659689
88,120,65,91,243.690889754096,0.0257834230632086,3,3,3.96862696659689
88,120,91,100,243.690889754096,0.0257834230632086,3,3,3.96862696659689
88,120,91,129,44.5985281604161,0.140883243603458,3,3,3
88,120,93,123,44.5985281604161,0.140883243603458,3,3,3
88,120,93,131,54.5890104579478,0.115099820540249,3,3,4.5
88,120,100,129,54.5890104579478,0.115099820540249,3,3,4.5
88,120,123,131,-243.690889754096,-0.0257834230632086,3,3,3.96862696659689
88,120,123,158,44.5985281604161,0.140883243603458,3,3,3
88,120,123,165,243.690889754096,0.0257834230632086,3,3,3.96862696659689
88,120,129,162,243.690889754096,0.0257834230632086,3,3,3.96862696659689
88,120,158,162,243.690889754096,0.0257834230632086,3,3,3.96862696659689
88,120,158,165,-54.5890104579478,-0.115099820540249,3,3,4.5
88,123,59,61,243.690889754096,0.0257834230632086,3,3,3.96862696659689
88,123,59,91,243.690889754096,0.0257834230632086,3,3,3.96862696659689
88,123,61,70,54.5890104579478,0.115099820540249,3,3,4.5
88,123,61,93,44.5985281604161,0.140883243603458,3,3,3
88,123,70,93,243.690889754096,0.0257834230632086,3,3,3.96862696659689
88,123,91,120,44.5985281604161,0.140883243603458,3,3,3
88,123,91,129,54.5890104579478,0.115099820540249,3,3,4.5
88,123,93,105,243.690889754096,0.0257834230632086,3,3,3.96862696659689
88,123,93,131,44.5985281604161,0.140883243603458,3,3,3
88,123,105,131,54.5890104579478,0.115099820540249,3,3,4.5
88,123,120,129,-243.690889754096,-0.0257834230632086,3,3,3.96862696659689
88,123,120,158,44.5985281604161,0.140883243603458,3,3,3
88,123,120,162,243.690889754096,0.0257834230632086,3,3,3.96862696659689
88,123,131,165,243.690889754096,0.0257834230632086,3,3,3.96862696659689
88,123,158,162,-54.5890104579478,-0.115099820540249,3,3,4.5
88,123,158,165,243.690889754096,0.0257834230632086,3,3,3.96862696659689
89,92,37,60,243.690889754096,0.0257834230632086,3,3,3.96862696659689
89,92,37,62,-54.5890104579478,-0.115099820540249,3,3,4.5
89,92,40,60,-243.690889754096,-0.0257834230632086,3,3,3.96862696659689
89,92,40,66,54.5890104579478,0.115099820540249,3,3,4.5
89,92,60,62,-44.5985281604161,-0.140883243603458,3,3,3
89,92,60,66,44.5985281604161,0.140883243603458,3,3,3
89,92,62,94,-243.690889754096,-0.0257834230632086,3,3,3.96862696659689
89,92,66,101,243.690889754096,0.0257834230632086,3,3,3.96862696659689
89,92,94,124,243.690889754096,0.0257834230632086,3,3,3.96862696659689
89,92,101,130,-243.690889754096,-0.0257834230632086,3,3,3.96862696659689
89,92,121,124,-44.5985281604161,-0.140883243603458,3,3,3
89,92,121,130,44.5985281604161,0.140883243603458,3,3,3
89,92,121,159,-243.690889754096,-0.0257834230632086,3,3,3.96862696659689
89,92,121,163,243.690889754096,0.0257834230632086,3,3,3.96862696659689
89,92,124,159,54.5890104579478,0.115099820540249,3,3,4.5
89,92,130,163,-54.5890104579478,-0.115099820540249,3,3,4.5
89,94,37,60,-54.5890104579478,-0.115099820540249,3,3,4.5
89,94,37,62,243.690889754096,0.0257834230632086,3,3,3.96862696659689
89,94,43,62,-243.690889754096,-0.0257834230632086,3,3,3.96862696659689
89,94,43,71,54.5890104579478,0.115099820540249,3,3,4.5
89,94,60,62,44.5985281604161,0.140883243603458,3,3,3
89,94,60,92,-243.690889754096,-0.0257834230632086,3,3,3.96862696659689
89,94,62,71,44.5985281604161,0.140883243603458,3,3,3
89,94,71,106,243.690889754096,0.0257834230632086,3,3,3.96862696659689
89,94,92,121,243.690889754096,0.0257834230632086,3,3,3.96862696659689
89,94,106,132,-243.690889754096,-0.0257834230632086,3,3,3.96862696659689
89,94,121,124,44.5985281604161,0.140883243603458,3,3,3
89,94,121,159,54.5890104579478,0.115099820540249,3,3,4.5
89,94,124,132,44.5985281604161,0.140883243603458,3,3,3
89,94,124,159,-243.690889754096,-0.0257834230632086,3,3,3.96862696659689
89,94,124,166,243.690889754096,0.0257834230632086,3,3,3.96862696659689
89,94,132,166,-54.5890104579478,-0.115099820540249,3,3,4.5
89,121,60,62,-243.690889754096,-0.0257834230632086,3,3,3.96862696659689
89,121,60,66,54.5890104579478,0.115099820540249,3,3,4.5
89,121,60,92,44.5985281604161,0.140883243603458,3,3,3
89,121,62,94,243.690889754096,0.0257834230632086,3,3,3.96862696659689
89,121,66,92,243.690889754096,0.0257834230632086,3,3,3.96862696659689
89,121,92,101,243.690889754096,0.0257834230632086,3,3,3.96862696659689
89,121,92,130,44.5985281604161,0.140883243603458,3,3,3
89,121,94,124,44.5985281604161,0.140883243603458,3,3,3
89,121,94,132,54.5890104579478,0.115099820540249,3,3,4.5
89,121,101,130,54.5890104579478,0.115099820540249,3,3,4.5
89,121,124,132,-243.690889754096,-0.0257834230632086,3,3,3.96862696659689
89,121,124,159,44.5985281604161,0.140883243603458,3,3,3
89,121,124,166,243.690889754096,0.0257834230632086,3,3,3.96862696659689
89,121,130,163,243.690889754096,0.0257834230632086,3,3,3.96862696659689
89,121,159,163,243.690889754096,0.0257834230632086,3,3,3.96862696659689
89,121,159,166,-54.5890104579478,-0.115099820540249,3,3,4.5
89,124,60,62,243.690889754096,0.0257834230632086,3,3,3.96862696659689
89,124,60,92,243.690889754096,0.0257834230632086,3,3,3.96862696659689
89,124,62,71,54.5890104579478,0.115099820540249,3,3,4.5
89,124,62,94,44.5985281604161,0.140883243603458,3,3,3
89,124,71,94,243.690889754096,0.0257834230632086,3,3,3.96862696659689
89,124,92,121,44.5985281604161,0.140883243603458,3,3,3
89,124,92,130,54.5890104579478,0.115099820540249,3,3,4.5
89,124,94,106,243.690889754096,0.0257834230632086,3,3,3.96862696659689
89,124,94,132,44.5985281604161,0.140883243603458,3,3,3
89,124,106,132,54.5890104579478,0.115099820540249,3,3,4.5
89,124,121,130,-243.690889754096,-0.0257834230632086,3,3,3.96862696659689
89,124,121,159,44.5985281604161,0.140883243603458,3,3,3
89,124,121,163,243.690889754096,0.0257834230632086,3,3,3.96862696659689
89,124,132,166,243.690889754096,0.0257834230632086,3,3,3.96862696659689
89,124,159,163,-54.5890104579478,-0.115099820540249,3,3,4.5
89,124,159,166,243.690889754096,0.0257834230632086,3,3,3.96862696659689
90,103,41,58,-54.5890104579478,-0.115099820540249,3,3,4.5
90,103,41,69,243.690889754096,0.0257834230632086,3,3,3.96862696659689
90,103,57,69,-243.690889754096,-0.0257834230632086,3,3,3.96862696659689
90,103,57,87,54.5890104579478,0.115099820540249,3,3,4.5
90,103,58,69,44.5985281604161,0.140883243603458,3,3,3
90,103,58,80,-243.690889754096,-0.0257834230632086,3,3,3.96862696659689
90,103,69,87,44.5985281604161,0.140883243603458,3,3,3
90,103,80,115,243.690889754096,0.0257834230632086,3,3,3.96862696659689
90,103,87,127,243.690889754096,0.0257834230632086,3,3,3.96862696659689
90,103,115,128,44.5985281604161,0.140883243603458,3,3,3
90,103,115,157,54.5890104579478,0.115099820540249,3,3,4.5
90,103,127,145,-243.690889754096,-0.0257834230632086,3,3,3.96862696659689
90,103,128,145,44.5985281604161,0.140883243603458,3,3,3
90,103,128,157,-243.690889754096,-0.0257834230632086,3,3,3.96862696659689
90,103,128,174,243.690889754096,0.0257834230632086,3,3,3.96862696659689
90,103,145,174,-54.5890104579478,-0.115099820540249,3,3,4.5
90,115,52,58,-54.5890104579478,-0.115099820540249,3,3,4.5
90,115,52,80,243.690889754096,0.0257834230632086,3,3,3.96862696659689
90,115,58,69,-243.690889754096,-0.0257834230632086,3,3,3.96862696659689
90,115,58,80,44.5985281604161,0.140883243603458,3,3,3
90,115,69,103,243.690889754096,0.0257834230632086,3,3,3.96862696659689
90,115,77,80,-243.690889754096,-0.0257834230632086,3,3,3.96862696659689
90,115,77,111,54.5890104579478,0.115099820540249,3,3,4.5
90,115,80,111,44.5985281604161,0.140883243603458,3,3,3
90,115,103,128,44.5985281604161,0.140883243603458,3,3,3
90,115,103,145,54.5890104579478,0.115099820540249,3,3,4.5
90,115,111,151,243.690889754096,0.0257834230632086,3,3,3.96862696659689
90,115,128,145,-243.690889754096,-0.0257834230632086,3,3,3.96862696659689
90,115,128,157,44.5985281604161,0.140883243603458,3,3,3
90,115,128,174,243.690889754096,0.0257834230632086,3,3,3.96862696659689
90,115,151,157,-243.690889754096,-0.0257834230632086,3,3,3.96862696659689
90,115,157,174,-54.5890104579478,-0.115099820540249,3,3,4.5
90,128,58,69,243.690889754096,0.0257834230632086,3,3,3.96862696659689
90,128,58,80,243.690889754096,0.0257834230632086,3,3,3.96862696659689
90,128,69,87,54.5890104579478,0.115099820540249,3,3,4.5
90,128,69,103,44.5985281604161,0.140883243603458,3,3,3
90,128,80,111,54.5890104579478,0.115099820540249,3,3,4.5
90,128,80,115,44.5985281604161,0.140883243603458,3,3,3
90,128,87,103,243.690889754096,0.0257834230632086,3,3,3.96862696659689
90,128,103,127,243.690889754096,0.0257834230632086,3,3,3.96862696659689
90,128,103,145,44.5985281604161,0.140883243603458,3,3,3
90,128,111,115,243.690889754096,0.0257834230632086,3,3,3.96862696659689
90,128,115,151,243.690889754096,0.0257834230632086,3,3,3.96862696659689
90,128,115,157,44.5985281604161,0.140883243603458,3,3,3
90,128,127,145,54.5890104579478,0.115099820540249,3,3,4.5
90,128,145,174,243.690889754096,0.0257834230632086,3,3,3.96862696659689
90,128,151,157,54.5890104579478,0.115099820540249,3,3,4.5
90,128,157,174,243.690889754096,0.0257834230632086,3,3,3.96862696659689
91,100,39,59,-54.5890104579478,-0.115099820540249,3,3,4.5
91,100,39,65,243.690889754096,0.0257834230632086,3,3,3.96862696659689
91,100,48,65,-243.690889754096,-0.0257834230632086,3,3,3.96862696659689
91,100,48,79,54.5890104579478,0.115099820540249,3,3,4.5
91,100,59,65,44.5985281604161,0.140883243603458,3,3,3
91,100,59,88,-243.690889754096,-0.0257834230632086,3,3,3.96862696659689
91,100,65,79,44.5985281604161,0.140883243603458,3,3,3
91,100,79,116,243.690889754096,0.0257834230632086,3,3,3.96862696659689
91,100,88,120,243.690889754096,0.0257834230632086,3,3,3.96862696659689
91,100,116,141,-243.690889754096,-0.0257834230632086,3,3,3.96862696659689
91,100,120,129,44.5985281604161,0.140883243603458,3,3,3
91,100,120,162,54.5890104579478,0.115099820540249,3,3,4.5
91,100,129,141,44.5985281604161,0.140883243603458,3,3,3
91,100,129,162,-243.690889754096,-0.0257834230632086,3,3,3.96862696659689
91,100,129,172,243.690889754096,0.0257834230632086,3,3,3.96862696659689
91,100,141,172,-54.5890104579478,-0.115099820540249,3,3,4.5
91,120,59,61,54.5890104579478,0.115099820540249,3,3,4.5
91,120,59,65,-243.690889754096,-0.0257834230632086,3,3,3.96862696659689
91,120,59,88,44.5985281604161,0.140883243603458,3,3,3
91,120,61,88,243.690889754096,0.0257834230632086,3,3,3.96862696659689
91,120,65,100,243.690889754096,0.0257834230632086,3,3,3.96862696659689
91,120,88,93,243.690889754096,0.0257834230632086,3,3,3.96862696659689
91,120,88,123,44.5985281604161,0.140883243603458,3,3,3
91,120,93,123,54.5890104579478,0.115099820540249,3,3,4.5
91,120,100,129,44.5985281604161,0.140883243603458,3,3,3
91,120,100,141,54.5890104579478,0.115099820540249,3,3,4.5
91,120,123,158,243.690889754096,0.0257834230632086,3,3,3.96862696659689
91,120,129,141,-243.690889754096,-0.0257834230632086,3,3,3.96862696659689
91,120,129,162,44.5985281604161,0.140883243603458,3,3,3
91,120,129,172,243.690889754096,0.0257834230632086,3,3,3.96862696659689
91,120,158,162,-243.690889754096,-0.0257834230632086,3,3,3.96862696659689
91,120,162,172,-54.5890104579478,-0.115099820540249,3,3,4.5
91,129,59,65,243.690889754096,0.0257834230632086,3,3,3.96862696659689
91,129,59,88,243.690889754096,0.0257834230632086,3,3,3.96862696659689
91,129,65,79,54.5890104579478,0.115099820540249,3,3,4.5
91,129,65,100,44.5985281604161,0.140883243603458,3,3,3
91,129,79,100,243.690889754096,0.0257834230632086,3,3,3.96862696659689
91,129,88,120,44.5985281604161,0.140883243603458,3,3,3
91,129,88,123,54.5890104579478,0.115099820540249,3,3,4.5
91,129,100,116,243.690889754096,0.0257834230632086,3,3,3.96862696659689
91,129,100,141,44.5985281604161,0.140883243603458,3,3,3
91,129,116,141,54.5890104579478,0.115099820540249,3,3,4.5
91,129,120,123,-243.690889754096,-0.0257834230632086,3,3,3.96862696659689
91,129,120,158,243.690889754096,0.0257834230632086,3,3,3.96862696659689
91,129,120,162,44.5985281604161,0.140883243603458,3,3,3
91,129,141,172,243.690889754096,0.0257834230632086,3,3,3.96862696659689
91,129,158,162,54.5890104579478,0.115099820540249,3,3,4.5
91,129,162,172,243.690889754096,0.0257834230632086,3,3,3.96862696659689
92,101,40,60,-54.5890104579478,-0.115099820540249,3,3,4.5
92,101,40,66,243.690889754096,0.0257834230632086,3,3,3.96862696659689
92,101,48,66,-243.690889754096,-0.0257834230632086,3,3,3.96862696659689
92,101,48,79,54.5890104579478,0.115099820540249,3,3,4.5
92,101,60,66,44.5985281604161,0.140883243603458,3,3,3
92,101,60,89,-243.690889754096,-0.0257834230632086,3,3,3.96862696659689
92,101,66,79,44.5985281604161,0.140883243603458,3,3,3
92,101,79,116,243.690889754096,0.0257834230632086,3,3,3.96862696659689
92,101,89,121,243.690889754096,0.0257834230632086,3,3,3.96862696659689
92,101,116,142,-243.690889754096,-0.0257834230632086,3,3,3.96862696659689
92,101,121,130,44.5985281604161,0.140883243603458,3,3,3
92,101,121,163,54.5890104579478,0.115099820540249,3,3,4.5
92,101,130,142,44.5985281604161,0.140883243603458,3,3,3
92,101,130,163,-243.690889754096,-0.0257834230632086,3,3,3.96862696659689
92,101,130,173,243.690889754096,0.0257834230632086,3,3,3.96862696659689
92,101,142,173,-54.5890104579478,-0.115099820540249,3,3,4.5
92,121,60,62,54.5890104579478,0.115099820540249,3,3,4.5
92,121,60,66,-243.690889754096,-0.0257834230632086,3,3,3.96862696659689
92,121,60,89,44.5985281604161,0.140883243603458,3,3,3
92,121,62,89,243.690889754096,0.0257834230632086,3,3,3.96862696659689
92,121,66,101,243.690889754096,0.0257834230632086,3,3,3.96862696659689
92,121,89,94,243.690889754096,0.0257834230632086,3,3,3.96862696659689
92,121,89,124,44.5985281604161,0.140883243603458,3,3,3
92,121,94,124,54.5890104579478,0.115099820540249,3,3,4.5
92,121,101,130,44.5985281604161,0.140883243603458,3,3,3
92,121,101,142,54.5890104579478,0.115099820540249,3,3,4.5
92,121,124,159,243.690889754096,0.0257834230632086,3,3,3.96862696659689
92,121,130,142,-243.690889754096,-0.0257834230632086,3,3,3.96862696659689
92,121,130,163,44.5985281604161,0.140883243603458,3,3,3
92,121,130,173,243.690889754096,0.0257834230632086,3,3,3.96862696659689
92,121,159,163,-243.690889754096,-0.0257834230632086,3,3,3.96862696659689
92,121,163,173,-54.5890104579478,-0.115099820540249,3,3,4.5
92,130,60,66,243.690889754096,0.0257834230632086,3,3,3.96862696659689
92,130,60,89,243.690889754096,0.0257834230632086,3,3,3.96862696659689
92,130,66,79,54.5890104579478,0.115099820540249,3,3,4.5
92,130,66,101,44.5985281604161,0.140883243603458,3,3,3
92,130,79,101,243.690889754096,0.0257834230632086,3,3,3.96862696659689
92,130,89,121,44.5985281604161,0.140883243603458,3,3,3
92,130,89,124,54.5890104579478,0.115099820540249,3,3,4.5
92,130,101,116,243.690889754096,0.0257834230632086,3,3,3.96862696659689
92,130,101,142,44.5985281604161,0.140883243603458,3,3,3
92,130,116,142,54.5890104579478,0.115099820540249,3,3,4.5
92,130,121,124,-243.690889754096,-0.0257834230632086,3,3,3.96862696659689
92,130,121,159,243.690889754096,0.0257834230632086,3,3,3.96862696659689
92,130,121,163,44.5985281604161,0.140883243603458,3,3,3
92,130,142,173,243.690889754096,0.0257834230632086,3,3,3.96862696659689
92,130,159,163,54.5890104579478,0.115099820540249,3,3,4.5
92,130,163,173,243.690889754096,0.0257834230632086,3,3,3.96862696659689
93,105,42,61,-54.5890104579478,-0.115099820540249,3,3,4.5
93,105,42,70,243.690889754096,0.0257834230632086,3,3,3.96862696659689
93,105,54,70,-243.690889754096,-0.0257834230632086,3,3,3.96862696659689
93,105,54,85,54.5890104579478,0.115099820540249,3,3,4.5
93,105,61,70,44.5985281604161,0.140883243603458,3,3,3
93,105,61,88,-243.690889754096,-0.0257834230632086,3,3,3.96862696659689
93,105,70,85,44.5985281604161,0.140883243603458,3,3,3
93,105,85,125,243.690889754096,0.0257834230632086,3,3,3.96862696659689
93,105,88,123,243.690889754096,0.0257834230632086,3,3,3.96862696659689
93,105,123,131,44.5985281604161,0.140883243603458,3,3,3
93,105,123,165,54.5890104579478,0.115099820540249,3,3,4.5
93,105,125,147,-243.690889754096,-0.0257834230632086,3,3,3.96862696659689
93,105,131,147,44.5985281604161,0.140883243603458,3,3,3
93,105,131,165,-243.690889754096,-0.0257834230632086,3,3,3.96862696659689
93,105,131,179,243.690889754096,0.0257834230632086,3,3,3.96862696659689
93,105,147,179,-54.5890104579478,-0.115099820540249,3,3,4.5
93,123,59,61,-54.5890104579478,-0.115099820540249,3,3,4.5
93,123,59,88,243.690889754096,0.0257834230632086,3,3,3.96862696659689
93,123,61,70,-243.690889754096,-0.0257834230632086,3,3,3.96862696659689
93,123,61,88,44.5985281604161,0.140883243603458,3,3,3
93,123,70,105,243.690889754096,0.0257834230632086,3,3,3.96862696659689
93,123,88,91,243.690889754096,0.0257834230632086,3,3,3.96862696659689
93,123,88,120,44.5985281604161,0.140883243603458,3,3,3
93,123,91,120,54.5890104579478,0.115099820540249,3,3,4.5
93,123,105,131,44.5985281604161,0.140883243603458,3,3,3
93,123,105,147,54.5890104579478,0.115099820540249,3,3,4.5
93,123,120,158,243.690889754096,0.0257834230632086,3,3,3.96862696659689
93,123,131,147,-243.690889754096,-0.0257834230632086,3,3,3.96862696659689
93,123,131,165,44.5985281604161,0.140883243603458,3,3,3
93,123,131,179,243.690889754096,0.0257834230632086,3,3,3.96862696659689
93,123,158,165,-243.690889754096,-0.0257834230632086,3,3,3.96862696659689
93,123,165,179,-54.5890104579478,-0.115099820540249,3,3,4.5
93,131,61,70,243.690889754096,0.0257834230632086,3,3,3.96862696659689
93,131,61,88,243.690889754096,0.0257834230632086,3,3,3.96862696659689
93,131,70,85,54.5890104579478,0.115099820540249,3,3,4.5
93,131,70,105,44.5985281604161,0.140883243603458,3,3,3
93,131,85,105,243.690889754096,0.0257834230632086,3,3,3.96862696659689
93,131,88,120,54.5890104579478,0.115099820540249,3,3,4.5
93,131,88,123,44.5985281604161,0.140883243603458,3,3,3
93,131,105,125,243.690889754096,0.0257834230632086,3,3,3.96862696659689
93,131,105,147,44.5985281604161,0.140883243603458,3,3,3
93,131,120,123,243.690889754096,0.0257834230632086,3,3,3.96862696659689
93,131,123,158,243.690889754096,0.0257834230632086,3,3,3.96862696659689
93,131,123,165,44.5985281604161,0.140883243603458,3,3,3
93,131,125,147,54.5890104579478,0.115099820540249,3,3,4.5
93,131,147,179,243.690889754096,0.0257834230632086,3,3,3.96862696659689
93,131,158,165,54.5890104579478,0.115099820540249,3,3,4.5
93,131,165,179,243.690889754096,0.0257834230632086,3,3,3.96862696659689
94,106,43,62,-54.5890104579478,-0.115099820540249,3,3,4.5
94,106,43,71,243.690889754096,0.0257834230632086,3,3,3.96862696659689
94,106,55,71,-243.690889754096,-0.0257834230632086,3,3,3.96862696659689
94,106,55,86,54.5890104579478,0.115099820540249,3,3,4.5
94,106,62,71,44.5985281604161,0.140883243603458,3,3,3
94,106,62,89,-243.690889754096,-0.0257834230632086,3,3,3.96862696659689
94,106,71,86,44.5985281604161,0.140883243603458,3,3,3
94,106,86,126,243.690889754096,0.0257834230632086,3,3,3.96862696659689
94,106,89,124,243.690889754096,0.0257834230632086,3,3,3.96862696659689
94,106,124,132,44.5985281604161,0.140883243603458,3,3,3
94,106,124,166,54.5890104579478,0.115099820540249,3,3,4.5
94,106,126,148,-243.690889754096,-0.0257834230632086,3,3,3.96862696659689
94,106,132,148,44.5985281604161,0.140883243603458,3,3,3
94,106,132,166,-243.690889754096,-0.0257834230632086,3,3,3.96862696659689
94,106,132,180,243.690889754096,0.0257834230632086,3,3,3.96862696659689
94,106,148,180,-54.5890104579478,-0.115099820540249,3,3,4.5
94,124,60,62,-54.5890104579478,-0.115099820540249,3,3,4.5
94,124,60,89,243.690889754096,0.0257834230632086,3,3,3.96862696659689
94,124,62,71,-243.690889754096,-0.0257834230632086,3,3,3.96862696659689
94,124,62,89,44.5985281604161,0.140883243603458,3,3,3
94,124,71,106,243.690889754096,0.0257834230632086,3,3,3.96862696659689
94,124,89,92,243.690889754096,0.0257834230632086,3,3,3.96862696659689
94,124,89,121,44.5985281604161,0.140883243603458,3,3,3
94,124,92,121,54.5890104579478,0.115099820540249,3,3,4.5
94,124,106,132,44.5985281604161,0.140883243603458,3,3,3
94,124,106,148,54.5890104579478,0.115099820540249,3,3,4.5
94,124,121,159,243.690889754096,0.0257834230632086,3,3,3.96862696659689
94,124,132,148,-243.690889754096,-0.0257834230632086,3,3,3.96862696659689
94,124,132,166,44.5985281604161,0.140883243603458,3,3,3
94,124,132,180,243.690889754096,0.0257834230632086,3,3,3.96862696659689
94,124,159,166,-243.690889754096,-0.0257834230632086,3,3,3.96862696659689
94,124,166,180,-54.5890104579478,-0.115099820540249,3,3,4.5
94,132,62,71,243.690889754096,0.0257834230632086,3,3,3.96862696659689
94,132,62,89,243.690889754096,0.0257834230632086,3,3,3.96862696659689
94,132,71,86,54.5890104579478,0.115099820540249,3,3,4.5
94,132,71,106,44.5985281604161,0.140883243603458,3,3,3
94,132,86,106,243.690889754096,0.0257834230632086,3,3,3.96862696659689
94,132,89,121,54.5890104579478,0.115099820540249,3,3,4.5
94,132,89,124,44.5985281604161,0.140883243603458,3,3,3
94,132,106,126,243.690889754096,0.0257834230632086,3,3,3.96862696659689
94,132,106,148,44.5985281604161,0.140883243603458,3,3,3
94,132,121,124,243.690889754096,0.0257834230632086,3,3,3.96862696659689
94,132,124,159,243.690889754096,0.0257834230632086,3,3,3.96862696659689
94,132,124,166,44.5985281604161,0.140883243603458,3,3,3
94,132,126,148,54.5890104579478,0.115099820540249,3,3,4.5
94,132,148,180,243.690889754096,0.0257834230632086,3,3,3.96862696659689
94,132,159,166,54.5890104579478,0.115099820540249,3,3,4.5
94,132,166,180,243.690889754096,0.0257834230632086,3,3,3.96862696659689
95,117,49,63,-54.5890104579478,-0.115099820540249,3,3,4.5
95,117,49,81,243.690889754096,0.0257834230632086,3,3,3.96862696659689
95,117,63,81,44.5985281604161,0.140883243603458,3,3,3
95,117,63,83,-243.690889754096,-0.0257834230632086,3,3,3.96862696659689
95,117,72,81,-243.690889754096,-0.0257834230632086,3,3,3.96862696659689
95,117,72,104,54.5890104579478,0.115099820540249,3,3,4.5
95,117,81,104,44.5985281604161,0.140883243603458,3,3,3
95,117,83,119,243.690889754096,0.0257834230632086,3,3,3.96862696659689
95,117,104,143,243.690889754096,0.0257834230632086,3,3,3.96862696659689
95,117,119,137,44.5985281604161,0.140883243603458,3,3,3
95,117,119,167,54.5890104579478,0.115099820540249,3,3,4.5
95,117,137,161,44.5985281604161,0.140883243603458,3,3,3
95,117,137,167,-243.690889754096,-0.0257834230632086,3,3,3.96862696659689
95,117,137,185,243.690889754096,0.0257834230632086,3,3,3.96862696659689
95,117,143,161,-243.690889754096,-0.0257834230632086,3,3,3.96862696659689
95,117,161,185,-54.5890104579478,-0.115099820540249,3,3,4.5
95,119,53,63,-54.5890104579478,-0.115099820540249,3,3,4.5
95,119,53,83,243.690889754096,0.0257834230632086,3,3,3.96862696659689
95,119,63,81,-243.690889754096,-0.0257834230632086,3,3,3.96862696659689
95,119,63,83,44.5985281604161,0.140883243603458,3,3,3
95,119,76,83,-243.690889754096,-0.0257834230632086,3,3,3.96862696659689
95,119,76,112,54.5890104579478,0.115099820540249,3,3,4.5
95,119,81,117,243.690889754096,0.0257834230632086,3,3,3.96862696659689
95,119,83,112,44.5985281604161,0.140883243603458,3,3,3
95,119,112,154,243.690889754096,0.0257834230632086,3,3,3.96862696659689
95,119,117,137,44.5985281604161,0.140883243603458,3,3,3
95,119,117,161,54.5890104579478,0.115099820540249,3,3,4.5
95,119,137,161,-243.690889754096,-0.0257834230632086,3,3,3.96862696659689
95,119,137,167,44.5985281604161,0.140883243603458,3,3,3
95,119,137,185,243.690889754096,0.0257834230632086,3,3,3.96862696659689
95,119,154,167,-243.690889754096,-0.0257834230632086,3,3,3.96862696659689
95,119,167,185,-54.5890104579478,-0.115099820540249,3,3,4.5
95,137,63,81,243.690889754096,0.0257834230632086,3,3,3.96862696659689
95,137,63,83,243.690889754096,0.0257834230632086,3,3,3.96862696659689
95,137,81,104,54.5890104579478,0.115099820540249,3,3,4.5
95,137,81,117,44.5985281604161,0.140883243603458,3,3,3
95,137,83,112,54.5890104579478,0.115099820540249,3,3,4.5
95,137,83,119,44.5985281604161,0.140883243603458,3,3,3
95,137,104,117,243.690889754096,0.0257834230632086,3,3,3.96862696659689
95,137,112,119,243.690889754096,0.0257834230632086,3,3,3.96862696659689
95,137,117,143,243.690889754096,0.0257834230632086,3,3,3.96862696659689
95,137,117,161,44.5985281604161,0.140883243603458,3,3,3
95,137,119,154,243.690889754096,0.0257834230632086,3,3,3.96862696659689
95,137,119,167,44.5985281604161,0.140883243603458,3,3,3
95,137,143,161,54.5890104579478,0.115099820540249,3,3,4.5
95,137,154,167,54.5890104579478,0.115099820540249,3,3,4.5
95,137,161,185,243.690889754096,0.0257834230632086,3,3,3.96862696659689
95,137,167,185,243.690889754096,0.0257834230632086,3,3,3.96862696659689
96,118,50,64,-54.5890104579478,-0.115099820540249,3,3,4.5
96,118,50,82,243.690889754096,0.0257834230632086,3,3,3.96862696659689
96,118,64,82,44.5985281604161,0.140883243603458,3,3,3
96,118,64,84,-243.690889754096,-0.0257834230632086,3,3,3.96862696659689
96,118,73,82,-243.690889754096,-0.0257834230632086,3,3,3.96862696659689
96,118,73,107,54.5890104579478,0.115099820540249,3,3,4.5
96,118,82,107,44.5985281604161,0.140883243603458,3,3,3
96,118,84,122,243.690889754096,0.0257834230632086,3,3,3.96862696659689
96,118,107,144,243.690889754096,0.0257834230632086,3,3,3.96862696659689
96,118,122,140,44.5985281604161,0.140883243603458,3,3,3
96,118,122,168,54.5890104579478,0.115099820540249,3,3,4.5
96,118,140,164,44.5985281604161,0.140883243603458,3,3,3
96,118,140,168,-243.690889754096,-0.0257834230632086,3,3,3.96862696659689
96,118,140,186,243.690889754096,0.0257834230632086,3,3,3.96862696659689
96,118,144,164,-243.690889754096,-0.0257834230632086,3,3,3.96862696659689
96,118,164,186,-54.5890104579478,-0.115099820540249,3,3,4.5
96,122,56,64,-54.5890104579478,-0.115099820540249,3,3,4.5
96,122,56,84,243.690889754096,0.0257834230632086,3,3,3.96862696659689
96,122,64,82,-243.690889754096,-0.0257834230632086,3,3,3.96862696659689
96,122,64,84,44.5985281604161,0.140883243603458,3,3,3
96,122,77,84,-243.690889754096,-0.0257834230632086,3,3,3.96862696659689
96,122,77,113,54.5890104579478,0.115099820540249,3,3,4.5
96,122,82,118,243.690889754096,0.0257834230632086,3,3,3.96862696659689
96,122,84,113,44.5985281604161,0.140883243603458,3,3,3
96,122,113,155,243.690889754096,0.0257834230632086,3,3,3.96862696659689
96,122,118,140,44.5985281604161,0.140883243603458,3,3,3
96,122,118,164,54.5890104579478,0.115099820540249,3,3,4.5
96,122,140,164,-243.690889754096,-0.0257834230632086,3,3,3.96862696659689
96,122,140,168,44.5985281604161,0.140883243603458,3,3,3
96,122,140,186,243.690889754096,0.0257834230632086,3,3,3.96862696659689
96,122,155,168,-243.690889754096,-0.0257834230632086,3,3,3.96862696659689
96,122,168,186,-54.5890104579478,-0.115099820540249,3,3,4.5
96,140,64,82,243.690889754096,0.0257834230632086,3,3,3.96862696659689
96,140,64,84,243.690889754096,0.0257834230632086,3,3,3.96862696659689
96,140,82,107,54.5890104579478,0.115099820540249,3,3,4.5
96,140,82,118,44.5985281604161,0.140883243603458,3,3,3
96,140,84,113,54.5890104579478,0.115099820540249,3,3,4.5
96,140,84,122,44.5985281604161,0.140883243603458,3,3,3
96,140,107,118,243.690889754096,0.0257834230632086,3,3,3.96862696659689
96,140,113,122,243.690889754096,0.0257834230632086,3,3,3.96862696659689
96,140,118,144,243.690889754096,0.0257834230632086,3,3,3.96862696659689
96,140,118,164,44.5985281604161,0.140883243603458,3,3,3
96,140,122,155,243.690889754096,0.0257834230632086,3,3,3.96862696659689
96,140,122,168,44.5985281604161,0.140883243603458,3,3,3
96,140,144,164,54.5890104579478,0.115099820540249,3,3,4.5
96,140,155,168,54.5890104579478,0.115099820540249,3,3,4.5
96,140,164,186,243.690889754096,0.0257834230632086,3,3,3.96862696659689
96,140,168,186,243.690889754096,0.0257834230632086,3,3,3.96862696659689
97,99,44,67,243.690889754096,0.0257834230632086,3,3,3.96862696659689
97,99,44,72,-54.5890104579478,-0.115099820540249,3,3,4.5
97,99,46,67,-243.690889754096,-0.0257834230632086,3,3,3.96862696659689
97,99,46,74,54.5890104579478,0.115099820540249,3,3,4.5
97,99,67,72,-44.5985281604161,-0.140883243603458,3,3,3
97,99,67,74,44.5985281604161,0.140883243603458,3,3,3
97,99,72,104,-243.690889754096,-0.0257834230632086,3,3,3.96862696659689
97,99,74,108,243.690889754096,0.0257834230632086,3,3,3.96862696659689
97,99,104,135,243.690889754096,0.0257834230632086,3,3,3.96862696659689
97,99,108,138,-243.690889754096,-0.0257834230632086,3,3,3.96862696659689
97,99,133,135,-44.5985281604161,-0.140883243603458,3,3,3
97,99,133,138,44.5985281604161,0.140883243603458,3,3,3
97,99,133,175,-243.690889754096,-0.0257834230632086,3,3,3.96862696659689
97,99,133,177,243.690889754096,0.0257834230632086,3,3,3.96862696659689
97,99,135,175,54.5890104579478,0.115099820540249,3,3,4.5
97,99,138,177,-54.5890104579478,-0.115099820540249,3,3,4.5
97,104,44,67,-54.5890104579478,-0.115099820540249,3,3,4.5
97,104,44,72,243.690889754096,0.0257834230632086,3,3,3.96862696659689
97,104,49,72,-243.690889754096,-0.0257834230632086,3,3,3.96862696659689
97,104,49,81,54.5890104579478,0.115099820540249,3,3,4.5
97,104,67,72,44.5985281604161,0.140883243603458,3,3,3
97,104,67,99,-243.690889754096,-0.0257834230632086,3,3,3.96862696659689
97,104,72,81,44.5985281604161,0.140883243603458,3,3,3
97,104,81,117,243.690889754096,0.0257834230632086,3,3,3.96862696659689
97,104,99,133,243.690889754096,0.0257834230632086,3,3,3.96862696659689
97,104,117,143,-243.690889754096,-0.0257834230632086,3,3,3.96862696659689
97,104,133,135,44.5985281604161,0.140883243603458,3,3,3
97,104,133,175,54.5890104579478,0.115099820540249,3,3,4.5
97,104,135,143,44.5985281604161,0.140883243603458,3,3,3
97,104,135,175,-243.690889754096,-0.0257834230632086,3,3,3.96862696659689
97,104,135,181,243.690889754096,0.0257834230632086,3,3,3.96862696659689
97,104,143,181,-54.5890104579478,-0.115099820540249,3,3,4.5
97,133,67,72,-243.690889754096,-0.0257834230632086,3,3,3.96862696659689
97,133,67,74,54.5890104579478,0.115099820540249,3,3,4.5
97,133,67,99,44.5985281604161,0.140883243603458,3,3,3
97,133,72,104,243.690889754096,0.0257834230632086,3,3,3.96862696659689
97,133,74,99,243.690889754096,0.0257834230632086,3,3,3.96862696659689
97,133,99,108,243.690889754096,0.0257834230632086,3,3,3.96862696659689
97,133,99,138,44.5985281604161,0.140883243603458,3,3,3
97,133,104,135,44.5985281604161,0.140883243603458,3,3,3
97,133,104,143,54.5890104579478,0.115099820540249,3,3,4.5
97,133,108,138,54.5890104579478,0.115099820540249,3,3,4.5
97,133,135,143,-243.690889754096,-0.0257834230632086,3,3,3.96862696659689
97,133,135,175,44.5985281604161,0.140883243603458,3,3,3
97,133,135,181,243.690889754096,0.0257834230632086,3,3,3.96862696659689
97,133,138,177,243.690889754096,0.0257834230632086,3,3,3.96862696659689
97,133,175,177,243.690889754096,0.0257834230632086,3,3,3.96862696659689
97,133,175,181,-54.5890104579478,-0.115099820540249,3,3,4.5
97,135,67,72,243.690889754096,0.0257834230632086,3,3,3.96862696659689
97,135,67,99,243.690889754096,0.0257834230632086,3,3,3.96862696659689
97,135,72,81,54.5890104579478,0.115099820540249,3,3,4.5
97,135,72,104,44.5985281604161,0.140883243603458,3,3,3
97,135,81,104,243.690889754096,0.0257834230632086,3,3,3.96862696659689
97,135,99,133,44.5985281604161,0.140883243603458,3,3,3
97,135,99,138,54.5890104579478,0.115099820540249,3,3,4.5
97,135,104,117,243.690889754096,0.0257834230632086,3,3,3.96862696659689
97,135,104,143,44.5985281604161,0.140883243603458,3,3,3
97,135,117,143,54.5890104579478,0.115099820540249,3,3,4.5
97,135,133,138,-243.690889754096,-0.0257834230632086,3,3,3.96862696659689
97,135,133,175,44.5985281604161,0.140883243603458,3,3,3
97,135,133,177,243.690889754096,0.0257834230632086,3,3,3.96862696659689
97,135,143,181,243.690889754096,0.0257834230632086,3,3,3.96862696659689
97,135,175,177,-54.5890104579478,-0.115099820540249,3,3,4.5
97,135,175,181,243.690889754096,0.0257834230632086,3,3,3.96862696659689
98,102,45,68,243.690889754096,0.0257834230632086,3,3,3.96862696659689
98,102,45,73,-54.5890104579478,-0.115099820540249,3,3,4.5
98,102,47,68,-243.690889754096,-0.0257834230632086,3,3,3.96862696659689
98,102,47,75,54.5890104579478,0.115099820540249,3,3,4.5
98,102,68,73,-44.5985281604161,-0.140883243603458,3,3,3
98,102,68,75,44.5985281604161,0.140883243603458,3,3,3
98,102,73,107,-243.690889754096,-0.0257834230632086,3,3,3.96862696659689
98,102,75,109,243.690889754096,0.0257834230632086,3,3,3.96862696659689
98,102,107,136,243.690889754096,0.0257834230632086,3,3,3.96862696659689
98,102,109,139,-243.690889754096,-0.0257834230632086,3,3,3.96862696659689
98,102,134,136,-44.5985281604161,-0.140883243603458,3,3,3
98,102,134,139,44.5985281604161,0.140883243603458,3,3,3
98,102,134,176,-243.690889754096,-0.0257834230632086,3,3,3.96862696659689
98,102,134,178,243.690889754096,0.0257834230632086,3,3,3.96862696659689
98,102,136,176,54.5890104579478,0.115099820540249,3,3,4.5
98,102,139,178,-54.5890104579478,-0.115099820540249,3,3,4.5
98,107,45,68,-54.5890104579478,-0.115099820540249,3,3,4.5
98,107,45,73,243.690889754096,0.0257834230632086,3,3,3.96862696659689
98,107,50,73,-243.690889754096,-0.0257834230632086,3,3,3.96862696659689
98,107,50,82,54.5890104579478,0.115099820540249,3,3,4.5
98,107,68,73,44.5985281604161,0.140883243603458,3,3,3
98,107,68,102,-243.690889754096,-0.0257834230632086,3,3,3.96862696659689
98,107,73,82,44.5985281604161,0.140883243603458,3,3,3
98,107,82,118,243.690889754096,0.0257834230632086,3,3,3.96862696659689
98,107,102,134,243.690889754096,0.0257834230632086,3,3,3.96862696659689
98,107,118,144,-243.690889754096,-0.0257834230632086,3,3,3.96862696659689
98,107,134,136,44.5985281604161,0.140883243603458,3,3,3
98,107,134,176,54.5890104579478,0.115099820540249,3,3,4.5
98,107,136,144,44.5985281604161,0.140883243603458,3,3,3
98,107,136,176,-243.690889754096,-0.0257834230632086,3,3,3.96862696659689
98,107,136,182,243.690889754096,0.0257834230632086,3,3,3.96862696659689
98,107,144,182,-54.5890104579478,-0.115099820540249,3,3,4.5
98,134,68,73,-243.690889754096,-0.0257834230632086,3,3,3.96862696659689
98,134,68,75,54.5890104579478,0.115099820540249,3,3,4.5
98,134,68,102,44.5985281604161,0.140883243603458,3,3,3
98,134,73,107,243.690889754096,0.0257834230632086,3,3,3.96862696659689
98,134,75,102,243.690889754096,0.0257834230632086,3,3,3.96862696659689
98,134,102,109,243.690889754096,0.0257834230632086,3,3,3.96862696659689
98,134,102,139,44.5985281604161,0.140883243603458,3,3,3
98,134,107,136,44.5985281604161,0.140883243603458,3,3,3
98,134,107,144,54.5890104579478,0.115099820540249,3,3,4.5
98,134,109,139,54.5890104579478,0.115099820540249,3,3,4.5
98,134,136,144,-243.690889754096,-0.0257834230632086,3,3,3.96862696659689
98,134,136,176,44.5985281604161,0.140883243603458,3,3,3
98,134,136,182,243.690889754096,0.0257834230632086,3,3,3.96862696659689
98,134,139,178,243.690889754096,0.0257834230632086,3,3,3.96862696659689
98,134,176,178,243.690889754096,0.0257834230632086,3,3,3.96862696659689
98,134,176,182,-54.5890104579478,-0.115099820540249,3,3,4.5
98,136,68,73,243.690889754096,0.0257834230632086,3,3,3.96862696659689
98,136,68,102,243.690889754096,0.0257834230632086,3,3,3.96862696659689
98,136,73,82,54.5890104579478,0.115099820540249,3,3,4.5
98,136,73,107,44.5985281604161,0.140883243603458,3,3,3
98,136,82,107,243.690889754096,0.0257834230632086,3,3,3.96862696659689
98,136,102,134,44.5985281604161,0.140883243603458,3,3,3
98,136,102,139,54.5890104579478,0.115099820540249,3,3,4.5
98,136,107,118,243.690889754096,0.0257834230632086,3,3,3.96862696659689
98,136,107,144,44.5985281604161,0.140883243603458,3,3,3
98,136,118,144,54.5890104579478,0.115099820540249,3,3,4.5
98,136,134,139,-243.690889754096,-0.0257834230632086,3,3,3.96862696659689
98,136,134,176,44.5985281604161,0.140883243603458,3,3,3
98,136,134,178,243.690889754096,0.0257834230632086,3,3,3.96862696659689
98,136,144,182,243.690889754096,0.0257834230632086,3,3,3.96862696659689
98,136,176,178,-54.5890104579478,-0.115099820540249,3,3,4.5
98,136,176,182,243.690889754096,0.0257834230632086,3,3,3.96862696659689
99,108,46,67,-54.5890104579478,-0.115099820540249,3,3,4.5
99,108,46,74,243.690889754096,0.0257834230632086,3,3,3.96862696659689
99,108,54,74,-243.690889754096,-0.0257834230632086,3,3,3.96862696659689
99,108,54,85,54.5890104579478,0.115099820540249,3,3,4.5
99,108,67,74,44.5985281604161,0.140883243603458,3,3,3
99,108,67,97,-243.690889754096,-0.0257834230632086,3,3,3.96862696659689
99,108,74,85,44.5985281604161,0.140883243603458,3,3,3
99,108,85,125,243.690889754096,0.0257834230632086,3,3,3.96862696659689
99,108,97,133,243.690889754096,0.0257834230632086,3,3,3.96862696659689
99,108,125,152,-243.690889754096,-0.0257834230632086,3,3,3.96862696659689
99,108,133,138,44.5985281604161,0.140883243603458,3,3,3
99,108,133,177,54.5890104579478,0.115099820540249,3,3,4.5
99,108,138,152,44.5985281604161,0.140883243603458,3,3,3
99,108,138,177,-243.690889754096,-0.0257834230632086,3,3,3.96862696659689
99,108,138,183,243.690889754096,0.0257834230632086,3,3,3.96862696659689
99,108,152,183,-54.5890104579478,-0.115099820540249,3,3,4.5
99,133,67,72,54.5890104579478,0.115099820540249,3,3,4.5
99,133,67,74,-243.690889754096,-0.0257834230632086,3,3,3.96862696659689
99,133,67,97,44.5985281604161,0.140883243603458,3,3,3
99,133,72,97,243.690889754096,0.0257834230632086,3,3,3.96862696659689
99,133,74,108,243.690889754096,0.0257834230632086,3,3,3.96862696659689
99,133,97,104,243.690889754096,0.0257834230632086,3,3,3.96862696659689
99,133,97,135,44.5985281604161,0.140883243603458,3,3,3
99,133,104,135,54.5890104579478,0.115099820540249,3,3,4.5
99,133,108,138,44.5985281604161,0.140883243603458,3,3,3
99,133,108,152,54.5890104579478,0.115099820540249,3,3,4.5
99,133,135,175,243.690889754096,0.0257834230632086,3,3,3.96862696659689
99,133,138,152,-243.690889754096,-0.0257834230632086,3,3,3.96862696659689
99,133,138,177,44.5985281604161,0.140883243603458,3,3,3
99,133,138,183,243.690889754096,0.0257834230632086,3,3,3.96862696659689
99,133,175,177,-243.690889754096,-0.0257834230632086,3,3,3.96862696659689
99,133,177,183,-54.5890104579478,-0.115099820540249,3,3,4.5
99,138,67,74,243.690889754096,0.0257834230632086,3,3,3.96862696659689
99,138,67,97,243.690889754096,0.0257834230632086,3,3,3.96862696659689
99,138,74,85,54.5890104579478,0.115099820540249,3,3,4.5
99,138,74,108,44.5985281604161,0.140883243603458,3,3,3
99,138,85,108,243.690889754096,0.0257834230632086,3,3,3.96862696659689
99,138,97,133,44.5985281604161,0.140883243603458,3,3,3
99,138,97,135,54.5890104579478,0.115099820540249,3,3,4.5
99,138,108,125,243.690889754096,0.0257834230632086,3,3,3.96862696659689
99,138,108,152,44.5985281604161,0.140883243603458,3,3,3
99,138,125,152,54.5890104579478,0.115099820540249,3,3,4.5
99,138,133,135,-243.690889754096,-0.0257834230632086,3,3,3.96862696659689
99,138,133,175,243.690889754096,0.0257834230632086,3,3,3.96862696659689
99,138,133,177,44.5985281604161,0.140883243603458,3,3,3
99,138,152,183,243.690889754096,0.0257834230632086,3,3,3.96862696659689
99,138,175,177,54.5890104579478,0.115099820540249,3,3,4.5
99,138,177,183,243.690889754096,0.0257834230632086,3,3,3.96862696659689
100,116,48,65,-54.5890104579478,-0.115099820540249,3,3,4.5
100,116,48,79,243.690889754096,0.0257834230632086,3,3,3.96862696659689
100,116,65,79,44.5985281604161,0.140883243603458,3,3,3
100,116,65,91,-243.690889754096,-0.0257834230632086,3,3,3.96862696659689
100,116,66,79,-243.690889754096,-0.0257834230632086,3,3,3.96862696659689
100,116,66,101,54.5890104579478,0.115099820540249,3,3,4.5
100,116,79,101,44.5985281604161,0.140883243603458,3,3,3
100,116,91,129,243.690889754096,0.0257834230632086,3,3,3.96862696659689
100,116,101,142,243.690889754096,0.0257834230632086,3,3,3.96862696659689
100,116,129,141,44.5985281604161,0.140883243603458,3,3,3
100,116,129,172,54.5890104579478,0.115099820540249,3,3,4.5
100,116,141,160,44.5985281604161,0.140883243603458,3,3,3
100,116,141,172,-243.690889754096,-0.0257834230632086,3,3,3.96862696659689
100,116,141,188,243.690889754096,0.0257834230632086,3,3,3.96862696659689
100,116,142,160,-243.690889754096,-0.0257834230632086,3,3,3.96862696659689
100,116,160,188,-54.5890104579478,-0.115099820540249,3,3,4.5
100,129,59,65,-54.5890104579478,-0.115099820540249,3,3,4.5
100,129,59,91,243.690889754096,0.0257834230632086,3,3,3.96862696659689
100,129,65,79,-243.690889754096,-0.0257834230632086,3,3,3.96862696659689
100,129,65,91,44.5985281604161,0.140883243603458,3,3,3
100,129,79,116,243.690889754096,0.0257834230632086,3,3,3.96862696659689
100,129,88,91,-243.690889754096,-0.0257834230632086,3,3,3.96862696659689
100,129,88,120,54.5890104579478,0.115099820540249,3,3,4.5
100,129,91,120,44.5985281604161,0.140883243603458,3,3,3
100,129,116,141,44.5985281604161,0.140883243603458,3,3,3
100,129,116,160,54.5890104579478,0.115099820540249,3,3,4.5
100,129,120,162,243.690889754096,0.0257834230632086,3,3,3.96862696659689
100,129,141,160,-243.690889754096,-0.0257834230632086,3,3,3.96862696659689
100,129,141,172,44.5985281604161,0.140883243603458,3,3,3
100,129,141,188,243.690889754096,0.0257834230632086,3,3,3.96862696659689
100,129,162,172,-243.690889754096,-0.0257834230632086,3,3,3.96862696659689
100,129,172,188,-54.5890104579478,-0.115099820540249,3,3,4.5
100,141,65,79,243.690889754096,0.0257834230632086,3,3,3.96862696659689
100,141,65,91,243.690889754096,0.0257834230632086,3,3,3.96862696659689
100,141,79,101,54.5890104579478,0.115099820540249,3,3,4.5
100,141,79,116,44.5985281604161,0.140883243603458,3,3,3
100,141,91,120,54.5890104579478,0.115099820540249,3,3,4.5
100,141,91,129,44.5985281604161,0.140883243603458,3,3,3
100,141,101,116,243.690889754096,0.0257834230632086,3,3,3.96862696659689
100,141,116,142,243.690889754096,0.0257834230632086,3,3,3.96862696659689
100,141,116,160,44.5985281604161,0.140883243603458,3,3,3
100,141,120,129,243.690889754096,0.0257834230632086,3,3,3.96862696659689
100,141,129,162,243.690889754096,0.0257834230632086,3,3,3.96862696659689
100,141,129,172,44.5985281604161,0.140883243603458,3,3,3
100,141,142,160,54.5890104579478,0.115099820540249,3,3,4.5
100,141,160,188,243.690889754096,0.0257834230632086,3,3,3.96862696659689
100,141,162,172,54.5890104579478,0.115099820540249,3,3,4.5
100,141,172,188,243.690889754096,0.0257834230632086,3,3,3.96862696659689
101,116,48,66,-54.5890104579478,-0.115099820540249,3,3,4.5
101,116,48,79,243.690889754096,0.0257834230632086,3,3,3.96862696659689
101,116,65,79,-243.690889754096,-0.0257834230632086,3,3,3.96862696659689
101,116,65,100,54.5890104579478,0.115099820540249,3,3,4.5
101,116,66,79,44.5985281604161,0.140883243603458,3,3,3
101,116,66,92,-243.690889754096,-0.0257834230632086,3,3,3.96862696659689
101,116,79,100,44.5985281604161,0.140883243603458,3,3,3
101,116,92,130,243.690889754096,0.0257834230632086,3,3,3.96862696659689
101,116,100,141,243.690889754096,0.0257834230632086,3,3,3.96862696659689
101,116,130,142,44.5985281604161,0.140883243603458,3,3,3
101,116,130,173,54.5890104579478,0.115099820540249,3,3,4.5
101,116,141,160,-243.690889754096,-0.0257834230632086,3,3,3.96862696659689
101,116,142,160,44.5985281604161,0.140883243603458,3,3,3
101,116,142,173,-243.690889754096,-0.0257834230632086,3,3,3.96862696659689
101,116,142,189,243.690889754096,0.0257834230632086,3,3,3.96862696659689
101,116,160,189,-54.5890104579478,-0.115099820540249,3,3,4.5
101,130,60,66,-54.5890104579478,-0.115099820540249,3,3,4.5
101,130,60,92,243.690889754096,0.0257834230632086,3,3,3.96862696659689
101,130,66,79,-243.690889754096,-0.0257834230632086,3,3,3.96862696659689
101,130,66,92,44.5985281604161,0.140883243603458,3,3,3
101,130,79,116,243.690889754096,0.0257834230632086,3,3,3.96862696659689
101,130,89,92,-243.690889754096,-0.0257834230632086,3,3,3.96862696659689
101,130,89,121,54.5890104579478,0.115099820540249,3,3,4.5
101,130,92,121,44.5985281604161,0.140883243603458,3,3,3
101,130,116,142,44.5985281604161,0.140883243603458,3,3,3
101,130,116,160,54.5890104579478,0.115099820540249,3,3,4.5
101,130,121,163,243.690889754096,0.0257834230632086,3,3,3.96862696659689
101,130,142,160,-243.690889754096,-0.0257834230632086,3,3,3.96862696659689
101,130,142,173,44.5985281604161,0.140883243603458,3,3,3
101,130,142,189,243.690889754096,0.0257834230632086,3,3,3.96862696659689
101,130,163,173,-243.690889754096,-0.0257834230632086,3,3,3.96862696659689
101,130,173,189,-54.5890104579478,-0.115099820540249,3,3,4.5
101,142,66,79,243.690889754096,0.0257834230632086,3,3,3.96862696659689
101,142,66,92,243.690889754096,0.0257834230632086,3,3,3.96862696659689
101,142,79,100,54.5890104579478,0.115099820540249,3,3,4.5
101,142,79,116,44.5985281604161,0.140883243603458,3,3,3
101,142,92,121,54.5890104579478,0.115099820540249,3,3,4.5
101,142,92,130,44.5985281604161,0.140883243603458,3,3,3
101,142,100,116,243.690889754096,0.0257834230632086,3,3,3.96862696659689
101,142,116,141,243.690889754096,0.0257834230632086,3,3,3.96862696659689
101,142,116,160,44.5985281604161,0.140883243603458,3,3,3
101,142,121,130,243.690889754096,0.0257834230632086,3,3,3.96862696659689
101,142,130,163,243.690889754096,0.0257834230632086,3,3,3.96862696659689
101,142,130,173,44.5985281604161,0.140883243603458,3,3,3
101,142,141,160,54.5890104579478,0.115099820540249,3,3,4.5
101,142,160,189,243.690889754096,0.0257834230632086,3,3,3.96862696659689
101,142,163,173,54.5890104579478,0.115099820540249,3,3,4.5
101,142,173,189,243.690889754096,0.0257834230632086,3,3,3.96862696659689
102,109,47,68,-54.5890104579478,-0.115099820540249,3,3,4.5
102,109,47,75,243.690889754096,0.0257834230632086,3,3,3.96862696659689
102,109,55,75,-243.690889754096,-0.0257834230632086,3,3,3.96862696659689
102,109,55,86,54.5890104579478,0.115099820540249,3,3,4.5
102,109,68,75,44.5985281604161,0.140883243603458,3,3,3
102,109,68,98,-243.690889754096,-0.0257834230632086,3,3,3.96862696659689
102,109,75,86,44.5985281604161,0.140883243603458,3,3,3
102,109,86,126,243.690889754096,0.0257834230632086,3,3,3.96862696659689
102,109,98,134,243.690889754096,0.0257834230632086,3,3,3.96862696659689
102,109,126,153,-243.690889754096,-0.0257834230632086,3,3,3.96862696659689
102,109,134,139,44.5985281604161,0.140883243603458,3,3,3
102,109,134,178,54.5890104579478,0.115099820540249,3,3,4.5
102,109,139,153,44.5985281604161,0.140883243603458,3,3,3
102,109,139,178,-243.690889754096,-0.0257834230632086,3,3,3.96862696659689
102,109,139,184,243.690889754096,0.0257834230632086,3,3,3.96862696659689
102,109,153,184,-54.5890104579478,-0.115099820540249,3,3,4.5
102,134,68,73,54.5890104579478,0.115099820540249,3,3,4.5
102,134,68,75,-243.690889754096,-0.0257834230632086,3,3,3.96862696659689
102,134,68,98,44.5985281604161,0.140883243603458,3,3,3
102,134,73,98,243.690889754096,0.0257834230632086,3,3,3.96862696659689
102,134,75,109,243.690889754096,0.0257834230632086,3,3,3.96862696659689
102,134,98,107,243.690889754096,0.0257834230632086,3,3,3.96862696659689
102,134,98,136,44.5985281604161,0.140883243603458,3,3,3
102,134,107,136,54.5890104579478,0.115099820540249,3,3,4.5
102,134,109,139,44.5985281604161,0.140883243603458,3,3,3
102,134,109,153,54.5890104579478,0.115099820540249,3,3,4.5
102,134,136,176,243.690889754096,0.0257834230632086,3,3,3.96862696659689
102,134,139,153,-243.690889754096,-0.0257834230632086,3,3,3.96862696659689
102,134,139,178,44.5985281604161,0.140883243603458,3,3,3
102,134,139,184,243.690889754096,0.0257834230632086,3,3,3.96862696659689
102,134,176,178,-243.690889754096,-0.0257834230632086,3,3,3.96862696659689
102,134,178,184,-54.5890104579478,-0.115099820540249,3,3,4.5
102,139,68,75,243.690889754096,0.0257834230632086,3,3,3.96862696659689
102,139,68,98,243.690889754096,0.0257834230632086,3,3,3.96862696659689
102,139,75,86,54.5890104579478,0.115099820540249,3,3,4.5
102,139,75,109,44.5985281604161,0.140883243603458,3,3,3
102,139,86,109,243.690889754096,0.0257834230632086,3,3,3.96862696659689
102,139,98,134,44.5985281604161,0.140883243603458,3,3,3
102,139,98,136,54.5890104579478,0.115099820540249,3,3,4.5
102,139,109,126,243.690889754096,0.0257834230632086,3,3,3.96862696659689
102,139,109,153,44.5985281604161,0.140883243603458,3,3,3
102,139,126,153,54.5890104579478,0.115099820540249,3,3,4.5
102,139,134,136,-243.690889754096,-0.0257834230632086,3,3,3.96862696659689
102,139,134,176,243.690889754096,0.0257834230632086,3,3,3.96862696659689
102,139,134,178,44.5985281604161,0.140883243603458,3,3,3
102,139,153,184,243.690889754096,0.0257834230632086,3,3,3.96862696659689
102,139,176,178,54.5890104579478,0.115099820540249,3,3,4.5
102,139,178,184,243.690889754096,0.0257834230632086,3,3,3.96862696659689
103,127,57,69,-54.5890104579478,-0.115099820540249,3,3,4.5
103,127,57,87,243.690889754096,0.0257834230632086,3,3,3.96862696659689
103,127,69,87,44.5985281604161,0.140883243603458,3,3,3
103,127,69,90,-243.690889754096,-0.0257834230632086,3,3,3.96862696659689
103,127,78,87,-243.690889754096,-0.0257834230632086,3,3,3.96862696659689
103,127,78,114,54.5890104579478,0.115099820540249,3,3,4.5
103,127,87,114,44.5985281604161,0.140883243603458,3,3,3
103,127,90,128,243.690889754096,0.0257834230632086,3,3,3.96862696659689
103,127,114,156,243.690889754096,0.0257834230632086,3,3,3.96862696659689
103,127,128,145,44.5985281604161,0.140883243603458,3,3,3
103,127,128,174,54.5890104579478,0.115099820540249,3,3,4.5
103,127,145,171,44.5985281604161,0.140883243603458,3,3,3
103,127,145,174,-243.690889754096,-0.0257834230632086,3,3,3.96862696659689
103,127,145,197,243.690889754096,0.0257834230632086,3,3,3.96862696659689
103,127,156,171,-243.690889754096,-0.0257834230632086,3,3,3.96862696659689
103,127,171,197,-54.5890104579478,-0.115099820540249,3,3,4.5
103,128,58,69,-54.5890104579478,-0.115099820540249,3,3,4.5
103,128,58,90,243.690889754096,0.0257834230632086,3,3,3.96862696659689
103,128,69,87,-243.690889754096,-0.0257834230632086,3,3,3.96862696659689
103,128,69,90,44.5985281604161,0.140883243603458,3,3,3
103,128,80,90,-243.690889754096,-0.0257834230632086,3,3,3.96862696659689
103,128,80,115,54.5890104579478,0.115099820540249,3,3,4.5
103,128,87,127,243.690889754096,0.0257834230632086,3,3,3.96862696659689
103,128,90,115,44.5985281604161,0.140883243603458,3,3,3
103,128,115,157,243.690889754096,0.0257834230632086,3,3,3.96862696659689
103,128,127,145,44.5985281604161,0.140883243603458,3,3,3
103,128,127,171,54.5890104579478,0.115099820540249,3,3,4.5
103,128,145,171,-243.690889754096,-0.0257834230632086,3,3,3.96862696659689
103,128,145,174,44.5985281604161,0.140883243603458,3,3,3
103,128,145,197,243.690889754096,0.0257834230632086,3,3,3.96862696659689
103,128,157,174,-243.690889754096,-0.0257834230632086,3,3,3.96862696659689
103,128,174,197,-54.5890104579478,-0.115099820540249,3,3,4.5
103,145,69,87,243.690889754096,0.0257834230632086,3,3,3.96862696659689
103,145,69,90,243.690889754096,0.0257834230632086,3,3,3.96862696659689
103,145,87,114,54.5890104579478,0.115099820540249,3,3,4.5
103,145,87,127,44.5985281604161,0.140883243603458,3,3,3
103,145,90,115,54.5890104579478,0.115099820540249,3,3,4.5
103,145,90,128,44.5985281604161,0.140883243603458,3,3,3
103,145,114,127,243.690889754096,0.0257834230632086,3,3,3.96862696659689
103,145,115,128,243.690889754096,0.0257834230632086,3,3,3.96862696659689
103,145,127,156,243.690889754096,0.0257834230632086,3,3,3.96862696659689
103,145,127,171,44.5985281604161,0.140883243603458,3,3,3
103,145,128,157,243.690889754096,0.0257834230632086,3,3,3.96862696659689
103,145,128,174,44.5985281604161,0.140883243603458,3,3,3
103,145,156,171,54.5890104579478,0.115099820540249,3,3,4.5
103,145,157,174,54.5890104579478,0.115099820540249,3,3,4.5
103,145,171,197,243.690889754096,0.0257834230632086,3,3,3.96862696659689
103,145,174,197,243.690889754096,0.0257834230632086,3,3,3.96862696659689
104,117,49,72,-54.5890104579478,-0.115099820540249,3,3,4.5
104,117,49,81,243.690889754096,0.0257834230632086,3,3,3.96862696659689
104,117,63,81,-243.690889754096,-0.0257834230632086,3,3,3.96862696659689
104,117,63,95,54.5890104579478,0.115099820540249,3,3,4.5
104,117,72,81,44.5985281604161,0.140883243603458,3,3,3
104,117,72,97,-243.690889754096,-0.0257834230632086,3,3,3.96862696659689
104,117,81,95,44.5985281604161,0.140883243603458,3,3,3
104,117,95,137,243.690889754096,0.0257834230632086,3,3,3.96862696659689
104,117,97,135,243.690889754096,0.0257834230632086,3,3,3.96862696659689
104,117,135,143,44.5985281604161,0.140883243603458,3,3,3
104,117,135,181,54.5890104579478,0.115099820540249,3,3,4.5
104,117,137,161,-243.690889754096,-0.0257834230632086,3,3,3.96862696659689
104,117,143,161,44.5985281604161,0.140883243603458,3,3,3
104,117,143,181,-243.690889754096,-0.0257834230632086,3,3,3.96862696659689
104,117,143,194,243.690889754096,0.0257834230632086,3,3,3.96862696659689
104,117,161,194,-54.5890104579478,-0.115099820540249,3,3,4.5
104,135,67,72,-54.5890104579478,-0.115099820540249,3,3,4.5
104,135,67,97,243.690889754096,0.0257834230632086,3,3,3.96862696659689
104,135,72,81,-243.690889754096,-0.0257834230632086,3,3,3.96862696659689
104,135,72,97,44.5985281604161,0.140883243603458,3,3,3
104,135,81,117,243.690889754096,0.0257834230632086,3,3,3.96862696659689
104,135,97,99,243.690889754096,0.0257834230632086,3,3,3.96862696659689
104,135,97,133,44.5985281604161,0.140883243603458,3,3,3
104,135,99,133,54.5890104579478,0.115099820540249,3,3,4.5
104,135,117,143,44.5985281604161,0.140883243603458,3,3,3
104,135,117,161,54.5890104579478,0.115099820540249,3,3,4.5
104,135,133,175,243.690889754096,0.0257834230632086,3,3,3.96862696659689
104,135,143,161,-243.690889754096,-0.0257834230632086,3,3,3.96862696659689
104,135,143,181,44.5985281604161,0.140883243603458,3,3,3
104,135,143,194,243.690889754096,0.0257834230632086,3,3,3.96862696659689
104,135,175,181,-243.690889754096,-0.0257834230632086,3,3,3.96862696659689
104,135,181,194,-54.5890104579478,-0.115099820540249,3,3,4.5
104,143,72,81,243.690889754096,0.0257834230632086,3,3,3.96862696659689
104,143,72,97,243.690889754096,0.0257834230632086,3,3,3.96862696659689
104,143,81,95,54.5890104579478,0.115099820540249,3,3,4.5
104,143,81,117,44.5985281604161,0.140883243603458,3,3,3
104,143,95,117,243.690889754096,0.0257834230632086,3,3,3.96862696659689
104,143,97,133,54.5890104579478,0.115099820540249,3,3,4.5
104,143,97,135,44.5985281604161,0.140883243603458,3,3,3
104,143,117,137,243.690889754096,0.0257834230632086,3,3,3.96862696659689
104,143,117,161,44.5985281604161,0.140883243603458,3,3,3
104,143,133,135,243.690889754096,0.0257834230632086,3,3,3.96862696659689
104,143,135,175,243.690889754096,0.0257834230632086,3,3,3.96862696659689
104,143,135,181,44.5985281604161,0.140883243603458,3,3,3
104,143,137,161,54.5890104579478,0.115099820540249,3,3,4.5
104,143,161,194,243.690889754096,0.0257834230632086,3,3,3.96862696659689
104,143,175,181,54.5890104579478,0.115099820540249,3,3,4.5
104,143,181,194,243.690889754096,0.0257834230632086,3,3,3.96862696659689
105,125,54,70,-54.5890104579478,-0.115099820540249,3,3,4.5
105,125,54,85,243.690889754096,0.0257834230632086,3,3,3.96862696659689
105,125,70,85,44.5985281604161,0.140883243603458,3,3,3
105,125,70,93,-243.690889754096,-0.0257834230632086,3,3,3.96862696659689
105,125,74,85,-243.690889754096,-0.0257834230632086,3,3,3.96862696659689
105,125,74,108,54.5890104579478,0.115099820540249,3,3,4.5
105,125,85,108,44.5985281604161,0.140883243603458,3,3,3
105,125,93,131,243.690889754096,0.0257834230632086,3,3,3.96862696659689
105,125,108,152,243.690889754096,0.0257834230632086,3,3,3.96862696659689
105,125,131,147,44.5985281604161,0.140883243603458,3,3,3
105,125,131,179,54.5890104579478,0.115099820540249,3,3,4.5
105,125,147,169,44.5985281604161,0.140883243603458,3,3,3
105,125,147,179,-243.690889754096,-0.0257834230632086,3,3,3.96862696659689
105,125,147,198,243.690889754096,0.0257834230632086,3,3,3.96862696659689
105,125,152,169,-243.690889754096,-0.0257834230632086,3,3,3.96862696659689
105,125,169,198,-54.5890104579478,-0.115099820540249,3,3,4.5
105,131,61,70,-54.5890104579478,-0.115099820540249,3,3,4.5
105,131,61,93,243.690889754096,0.0257834230632086,3,3,3.96862696659689
105,131,70,85,-243.690889754096,-0.0257834230632086,3,3,3.96862696659689
105,131,70,93,44.5985281604161,0.140883243603458,3,3,3
105,131,85,125,243.690889754096,0.0257834230632086,3,3,3.96862696659689
105,131,88,93,-243.690889754096,-0.0257834230632086,3,3,3.96862696659689
105,131,88,123,54.5890104579478,0.115099820540249,3,3,4.5
105,131,93,123,44.5985281604161,0.140883243603458,3,3,3
105,131,123,165,243.690889754096,0.0257834230632086,3,3,3.96862696659689
105,131,125,147,44.5985281604161,0.140883243603458,3,3,3
105,131,125,169,54.5890104579478,0.115099820540249,3,3,4.5
105,131,147,169,-243.690889754096,-0.0257834230632086,3,3,3.96862696659689
105,131,147,179,44.5985281604161,0.140883243603458,3,3,3
105,131,147,198,243.690889754096,0.0257834230632086,3,3,3.96862696659689
105,131,165,179,-243.690889754096,-0.0257834230632086,3,3,3.96862696659689
105,131,179,198,-54.5890104579478,-0.115099820540249,3,3,4.5
105,147,70,85,243.690889754096,0.0257834230632086,3,3,3.96862696659689
105,147,70,93,243.690889754096,0.0257834230632086,3,3,3.96862696659689
105,147,85,108,54.5890104579478,0.115099820540249,3,3,4.5
105,147,85,125,44.5985281604161,0.140883243603458,3,3,3
105,147,93,123,54.5890104579478,0.115099820540249,3,3,4.5
105,147,93,131,44.5985281604161,0.140883243603458,3,3,3
105,147,108,125,243.690889754096,0.0257834230632086,3,3,3.96862696659689
105,147,123,131,243.690889754096,0.0257834230632086,3,3,3.96862696659689
105,147,125,152,243.690889754096,0.0257834230632086,3,3,3.96862696659689
105,147,125,169,44.5985281604161,0.140883243603458,3,3,3
105,147,131,165,243.690889754096,0.0257834230632086,3,3,3.96862696659689
105,147,131,179,44.5985281604161,0.140883243603458,3,3,3
105,147,152,169,54.5890104579478,0.115099820540249,3,3,4.5
105,147,165,179,54.5890104579478,0.115099820540249,3,3,4.5
105,147,169,198,243.690889754096,0.0257834230632086,3,3,3.96862696659689
105,147,179,198,243.690889754096,0.0257834230632086,3,3,3.96862696659689
106,126,55,71,-54.5890104579478,-0.115099820540249,3,3,4.5
106,126,55,86,243.690889754096,0.0257834230632086,3,3,3.96862696659689
106,126,71,86,44.5985281604161,0.140883243603458,3,3,3
106,126,71,94,-243.690889754096,-0.0257834230632086,3,3,3.96862696659689
106,126,75,86,-243.690889754096,-0.0257834230632086,3,3,3.96862696659689
106,126,75,109,54.5890104579478,0.115099820540249,3,3,4.5
106,126,86,109,44.5985281604161,0.140883243603458,3,3,3
106,126,94,132,243.690889754096,0.0257834230632086,3,3,3.96862696659689
106,126,109,153,243.690889754096,0.0257834230632086,3,3,3.96862696659689
106,126,132,148,44.5985281604161,0.140883243603458,3,3,3
106,126,132,180,54.5890104579478,0.115099820540249,3,3,4.5
106,126,148,170,44.5985281604161,0.140883243603458,3,3,3
106,126,148,180,-243.690889754096,-0.0257834230632086,3,3,3.96862696659689
106,126,148,199,243.690889754096,0.0257834230632086,3,3,3.96862696659689
106,126,153,170,-243.690889754096,-0.0257834230632086,3,3,3.96862696659689
106,126,170,199,-54.5890104579478,-0.115099820540249,3,3,4.5
106,132,62,71,-54.5890104579478,-0.115099820540249,3,3,4.5
106,132,62,94,243.690889754096,0.0257834230632086,3,3,3.96862696659689
106,132,71,86,-243.690889754096,-0.0257834230632086,3,3,3.96862696659689
106,132,71,94,44.5985281604161,0.140883243603458,3,3,3
106,132,86,126,243.690889754096,0.0257834230632086,3,3,3.96862696659689
106,132,89,94,-243.690889754096,-0.0257834230632086,3,3,3.96862696659689
106,132,89,124,54.5890104579478,0.115099820540249,3,3,4.5
106,132,94,124,44.5985281604161,0.140883243603458,3,3,3
106,132,124,166,243.690889754096,0.0257834230632086,3,3,3.96862696659689
106,132,126,148,44.5985281604161,0.140883243603458,3,3,3
106,132,126,170,54.5890104579478,0.115099820540249,3,3,4.5
106,132,148,170,-243.690889754096,-0.0257834230632086,3,3,3.96862696659689
106,132,148,180,44.5985281604161,0.140883243603458,3,3,3
106,132,148,199,243.690889754096,0.0257834230632086,3,3,3.96862696659689
106,132,166,180,-243.690889754096,-0.0257834230632086,3,3,3.96862696659689
106,132,180,199,-54.5890104579478,-0.115099820540249,3,3,4.5
106,148,71,86,243.690889754096,0.0257834230632086,3,3,3.96862696659689
106,148,71,94,243.690889754096,0.0257834230632086,3,3,3.96862696659689
106,148,86,109,54.5890104579478,0.115099820540249,3,3,4.5
106,148,86,126,44.5985281604161,0.140883243603458,3,3,3
106,148,94,124,54.5890104579478,0.115099820540249,3,3,4.5
106,148,94,132,44.5985281604161,0.140883243603458,3,3,3
106,148,109,126,243.690889754096,0.0257834230632086,3,3,3.96862696659689
106,148,124,132,243.690889754096,0.0257834230632086,3,3,3.96862696659689
106,148,126,153,243.690889754096,0.0257834230632086,3,3,3.96862696659689
106,148,126,170,44.5985281604161,0.140883243603458,3,3,3
106,148,132,166,243.690889754096,0.0257834230632086,3,3,3.96862696659689
106,148,132,180,44.5985281604161,0.140883243603458,3,3,3
106,148,153,170,54.5890104579478,0.115099820540249,3,3,4.5
106,148,166,180,54.5890104579478,0.115099820540249,3,3,4.5
106,148,170,199,243.690889754096,0.0257834230632086,3,3,3.96862696659689
106,148,180,199,243.690889754096,0.0257834230632086,3,3,3.96862696659689
107,118,50,73,-54.5890104579478,-0.115099820540249,3,3,4.5
107,118,50,82,243.690889754096,0.0257834230632086,3,3,3.96862696659689
107,118,64,82,-243.690889754096,-0.0257834230632086,3,3,3.96862696659689
107,118,64,96,54.5890104579478,0.115099820540249,3,3,4.5
107,118,73,82,44.5985281604161,0.140883243603458,3,3,3
107,118,73,98,-243.690889754096,-0.0257834230632086,3,3,3.96862696659689
107,118,82,96,44.5985281604161,0.140883243603458,3,3,3
107,118,96,140,243.690889754096,0.0257834230632086,3,3,3.96862696659689
107,118,98,136,243.690889754096,0.0257834230632086,3,3,3.96862696659689
107,118,136,144,44.5985281604161,0.140883243603458,3,3,3
107,118,136,182,54.5890104579478,0.115099820540249,3,3,4.5
107,118,140,164,-243.690889754096,-0.0257834230632086,3,3,3.96862696659689
107,118,144,164,44.5985281604161,0.140883243603458,3,3,3
107,118,144,182,-243.690889754096,-0.0257834230632086,3,3,3.96862696659689
107,118,144,195,243.690889754096,0.0257834230632086,3,3,3.96862696659689
107,118,164,195,-54.5890104579478,-0.115099820540249,3,3,4.5
107,136,68,73,-54.5890104579478,-0.115099820540249,3,3,4.5
107,136,68,98,243.690889754096,0.0257834230632086,3,3,3.96862696659689
107,136,73,82,-243.690889754096,-0.0257834230632086,3,3,3.96862696659689
107,136,73,98,44.5985281604161,0.140883243603458,3,3,3
107,136,82,118,243.690889754096,0.0257834230632086,3,3,3.96862696659689
107,136,98,102,243.690889754096,0.0257834230632086,3,3,3.96862696659689
107,136,98,134,44.5985281604161,0.140883243603458,3,3,3
107,136,102,134,54.5890104579478,0.115099820540249,3,3,4.5
107,136,118,144,44.5985281604161,0.140883243603458,3,3,3
107,136,118,164,54.5890104579478,0.115099820540249,3,3,4.5
107,136,134,176,243.690889754096,0.0257834230632086,3,3,3.96862696659689
107,136,144,164,-243.690889754096,-0.0257834230632086,3,3,3.96862696659689
107,136,144,182,44.5985281604161,0.140883243603458,3,3,3
107,136,144,195,243.690889754096,0.0257834230632086,3,3,3.96862696659689
107,136,176,182,-243.690889754096,-0.0257834230632086,3,3,3.96862696659689
107,136,182,195,-54.5890104579478,-0.115099820540249,3,3,4.5
107,144,73,82,243.690889754096,0.0257834230632086,3,3,3.96862696659689
107,144,73,98,243.690889754096,0.0257834230632086,3,3,3.96862696659689
107,144,82,96,54.5890104579478,0.115099820540249,3,3,4.5
107,144,82,118,44.5985281604161,0.140883243603458,3,3,3
107,144,96,118,243.690889754096,0.0257834230632086,3,3,3.96862696659689
107,144,98,134,54.5890104579478,0.115099820540249,3,3,4.5
107,144,98,136,44.5985281604161,0.140883243603458,3,3,3
107,144,118,140,243.690889754096,0.0257834230632086,3,3,3.96862696659689
107,144,118,164,44.5985281604161,0.140883243603458,3,3,3
107,144,134,136,243.690889754096,0.0257834230632086,3,3,3.96862696659689
107,144,136,176,243.690889754096,0.0257834230632086,3,3,3.96862696659689
107,144,136,182,44.5985281604161,0.140883243603458,3,3,3
107,144,140,164,54.5890104579478,0.115099820540249,3,3,4.5
107,144,164,195,243.690889754096,0.0257834230632086,3,3,3.96862696659689
107,144,176,182,54.5890104579478,0.115099820540249,3,3,4.5
107,144,182,195,243.690889754096,0.0257834230632086,3,3,3.96862696659689
108,125,54,74,-54.5890104579478,-0.115099820540249,3,3,4.5
108,125,54,85,243.690889754096,0.0257834230632086,3,3,3.96862696659689
108,125,70,85,-243.690889754096,-0.0257834230632086,3,3,3.96862696659689
108,125,70,105,54.5890104579478,0.115099820540249,3,3,4.5
108,125,74,85,44.5985281604161,0.140883243603458,3,3,3
108,125,74,99,-243.690889754096,-0.0257834230632086,3,3,3.96862696659689
108,125,85,105,44.5985281604161,0.140883243603458,3,3,3
108,125,99,138,243.690889754096,0.0257834230632086,3,3,3.96862696659689
108,125,105,147,243.690889754096,0.0257834230632086,3,3,3.96862696659689
108,125,138,152,44.5985281604161,0.140883243603458,3,3,3
108,125,138,183,54.5890104579478,0.115099820540249,3,3,4.5
108,125,147,169,-243.690889754096,-0.0257834230632086,3,3,3.96862696659689
108,125,152,169,44.5985281604161,0.140883243603458,3,3,3
108,125,152,183,-243.690889754096,-0.0257834230632086,3,3,3.96862696659689
108,125,152,200,243.690889754096,0.0257834230632086,3,3,3.96862696659689
108,125,169,200,-54.5890104579478,-0.115099820540249,3,3,4.5
108,138,67,74,-54.5890104579478,-0.115099820540249,3,3,4.5
108,138,67,99,243.690889754096,0.0257834230632086,3,3,3.96862696659689
108,138,74,85,-243.690889754096,-0.0257834230632086,3,3,3.96862696659689
108,138,74,99,44.5985281604161,0.140883243603458,3,3,3
108,138,85,125,243.690889754096,0.0257834230632086,3,3,3.96862696659689
108,138,97,99,-243.690889754096,-0.0257834230632086,3,3,3.96862696659689
108,138,97,133,54.5890104579478,0.115099820540249,3,3,4.5
108,138,99,133,44.5985281604161,0.140883243603458,3,3,3
108,138,125,152,44.5985281604161,0.140883243603458,3,3,3
108,138,125,169,54.5890104579478,0.115099820540249,3,3,4.5
108,138,133,177,243.690889754096,0.0257834230632086,3,3,3.96862696659689
108,138,152,169,-243.690889754096,-0.0257834230632086,3,3,3.96862696659689
108,138,152,183,44.5985281604161,0.140883243603458,3,3,3
108,138,152,200,243.690889754096,0.0257834230632086,3,3,3.96862696659689
108,138,177,183,-243.690889754096,-0.0257834230632086,3,3,3.96862696659689
108,138,183,200,-54.5890104579478,-0.115099820540249,3,3,4.5
108,152,74,85,243.690889754096,0.0257834230632086,3,3,3.96862696659689
108,152,74,99,243.690889754096,0.0257834230632086,3,3,3.96862696659689
108,152,85,105,54.5890104579478,0.115099820540249,3,3,4.5
108,152,85,125,44.5985281604161,0.140883243603458,3,3,3
108,152,99,133,54.5890104579478,0.115099820540249,3,3,4.5
108,152,99,138,44.5985281604161,0.140883243603458,3,3,3
108,152,105,125,243.690889754096,0.0257834230632086,3,3,3.96862696659689
108,152,125,147,243.690889754096,0.0257834230632086,3,3,3.96862696659689
108,152,125,169,44.5985281604161,0.140883243603458,3,3,3
108,152,133,138,243.690889754096,0.0257834230632086,3,3,3.96862696659689
108,152,138,177,243.690889754096,0.0257834230632086,3,3,3.96862696659689
108,152,138,183,44.5985281604161,0.140883243603458,3,3,3
108,152,147,169,54.5890104579478,0.115099820540249,3,3,4.5
108,152,169,200,243.690889754096,0.0257834230632086,3,3,3.96862696659689
108,152,177,183,54.5890104579478,0.115099820540249,3,3,4.5
108,152,183,200,243.690889754096,0.0257834230632086,3,3,3.96862696659689
109,126,55,75,-54.5890104579478,-0.115099820540249,3,3,4.5
109,126,55,86,243.690889754096,0.0257834230632086,3,3,3.96862696659689
109,126,71,86,-243.690889754096,-0.0257834230632086,3,3,3.96862696659689
109,126,71,106,54.5890104579478,0.115099820540249,3,3,4.5
109,126,75,86,44.5985281604161,0.140883243603458,3,3,3
109,126,75,102,-243.690889754096,-0.0257834230632086,3,3,3.96862696659689
109,126,86,106,44.5985281604161,0.140883243603458,3,3,3
109,126,102,139,243.690889754096,0.0257834230632086,3,3,3.96862696659689
109,126,106,148,243.690889754096,0.0257834230632086,3,3,3.96862696659689
109,126,139,153,44.5985281604161,0.140883243603458,3,3,3
109,126,139,184,54.5890104579478,0.115099820540249,3,3,4.5
109,126,148,170,-243.690889754096,-0.0257834230632086,3,3,3.96862696659689
109,126,153,170,44.5985281604161,0.140883243603458,3,3,3
109,126,153,184,-243.690889754096,-0.0257834230632086,3,3,3.96862696659689
109,126,153,201,243.690889754096,0.0257834230632086,3,3,3.96862696659689
109,126,170,201,-54.5890104579478,-0.115099820540249,3,3,4.5
109,139,68,75,-54.5890104579478,-0.115099820540249,3,3,4.5
109,139,68,102,243.690889754096,0.0257834230632086,3,3,3.96862696659689
109,139,75,86,-243.690889754096,-0.0257834230632086,3,3,3.96862696659689
109,139,75,102,44.5985281604161,0.140883243603458,3,3,3
109,139,86,126,243.690889754096,0.0257834230632086,3,3,3.96862696659689
109,139,98,102,-243.690889754096,-0.0257834230632086,3,3,3.96862696659689
109,139,98,134,54.5890104579478,0.115099820540249,3,3,4.5
109,139,102,134,44.5985281604161,0.140883243603458,3,3,3
109,139,126,153,44.5985281604161,0.140883243603458,3,3,3
109,139,126,170,54.5890104579478,0.115099820540249,3,3,4.5
109,139,134,178,243.690889754096,0.0257834230632086,3,3,3.96862696659689
109,139,153,170,-243.690889754096,-0.0257834230632086,3,3,3.96862696659689
109,139,153,184,44.5985281604161,0.140883243603458,3,3,3
109,139,153,201,243.690889754096,0.0257834230632086,3,3,3.96862696659689
109,139,178,184,-243.690889754096,-0.0257834230632086,3,3,3.96862696659689
109,139,184,201,-54.5890104579478,-0.115099820540249,3,3,4.5
109,153,75,86,243.690889754096,0.0257834230632086,3,3,3.96862696659689
109,153,75,102,243.690889754096,0.0257834230632086,3,3,3.96862696659689
109,153,86,106,54.5890104579478,0.115099820540249,3,3,4.5
109,153,86,126,44.5985281604161,0.140883243603458,3,3,3
109,153,102,134,54.5890104579478,0.115099820540249,3,3,4.5
109,153,102,139,44.5985281604161,0.140883243603458,3,3,3
109,153,106,126,243.690889754096,0.0257834230632086,3,3,3.96862696659689
109,153,126,148,243.690889754096,0.0257834230632086,3,3,3.96862696659689
109,153,126,170,44.5985281604161,0.140883243603458,3,3,3
109,153,134,139,243.690889754096,0.0257834230632086,3,3,3.96862696659689
109,153,139,178,243.690889754096,0.0257834230632086,3,3,3.96862696659689
109,153,139,184,44.5985281604161,0.140883243603458,3,3,3
109,153,148,170,54.5890104579478,0.115099820540249,3,3,4.5
109,153,170,201,243.690889754096,0.0257834230632086,3,3,3.96862696659689
109,153,178,184,54.5890104579478,0.115099820540249,3,3,4.5
109,153,184,201,243.690889754096,0.0257834230632086,3,3,3.96862696659689
110,112,51,76,243.690889754096,0.0257834230632086,3,3,3.96862696659689
110,112,51,78,-54.5890104579478,-0.115099820540249,3,3,4.5
110,112,53,76,-243.690889754096,-0.0257834230632086,3,3,3.96862696659689
110,112,53,83,54.5890104579478,0.115099820540249,3,3,4.5
110,112,76,78,-44.5985281604161,-0.140883243603458,3,3,3
110,112,76,83,44.5985281604161,0.140883243603458,3,3,3
110,112,78,114,-243.690889754096,-0.0257834230632086,3,3,3.96862696659689
110,112,83,119,243.690889754096,0.0257834230632086,3,3,3.96862696659689
110,112,114,150,243.690889754096,0.0257834230632086,3,3,3.96862696659689
110,112,119,154,-243.690889754096,-0.0257834230632086,3,3,3.96862696659689
110,112,146,150,-44.5985281604161,-0.140883243603458,3,3,3
110,112,146,154,44.5985281604161,0.140883243603458,3,3,3
110,112,146,187,-243.690889754096,-0.0257834230632086,3,3,3.96862696659689
110,112,146,191,243.690889754096,0.0257834230632086,3,3,3.96862696659689
110,112,150,187,54.5890104579478,0.115099820540249,3,3,4.5
110,112,154,191,-54.5890104579478,-0.115099820540249,3,3,4.5
110,114,51,76,-54.5890104579478,-0.115099820540249,3,3,4.5
110,114,51,78,243.690889754096,0.0257834230632086,3,3,3.96862696659689
110,114,57,78,-243.690889754096,-0.0257834230632086,3,3,3.96862696659689
110,114,57,87,54.5890104579478,0.115099820540249,3,3,4.5
110,114,76,78,44.5985281604161,0.140883243603458,3,3,3
110,114,76,112,-243.690889754096,-0.0257834230632086,3,3,3.96862696659689
110,114,78,87,44.5985281604161,0.140883243603458,3,3,3
110,114,87,127,243.690889754096,0.0257834230632086,3,3,3.96862696659689
110,114,112,146,243.690889754096,0.0257834230632086,3,3,3.96862696659689
110,114,127,156,-243.690889754096,-0.0257834230632086,3,3,3.96862696659689
110,114,146,150,44.5985281604161,0.140883243603458,3,3,3
110,114,146,187,54.5890104579478,0.115099820540249,3,3,4.5
110,114,150,156,44.5985281604161,0.140883243603458,3,3,3
110,114,150,187,-243.690889754096,-0.0257834230632086,3,3,3.96862696659689
110,114,150,193,243.690889754096,0.0257834230632086,3,3,3.96862696659689
110,114,156,193,-54.5890104579478,-0.115099820540249,3,3,4.5
110,146,76,78,-243.690889754096,-0.0257834230632086,3,3,3.96862696659689
110,146,76,83,54.5890104579478,0.115099820540249,3,3,4.5
110,146,76,112,44.5985281604161,0.140883243603458,3,3,3
110,146,78,114,243.690889754096,0.0257834230632086,3,3,3.96862696659689
110,146,83,112,243.690889754096,0.0257834230632086,3,3,3.96862696659689
110,146,112,119,243.690889754096,0.0257834230632086,3,3,3.96862696659689
110,146,112,154,44.5985281604161,0.140883243603458,3,3,3
110,146,114,150,44.5985281604161,0.140883243603458,3,3,3
110,146,114,156,54.5890104579478,0.115099820540249,3,3,4.5
110,146,119,154,54.5890104579478,0.115099820540249,3,3,4.5
110,146,150,156,-243.690889754096,-0.0257834230632086,3,3,3.96862696659689
110,146,150,187,44.5985281604161,0.140883243603458,3,3,3
110,146,150,193,243.690889754096,0.0257834230632086,3,3,3.96862696659689
110,146,154,191,243.690889754096,0.0257834230632086,3,3,3.96862696659689
110,146,187,191,243.690889754096,0.0257834230632086,3,3,3.96862696659689
110,146,187,193,-54.5890104579478,-0.115099820540249,3,3,4.5
110,150,76,78,243.690889754096,0.0257834230632086,3,3,3.96862696659689
110,150,76,112,243.690889754096,0.0257834230632086,3,3,3.96862696659689
110,150,78,87,54.5890104579478,0.115099820540249,3,3,4.5
110,150,78,114,44.5985281604161,0.140883243603458,3,3,3
110,150,87,114,243.690889754096,0.0257834230632086,3,3,3.96862696659689
110,150,112,146,44.5985281604161,0.140883243603458,3,3,3
110,150,112,154,54.5890104579478,0.115099820540249,3,3,4.5
110,150,114,127,243.690889754096,0.0257834230632086,3,3,3.96862696659689
110,150,114,156,44.5985281604161,0.140883243603458,3,3,3
110,150,127,156,54.5890104579478,0.115099820540249,3,3,4.5
110,150,146,154,-243.690889754096,-0.0257834230632086,3,3,3.96862696659689
110,150,146,187,44.5985281604161,0.140883243603458,3,3,3
110,150,146,191,243.690889754096,0.0257834230632086,3,3,3.96862696659689
110,150,156,193,243.690889754096,0.0257834230632086,3,3,3.96862696659689
110,150,187,191,-54.5890104579478,-0.115099820540249,3,3,4.5
110,150,187,193,243.690889754096,0.0257834230632086,3,3,3.96862696659689
111,113,52,77,243.690889754096,0.0257834230632086,3,3,3.96862696659689
111,113,52,80,-54.5890104579478,-0.115099820540249,3,3,4.5
111,113,56,77,-243.690889754096,-0.0257834230632086,3,3,3.96862696659689
111,113,56,84,54.5890104579478,0.115099820540249,3,3,4.5
111,113,77,80,-44.5985281604161,-0.140883243603458,3,3,3
111,113,77,84,44.5985281604161,0.140883243603458,3,3,3
111,113,80,115,-243.690889754096,-0.0257834230632086,3,3,3.96862696659689
111,113,84,122,243.690889754096,0.0257834230632086,3,3,3.96862696659689
111,113,115,151,243.690889754096,0.0257834230632086,3,3,3.96862696659689
111,113,122,155,-243.690889754096,-0.0257834230632086,3,3,3.96862696659689
111,113,149,151,-44.5985281604161,-0.140883243603458,3,3,3
111,113,149,155,44.5985281604161,0.140883243603458,3,3,3
111,113,149,190,-243.690889754096,-0.0257834230632086,3,3,3.96862696659689
111,113,149,192,243.690889754096,0.0257834230632086,3,3,3.96862696659689
111,113,151,190,54.5890104579478,0.115099820540249,3,3,4.5
111,113,155,192,-54.5890104579478,-0.115099820540249,3,3,4.5
111,115,52,77,-54.5890104579478,-0.115099820540249,3,3,4.5
111,115,52,80,243.690889754096,0.0257834230632086,3,3,3.96862696659689
111,115,58,80,-243.690889754096,-0.0257834230632086,3,3,3.96862696659689
111,115,58,90,54.5890104579478,0.115099820540249,3,3,4.5
111,115,77,80,44.5985281604161,0.140883243603458,3,3,3
111,115,77,113,-243.690889754096,-0.0257834230632086,3,3,3.96862696659689
111,115,80,90,44.5985281604161,0.140883243603458,3,3,3
111,115,90,128,243.690889754096,0.0257834230632086,3,3,3.96862696659689
111,115,113,149,243.690889754096,0.0257834230632086,3,3,3.96862696659689
111,115,128,157,-243.690889754096,-0.0257834230632086,3,3,3.96862696659689
111,115,149,151,44.5985281604161,0.140883243603458,3,3,3
111,115,149,190,54.5890104579478,0.115099820540249,3,3,4.5
111,115,151,157,44.5985281604161,0.140883243603458,3,3,3
111,115,151,190,-243.690889754096,-0.0257834230632086,3,3,3.96862696659689
111,115,151,196,243.690889754096,0.0257834230632086,3,3,3.96862696659689
111,115,157,196,-54.5890104579478,-0.115099820540249,3,3,4.5
111,149,77,80,-243.690889754096,-0.0257834230632086,3,3,3.96862696659689
111,149,77,84,54.5890104579478,0.115099820540249,3,3,4.5
111,149,77,113,44.5985281604161,0.140883243603458,3,3,3
111,149,80,115,243.690889754096,0.0257834230632086,3,3,3.96862696659689
111,149,84,113,243.690889754096,0.0257834230632086,3,3,3.96862696659689
111,149,113,122,243.690889754096,0.0257834230632086,3,3,3.96862696659689
111,149,113,155,44.5985281604161,0.140883243603458,3,3,3
111,149,115,151,44.5985281604161,0.140883243603458,3,3,3
111,149,115,157,54.5890104579478,0.115099820540249,3,3,4.5
111,149,122,155,54.5890104579478,0.115099820540249,3,3,4.5
111,149,151,157,-243.690889754096,-0.0257834230632086,3,3,3.96862696659689
111,149,151,190,44.5985281604161,0.140883243603458,3,3,3
111,149,151,196,243.690889754096,0.0257834230632086,3,3,3.96862696659689
111,149,155,192,243.690889754096,0.0257834230632086,3,3,3.96862696659689
111,149,190,192,243.690889754096,0.0257834230632086,3,3,3.96862696659689
111,149,190,196,-54.5890104579478,-0.115099820540249,3,3,4.5
111,151,77,80,243.690889754096,0.0257834230632086,3,3,3.96862696659689
111,151,77,113,243.690889754096,0.0257834230632086,3,3,3.96862696659689
111,151,80,90,54.5890104579478,0.115099820540249,3,3,4.5
111,151,80,115,44.5985281604161,0.140883243603458,3,3,3
111,151,90,115,243.690889754096,0.0257834230632086,3,3,3.96862696659689
111,151,113,149,44.5985281604161,0.140883243603458,3,3,3
111,151,113,155,54.5890104579478,0.115099820540249,3,3,4.5
111,151,115,128,243.690889754096,0.0257834230632086,3,3,3.96862696659689
111,151,115,157,44.5985281604161,0.140883243603458,3,3,3
111,151,128,157,54.5890104579478,0.115099820540249,3,3,4.5
111,151,149,155,-243.690889754096,-0.0257834230632086,3,3,3.96862696659689
111,151,149,190,44.5985281604161,0.140883243603458,3,3,3
111,151,149,192,243.690889754096,0.0257834230632086,3,3,3.96862696659689
111,151,157,196,243.690889754096,0.0257834230632086,3,3,3.96862696659689
111,151,190,192,-54.5890104579478,-0.115099820540249,3,3,4.5
111,151,190,196,243.690889754096,0.0257834230632086,3,3,3.96862696659689
112,119,53,76,-54.5890104579478,-0.115099820540249,3,3,4.5
112,119,53,83,243.690889754096,0.0257834230632086,3,3,3.96862696659689
112,119,63,83,-243.690889754096,-0.0257834230632086,3,3,3.96862696659689
112,119,63,95,54.5890104579478,0.115099820540249,3,3,4.5
112,119,76,83,44.5985281604161,0.140883243603458,3,3,3
112,119,76,110,-243.690889754096,-0.0257834230632086,3,3,3.96862696659689
112,119,83,95,44.5985281604161,0.140883243603458,3,3,3
112,119,95,137,243.690889754096,0.0257834230632086,3,3,3.96862696659689
112,119,110,146,243.690889754096,0.0257834230632086,3,3,3.96862696659689
112,119,137,167,-243.690889754096,-0.0257834230632086,3,3,3.96862696659689
112,119,146,154,44.5985281604161,0.140883243603458,3,3,3
112,119,146,191,54.5890104579478,0.115099820540249,3,3,4.5
112,119,154,167,44.5985281604161,0.140883243603458,3,3,3
112,119,154,191,-243.690889754096,-0.0257834230632086,3,3,3.96862696659689
112,119,154,202,243.690889754096,0.0257834230632086,3,3,3.96862696659689
112,119,167,202,-54.5890104579478,-0.115099820540249,3,3,4.5
112,146,76,78,54.5890104579478,0.115099820540249,3,3,4.5
112,146,76,83,-243.690889754096,-0.0257834230632086,3,3,3.96862696659689
112,146,76,110,44.5985281604161,0.140883243603458,3,3,3
112,146,78,110,243.690889754096,0.0257834230632086,3,3,3.96862696659689
112,146,83,119,243.690889754096,0.0257834230632086,3,3,3.96862696659689
112,146,110,114,243.690889754096,0.0257834230632086,3,3,3.96862696659689
112,146,110,150,44.5985281604161,0.140883243603458,3,3,3
112,146,114,150,54.5890104579478,0.115099820540249,3,3,4.5
112,146,119,154,44.5985281604161,0.140883243603458,3,3,3
112,146,119,167,54.5890104579478,0.115099820540249,3,3,4.5
112,146,150,187,243.690889754096,0.0257834230632086,3,3,3.96862696659689
112,146,154,167,-243.690889754096,-0.0257834230632086,3,3,3.96862696659689
112,146,154,191,44.5985281604161,0.140883243603458,3,3,3
112,146,154,202,243.690889754096,0.0257834230632086,3,3,3.96862696659689
112,146,187,191,-243.690889754096,-0.0257834230632086,3,3,3.96862696659689
112,146,191,202,-54.5890104579478,-0.115099820540249,3,3,4.5
112,154,76,83,243.690889754096,0.0257834230632086,3,3,3.96862696659689
112,154,76,110,243.690889754096,0.0257834230632086,3,3,3.96862696659689
112,154,83,95,54.5890104579478,0.115099820540249,3,3,4.5
112,154,83,119,44.5985281604161,0.140883243603458,3,3,3
112,154,95,119,243.690889754096,0.0257834230632086,3,3,3.96862696659689
112,154,110,146,44.5985281604161,0.140883243603458,3,3,3
112,154,110,150,54.5890104579478,0.115099820540249,3,3,4.5
112,154,119,137,243.690889754096,0.0257834230632086,3,3,3.96862696659689
112,154,119,167,44.5985281604161,0.140883243603458,3,3,3
112,154,137,167,54.5890104579478,0.115099820540249,3,3,4.5
112,154,146,150,-243.690889754096,-0.0257834230632086,3,3,3.96862696659689
112,154,146,187,243.690889754096,0.0257834230632086,3,3,3.96862696659689
112,154,146,191,44.5985281604161,0.140883243603458,3,3,3
112,154,167,202,243.690889754096,0.0257834230632086,3,3,3.96862696659689
112,154,187,191,54.5890104579478,0.115099820540249,3,3,4.5
112,154,191,202,243.690889754096,0.0257834230632086,3,3,3.96862696659689
113,122,56,77,-54.5890104579478,-0.115099820540249,3,3,4.5
113,122,56,84,243.690889754096,0.0257834230632086,3,3,3.96862696659689
113,122,64,84,-243.690889754096,-0.0257834230632086,3,3,3.96862696659689
113,122,64,96,54.5890104579478,0.115099820540249,3,3,4.5
113,122,77,84,44.5985281604161,0.140883243603458,3,3,3
113,122,77,111,-243.690889754096,-0.0257834230632086,3,3,3.96862696659689
113,122,84,96,44.5985281604161,0.140883243603458,3,3,3
113,122,96,140,243.690889754096,0.0257834230632086,3,3,3.96862696659689
113,122,111,149,243.690889754096,0.0257834230632086,3,3,3.96862696659689
113,122,140,168,-243.690889754096,-0.0257834230632086,3,3,3.96862696659689
113,122,149,155,44.5985281604161,0.140883243603458,3,3,3
113,122,149,192,54.5890104579478,0.115099820540249,3,3,4.5
113,122,155,168,44.5985281604161,0.140883243603458,3,3,3
113,122,155,192,-243.690889754096,-0.0257834230632086,3,3,3.96862696659689
113,122,155,203,243.690889754096,0.0257834230632086,3,3,3.96862696659689
113,122,168,203,-54.5890104579478,-0.115099820540249,3,3,4.5
113,149,77,80,54.5890104579478,0.115099820540249,3,3,4.5
113,149,77,84,-243.690889754096,-0.0257834230632086,3,3,3.96862696659689
113,149,77,111,44.5985281604161,0.140883243603458,3,3,3
113,149,80,111,243.690889754096,0.0257834230632086,3,3,3.96862696659689
113,149,84,122,243.690889754096,0.0257834230632086,3,3,3.96862696659689
113,149,111,115,243.690889754096,0.0257834230632086,3,3,3.96862696659689
113,149,111,151,44.5985281604161,0.140883243603458,3,3,3
113,149,115,151,54.5890104579478,0.115099820540249,3,3,4.5
113,149,122,155,44.5985281604161,0.140883243603458,3,3,3
113,149,122,168,54.5890104579478,0.115099820540249,3,3,4.5
113,149,151,190,243.690889754096,0.0257834230632086,3,3,3.96862696659689
113,149,155,168,-243.690889754096,-0.0257834230632086,3,3,3.96862696659689
113,149,155,192,44.5985281604161,0.140883243603458,3,3,3
113,149,155,203,243.690889754096,0.0257834230632086,3,3,3.96862696659689
113,149,190,192,-243.690889754096,-0.0257834230632086,3,3,3.96862696659689
113,149,192,203,-54.5890104579478,-0.115099820540249,3,3,4.5
113,155,77,84,243.690889754096,0.0257834230632086,3,3,3.96862696659689
113,155,77,111,243.690889754096,0.0257834230632086,3,3,3.96862696659689
113,155,84,96,54.5890104579478,0.115099820540249,3,3,4.5
113,155,84,122,44.5985281604161,0.140883243603458,3,3,3
113,155,96,122,243.690889754096,0.0257834230632086,3,3,3.96862696659689
113,155,111,149,44.5985281604161,0.140883243603458,3,3,3
113,155,111,151,54.5890104579478,0.115099820540249,3,3,4.5
113,155,122,140,243.690889754096,0.0257834230632086,3,3,3.96862696659689
113,155,122,168,44.5985281604161,0.140883243603458,3,3,3
113,155,140,168,54.5890104579478,0.115099820540249,3,3,4.5
113,155,149,151,-243.690889754096,-0.0257834230632086,3,3,3.96862696659689
113,155,149,190,243.690889754096,0.0257834230632086,3,3,3.96862696659689
113,155,149,192,44.5985281604161,0.140883243603458,3,3,3
113,155,168,203,243.690889754096,0.0257834230632086,3,3,3.96862696659689
113,155,190,192,54.5890104579478,0.115099820540249,3,3,4.5
113,155,192,203,243.690889754096,0.0257834230632086,3,3,3.96862696659689
114,127,57,78,-54.5890104579478,-0.115099820540249,3,3,4.5
114,127,57,87,243.690889754096,0.0257834230632086,3,3,3.96862696659689
114,127,69,87,-243.690889754096,-0.0257834230632086,3,3,3.96862696659689
114,127,69,103,54.5890104579478,0.115099820540249,3,3,4.5
114,127,78,87,44.5985281604161,0.140883243603458,3,3,3
114,127,78,110,-243.690889754096,-0.0257834230632086,3,3,3.96862696659689
114,127,87,103,44.5985281604161,0.140883243603458,3,3,3
114,127,103,145,243.690889754096,0.0257834230632086,3,3,3.96862696659689
114,127,110,150,243.690889754096,0.0257834230632086,3,3,3.96862696659689
114,127,145,171,-243.690889754096,-0.0257834230632086,3,3,3.96862696659689
114,127,150,156,44.5985281604161,0.140883243603458,3,3,3
114,127,150,193,54.5890104579478,0.115099820540249,3,3,4.5
114,127,156,171,44.5985281604161,0.140883243603458,3,3,3
114,127,156,193,-243.690889754096,-0.0257834230632086,3,3,3.96862696659689
114,127,156,206,243.690889754096,0.0257834230632086,3,3,3.96862696659689
114,127,171,206,-54.5890104579478,-0.115099820540249,3,3,4.5
114,150,76,78,-54.5890104579478,-0.115099820540249,3,3,4.5
114,150,76,110,243.690889754096,0.0257834230632086,3,3,3.96862696659689
114,150,78,87,-243.690889754096,-0.0257834230632086,3,3,3.96862696659689
114,150,78,110,44.5985281604161,0.140883243603458,3,3,3
114,150,87,127,243.690889754096,0.0257834230632086,3,3,3.96862696659689
114,150,110,112,243.690889754096,0.0257834230632086,3,3,3.96862696659689
114,150,110,146,44.5985281604161,0.140883243603458,3,3,3
114,150,112,146,54.5890104579478,0.115099820540249,3,3,4.5
114,150,127,156,44.5985281604161,0.140883243603458,3,3,3
114,150,127,171,54.5890104579478,0.115099820540249,3,3,4.5
114,150,146,187,243.690889754096,0.0257834230632086,3,3,3.96862696659689
114,150,156,171,-243.690889754096,-0.0257834230632086,3,3,3.96862696659689
114,150,156,193,44.5985281604161,0.140883243603458,3,3,3
114,150,156,206,243.690889754096,0.0257834230632086,3,3,3.96862696659689
114,150,187,193,-243.690889754096,-0.0257834230632086,3,3,3.96862696659689
114,150,193,206,-54.5890104579478,-0.115099820540249,3,3,4.5
114,156,78,87,243.690889754096,0.0257834230632086,3,3,3.96862696659689
114,156,78,110,243.690889754096,0.0257834230632086,3,3,3.96862696659689
114,156,87,103,54.5890104579478,0.115099820540249,3,3,4.5
114,156,87,127,44.5985281604161,0.140883243603458,3,3,3
114,156,103,127,243.690889754096,0.0257834230632086,3,3,3.96862696659689
114,156,110,146,54.5890104579478,0.115099820540249,3,3,4.5
114,156,110,150,44.5985281604161,0.140883243603458,3,3,3
114,156,127,145,243.690889754096,0.0257834230632086,3,3,3.96862696659689
114,156,127,171,44.5985281604161,0.140883243603458,3,3,3
114,156,145,171,54.5890104579478,0.115099820540249,3,3,4.5
114,156,146,150,243.690889754096,0.0257834230632086,3,3,3.96862696659689
114,156,150,187,243.690889754096,0.0257834230632086,3,3,3.96862696659689
114,156,150,193,44.5985281604161,0.140883243603458,3,3,3
114,156,171,206,243.690889754096,0.0257834230632086,3,3,3.96862696659689
114,156,187,193,54.5890104579478,0.115099820540249,3,3,4.5
114,156,193,206,243.690889754096,0.0257834230632086,3,3,3.96862696659689
115,128,58,80,-54.5890104579478,-0.115099820540249,3,3,4.5
115,128,58,90,243.690889754096,0.0257834230632086,3,3,3.96862696659689
115,128,69,90,-243.690889754096,-0.0257834230632086,3,3,3.96862696659689
115,128,69,103,54.5890104579478,0.115099820540249,3,3,4.5
115,128,80,90,44.5985281604161,0.140883243603458,3,3,3
115,128,80,111,-243.690889754096,-0.0257834230632086,3,3,3.96862696659689
115,128,90,103,44.5985281604161,0.140883243603458,3,3,3
115,128,103,145,243.690889754096,0.0257834230632086,3,3,3.96862696659689
115,128,111,151,243.690889754096,0.0257834230632086,3,3,3.96862696659689
115,128,145,174,-243.690889754096,-0.0257834230632086,3,3,3.96862696659689
115,128,151,157,44.5985281604161,0.140883243603458,3,3,3
115,128,151,196,54.5890104579478,0.115099820540249,3,3,4.5
115,128,157,174,44.5985281604161,0.140883243603458,3,3,3
115,128,157,196,-243.690889754096,-0.0257834230632086,3,3,3.96862696659689
115,128,157,209,243.690889754096,0.0257834230632086,3,3,3.96862696659689
115,128,174,209,-54.5890104579478,-0.115099820540249,3,3,4.5
115,151,77,80,-54.5890104579478,-0.115099820540249,3,3,4.5
115,151,77,111,243.690889754096,0.0257834230632086,3,3,3.96862696659689
115,151,80,90,-243.690889754096,-0.0257834230632086,3,3,3.96862696659689
115,151,80,111,44.5985281604161,0.140883243603458,3,3,3
115,151,90,128,243.690889754096,0.0257834230632086,3,3,3.96862696659689
115,151,111,113,243.690889754096,0.0257834230632086,3,3,3.96862696659689
115,151,111,149,44.5985281604161,0.140883243603458,3,3,3
115,151,113,149,54.5890104579478,0.115099820540249,3,3,4.5
115,151,128,157,44.5985281604161,0.140883243603458,3,3,3
115,151,128,174,54.5890104579478,0.115099820540249,3,3,4.5
115,151,149,190,243.690889754096,0.0257834230632086,3,3,3.96862696659689
115,151,157,174,-243.690889754096,-0.0257834230632086,3,3,3.96862696659689
115,151,157,196,44.5985281604161,0.140883243603458,3,3,3
115,151,157,209,243.690889754096,0.0257834230632086,3,3,3.96862696659689
115,151,190,196,-243.690889754096,-0.0257834230632086,3,3,3.96862696659689
115,151,196,209,-54.5890104579478,-0.115099820540249,3,3,4.5
115,157,80,90,243.690889754096,0.0257834230632086,3,3,3.96862696659689
115,157,80,111,243.690889754096,0.0257834230632086,3,3,3.96862696659689
115,157,90,103,54.5890104579478,0.115099820540249,3,3,4.5
115,157,90,128,44.5985281604161,0.140883243603458,3,3,3
115,157,103,128,243.690889754096,0.0257834230632086,3,3,3.96862696659689
115,157,111,149,54.5890104579478,0.115099820540249,3,3,4.5
115,157,111,151,44.5985281604161,0.140883243603458,3,3,3
115,157,128,145,243.690889754096,0.0257834230632086,3,3,3.96862696659689
115,157,128,174,44.5985281604161,0.140883243603458,3,3,3
115,157,145,174,54.5890104579478,0.115099820540249,3,3,4.5
115,157,149,151,243.690889754096,0.0257834230632086,3,3,3.96862696659689
115,157,151,190,243.690889754096,0.0257834230632086,3,3,3.96862696659689
115,157,151,196,44.5985281604161,0.140883243603458,3,3,3
115,157,174,209,243.690889754096,0.0257834230632086,3,3,3.96862696659689
115,157,190,196,54.5890104579478,0.115099820540249,3,3,4.5
115,157,196,209,243.690889754096,0.0257834230632086,3,3,3.96862696659689
116,141,65,79,-54.5890104579478,-0.115099820540249,3,3,4.5
116,141,65,100,243.690889754096,0.0257834230632086,3,3,3.96862696659689
116,141,79,100,44.5985281604161,0.140883243603458,3,3,3
116,141,79,101,-243.690889754096,-0.0257834230632086,3,3,3.96862696659689
116,141,91,100,-243.690889754096,-0.0257834230632086,3,3,3.96862696659689
116,141,91,129,54.5890104579478,0.115099820540249,3,3,4.5
116,141,100,129,44.5985281604161,0.140883243603458,3,3,3
116,141,101,142,243.690889754096,0.0257834230632086,3,3,3.96862696659689
116,141,129,172,243.690889754096,0.0257834230632086,3,3,3.96862696659689
116,141,142,160,44.5985281604161,0.140883243603458,3,3,3
116,141,142,189,54.5890104579478,0.115099820540249,3,3,4.5
116,141,160,188,44.5985281604161,0.140883243603458,3,3,3
116,141,160,189,-243.690889754096,-0.0257834230632086,3,3,3.96862696659689
116,141,160,212,243.690889754096,0.0257834230632086,3,3,3.96862696659689
116,141,172,188,-243.690889754096,-0.0257834230632086,3,3,3.96862696659689
116,141,188,212,-54.5890104579478,-0.115099820540249,3,3,4.5
116,142,66,79,-54.5890104579478,-0.115099820540249,3,3,4.5
116,142,66,101,243.690889754096,0.0257834230632086,3,3,3.96862696659689
116,142,79,100,-243.690889754096,-0.0257834230632086,3,3,3.96862696659689
116,142,79,101,44.5985281604161,0.140883243603458,3,3,3
116,142,92,101,-243.690889754096,-0.0257834230632086,3,3,3.96862696659689
116,142,92,130,54.5890104579478,0.115099820540249,3,3,4.5
116,142,100,141,243.690889754096,0.0257834230632086,3,3,3.96862696659689
116,142,101,130,44.5985281604161,0.140883243603458,3,3,3
116,142,130,173,243.690889754096,0.0257834230632086,3,3,3.96862696659689
116,142,141,160,44.5985281604161,0.140883243603458,3,3,3
116,142,141,188,54.5890104579478,0.115099820540249,3,3,4.5
116,142,160,188,-243.690889754096,-0.0257834230632086,3,3,3.96862696659689
116,142,160,189,44.5985281604161,0.140883243603458,3,3,3
116,142,160,212,243.690889754096,0.0257834230632086,3,3,3.96862696659689
116,142,173,189,-243.690889754096,-0.0257834230632086,3,3,3.96862696659689
116,142,189,212,-54.5890104579478,-0.115099820540249,3,3,4.5
116,160,79,100,243.690889754096,0.0257834230632086,3,3,3.96862696659689
116,160,79,101,243.690889754096,0.0257834230632086,3,3,3.96862696659689
116,160,100,129,54.5890104579478,0.115099820540249,3,3,4.5
116,160,100,141,44.5985281604161,0.140883243603458,3,3,3
116,160,101,130,54.5890104579478,0.115099820540249,3,3,4.5
116,160,101,142,44.5985281604161,0.140883243603458,3,3,3
116,160,129,141,243.690889754096,0.0257834230632086,3,3,3.96862696659689
116,160,130,142,243.690889754096,0.0257834230632086,3,3,3.96862696659689
116,160,141,172,243.690889754096,0.0257834230632086,3,3,3.96862696659689
116,160,141,188,44.5985281604161,0.140883243603458,3,3,3
116,160,142,173,243.690889754096,0.0257834230632086,3,3,3.96862696659689
116,160,142,189,44.5985281604161,0.140883243603458,3,3,3
116,160,172,188,54.5890104579478,0.115099820540249,3,3,4.5
116,160,173,189,54.5890104579478,0.115099820540249,3,3,4.5
116,160,188,212,243.690889754096,0.0257834230632086,3,3,3.96862696659689
116,160,189,212,243.690889754096,0.0257834230632086,3,3,3.96862696659689
117,137,63,81,-54.5890104579478,-0.115099820540249,3,3,4.5
117,137,63,95,243.690889754096,0.0257834230632086,3,3,3.96862696659689
117,137,81,95,44.5985281604161,0.140883243603458,3,3,3
117,137,81,104,-243.690889754096,-0.0257834230632086,3,3,3.96862696659689
117,137,83,95,-243.690889754096,-0.0257834230632086,3,3,3.96862696659689
117,137,83,119,54.5890104579478,0.115099820540249,3,3,4.5
117,137,95,119,44.5985281604161,0.140883243603458,3,3,3
117,137,104,143,243.690889754096,0.0257834230632086,3,3,3.96862696659689
117,137,119,167,243.690889754096,0.0257834230632086,3,3,3.96862696659689
117,137,143,161,44.5985281604161,0.140883243603458,3,3,3
117,137,143,194,54.5890104579478,0.115099820540249,3,3,4.5
117,137,161,185,44.5985281604161,0.140883243603458,3,3,3
117,137,161,194,-243.690889754096,-0.0257834230632086,3,3,3.96862696659689
117,137,161,213,243.690889754096,0.0257834230632086,3,3,3.96862696659689
117,137,167,185,-243.690889754096,-0.0257834230632086,3,3,3.96862696659689
117,137,185,213,-54.5890104579478,-0.115099820540249,3,3,4.5
117,143,72,81,-54.5890104579478,-0.115099820540249,3,3,4.5
117,143,72,104,243.690889754096,0.0257834230632086,3,3,3.96862696659689
117,143,81,95,-243.690889754096,-0.0257834230632086,3,3,3.96862696659689
117,143,81,104,44.5985281604161,0.140883243603458,3,3,3
117,143,95,137,243.690889754096,0.0257834230632086,3,3,3.96862696659689
117,143,97,104,-243.690889754096,-0.0257834230632086,3,3,3.96862696659689
117,143,97,135,54.5890104579478,0.115099820540249,3,3,4.5
117,143,104,135,44.5985281604161,0.140883243603458,3,3,3
117,143,135,181,243.690889754096,0.0257834230632086,3,3,3.96862696659689
117,143,137,161,44.5985281604161,0.140883243603458,3,3,3
117,143,137,185,54.5890104579478,0.115099820540249,3,3,4.5
117,143,161,185,-243.690889754096,-0.0257834230632086,3,3,3.96862696659689
117,143,161,194,44.5985281604161,0.140883243603458,3,3,3
117,143,161,213,243.690889754096,0.0257834230632086,3,3,3.96862696659689
117,143,181,194,-243.690889754096,-0.0257834230632086,3,3,3.96862696659689
117,143,194,213,-54.5890104579478,-0.115099820540249,3,3,4.5
117,161,81,95,243.690889754096,0.0257834230632086,3,3,3.96862696659689
117,161,81,104,243.690889754096,0.0257834230632086,3,3,3.96862696659689
117,161,95,119,54.5890104579478,0.115099820540249,3,3,4.5
117,161,95,137,44.5985281604161,0.140883243603458,3,3,3
117,161,104,135,54.5890104579478,0.115099820540249,3,3,4.5
117,161,104,143,44.5985281604161,0.140883243603458,3,3,3
117,161,119,137,243.690889754096,0.0257834230632086,3,3,3.96862696659689
117,161,135,143,243.690889754096,0.0257834230632086,3,3,3.96862696659689
117,161,137,167,243.690889754096,0.0257834230632086,3,3,3.96862696659689
117,161,137,185,44.5985281604161,0.140883243603458,3,3,3
117,161,143,181,243.690889754096,0.0257834230632086,3,3,3.96862696659689
117,161,143,194,44.5985281604161,0.140883243603458,3,3,3
117,161,167,185,54.5890104579478,0.115099820540249,3,3,4.5
117,161,181,194,54.5890104579478,0.115099820540249,3,3,4.5
117,161,185,213,243.690889754096,0.0257834230632086,3,3,3.96862696659689
117,161,194,213,243.690889754096,0.0257834230632086,3,3,3.96862696659689
118,140,64,82,-54.5890104579478,-0.115099820540249,3,3,4.5
118,140,64,96,243.690889754096,0.0257834230632086,3,3,3.96862696659689
118,140,82,96,44.5985281604161,0.140883243603458,3,3,3
118,140,82,107,-243.690889754096,-0.0257834230632086,3,3,3.96862696659689
118,140,84,96,-243.690889754096,-0.0257834230632086,3,3,3.96862696659689
118,140,84,122,54.5890104579478,0.115099820540249,3,3,4.5
118,140,96,122,44.5985281604161,0.140883243603458,3,3,3
118,140,107,144,243.690889754096,0.0257834230632086,3,3,3.96862696659689
118,140,122,168,243.690889754096,0.0257834230632086,3,3,3.96862696659689
118,140,144,164,44.5985281604161,0.140883243603458,3,3,3
118,140,144,195,54.5890104579478,0.115099820540249,3,3,4.5
118,140,164,186,44.5985281604161,0.140883243603458,3,3,3
118,140,164,195,-243.690889754096,-0.0257834230632086,3,3,3.96862696659689
118,140,164,216,243.690889754096,0.0257834230632086,3,3,3.96862696659689
118,140,168,186,-243.690889754096,-0.0257834230632086,3,3,3.96862696659689
118,140,186,216,-54.5890104579478,-0.115099820540249,3,3,4.5
118,144,73,82,-54.5890104579478,-0.115099820540249,3,3,4.5
118,144,73,107,243.690889754096,0.0257834230632086,3,3,3.96862696659689
118,144,82,96,-243.690889754096,-0.0257834230632086,3,3,3.96862696659689
118,144,82,107,44.5985281604161,0.140883243603458,3,3,3
118,144,96,140,243.690889754096,0.0257834230632086,3,3,3.96862696659689
118,144,98,107,-243.690889754096,-0.0257834230632086,3,3,3.96862696659689
118,144,98,136,54.5890104579478,0.115099820540249,3,3,4.5
118,144,107,136,44.5985281604161,0.140883243603458,3,3,3
118,144,136,182,243.690889754096,0.0257834230632086,3,3,3.96862696659689
118,144,140,164,44.5985281604161,0.140883243603458,3,3,3
118,144,140,186,54.5890104579478,0.115099820540249,3,3,4.5
118,144,164,186,-243.690889754096,-0.0257834230632086,3,3,3.96862696659689
118,144,164,195,44.5985281604161,0.140883243603458,3,3,3
118,144,164,216,243.690889754096,0.0257834230632086,3,3,3.96862696659689
118,144,182,195,-243.690889754096,-0.0257834230632086,3,3,3.96862696659689
118,144,195,216,-54.5890104579478,-0.115099820540249,3,3,4.5
118,164,82,96,243.690889754096,0.0257834230632086,3,3,3.96862696659689
118,164,82,107,243.690889754096,0.0257834230632086,3,3,3.96862696659689
118,164,96,122,54.5890104579478,0.115099820540249,3,3,4.5
118,164,96,140,44.5985281604161,0.140883243603458,3,3,3
118,164,107,136,54.5890104579478,0.115099820540249,3,3,4.5
118,164,107,144,44.5985281604161,0.140883243603458,3,3,3
118,164,122,140,243.690889754096,0.0257834230632086,3,3,3.96862696659689
118,164,136,144,243.690889754096,0.0257834230632086,3,3,3.96862696659689
118,164,140,168,243.690889754096,0.0257834230632086,3,3,3.96862696659689
118,164,140,186,44.5985281604161,0.140883243603458,3,3,3
118,164,144,182,243.690889754096,0.0257834230632086,3,3,3.96862696659689
118,164,144,195,44.5985281604161,0.140883243603458,3,3,3
118,164,168,186,54.5890104579478,0.115099820540249,3,3,4.5
118,164,182,195,54.5890104579478,0.115099820540249,3,3,4.5
118,164,186,216,243.690889754096,0.0257834230632086,3,3,3.96862696659689
118,164,195,216,243.690889754096,0.0257834230632086,3,3,3.96862696659689
119,137,63,83,-54.5890104579478,-0.115099820540249,3,3,4.5
119,137,63,95,243.690889754096,0.0257834230632086,3,3,3.96862696659689
119,137,81,95,-243.690889754096,-0.0257834230632086,3,3,3.96862696659689
119,137,81,117,54.5890104579478,0.115099820540249,3,3,4.5
119,137,83,95,44.5985281604161,0.140883243603458,3,3,3
119,137,83,112,-243.690889754096,-0.0257834230632086,3,3,3.96862696659689
119,137,95,117,44.5985281604161,0.140883243603458,3,3,3
119,137,112,154,243.690889754096,0.0257834230632086,3,3,3.96862696659689
119,137,117,161,243.690889754096,0.0257834230632086,3,3,3.96862696659689
119,137,154,167,44.5985281604161,0.140883243603458,3,3,3
119,137,154,202,54.5890104579478,0.115099820540249,3,3,4.5
119,137,161,185,-243.690889754096,-0.0257834230632086,3,3,3.96862696659689
119,137,167,185,44.5985281604161,0.140883243603458,3,3,3
119,137,167,202,-243.690889754096,-0.0257834230632086,3,3,3.96862696659689
119,137,167,217,243.690889754096,0.0257834230632086,3,3,3.96862696659689
119,137,185,217,-54.5890104579478,-0.115099820540249,3,3,4.5
119,154,76,83,-54.5890104579478,-0.115099820540249,3,3,4.5
119,154,76,112,243.690889754096,0.0257834230632086,3,3,3.96862696659689
119,154,83,95,-243.690889754096,-0.0257834230632086,3,3,3.96862696659689
119,154,83,112,44.5985281604161,0.140883243603458,3,3,3
119,154,95,137,243.690889754096,0.0257834230632086,3,3,3.96862696659689
119,154,110,112,-243.690889754096,-0.0257834230632086,3,3,3.96862696659689
119,154,110,146,54.5890104579478,0.115099820540249,3,3,4.5
119,154,112,146,44.5985281604161,0.140883243603458,3,3,3
119,154,137,167,44.5985281604161,0.140883243603458,3,3,3
119,154,137,185,54.5890104579478,0.115099820540249,3,3,4.5
119,154,146,191,243.690889754096,0.0257834230632086,3,3,3.96862696659689
119,154,167,185,-243.690889754096,-0.0257834230632086,3,3,3.96862696659689
119,154,167,202,44.5985281604161,0.140883243603458,3,3,3
119,154,167,217,243.690889754096,0.0257834230632086,3,3,3.96862696659689
119,154,191,202,-243.690889754096,-0.0257834230632086,3,3,3.96862696659689
119,154,202,217,-54.5890104579478,-0.115099820540249,3,3,4.5
119,167,83,95,243.690889754096,0.0257834230632086,3,3,3.96862696659689
119,167,83,112,243.690889754096,0.0257834230632086,3,3,3.96862696659689
119,167,95,117,54.5890104579478,0.115099820540249,3,3,4.5
119,167,95,137,44.5985281604161,0.140883243603458,3,3,3
119,167,112,146,54.5890104579478,0.115099820540249,3,3,4.5
119,167,112,154,44.5985281604161,0.140883243603458,3,3,3
119,167,117,137,243.690889754096,0.0257834230632086,3,3,3.96862696659689
119,167,137,161,243.690889754096,0.0257834230632086,3,3,3.96862696659689
119,167,137,185,44.5985281604161,0.140883243603458,3,3,3
119,167,146,154,243.690889754096,0.0257834230632086,3,3,3.96862696659689
119,167,154,191,243.690889754096,0.0257834230632086,3,3,3.96862696659689
119,167,154,202,44.5985281604161,0.140883243603458,3,3,3
119,167,161,185,54.5890104579478,0.115099820540249,3,3,4.5
119,167,185,217,243.690889754096,0.0257834230632086,3,3,3.96862696659689
119,167,191,202,54.5890104579478,0.115099820540249,3,3,4.5
119,167,202,217,243.690889754096,0.0257834230632086,3,3,3.96862696659689
120,123,59,88,243.690889754096,0.0257834230632086,3,3,3.96862696659689
120,123,59,91,-54.5890104579478,-0.115099820540249,3,3,4.5
120,123,61,88,-243.690889754096,-0.0257834230632086,3,3,3.96862696659689
120,123,61,93,54.5890104579478,0.115099820540249,3,3,4.5
120,123,88,91,-44.5985281604161,-0.140883243603458,3,3,3
120,123,88,93,44.5985281604161,0.140883243603458,3,3,3
120,123,91,129,-243.690889754096,-0.0257834230632086,3,3,3.96862696659689
120,123,93,131,243.690889754096,0.0257834230632086,3,3,3.96862696659689
120,123,129,162,243.690889754096,0.0257834230632086,3,3,3.96862696659689
120,123,131,165,-243.690889754096,-0.0257834230632086,3,3,3.96862696659689
120,123,158,162,-44.5985281604161,-0.140883243603458,3,3,3
120,123,158,165,44.5985281604161,0.140883243603458,3,3,3
120,123,158,204,-243.690889754096,-0.0257834230632086,3,3,3.96862696659689
120,123,158,207,243.690889754096,0.0257834230632086,3,3,3.96862696659689
120,123,162,204,54.5890104579478,0.115099820540249,3,3,4.5
120,123,165,207,-54.5890104579478,-0.115099820540249,3,3,4.5
120,129,59,88,-54.5890104579478,-0.115099820540249,3,3,4.5
120,129,59,91,243.690889754096,0.0257834230632086,3,3,3.96862696659689
120,129,65,91,-243.690889754096,-0.0257834230632086,3,3,3.96862696659689
120,129,65,100,54.5890104579478,0.115099820540249,3,3,4.5
120,129,88,91,44.5985281604161,0.140883243603458,3,3,3
120,129,88,123,-243.690889754096,-0.0257834230632086,3,3,3.96862696659689
120,129,91,100,44.5985281604161,0.140883243603458,3,3,3
120,129,100,141,243.690889754096,0.0257834230632086,3,3,3.96862696659689
120,129,123,158,243.690889754096,0.0257834230632086,3,3,3.96862696659689
120,129,141,172,-243.690889754096,-0.0257834230632086,3,3,3.96862696659689
120,129,158,162,44.5985281604161,0.140883243603458,3,3,3
120,129,158,204,54.5890104579478,0.115099820540249,3,3,4.5
120,129,162,172,44.5985281604161,0.140883243603458,3,3,3
120,129,162,204,-243.690889754096,-0.0257834230632086,3,3,3.96862696659689
120,129,162,210,243.690889754096,0.0257834230632086,3,3,3.96862696659689
120,129,172,210,-54.5890104579478,-0.115099820540249,3,3,4.5
120,158,88,91,-243.690889754096,-0.0257834230632086,3,3,3.96862696659689
120,158,88,93,54.5890104579478,0.115099820540249,3,3,4.5
120,158,88,123,44.5985281604161,0.140883243603458,3,3,3
120,158,91,129,243.690889754096,0.0257834230632086,3,3,3.96862696659689
120,158,93,123,243.690889754096,0.0257834230632086,3,3,3.96862696659689
120,158,123,131,243.690889754096,0.0257834230632086,3,3,3.96862696659689
120,158,123,165,44.5985281604161,0.140883243603458,3,3,3
120,158,129,162,44.5985281604161,0.140883243603458,3,3,3
120,158,129,172,54.5890104579478,0.115099820540249,3,3,4.5
120,158,131,165,54.5890104579478,0.115099820540249,3,3,4.5
120,158,162,172,-243.690889754096,-0.0257834230632086,3,3,3.96862696659689
120,158,162,204,44.5985281604161,0.140883243603458,3,3,3
120,158,162,210,243.690889754096,0.0257834230632086,3,3,3.96862696659689
120,158,165,207,243.690889754096,0.0257834230632086,3,3,3.96862696659689
120,158,204,207,243.690889754096,0.0257834230632086,3,3,3.96862696659689
120,158,204,210,-54.5890104579478,-0.115099820540249,3,3,4.5
120,162,88,91,243.690889754096,0.0257834230632086,3,3,3.96862696659689
120,162,88,123,243.690889754096,0.0257834230632086,3,3,3.96862696659689
120,162,91,100,54.5890104579478,0.115099820540249,3,3,4.5
120,162,91,129,44.5985281604161,0.140883243603458,3,3,3
120,162,100,129,243.690889754096,0.0257834230632086,3,3,3.96862696659689
120,162,123,158,44.5985281604161,0.140883243603458,3,3,3
120,162,123,165,54.5890104579478,0.115099820540249,3,3,4.5
120,162,129,141,243.690889754096,0.0257834230632086,3,3,3.96862696659689
120,162,129,172,44.5985281604161,0.140883243603458,3,3,3
120,162,141,172,54.5890104579478,0.115099820540249,3,3,4.5
120,162,158,165,-243.690889754096,-0.0257834230632086,3,3,3.96862696659689
120,162,158,204,44.5985281604161,0.140883243603458,3,3,3
120,162,158,207,243.690889754096,0.0257834230632086,3,3,3.96862696659689
120,162,172,210,243.690889754096,0.0257834230632086,3,3,3.96862696659689
120,162,204,207,-54.5890104579478,-0.115099820540249,3,3,4.5
120,162,204,210,243.690889754096,0.0257834230632086,3,3,3.96862696659689
121,124,60,89,243.690889754096,0.0257834230632086,3,3,3.96862696659689
121,124,60,92,-54.5890104579478,-0.115099820540249,3,3,4.5
121,124,62,89,-243.690889754096,-0.0257834230632086,3,3,3.96862696659689
121,124,62,94,54.5890104579478,0.115099820540249,3,3,4.5
121,124,89,92,-44.5985281604161,-0.140883243603458,3,3,3
121,124,89,94,44.5985281604161,0.140883243603458,3,3,3
121,124,92,130,-243.690889754096,-0.0257834230632086,3,3,3.96862696659689
121,124,94,132,243.690889754096,0.0257834230632086,3,3,3.96862696659689
121,124,130,163,243.690889754096,0.0257834230632086,3,3,3.96862696659689
121,124,132,166,-243.690889754096,-0.0257834230632086,3,3,3.96862696659689
121,124,159,163,-44.5985281604161,-0.140883243603458,3,3,3
121,124,159,166,44.5985281604161,0.140883243603458,3,3,3
121,124,159,205,-243.690889754096,-0.0257834230632086,3,3,3.96862696659689
121,124,159,208,243.690889754096,0.0257834230632086,3,3,3.96862696659689
121,124,163,205,54.5890104579478,0.115099820540249,3,3,4.5
121,124,166,208,-54.5890104579478,-0.115099820540249,3,3,4.5
121,130,60,89,-54.5890104579478,-0.115099820540249,3,3,4.5
121,130,60,92,243.690889754096,0.0257834230632086,3,3,3.96862696659689
121,130,66,92,-243.690889754096,-0.0257834230632086,3,3,3.96862696659689
121,130,66,101,54.5890104579478,0.115099820540249,3,3,4.5
121,130,89,92,44.5985281604161,0.140883243603458,3,3,3
121,130,89,124,-243.690889754096,-0.0257834230632086,3,3,3.96862696659689
121,130,92,101,44.5985281604161,0.140883243603458,3,3,3
121,130,101,142,243.690889754096,0.0257834230632086,3,3,3.96862696659689
121,130,124,159,243.690889754096,0.0257834230632086,3,3,3.96862696659689
121,130,142,173,-243.690889754096,-0.0257834230632086,3,3,3.96862696659689
121,130,159,163,44.5985281604161,0.140883243603458,3,3,3
121,130,159,205,54.5890104579478,0.115099820540249,3,3,4.5
121,130,163,173,44.5985281604161,0.140883243603458,3,3,3
121,130,163,205,-243.690889754096,-0.0257834230632086,3,3,3.96862696659689
121,130,163,211,243.690889754096,0.0257834230632086,3,3,3.96862696659689
121,130,173,211,-54.5890104579478,-0.115099820540249,3,3,4.5
121,159,89,92,-243.690889754096,-0.0257834230632086,3,3,3.96862696659689
121,159,89,94,54.5890104579478,0.115099820540249,3,3,4.5
121,159,89,124,44.5985281604161,0.140883243603458,3,3,3
121,159,92,130,243.690889754096,0.0257834230632086,3,3,3.96862696659689
121,159,94,124,243.690889754096,0.0257834230632086,3,3,3.96862696659689
121,159,124,132,243.690889754096,0.0257834230632086,3,3,3.96862696659689
121,159,124,166,44.5985281604161,0.140883243603458,3,3,3
121,159,130,163,44.5985281604161,0.140883243603458,3,3,3
121,159,130,173,54.5890104579478,0.115099820540249,3,3,4.5
121,159,132,166,54.5890104579478,0.115099820540249,3,3,4.5
121,159,163,173,-243.690889754096,-0.0257834230632086,3,3,3.96862696659689
121,159,163,205,44.5985281604161,0.140883243603458,3,3,3
121,159,163,211,243.690889754096,0.0257834230632086,3,3,3.96862696659689
121,159,166,208,243.690889754096,0.0257834230632086,3,3,3.96862696659689
121,159,205,208,243.690889754096,0.0257834230632086,3,3,3.96862696659689
121,159,205,211,-54.5890104579478,-0.115099820540249,3,3,4.5
121,163,89,92,243.690889754096,0.0257834230632086,3,3,3.96862696659689
121,163,89,124,243.690889754096,0.0257834230632086,3,3,3.96862696659689
121,163,92,101,54.5890104579478,0.115099820540249,3,3,4.5
121,163,92,130,44.5985281604161,0.140883243603458,3,3,3
121,163,101,130,243.690889754096,0.0257834230632086,3,3,3.96862696659689
121,163,124,159,44.5985281604161,0.140883243603458,3,3,3
121,163,124,166,54.5890104579478,0.115099820540249,3,3,4.5
121,163,130,142,243.690889754096,0.0257834230632086,3,3,3.96862696659689
121,163,130,173,44.5985281604161,0.140883243603458,3,3,3
121,163,142,173,54.5890104579478,0.115099820540249,3,3,4.5
121,163,159,166,-243.690889754096,-0.0257834230632086,3,3,3.96862696659689
121,163,159,205,44.5985281604161,0.140883243603458,3,3,3
121,163,159,208,243.690889754096,0.0257834230632086,3,3,3.96862696659689
121,163,173,211,243.690889754096,0.0257834230632086,3,3,3.96862696659689
121,163,205,208,-54.5890104579478,-0.115099820540249,3,3,4.5
121,163,205,211,243.690889754096,0.0257834230632086,3,3,3.96862696659689
122,140,64,84,-54.5890104579478,-0.115099820540249,3,3,4.5
122,140,64,96,243.690889754096,0.0257834230632086,3,3,3.96862696659689
122,140,82,96,-243.690889754096,-0.0257834230632086,3,3,3.96862696659689
122,140,82,118,54.5890104579478,0.115099820540249,3,3,4.5
122,140,84,96,44.5985281604161,0.140883243603458,3,3,3
122,140,84,113,-243.690889754096,-0.0257834230632086,3,3,3.96862696659689
122,140,96,118,44.5985281604161,0.140883243603458,3,3,3
122,140,113,155,243.690889754096,0.0257834230632086,3,3,3.96862696659689
122,140,118,164,243.690889754096,0.0257834230632086,3,3,3.96862696659689
122,140,155,168,44.5985281604161,0.140883243603458,3,3,3
122,140,155,203,54.5890104579478,0.115099820540249,3,3,4.5
122,140,164,186,-243.690889754096,-0.0257834230632086,3,3,3.96862696659689
122,140,168,186,44.5985281604161,0.140883243603458,3,3,3
122,140,168,203,-243.690889754096,-0.0257834230632086,3,3,3.96862696659689
122,140,168,218,243.690889754096,0.0257834230632086,3,3,3.96862696659689
122,140,186,218,-54.5890104579478,-0.115099820540249,3,3,4.5
122,155,77,84,-54.5890104579478,-0.115099820540249,3,3,4.5
122,155,77,113,243.690889754096,0.0257834230632086,3,3,3.96862696659689
122,155,84,96,-243.690889754096,-0.0257834230632086,3,3,3.96862696659689
122,155,84,113,44.5985281604161,0.140883243603458,3,3,3
122,155,96,140,243.690889754096,0.0257834230632086,3,3,3.96862696659689
122,155,111,113,-243.690889754096,-0.0257834230632086,3,3,3.96862696659689
122,155,111,149,54.5890104579478,0.115099820540249,3,3,4.5
122,155,113,149,44.5985281604161,0.140883243603458,3,3,3
122,155,140,168,44.5985281604161,0.140883243603458,3,3,3
122,155,140,186,54.5890104579478,0.115099820540249,3,3,4.5
122,155,149,192,243.690889754096,0.0257834230632086,3,3,3.96862696659689
122,155,168,186,-243.690889754096,-0.0257834230632086,3,3,3.96862696659689
122,155,168,203,44.5985281604161,0.140883243603458,3,3,3
122,155,168,218,243.690889754096,0.0257834230632086,3,3,3.96862696659689
122,155,192,203,-243.690889754096,-0.0257834230632086,3,3,3.96862696659689
122,155,203,218,-54.5890104579478,-0.115099820540249,3,3,4.5
122,168,84,96,243.690889754096,0.0257834230632086,3,3,3.96862696659689
122,168,84,113,243.690889754096,0.0257834230632086,3,3,3.96862696659689
122,168,96,118,54.5890104579478,0.115099820540249,3,3,4.5
122,168,96,140,44.5985281604161,0.140883243603458,3,3,3
122,168,113,149,54.5890104579478,0.115099820540249,3,3,4.5
122,168,113,155,44.5985281604161,0.140883243603458,3,3,3
122,168,118,140,243.690889754096,0.0257834230632086,3,3,3.96862696659689
122,168,140,164,243.690889754096,0.0257834230632086,3,3,3.96862696659689
122,168,140,186,44.5985281604161,0.140883243603458,3,3,3
122,168,149,155,243.690889754096,0.0257834230632086,3,3,3.96862696659689
122,168,155,192,243.690889754096,0.0257834230632086,3,3,3.96862696659689
122,168,155,203,44.5985281604161,0.140883243603458,3,3,3
122,168,164,186,54.5890104579478,0.115099820540249,3,3,4.5
122,168,186,218,243.690889754096,0.0257834230632086,3,3,3.96862696659689
122,168,192,203,54.5890104579478,0.115099820540249,3,3,4.5
122,168,203,218,243.690889754096,0.0257834230632086,3,3,3.96862696659689
123,131,61,88,-54.5890104579478,-0.115099820540249,3,3,4.5
123,131,61,93,243.690889754096,0.0257834230632086,3,3,3.96862696659689
123,131,70,93,-243.690889754096,-0.0257834230632086,3,3,3.96862696659689
123,131,70,105,54.5890104579478,0.115099820540249,3,3,4.5
123,131,88,93,44.5985281604161,0.140883243603458,3,3,3
123,131,88,120,-243.690889754096,-0.0257834230632086,3,3,3.96862696659689
123,131,93,105,44.5985281604161,0.140883243603458,3,3,3
123,131,105,147,243.690889754096,0.0257834230632086,3,3,3.96862696659689
123,131,120,158,243.690889754096,0.0257834230632086,3,3,3.96862696659689
123,131,147,179,-243.690889754096,-0.0257834230632086,3,3,3.96862696659689
123,131,158,165,44.5985281604161,0.140883243603458,3,3,3
123,131,158,207,54.5890104579478,0.115099820540249,3,3,4.5
123,131,165,179,44.5985281604161,0.140883243603458,3,3,3
123,131,165,207,-243.690889754096,-0.0257834230632086,3,3,3.96862696659689
123,131,165,214,243.690889754096,0.0257834230632086,3,3,3.96862696659689
123,131,179,214,-54.5890104579478,-0.115099820540249,3,3,4.5
123,158,88,91,54.5890104579478,0.115099820540249,3,3,4.5
123,158,88,93,-243.690889754096,-0.0257834230632086,3,3,3.96862696659689
123,158,88,120,44.5985281604161,0.140883243603458,3,3,3
123,158,91,120,243.690889754096,0.0257834230632086,3,3,3.96862696659689
123,158,93,131,243.690889754096,0.0257834230632086,3,3,3.96862696659689
123,158,120,129,243.690889754096,0.0257834230632086,3,3,3.96862696659689
123,158,120,162,44.5985281604161,0.140883243603458,3,3,3
123,158,129,162,54.5890104579478,0.115099820540249,3,3,4.5
123,158,131,165,44.5985281604161,0.140883243603458,3,3,3
123,158,131,179,54.5890104579478,0.115099820540249,3,3,4.5
123,158,162,204,243.690889754096,0.0257834230632086,3,3,3.96862696659689
123,158,165,179,-243.690889754096,-0.0257834230632086,3,3,3.96862696659689
123,158,165,207,44.5985281604161,0.140883243603458,3,3,3
123,158,165,214,243.690889754096,0.0257834230632086,3,3,3.96862696659689
123,158,204,207,-243.690889754096,-0.0257834230632086,3,3,3.96862696659689
123,158,207,214,-54.5890104579478,-0.115099820540249,3,3,4.5
123,165,88,93,243.690889754096,0.0257834230632086,3,3,3.96862696659689
123,165,88,120,243.690889754096,0.0257834230632086,3,3,3.96862696659689
123,165,93,105,54.5890104579478,0.115099820540249,3,3,4.5
123,165,93,131,44.5985281604161,0.140883243603458,3,3,3
123,165,105,131,243.690889754096,0.0257834230632086,3,3,3.96862696659689
123,165,120,158,44.5985281604161,0.140883243603458,3,3,3
123,165,120,162,54.5890104579478,0.115099820540249,3,3,4.5
123,165,131,147,243.690889754096,0.0257834230632086,3,3,3.96862696659689
123,165,131,179,44.5985281604161,0.140883243603458,3,3,3
123,165,147,179,54.5890104579478,0.115099820540249,3,3,4.5
123,165,158,162,-243.690889754096,-0.0257834230632086,3,3,3.96862696659689
123,165,158,204,243.690889754096,0.0257834230632086,3,3,3.96862696659689
123,165,158,207,44.5985281604161,0.140883243603458,3,3,3
123,165,179,214,243.690889754096,0.0257834230632086,3,3,3.96862696659689
123,165,204,207,54.5890104579478,0.115099820540249,3,3,4.5
123,165,207,214,243.690889754096,0.0257834230632086,3,3,3.96862696659689
124,132,62,89,-54.5890104579478,-0.115099820540249,3,3,4.5
124,132,62,94,243.690889754096,0.0257834230632086,3,3,3.96862696659689
124,132,71,94,-243.690889754096,-0.0257834230632086,3,3,3.96862696659689
124,132,71,106,54.5890104579478,0.115099820540249,3,3,4.5
124,132,89,94,44.5985281604161,0.140883243603458,3,3,3
124,132,89,121,-243.690889754096,-0.0257834230632086,3,3,3.96862696659689
124,132,94,106,44.5985281604161,0.140883243603458,3,3,3
124,132,106,148,243.690889754096,0.0257834230632086,3,3,3.96862696659689
124,132,121,159,243.690889754096,0.0257834230632086,3,3,3.96862696659689
124,132,148,180,-243.690889754096,-0.0257834230632086,3,3,3.96862696659689
124,132,159,166,44.5985281604161,0.140883243603458,3,3,3
124,132,159,208,54.5890104579478,0.115099820540249,3,3,4.5
124,132,166,180,44.5985281604161,0.140883243603458,3,3,3
124,132,166,208,-243.690889754096,-0.0257834230632086,3,3,3.96862696659689
124,132,166,215,243.690889754096,0.0257834230632086,3,3,3.96862696659689
124,132,180,215,-54.5890104579478,-0.115099820540249,3,3,4.5
124,159,89,92,54.5890104579478,0.115099820540249,3,3,4.5
124,159,89,94,-243.690889754096,-0.0257834230632086,3,3,3.96862696659689
124,159,89,121,44.5985281604161,0.140883243603458,3,3,3
124,159,92,121,243.690889754096,0.0257834230632086,3,3,3.96862696659689
124,159,94,132,243.690889754096,0.0257834230632086,3,3,3.96862696659689
124,159,121,130,243.690889754096,0.0257834230632086,3,3,3.96862696659689
124,159,121,163,44.5985281604161,0.140883243603458,3,3,3
124,159,130,163,54.5890104579478,0.115099820540249,3,3,4.5
124,159,132,166,44.5985281604161,0.140883243603458,3,3,3
124,159,132,180,54.5890104579478,0.115099820540249,3,3,4.5
124,159,163,205,243.690889754096,0.0257834230632086,3,3,3.96862696659689
124,159,166,180,-243.690889754096,-0.0257834230632086,3,3,3.96862696659689
124,159,166,208,44.5985281604161,0.140883243603458,3,3,3
124,159,166,215,243.690889754096,0.0257834230632086,3,3,3.96862696659689
124,159,205,208,-243.690889754096,-0.0257834230632086,3,3,3.96862696659689
124,159,208,215,-54.5890104579478,-0.115099820540249,3,3,4.5
124,166,89,94,243.690889754096,0.0257834230632086,3,3,3.96862696659689
124,166,89,121,243.690889754096,0.0257834230632086,3,3,3.96862696659689
124,166,94,106,54.5890104579478,0.115099820540249,3,3,4.5
124,166,94,132,44.5985281604161,0.140883243603458,3,3,3
124,166,106,132,243.690889754096,0.0257834230632086,3,3,3.96862696659689
124,166,121,159,44.5985281604161,0.140883243603458,3,3,3
124,166,121,163,54.5890104579478,0.115099820540249,3,3,4.5
124,166,132,148,243.690889754096,0.0257834230632086,3,3,3.96862696659689
124,166,132,180,44.5985281604161,0.140883243603458,3,3,3
124,166,148,180,54.5890104579478,0.115099820540249,3,3,4.5
124,166,159,163,-243.690889754096,-0.0257834230632086,3,3,3.96862696659689
124,166,159,205,243.690889754096,0.0257834230632086,3,3,3.96862696659689
124,166,159,208,44.5985281604161,0.140883243603458,3,3,3
124,166,180,215,243.690889754096,0.0257834230632086,3,3,3.96862696659689
124,166,205,208,54.5890104579478,0.115099820540249,3,3,4.5
124,166,208,215,243.690889754096,0.0257834230632086,3,3,3.96862696659689
125,147,70,85,-54.5890104579478,-0.115099820540249,3,3,4.5
125,147,70,105,243.690889754096,0.0257834230632086,3,3,3.96862696659689
125,147,85,105,44.5985281604161,0.140883243603458,3,3,3
125,147,85,108,-243.690889754096,-0.0257834230632086,3,3,3.96862696659689
125,147,93,105,-243.690889754096,-0.0257834230632086,3,3,3.96862696659689
125,147,93,131,54.5890104579478,0.115099820540249,3,3,4.5
125,147,105,131,44.5985281604161,0.140883243603458,3,3,3
125,147,108,152,243.690889754096,0.0257834230632086,3,3,3.96862696659689
125,147,131,179,243.690889754096,0.0257834230632086,3,3,3.96862696659689
125,147,152,169,44.5985281604161,0.140883243603458,3,3,3
125,147,152,200,54.5890104579478,0.115099820540249,3,3,4.5
125,147,169,198,44.5985281604161,0.140883243603458,3,3,3
125,147,169,200,-243.690889754096,-0.0257834230632086,3,3,3.96862696659689
125,147,169,222,243.690889754096,0.0257834230632086,3,3,3.96862696659689
125,147,179,198,-243.690889754096,-0.0257834230632086,3,3,3.96862696659689
125,147,198,222,-54.5890104579478,-0.115099820540249,3,3,4.5
125,152,74,85,-54.5890104579478,-0.115099820540249,3,3,4.5
125,152,74,108,243.690889754096,0.0257834230632086,3,3,3.96862696659689
125,152,85,105,-243.690889754096,-0.0257834230632086,3,3,3.96862696659689
125,152,85,108,44.5985281604161,0.140883243603458,3,3,3
125,152,99,108,-243.690889754096,-0.0257834230632086,3,3,3.96862696659689
125,152,99,138,54.5890104579478,0.115099820540249,3,3,4.5
125,152,105,147,243.690889754096,0.0257834230632086,3,3,3.96862696659689
125,152,108,138,44.5985281604161,0.140883243603458,3,3,3
125,152,138,183,243.690889754096,0.0257834230632086,3,3,3.96862696659689
125,152,147,169,44.5985281604161,0.140883243603458,3,3,3
125,152,147,198,54.5890104579478,0.115099820540249,3,3,4.5
125,152,169,198,-243.690889754096,-0.0257834230632086,3,3,3.96862696659689
125,152,169,200,44.5985281604161,0.140883243603458,3,3,3
125,152,169,222,243.690889754096,0.0257834230632086,3,3,3.96862696659689
125,152,183,200,-243.690889754096,-0.0257834230632086,3,3,3.96862696659689
125,152,200,222,-54.5890104579478,-0.115099820540249,3,3,4.5
125,169,85,105,243.690889754096,0.0257834230632086,3,3,3.96862696659689
125,169,85,108,243.690889754096,0.0257834230632086,3,3,3.96862696659689
125,169,105,131,54.5890104579478,0.115099820540249,3,3,4.5
125,169,105,147,44.5985281604161,0.140883243603458,3,3,3
125,169,108,138,54.5890104579478,0.115099820540249,3,3,4.5
125,169,108,152,44.5985281604161,0.140883243603458,3,3,3
125,169,131,147,243.690889754096,0.0257834230632086,3,3,3.96862696659689
125,169,138,152,243.690889754096,0.0257834230632086,3,3,3.96862696659689
125,169,147,179,243.690889754096,0.0257834230632086,3,3,3.96862696659689
125,169,147,198,44.5985281604161,0.140883243603458,3,3,3
125,169,152,183,243.690889754096,0.0257834230632086,3,3,3.96862696659689
125,169,152,200,44.5985281604161,0.140883243603458,3,3,3
125,169,179,198,54.5890104579478,0.115099820540249,3,3,4.5
125,169,183,200,54.5890104579478,0.115099820540249,3,3,4.5
125,169,198,222,243.690889754096,0.0257834230632086,3,3,3.96862696659689
125,169,200,222,243.690889754096,0.0257834230632086,3,3,3.96862696659689
126,148,71,86,-54.5890104579478,-0.115099820540249,3,3,4.5
126,148,71,106,243.690889754096,0.0257834230632086,3,3,3.96862696659689
126,148,86,106,44.5985281604161,0.140883243603458,3,3,3
126,148,86,109,-243.690889754096,-0.0257834230632086,3,3,3.96862696659689
126,148,94,106,-243.690889754096,-0.0257834230632086,3,3,3.96862696659689
126,148,94,132,54.5890104579478,0.115099820540249,3,3,4.5
126,148,106,132,44.5985281604161,0.140883243603458,3,3,3
126,148,109,153,243.690889754096,0.0257834230632086,3,3,3.96862696659689
126,148,132,180,243.690889754096,0.0257834230632086,3,3,3.96862696659689
126,148,153,170,44.5985281604161,0.140883243603458,3,3,3
126,148,153,201,54.5890104579478,0.115099820540249,3,3,4.5
126,148,170,199,44.5985281604161,0.140883243603458,3,3,3
126,148,170,201,-243.690889754096,-0.0257834230632086,3,3,3.96862696659689
126,148,170,223,243.690889754096,0.0257834230632086,3,3,3.96862696659689
126,148,180,199,-243.690889754096,-0.0257834230632086,3,3,3.96862696659689
126,148,199,223,-54.5890104579478,-0.115099820540249,3,3,4.5
126,153,75,86,-54.5890104579478,-0.115099820540249,3,3,4.5
126,153,75,109,243.690889754096,0.0257834230632086,3,3,3.96862696659689
126,153,86,106,-243.690889754096,-0.0257834230632086,3,3,3.96862696659689
126,153,86,109,44.5985281604161,0.140883243603458,3,3,3
126,153,102,109,-243.690889754096,-0.0257834230632086,3,3,3.96862696659689
126,153,102,139,54.5890104579478,0.115099820540249,3,3,4.5
126,153,106,148,243.690889754096,0.0257834230632086,3,3,3.96862696659689
126,153,109,139,44.5985281604161,0.140883243603458,3,3,3
126,153,139,184,243.690889754096,0.0257834230632086,3,3,3.96862696659689
126,153,148,170,44.5985281604161,0.140883243603458,3,3,3
126,153,148,199,54.5890104579478,0.115099820540249,3,3,4.5
126,153,170,199,-243.690889754096,-0.0257834230632086,3,3,3.96862696659689
126,153,170,201,44.5985281604161,0.140883243603458,3,3,3
126,153,170,223,243.690889754096,0.0257834230632086,3,3,3.96862696659689
126,153,184,201,-243.690889754096,-0.0257834230632086,3,3,3.96862696659689
126,153,201,223,-54.5890104579478,-0.115099820540249,3,3,4.5
126,170,86,106,243.690889754096,0.0257834230632086,3,3,3.96862696659689
126,170,86,109,243.690889754096,0.0257834230632086,3,3,3.96862696659689
126,170,106,132,54.5890104579478,0.115099820540249,3,3,4.5
126,170,106,148,44.5985281604161,0.140883243603458,3,3,3
126,170,109,139,54.5890104579478,0.115099820540249,3,3,4.5
126,170,109,153,44.5985281604161,0.140883243603458,3,3,3
126,170,132,148,243.690889754096,0.0257834230632086,3,3,3.96862696659689
126,170,139,153,243.690889754096,0.0257834230632086,3,3,3.96862696659689
126,170,148,180,243.690889754096,0.0257834230632086,3,3,3.96862696659689
126,170,148,199,44.5985281604161,0.140883243603458,3,3,3
126,170,153,184,243.690889754096,0.0257834230632086,3,3,3.96862696659689
126,170,153,201,44.5985281604161,0.140883243603458,3,3,3
126,170,180,199,54.5890104579478,0.115099820540249,3,3,4.5
126,170,184,201,54.5890104579478,0.115099820540249,3,3,4.5
126,170,199,223,243.690889754096,0.0257834230632086,3,3,3.96862696659689
126,170,201,223,243.690889754096,0.0257834230632086,3,3,3.96862696659689
127,145,69,87,-54.5890104579478,-0.115099820540249,3,3,4.5
127,145,69,103,243.690889754096,0.0257834230632086,3,3,3.96862696659689
127,145,87,103,44.5985281604161,0.140883243603458,3,3,3
127,145,87,114,-243.690889754096,-0.0257834230632086,3,3,3.96862696659689
127,145,90,103,-243.690889754096,-0.0257834230632086,3,3,3.96862696659689
127,145,90,128,54.5890104579478,0.115099820540249,3,3,4.5
127,145,103,128,44.5985281604161,0.140883243603458,3,3,3
127,145,114,156,243.690889754096,0.0257834230632086,3,3,3.96862696659689
127,145,128,174,243.690889754096,0.0257834230632086,3,3,3.96862696659689
127,145,156,171,44.5985281604161,0.140883243603458,3,3,3
127,145,156,206,54.5890104579478,0.115099820540249,3,3,4.5
127,145,171,197,44.5985281604161,0.140883243603458,3,3,3
127,145,171,206,-243.690889754096,-0.0257834230632086,3,3,3.96862696659689
127,145,171,227,243.690889754096,0.0257834230632086,3,3,3.96862696659689
127,145,174,197,-243.690889754096,-0.0257834230632086,3,3,3.96862696659689
127,145,197,227,-54.5890104579478,-0.115099820540249,3,3,4.5
127,156,78,87,-54.5890104579478,-0.115099820540249,3,3,4.5
127,156,78,114,243.690889754096,0.0257834230632086,3,3,3.96862696659689
127,156,87,103,-243.690889754096,-0.0257834230632086,3,3,3.96862696659689
127,156,87,114,44.5985281604161,0.140883243603458,3,3,3
127,156,103,145,243.690889754096,0.0257834230632086,3,3,3.96862696659689
127,156,110,114,-243.690889754096,-0.0257834230632086,3,3,3.96862696659689
127,156,110,150,54.5890104579478,0.115099820540249,3,3,4.5
127,156,114,150,44.5985281604161,0.140883243603458,3,3,3
127,156,145,171,44.5985281604161,0.140883243603458,3,3,3
127,156,145,197,54.5890104579478,0.115099820540249,3,3,4.5
127,156,150,193,243.690889754096,0.0257834230632086,3,3,3.96862696659689
127,156,171,197,-243.690889754096,-0.0257834230632086,3,3,3.96862696659689
127,156,171,206,44.5985281604161,0.140883243603458,3,3,3
127,156,171,227,243.690889754096,0.0257834230632086,3,3,3.96862696659689
127,156,193,206,-243.690889754096,-0.0257834230632086,3,3,3.96862696659689
127,156,206,227,-54.5890104579478,-0.115099820540249,3,3,4.5
127,171,87,103,243.690889754096,0.0257834230632086,3,3,3.96862696659689
127,171,87,114,243.690889754096,0.0257834230632086,3,3,3.96862696659689
127,171,103,128,54.5890104579478,0.115099820540249,3,3,4.5
127,171,103,145,44.5985281604161,0.140883243603458,3,3,3
127,171,114,150,54.5890104579478,0.115099820540249,3,3,4.5
127,171,114,156,44.5985281604161,0.140883243603458,3,3,3
127,171,128,145,243.690889754096,0.0257834230632086,3,3,3.96862696659689
127,171,145,174,243.690889754096,0.0257834230632086,3,3,3.96862696659689
127,171,145,197,44.5985281604161,0.140883243603458,3,3,3
127,171,150,156,243.690889754096,0.0257834230632086,3,3,3.96862696659689
127,171,156,193,243.690889754096,0.0257834230632086,3,3,3.96862696659689
127,171,156,206,44.5985281604161,0.140883243603458,3,3,3
127,171,174,197,54.5890104579478,0.115099820540249,3,3,4.5
127,171,193,206,54.5890104579478,0.115099820540249,3,3,4.5
127,171,197,227,243.690889754096,0.0257834230632086,3,3,3.96862696659689
127,171,206,227,243.690889754096,0.0257834230632086,3,3,3.96862696659689
128,145,69,90,-54.5890104579478,-0.115099820540249,3,3,4.5
128,145,69,103,243.690889754096,0.0257834230632086,3,3,3.96862696659689
128,145,87,103,-243.690889754096,-0.0257834230632086,3,3,3.96862696659689
128,145,87,127,54.5890104579478,0.115099820540249,3,3,4.5
128,145,90,103,44.5985281604161,0.140883243603458,3,3,3
128,145,90,115,-243.690889754096,-0.0257834230632086,3,3,3.96862696659689
128,145,103,127,44.5985281604161,0.140883243603458,3,3,3
128,145,115,157,243.690889754096,0.0257834230632086,3,3,3.96862696659689
128,145,127,171,243.690889754096,0.0257834230632086,3,3,3.96862696659689
128,145,157,174,44.5985281604161,0.140883243603458,3,3,3
128,145,157,209,54.5890104579478,0.115099820540249,3,3,4.5
128,145,171,197,-243.690889754096,-0.0257834230632086,3,3,3.96862696659689
128,145,174,197,44.5985281604161,0.140883243603458,3,3,3
128,145,174,209,-243.690889754096,-0.0257834230632086,3,3,3.96862696659689
128,145,174,230,243.690889754096,0.0257834230632086,3,3,3.96862696659689
128,145,197,230,-54.5890104579478,-0.115099820540249,3,3,4.5
128,157,80,90,-54.5890104579478,-0.115099820540249,3,3,4.5
128,157,80,115,243.690889754096,0.0257834230632086,3,3,3.96862696659689
128,157,90,103,-243.690889754096,-0.0257834230632086,3,3,3.96862696659689
128,157,90,115,44.5985281604161,0.140883243603458,3,3,3
128,157,103,145,243.690889754096,0.0257834230632086,3,3,3.96862696659689
128,157,111,115,-243.690889754096,-0.0257834230632086,3,3,3.96862696659689
128,157,111,151,54.5890104579478,0.115099820540249,3,3,4.5
128,157,115,151,44.5985281604161,0.140883243603458,3,3,3
128,157,145,174,44.5985281604161,0.140883243603458,3,3,3
128,157,145,197,54.5890104579478,0.115099820540249,3,3,4.5
128,157,151,196,243.690889754096,0.0257834230632086,3,3,3.96862696659689
128,157,174,197,-243.690889754096,-0.0257834230632086,3,3,3.96862696659689
128,157,174,209,44.5985281604161,0.140883243603458,3,3,3
128,157,174,230,243.690889754096,0.0257834230632086,3,3,3.96862696659689
128,157,196,209,-243.690889754096,-0.0257834230632086,3,3,3.96862696659689
128,157,209,230,-54.5890104579478,-0.115099820540249,3,3,4.5
128,174,90,103,243.690889754096,0.0257834230632086,3,3,3.96862696659689
128,174,90,115,243.690889754096,0.0257834230632086,3,3,3.96862696659689
128,174,103,127,54.5890104579478,0.115099820540249,3,3,4.5
128,174,103,145,44.5985281604161,0.140883243603458,3,3,3
128,174,115,151,54.5890104579478,0.115099820540249,3,3,4.5
128,174,115,157,44.5985281604161,0.140883243603458,3,3,3
128,174,127,145,243.690889754096,0.0257834230632086,3,3,3.96862696659689
128,174,145,171,243.690889754096,0.0257834230632086,3,3,3.96862696659689
128,174,145,197,44.5985281604161,0.140883243603458,3,3,3
128,174,151,157,243.690889754096,0.0257834230632086,3,3,3.96862696659689
128,174,157,196,243.690889754096,0.0257834230632086,3,3,3.96862696659689
128,174,157,209,44.5985281604161,0.140883243603458,3,3,3
128,174,171,197,54.5890104579478,0.115099820540249,3,3,4.5
128,174,196,209,54.5890104579478,0.115099820540249,3,3,4.5
128,174,197,230,243.690889754096,0.0257834230632086,3,3,3.96862696659689
128,174,209,230,243.690889754096,0.0257834230632086,3,3,3.96862696659689
129,141,65,91,-54.5890104579478,-0.115099820540249,3,3,4.5
129,141,65,100,243.690889754096,0.0257834230632086,3,3,3.96862696659689
129,141,79,100,-243.690889754096,-0.0257834230632086,3,3,3.96862696659689
129,141,79,116,54.5890104579478,0.115099820540249,3,3,4.5
129,141,91,100,44.5985281604161,0.140883243603458,3,3,3
129,141,91,120,-243.690889754096,-0.0257834230632086,3,3,3.96862696659689
129,141,100,116,44.5985281604161,0.140883243603458,3,3,3
129,141,116,160,243.690889754096,0.0257834230632086,3,3,3.96862696659689
129,141,120,162,243.690889754096,0.0257834230632086,3,3,3.96862696659689
129,141,160,188,-243.690889754096,-0.0257834230632086,3,3,3.96862696659689
129,141,162,172,44.5985281604161,0.140883243603458,3,3,3
129,141,162,210,54.5890104579478,0.115099820540249,3,3,4.5
129,141,172,188,44.5985281604161,0.140883243603458,3,3,3
129,141,172,210,-243.690889754096,-0.0257834230632086,3,3,3.96862696659689
129,141,172,225,243.690889754096,0.0257834230632086,3,3,3.96862696659689
129,141,188,225,-54.5890104579478,-0.115099820540249,3,3,4.5
129,162,88,91,-54.5890104579478,-0.115099820540249,3,3,4.5
129,162,88,120,243.690889754096,0.0257834230632086,3,3,3.96862696659689
129,162,91,100,-243.690889754096,-0.0257834230632086,3,3,3.96862696659689
129,162,91,120,44.5985281604161,0.140883243603458,3,3,3
129,162,100,141,243.690889754096,0.0257834230632086,3,3,3.96862696659689
129,162,120,123,243.690889754096,0.0257834230632086,3,3,3.96862696659689
129,162,120,158,44.5985281604161,0.140883243603458,3,3,3
129,162,123,158,54.5890104579478,0.115099820540249,3,3,4.5
129,162,141,172,44.5985281604161,0.140883243603458,3,3,3
129,162,141,188,54.5890104579478,0.115099820540249,3,3,4.5
129,162,158,204,243.690889754096,0.0257834230632086,3,3,3.96862696659689
129,162,172,188,-243.690889754096,-0.0257834230632086,3,3,3.96862696659689
129,162,172,210,44.5985281604161,0.140883243603458,3,3,3
129,162,172,225,243.690889754096,0.0257834230632086,3,3,3.96862696659689
129,162,204,210,-243.690889754096,-0.0257834230632086,3,3,3.96862696659689
129,162,210,225,-54.5890104579478,-0.115099820540249,3,3,4.5
129,172,91,100,243.690889754096,0.0257834230632086,3,3,3.96862696659689
129,172,91,120,243.690889754096,0.0257834230632086,3,3,3.96862696659689
129,172,100,116,54.5890104579478,0.115099820540249,3,3,4.5
129,172,100,141,44.5985281604161,0.140883243603458,3,3,3
129,172,116,141,243.690889754096,0.0257834230632086,3,3,3.96862696659689
129,172,120,158,54.5890104579478,0.115099820540249,3,3,4.5
129,172,120,162,44.5985281604161,0.140883243603458,3,3,3
129,172,141,160,243.690889754096,0.0257834230632086,3,3,3.96862696659689
129,172,141,188,44.5985281604161,0.140883243603458,3,3,3
129,172,158,162,243.690889754096,0.0257834230632086,3,3,3.96862696659689
129,172,160,188,54.5890104579478,0.115099820540249,3,3,4.5
129,172,162,204,243.690889754096,0.0257834230632086,3,3,3.96862696659689
129,172,162,210,44.5985281604161,0.140883243603458,3,3,3
129,172,188,225,243.690889754096,0.0257834230632086,3,3,3.96862696659689
129,172,204,210,54.5890104579478,0.115099820540249,3,3,4.5
129,172,210,225,243.690889754096,0.0257834230632086,3,3,3.96862696659689
130,142,66,92,-54.5890104579478,-0.115099820540249,3,3,4.5
130,142,66,101,243.690889754096,0.0257834230632086,3,3,3.96862696659689
130,142,79,101,-243.690889754096,-0.0257834230632086,3,3,3.96862696659689
130,142,79,116,54.5890104579478,0.115099820540249,3,3,4.5
130,142,92,101,44.5985281604161,0.140883243603458,3,3,3
130,142,92,121,-243.690889754096,-0.0257834230632086,3,3,3.96862696659689
130,142,101,116,44.5985281604161,0.140883243603458,3,3,3
130,142,116,160,243.690889754096,0.0257834230632086,3,3,3.96862696659689
130,142,121,163,243.690889754096,0.0257834230632086,3,3,3.96862696659689
130,142,160,189,-243.690889754096,-0.0257834230632086,3,3,3.96862696659689
130,142,163,173,44.5985281604161,0.140883243603458,3,3,3
130,142,163,211,54.5890104579478,0.115099820540249,3,3,4.5
130,142,173,189,44.5985281604161,0.140883243603458,3,3,3
130,142,173,211,-243.690889754096,-0.0257834230632086,3,3,3.96862696659689
130,142,173,226,243.690889754096,0.0257834230632086,3,3,3.96862696659689
130,142,189,226,-54.5890104579478,-0.115099820540249,3,3,4.5
130,163,89,92,-54.5890104579478,-0.115099820540249,3,3,4.5
130,163,89,121,243.690889754096,0.0257834230632086,3,3,3.96862696659689
130,163,92,101,-243.690889754096,-0.0257834230632086,3,3,3.96862696659689
130,163,92,121,44.5985281604161,0.140883243603458,3,3,3
130,163,101,142,243.690889754096,0.0257834230632086,3,3,3.96862696659689
130,163,121,124,243.690889754096,0.0257834230632086,3,3,3.96862696659689
130,163,121,159,44.5985281604161,0.140883243603458,3,3,3
130,163,124,159,54.5890104579478,0.115099820540249,3,3,4.5
130,163,142,173,44.5985281604161,0.140883243603458,3,3,3
130,163,142,189,54.5890104579478,0.115099820540249,3,3,4.5
130,163,159,205,243.690889754096,0.0257834230632086,3,3,3.96862696659689
130,163,173,189,-243.690889754096,-0.0257834230632086,3,3,3.96862696659689
130,163,173,211,44.5985281604161,0.140883243603458,3,3,3
130,163,173,226,243.690889754096,0.0257834230632086,3,3,3.96862696659689
130,163,205,211,-243.690889754096,-0.0257834230632086,3,3,3.96862696659689
130,163,211,226,-54.5890104579478,-0.115099820540249,3,3,4.5
130,173,92,101,243.690889754096,0.0257834230632086,3,3,3.96862696659689
130,173,92,121,243.690889754096,0.0257834230632086,3,3,3.96862696659689
130,173,101,116,54.5890104579478,0.115099820540249,3,3,4.5
130,173,101,142,44.5985281604161,0.140883243603458,3,3,3
130,173,116,142,243.690889754096,0.0257834230632086,3,3,3.96862696659689
130,173,121,159,54.5890104579478,0.115099820540249,3,3,4.5
130,173,121,163,44.5985281604161,0.140883243603458,3,3,3
130,173,142,160,243.690889754096,0.0257834230632086,3,3,3.96862696659689
130,173,142,189,44.5985281604161,0.140883243603458,3,3,3
130,173,159,163,243.690889754096,0.0257834230632086,3,3,3.96862696659689
130,173,160,189,54.5890104579478,0.115099820540249,3,3,4.5
130,173,163,205,243.690889754096,0.0257834230632086,3,3,3.96862696659689
130,173,163,211,44.5985281604161,0.140883243603458,3,3,3
130,173,189,226,243.690889754096,0.0257834230632086,3,3,3.96862696659689
130,173,205,211,54.5890104579478,0.115099820540249,3,3,4.5
130,173,211,226,243.690889754096,0.0257834230632086,3,3,3.96862696659689
131,147,70,93,-54.5890104579478,-0.115099820540249,3,3,4.5
131,147,70,105,243.690889754096,0.0257834230632086,3,3,3.96862696659689
131,147,85,105,-243.690889754096,-0.0257834230632086,3,3,3.96862696659689
131,147,85,125,54.5890104579478,0.115099820540249,3,3,4.5
131,147,93,105,44.5985281604161,0.140883243603458,3,3,3
131,147,93,123,-243.690889754096,-0.0257834230632086,3,3,3.96862696659689
131,147,105,125,44.5985281604161,0.140883243603458,3,3,3
131,147,123,165,243.690889754096,0.0257834230632086,3,3,3.96862696659689
131,147,125,169,243.690889754096,0.0257834230632086,3,3,3.96862696659689
131,147,165,179,44.5985281604161,0.140883243603458,3,3,3
131,147,165,214,54.5890104579478,0.115099820540249,3,3,4.5
131,147,169,198,-243.690889754096,-0.0257834230632086,3,3,3.96862696659689
131,147,179,198,44.5985281604161,0.140883243603458,3,3,3
131,147,179,214,-243.690889754096,-0.0257834230632086,3,3,3.96862696659689
131,147,179,231,243.690889754096,0.0257834230632086,3,3,3.96862696659689
131,147,198,231,-54.5890104579478,-0.115099820540249,3,3,4.5
131,165,88,93,-54.5890104579478,-0.115099820540249,3,3,4.5
131,165,88,123,243.690889754096,0.0257834230632086,3,3,3.96862696659689
131,165,93,105,-243.690889754096,-0.0257834230632086,3,3,3.96862696659689
131,165,93,123,44.5985281604161,0.140883243603458,3,3,3
131,165,105,147,243.690889754096,0.0257834230632086,3,3,3.96862696659689
131,165,120,123,-243.690889754096,-0.0257834230632086,3,3,3.96862696659689
131,165,120,158,54.5890104579478,0.115099820540249,3,3,4.5
131,165,123,158,44.5985281604161,0.140883243603458,3,3,3
131,165,147,179,44.5985281604161,0.140883243603458,3,3,3
131,165,147,198,54.5890104579478,0.115099820540249,3,3,4.5
131,165,158,207,243.690889754096,0.0257834230632086,3,3,3.96862696659689
131,165,179,198,-243.690889754096,-0.0257834230632086,3,3,3.96862696659689
131,165,179,214,44.5985281604161,0.140883243603458,3,3,3
131,165,179,231,243.690889754096,0.0257834230632086,3,3,3.96862696659689
131,165,207,214,-243.690889754096,-0.0257834230632086,3,3,3.96862696659689
131,165,214,231,-54.5890104579478,-0.115099820540249,3,3,4.5
131,179,93,105,243.690889754096,0.0257834230632086,3,3,3.96862696659689
131,179,93,123,243.690889754096,0.0257834230632086,3,3,3.96862696659689
131,179,105,125,54.5890104579478,0.115099820540249,3,3,4.5
131,179,105,147,44.5985281604161,0.140883243603458,3,3,3
131,179,123,158,54.5890104579478,0.115099820540249,3,3,4.5
131,179,123,165,44.5985281604161,0.140883243603458,3,3,3
131,179,125,147,243.690889754096,0.0257834230632086,3,3,3.96862696659689
131,179,147,169,243.690889754096,0.0257834230632086,3,3,3.96862696659689
131,179,147,198,44.5985281604161,0.140883243603458,3,3,3
131,179,158,165,243.690889754096,0.0257834230632086,3,3,3.96862696659689
131,179,165,207,243.690889754096,0.0257834230632086,3,3,3.96862696659689
131,179,165,214,44.5985281604161,0.140883243603458,3,3,3
131,179,169,198,54.5890104579478,0.115099820540249,3,3,4.5
131,179,198,231,243.690889754096,0.0257834230632086,3,3,3.96862696659689
131,179,207,214,54.5890104579478,0.115099820540249,3,3,4.5
131,179,214,231,243.690889754096,0.0257834230632086,3,3,3.96862696659689
132,148,71,94,-54.5890104579478,-0.115099820540249,3,3,4.5
132,148,71,106,243.690889754096,0.0257834230632086,3,3,3.96862696659689
132,148,86,106,-243.690889754096,-0.0257834230632086,3,3,3.96862696659689
132,148,86,126,54.5890104579478,0.115099820540249,3,3,4.5
132,148,94,106,44.5985281604161,0.140883243603458,3,3,3
132,148,94,124,-243.690889754096,-0.0257834230632086,3,3,3.96862696659689
132,148,106,126,44.5985281604161,0.140883243603458,3,3,3
132,148,124,166,243.690889754096,0.0257834230632086,3,3,3.96862696659689
132,148,126,170,243.690889754096,0.0257834230632086,3,3,3.96862696659689
132,148,166,180,44.5985281604161,0.140883243603458,3,3,3
132,148,166,215,54.5890104579478,0.115099820540249,3,3,4.5
132,148,170,199,-243.690889754096,-0.0257834230632086,3,3,3.96862696659689
132,148,180,199,44.5985281604161,0.140883243603458,3,3,3
132,148,180,215,-243.690889754096,-0.0257834230632086,3,3,3.96862696659689
132,148,180,232,243.690889754096,0.0257834230632086,3,3,3.96862696659689
132,148,199,232,-54.5890104579478,-0.115099820540249,3,3,4.5
132,166,89,94,-54.5890104579478,-0.115099820540249,3,3,4.5
132,166,89,124,243.690889754096,0.0257834230632086,3,3,3.96862696659689
132,166,94,106,-243.690889754096,-0.0257834230632086,3,3,3.96862696659689
132,166,94,124,44.5985281604161,0.140883243603458,3,3,3
132,166,106,148,243.690889754096,0.0257834230632086,3,3,3.96862696659689
132,166,121,124,-243.690889754096,-0.0257834230632086,3,3,3.96862696659689
132,166,121,159,54.5890104579478,0.115099820540249,3,3,4.5
132,166,124,159,44.5985281604161,0.140883243603458,3,3,3
132,166,148,180,44.5985281604161,0.140883243603458,3,3,3
132,166,148,199,54.5890104579478,0.115099820540249,3,3,4.5
132,166,159,208,243.690889754096,0.0257834230632086,3,3,3.96862696659689
132,166,180,199,-243.690889754096,-0.0257834230632086,3,3,3.96862696659689
132,166,180,215,44.5985281604161,0.140883243603458,3,3,3
132,166,180,232,243.690889754096,0.0257834230632086,3,3,3.96862696659689
132,166,208,215,-243.690889754096,-0.0257834230632086,3,3,3.96862696659689
132,166,215,232,-54.5890104579478,-0.115099820540249,3,3,4.5
132,180,94,106,243.690889754096,0.0257834230632086,3,3,3.96862696659689
132,180,94,124,243.690889754096,0.0257834230632086,3,3,3.96862696659689
132,180,106,126,54.5890104579478,0.115099820540249,3,3,4.5
132,180,106,148,44.5985281604161,0.140883243603458,3,3,3
132,180,124,159,54.5890104579478,0.115099820540249,3,3,4.5
132,180,124,166,44.5985281604161,0.140883243603458,3,3,3
132,180,126,148,243.690889754096,0.0257834230632086,3,3,3.96862696659689
132,180,148,170,243.690889754096,0.0257834230632086,3,3,3.96862696659689
132,180,148,199,44.5985281604161,0.140883243603458,3,3,3
132,180,159,166,243.690889754096,0.0257834230632086,3,3,3.96862696659689
132,180,166,208,243.690889754096,0.0257834230632086,3,3,3.96862696659689
132,180,166,215,44.5985281604161,0.140883243603458,3,3,3
132,180,170,199,54.5890104579478,0.115099820540249,3,3,4.5
132,180,199,232,243.690889754096,0.0257834230632086,3,3,3.96862696659689
132,180,208,215,54.5890104579478,0.115099820540249,3,3,4.5
132,180,215,232,243.690889754096,0.0257834230632086,3,3,3.96862696659689
133,135,67,97,243.690889754096,0.0257834230632086,3,3,3.96862696659689
133,135,67,99,-54.5890104579478,-0.115099820540249,3,3,4.5
133,135,72,97,-243.690889754096,-0.0257834230632086,3,3,3.96862696659689
133,135,72,104,54.5890104579478,0.115099820540249,3,3,4.5
133,135,97,99,-44.5985281604161,-0.140883243603458,3,3,3
133,135,97,104,44.5985281604161,0.140883243603458,3,3,3
133,135,99,138,-243.690889754096,-0.0257834230632086,3,3,3.96862696659689
133,135,104,143,243.690889754096,0.0257834230632086,3,3,3.96862696659689
133,135,138,177,243.690889754096,0.0257834230632086,3,3,3.96862696659689
133,135,143,181,-243.690889754096,-0.0257834230632086,3,3,3.96862696659689
133,135,175,177,-44.5985281604161,-0.140883243603458,3,3,3
133,135,175,181,44.5985281604161,0.140883243603458,3,3,3
133,135,175,219,-243.690889754096,-0.0257834230632086,3,3,3.96862696659689
133,135,175,221,243.690889754096,0.0257834230632086,3,3,3.96862696659689
133,135,177,219,54.5890104579478,0.115099820540249,3,3,4.5
133,135,181,221,-54.5890104579478,-0.115099820540249,3,3,4.5
133,138,67,97,-54.5890104579478,-0.115099820540249,3,3,4.5
133,138,67,99,243.690889754096,0.0257834230632086,3,3,3.96862696659689
133,138,74,99,-243.690889754096,-0.0257834230632086,3,3,3.96862696659689
133,138,74,108,54.5890104579478,0.115099820540249,3,3,4.5
133,138,97,99,44.5985281604161,0.140883243603458,3,3,3
133,138,97,135,-243.690889754096,-0.0257834230632086,3,3,3.96862696659689
133,138,99,108,44.5985281604161,0.140883243603458,3,3,3
133,138,108,152,243.690889754096,0.0257834230632086,3,3,3.96862696659689
133,138,135,175,243.690889754096,0.0257834230632086,3,3,3.96862696659689
133,138,152,183,-243.690889754096,-0.0257834230632086,3,3,3.96862696659689
133,138,175,177,44.5985281604161,0.140883243603458,3,3,3
133,138,175,219,54.5890104579478,0.115099820540249,3,3,4.5
133,138,177,183,44.5985281604161,0.140883243603458,3,3,3
133,138,177,219,-243.690889754096,-0.0257834230632086,3,3,3.96862696659689
133,138,177,228,243.690889754096,0.0257834230632086,3,3,3.96862696659689
133,138,183,228,-54.5890104579478,-0.115099820540249,3,3,4.5
133,175,97,99,-243.690889754096,-0.0257834230632086,3,3,3.96862696659689
133,175,97,104,54.5890104579478,0.115099820540249,3,3,4.5
133,175,97,135,44.5985281604161,0.140883243603458,3,3,3
133,175,99,138,243.690889754096,0.0257834230632086,3,3,3.96862696659689
133,175,104,135,243.690889754096,0.0257834230632086,3,3,3.96862696659689
133,175,135,143,243.690889754096,0.0257834230632086,3,3,3.96862696659689
133,175,135,181,44.5985281604161,0.140883243603458,3,3,3
133,175,138,177,44.5985281604161,0.140883243603458,3,3,3
133,175,138,183,54.5890104579478,0.115099820540249,3,3,4.5
133,175,143,181,54.5890104579478,0.115099820540249,3,3,4.5
133,175,177,183,-243.690889754096,-0.0257834230632086,3,3,3.96862696659689
133,175,177,219,44.5985281604161,0.140883243603458,3,3,3
133,175,177,228,243.690889754096,0.0257834230632086,3,3,3.96862696659689
133,175,181,221,243.690889754096,0.0257834230632086,3,3,3.96862696659689
133,175,219,221,243.690889754096,0.0257834230632086,3,3,3.96862696659689
133,175,219,228,-54.5890104579478,-0.115099820540249,3,3,4.5
133,177,97,99,243.690889754096,0.0257834230632086,3,3,3.96862696659689
133,177,97,135,243.690889754096,0.0257834230632086,3,3,3.96862696659689
133,177,99,108,54.5890104579478,0.115099820540249,3,3,4.5
133,177,99,138,44.5985281604161,0.140883243603458,3,3,3
133,177,108,138,243.690889754096,0.0257834230632086,3,3,3.96862696659689
133,177,135,175,44.5985281604161,0.140883243603458,3,3,3
133,177,135,181,54.5890104579478,0.115099820540249,3,3,4.5
133,177,138,152,243.690889754096,0.0257834230632086,3,3,3.96862696659689
133,177,138,183,44.5985281604161,0.140883243603458,3,3,3
133,177,152,183,54.5890104579478,0.115099820540249,3,3,4.5
133,177,175,181,-243.690889754096,-0.0257834230632086,3,3,3.96862696659689
133,177,175,219,44.5985281604161,0.140883243603458,3,3,3
133,177,175,221,243.690889754096,0.0257834230632086,3,3,3.96862696659689
133,177,183,228,243.690889754096,0.0257834230632086,3,3,3.96862696659689
133,177,219,221,-54.5890104579478,-0.115099820540249,3,3,4.5
133,177,219,228,243.690889754096,0.0257834230632086,3,3,3.96862696659689
134,136,68,98,243.690889754096,0.0257834230632086,3,3,3.96862696659689
134,136,68,102,-54.5890104579478,-0.115099820540249,3,3,4.5
134,136,73,98,-243.690889754096,-0.0257834230632086,3,3,3.96862696659689
134,136,73,107,54.5890104579478,0.115099820540249,3,3,4.5
134,136,98,102,-44.5985281604161,-0.140883243603458,3,3,3
134,136,98,107,44.5985281604161,0.140883243603458,3,3,3
134,136,102,139,-243.690889754096,-0.0257834230632086,3,3,3.96862696659689
134,136,107,144,243.690889754096,0.0257834230632086,3,3,3.96862696659689
134,136,139,178,243.690889754096,0.0257834230632086,3,3,3.96862696659689
134,136,144,182,-243.690889754096,-0.0257834230632086,3,3,3.96862696659689
134,136,176,178,-44.5985281604161,-0.140883243603458,3,3,3
134,136,176,182,44.5985281604161,0.140883243603458,3,3,3
134,136,176,220,-243.690889754096,-0.0257834230632086,3,3,3.96862696659689
134,136,176,224,243.690889754096,0.0257834230632086,3,3,3.96862696659689
134,136,178,220,54.5890104579478,0.115099820540249,3,3,4.5
134,136,182,224,-54.5890104579478,-0.115099820540249,3,3,4.5
134,139,68,98,-54.5890104579478,-0.115099820540249,3,3,4.5
134,139,68,102,243.690889754096,0.0257834230632086,3,3,3.96862696659689
134,139,75,102,-243.690889754096,-0.0257834230632086,3,3,3.96862696659689
134,139,75,109,54.5890104579478,0.115099820540249,3,3,4.5
134,139,98,102,44.5985281604161,0.140883243603458,3,3,3
134,139,98,136,-243.690889754096,-0.0257834230632086,3,3,3.96862696659689
134,139,102,109,44.5985281604161,0.140883243603458,3,3,3
134,139,109,153,243.690889754096,0.0257834230632086,3,3,3.96862696659689
134,139,136,176,243.690889754096,0.0257834230632086,3,3,3.96862696659689
134,139,153,184,-243.690889754096,-0.0257834230632086,3,3,3.96862696659689
134,139,176,178,44.5985281604161,0.140883243603458,3,3,3
134,139,176,220,54.5890104579478,0.115099820540249,3,3,4.5
134,139,178,184,44.5985281604161,0.140883243603458,3,3,3
134,139,178,220,-243.690889754096,-0.0257834230632086,3,3,3.96862696659689
134,139,178,229,243.690889754096,0.0257834230632086,3,3,3.96862696659689
134,139,184,229,-54.5890104579478,-0.115099820540249,3,3,4.5
134,176,98,102,-243.690889754096,-0.0257834230632086,3,3,3.96862696659689
134,176,98,107,54.5890104579478,0.115099820540249,3,3,4.5
134,176,98,136,44.5985281604161,0.140883243603458,3,3,3
134,176,102,139,243.690889754096,0.0257834230632086,3,3,3.96862696659689
134,176,107,136,243.690889754096,0.0257834230632086,3,3,3.96862696659689
134,176,136,144,243.690889754096,0.0257834230632086,3,3,3.96862696659689
134,176,136,182,44.5985281604161,0.140883243603458,3,3,3
134,176,139,178,44.5985281604161,0.140883243603458,3,3,3
134,176,139,184,54.5890104579478,0.115099820540249,3,3,4.5
134,176,144,182,54.5890104579478,0.115099820540249,3,3,4.5
134,176,178,184,-243.690889754096,-0.0257834230632086,3,3,3.96862696659689
134,176,178,220,44.5985281604161,0.140883243603458,3,3,3
134,176,178,229,243.690889754096,0.0257834230632086,3,3,3.96862696659689
134,176,182,224,243.690889754096,0.0257834230632086,3,3,3.96862696659689
134,176,220,224,243.690889754096,0.0257834230632086,3,3,3.96862696659689
134,176,220,229,-54.5890104579478,-0.115099820540249,3,3,4.5
134,178,98,102,243.690889754096,0.0257834230632086,3,3,3.96862696659689
134,178,98,136,243.690889754096,0.0257834230632086,3,3,3.96862696659689
134,178,102,109,54.5890104579478,0.115099820540249,3,3,4.5
134,178,102,139,44.5985281604161,0.140883243603458,3,3,3
134,178,109,139,243.690889754096,0.0257834230632086,3,3,3.96862696659689
134,178,136,176,44.5985281604161,0.140883243603458,3,3,3
134,178,136,182,54.5890104579478,0.115099820540249,3,3,4.5
134,178,139,153,243.690889754096,0.0257834230632086,3,3,3.96862696659689
134,178,139,184,44.5985281604161,0.140883243603458,3,3,3
134,178,153,184,54.5890104579478,0.115099820540249,3,3,4.5
134,178,176,182,-243.690889754096,-0.0257834230632086,3,3,3.96862696659689
134,178,176,220,44.5985281604161,0.140883243603458,3,3,3
134,178,176,224,243.690889754096,0.0257834230632086,3,3,3.96862696659689
134,178,184,229,243.690889754096,0.0257834230632086,3,3,3.96862696659689
134,178,220,224,-54.5890104579478,-0.115099820540249,3,3,4.5
134,178,220,229,243.690889754096,0.0257834230632086,3,3,3.96862696659689
135,143,72,97,-54.5890104579478,-0.115099820540249,3,3,4.5
135,143,72,104,243.690889754096,0.0257834230632086,3,3,3.96862696659689
135,143,81,104,-243.690889754096,-0.0257834230632086,3,3,3.96862696659689
135,143,81,117,54.5890104579478,0.115099820540249,3,3,4.5
135,143,97,104,44.5985281604161,0.140883243603458,3,3,3
135,143,97,133,-243.690889754096,-0.0257834230632086,3,3,3.96862696659689
135,143,104,117,44.5985281604161,0.140883243603458,3,3,3
135,143,117,161,243.690889754096,0.0257834230632086,3,3,3.96862696659689
135,143,133,175,243.690889754096,0.0257834230632086,3,3,3.96862696659689
135,143,161,194,-243.690889754096,-0.0257834230632086,3,3,3.96862696659689
135,143,175,181,44.5985281604161,0.140883243603458,3,3,3
135,143,175,221,54.5890104579478,0.115099820540249,3,3,4.5
135,143,181,194,44.5985281604161,0.140883243603458,3,3,3
135,143,181,221,-243.690889754096,-0.0257834230632086,3,3,3.96862696659689
135,143,181,233,243.690889754096,0.0257834230632086,3,3,3.96862696659689
135,143,194,233,-54.5890104579478,-0.115099820540249,3,3,4.5
135,175,97,99,54.5890104579478,0.115099820540249,3,3,4.5
135,175,97,104,-243.690889754096,-0.0257834230632086,3,3,3.96862696659689
135,175,97,133,44.5985281604161,0.140883243603458,3,3,3
135,175,99,133,243.690889754096,0.0257834230632086,3,3,3.96862696659689
135,175,104,143,243.690889754096,0.0257834230632086,3,3,3.96862696659689
135,175,133,138,243.690889754096,0.0257834230632086,3,3,3.96862696659689
135,175,133,177,44.5985281604161,0.140883243603458,3,3,3
135,175,138,177,54.5890104579478,0.115099820540249,3,3,4.5
135,175,143,181,44.5985281604161,0.140883243603458,3,3,3
135,175,143,194,54.5890104579478,0.115099820540249,3,3,4.5
135,175,177,219,243.690889754096,0.0257834230632086,3,3,3.96862696659689
135,175,181,194,-243.690889754096,-0.0257834230632086,3,3,3.96862696659689
135,175,181,221,44.5985281604161,0.140883243603458,3,3,3
135,175,181,233,243.690889754096,0.0257834230632086,3,3,3.96862696659689
135,175,219,221,-243.690889754096,-0.0257834230632086,3,3,3.96862696659689
135,175,221,233,-54.5890104579478,-0.115099820540249,3,3,4.5
135,181,97,104,243.690889754096,0.0257834230632086,3,3,3.96862696659689
135,181,97,133,243.690889754096,0.0257834230632086,3,3,3.96862696659689
135,181,104,117,54.5890104579478,0.115099820540249,3,3,4.5
135,181,104,143,44.5985281604161,0.140883243603458,3,3,3
135,181,117,143,243.690889754096,0.0257834230632086,3,3,3.96862696659689
135,181,133,175,44.5985281604161,0.140883243603458,3,3,3
135,181,133,177,54.5890104579478,0.115099820540249,3,3,4.5
135,181,143,161,243.690889754096,0.0257834230632086,3,3,3.96862696659689
135,181,143,194,44.5985281604161,0.140883243603458,3,3,3
135,181,161,194,54.5890104579478,0.115099820540249,3,3,4.5
135,181,175,177,-243.690889754096,-0.0257834230632086,3,3,3.96862696659689
135,181,175,219,243.690889754096,0.0257834230632086,3,3,3.96862696659689
135,181,175,221,44.5985281604161,0.140883243603458,3,3,3
135,181,194,233,243.690889754096,0.0257834230632086,3,3,3.96862696659689
135,181,219,221,54.5890104579478,0.115099820540249,3,3,4.5
135,181,221,233,243.690889754096,0.0257834230632086,3,3,3.96862696659689
136,144,73,98,-54.5890104579478,-0.115099820540249,3,3,4.5
136,144,73,107,243.690889754096,0.0257834230632086,3,3,3.96862696659689
136,144,82,107,-243.690889754096,-0.0257834230632086,3,3,3.96862696659689
136,144,82,118,54.5890104579478,0.115099820540249,3,3,4.5
136,144,98,107,44.5985281604161,0.140883243603458,3,3,3
136,144,98,134,-243.690889754096,-0.0257834230632086,3,3,3.96862696659689
136,144,107,118,44.5985281604161,0.140883243603458,3,3,3
136,144,118,164,243.690889754096,0.0257834230632086,3,3,3.96862696659689
136,144,134,176,243.690889754096,0.0257834230632086,3,3,3.96862696659689
136,144,164,195,-243.690889754096,-0.0257834230632086,3,3,3.96862696659689
136,144,176,182,44.5985281604161,0.140883243603458,3,3,3
136,144,176,224,54.5890104579478,0.115099820540249,3,3,4.5
136,144,182,195,44.5985281604161,0.140883243603458,3,3,3
136,144,182,224,-243.690889754096,-0.0257834230632086,3,3,3.96862696659689
136,144,182,234,243.690889754096,0.0257834230632086,3,3,3.96862696659689
136,144,195,234,-54.5890104579478,-0.115099820540249,3,3,4.5
136,176,98,102,54.5890104579478,0.115099820540249,3,3,4.5
136,176,98,107,-243.690889754096,-0.0257834230632086,3,3,3.96862696659689
136,176,98,134,44.5985281604161,0.140883243603458,3,3,3
136,176,102,134,243.690889754096,0.0257834230632086,3,3,3.96862696659689
136,176,107,144,243.690889754096,0.0257834230632086,3,3,3.96862696659689
136,176,134,139,243.690889754096,0.0257834230632086,3,3,3.96862696659689
136,176,134,178,44.5985281604161,0.140883243603458,3,3,3
136,176,139,178,54.5890104579478,0.115099820540249,3,3,4.5
136,176,144,182,44.5985281604161,0.140883243603458,3,3,3
136,176,144,195,54.5890104579478,0.115099820540249,3,3,4.5
136,176,178,220,243.690889754096,0.0257834230632086,3,3,3.96862696659689
136,176,182,195,-243.690889754096,-0.0257834230632086,3,3,3.96862696659689
136,176,182,224,44.5985281604161,0.140883243603458,3,3,3
136,176,182,234,243.690889754096,0.0257834230632086,3,3,3.96862696659689
136,176,220,224,-243.690889754096,-0.0257834230632086,3,3,3.96862696659689
136,176,224,234,-54.5890104579478,-0.115099820540249,3,3,4.5
136,182,98,107,243.690889754096,0.0257834230632086,3,3,3.96862696659689
136,182,98,134,243.690889754096,0.0257834230632086,3,3,3.96862696659689
136,182,107,118,54.5890104579478,0.115099820540249,3,3,4.5
136,182,107,144,44.5985281604161,0.140883243603458,3,3,3
136,182,118,144,243.690889754096,0.0257834230632086,3,3,3.96862696659689
136,182,134,176,44.5985281604161,0.140883243603458,3,3,3
136,182,134,178,54.5890104579478,0.115099820540249,3,3,4.5
136,182,144,164,243.690889754096,0.0257834230632086,3,3,3.96862696659689
136,182,144,195,44.5985281604161,0.140883243603458,3,3,3
136,182,164,195,54.5890104579478,0.115099820540249,3,3,4.5
136,182,176,178,-243.690889754096,-0.0257834230632086,3,3,3.96862696659689
136,182,176,220,243.690889754096,0.0257834230632086,3,3,3.96862696659689
136,182,176,224,44.5985281604161,0.140883243603458,3,3,3
136,182,195,234,243.690889754096,0.0257834230632086,3,3,3.96862696659689
136,182,220,224,54.5890104579478,0.115099820540249,3,3,4.5
136,182,224,234,243.690889754096,0.0257834230632086,3,3,3.96862696659689
137,161,81,95,-54.5890104579478,-0.115099820540249,3,3,4.5
137,161,81,117,243.690889754096,0.0257834230632086,3,3,3.96862696659689
137,161,95,117,44.5985281604161,0.140883243603458,3,3,3
137,161,95,119,-243.690889754096,-0.0257834230632086,3,3,3.96862696659689
137,161,104,117,-243.690889754096,-0.0257834230632086,3,3,3.96862696659689
137,161,104,143,54.5890104579478,0.115099820540249,3,3,4.5
137,161,117,143,44.5985281604161,0.140883243603458,3,3,3
137,161,119,167,243.690889754096,0.0257834230632086,3,3,3.96862696659689
137,161,143,194,243.690889754096,0.0257834230632086,3,3,3.96862696659689
137,161,167,185,44.5985281604161,0.140883243603458,3,3,3
137,161,167,217,54.5890104579478,0.115099820540249,3,3,4.5
137,161,185,213,44.5985281604161,0.140883243603458,3,3,3
137,161,185,217,-243.690889754096,-0.0257834230632086,3,3,3.96862696659689
137,161,185,241,243.690889754096,0.0257834230632086,3,3,3.96862696659689
137,161,194,213,-243.690889754096,-0.0257834230632086,3,3,3.96862696659689
137,161,213,241,-54.5890104579478,-0.115099820540249,3,3,4.5
137,167,83,95,-54.5890104579478,-0.115099820540249,3,3,4.5
137,167,83,119,243.690889754096,0.0257834230632086,3,3,3.96862696659689
137,167,95,117,-243.690889754096,-0.0257834230632086,3,3,3.96862696659689
137,167,95,119,44.5985281604161,0.140883243603458,3,3,3
137,167,112,119,-243.690889754096,-0.0257834230632086,3,3,3.96862696659689
137,167,112,154,54.5890104579478,0.115099820540249,3,3,4.5
137,167,117,161,243.690889754096,0.0257834230632086,3,3,3.96862696659689
137,167,119,154,44.5985281604161,0.140883243603458,3,3,3
137,167,154,202,243.690889754096,0.0257834230632086,3,3,3.96862696659689
137,167,161,185,44.5985281604161,0.140883243603458,3,3,3
137,167,161,213,54.5890104579478,0.115099820540249,3,3,4.5
137,167,185,213,-243.690889754096,-0.0257834230632086,3,3,3.96862696659689
137,167,185,217,44.5985281604161,0.140883243603458,3,3,3
137,167,185,241,243.690889754096,0.0257834230632086,3,3,3.96862696659689
137,167,202,217,-243.690889754096,-0.0257834230632086,3,3,3.96862696659689
137,167,217,241,-54.5890104579478,-0.115099820540249,3,3,4.5
137,185,95,117,243.690889754096,0.0257834230632086,3,3,3.96862696659689
137,185,95,119,243.690889754096,0.0257834230632086,3,3,3.96862696659689
137,185,117,143,54.5890104579478,0.115099820540249,3,3,4.5
137,185,117,161,44.5985281604161,0.140883243603458,3,3,3
137,185,119,154,54.5890104579478,0.115099820540249,3,3,4.5
137,185,119,167,44.5985281604161,0.140883243603458,3,3,3
137,185,143,161,243.690889754096,0.0257834230632086,3,3,3.96862696659689
137,185,154,167,243.690889754096,0.0257834230632086,3,3,3.96862696659689
137,185,161,194,243.690889754096,0.0257834230632086,3,3,3.96862696659689
137,185,161,213,44.5985281604161,0.140883243603458,3,3,3
137,185,167,202,243.690889754096,0.0257834230632086,3,3,3.96862696659689
137,185,167,217,44.5985281604161,0.140883243603458,3,3,3
137,185,194,213,54.5890104579478,0.115099820540249,3,3,4.5
137,185,202,217,54.5890104579478,0.115099820540249,3,3,4.5
137,185,213,241,243.690889754096,0.0257834230632086,3,3,3.96862696659689
137,185,217,241,243.690889754096,0.0257834230632086,3,3,3.96862696659689
138,152,74,99,-54.5890104579478,-0.115099820540249,3,3,4.5
138,152,74,108,243.690889754096,0.0257834230632086,3,3,3.96862696659689
138,152,85,108,-243.690889754096,-0.0257834230632086,3,3,3.96862696659689
138,152,85,125,54.5890104579478,0.115099820540249,3,3,4.5
138,152,99,108,44.5985281604161,0.140883243603458,3,3,3
138,152,99,133,-243.690889754096,-0.0257834230632086,3,3,3.96862696659689
138,152,108,125,44.5985281604161,0.140883243603458,3,3,3
138,152,125,169,243.690889754096,0.0257834230632086,3,3,3.96862696659689
138,152,133,177,243.690889754096,0.0257834230632086,3,3,3.96862696659689
138,152,169,200,-243.690889754096,-0.0257834230632086,3,3,3.96862696659689
138,152,177,183,44.5985281604161,0.140883243603458,3,3,3
138,152,177,228,54.5890104579478,0.115099820540249,3,3,4.5
138,152,183,200,44.5985281604161,0.140883243603458,3,3,3
138,152,183,228,-243.690889754096,-0.0257834230632086,3,3,3.96862696659689
138,152,183,236,243.690889754096,0.0257834230632086,3,3,3.96862696659689
138,152,200,236,-54.5890104579478,-0.115099820540249,3,3,4.5
138,177,97,99,-54.5890104579478,-0.115099820540249,3,3,4.5
138,177,97,133,243.690889754096,0.0257834230632086,3,3,3.96862696659689
138,177,99,108,-243.690889754096,-0.0257834230632086,3,3,3.96862696659689
138,177,99,133,44.5985281604161,0.140883243603458,3,3,3
138,177,108,152,243.690889754096,0.0257834230632086,3,3,3.96862696659689
138,177,133,135,243.690889754096,0.0257834230632086,3,3,3.96862696659689
138,177,133,175,44.5985281604161,0.140883243603458,3,3,3
138,177,135,175,54.5890104579478,0.115099820540249,3,3,4.5
138,177,152,183,44.5985281604161,0.140883243603458,3,3,3
138,177,152,200,54.5890104579478,0.115099820540249,3,3,4.5
138,177,175,219,243.690889754096,0.0257834230632086,3,3,3.96862696659689
138,177,183,200,-243.690889754096,-0.0257834230632086,3,3,3.96862696659689
138,177,183,228,44.5985281604161,0.140883243603458,3,3,3
138,177,183,236,243.690889754096,0.0257834230632086,3,3,3.96862696659689
138,177,219,228,-243.690889754096,-0.0257834230632086,3,3,3.96862696659689
138,177,228,236,-54.5890104579478,-0.115099820540249,3,3,4.5
138,183,99,108,243.690889754096,0.0257834230632086,3,3,3.96862696659689
138,183,99,133,243.690889754096,0.0257834230632086,3,3,3.96862696659689
138,183,108,125,54.5890104579478,0.115099820540249,3,3,4.5
138,183,108,152,44.5985281604161,0.140883243603458,3,3,3
138,183,125,152,243.690889754096,0.0257834230632086,3,3,3.96862696659689
138,183,133,175,54.5890104579478,0.115099820540249,3,3,4.5
138,183,133,177,44.5985281604161,0.140883243603458,3,3,3
138,183,152,169,243.690889754096,0.0257834230632086,3,3,3.96862696659689
138,183,152,200,44.5985281604161,0.140883243603458,3,3,3
138,183,169,200,54.5890104579478,0.115099820540249,3,3,4.5
138,183,175,177,243.690889754096,0.0257834230632086,3,3,3.96862696659689
138,183,177,219,243.690889754096,0.0257834230632086,3,3,3.96862696659689
138,183,177,228,44.5985281604161,0.140883243603458,3,3,3
138,183,200,236,243.690889754096,0.0257834230632086,3,3,3.96862696659689
138,183,219,228,54.5890104579478,0.115099820540249,3,3,4.5
138,183,228,236,243.690889754096,0.0257834230632086,3,3,3.96862696659689
139,153,75,102,-54.5890104579478,-0.115099820540249,3,3,4.5
139,153,75,109,243.690889754096,0.0257834230632086,3,3,3.96862696659689
139,153,86,109,-243.690889754096,-0.0257834230632086,3,3,3.96862696659689
139,153,86,126,54.5890104579478,0.115099820540249,3,3,4.5
139,153,102,109,44.5985281604161,0.140883243603458,3,3,3
139,153,102,134,-243.690889754096,-0.0257834230632086,3,3,3.96862696659689
139,153,109,126,44.5985281604161,0.140883243603458,3,3,3
139,153,126,170,243.690889754096,0.0257834230632086,3,3,3.96862696659689
139,153,134,178,243.690889754096,0.0257834230632086,3,3,3.96862696659689
139,153,170,201,-243.690889754096,-0.0257834230632086,3,3,3.96862696659689
139,153,178,184,44.5985281604161,0.140883243603458,3,3,3
139,153,178,229,54.5890104579478,0.115099820540249,3,3,4.5
139,153,184,201,44.5985281604161,0.140883243603458,3,3,3
139,153,184,229,-243.690889754096,-0.0257834230632086,3,3,3.96862696659689
139,153,184,237,243.690889754096,0.0257834230632086,3,3,3.96862696659689
139,153,201,237,-54.5890104579478,-0.115099820540249,3,3,4.5
139,178,98,102,-54.5890104579478,-0.115099820540249,3,3,4.5
139,178,98,134,243.690889754096,0.0257834230632086,3,3,3.96862696659689
139,178,102,109,-243.690889754096,-0.0257834230632086,3,3,3.96862696659689
139,178,102,134,44.5985281604161,0.140883243603458,3,3,3
139,178,109,153,243.690889754096,0.0257834230632086,3,3,3.96862696659689
139,178,134,136,243.690889754096,0.0257834230632086,3,3,3.96862696659689
139,178,134,176,44.5985281604161,0.140883243603458,3,3,3
139,178,136,176,54.5890104579478,0.115099820540249,3,3,4.5
139,178,153,184,44.5985281604161,0.140883243603458,3,3,3
139,178,153,201,54.5890104579478,0.115099820540249,3,3,4.5
139,178,176,220,243.690889754096,0.0257834230632086,3,3,3.96862696659689
139,178,184,201,-243.690889754096,-0.0257834230632086,3,3,3.96862696659689
139,178,184,229,44.5985281604161,0.140883243603458,3,3,3
139,178,184,237,243.690889754096,0.0257834230632086,3,3,3.96862696659689
139,178,220,229,-243.690889754096,-0.0257834230632086,3,3,3.96862696659689
139,178,229,237,-54.5890104579478,-0.115099820540249,3,3,4.5
139,184,102,109,243.690889754096,0.0257834230632086,3,3,3.96862696659689
139,184,102,134,243.690889754096,0.0257834230632086,3,3,3.96862696659689
139,184,109,126,54.5890104579478,0.115099820540249,3,3,4.5
139,184,109,153,44.5985281604161,0.140883243603458,3,3,3
139,184,126,153,243.690889754096,0.0257834230632086,3,3,3.96862696659689
139,184,134,176,54.5890104579478,0.115099820540249,3,3,4.5
139,184,134,178,44.5985281604161,0.140883243603458,3,3,3
139,184,153,170,243.690889754096,0.0257834230632086,3,3,3.96862696659689
139,184,153,201,44.5985281604161,0.140883243603458,3,3,3
139,184,170,201,54.5890104579478,0.115099820540249,3,3,4.5
139,184,176,178,243.690889754096,0.0257834230632086,3,3,3.96862696659689
139,184,178,220,243.690889754096,0.0257834230632086,3,3,3.96862696659689
139,184,178,229,44.5985281604161,0.140883243603458,3,3,3
139,184,201,237,243.690889754096,0.0257834230632086,3,3,3.96862696659689
139,184,220,229,54.5890104579478,0.115099820540249,3,3,4.5
139,184,229,237,243.690889754096,0.0257834230632086,3,3,3.96862696659689
140,164,82,96,-54.5890104579478,-0.115099820540249,3,3,4.5
140,164,82,118,243.690889754096,0.0257834230632086,3,3,3.96862696659689
140,164,96,118,44.5985281604161,0.140883243603458,3,3,3
140,164,96,122,-243.690889754096,-0.0257834230632086,3,3,3.96862696659689
140,164,107,118,-243.690889754096,-0.0257834230632086,3,3,3.96862696659689
140,164,107,144,54.5890104579478,0.115099820540249,3,3,4.5
140,164,118,144,44.5985281604161,0.140883243603458,3,3,3
140,164,122,168,243.690889754096,0.0257834230632086,3,3,3.96862696659689
140,164,144,195,243.690889754096,0.0257834230632086,3,3,3.96862696659689
140,164,168,186,44.5985281604161,0.140883243603458,3,3,3
140,164,168,218,54.5890104579478,0.115099820540249,3,3,4.5
140,164,186,216,44.5985281604161,0.140883243603458,3,3,3
140,164,186,218,-243.690889754096,-0.0257834230632086,3,3,3.96862696659689
140,164,186,242,243.690889754096,0.0257834230632086,3,3,3.96862696659689
140,164,195,216,-243.690889754096,-0.0257834230632086,3,3,3.96862696659689
140,164,216,242,-54.5890104579478,-0.115099820540249,3,3,4.5
140,168,84,96,-54.5890104579478,-0.115099820540249,3,3,4.5
140,168,84,122,243.690889754096,0.0257834230632086,3,3,3.96862696659689
140,168,96,118,-243.690889754096,-0.0257834230632086,3,3,3.96862696659689
140,168,96,122,44.5985281604161,0.140883243603458,3,3,3
140,168,113,122,-243.690889754096,-0.0257834230632086,3,3,3.96862696659689
140,168,113,155,54.5890104579478,0.115099820540249,3,3,4.5
140,168,118,164,243.690889754096,0.0257834230632086,3,3,3.96862696659689
140,168,122,155,44.5985281604161,0.140883243603458,3,3,3
140,168,155,203,243.690889754096,0.0257834230632086,3,3,3.96862696659689
140,168,164,186,44.5985281604161,0.140883243603458,3,3,3
140,168,164,216,54.5890104579478,0.115099820540249,3,3,4.5
140,168,186,216,-243.690889754096,-0.0257834230632086,3,3,3.96862696659689
140,168,186,218,44.5985281604161,0.140883243603458,3,3,3
140,168,186,242,243.690889754096,0.0257834230632086,3,3,3.96862696659689
140,168,203,218,-243.690889754096,-0.0257834230632086,3,3,3.96862696659689
140,168,218,242,-54.5890104579478,-0.115099820540249,3,3,4.5
140,186,96,118,243.690889754096,0.0257834230632086,3,3,3.96862696659689
140,186,96,122,243.690889754096,0.0257834230632086,3,3,3.96862696659689
140,186,118,144,54.5890104579478,0.115099820540249,3,3,4.5
140,186,118,164,44.5985281604161,0.140883243603458,3,3,3
140,186,122,155,54.5890104579478,0.115099820540249,3,3,4.5
140,186,122,168,44.5985281604161,0.140883243603458,3,3,3
140,186,144,164,243.690889754096,0.0257834230632086,3,3,3.96862696659689
140,186,155,168,243.690889754096,0.0257834230632086,3,3,3.96862696659689
140,186,164,195,243.690889754096,0.0257834230632086,3,3,3.96862696659689
140,186,164,216,44.5985281604161,0.140883243603458,3,3,3
140,186,168,203,243.690889754096,0.0257834230632086,3,3,3.96862696659689
140,186,168,218,44.5985281604161,0.140883243603458,3,3,3
140,186,195,216,54.5890104579478,0.115099820540249,3,3,4.5
140,186,203,218,54.5890104579478,0.115099820540249,3,3,4.5
140,186,216,242,243.690889754096,0.0257834230632086,3,3,3.96862696659689
140,186,218,242,243.690889754096,0.0257834230632086,3,3,3.96862696659689
141,160,79,100,-54.5890104579478,-0.115099820540249,3,3,4.5
141,160,79,116,243.690889754096,0.0257834230632086,3,3,3.96862696659689
141,160,100,116,44.5985281604161,0.140883243603458,3,3,3
141,160,100,129,-243.690889754096,-0.0257834230632086,3,3,3.96862696659689
141,160,101,116,-243.690889754096,-0.0257834230632086,3,3,3.96862696659689
141,160,101,142,54.5890104579478,0.115099820540249,3,3,4.5
141,160,116,142,44.5985281604161,0.140883243603458,3,3,3
141,160,129,172,243.690889754096,0.0257834230632086,3,3,3.96862696659689
141,160,142,189,243.690889754096,0.0257834230632086,3,3,3.96862696659689
141,160,172,188,44.5985281604161,0.140883243603458,3,3,3
141,160,172,225,54.5890104579478,0.115099820540249,3,3,4.5
141,160,188,212,44.5985281604161,0.140883243603458,3,3,3
141,160,188,225,-243.690889754096,-0.0257834230632086,3,3,3.96862696659689
141,160,188,245,243.690889754096,0.0257834230632086,3,3,3.96862696659689
141,160,189,212,-243.690889754096,-0.0257834230632086,3,3,3.96862696659689
141,160,212,245,-54.5890104579478,-0.115099820540249,3,3,4.5
141,172,91,100,-54.5890104579478,-0.115099820540249,3,3,4.5
141,172,91,129,243.690889754096,0.0257834230632086,3,3,3.96862696659689
141,172,100,116,-243.690889754096,-0.0257834230632086,3,3,3.96862696659689
141,172,100,129,44.5985281604161,0.140883243603458,3,3,3
141,172,116,160,243.690889754096,0.0257834230632086,3,3,3.96862696659689
141,172,120,129,-243.690889754096,-0.0257834230632086,3,3,3.96862696659689
141,172,120,162,54.5890104579478,0.115099820540249,3,3,4.5
141,172,129,162,44.5985281604161,0.140883243603458,3,3,3
141,172,160,188,44.5985281604161,0.140883243603458,3,3,3
141,172,160,212,54.5890104579478,0.115099820540249,3,3,4.5
141,172,162,210,243.690889754096,0.0257834230632086,3,3,3.96862696659689
141,172,188,212,-243.690889754096,-0.0257834230632086,3,3,3.96862696659689
141,172,188,225,44.5985281604161,0.140883243603458,3,3,3
141,172,188,245,243.690889754096,0.0257834230632086,3,3,3.96862696659689
141,172,210,225,-243.690889754096,-0.0257834230632086,3,3,3.96862696659689
141,172,225,245,-54.5890104579478,-0.115099820540249,3,3,4.5
141,188,100,116,243.690889754096,0.0257834230632086,3,3,3.96862696659689
141,188,100,129,243.690889754096,0.0257834230632086,3,3,3.96862696659689
141,188,116,142,54.5890104579478,0.115099820540249,3,3,4.5
141,188,116,160,44.5985281604161,0.140883243603458,3,3,3
141,188,129,162,54.5890104579478,0.115099820540249,3,3,4.5
141,188,129,172,44.5985281604161,0.140883243603458,3,3,3
141,188,142,160,243.690889754096,0.0257834230632086,3,3,3.96862696659689
141,188,160,189,243.690889754096,0.0257834230632086,3,3,3.96862696659689
141,188,160,212,44.5985281604161,0.140883243603458,3,3,3
141,188,162,172,243.690889754096,0.0257834230632086,3,3,3.96862696659689
141,188,172,210,243.690889754096,0.0257834230632086,3,3,3.96862696659689
141,188,172,225,44.5985281604161,0.140883243603458,3,3,3
141,188,189,212,54.5890104579478,0.115099820540249,3,3,4.5
141,188,210,225,54.5890104579478,0.115099820540249,3,3,4.5
141,188,212,245,243.690889754096,0.0257834230632086,3,3,3.96862696659689
141,188,225,245,243.690889754096,0.0257834230632086,3,3,3.96862696659689
142,160,79,101,-54.5890104579478,-0.115099820540249,3,3,4.5
142,160,79,116,243.690889754096,0.0257834230632086,3,3,3.96862696659689
142,160,100,116,-243.690889754096,-0.0257834230632086,3,3,3.96862696659689
142,160,100,141,54.5890104579478,0.115099820540249,3,3,4.5
142,160,101,116,44.5985281604161,0.140883243603458,3,3,3
142,160,101,130,-243.690889754096,-0.0257834230632086,3,3,3.96862696659689
142,160,116,141,44.5985281604161,0.140883243603458,3,3,3
142,160,130,173,243.690889754096,0.0257834230632086,3,3,3.96862696659689
142,160,141,188,243.690889754096,0.0257834230632086,3,3,3.96862696659689
142,160,173,189,44.5985281604161,0.140883243603458,3,3,3
142,160,173,226,54.5890104579478,0.115099820540249,3,3,4.5
142,160,188,212,-243.690889754096,-0.0257834230632086,3,3,3.96862696659689
142,160,189,212,44.5985281604161,0.140883243603458,3,3,3
142,160,189,226,-243.690889754096,-0.0257834230632086,3,3,3.96862696659689
142,160,189,246,243.690889754096,0.0257834230632086,3,3,3.96862696659689
142,160,212,246,-54.5890104579478,-0.115099820540249,3,3,4.5
142,173,92,101,-54.5890104579478,-0.115099820540249,3,3,4.5
142,173,92,130,243.690889754096,0.0257834230632086,3,3,3.96862696659689
142,173,101,116,-243.690889754096,-0.0257834230632086,3,3,3.96862696659689
142,173,101,130,44.5985281604161,0.140883243603458,3,3,3
142,173,116,160,243.690889754096,0.0257834230632086,3,3,3.96862696659689
142,173,121,130,-243.690889754096,-0.0257834230632086,3,3,3.96862696659689
142,173,121,163,54.5890104579478,0.115099820540249,3,3,4.5
142,173,130,163,44.5985281604161,0.140883243603458,3,3,3
142,173,160,189,44.5985281604161,0.140883243603458,3,3,3
142,173,160,212,54.5890104579478,0.115099820540249,3,3,4.5
142,173,163,211,243.690889754096,0.0257834230632086,3,3,3.96862696659689
142,173,189,212,-243.690889754096,-0.0257834230632086,3,3,3.96862696659689
142,173,189,226,44.5985281604161,0.140883243603458,3,3,3
142,173,189,246,243.690889754096,0.0257834230632086,3,3,3.96862696659689
142,173,211,226,-243.690889754096,-0.0257834230632086,3,3,3.96862696659689
142,173,226,246,-54.5890104579478,-0.115099820540249,3,3,4.5
142,189,101,116,243.690889754096,0.0257834230632086,3,3,3.96862696659689
142,189,101,130,243.690889754096,0.0257834230632086,3,3,3.96862696659689
142,189,116,141,54.5890104579478,0.115099820540249,3,3,4.5
142,189,116,160,44.5985281604161,0.140883243603458,3,3,3
142,189,130,163,54.5890104579478,0.115099820540249,3,3,4.5
142,189,130,173,44.5985281604161,0.140883243603458,3,3,3
142,189,141,160,243.690889754096,0.0257834230632086,3,3,3.96862696659689
142,189,160,188,243.690889754096,0.0257834230632086,3,3,3.96862696659689
142,189,160,212,44.5985281604161,0.140883243603458,3,3,3
142,189,163,173,243.690889754096,0.0257834230632086,3,3,3.96862696659689
142,189,173,211,243.690889754096,0.0257834230632086,3,3,3.96862696659689
142,189,173,226,44.5985281604161,0.140883243603458,3,3,3
142,189,188,212,54.5890104579478,0.115099820540249,3,3,4.5
142,189,211,226,54.5890104579478,0.115099820540249,3,3,4.5
142,189,212,246,243.690889754096,0.0257834230632086,3,3,3.96862696659689
142,189,226,246,243.690889754096,0.0257834230632086,3,3,3.96862696659689
143,161,81,104,-54.5890104579478,-0.115099820540249,3,3,4.5
143,161,81,117,243.690889754096,0.0257834230632086,3,3,3.96862696659689
143,161,95,117,-243.690889754096,-0.0257834230632086,3,3,3.96862696659689
143,161,95,137,54.5890104579478,0.115099820540249,3,3,4.5
143,161,104,117,44.5985281604161,0.140883243603458,3,3,3
143,161,104,135,-243.690889754096,-0.0257834230632086,3,3,3.96862696659689
143,161,117,137,44.5985281604161,0.140883243603458,3,3,3
143,161,135,181,243.690889754096,0.0257834230632086,3,3,3.96862696659689
143,161,137,185,243.690889754096,0.0257834230632086,3,3,3.96862696659689
143,161,181,194,44.5985281604161,0.140883243603458,3,3,3
143,161,181,233,54.5890104579478,0.115099820540249,3,3,4.5
143,161,185,213,-243.690889754096,-0.0257834230632086,3,3,3.96862696659689
143,161,194,213,44.5985281604161,0.140883243603458,3,3,3
143,161,194,233,-243.690889754096,-0.0257834230632086,3,3,3.96862696659689
143,161,194,249,243.690889754096,0.0257834230632086,3,3,3.96862696659689
143,161,213,249,-54.5890104579478,-0.115099820540249,3,3,4.5
143,181,97,104,-54.5890104579478,-0.115099820540249,3,3,4.5
143,181,97,135,243.690889754096,0.0257834230632086,3,3,3.96862696659689
143,181,104,117,-243.690889754096,-0.0257834230632086,3,3,3.96862696659689
143,181,104,135,44.5985281604161,0.140883243603458,3,3,3
143,181,117,161,243.690889754096,0.0257834230632086,3,3,3.96862696659689
143,181,133,135,-243.690889754096,-0.0257834230632086,3,3,3.96862696659689
143,181,133,175,54.5890104579478,0.115099820540249,3,3,4.5
143,181,135,175,44.5985281604161,0.140883243603458,3,3,3
143,181,161,194,44.5985281604161,0.140883243603458,3,3,3
143,181,161,213,54.5890104579478,0.115099820540249,3,3,4.5
143,181,175,221,243.690889754096,0.0257834230632086,3,3,3.96862696659689
143,181,194,213,-243.690889754096,-0.0257834230632086,3,3,3.96862696659689
143,181,194,233,44.5985281604161,0.140883243603458,3,3,3
143,181,194,249,243.690889754096,0.0257834230632086,3,3,3.96862696659689
143,181,221,233,-243.690889754096,-0.0257834230632086,3,3,3.96862696659689
143,181,233,249,-54.5890104579478,-0.115099820540249,3,3,4.5
143,194,104,117,243.690889754096,0.0257834230632086,3,3,3.96862696659689
143,194,104,135,243.690889754096,0.0257834230632086,3,3,3.96862696659689
143,194,117,137,54.5890104579478,0.115099820540249,3,3,4.5
143,194,117,161,44.5985281604161,0.140883243603458,3,3,3
143,194,135,175,54.5890104579478,0.115099820540249,3,3,4.5
143,194,135,181,44.5985281604161,0.140883243603458,3,3,3
143,194,137,161,243.690889754096,0.0257834230632086,3,3,3.96862696659689
143,194,161,185,243.690889754096,0.0257834230632086,3,3,3.96862696659689
143,194,161,213,44.5985281604161,0.140883243603458,3,3,3
143,194,175,181,243.690889754096,0.0257834230632086,3,3,3.96862696659689
143,194,181,221,243.690889754096,0.0257834230632086,3,3,3.96862696659689
143,194,181,233,44.5985281604161,0.140883243603458,3,3,3
143,194,185,213,54.5890104579478,0.115099820540249,3,3,4.5
143,194,213,249,243.690889754096,0.0257834230632086,3,3,3.96862696659689
143,194,221,233,54.5890104579478,0.115099820540249,3,3,4.5
143,194,233,249,243.690889754096,0.0257834230632086,3,3,3.96862696659689
144,164,82,107,-54.5890104579478,-0.115099820540249,3,3,4.5
144,164,82,118,243.690889754096,0.0257834230632086,3,3,3.96862696659689
144,164,96,118,-243.690889754096,-0.0257834230632086,3,3,3.96862696659689
144,164,96,140,54.5890104579478,0.115099820540249,3,3,4.5
144,164,107,118,44.5985281604161,0.140883243603458,3,3,3
144,164,107,136,-243.690889754096,-0.0257834230632086,3,3,3.96862696659689
144,164,118,140,44.5985281604161,0.140883243603458,3,3,3
144,164,136,182,243.690889754096,0.0257834230632086,3,3,3.96862696659689
144,164,140,186,243.690889754096,0.0257834230632086,3,3,3.96862696659689
144,164,182,195,44.5985281604161,0.140883243603458,3,3,3
144,164,182,234,54.5890104579478,0.115099820540249,3,3,4.5
144,164,186,216,-243.690889754096,-0.0257834230632086,3,3,3.96862696659689
144,164,195,216,44.5985281604161,0.140883243603458,3,3,3
144,164,195,234,-243.690889754096,-0.0257834230632086,3,3,3.96862696659689
144,164,195,250,243.690889754096,0.0257834230632086,3,3,3.96862696659689
144,164,216,250,-54.5890104579478,-0.115099820540249,3,3,4.5
144,182,98,107,-54.5890104579478,-0.115099820540249,3,3,4.5
144,182,98,136,243.690889754096,0.0257834230632086,3,3,3.96862696659689
144,182,107,118,-243.690889754096,-0.0257834230632086,3,3,3.96862696659689
144,182,107,136,44.5985281604161,0.140883243603458,3,3,3
144,182,118,164,243.690889754096,0.0257834230632086,3,3,3.96862696659689
144,182,134,136,-243.690889754096,-0.0257834230632086,3,3,3.96862696659689
144,182,134,176,54.5890104579478,0.115099820540249,3,3,4.5
144,182,136,176,44.5985281604161,0.140883243603458,3,3,3
144,182,164,195,44.5985281604161,0.140883243603458,3,3,3
144,182,164,216,54.5890104579478,0.115099820540249,3,3,4.5
144,182,176,224,243.690889754096,0.0257834230632086,3,3,3.96862696659689
144,182,195,216,-243.690889754096,-0.0257834230632086,3,3,3.96862696659689
144,182,195,234,44.5985281604161,0.140883243603458,3,3,3
144,182,195,250,243.690889754096,0.0257834230632086,3,3,3.96862696659689
144,182,224,234,-243.690889754096,-0.0257834230632086,3,3,3.96862696659689
144,182,234,250,-54.5890104579478,-0.115099820540249,3,3,4.5
144,195,107,118,243.690889754096,0.0257834230632086,3,3,3.96862696659689
144,195,107,136,243.690889754096,0.0257834230632086,3,3,3.96862696659689
144,195,118,140,54.5890104579478,0.115099820540249,3,3,4.5
144,195,118,164,44.5985281604161,0.140883243603458,3,3,3
144,195,136,176,54.5890104579478,0.115099820540249,3,3,4.5
144,195,136,182,44.5985281604161,0.140883243603458,3,3,3
144,195,140,164,243.690889754096,0.0257834230632086,3,3,3.96862696659689
144,195,164,186,243.690889754096,0.0257834230632086,3,3,3.96862696659689
144,195,164,216,44.5985281604161,0.140883243603458,3,3,3
144,195,176,182,243.690889754096,0.0257834230632086,3,3,3.96862696659689
144,195,182,224,243.690889754096,0.0257834230632086,3,3,3.96862696659689
144,195,182,234,44.5985281604161,0.140883243603458,3,3,3
144,195,186,216,54.5890104579478,0.115099820540249,3,3,4.5
144,195,216,250,243.690889754096,0.0257834230632086,3,3,3.96862696659689
144,195,224,234,54.5890104579478,0.115099820540249,3,3,4.5
144,195,234,250,243.690889754096,0.0257834230632086,3,3,3.96862696659689
145,171,87,103,-54.5890104579478,-0.115099820540249,3,3,4.5
145,171,87,127,243.690889754096,0.0257834230632086,3,3,3.96862696659689
145,171,103,127,44.5985281604161,0.140883243603458,3,3,3
145,171,103,128,-243.690889754096,-0.0257834230632086,3,3,3.96862696659689
145,171,114,127,-243.690889754096,-0.0257834230632086,3,3,3.96862696659689
145,171,114,156,54.5890104579478,0.115099820540249,3,3,4.5
145,171,127,156,44.5985281604161,0.140883243603458,3,3,3
145,171,128,174,243.690889754096,0.0257834230632086,3,3,3.96862696659689
145,171,156,206,243.690889754096,0.0257834230632086,3,3,3.96862696659689
145,171,174,197,44.5985281604161,0.140883243603458,3,3,3
145,171,174,230,54.5890104579478,0.115099820540249,3,3,4.5
145,171,197,227,44.5985281604161,0.140883243603458,3,3,3
145,171,197,230,-243.690889754096,-0.0257834230632086,3,3,3.96862696659689
145,171,197,251,243.690889754096,0.0257834230632086,3,3,3.96862696659689
145,171,206,227,-243.690889754096,-0.0257834230632086,3,3,3.96862696659689
145,171,227,251,-54.5890104579478,-0.115099820540249,3,3,4.5
145,174,90,103,-54.5890104579478,-0.115099820540249,3,3,4.5
145,174,90,128,243.690889754096,0.0257834230632086,3,3,3.96862696659689
145,174,103,127,-243.690889754096,-0.0257834230632086,3,3,3.96862696659689
145,174,103,128,44.5985281604161,0.140883243603458,3,3,3
145,174,115,128,-243.690889754096,-0.0257834230632086,3,3,3.96862696659689
145,174,115,157,54.5890104579478,0.115099820540249,3,3,4.5
145,174,127,171,243.690889754096,0.0257834230632086,3,3,3.96862696659689
145,174,128,157,44.5985281604161,0.140883243603458,3,3,3
145,174,157,209,243.690889754096,0.0257834230632086,3,3,3.96862696659689
145,174,171,197,44.5985281604161,0.140883243603458,3,3,3
145,174,171,227,54.5890104579478,0.115099820540249,3,3,4.5
145,174,197,227,-243.690889754096,-0.0257834230632086,3,3,3.96862696659689
145,174,197,230,44.5985281604161,0.140883243603458,3,3,3
145,174,197,251,243.690889754096,0.0257834230632086,3,3,3.96862696659689
145,174,209,230,-243.690889754096,-0.0257834230632086,3,3,3.96862696659689
145,174,230,251,-54.5890104579478,-0.115099820540249,3,3,4.5
145,197,103,127,243.690889754096,0.0257834230632086,3,3,3.96862696659689
145,197,103,128,243.690889754096,0.0257834230632086,3,3,3.96862696659689
145,197,127,156,54.5890104579478,0.115099820540249,3,3,4.5
145,197,127,171,44.5985281604161,0.140883243603458,3,3,3
145,197,128,157,54.5890104579478,0.115099820540249,3,3,4.5
145,197,128,174,44.5985281604161,0.140883243603458,3,3,3
145,197,156,171,243.690889754096,0.0257834230632086,3,3,3.96862696659689
145,197,157,174,243.690889754096,0.0257834230632086,3,3,3.96862696659689
145,197,171,206,243.690889754096,0.0257834230632086,3,3,3.96862696659689
145,197,171,227,44.5985281604161,0.140883243603458,3,3,3
145,197,174,209,243.690889754096,0.0257834230632086,3,3,3.96862696659689
145,197,174,230,44.5985281604161,0.140883243603458,3,3,3
145,197,206,227,54.5890104579478,0.115099820540249,3,3,4.5
145,197,209,230,54.5890104579478,0.115099820540249,3,3,4.5
145,197,227,251,243.690889754096,0.0257834230632086,3,3,3.96862696659689
145,197,230,251,243.690889754096,0.0257834230632086,3,3,3.96862696659689
146,150,76,110,243.690889754096,0.0257834230632086,3,3,3.96862696659689
146,150,76,112,-54.5890104579478,-0.115099820540249,3,3,4.5
146,150,78,110,-243.690889754096,-0.0257834230632086,3,3,3.96862696659689
146,150,78,114,54.5890104579478,0.115099820540249,3,3,4.5
146,150,110,112,-44.5985281604161,-0.140883243603458,3,3,3
146,150,110,114,44.5985281604161,0.140883243603458,3,3,3
146,150,112,154,-243.690889754096,-0.0257834230632086,3,3,3.96862696659689
146,150,114,156,243.690889754096,0.0257834230632086,3,3,3.96862696659689
146,150,154,191,243.690889754096,0.0257834230632086,3,3,3.96862696659689
146,150,156,193,-243.690889754096,-0.0257834230632086,3,3,3.96862696659689
146,150,187,191,-44.5985281604161,-0.140883243603458,3,3,3
146,150,187,193,44.5985281604161,0.140883243603458,3,3,3
146,150,187,235,-243.690889754096,-0.0257834230632086,3,3,3.96862696659689
146,150,187,239,243.690889754096,0.0257834230632086,3,3,3.96862696659689
146,150,191,235,54.5890104579478,0.115099820540249,3,3,4.5
146,150,193,239,-54.5890104579478,-0.115099820540249,3,3,4.5
146,154,76,110,-54.5890104579478,-0.115099820540249,3,3,4.5
146,154,76,112,243.690889754096,0.0257834230632086,3,3,3.96862696659689
146,154,83,112,-243.690889754096,-0.0257834230632086,3,3,3.96862696659689
146,154,83,119,54.5890104579478,0.115099820540249,3,3,4.5
146,154,110,112,44.5985281604161,0.140883243603458,3,3,3
146,154,110,150,-243.690889754096,-0.0257834230632086,3,3,3.96862696659689
146,154,112,119,44.5985281604161,0.140883243603458,3,3,3
146,154,119,167,243.690889754096,0.0257834230632086,3,3,3.96862696659689
146,154,150,187,243.690889754096,0.0257834230632086,3,3,3.96862696659689
146,154,167,202,-243.690889754096,-0.0257834230632086,3,3,3.96862696659689
146,154,187,191,44.5985281604161,0.140883243603458,3,3,3
146,154,187,235,54.5890104579478,0.115099820540249,3,3,4.5
146,154,191,202,44.5985281604161,0.140883243603458,3,3,3
146,154,191,235,-243.690889754096,-0.0257834230632086,3,3,3.96862696659689
146,154,191,243,243.690889754096,0.0257834230632086,3,3,3.96862696659689
146,154,202,243,-54.5890104579478,-0.115099820540249,3,3,4.5
146,187,110,112,-243.690889754096,-0.0257834230632086,3,3,3.96862696659689
146,187,110,114,54.5890104579478,0.115099820540249,3,3,4.5
146,187,110,150,44.5985281604161,0.140883243603458,3,3,3
146,187,112,154,243.690889754096,0.0257834230632086,3,3,3.96862696659689
146,187,114,150,243.690889754096,0.0257834230632086,3,3,3.96862696659689
146,187,150,156,243.690889754096,0.0257834230632086,3,3,3.96862696659689
146,187,150,193,44.5985281604161,0.140883243603458,3,3,3
146,187,154,191,44.5985281604161,0.140883243603458,3,3,3
146,187,154,202,54.5890104579478,0.115099820540249,3,3,4.5
146,187,156,193,54.5890104579478,0.115099820540249,3,3,4.5
146,187,191,202,-243.690889754096,-0.0257834230632086,3,3,3.96862696659689
146,187,191,235,44.5985281604161,0.140883243603458,3,3,3
146,187,191,243,243.690889754096,0.0257834230632086,3,3,3.96862696659689
146,187,193,239,243.690889754096,0.0257834230632086,3,3,3.96862696659689
146,187,235,239,243.690889754096,0.0257834230632086,3,3,3.96862696659689
146,187,235,243,-54.5890104579478,-0.115099820540249,3,3,4.5
146,191,110,112,243.690889754096,0.0257834230632086,3,3,3.96862696659689
146,191,110,150,243.690889754096,0.0257834230632086,3,3,3.96862696659689
146,191,112,119,54.5890104579478,0.115099820540249,3,3,4.5
146,191,112,154,44.5985281604161,0.140883243603458,3,3,3
146,191,119,154,243.690889754096,0.0257834230632086,3,3,3.96862696659689
146,191,150,187,44.5985281604161,0.140883243603458,3,3,3
146,191,150,193,54.5890104579478,0.115099820540249,3,3,4.5
146,191,154,167,243.690889754096,0.0257834230632086,3,3,3.96862696659689
146,191,154,202,44.5985281604161,0.140883243603458,3,3,3
146,191,167,202,54.5890104579478,0.115099820540249,3,3,4.5
146,191,187,193,-243.690889754096,-0.0257834230632086,3,3,3.96862696659689
146,191,187,235,44.5985281604161,0.140883243603458,3,3,3
146,191,187,239,243.690889754096,0.0257834230632086,3,3,3.96862696659689
146,191,202,243,243.690889754096,0.0257834230632086,3,3,3.96862696659689
146,191,235,239,-54.5890104579478,-0.115099820540249,3,3,4.5
146,191,235,243,243.690889754096,0.0257834230632086,3,3,3.96862696659689
147,169,85,105,-54.5890104579478,-0.115099820540249,3,3,4.5
147,169,85,125,243.690889754096,0.0257834230632086,3,3,3.96862696659689
147,169,105,125,44.5985281604161,0.140883243603458,3,3,3
147,169,105,131,-243.690889754096,-0.0257834230632086,3,3,3.96862696659689
147,169,108,125,-243.690889754096,-0.0257834230632086,3,3,3.96862696659689
147,169,108,152,54.5890104579478,0.115099820540249,3,3,4.5
147,169,125,152,44.5985281604161,0.140883243603458,3,3,3
147,169,131,179,243.690889754096,0.0257834230632086,3,3,3.96862696659689
147,169,152,200,243.690889754096,0.0257834230632086,3,3,3.96862696659689
147,169,179,198,44.5985281604161,0.140883243603458,3,3,3
147,169,179,231,54.5890104579478,0.115099820540249,3,3,4.5
147,169,198,222,44.5985281604161,0.140883243603458,3,3,3
147,169,198,231,-243.690889754096,-0.0257834230632086,3,3,3.96862696659689
147,169,200,222,-243.690889754096,-0.0257834230632086,3,3,3.96862696659689
147,179,93,105,-54.5890104579478,-0.115099820540249,3,3,4.5
147,179,93,131,243.690889754096,0.0257834230632086,3,3,3.96862696659689
147,179,105,125,-243.690889754096,-0.0257834230632086,3,3,3.96862696659689
147,179,105,131,44.5985281604161,0.140883243603458,3,3,3
147,179,123,131,-243.690889754096,-0.0257834230632086,3,3,3.96862696659689
147,179,123,165,54.5890104579478,0.115099820540249,3,3,4.5
147,179,125,169,243.690889754096,0.0257834230632086,3,3,3.96862696659689
147,179,131,165,44.5985281604161,0.140883243603458,3,3,3
147,179,165,214,243.690889754096,0.0257834230632086,3,3,3.96862696659689
147,179,169,198,44.5985281604161,0.140883243603458,3,3,3
147,179,169,222,54.5890104579478,0.115099820540249,3,3,4.5
147,179,198,222,-243.690889754096,-0.0257834230632086,3,3,3.96862696659689
147,179,198,231,44.5985281604161,0.140883243603458,3,3,3
147,179,214,231,-243.690889754096,-0.0257834230632086,3,3,3.96862696659689
147,198,105,125,243.690889754096,0.0257834230632086,3,3,3.96862696659689
147,198,105,131,243.690889754096,0.0257834230632086,3,3,3.96862696659689
147,198,125,152,54.5890104579478,0.115099820540249,3,3,4.5
147,198,125,169,44.5985281604161,0.140883243603458,3,3,3
147,198,131,165,54.5890104579478,0.115099820540249,3,3,4.5
147,198,131,179,44.5985281604161,0.140883243603458,3,3,3
147,198,152,169,243.690889754096,0.0257834230632086,3,3,3.96862696659689
147,198,165,179,243.690889754096,0.0257834230632086,3,3,3.96862696659689
147,198,169,200,243.690889754096,0.0257834230632086,3,3,3.96862696659689
147,198,169,222,44.5985281604161,0.140883243603458,3,3,3
147,198,179,214,243.690889754096,0.0257834230632086,3,3,3.96862696659689
147,198,179,231,44.5985281604161,0.140883243603458,3,3,3
147,198,200,222,54.5890104579478,0.115099820540249,3,3,4.5
147,198,214,231,54.5890104579478,0.115099820540249,3,3,4.5
148,170,86,106,-54.5890104579478,-0.115099820540249,3,3,4.5
148,170,86,126,243.690889754096,0.0257834230632086,3,3,3.96862696659689
148,170,106,126,44.5985281604161,0.140883243603458,3,3,3
148,170,106,132,-243.690889754096,-0.0257834230632086,3,3,3.96862696659689
148,170,109,126,-243.690889754096,-0.0257834230632086,3,3,3.96862696659689
148,170,109,153,54.5890104579478,0.115099820540249,3,3,4.5
148,170,126,153,44.5985281604161,0.140883243603458,3,3,3
148,170,132,180,243.690889754096,0.0257834230632086,3,3,3.96862696659689
148,170,153,201,243.690889754096,0.0257834230632086,3,3,3.96862696659689
148,170,180,199,44.5985281604161,0.140883243603458,3,3,3
148,170,180,232,54.5890104579478,0.115099820540249,3,3,4.5
148,170,199,223,44.5985281604161,0.140883243603458,3,3,3
148,170,199,232,-243.690889754096,-0.0257834230632086,3,3,3.96862696659689
148,170,201,223,-243.690889754096,-0.0257834230632086,3,3,3.96862696659689
148,180,94,106,-54.5890104579478,-0.115099820540249,3,3,4.5
148,180,94,132,243.690889754096,0.0257834230632086,3,3,3.96862696659689
148,180,106,126,-243.690889754096,-0.0257834230632086,3,3,3.96862696659689
148,180,106,132,44.5985281604161,0.140883243603458,3,3,3
148,180,124,132,-243.690889754096,-0.0257834230632086,3,3,3.96862696659689
148,180,124,166,54.5890104579478,0.115099820540249,3,3,4.5
148,180,126,170,243.690889754096,0.0257834230632086,3,3,3.96862696659689
148,180,132,166,44.5985281604161,0.140883243603458,3,3,3
148,180,166,215,243.690889754096,0.0257834230632086,3,3,3.96862696659689
148,180,170,199,44.5985281604161,0.140883243603458,3,3,3
148,180,170,223,54.5890104579478,0.115099820540249,3,3,4.5
148,180,199,223,-243.690889754096,-0.0257834230632086,3,3,3.96862696659689
148,180,199,232,44.5985281604161,0.140883243603458,3,3,3
148,180,215,232,-243.690889754096,-0.0257834230632086,3,3,3.96862696659689
148,199,106,126,243.690889754096,0.0257834230632086,3,3,3.96862696659689
148,199,106,132,243.690889754096,0.0257834230632086,3,3,3.96862696659689
148,199,126,153,54.5890104579478,0.115099820540249,3,3,4.5
148,199,126,170,44.5985281604161,0.140883243603458,3,3,3
148,199,132,166,54.5890104579478,0.115099820540249,3,3,4.5
148,199,132,180,44.5985281604161,0.140883243603458,3,3,3
148,199,153,170,243.690889754096,0.0257834230632086,3,3,3.96862696659689
148,199,166,180,243.690889754096,0.0257834230632086,3,3,3.96862696659689
148,199,170,201,243.690889754096,0.0257834230632086,3,3,3.96862696659689
148,199,170,223,44.5985281604161,0.140883243603458,3,3,3
148,199,180,215,243.690889754096,0.0257834230632086,3,3,3.96862696659689
148,199,180,232,44.5985281604161,0.140883243603458,3,3,3
148,199,201,223,54.5890104579478,0.115099820540249,3,3,4.5
148,199,215,232,54.5890104579478,0.115099820540249,3,3,4.5
149,151,77,111,243.690889754096,0.0257834230632086,3,3,3.96862696659689
149,151,77,113,-54.5890104579478,-0.115099820540249,3,3,4.5
149,151,80,111,-243.690889754096,-0.0257834230632086,3,3,3.96862696659689
149,151,80,115,54.5890104579478,0.115099820540249,3,3,4.5
149,151,111,113,-44.5985281604161,-0.140883243603458,3,3,3
149,151,111,115,44.5985281604161,0.140883243603458,3,3,3
149,151,113,155,-243.690889754096,-0.0257834230632086,3,3,3.96862696659689
149,151,115,157,243.690889754096,0.0257834230632086,3,3,3.96862696659689
149,151,155,192,243.690889754096,0.0257834230632086,3,3,3.96862696659689
149,151,157,196,-243.690889754096,-0.0257834230632086,3,3,3.96862696659689
149,151,190,192,-44.5985281604161,-0.140883243603458,3,3,3
149,151,190,196,44.5985281604161,0.140883243603458,3,3,3
149,151,190,238,-243.690889754096,-0.0257834230632086,3,3,3.96862696659689
149,151,190,240,243.690889754096,0.0257834230632086,3,3,3.96862696659689
149,151,192,238,54.5890104579478,0.115099820540249,3,3,4.5
149,151,196,240,-54.5890104579478,-0.115099820540249,3,3,4.5
149,155,77,111,-54.5890104579478,-0.115099820540249,3,3,4.5
149,155,77,113,243.690889754096,0.0257834230632086,3,3,3.96862696659689
149,155,84,113,-243.690889754096,-0.0257834230632086,3,3,3.96862696659689
149,155,84,122,54.5890104579478,0.115099820540249,3,3,4.5
149,155,111,113,44.5985281604161,0.140883243603458,3,3,3
149,155,111,151,-243.690889754096,-0.0257834230632086,3,3,3.96862696659689
149,155,113,122,44.5985281604161,0.140883243603458,3,3,3
149,155,122,168,243.690889754096,0.0257834230632086,3,3,3.96862696659689
149,155,151,190,243.690889754096,0.0257834230632086,3,3,3.96862696659689
149,155,168,203,-243.690889754096,-0.0257834230632086,3,3,3.96862696659689
149,155,190,192,44.5985281604161,0.140883243603458,3,3,3
149,155,190,238,54.5890104579478,0.115099820540249,3,3,4.5
149,155,192,203,44.5985281604161,0.140883243603458,3,3,3
149,155,192,238,-243.690889754096,-0.0257834230632086,3,3,3.96862696659689
149,155,192,244,243.690889754096,0.0257834230632086,3,3,3.96862696659689
149,155,203,244,-54.5890104579478,-0.115099820540249,3,3,4.5
149,190,111,113,-243.690889754096,-0.0257834230632086,3,3,3.96862696659689
149,190,111,115,54.5890104579478,0.115099820540249,3,3,4.5
149,190,111,151,44.5985281604161,0.140883243603458,3,3,3
149,190,113,155,243.690889754096,0.0257834230632086,3,3,3.96862696659689
149,190,115,151,243.690889754096,0.0257834230632086,3,3,3.96862696659689
149,190,151,157,243.690889754096,0.0257834230632086,3,3,3.96862696659689
149,190,151,196,44.5985281604161,0.140883243603458,3,3,3
149,190,155,192,44.5985281604161,0.140883243603458,3,3,3
149,190,155,203,54.5890104579478,0.115099820540249,3,3,4.5
149,190,157,196,54.5890104579478,0.115099820540249,3,3,4.5
149,190,192,203,-243.690889754096,-0.0257834230632086,3,3,3.96862696659689
149,190,192,238,44.5985281604161,0.140883243603458,3,3,3
149,190,192,244,243.690889754096,0.0257834230632086,3,3,3.96862696659689
149,190,196,240,243.690889754096,0.0257834230632086,3,3,3.96862696659689
149,190,238,240,243.690889754096,0.0257834230632086,3,3,3.96862696659689
149,190,238,244,-54.5890104579478,-0.115099820540249,3,3,4.5
149,192,111,113,243.690889754096,0.0257834230632086,3,3,3.96862696659689
149,192,111,151,243.690889754096,0.0257834230632086,3,3,3.96862696659689
149,192,113,122,54.5890104579478,0.115099820540249,3,3,4.5
149,192,113,155,44.5985281604161,0.140883243603458,3,3,3
149,192,122,155,243.690889754096,0.0257834230632086,3,3,3.96862696659689
149,192,151,190,44.5985281604161,0.140883243603458,3,3,3
149,192,151,196,54.5890104579478,0.115099820540249,3,3,4.5
149,192,155,168,243.690889754096,0.0257834230632086,3,3,3.96862696659689
149,192,155,203,44.5985281604161,0.140883243603458,3,3,3
149,192,168,203,54.5890104579478,0.115099820540249,3,3,4.5
149,192,190,196,-243.690889754096,-0.0257834230632086,3,3,3.96862696659689
149,192,190,238,44.5985281604161,0.140883243603458,3,3,3
149,192,190,240,243.690889754096,0.0257834230632086,3,3,3.96862696659689
149,192,203,244,243.690889754096,0.0257834230632086,3,3,3.96862696659689
149,192,238,240,-54.5890104579478,-0.115099820540249,3,3,4.5
149,192,238,244,243.690889754096,0.0257834230632086,3,3,3.96862696659689
150,156,78,110,-54.5890104579478,-0.115099820540249,3,3,4.5
150,156,78,114,243.690889754096,0.0257834230632086,3,3,3.96862696659689
150,156,87,114,-243.690889754096,-0.0257834230632086,3,3,3.96862696659689
150,156,87,127,54.5890104579478,0.115099820540249,3,3,4.5
150,156,110,114,44.5985281604161,0.140883243603458,3,3,3
150,156,110,146,-243.690889754096,-0.0257834230632086,3,3,3.96862696659689
150,156,114,127,44.5985281604161,0.140883243603458,3,3,3
150,156,127,171,243.690889754096,0.0257834230632086,3,3,3.96862696659689
150,156,146,187,243.690889754096,0.0257834230632086,3,3,3.96862696659689
150,156,171,206,-243.690889754096,-0.0257834230632086,3,3,3.96862696659689
150,156,187,193,44.5985281604161,0.140883243603458,3,3,3
150,156,187,239,54.5890104579478,0.115099820540249,3,3,4.5
150,156,193,206,44.5985281604161,0.140883243603458,3,3,3
150,156,193,239,-243.690889754096,-0.0257834230632086,3,3,3.96862696659689
150,156,193,247,243.690889754096,0.0257834230632086,3,3,3.96862696659689
150,156,206,247,-54.5890104579478,-0.115099820540249,3,3,4.5
150,187,110,112,54.5890104579478,0.115099820540249,3,3,4.5
150,187,110,114,-243.690889754096,-0.0257834230632086,3,3,3.96862696659689
150,187,110,146,44.5985281604161,0.140883243603458,3,3,3
150,187,112,146,243.690889754096,0.0257834230632086,3,3,3.96862696659689
150,187,114,156,243.690889754096,0.0257834230632086,3,3,3.96862696659689
150,187,146,154,243.690889754096,0.0257834230632086,3,3,3.96862696659689
150,187,146,191,44.5985281604161,0.140883243603458,3,3,3
150,187,154,191,54.5890104579478,0.115099820540249,3,3,4.5
150,187,156,193,44.5985281604161,0.140883243603458,3,3,3
150,187,156,206,54.5890104579478,0.115099820540249,3,3,4.5
150,187,191,235,243.690889754096,0.0257834230632086,3,3,3.96862696659689
150,187,193,206,-243.690889754096,-0.0257834230632086,3,3,3.96862696659689
150,187,193,239,44.5985281604161,0.140883243603458,3,3,3
150,187,193,247,243.690889754096,0.0257834230632086,3,3,3.96862696659689
150,187,235,239,-243.690889754096,-0.0257834230632086,3,3,3.96862696659689
150,187,239,247,-54.5890104579478,-0.115099820540249,3,3,4.5
150,193,110,114,243.690889754096,0.0257834230632086,3,3,3.96862696659689
150,193,110,146,243.690889754096,0.0257834230632086,3,3,3.96862696659689
150,193,114,127,54.5890104579478,0.115099820540249,3,3,4.5
150,193,114,156,44.5985281604161,0.140883243603458,3,3,3
150,193,127,156,243.690889754096,0.0257834230632086,3,3,3.96862696659689
150,193,146,187,44.5985281604161,0.140883243603458,3,3,3
150,193,146,191,54.5890104579478,0.115099820540249,3,3,4.5
150,193,156,171,243.690889754096,0.0257834230632086,3,3,3.96862696659689
150,193,156,206,44.5985281604161,0.140883243603458,3,3,3
150,193,171,206,54.5890104579478,0.115099820540249,3,3,4.5
150,193,187,191,-243.690889754096,-0.0257834230632086,3,3,3.96862696659689
150,193,187,235,243.690889754096,0.0257834230632086,3,3,3.96862696659689
150,193,187,239,44.5985281604161,0.140883243603458,3,3,3
150,193,206,247,243.690889754096,0.0257834230632086,3,3,3.96862696659689
150,193,235,239,54.5890104579478,0.115099820540249,3,3,4.5
150,193,239,247,243.690889754096,0.0257834230632086,3,3,3.96862696659689
151,157,80,111,-54.5890104579478,-0.115099820540249,3,3,4.5
151,157,80,115,243.690889754096,0.0257834230632086,3,3,3.96862696659689
151,157,90,115,-243.690889754096,-0.0257834230632086,3,3,3.96862696659689
151,157,90,128,54.5890104579478,0.115099820540249,3,3,4.5
151,157,111,115,44.5985281604161,0.140883243603458,3,3,3
151,157,111,149,-243.690889754096,-0.0257834230632086,3,3,3.96862696659689
151,157,115,128,44.5985281604161,0.140883243603458,3,3,3
151,157,128,174,243.690889754096,0.0257834230632086,3,3,3.96862696659689
151,157,149,190,243.690889754096,0.0257834230632086,3,3,3.96862696659689
151,157,174,209,-243.690889754096,-0.0257834230632086,3,3,3.96862696659689
151,157,190,196,44.5985281604161,0.140883243603458,3,3,3
151,157,190,240,54.5890104579478,0.115099820540249,3,3,4.5
151,157,196,209,44.5985281604161,0.140883243603458,3,3,3
151,157,196,240,-243.690889754096,-0.0257834230632086,3,3,3.96862696659689
151,157,196,248,243.690889754096,0.0257834230632086,3,3,3.96862696659689
151,157,209,248,-54.5890104579478,-0.115099820540249,3,3,4.5
151,190,111,113,54.5890104579478,0.115099820540249,3,3,4.5
151,190,111,115,-243.690889754096,-0.0257834230632086,3,3,3.96862696659689
151,190,111,149,44.5985281604161,0.140883243603458,3,3,3
151,190,113,149,243.690889754096,0.0257834230632086,3,3,3.96862696659689
151,190,115,157,243.690889754096,0.0257834230632086,3,3,3.96862696659689
151,190,149,155,243.690889754096,0.0257834230632086,3,3,3.96862696659689
151,190,149,192,44.5985281604161,0.140883243603458,3,3,3
151,190,155,192,54.5890104579478,0.115099820540249,3,3,4.5
151,190,157,196,44.5985281604161,0.140883243603458,3,3,3
151,190,157,209,54.5890104579478,0.115099820540249,3,3,4.5
151,190,192,238,243.690889754096,0.0257834230632086,3,3,3.96862696659689
151,190,196,209,-243.690889754096,-0.0257834230632086,3,3,3.96862696659689
151,190,196,240,44.5985281604161,0.140883243603458,3,3,3
151,190,196,248,243.690889754096,0.0257834230632086,3,3,3.96862696659689
151,190,238,240,-243.690889754096,-0.0257834230632086,3,3,3.96862696659689
151,190,240,248,-54.5890104579478,-0.115099820540249,3,3,4.5
151,196,111,115,243.690889754096,0.0257834230632086,3,3,3.96862696659689
151,196,111,149,243.690889754096,0.0257834230632086,3,3,3.96862696659689
151,196,115,128,54.5890104579478,0.115099820540249,3,3,4.5
151,196,115,157,44.5985281604161,0.140883243603458,3,3,3
151,196,128,157,243.690889754096,0.0257834230632086,3,3,3.96862696659689
151,196,149,190,44.5985281604161,0.140883243603458,3,3,3
151,196,149,192,54.5890104579478,0.115099820540249,3,3,4.5
151,196,157,174,243.690889754096,0.0257834230632086,3,3,3.96862696659689
151,196,157,209,44.5985281604161,0.140883243603458,3,3,3
151,196,174,209,54.5890104579478,0.115099820540249,3,3,4.5
151,196,190,192,-243.690889754096,-0.0257834230632086,3,3,3.96862696659689
151,196,190,238,243.690889754096,0.0257834230632086,3,3,3.96862696659689
151,196,190,240,44.5985281604161,0.140883243603458,3,3,3
151,196,209,248,243.690889754096,0.0257834230632086,3,3,3.96862696659689
151,196,238,240,54.5890104579478,0.115099820540249,3,3,4.5
151,196,240,248,243.690889754096,0.0257834230632086,3,3,3.96862696659689
152,169,85,108,-54.5890104579478,-0.115099820540249,3,3,4.5
152,169,85,125,243.690889754096,0.0257834230632086,3,3,3.96862696659689
152,169,105,125,-243.690889754096,-0.0257834230632086,3,3,3.96862696659689
152,169,105,147,54.5890104579478,0.115099820540249,3,3,4.5
152,169,108,125,44.5985281604161,0.140883243603458,3,3,3
152,169,108,138,-243.690889754096,-0.0257834230632086,3,3,3.96862696659689
152,169,125,147,44.5985281604161,0.140883243603458,3,3,3
152,169,138,183,243.690889754096,0.0257834230632086,3,3,3.96862696659689
152,169,147,198,243.690889754096,0.0257834230632086,3,3,3.96862696659689
152,169,183,200,44.5985281604161,0.140883243603458,3,3,3
152,169,183,236,54.5890104579478,0.115099820540249,3,3,4.5
152,169,198,222,-243.690889754096,-0.0257834230632086,3,3,3.96862696659689
152,169,200,222,44.5985281604161,0.140883243603458,3,3,3
152,169,200,236,-243.690889754096,-0.0257834230632086,3,3,3.96862696659689
152,183,99,108,-54.5890104579478,-0.115099820540249,3,3,4.5
152,183,99,138,243.690889754096,0.0257834230632086,3,3,3.96862696659689
152,183,108,125,-243.690889754096,-0.0257834230632086,3,3,3.96862696659689
152,183,108,138,44.5985281604161,0.140883243603458,3,3,3
152,183,125,169,243.690889754096,0.0257834230632086,3,3,3.96862696659689
152,183,133,138,-243.690889754096,-0.0257834230632086,3,3,3.96862696659689
152,183,133,177,54.5890104579478,0.115099820540249,3,3,4.5
152,183,138,177,44.5985281604161,0.140883243603458,3,3,3
152,183,169,200,44.5985281604161,0.140883243603458,3,3,3
152,183,169,222,54.5890104579478,0.115099820540249,3,3,4.5
152,183,177,228,243.690889754096,0.0257834230632086,3,3,3.96862696659689
152,183,200,222,-243.690889754096,-0.0257834230632086,3,3,3.96862696659689
152,183,200,236,44.5985281604161,0.140883243603458,3,3,3
152,183,228,236,-243.690889754096,-0.0257834230632086,3,3,3.96862696659689
152,200,108,125,243.690889754096,0.0257834230632086,3,3,3.96862696659689
152,200,108,138,243.690889754096,0.0257834230632086,3,3,3.96862696659689
152,200,125,147,54.5890104579478,0.115099820540249,3,3,4.5
152,200,125,169,44.5985281604161,0.140883243603458,3,3,3
152,200,138,177,54.5890104579478,0.115099820540249,3,3,4.5
152,200,138,183,44.5985281604161,0.140883243603458,3,3,3
152,200,147,169,243.690889754096,0.0257834230632086,3,3,3.96862696659689
152,200,169,198,243.690889754096,0.0257834230632086,3,3,3.96862696659689
152,200,169,222,44.5985281604161,0.140883243603458,3,3,3
152,200,177,183,243.690889754096,0.0257834230632086,3,3,3.96862696659689
152,200,183,228,243.690889754096,0.0257834230632086,3,3,3.96862696659689
152,200,183,236,44.5985281604161,0.140883243603458,3,3,3
152,200,198,222,54.5890104579478,0.115099820540249,3,3,4.5
152,200,228,236,54.5890104579478,0.115099820540249,3,3,4.5
153,170,86,109,-54.5890104579478,-0.115099820540249,3,3,4.5
153,170,86,126,243.690889754096,0.0257834230632086,3,3,3.96862696659689
153,170,106,126,-243.690889754096,-0.0257834230632086,3,3,3.96862696659689
153,170,106,148,54.5890104579478,0.115099820540249,3,3,4.5
153,170,109,126,44.5985281604161,0.140883243603458,3,3,3
153,170,109,139,-243.690889754096,-0.0257834230632086,3,3,3.96862696659689
153,170,126,148,44.5985281604161,0.140883243603458,3,3,3
153,170,139,184,243.690889754096,0.0257834230632086,3,3,3.96862696659689
153,170,148,199,243.690889754096,0.0257834230632086,3,3,3.96862696659689
153,170,184,201,44.5985281604161,0.140883243603458,3,3,3
153,170,184,237,54.5890104579478,0.115099820540249,3,3,4.5
153,170,199,223,-243.690889754096,-0.0257834230632086,3,3,3.96862696659689
153,170,201,223,44.5985281604161,0.140883243603458,3,3,3
153,170,201,237,-243.690889754096,-0.0257834230632086,3,3,3.96862696659689
153,184,102,109,-54.5890104579478,-0.115099820540249,3,3,4.5
153,184,102,139,243.690889754096,0.0257834230632086,3,3,3.96862696659689
153,184,109,126,-243.690889754096,-0.0257834230632086,3,3,3.96862696659689
153,184,109,139,44.5985281604161,0.140883243603458,3,3,3
153,184,126,170,243.690889754096,0.0257834230632086,3,3,3.96862696659689
153,184,134,139,-243.690889754096,-0.0257834230632086,3,3,3.96862696659689
153,184,134,178,54.5890104579478,0.115099820540249,3,3,4.5
153,184,139,178,44.5985281604161,0.140883243603458,3,3,3
153,184,170,201,44.5985281604161,0.140883243603458,3,3,3
153,184,170,223,54.5890104579478,0.115099820540249,3,3,4.5
153,184,178,229,243.690889754096,0.0257834230632086,3,3,3.96862696659689
153,184,201,223,-243.690889754096,-0.0257834230632086,3,3,3.96862696659689
153,184,201,237,44.5985281604161,0.140883243603458,3,3,3
153,184,229,237,-243.690889754096,-0.0257834230632086,3,3,3.96862696659689
153,201,109,126,243.690889754096,0.0257834230632086,3,3,3.96862696659689
153,201,109,139,243.690889754096,0.0257834230632086,3,3,3.96862696659689
153,201,126,148,54.5890104579478,0.115099820540249,3,3,4.5
153,201,126,170,44.5985281604161,0.140883243603458,3,3,3
153,201,139,178,54.5890104579478,0.115099820540249,3,3,4.5
153,201,139,184,44.5985281604161,0.140883243603458,3,3,3
153,201,148,170,243.690889754096,0.0257834230632086,3,3,3.96862696659689
153,201,170,199,243.690889754096,0.0257834230632086,3,3,3.96862696659689
153,201,170,223,44.5985281604161,0.140883243603458,3,3,3
153,201,178,184,243.690889754096,0.0257834230632086,3,3,3.96862696659689
153,201,184,229,243.690889754096,0.0257834230632086,3,3,3.96862696659689
153,201,184,237,44.5985281604161,0.140883243603458,3,3,3
153,201,199,223,54.5890104579478,0.115099820540249,3,3,4.5
153,201,229,237,54.5890104579478,0.115099820540249,3,3,4.5
154,167,83,112,-54.5890104579478,-0.115099820540249,3,3,4.5
154,167,83,119,243.690889754096,0.0257834230632086,3,3,3.96862696659689
154,167,95,119,-243.690889754096,-0.0257834230632086,3,3,3.96862696659689
154,167,95,137,54.5890104579478,0.115099820540249,3,3,4.5
154,167,112,119,44.5985281604161,0.140883243603458,3,3,3
154,167,112,146,-243.690889754096,-0.0257834230632086,3,3,3.96862696659689
154,167,119,137,44.5985281604161,0.140883243603458,3,3,3
154,167,137,185,243.690889754096,0.0257834230632086,3,3,3.96862696659689
154,167,146,191,243.690889754096,0.0257834230632086,3,3,3.96862696659689
154,167,185,217,-243.690889754096,-0.0257834230632086,3,3,3.96862696659689
154,167,191,202,44.5985281604161,0.140883243603458,3,3,3
154,167,191,243,54.5890104579478,0.115099820540249,3,3,4.5
154,167,202,217,44.5985281604161,0.140883243603458,3,3,3
154,167,202,243,-243.690889754096,-0.0257834230632086,3,3,3.96862696659689
154,191,110,112,-54.5890104579478,-0.115099820540249,3,3,4.5
154,191,110,146,243.690889754096,0.0257834230632086,3,3,3.96862696659689
154,191,112,119,-243.690889754096,-0.0257834230632086,3,3,3.96862696659689
154,191,112,146,44.5985281604161,0.140883243603458,3,3,3
154,191,119,167,243.690889754096,0.0257834230632086,3,3,3.96862696659689
154,191,146,150,243.690889754096,0.0257834230632086,3,3,3.96862696659689
154,191,146,187,44.5985281604161,0.140883243603458,3,3,3
154,191,150,187,54.5890104579478,0.115099820540249,3,3,4.5
154,191,167,202,44.5985281604161,0.140883243603458,3,3,3
154,191,167,217,54.5890104579478,0.115099820540249,3,3,4.5
154,191,187,235,243.690889754096,0.0257834230632086,3,3,3.96862696659689
154,191,202,217,-243.690889754096,-0.0257834230632086,3,3,3.96862696659689
154,191,202,243,44.5985281604161,0.140883243603458,3,3,3
154,191,235,243,-243.690889754096,-0.0257834230632086,3,3,3.96862696659689
154,202,112,119,243.690889754096,0.0257834230632086,3,3,3.96862696659689
154,202,112,146,243.690889754096,0.0257834230632086,3,3,3.96862696659689
154,202,119,137,54.5890104579478,0.115099820540249,3,3,4.5
154,202,119,167,44.5985281604161,0.140883243603458,3,3,3
154,202,137,167,243.690889754096,0.0257834230632086,3,3,3.96862696659689
154,202,146,187,54.5890104579478,0.115099820540249,3,3,4.5
154,202,146,191,44.5985281604161,0.140883243603458,3,3,3
154,202,167,185,243.690889754096,0.0257834230632086,3,3,3.96862696659689
154,202,167,217,44.5985281604161,0.140883243603458,3,3,3
154,202,185,217,54.5890104579478,0.115099820540249,3,3,4.5
154,202,187,191,243.690889754096,0.0257834230632086,3,3,3.96862696659689
154,202,191,235,243.690889754096,0.0257834230632086,3,3,3.96862696659689
154,202,191,243,44.5985281604161,0.140883243603458,3,3,3
154,202,235,243,54.5890104579478,0.115099820540249,3,3,4.5
155,168,84,113,-54.5890104579478,-0.115099820540249,3,3,4.5
155,168,84,122,243.690889754096,0.0257834230632086,3,3,3.96862696659689
155,168,96,122,-243.690889754096,-0.0257834230632086,3,3,3.96862696659689
155,168,96,140,54.5890104579478,0.115099820540249,3,3,4.5
155,168,113,122,44.5985281604161,0.140883243603458,3,3,3
155,168,113,149,-243.690889754096,-0.0257834230632086,3,3,3.96862696659689
155,168,122,140,44.5985281604161,0.140883243603458,3,3,3
155,168,140,186,243.690889754096,0.0257834230632086,3,3,3.96862696659689
155,168,149,192,243.690889754096,0.0257834230632086,3,3,3.96862696659689
155,168,186,218,-243.690889754096,-0.0257834230632086,3,3,3.96862696659689
155,168,192,203,44.5985281604161,0.140883243603458,3,3,3
155,168,192,244,54.5890104579478,0.115099820540249,3,3,4.5
155,168,203,218,44.5985281604161,0.140883243603458,3,3,3
155,168,203,244,-243.690889754096,-0.0257834230632086,3,3,3.96862696659689
155,192,111,113,-54.5890104579478,-0.115099820540249,3,3,4.5
155,192,111,149,243.690889754096,0.0257834230632086,3,3,3.96862696659689
155,192,113,122,-243.690889754096,-0.0257834230632086,3,3,3.96862696659689
155,192,113,149,44.5985281604161,0.140883243603458,3,3,3
155,192,122,168,243.690889754096,0.0257834230632086,3,3,3.96862696659689
155,192,149,151,243.690889754096,0.0257834230632086,3,3,3.96862696659689
155,192,149,190,44.5985281604161,0.140883243603458,3,3,3
155,192,151,190,54.5890104579478,0.115099820540249,3,3,4.5
155,192,168,203,44.5985281604161,0.140883243603458,3,3,3
155,192,168,218,54.5890104579478,0.115099820540249,3,3,4.5
155,192,190,238,243.690889754096,0.0257834230632086,3,3,3.96862696659689
155,192,203,218,-243.690889754096,-0.0257834230632086,3,3,3.96862696659689
155,192,203,244,44.5985281604161,0.140883243603458,3,3,3
155,192,238,244,-243.690889754096,-0.0257834230632086,3,3,3.96862696659689
155,203,113,122,243.690889754096,0.0257834230632086,3,3,3.96862696659689
155,203,113,149,243.690889754096,0.0257834230632086,3,3,3.96862696659689
155,203,122,140,54.5890104579478,0.115099820540249,3,3,4.5
155,203,122,168,44.5985281604161,0.140883243603458,3,3,3
155,203,140,168,243.690889754096,0.0257834230632086,3,3,3.96862696659689
155,203,149,190,54.5890104579478,0.115099820540249,3,3,4.5
155,203,149,192,44.5985281604161,0.140883243603458,3,3,3
155,203,168,186,243.690889754096,0.0257834230632086,3,3,3.96862696659689
155,203,168,218,44.5985281604161,0.140883243603458,3,3,3
155,203,186,218,54.5890104579478,0.115099820540249,3,3,4.5
155,203,190,192,243.690889754096,0.0257834230632086,3,3,3.96862696659689
155,203,192,238,243.690889754096,0.0257834230632086,3,3,3.96862696659689
155,203,192,244,44.5985281604161,0.140883243603458,3,3,3
155,203,238,244,54.5890104579478,0.115099820540249,3,3,4.5
156,171,87,114,-54.5890104579478,-0.115099820540249,3,3,4.5
156,171,87,127,243.690889754096,0.0257834230632086,3,3,3.96862696659689
156,171,103,127,-243.690889754096,-0.0257834230632086,3,3,3.96862696659689
156,171,103,145,54.5890104579478,0.115099820540249,3,3,4.5
156,171,114,127,44.5985281604161,0.140883243603458,3,3,3
156,171,114,150,-243.690889754096,-0.0257834230632086,3,3,3.96862696659689
156,171,127,145,44.5985281604161,0.140883243603458,3,3,3
156,171,145,197,243.690889754096,0.0257834230632086,3,3,3.96862696659689
156,171,150,193,243.690889754096,0.0257834230632086,3,3,3.96862696659689
156,171,193,206,44.5985281604161,0.140883243603458,3,3,3
156,171,193,247,54.5890104579478,0.115099820540249,3,3,4.5
156,171,197,227,-243.690889754096,-0.0257834230632086,3,3,3.96862696659689
156,171,206,227,44.5985281604161,0.140883243603458,3,3,3
156,171,206,247,-243.690889754096,-0.0257834230632086,3,3,3.96862696659689
156,193,110,114,-54.5890104579478,-0.115099820540249,3,3,4.5
156,193,110,150,243.690889754096,0.0257834230632086,3,3,3.96862696659689
156,193,114,127,-243.690889754096,-0.0257834230632086,3,3,3.96862696659689
156,193,114,150,44.5985281604161,0.140883243603458,3,3,3
156,193,127,171,243.690889754096,0.0257834230632086,3,3,3.96862696659689
156,193,146,150,-243.690889754096,-0.0257834230632086,3,3,3.96862696659689
156,193,146,187,54.5890104579478,0.115099820540249,3,3,4.5
156,193,150,187,44.5985281604161,0.140883243603458,3,3,3
156,193,171,206,44.5985281604161,0.140883243603458,3,3,3
156,193,171,227,54.5890104579478,0.115099820540249,3,3,4.5
156,193,187,239,243.690889754096,0.0257834230632086,3,3,3.96862696659689
156,193,206,227,-243.690889754096,-0.0257834230632086,3,3,3.96862696659689
156,193,206,247,44.5985281604161,0.140883243603458,3,3,3
156,193,239,247,-243.690889754096,-0.0257834230632086,3,3,3.96862696659689
156,206,114,127,243.690889754096,0.0257834230632086,3,3,3.96862696659689
156,206,114,150,243.690889754096,0.0257834230632086,3,3,3.96862696659689
156,206,127,145,54.5890104579478,0.115099820540249,3,3,4.5
156,206,127,171,44.5985281604161,0.140883243603458,3,3,3
156,206,145,171,243.690889754096,0.0257834230632086,3,3,3.96862696659689
156,206,150,187,54.5890104579478,0.115099820540249,3,3,4.5
156,206,150,193,44.5985281604161,0.140883243603458,3,3,3
156,206,171,197,243.690889754096,0.0257834230632086,3,3,3.96862696659689
156,206,171,227,44.5985281604161,0.140883243603458,3,3,3
156,206,187,193,243.690889754096,0.0257834230632086,3,3,3.96862696659689
156,206,193,239,243.690889754096,0.0257834230632086,3,3,3.96862696659689
156,206,193,247,44.5985281604161,0.140883243603458,3,3,3
156,206,197,227,54.5890104579478,0.115099820540249,3,3,4.5
156,206,239,247,54.5890104579478,0.115099820540249,3,3,4.5
157,174,90,115,-54.5890104579478,-0.115099820540249,3,3,4.5
157,174,90,128,243.690889754096,0.0257834230632086,3,3,3.96862696659689
157,174,103,128,-243.690889754096,-0.0257834230632086,3,3,3.96862696659689
157,174,103,145,54.5890104579478,0.115099820540249,3,3,4.5
157,174,115,128,44.5985281604161,0.140883243603458,3,3,3
157,174,115,151,-243.690889754096,-0.0257834230632086,3,3,3.96862696659689
157,174,128,145,44.5985281604161,0.140883243603458,3,3,3
157,174,145,197,243.690889754096,0.0257834230632086,3,3,3.96862696659689
157,174,151,196,243.690889754096,0.0257834230632086,3,3,3.96862696659689
157,174,196,209,44.5985281604161,0.140883243603458,3,3,3
157,174,196,248,54.5890104579478,0.115099820540249,3,3,4.5
157,174,197,230,-243.690889754096,-0.0257834230632086,3,3,3.96862696659689
157,174,209,230,44.5985281604161,0.140883243603458,3,3,3
157,174,209,248,-243.690889754096,-0.0257834230632086,3,3,3.96862696659689
157,196,111,115,-54.5890104579478,-0.115099820540249,3,3,4.5
157,196,111,151,243.690889754096,0.0257834230632086,3,3,3.96862696659689
157,196,115,128,-243.690889754096,-0.0257834230632086,3,3,3.96862696659689
157,196,115,151,44.5985281604161,0.140883243603458,3,3,3
157,196,128,174,243.690889754096,0.0257834230632086,3,3,3.96862696659689
157,196,149,151,-243.690889754096,-0.0257834230632086,3,3,3.96862696659689
157,196,149,190,54.5890104579478,0.115099820540249,3,3,4.5
157,196,151,190,44.5985281604161,0.140883243603458,3,3,3
157,196,174,209,44.5985281604161,0.140883243603458,3,3,3
157,196,174,230,54.5890104579478,0.115099820540249,3,3,4.5
157,196,190,240,243.690889754096,0.0257834230632086,3,3,3.96862696659689
157,196,209,230,-243.690889754096,-0.0257834230632086,3,3,3.96862696659689
157,196,209,248,44.5985281604161,0.140883243603458,3,3,3
157,196,240,248,-243.690889754096,-0.0257834230632086,3,3,3.96862696659689
157,209,115,128,243.690889754096,0.0257834230632086,3,3,3.96862696659689
157,209,115,151,243.690889754096,0.0257834230632086,3,3,3.96862696659689
157,209,128,145,54.5890104579478,0.115099820540249,3,3,4.5
157,209,128,174,44.5985281604161,0.140883243603458,3,3,3
157,209,145,174,243.690889754096,0.0257834230632086,3,3,3.96862696659689
157,209,151,190,54.5890104579478,0.115099820540249,3,3,4.5
157,209,151,196,44.5985281604161,0.140883243603458,3,3,3
157,209,174,197,243.690889754096,0.0257834230632086,3,3,3.96862696659689
157,209,174,230,44.5985281604161,0.140883243603458,3,3,3
157,209,190,196,243.690889754096,0.0257834230632086,3,3,3.96862696659689
157,209,196,240,243.690889754096,0.0257834230632086,3,3,3.96862696659689
157,209,196,248,44.5985281604161,0.140883243603458,3,3,3
157,209,197,230,54.5890104579478,0.115099820540249,3,3,4.5
157,209,240,248,54.5890104579478,0.115099820540249,3,3,4.5
158,162,88,120,243.690889754096,0.0257834230632086,3,3,3.96862696659689
158,162,88,123,-54.5890104579478,-0.115099820540249,3,3,4.5
158,162,91,120,-243.690889754096,-0.0257834230632086,3,3,3.96862696659689
158,162,91,129,54.5890104579478,0.115099820540249,3,3,4.5
158,162,120,123,-44.5985281604161,-0.140883243603458,3,3,3
158,162,120,129,44.5985281604161,0.140883243603458,3,3,3
158,162,123,165,-243.690889754096,-0.0257834230632086,3,3,3.96862696659689
158,162,129,172,243.690889754096,0.0257834230632086,3,3,3.96862696659689
158,162,165,207,243.690889754096,0.0257834230632086,3,3,3.96862696659689
158,162,172,210,-243.690889754096,-0.0257834230632086,3,3,3.96862696659689
158,162,204,207,-44.5985281604161,-0.140883243603458,3,3,3
158,162,204,210,44.5985281604161,0.140883243603458,3,3,3
158,165,88,120,-54.5890104579478,-0.115099820540249,3,3,4.5
158,165,88,123,243.690889754096,0.0257834230632086,3,3,3.96862696659689
158,165,93,123,-243.690889754096,-0.0257834230632086,3,3,3.96862696659689
158,165,93,131,54.5890104579478,0.115099820540249,3,3,4.5
158,165,120,123,44.5985281604161,0.140883243603458,3,3,3
158,165,120,162,-243.690889754096,-0.0257834230632086,3,3,3.96862696659689
158,165,123,131,44.5985281604161,0.140883243603458,3,3,3
158,165,131,179,243.690889754096,0.0257834230632086,3,3,3.96862696659689
158,165,162,204,243.690889754096,0.0257834230632086,3,3,3.96862696659689
158,165,179,214,-243.690889754096,-0.0257834230632086,3,3,3.96862696659689
158,165,204,207,44.5985281604161,0.140883243603458,3,3,3
158,165,207,214,44.5985281604161,0.140883243603458,3,3,3
158,204,120,123,-243.690889754096,-0.0257834230632086,3,3,3.96862696659689
158,204,120,129,54.5890104579478,0.115099820540249,3,3,4.5
158,204,120,162,44.5985281604161,0.140883243603458,3,3,3
158,204,123,165,243.690889754096,0.0257834230632086,3,3,3.96862696659689
158,204,129,162,243.690889754096,0.0257834230632086,3,3,3.96862696659689
158,204,162,172,243.690889754096,0.0257834230632086,3,3,3.96862696659689
158,204,162,210,44.5985281604161,0.140883243603458,3,3,3
158,204,165,207,44.5985281604161,0.140883243603458,3,3,3
158,204,165,214,54.5890104579478,0.115099820540249,3,3,4.5
158,204,172,210,54.5890104579478,0.115099820540249,3,3,4.5
158,204,207,214,-243.690889754096,-0.0257834230632086,3,3,3.96862696659689
158,207,120,123,243.690889754096,0.0257834230632086,3,3,3.96862696659689
158,207,120,162,243.690889754096,0.0257834230632086,3,3,3.96862696659689
158,207,123,131,54.5890104579478,0.115099820540249,3,3,4.5
158,207,123,165,44.5985281604161,0.140883243603458,3,3,3
158,207,131,165,243.690889754096,0.0257834230632086,3,3,3.96862696659689
158,207,162,204,44.5985281604161,0.140883243603458,3,3,3
158,207,162,210,54.5890104579478,0.115099820540249,3,3,4.5
158,207,165,179,243.690889754096,0.0257834230632086,3,3,3.96862696659689
158,207,165,214,44.5985281604161,0.140883243603458,3,3,3
158,207,179,214,54.5890104579478,0.115099820540249,3,3,4.5
158,207,204,210,-243.690889754096,-0.0257834230632086,3,3,3.96862696659689
159,163,89,121,243.690889754096,0.0257834230632086,3,3,3.96862696659689
159,163,89,124,-54.5890104579478,-0.115099820540249,3,3,4.5
159,163,92,121,-243.690889754096,-0.0257834230632086,3,3,3.96862696659689
159,163,92,130,54.5890104579478,0.115099820540249,3,3,4.5
159,163,121,124,-44.5985281604161,-0.140883243603458,3,3,3
159,163,121,130,44.5985281604161,0.140883243603458,3,3,3
159,163,124,166,-243.690889754096,-0.0257834230632086,3,3,3.96862696659689
159,163,130,173,243.690889754096,0.0257834230632086,3,3,3.96862696659689
159,163,166,208,243.690889754096,0.0257834230632086,3,3,3.96862696659689
159,163,173,211,-243.690889754096,-0.0257834230632086,3,3,3.96862696659689
159,163,205,208,-44.5985281604161,-0.140883243603458,3,3,3
159,163,205,211,44.5985281604161,0.140883243603458,3,3,3
159,166,89,121,-54.5890104579478,-0.115099820540249,3,3,4.5
159,166,89,124,243.690889754096,0.0257834230632086,3,3,3.96862696659689
159,166,94,124,-243.690889754096,-0.0257834230632086,3,3,3.96862696659689
159,166,94,132,54.5890104579478,0.115099820540249,3,3,4.5
159,166,121,124,44.5985281604161,0.140883243603458,3,3,3
159,166,121,163,-243.690889754096,-0.0257834230632086,3,3,3.96862696659689
159,166,124,132,44.5985281604161,0.140883243603458,3,3,3
159,166,132,180,243.690889754096,0.0257834230632086,3,3,3.96862696659689
159,166,163,205,243.690889754096,0.0257834230632086,3,3,3.96862696659689
159,166,180,215,-243.690889754096,-0.0257834230632086,3,3,3.96862696659689
159,166,205,208,44.5985281604161,0.140883243603458,3,3,3
159,166,208,215,44.5985281604161,0.140883243603458,3,3,3
159,205,121,124,-243.690889754096,-0.0257834230632086,3,3,3.96862696659689
159,205,121,130,54.5890104579478,0.115099820540249,3,3,4.5
159,205,121,163,44.5985281604161,0.140883243603458,3,3,3
159,205,124,166,243.690889754096,0.0257834230632086,3,3,3.96862696659689
159,205,130,163,243.690889754096,0.0257834230632086,3,3,3.96862696659689
159,205,163,173,243.690889754096,0.0257834230632086,3,3,3.96862696659689
159,205,163,211,44.5985281604161,0.140883243603458,3,3,3
159,205,166,208,44.5985281604161,0.140883243603458,3,3,3
159,205,166,215,54.5890104579478,0.115099820540249,3,3,4.5
159,205,173,211,54.5890104579478,0.115099820540249,3,3,4.5
159,205,208,215,-243.690889754096,-0.0257834230632086,3,3,3.96862696659689
159,208,121,124,243.690889754096,0.0257834230632086,3,3,3.96862696659689
159,208,121,163,243.690889754096,0.0257834230632086,3,3,3.96862696659689
159,208,124,132,54.5890104579478,0.115099820540249,3,3,4.5
159,208,124,166,44.5985281604161,0.140883243603458,3,3,3
159,208,132,166,243.690889754096,0.0257834230632086,3,3,3.96862696659689
159,208,163,205,44.5985281604161,0.140883243603458,3,3,3
159,208,163,211,54.5890104579478,0.115099820540249,3,3,4.5
159,208,166,180,243.690889754096,0.0257834230632086,3,3,3.96862696659689
159,208,166,215,44.5985281604161,0.140883243603458,3,3,3
159,208,180,215,54.5890104579478,0.115099820540249,3,3,4.5
159,208,205,211,-243.690889754096,-0.0257834230632086,3,3,3.96862696659689
160,188,100,116,-54.5890104579478,-0.115099820540249,3,3,4.5
160,188,100,141,243.690889754096,0.0257834230632086,3,3,3.96862696659689
160,188,116,141,44.5985281604161,0.140883243603458,3,3,3
160,188,116,142,-243.690889754096,-0.0257834230632086,3,3,3.96862696659689
160,188,129,141,-243.690889754096,-0.0257834230632086,3,3,3.96862696659689
160,188,129,172,54.5890104579478,0.115099820540249,3,3,4.5
160,188,141,172,44.5985281604161,0.140883243603458,3,3,3
160,188,142,189,243.690889754096,0.0257834230632086,3,3,3.96862696659689
160,188,172,225,243.690889754096,0.0257834230632086,3,3,3.96862696659689
160,188,189,212,44.5985281604161,0.140883243603458,3,3,3
160,188,189,246,54.5890104579478,0.115099820540249,3,3,4.5
160,188,212,245,44.5985281604161,0.140883243603458,3,3,3
160,188,212,246,-243.690889754096,-0.0257834230632086,3,3,3.96862696659689
160,188,225,245,-243.690889754096,-0.0257834230632086,3,3,3.96862696659689
160,189,101,116,-54.5890104579478,-0.115099820540249,3,3,4.5
160,189,101,142,243.690889754096,0.0257834230632086,3,3,3.96862696659689
160,189,116,141,-243.690889754096,-0.0257834230632086,3,3,3.96862696659689
160,189,116,142,44.5985281604161,0.140883243603458,3,3,3
160,189,130,142,-243.690889754096,-0.0257834230632086,3,3,3.96862696659689
160,189,130,173,54.5890104579478,0.115099820540249,3,3,4.5
160,189,141,188,243.690889754096,0.0257834230632086,3,3,3.96862696659689
160,189,142,173,44.5985281604161,0.140883243603458,3,3,3
160,189,173,226,243.690889754096,0.0257834230632086,3,3,3.96862696659689
160,189,188,212,44.5985281604161,0.140883243603458,3,3,3
160,189,188,245,54.5890104579478,0.115099820540249,3,3,4.5
160,189,212,245,-243.690889754096,-0.0257834230632086,3,3,3.96862696659689
160,189,212,246,44.5985281604161,0.140883243603458,3,3,3
160,189,226,246,-243.690889754096,-0.0257834230632086,3,3,3.96862696659689
160,212,116,141,243.690889754096,0.0257834230632086,3,3,3.96862696659689
160,212,116,142,243.690889754096,0.0257834230632086,3,3,3.96862696659689
160,212,141,172,54.5890104579478,0.115099820540249,3,3,4.5
160,212,141,188,44.5985281604161,0.140883243603458,3,3,3
160,212,142,173,54.5890104579478,0.115099820540249,3,3,4.5
160,212,142,189,44.5985281604161,0.140883243603458,3,3,3
160,212,172,188,243.690889754096,0.0257834230632086,3,3,3.96862696659689
160,212,173,189,243.690889754096,0.0257834230632086,3,3,3.96862696659689
160,212,188,225,243.690889754096,0.0257834230632086,3,3,3.96862696659689
160,212,188,245,44.5985281604161,0.140883243603458,3,3,3
160,212,189,226,243.690889754096,0.0257834230632086,3,3,3.96862696659689
160,212,189,246,44.5985281604161,0.140883243603458,3,3,3
160,212,225,245,54.5890104579478,0.115099820540249,3,3,4.5
160,212,226,246,54.5890104579478,0.115099820540249,3,3,4.5
161,185,95,117,-54.5890104579478,-0.115099820540249,3,3,4.5
161,185,95,137,243.690889754096,0.0257834230632086,3,3,3.96862696659689
161,185,117,137,44.5985281604161,0.140883243603458,3,3,3
161,185,117,143,-243.690889754096,-0.0257834230632086,3,3,3.96862696659689
161,185,119,137,-243.690889754096,-0.0257834230632086,3,3,3.96862696659689
161,185,119,167,54.5890104579478,0.115099820540249,3,3,4.5
161,185,137,167,44.5985281604161,0.140883243603458,3,3,3
161,185,143,194,243.690889754096,0.0257834230632086,3,3,3.96862696659689
161,185,167,217,243.690889754096,0.0257834230632086,3,3,3.96862696659689
161,185,194,213,44.5985281604161,0.140883243603458,3,3,3
161,185,194,249,54.5890104579478,0.115099820540249,3,3,4.5
161,185,213,241,44.5985281604161,0.140883243603458,3,3,3
161,185,213,249,-243.690889754096,-0.0257834230632086,3,3,3.96862696659689
161,185,217,241,-243.690889754096,-0.0257834230632086,3,3,3.96862696659689
161,194,104,117,-54.5890104579478,-0.115099820540249,3,3,4.5
161,194,104,143,243.690889754096,0.0257834230632086,3,3,3.96862696659689
161,194,117,137,-243.690889754096,-0.0257834230632086,3,3,3.96862696659689
161,194,117,143,44.5985281604161,0.140883243603458,3,3,3
161,194,135,143,-243.690889754096,-0.0257834230632086,3,3,3.96862696659689
161,194,135,181,54.5890104579478,0.115099820540249,3,3,4.5
161,194,137,185,243.690889754096,0.0257834230632086,3,3,3.96862696659689
161,194,143,181,44.5985281604161,0.140883243603458,3,3,3
161,194,181,233,243.690889754096,0.0257834230632086,3,3,3.96862696659689
161,194,185,213,44.5985281604161,0.140883243603458,3,3,3
161,194,185,241,54.5890104579478,0.115099820540249,3,3,4.5
161,194,213,241,-243.690889754096,-0.0257834230632086,3,3,3.96862696659689
161,194,213,249,44.5985281604161,0.140883243603458,3,3,3
161,194,233,249,-243.690889754096,-0.0257834230632086,3,3,3.96862696659689
161,213,117,137,243.690889754096,0.0257834230632086,3,3,3.96862696659689
161,213,117,143,243.690889754096,0.0257834230632086,3,3,3.96862696659689
161,213,137,167,54.5890104579478,0.115099820540249,3,3,4.5
161,213,137,185,44.5985281604161,0.140883243603458,3,3,3
161,213,143,181,54.5890104579478,0.115099820540249,3,3,4.5
161,213,143,194,44.5985281604161,0.140883243603458,3,3,3
161,213,167,185,243.690889754096,0.0257834230632086,3,3,3.96862696659689
161,213,181,194,243.690889754096,0.0257834230632086,3,3,3.96862696659689
161,213,185,217,243.690889754096,0.0257834230632086,3,3,3.96862696659689
161,213,185,241,44.5985281604161,0.140883243603458,3,3,3
161,213,194,233,243.690889754096,0.0257834230632086,3,3,3.96862696659689
161,213,194,249,44.5985281604161,0.140883243603458,3,3,3
161,213,217,241,54.5890104579478,0.115099820540249,3,3,4.5
161,213,233,249,54.5890104579478,0.115099820540249,3,3,4.5
162,172,91,120,-54.5890104579478,-0.115099820540249,3,3,4.5
162,172,91,129,243.690889754096,0.0257834230632086,3,3,3.96862696659689
162,172,100,129,-243.690889754096,-0.0257834230632086,3,3,3.96862696659689
162,172,100,141,54.5890104579478,0.115099820540249,3,3,4.5
162,172,120,129,44.5985281604161,0.140883243603458,3,3,3
162,172,120,158,-243.690889754096,-0.0257834230632086,3,3,3.96862696659689
162,172,129,141,44.5985281604161,0.140883243603458,3,3,3
162,172,141,188,243.690889754096,0.0257834230632086,3,3,3.96862696659689
162,172,158,204,243.690889754096,0.0257834230632086,3,3,3.96862696659689
162,172,188,225,-243.690889754096,-0.0257834230632086,3,3,3.96862696659689
162,172,204,210,44.5985281604161,0.140883243603458,3,3,3
162,172,210,225,44.5985281604161,0.140883243603458,3,3,3
162,204,120,123,54.5890104579478,0.115099820540249,3,3,4.5
162,204,120,129,-243.690889754096,-0.0257834230632086,3,3,3.96862696659689
162,204,120,158,44.5985281604161,0.140883243603458,3,3,3
162,204,123,158,243.690889754096,0.0257834230632086,3,3,3.96862696659689
162,204,129,172,243.690889754096,0.0257834230632086,3,3,3.96862696659689
162,204,158,165,243.690889754096,0.0257834230632086,3,3,3.96862696659689
162,204,158,207,44.5985281604161,0.140883243603458,3,3,3
162,204,165,207,54.5890104579478,0.115099820540249,3,3,4.5
162,204,172,210,44.5985281604161,0.140883243603458,3,3,3
162,204,172,225,54.5890104579478,0.115099820540249,3,3,4.5
162,204,210,225,-243.690889754096,-0.0257834230632086,3,3,3.96862696659689
162,210,120,129,243.690889754096,0.0257834230632086,3,3,3.96862696659689
162,210,120,158,243.690889754096,0.0257834230632086,3,3,3.96862696659689
162,210,129,141,54.5890104579478,0.115099820540249,3,3,4.5
162,210,129,172,44.5985281604161,0.140883243603458,3,3,3
162,210,141,172,243.690889754096,0.0257834230632086,3,3,3.96862696659689
162,210,158,204,44.5985281604161,0.140883243603458,3,3,3
162,210,158,207,54.5890104579478,0.115099820540249,3,3,4.5
162,210,172,188,243.690889754096,0.0257834230632086,3,3,3.96862696659689
162,210,172,225,44.5985281604161,0.140883243603458,3,3,3
162,210,188,225,54.5890104579478,0.115099820540249,3,3,4.5
162,210,204,207,-243.690889754096,-0.0257834230632086,3,3,3.96862696659689
163,173,92,121,-54.5890104579478,-0.115099820540249,3,3,4.5
163,173,92,130,243.690889754096,0.0257834230632086,3,3,3.96862696659689
163,173,101,130,-243.690889754096,-0.0257834230632086,3,3,3.96862696659689
163,173,101,142,54.5890104579478,0.115099820540249,3,3,4.5
163,173,121,130,44.5985281604161,0.140883243603458,3,3,3
163,173,121,159,-243.690889754096,-0.0257834230632086,3,3,3.96862696659689
163,173,130,142,44.5985281604161,0.140883243603458,3,3,3
163,173,142,189,243.690889754096,0.0257834230632086,3,3,3.96862696659689
163,173,159,205,243.690889754096,0.0257834230632086,3,3,3.96862696659689
163,173,189,226,-243.690889754096,-0.0257834230632086,3,3,3.96862696659689
163,173,205,211,44.5985281604161,0.140883243603458,3,3,3
163,173,211,226,44.5985281604161,0.140883243603458,3,3,3
163,205,121,124,54.5890104579478,0.115099820540249,3,3,4.5
163,205,121,130,-243.690889754096,-0.0257834230632086,3,3,3.96862696659689
163,205,121,159,44.5985281604161,0.140883243603458,3,3,3
163,205,124,159,243.690889754096,0.0257834230632086,3,3,3.96862696659689
163,205,130,173,243.690889754096,0.0257834230632086,3,3,3.96862696659689
163,205,159,166,243.690889754096,0.0257834230632086,3,3,3.96862696659689
163,205,159,208,44.5985281604161,0.140883243603458,3,3,3
163,205,166,208,54.5890104579478,0.115099820540249,3,3,4.5
163,205,173,211,44.5985281604161,0.140883243603458,3,3,3
163,205,173,226,54.5890104579478,0.115099820540249,3,3,4.5
163,205,211,226,-243.690889754096,-0.0257834230632086,3,3,3.96862696659689
163,211,121,130,243.690889754096,0.0257834230632086,3,3,3.96862696659689
163,211,121,159,243.690889754096,0.0257834230632086,3,3,3.96862696659689
163,211,130,142,54.5890104579478,0.115099820540249,3,3,4.5
163,211,130,173,44.5985281604161,0.140883243603458,3,3,3
163,211,142,173,243.690889754096,0.0257834230632086,3,3,3.96862696659689
163,211,159,205,44.5985281604161,0.140883243603458,3,3,3
163,211,159,208,54.5890104579478,0.115099820540249,3,3,4.5
163,211,173,189,243.690889754096,0.0257834230632086,3,3,3.96862696659689
163,211,173,226,44.5985281604161,0.140883243603458,3,3,3
163,211,189,226,54.5890104579478,0.115099820540249,3,3,4.5
163,211,205,208,-243.690889754096,-0.0257834230632086,3,3,3.96862696659689
164,186,96,118,-54.5890104579478,-0.115099820540249,3,3,4.5
164,186,96,140,243.690889754096,0.0257834230632086,3,3,3.96862696659689
164,186,118,140,44.5985281604161,0.140883243603458,3,3,3
164,186,118,144,-243.690889754096,-0.0257834230632086,3,3,3.96862696659689
164,186,122,140,-243.690889754096,-0.0257834230632086,3,3,3.96862696659689
164,186,122,168,54.5890104579478,0.115099820540249,3,3,4.5
164,186,140,168,44.5985281604161,0.140883243603458,3,3,3
164,186,144,195,243.690889754096,0.0257834230632086,3,3,3.96862696659689
164,186,168,218,243.690889754096,0.0257834230632086,3,3,3.96862696659689
164,186,195,216,44.5985281604161,0.140883243603458,3,3,3
164,186,195,250,54.5890104579478,0.115099820540249,3,3,4.5
164,186,216,242,44.5985281604161,0.140883243603458,3,3,3
164,186,216,250,-243.690889754096,-0.0257834230632086,3,3,3.96862696659689
164,186,218,242,-243.690889754096,-0.0257834230632086,3,3,3.96862696659689
164,195,107,118,-54.5890104579478,-0.115099820540249,3,3,4.5
164,195,107,144,243.690889754096,0.0257834230632086,3,3,3.96862696659689
164,195,118,140,-243.690889754096,-0.0257834230632086,3,3,3.96862696659689
164,195,118,144,44.5985281604161,0.140883243603458,3,3,3
164,195,136,144,-243.690889754096,-0.0257834230632086,3,3,3.96862696659689
164,195,136,182,54.5890104579478,0.115099820540249,3,3,4.5
164,195,140,186,243.690889754096,0.0257834230632086,3,3,3.96862696659689
164,195,144,182,44.5985281604161,0.140883243603458,3,3,3
164,195,182,234,243.690889754096,0.0257834230632086,3,3,3.96862696659689
164,195,186,216,44.5985281604161,0.140883243603458,3,3,3
164,195,186,242,54.5890104579478,0.115099820540249,3,3,4.5
164,195,216,242,-243.690889754096,-0.0257834230632086,3,3,3.96862696659689
164,195,216,250,44.5985281604161,0.140883243603458,3,3,3
164,195,234,250,-243.690889754096,-0.0257834230632086,3,3,3.96862696659689
164,216,118,140,243.690889754096,0.0257834230632086,3,3,3.96862696659689
164,216,118,144,243.690889754096,0.0257834230632086,3,3,3.96862696659689
164,216,140,168,54.5890104579478,0.115099820540249,3,3,4.5
164,216,140,186,44.5985281604161,0.140883243603458,3,3,3
164,216,144,182,54.5890104579478,0.115099820540249,3,3,4.5
164,216,144,195,44.5985281604161,0.140883243603458,3,3,3
164,216,168,186,243.690889754096,0.0257834230632086,3,3,3.96862696659689
164,216,182,195,243.690889754096,0.0257834230632086,3,3,3.96862696659689
164,216,186,218,243.690889754096,0.0257834230632086,3,3,3.96862696659689
164,216,186,242,44.5985281604161,0.140883243603458,3,3,3
164,216,195,234,243.690889754096,0.0257834230632086,3,3,3.96862696659689
164,216,195,250,44.5985281604161,0.140883243603458,3,3,3
164,216,218,242,54.5890104579478,0.115099820540249,3,3,4.5
164,216,234,250,54.5890104579478,0.115099820540249,3,3,4.5
165,179,93,123,-54.5890104579478,-0.115099820540249,3,3,4.5
165,179,93,131,243.690889754096,0.0257834230632086,3,3,3.96862696659689
165,179,105,131,-243.690889754096,-0.0257834230632086,3,3,3.96862696659689
165,179,105,147,54.5890104579478,0.115099820540249,3,3,4.5
165,179,123,131,44.5985281604161,0.140883243603458,3,3,3
165,179,123,158,-243.690889754096,-0.0257834230632086,3,3,3.96862696659689
165,179,131,147,44.5985281604161,0.140883243603458,3,3,3
165,179,147,198,243.690889754096,0.0257834230632086,3,3,3.96862696659689
165,179,158,207,243.690889754096,0.0257834230632086,3,3,3.96862696659689
165,179,198,231,-243.690889754096,-0.0257834230632086,3,3,3.96862696659689
165,179,207,214,44.5985281604161,0.140883243603458,3,3,3
165,179,214,231,44.5985281604161,0.140883243603458,3,3,3
165,207,120,123,-54.5890104579478,-0.115099820540249,3,3,4.5
165,207,120,158,243.690889754096,0.0257834230632086,3,3,3.96862696659689
165,207,123,131,-243.690889754096,-0.0257834230632086,3,3,3.96862696659689
165,207,123,158,44.5985281604161,0.140883243603458,3,3,3
165,207,131,179,243.690889754096,0.0257834230632086,3,3,3.96862696659689
165,207,158,162,243.690889754096,0.0257834230632086,3,3,3.96862696659689
165,207,158,204,44.5985281604161,0.140883243603458,3,3,3
165,207,162,204,54.5890104579478,0.115099820540249,3,3,4.5
165,207,179,214,44.5985281604161,0.140883243603458,3,3,3
165,207,179,231,54.5890104579478,0.115099820540249,3,3,4.5
165,207,214,231,-243.690889754096,-0.0257834230632086,3,3,3.96862696659689
165,214,123,131,243.690889754096,0.0257834230632086,3,3,3.96862696659689
165,214,123,158,243.690889754096,0.0257834230632086,3,3,3.96862696659689
165,214,131,147,54.5890104579478,0.115099820540249,3,3,4.5
165,214,131,179,44.5985281604161,0.140883243603458,3,3,3
165,214,147,179,243.690889754096,0.0257834230632086,3,3,3.96862696659689
165,214,158,204,54.5890104579478,0.115099820540249,3,3,4.5
165,214,158,207,44.5985281604161,0.140883243603458,3,3,3
165,214,179,198,243.690889754096,0.0257834230632086,3,3,3.96862696659689
165,214,179,231,44.5985281604161,0.140883243603458,3,3,3
165,214,198,231,54.5890104579478,0.115099820540249,3,3,4.5
165,214,204,207,243.690889754096,0.0257834230632086,3,3,3.96862696659689
166,180,94,124,-54.5890104579478,-0.115099820540249,3,3,4.5
166,180,94,132,243.690889754096,0.0257834230632086,3,3,3.96862696659689
166,180,106,132,-243.690889754096,-0.0257834230632086,3,3,3.96862696659689
166,180,106,148,54.5890104579478,0.115099820540249,3,3,4.5
166,180,124,132,44.5985281604161,0.140883243603458,3,3,3
166,180,124,159,-243.690889754096,-0.0257834230632086,3,3,3.96862696659689
166,180,132,148,44.5985281604161,0.140883243603458,3,3,3
166,180,148,199,243.690889754096,0.0257834230632086,3,3,3.96862696659689
166,180,159,208,243.690889754096,0.0257834230632086,3,3,3.96862696659689
166,180,199,232,-243.690889754096,-0.0257834230632086,3,3,3.96862696659689
166,180,208,215,44.5985281604161,0.140883243603458,3,3,3
166,180,215,232,44.5985281604161,0.140883243603458,3,3,3
166,208,121,124,-54.5890104579478,-0.115099820540249,3,3,4.5
166,208,121,159,243.690889754096,0.0257834230632086,3,3,3.96862696659689
166,208,124,132,-243.690889754096,-0.0257834230632086,3,3,3.96862696659689
166,208,124,159,44.5985281604161,0.140883243603458,3,3,3
166,208,132,180,243.690889754096,0.0257834230632086,3,3,3.96862696659689
166,208,159,163,243.690889754096,0.0257834230632086,3,3,3.96862696659689
166,208,159,205,44.5985281604161,0.140883243603458,3,3,3
166,208,163,205,54.5890104579478,0.115099820540249,3,3,4.5
166,208,180,215,44.5985281604161,0.140883243603458,3,3,3
166,208,180,232,54.5890104579478,0.115099820540249,3,3,4.5
166,208,215,232,-243.690889754096,-0.0257834230632086,3,3,3.96862696659689
166,215,124,132,243.690889754096,0.0257834230632086,3,3,3.96862696659689
166,215,124,159,243.690889754096,0.0257834230632086,3,3,3.96862696659689
166,215,132,148,54.5890104579478,0.115099820540249,3,3,4.5
166,215,132,180,44.5985281604161,0.140883243603458,3,3,3
166,215,148,180,243.690889754096,0.0257834230632086,3,3,3.96862696659689
166,215,159,205,54.5890104579478,0.115099820540249,3,3,4.5
166,215,159,208,44.5985281604161,0.140883243603458,3,3,3
166,215,180,199,243.690889754096,0.0257834230632086,3,3,3.96862696659689
166,215,180,232,44.5985281604161,0.140883243603458,3,3,3
166,215,199,232,54.5890104579478,0.115099820540249,3,3,4.5
166,215,205,208,243.690889754096,0.0257834230632086,3,3,3.96862696659689
167,185,95,119,-54.5890104579478,-0.115099820540249,3,3,4.5
167,185,95,137,243.690889754096,0.0257834230632086,3,3,3.96862696659689
167,185,117,137,-243.690889754096,-0.0257834230632086,3,3,3.96862696659689
167,185,117,161,54.5890104579478,0.115099820540249,3,3,4.5
167,185,119,137,44.5985281604161,0.140883243603458,3,3,3
167,185,119,154,-243.690889754096,-0.0257834230632086,3,3,3.96862696659689
167,185,137,161,44.5985281604161,0.140883243603458,3,3,3
167,185,154,202,243.690889754096,0.0257834230632086,3,3,3.96862696659689
167,185,161,213,243.690889754096,0.0257834230632086,3,3,3.96862696659689
167,185,202,217,44.5985281604161,0.140883243603458,3,3,3
167,185,213,241,-243.690889754096,-0.0257834230632086,3,3,3.96862696659689
167,185,217,241,44.5985281604161,0.140883243603458,3,3,3
167,202,112,119,-54.5890104579478,-0.115099820540249,3,3,4.5
167,202,112,154,243.690889754096,0.0257834230632086,3,3,3.96862696659689
167,202,119,137,-243.690889754096,-0.0257834230632086,3,3,3.96862696659689
167,202,119,154,44.5985281604161,0.140883243603458,3,3,3
167,202,137,185,243.690889754096,0.0257834230632086,3,3,3.96862696659689
167,202,146,154,-243.690889754096,-0.0257834230632086,3,3,3.96862696659689
167,202,146,191,54.5890104579478,0.115099820540249,3,3,4.5
167,202,154,191,44.5985281604161,0.140883243603458,3,3,3
167,202,185,217,44.5985281604161,0.140883243603458,3,3,3
167,202,185,241,54.5890104579478,0.115099820540249,3,3,4.5
167,202,191,243,243.690889754096,0.0257834230632086,3,3,3.96862696659689
167,202,217,241,-243.690889754096,-0.0257834230632086,3,3,3.96862696659689
167,217,119,137,243.690889754096,0.0257834230632086,3,3,3.96862696659689
167,217,119,154,243.690889754096,0.0257834230632086,3,3,3.96862696659689
167,217,137,161,54.5890104579478,0.115099820540249,3,3,4.5
167,217,137,185,44.5985281604161,0.140883243603458,3,3,3
167,217,154,191,54.5890104579478,0.115099820540249,3,3,4.5
167,217,154,202,44.5985281604161,0.140883243603458,3,3,3
167,217,161,185,243.690889754096,0.0257834230632086,3,3,3.96862696659689
167,217,185,213,243.690889754096,0.0257834230632086,3,3,3.96862696659689
167,217,185,241,44.5985281604161,0.140883243603458,3,3,3
167,217,191,202,243.690889754096,0.0257834230632086,3,3,3.96862696659689
167,217,202,243,243.690889754096,0.0257834230632086,3,3,3.96862696659689
167,217,213,241,54.5890104579478,0.115099820540249,3,3,4.5
168,186,96,122,-54.5890104579478,-0.115099820540249,3,3,4.5
168,186,96,140,243.690889754096,0.0257834230632086,3,3,3.96862696659689
168,186,118,140,-243.690889754096,-0.0257834230632086,3,3,3.96862696659689
168,186,118,164,54.5890104579478,0.115099820540249,3,3,4.5
168,186,122,140,44.5985281604161,0.140883243603458,3,3,3
168,186,122,155,-243.690889754096,-0.0257834230632086,3,3,3.96862696659689
168,186,140,164,44.5985281604161,0.140883243603458,3,3,3
168,186,155,203,243.690889754096,0.0257834230632086,3,3,3.96862696659689
168,186,164,216,243.690889754096,0.0257834230632086,3,3,3.96862696659689
168,186,203,218,44.5985281604161,0.140883243603458,3,3,3
168,186,216,242,-243.690889754096,-0.0257834230632086,3,3,3.96862696659689
168,186,218,242,44.5985281604161,0.140883243603458,3,3,3
168,203,113,122,-54.5890104579478,-0.115099820540249,3,3,4.5
168,203,113,155,243.690889754096,0.0257834230632086,3,3,3.96862696659689
168,203,122,140,-243.690889754096,-0.0257834230632086,3,3,3.96862696659689
168,203,122,155,44.5985281604161,0.140883243603458,3,3,3
168,203,140,186,243.690889754096,0.0257834230632086,3,3,3.96862696659689
168,203,149,155,-243.690889754096,-0.0257834230632086,3,3,3.96862696659689
168,203,149,192,54.5890104579478,0.115099820540249,3,3,4.5
168,203,155,192,44.5985281604161,0.140883243603458,3,3,3
168,203,186,218,44.5985281604161,0.140883243603458,3,3,3
168,203,186,242,54.5890104579478,0.115099820540249,3,3,4.5
168,203,192,244,243.690889754096,0.0257834230632086,3,3,3.96862696659689
168,203,218,242,-243.690889754096,-0.0257834230632086,3,3,3.96862696659689
168,218,122,140,243.690889754096,0.0257834230632086,3,3,3.96862696659689
168,218,122,155,243.690889754096,0.0257834230632086,3,3,3.96862696659689
168,218,140,164,54.5890104579478,0.115099820540249,3,3,4.5
168,218,140,186,44.5985281604161,0.140883243603458,3,3,3
168,218,155,192,54.5890104579478,0.115099820540249,3,3,4.5
168,218,155,203,44.5985281604161,0.140883243603458,3,3,3
168,218,164,186,243.690889754096,0.0257834230632086,3,3,3.96862696659689
168,218,186,216,243.690889754096,0.0257834230632086,3,3,3.96862696659689
168,218,186,242,44.5985281604161,0.140883243603458,3,3,3
168,218,192,203,243.690889754096,0.0257834230632086,3,3,3.96862696659689
168,218,203,244,243.690889754096,0.0257834230632086,3,3,3.96862696659689
168,218,216,242,54.5890104579478,0.115099820540249,3,3,4.5
169,198,105,125,-54.5890104579478,-0.115099820540249,3,3,4.5
169,198,105,147,243.690889754096,0.0257834230632086,3,3,3.96862696659689
169,198,125,147,44.5985281604161,0.140883243603458,3,3,3
169,198,125,152,-243.690889754096,-0.0257834230632086,3,3,3.96862696659689
169,198,131,147,-243.690889754096,-0.0257834230632086,3,3,3.96862696659689
169,198,131,179,54.5890104579478,0.115099820540249,3,3,4.5
169,198,147,179,44.5985281604161,0.140883243603458,3,3,3
169,198,152,200,243.690889754096,0.0257834230632086,3,3,3.96862696659689
169,198,179,231,243.690889754096,0.0257834230632086,3,3,3.96862696659689
169,198,200,222,44.5985281604161,0.140883243603458,3,3,3
169,200,108,125,-54.5890104579478,-0.115099820540249,3,3,4.5
169,200,108,152,243.690889754096,0.0257834230632086,3,3,3.96862696659689
169,200,125,147,-243.690889754096,-0.0257834230632086,3,3,3.96862696659689
169,200,125,152,44.5985281604161,0.140883243603458,3,3,3
169,200,138,152,-243.690889754096,-0.0257834230632086,3,3,3.96862696659689
169,200,138,183,54.5890104579478,0.115099820540249,3,3,4.5
169,200,147,198,243.690889754096,0.0257834230632086,3,3,3.96862696659689
169,200,152,183,44.5985281604161,0.140883243603458,3,3,3
169,200,183,236,243.690889754096,0.0257834230632086,3,3,3.96862696659689
169,200,198,222,44.5985281604161,0.140883243603458,3,3,3
169,222,125,147,243.690889754096,0.0257834230632086,3,3,3.96862696659689
169,222,125,152,243.690889754096,0.0257834230632086,3,3,3.96862696659689
169,222,147,179,54.5890104579478,0.115099820540249,3,3,4.5
169,222,147,198,44.5985281604161,0.140883243603458,3,3,3
169,222,152,183,54.5890104579478,0.115099820540249,3,3,4.5
169,222,152,200,44.5985281604161,0.140883243603458,3,3,3
169,222,179,198,243.690889754096,0.0257834230632086,3,3,3.96862696659689
169,222,183,200,243.690889754096,0.0257834230632086,3,3,3.96862696659689
169,222,198,231,243.690889754096,0.0257834230632086,3,3,3.96862696659689
169,222,200,236,243.690889754096,0.0257834230632086,3,3,3.96862696659689
170,199,106,126,-54.5890104579478,-0.115099820540249,3,3,4.5
170,199,106,148,243.690889754096,0.0257834230632086,3,3,3.96862696659689
170,199,126,148,44.5985281604161,0.140883243603458,3,3,3
170,199,126,153,-243.690889754096,-0.0257834230632086,3,3,3.96862696659689
170,199,132,148,-243.690889754096,-0.0257834230632086,3,3,3.96862696659689
170,199,132,180,54.5890104579478,0.115099820540249,3,3,4.5
170,199,148,180,44.5985281604161,0.140883243603458,3,3,3
170,199,153,201,243.690889754096,0.0257834230632086,3,3,3.96862696659689
170,199,180,232,243.690889754096,0.0257834230632086,3,3,3.96862696659689
170,199,201,223,44.5985281604161,0.140883243603458,3,3,3
170,201,109,126,-54.5890104579478,-0.115099820540249,3,3,4.5
170,201,109,153,243.690889754096,0.0257834230632086,3,3,3.96862696659689
170,201,126,148,-243.690889754096,-0.0257834230632086,3,3,3.96862696659689
170,201,126,153,44.5985281604161,0.140883243603458,3,3,3
170,201,139,153,-243.690889754096,-0.0257834230632086,3,3,3.96862696659689
170,201,139,184,54.5890104579478,0.115099820540249,3,3,4.5
170,201,148,199,243.690889754096,0.0257834230632086,3,3,3.96862696659689
170,201,153,184,44.5985281604161,0.140883243603458,3,3,3
170,201,184,237,243.690889754096,0.0257834230632086,3,3,3.96862696659689
170,201,199,223,44.5985281604161,0.140883243603458,3,3,3
170,223,126,148,243.690889754096,0.0257834230632086,3,3,3.96862696659689
170,223,126,153,243.690889754096,0.0257834230632086,3,3,3.96862696659689
170,223,148,180,54.5890104579478,0.115099820540249,3,3,4.5
170,223,148,199,44.5985281604161,0.140883243603458,3,3,3
170,223,153,184,54.5890104579478,0.115099820540249,3,3,4.5
170,223,153,201,44.5985281604161,0.140883243603458,3,3,3
170,223,180,199,243.690889754096,0.0257834230632086,3,3,3.96862696659689
170,223,184,201,243.690889754096,0.0257834230632086,3,3,3.96862696659689
170,223,199,232,243.690889754096,0.0257834230632086,3,3,3.96862696659689
170,223,201,237,243.690889754096,0.0257834230632086,3,3,3.96862696659689
171,197,103,127,-54.5890104579478,-0.115099820540249,3,3,4.5
171,197,103,145,243.690889754096,0.0257834230632086,3,3,3.96862696659689
171,197,127,145,44.5985281604161,0.140883243603458,3,3,3
171,197,127,156,-243.690889754096,-0.0257834230632086,3,3,3.96862696659689
171,197,128,145,-243.690889754096,-0.0257834230632086,3,3,3.96862696659689
171,197,128,174,54.5890104579478,0.115099820540249,3,3,4.5
171,197,145,174,44.5985281604161,0.140883243603458,3,3,3
171,197,156,206,243.690889754096,0.0257834230632086,3,3,3.96862696659689
171,197,174,230,243.690889754096,0.0257834230632086,3,3,3.96862696659689
171,197,206,227,44.5985281604161,0.140883243603458,3,3,3
171,197,227,251,44.5985281604161,0.140883243603458,3,3,3
171,197,230,251,-243.690889754096,-0.0257834230632086,3,3,3.96862696659689
171,206,114,127,-54.5890104579478,-0.115099820540249,3,3,4.5
171,206,114,156,243.690889754096,0.0257834230632086,3,3,3.96862696659689
171,206,127,145,-243.690889754096,-0.0257834230632086,3,3,3.96862696659689
171,206,127,156,44.5985281604161,0.140883243603458,3,3,3
171,206,145,197,243.690889754096,0.0257834230632086,3,3,3.96862696659689
171,206,150,156,-243.690889754096,-0.0257834230632086,3,3,3.96862696659689
171,206,150,193,54.5890104579478,0.115099820540249,3,3,4.5
171,206,156,193,44.5985281604161,0.140883243603458,3,3,3
171,206,193,247,243.690889754096,0.0257834230632086,3,3,3.96862696659689
171,206,197,227,44.5985281604161,0.140883243603458,3,3,3
171,206,197,251,54.5890104579478,0.115099820540249,3,3,4.5
171,206,227,251,-243.690889754096,-0.0257834230632086,3,3,3.96862696659689
171,227,127,145,243.690889754096,0.0257834230632086,3,3,3.96862696659689
171,227,127,156,243.690889754096,0.0257834230632086,3,3,3.96862696659689
171,227,145,174,54.5890104579478,0.115099820540249,3,3,4.5
171,227,145,197,44.5985281604161,0.140883243603458,3,3,3
171,227,156,193,54.5890104579478,0.115099820540249,3,3,4.5
171,227,156,206,44.5985281604161,0.140883243603458,3,3,3
171,227,174,197,243.690889754096,0.0257834230632086,3,3,3.96862696659689
171,227,193,206,243.690889754096,0.0257834230632086,3,3,3.96862696659689
171,227,197,230,243.690889754096,0.0257834230632086,3,3,3.96862696659689
171,227,197,251,44.5985281604161,0.140883243603458,3,3,3
171,227,206,247,243.690889754096,0.0257834230632086,3,3,3.96862696659689
171,227,230,251,54.5890104579478,0.115099820540249,3,3,4.5
172,188,100,129,-54.5890104579478,-0.115099820540249,3,3,4.5
172,188,100,141,243.690889754096,0.0257834230632086,3,3,3.96862696659689
172,188,116,141,-243.690889754096,-0.0257834230632086,3,3,3.96862696659689
172,188,116,160,54.5890104579478,0.115099820540249,3,3,4.5
172,188,129,141,44.5985281604161,0.140883243603458,3,3,3
172,188,129,162,-243.690889754096,-0.0257834230632086,3,3,3.96862696659689
172,188,141,160,44.5985281604161,0.140883243603458,3,3,3
172,188,160,212,243.690889754096,0.0257834230632086,3,3,3.96862696659689
172,188,162,210,243.690889754096,0.0257834230632086,3,3,3.96862696659689
172,188,210,225,44.5985281604161,0.140883243603458,3,3,3
172,188,212,245,-243.690889754096,-0.0257834230632086,3,3,3.96862696659689
172,188,225,245,44.5985281604161,0.140883243603458,3,3,3
172,210,120,129,-54.5890104579478,-0.115099820540249,3,3,4.5
172,210,120,162,243.690889754096,0.0257834230632086,3,3,3.96862696659689
172,210,129,141,-243.690889754096,-0.0257834230632086,3,3,3.96862696659689
172,210,129,162,44.5985281604161,0.140883243603458,3,3,3
172,210,141,188,243.690889754096,0.0257834230632086,3,3,3.96862696659689
172,210,158,162,-243.690889754096,-0.0257834230632086,3,3,3.96862696659689
172,210,158,204,54.5890104579478,0.115099820540249,3,3,4.5
172,210,162,204,44.5985281604161,0.140883243603458,3,3,3
172,210,188,225,44.5985281604161,0.140883243603458,3,3,3
172,210,188,245,54.5890104579478,0.115099820540249,3,3,4.5
172,210,225,245,-243.690889754096,-0.0257834230632086,3,3,3.96862696659689
172,225,129,141,243.690889754096,0.0257834230632086,3,3,3.96862696659689
172,225,129,162,243.690889754096,0.0257834230632086,3,3,3.96862696659689
172,225,141,160,54.5890104579478,0.115099820540249,3,3,4.5
172,225,141,188,44.5985281604161,0.140883243603458,3,3,3
172,225,160,188,243.690889754096,0.0257834230632086,3,3,3.96862696659689
172,225,162,204,54.5890104579478,0.115099820540249,3,3,4.5
172,225,162,210,44.5985281604161,0.140883243603458,3,3,3
172,225,188,212,243.690889754096,0.0257834230632086,3,3,3.96862696659689
172,225,188,245,44.5985281604161,0.140883243603458,3,3,3
172,225,204,210,243.690889754096,0.0257834230632086,3,3,3.96862696659689
172,225,212,245,54.5890104579478,0.115099820540249,3,3,4.5
173,189,101,130,-54.5890104579478,-0.115099820540249,3,3,4.5
173,189,101,142,243.690889754096,0.0257834230632086,3,3,3.96862696659689
173,189,116,142,-243.690889754096,-0.0257834230632086,3,3,3.96862696659689
173,189,116,160,54.5890104579478,0.115099820540249,3,3,4.5
173,189,130,142,44.5985281604161,0.140883243603458,3,3,3
173,189,130,163,-243.690889754096,-0.0257834230632086,3,3,3.96862696659689
173,189,142,160,44.5985281604161,0.140883243603458,3,3,3
173,189,160,212,243.690889754096,0.0257834230632086,3,3,3.96862696659689
173,189,163,211,243.690889754096,0.0257834230632086,3,3,3.96862696659689
173,189,211,226,44.5985281604161,0.140883243603458,3,3,3
173,189,212,246,-243.690889754096,-0.0257834230632086,3,3,3.96862696659689
173,189,226,246,44.5985281604161,0.140883243603458,3,3,3
173,211,121,130,-54.5890104579478,-0.115099820540249,3,3,4.5
173,211,121,163,243.690889754096,0.0257834230632086,3,3,3.96862696659689
173,211,130,142,-243.690889754096,-0.0257834230632086,3,3,3.96862696659689
173,211,130,163,44.5985281604161,0.140883243603458,3,3,3
173,211,142,189,243.690889754096,0.0257834230632086,3,3,3.96862696659689
173,211,159,163,-243.690889754096,-0.0257834230632086,3,3,3.96862696659689
173,211,159,205,54.5890104579478,0.115099820540249,3,3,4.5
173,211,163,205,44.5985281604161,0.140883243603458,3,3,3
173,211,189,226,44.5985281604161,0.140883243603458,3,3,3
173,211,189,246,54.5890104579478,0.115099820540249,3,3,4.5
173,211,226,246,-243.690889754096,-0.0257834230632086,3,3,3.96862696659689
173,226,130,142,243.690889754096,0.0257834230632086,3,3,3.96862696659689
173,226,130,163,243.690889754096,0.0257834230632086,3,3,3.96862696659689
173,226,142,160,54.5890104579478,0.115099820540249,3,3,4.5
173,226,142,189,44.5985281604161,0.140883243603458,3,3,3
173,226,160,189,243.690889754096,0.0257834230632086,3,3,3.96862696659689
173,226,163,205,54.5890104579478,0.115099820540249,3,3,4.5
173,226,163,211,44.5985281604161,0.140883243603458,3,3,3
173,226,189,212,243.690889754096,0.0257834230632086,3,3,3.96862696659689
173,226,189,246,44.5985281604161,0.140883243603458,3,3,3
173,226,205,211,243.690889754096,0.0257834230632086,3,3,3.96862696659689
173,226,212,246,54.5890104579478,0.115099820540249,3,3,4.5
174,197,103,128,-54.5890104579478,-0.115099820540249,3,3,4.5
174,197,103,145,243.690889754096,0.0257834230632086,3,3,3.96862696659689
174,197,127,145,-243.690889754096,-0.0257834230632086,3,3,3.96862696659689
174,197,127,171,54.5890104579478,0.115099820540249,3,3,4.5
174,197,128,145,44.5985281604161,0.140883243603458,3,3,3
174,197,128,157,-243.690889754096,-0.0257834230632086,3,3,3.96862696659689
174,197,145,171,44.5985281604161,0.140883243603458,3,3,3
174,197,157,209,243.690889754096,0.0257834230632086,3,3,3.96862696659689
174,197,171,227,243.690889754096,0.0257834230632086,3,3,3.96862696659689
174,197,209,230,44.5985281604161,0.140883243603458,3,3,3
174,197,227,251,-243.690889754096,-0.0257834230632086,3,3,3.96862696659689
174,197,230,251,44.5985281604161,0.140883243603458,3,3,3
174,209,115,128,-54.5890104579478,-0.115099820540249,3,3,4.5
174,209,115,157,243.690889754096,0.0257834230632086,3,3,3.96862696659689
174,209,128,145,-243.690889754096,-0.0257834230632086,3,3,3.96862696659689
174,209,128,157,44.5985281604161,0.140883243603458,3,3,3
174,209,145,197,243.690889754096,0.0257834230632086,3,3,3.96862696659689
174,209,151,157,-243.690889754096,-0.0257834230632086,3,3,3.96862696659689
174,209,151,196,54.5890104579478,0.115099820540249,3,3,4.5
174,209,157,196,44.5985281604161,0.140883243603458,3,3,3
174,209,196,248,243.690889754096,0.0257834230632086,3,3,3.96862696659689
174,209,197,230,44.5985281604161,0.140883243603458,3,3,3
174,209,197,251,54.5890104579478,0.115099820540249,3,3,4.5
174,209,230,251,-243.690889754096,-0.0257834230632086,3,3,3.96862696659689
174,230,128,145,243.690889754096,0.0257834230632086,3,3,3.96862696659689
174,230,128,157,243.690889754096,0.0257834230632086,3,3,3.96862696659689
174,230,145,171,54.5890104579478,0.115099820540249,3,3,4.5
174,230,145,197,44.5985281604161,0.140883243603458,3,3,3
174,230,157,196,54.5890104579478,0.115099820540249,3,3,4.5
174,230,157,209,44.5985281604161,0.140883243603458,3,3,3
174,230,171,197,243.690889754096,0.0257834230632086,3,3,3.96862696659689
174,230,196,209,243.690889754096,0.0257834230632086,3,3,3.96862696659689
174,230,197,227,243.690889754096,0.0257834230632086,3,3,3.96862696659689
174,230,197,251,44.5985281604161,0.140883243603458,3,3,3
174,230,209,248,243.690889754096,0.0257834230632086,3,3,3.96862696659689
174,230,227,251,54.5890104579478,0.115099820540249,3,3,4.5
175,177,97,133,243.690889754096,0.0257834230632086,3,3,3.96862696659689
175,177,97,135,-54.5890104579478,-0.115099820540249,3,3,4.5
175,177,99,133,-243.690889754096,-0.0257834230632086,3,3,3.96862696659689
175,177,99,138,54.5890104579478,0.115099820540249,3,3,4.5
175,177,133,135,-44.5985281604161,-0.140883243603458,3,3,3
175,177,133,138,44.5985281604161,0.140883243603458,3,3,3
175,177,135,181,-243.690889754096,-0.0257834230632086,3,3,3.96862696659689
175,177,138,183,243.690889754096,0.0257834230632086,3,3,3.96862696659689
175,177,181,221,243.690889754096,0.0257834230632086,3,3,3.96862696659689
175,177,183,228,-243.690889754096,-0.0257834230632086,3,3,3.96862696659689
175,177,219,221,-44.5985281604161,-0.140883243603458,3,3,3
175,177,219,228,44.5985281604161,0.140883243603458,3,3,3
175,181,97,133,-54.5890104579478,-0.115099820540249,3,3,4.5
175,181,97,135,243.690889754096,0.0257834230632086,3,3,3.96862696659689
175,181,104,135,-243.690889754096,-0.0257834230632086,3,3,3.96862696659689
175,181,104,143,54.5890104579478,0.115099820540249,3,3,4.5
175,181,133,135,44.5985281604161,0.140883243603458,3,3,3
175,181,133,177,-243.690889754096,-0.0257834230632086,3,3,3.96862696659689
175,181,135,143,44.5985281604161,0.140883243603458,3,3,3
175,181,143,194,243.690889754096,0.0257834230632086,3,3,3.96862696659689
175,181,177,219,243.690889754096,0.0257834230632086,3,3,3.96862696659689
175,181,194,233,-243.690889754096,-0.0257834230632086,3,3,3.96862696659689
175,181,219,221,44.5985281604161,0.140883243603458,3,3,3
175,181,221,233,44.5985281604161,0.140883243603458,3,3,3
175,219,133,135,-243.690889754096,-0.0257834230632086,3,3,3.96862696659689
175,219,133,138,54.5890104579478,0.115099820540249,3,3,4.5
175,219,133,177,44.5985281604161,0.140883243603458,3,3,3
175,219,135,181,243.690889754096,0.0257834230632086,3,3,3.96862696659689
175,219,138,177,243.690889754096,0.0257834230632086,3,3,3.96862696659689
175,219,177,183,243.690889754096,0.0257834230632086,3,3,3.96862696659689
175,219,177,228,44.5985281604161,0.140883243603458,3,3,3
175,219,181,221,44.5985281604161,0.140883243603458,3,3,3
175,219,181,233,54.5890104579478,0.115099820540249,3,3,4.5
175,219,183,228,54.5890104579478,0.115099820540249,3,3,4.5
175,219,221,233,-243.690889754096,-0.0257834230632086,3,3,3.96862696659689
175,221,133,135,243.690889754096,0.0257834230632086,3,3,3.96862696659689
175,221,133,177,243.690889754096,0.0257834230632086,3,3,3.96862696659689
175,221,135,143,54.5890104579478,0.115099820540249,3,3,4.5
175,221,135,181,44.5985281604161,0.140883243603458,3,3,3
175,221,143,181,243.690889754096,0.0257834230632086,3,3,3.96862696659689
175,221,177,219,44.5985281604161,0.140883243603458,3,3,3
175,221,177,228,54.5890104579478,0.115099820540249,3,3,4.5
175,221,181,194,243.690889754096,0.0257834230632086,3,3,3.96862696659689
175,221,181,233,44.5985281604161,0.140883243603458,3,3,3
175,221,194,233,54.5890104579478,0.115099820540249,3,3,4.5
175,221,219,228,-243.690889754096,-0.0257834230632086,3,3,3.96862696659689
176,178,98,134,243.690889754096,0.0257834230632086,3,3,3.96862696659689
176,178,98,136,-54.5890104579478,-0.115099820540249,3,3,4.5
176,178,102,134,-243.690889754096,-0.0257834230632086,3,3,3.96862696659689
176,178,102,139,54.5890104579478,0.115099820540249,3,3,4.5
176,178,134,136,-44.5985281604161,-0.140883243603458,3,3,3
176,178,134,139,44.5985281604161,0.140883243603458,3,3,3
176,178,136,182,-243.690889754096,-0.0257834230632086,3,3,3.96862696659689
176,178,139,184,243.690889754096,0.0257834230632086,3,3,3.96862696659689
176,178,182,224,243.690889754096,0.0257834230632086,3,3,3.96862696659689
176,178,184,229,-243.690889754096,-0.0257834230632086,3,3,3.96862696659689
176,178,220,224,-44.5985281604161,-0.140883243603458,3,3,3
176,178,220,229,44.5985281604161,0.140883243603458,3,3,3
176,182,98,134,-54.5890104579478,-0.115099820540249,3,3,4.5
176,182,98,136,243.690889754096,0.0257834230632086,3,3,3.96862696659689
176,182,107,136,-243.690889754096,-0.0257834230632086,3,3,3.96862696659689
176,182,107,144,54.5890104579478,0.115099820540249,3,3,4.5
176,182,134,136,44.5985281604161,0.140883243603458,3,3,3
176,182,134,178,-243.690889754096,-0.0257834230632086,3,3,3.96862696659689
176,182,136,144,44.5985281604161,0.140883243603458,3,3,3
176,182,144,195,243.690889754096,0.0257834230632086,3,3,3.96862696659689
176,182,178,220,243.690889754096,0.0257834230632086,3,3,3.96862696659689
176,182,195,234,-243.690889754096,-0.0257834230632086,3,3,3.96862696659689
176,182,220,224,44.5985281604161,0.140883243603458,3,3,3
176,182,224,234,44.5985281604161,0.140883243603458,3,3,3
176,220,134,136,-243.690889754096,-0.0257834230632086,3,3,3.96862696659689
176,220,134,139,54.5890104579478,0.115099820540249,3,3,4.5
176,220,134,178,44.5985281604161,0.140883243603458,3,3,3
176,220,136,182,243.690889754096,0.0257834230632086,3,3,3.96862696659689
176,220,139,178,243.690889754096,0.0257834230632086,3,3,3.96862696659689
176,220,178,184,243.690889754096,0.0257834230632086,3,3,3.96862696659689
176,220,178,229,44.5985281604161,0.140883243603458,3,3,3
176,220,182,224,44.5985281604161,0.140883243603458,3,3,3
176,220,182,234,54.5890104579478,0.115099820540249,3,3,4.5
176,220,184,229,54.5890104579478,0.115099820540249,3,3,4.5
176,220,224,234,-243.690889754096,-0.0257834230632086,3,3,3.96862696659689
176,224,134,136,243.690889754096,0.0257834230632086,3,3,3.96862696659689
176,224,134,178,243.690889754096,0.0257834230632086,3,3,3.96862696659689
176,224,136,144,54.5890104579478,0.115099820540249,3,3,4.5
176,224,136,182,44.5985281604161,0.140883243603458,3,3,3
176,224,144,182,243.690889754096,0.0257834230632086,3,3,3.96862696659689
176,224,178,220,44.5985281604161,0.140883243603458,3,3,3
176,224,178,229,54.5890104579478,0.115099820540249,3,3,4.5
176,224,182,195,243.690889754096,0.0257834230632086,3,3,3.96862696659689
176,224,182,234,44.5985281604161,0.140883243603458,3,3,3
176,224,195,234,54.5890104579478,0.115099820540249,3,3,4.5
176,224,220,229,-243.690889754096,-0.0257834230632086,3,3,3.96862696659689
177,183,99,133,-54.5890104579478,-0.115099820540249,3,3,4.5
177,183,99,138,243.690889754096,0.0257834230632086,3,3,3.96862696659689
177,183,108,138,-243.690889754096,-0.0257834230632086,3,3,3.96862696659689
177,183,108,152,54.5890104579478,0.115099820540249,3,3,4.5
177,183,133,138,44.5985281604161,0.140883243603458,3,3,3
177,183,133,175,-243.690889754096,-0.0257834230632086,3,3,3.96862696659689
177,183,138,152,44.5985281604161,0.140883243603458,3,3,3
177,183,152,200,243.690889754096,0.0257834230632086,3,3,3.96862696659689
177,183,175,219,243.690889754096,0.0257834230632086,3,3,3.96862696659689
177,183,200,236,-243.690889754096,-0.0257834230632086,3,3,3.96862696659689
177,183,219,228,44.5985281604161,0.140883243603458,3,3,3
177,183,228,236,44.5985281604161,0.140883243603458,3,3,3
177,219,133,135,54.5890104579478,0.115099820540249,3,3,4.5
177,219,133,138,-243.690889754096,-0.0257834230632086,3,3,3.96862696659689
177,219,133,175,44.5985281604161,0.140883243603458,3,3,3
177,219,135,175,243.690889754096,0.0257834230632086,3,3,3.96862696659689
177,219,138,183,243.690889754096,0.0257834230632086,3,3,3.96862696659689
177,219,175,181,243.690889754096,0.0257834230632086,3,3,3.96862696659689
177,219,175,221,44.5985281604161,0.140883243603458,3,3,3
177,219,181,221,54.5890104579478,0.115099820540249,3,3,4.5
177,219,183,228,44.5985281604161,0.140883243603458,3,3,3
177,219,183,236,54.5890104579478,0.115099820540249,3,3,4.5
177,219,228,236,-243.690889754096,-0.0257834230632086,3,3,3.96862696659689
177,228,133,138,243.690889754096,0.0257834230632086,3,3,3.96862696659689
177,228,133,175,243.690889754096,0.0257834230632086,3,3,3.96862696659689
177,228,138,152,54.5890104579478,0.115099820540249,3,3,4.5
177,228,138,183,44.5985281604161,0.140883243603458,3,3,3
177,228,152,183,243.690889754096,0.0257834230632086,3,3,3.96862696659689
177,228,175,219,44.5985281604161,0.140883243603458,3,3,3
177,228,175,221,54.5890104579478,0.115099820540249,3,3,4.5
177,228,183,200,243.690889754096,0.0257834230632086,3,3,3.96862696659689
177,228,183,236,44.5985281604161,0.140883243603458,3,3,3
177,228,200,236,54.5890104579478,0.115099820540249,3,3,4.5
177,228,219,221,-243.690889754096,-0.0257834230632086,3,3,3.96862696659689
178,184,102,134,-54.5890104579478,-0.115099820540249,3,3,4.5
178,184,102,139,243.690889754096,0.0257834230632086,3,3,3.96862696659689
178,184,109,139,-243.690889754096,-0.0257834230632086,3,3,3.96862696659689
178,184,109,153,54.5890104579478,0.115099820540249,3,3,4.5
178,184,134,139,44.5985281604161,0.140883243603458,3,3,3
178,184,134,176,-243.690889754096,-0.0257834230632086,3,3,3.96862696659689
178,184,139,153,44.5985281604161,0.140883243603458,3,3,3
178,184,153,201,243.690889754096,0.0257834230632086,3,3,3.96862696659689
178,184,176,220,243.690889754096,0.0257834230632086,3,3,3.96862696659689
178,184,201,237,-243.690889754096,-0.0257834230632086,3,3,3.96862696659689
178,184,220,229,44.5985281604161,0.140883243603458,3,3,3
178,184,229,237,44.5985281604161,0.140883243603458,3,3,3
178,220,134,136,54.5890104579478,0.115099820540249,3,3,4.5
178,220,134,139,-243.690889754096,-0.0257834230632086,3,3,3.96862696659689
178,220,134,176,44.5985281604161,0.140883243603458,3,3,3
178,220,136,176,243.690889754096,0.0257834230632086,3,3,3.96862696659689
178,220,139,184,243.690889754096,0.0257834230632086,3,3,3.96862696659689
178,220,176,182,243.690889754096,0.0257834230632086,3,3,3.96862696659689
178,220,176,224,44.5985281604161,0.140883243603458,3,3,3
178,220,182,224,54.5890104579478,0.115099820540249,3,3,4.5
178,220,184,229,44.5985281604161,0.140883243603458,3,3,3
178,220,184,237,54.5890104579478,0.115099820540249,3,3,4.5
178,220,229,237,-243.690889754096,-0.0257834230632086,3,3,3.96862696659689
178,229,134,139,243.690889754096,0.0257834230632086,3,3,3.96862696659689
178,229,134,176,243.690889754096,0.0257834230632086,3,3,3.96862696659689
178,229,139,153,54.5890104579478,0.115099820540249,3,3,4.5
178,229,139,184,44.5985281604161,0.140883243603458,3,3,3
178,229,153,184,243.690889754096,0.0257834230632086,3,3,3.96862696659689
178,229,176,220,44.5985281604161,0.140883243603458,3,3,3
178,229,176,224,54.5890104579478,0.115099820540249,3,3,4.5
178,229,184,201,243.690889754096,0.0257834230632086,3,3,3.96862696659689
178,229,184,237,44.5985281604161,0.140883243603458,3,3,3
178,229,201,237,54.5890104579478,0.115099820540249,3,3,4.5
178,229,220,224,-243.690889754096,-0.0257834230632086,3,3,3.96862696659689
179,198,105,131,-54.5890104579478,-0.115099820540249,3,3,4.5
179,198,105,147,243.690889754096,0.0257834230632086,3,3,3.96862696659689
179,198,125,147,-243.690889754096,-0.0257834230632086,3,3,3.96862696659689
179,198,125,169,54.5890104579478,0.115099820540249,3,3,4.5
179,198,131,147,44.5985281604161,0.140883243603458,3,3,3
179,198,131,165,-243.690889754096,-0.0257834230632086,3,3,3.96862696659689
179,198,147,169,44.5985281604161,0.140883243603458,3,3,3
179,198,165,214,243.690889754096,0.0257834230632086,3,3,3.96862696659689
179,198,169,222,243.690889754096,0.0257834230632086,3,3,3.96862696659689
179,198,214,231,44.5985281604161,0.140883243603458,3,3,3
179,214,123,131,-54.5890104579478,-0.115099820540249,3,3,4.5
179,214,123,165,243.690889754096,0.0257834230632086,3,3,3.96862696659689
179,214,131,147,-243.690889754096,-0.0257834230632086,3,3,3.96862696659689
179,214,131,165,44.5985281604161,0.140883243603458,3,3,3
179,214,147,198,243.690889754096,0.0257834230632086,3,3,3.96862696659689
179,214,158,165,-243.690889754096,-0.0257834230632086,3,3,3.96862696659689
179,214,158,207,54.5890104579478,0.115099820540249,3,3,4.5
179,214,165,207,44.5985281604161,0.140883243603458,3,3,3
179,214,198,231,44.5985281604161,0.140883243603458,3,3,3
179,231,131,147,243.690889754096,0.0257834230632086,3,3,3.96862696659689
179,231,131,165,243.690889754096,0.0257834230632086,3,3,3.96862696659689
179,231,147,169,54.5890104579478,0.115099820540249,3,3,4.5
179,231,147,198,44.5985281604161,0.140883243603458,3,3,3
179,231,165,207,54.5890104579478,0.115099820540249,3,3,4.5
179,231,165,214,44.5985281604161,0.140883243603458,3,3,3
179,231,169,198,243.690889754096,0.0257834230632086,3,3,3.96862696659689
179,231,198,222,243.690889754096,0.0257834230632086,3,3,3.96862696659689
179,231,207,214,243.690889754096,0.0257834230632086,3,3,3.96862696659689
180,199,106,132,-54.5890104579478,-0.115099820540249,3,3,4.5
180,199,106,148,243.690889754096,0.0257834230632086,3,3,3.96862696659689
180,199,126,148,-243.690889754096,-0.0257834230632086,3,3,3.96862696659689
180,199,126,170,54.5890104579478,0.115099820540249,3,3,4.5
180,199,132,148,44.5985281604161,0.140883243603458,3,3,3
180,199,132,166,-243.690889754096,-0.0257834230632086,3,3,3.96862696659689
180,199,148,170,44.5985281604161,0.140883243603458,3,3,3
180,199,166,215,243.690889754096,0.0257834230632086,3,3,3.96862696659689
180,199,170,223,243.690889754096,0.0257834230632086,3,3,3.96862696659689
180,199,215,232,44.5985281604161,0.140883243603458,3,3,3
180,215,124,132,-54.5890104579478,-0.115099820540249,3,3,4.5
180,215,124,166,243.690889754096,0.0257834230632086,3,3,3.96862696659689
180,215,132,148,-243.690889754096,-0.0257834230632086,3,3,3.96862696659689
180,215,132,166,44.5985281604161,0.140883243603458,3,3,3
180,215,148,199,243.690889754096,0.0257834230632086,3,3,3.96862696659689
180,215,159,166,-243.690889754096,-0.0257834230632086,3,3,3.96862696659689
180,215,159,208,54.5890104579478,0.115099820540249,3,3,4.5
180,215,166,208,44.5985281604161,0.140883243603458,3,3,3
180,215,199,232,44.5985281604161,0.140883243603458,3,3,3
180,232,132,148,243.690889754096,0.0257834230632086,3,3,3.96862696659689
180,232,132,166,243.690889754096,0.0257834230632086,3,3,3.96862696659689
180,232,148,170,54.5890104579478,0.115099820540249,3,3,4.5
180,232,148,199,44.5985281604161,0.140883243603458,3,3,3
180,232,166,208,54.5890104579478,0.115099820540249,3,3,4.5
180,232,166,215,44.5985281604161,0.140883243603458,3,3,3
180,232,170,199,243.690889754096,0.0257834230632086,3,3,3.96862696659689
180,232,199,223,243.690889754096,0.0257834230632086,3,3,3.96862696659689
180,232,208,215,243.690889754096,0.0257834230632086,3,3,3.96862696659689
181,194,104,135,-54.5890104579478,-0.115099820540249,3,3,4.5
181,194,104,143,243.690889754096,0.0257834230632086,3,3,3.96862696659689
181,194,117,143,-243.690889754096,-0.0257834230632086,3,3,3.96862696659689
181,194,117,161,54.5890104579478,0.115099820540249,3,3,4.5
181,194,135,143,44.5985281604161,0.140883243603458,3,3,3
181,194,135,175,-243.690889754096,-0.0257834230632086,3,3,3.96862696659689
181,194,143,161,44.5985281604161,0.140883243603458,3,3,3
181,194,161,213,243.690889754096,0.0257834230632086,3,3,3.96862696659689
181,194,175,221,243.690889754096,0.0257834230632086,3,3,3.96862696659689
181,194,213,249,-243.690889754096,-0.0257834230632086,3,3,3.96862696659689
181,194,221,233,44.5985281604161,0.140883243603458,3,3,3
181,194,233,249,44.5985281604161,0.140883243603458,3,3,3
181,221,133,135,-54.5890104579478,-0.115099820540249,3,3,4.5
181,221,133,175,243.690889754096,0.0257834230632086,3,3,3.96862696659689
181,221,135,143,-243.690889754096,-0.0257834230632086,3,3,3.96862696659689
181,221,135,175,44.5985281604161,0.140883243603458,3,3,3
181,221,143,194,243.690889754096,0.0257834230632086,3,3,3.96862696659689
181,221,175,177,243.690889754096,0.0257834230632086,3,3,3.96862696659689
181,221,175,219,44.5985281604161,0.140883243603458,3,3,3
181,221,177,219,54.5890104579478,0.115099820540249,3,3,4.5
181,221,194,233,44.5985281604161,0.140883243603458,3,3,3
181,221,194,249,54.5890104579478,0.115099820540249,3,3,4.5
181,221,233,249,-243.690889754096,-0.0257834230632086,3,3,3.96862696659689
181,233,135,143,243.690889754096,0.0257834230632086,3,3,3.96862696659689
181,233,135,175,243.690889754096,0.0257834230632086,3,3,3.96862696659689
181,233,143,161,54.5890104579478,0.115099820540249,3,3,4.5
181,233,143,194,44.5985281604161,0.140883243603458,3,3,3
181,233,161,194,243.690889754096,0.0257834230632086,3,3,3.96862696659689
181,233,175,219,54.5890104579478,0.115099820540249,3,3,4.5
181,233,175,221,44.5985281604161,0.140883243603458,3,3,3
181,233,194,213,243.690889754096,0.0257834230632086,3,3,3.96862696659689
181,233,194,249,44.5985281604161,0.140883243603458,3,3,3
181,233,213,249,54.5890104579478,0.115099820540249,3,3,4.5
181,233,219,221,243.690889754096,0.0257834230632086,3,3,3.96862696659689
182,195,107,136,-54.5890104579478,-0.115099820540249,3,3,4.5
182,195,107,144,243.690889754096,0.0257834230632086,3,3,3.96862696659689
182,195,118,144,-243.690889754096,-0.0257834230632086,3,3,3.96862696659689
182,195,118,164,54.5890104579478,0.115099820540249,3,3,4.5
182,195,136,144,44.5985281604161,0.140883243603458,3,3,3
182,195,136,176,-243.690889754096,-0.0257834230632086,3,3,3.96862696659689
182,195,144,164,44.5985281604161,0.140883243603458,3,3,3
182,195,164,216,243.690889754096,0.0257834230632086,3,3,3.96862696659689
182,195,176,224,243.690889754096,0.0257834230632086,3,3,3.96862696659689
182,195,216,250,-243.690889754096,-0.0257834230632086,3,3,3.96862696659689
182,195,224,234,44.5985281604161,0.140883243603458,3,3,3
182,195,234,250,44.5985281604161,0.140883243603458,3,3,3
182,224,134,136,-54.5890104579478,-0.115099820540249,3,3,4.5
182,224,134,176,243.690889754096,0.0257834230632086,3,3,3.96862696659689
182,224,136,144,-243.690889754096,-0.0257834230632086,3,3,3.96862696659689
182,224,136,176,44.5985281604161,0.140883243603458,3,3,3
182,224,144,195,243.690889754096,0.0257834230632086,3,3,3.96862696659689
182,224,176,178,243.690889754096,0.0257834230632086,3,3,3.96862696659689
182,224,176,220,44.5985281604161,0.140883243603458,3,3,3
182,224,178,220,54.5890104579478,0.115099820540249,3,3,4.5
182,224,195,234,44.5985281604161,0.140883243603458,3,3,3
182,224,195,250,54.5890104579478,0.115099820540249,3,3,4.5
182,224,234,250,-243.690889754096,-0.0257834230632086,3,3,3.96862696659689
182,234,136,144,243.690889754096,0.0257834230632086,3,3,3.96862696659689
182,234,136,176,243.690889754096,0.0257834230632086,3,3,3.96862696659689
182,234,144,164,54.5890104579478,0.115099820540249,3,3,4.5
182,234,144,195,44.5985281604161,0.140883243603458,3,3,3
182,234,164,195,243.690889754096,0.0257834230632086,3,3,3.96862696659689
182,234,176,220,54.5890104579478,0.115099820540249,3,3,4.5
182,234,176,224,44.5985281604161,0.140883243603458,3,3,3
182,234,195,216,243.690889754096,0.0257834230632086,3,3,3.96862696659689
182,234,195,250,44.5985281604161,0.140883243603458,3,3,3
182,234,216,250,54.5890104579478,0.115099820540249,3,3,4.5
182,234,220,224,243.690889754096,0.0257834230632086,3,3,3.96862696659689
183,200,108,138,-54.5890104579478,-0.115099820540249,3,3,4.5
183,200,108,152,243.690889754096,0.0257834230632086,3,3,3.96862696659689
183,200,125,152,-243.690889754096,-0.0257834230632086,3,3,3.96862696659689
183,200,125,169,54.5890104579478,0.115099820540249,3,3,4.5
183,200,138,152,44.5985281604161,0.140883243603458,3,3,3
183,200,138,177,-243.690889754096,-0.0257834230632086,3,3,3.96862696659689
183,200,152,169,44.5985281604161,0.140883243603458,3,3,3
183,200,169,222,243.690889754096,0.0257834230632086,3,3,3.96862696659689
183,200,177,228,243.690889754096,0.0257834230632086,3,3,3.96862696659689
183,200,228,236,44.5985281604161,0.140883243603458,3,3,3
183,228,133,138,-54.5890104579478,-0.115099820540249,3,3,4.5
183,228,133,177,243.690889754096,0.0257834230632086,3,3,3.96862696659689
183,228,138,152,-243.690889754096,-0.0257834230632086,3,3,3.96862696659689
183,228,138,177,44.5985281604161,0.140883243603458,3,3,3
183,228,152,200,243.690889754096,0.0257834230632086,3,3,3.96862696659689
183,228,175,177,-243.690889754096,-0.0257834230632086,3,3,3.96862696659689
183,228,175,219,54.5890104579478,0.115099820540249,3,3,4.5
183,228,177,219,44.5985281604161,0.140883243603458,3,3,3
183,228,200,236,44.5985281604161,0.140883243603458,3,3,3
183,236,138,152,243.690889754096,0.0257834230632086,3,3,3.96862696659689
183,236,138,177,243.690889754096,0.0257834230632086,3,3,3.96862696659689
183,236,152,169,54.5890104579478,0.115099820540249,3,3,4.5
183,236,152,200,44.5985281604161,0.140883243603458,3,3,3
183,236,169,200,243.690889754096,0.0257834230632086,3,3,3.96862696659689
183,236,177,219,54.5890104579478,0.115099820540249,3,3,4.5
183,236,177,228,44.5985281604161,0.140883243603458,3,3,3
183,236,200,222,243.690889754096,0.0257834230632086,3,3,3.96862696659689
183,236,219,228,243.690889754096,0.0257834230632086,3,3,3.96862696659689
184,201,109,139,-54.5890104579478,-0.115099820540249,3,3,4.5
184,201,109,153,243.690889754096,0.0257834230632086,3,3,3.96862696659689
184,201,126,153,-243.690889754096,-0.0257834230632086,3,3,3.96862696659689
184,201,126,170,54.5890104579478,0.115099820540249,3,3,4.5
184,201,139,153,44.5985281604161,0.140883243603458,3,3,3
184,201,139,178,-243.690889754096,-0.0257834230632086,3,3,3.96862696659689
184,201,153,170,44.5985281604161,0.140883243603458,3,3,3
184,201,170,223,243.690889754096,0.0257834230632086,3,3,3.96862696659689
184,201,178,229,243.690889754096,0.0257834230632086,3,3,3.96862696659689
184,201,229,237,44.5985281604161,0.140883243603458,3,3,3
184,229,134,139,-54.5890104579478,-0.115099820540249,3,3,4.5
184,229,134,178,243.690889754096,0.0257834230632086,3,3,3.96862696659689
184,229,139,153,-243.690889754096,-0.0257834230632086,3,3,3.96862696659689
184,229,139,178,44.5985281604161,0.140883243603458,3,3,3
184,229,153,201,243.690889754096,0.0257834230632086,3,3,3.96862696659689
184,229,176,178,-243.690889754096,-0.0257834230632086,3,3,3.96862696659689
184,229,176,220,54.5890104579478,0.115099820540249,3,3,4.5
184,229,178,220,44.5985281604161,0.140883243603458,3,3,3
184,229,201,237,44.5985281604161,0.140883243603458,3,3,3
184,237,139,153,243.690889754096,0.0257834230632086,3,3,3.96862696659689
184,237,139,178,243.690889754096,0.0257834230632086,3,3,3.96862696659689
184,237,153,170,54.5890104579478,0.115099820540249,3,3,4.5
184,237,153,201,44.5985281604161,0.140883243603458,3,3,3
184,237,170,201,243.690889754096,0.0257834230632086,3,3,3.96862696659689
184,237,178,220,54.5890104579478,0.115099820540249,3,3,4.5
184,237,178,229,44.5985281604161,0.140883243603458,3,3,3
184,237,201,223,243.690889754096,0.0257834230632086,3,3,3.96862696659689
184,237,220,229,243.690889754096,0.0257834230632086,3,3,3.96862696659689
185,213,117,137,-54.5890104579478,-0.115099820540249,3,3,4.5
185,213,117,161,243.690889754096,0.0257834230632086,3,3,3.96862696659689
185,213,137,161,44.5985281604161,0.140883243603458,3,3,3
185,213,137,167,-243.690889754096,-0.0257834230632086,3,3,3.96862696659689
185,213,143,161,-243.690889754096,-0.0257834230632086,3,3,3.96862696659689
185,213,143,194,54.5890104579478,0.115099820540249,3,3,4.5
185,213,161,194,44.5985281604161,0.140883243603458,3,3,3
185,213,167,217,243.690889754096,0.0257834230632086,3,3,3.96862696659689
185,213,194,249,243.690889754096,0.0257834230632086,3,3,3.96862696659689
185,213,217,241,44.5985281604161,0.140883243603458,3,3,3
185,217,119,137,-54.5890104579478,-0.115099820540249,3,3,4.5
185,217,119,167,243.690889754096,0.0257834230632086,3,3,3.96862696659689
185,217,137,161,-243.690889754096,-0.0257834230632086,3,3,3.96862696659689
185,217,137,167,44.5985281604161,0.140883243603458,3,3,3
185,217,154,167,-243.690889754096,-0.0257834230632086,3,3,3.96862696659689
185,217,154,202,54.5890104579478,0.115099820540249,3,3,4.5
185,217,161,213,243.690889754096,0.0257834230632086,3,3,3.96862696659689
185,217,167,202,44.5985281604161,0.140883243603458,3,3,3
185,217,213,241,44.5985281604161,0.140883243603458,3,3,3
185,241,137,161,243.690889754096,0.0257834230632086,3,3,3.96862696659689
185,241,137,167,243.690889754096,0.0257834230632086,3,3,3.96862696659689
185,241,161,194,54.5890104579478,0.115099820540249,3,3,4.5
185,241,161,213,44.5985281604161,0.140883243603458,3,3,3
185,241,167,202,54.5890104579478,0.115099820540249,3,3,4.5
185,241,167,217,44.5985281604161,0.140883243603458,3,3,3
185,241,194,213,243.690889754096,0.0257834230632086,3,3,3.96862696659689
185,241,202,217,243.690889754096,0.0257834230632086,3,3,3.96862696659689
185,241,213,249,243.690889754096,0.0257834230632086,3,3,3.96862696659689
186,216,118,140,-54.5890104579478,-0.115099820540249,3,3,4.5
186,216,118,164,243.690889754096,0.0257834230632086,3,3,3.96862696659689
186,216,140,164,44.5985281604161,0.140883243603458,3,3,3
186,216,140,168,-243.690889754096,-0.0257834230632086,3,3,3.96862696659689
186,216,144,164,-243.690889754096,-0.0257834230632086,3,3,3.96862696659689
186,216,144,195,54.5890104579478,0.115099820540249,3,3,4.5
186,216,164,195,44.5985281604161,0.140883243603458,3,3,3
186,216,168,218,243.690889754096,0.0257834230632086,3,3,3.96862696659689
186,216,195,250,243.690889754096,0.0257834230632086,3,3,3.96862696659689
186,216,218,242,44.5985281604161,0.140883243603458,3,3,3
186,218,122,140,-54.5890104579478,-0.115099820540249,3,3,4.5
186,218,122,168,243.690889754096,0.0257834230632086,3,3,3.96862696659689
186,218,140,164,-243.690889754096,-0.0257834230632086,3,3,3.96862696659689
186,218,140,168,44.5985281604161,0.140883243603458,3,3,3
186,218,155,168,-243.690889754096,-0.0257834230632086,3,3,3.96862696659689
186,218,155,203,54.5890104579478,0.115099820540249,3,3,4.5
186,218,164,216,243.690889754096,0.0257834230632086,3,3,3.96862696659689
186,218,168,203,44.5985281604161,0.140883243603458,3,3,3
186,218,216,242,44.5985281604161,0.140883243603458,3,3,3
186,242,140,164,243.690889754096,0.0257834230632086,3,3,3.96862696659689
186,242,140,168,243.690889754096,0.0257834230632086,3,3,3.96862696659689
186,242,164,195,54.5890104579478,0.115099820540249,3,3,4.5
186,242,164,216,44.5985281604161,0.140883243603458,3,3,3
186,242,168,203,54.5890104579478,0.115099820540249,3,3,4.5
186,242,168,218,44.5985281604161,0.140883243603458,3,3,3
186,242,195,216,243.690889754096,0.0257834230632086,3,3,3.96862696659689
186,242,203,218,243.690889754096,0.0257834230632086,3,3,3.96862696659689
186,242,216,250,243.690889754096,0.0257834230632086,3,3,3.96862696659689
187,191,110,146,243.690889754096,0.0257834230632086,3,3,3.96862696659689
187,191,110,150,-54.5890104579478,-0.115099820540249,3,3,4.5
187,191,112,146,-243.690889754096,-0.0257834230632086,3,3,3.96862696659689
187,191,112,154,54.5890104579478,0.115099820540249,3,3,4.5
187,191,146,150,-44.5985281604161,-0.140883243603458,3,3,3
187,191,146,154,44.5985281604161,0.140883243603458,3,3,3
187,191,150,193,-243.690889754096,-0.0257834230632086,3,3,3.96862696659689
187,191,154,202,243.690889754096,0.0257834230632086,3,3,3.96862696659689
187,191,193,239,243.690889754096,0.0257834230632086,3,3,3.96862696659689
187,191,202,243,-243.690889754096,-0.0257834230632086,3,3,3.96862696659689
187,191,235,239,-44.5985281604161,-0.140883243603458,3,3,3
187,191,235,243,44.5985281604161,0.140883243603458,3,3,3
187,193,110,146,-54.5890104579478,-0.115099820540249,3,3,4.5
187,193,110,150,243.690889754096,0.0257834230632086,3,3,3.96862696659689
187,193,114,150,-243.690889754096,-0.0257834230632086,3,3,3.96862696659689
187,193,114,156,54.5890104579478,0.115099820540249,3,3,4.5
187,193,146,150,44.5985281604161,0.140883243603458,3,3,3
187,193,146,191,-243.690889754096,-0.0257834230632086,3,3,3.96862696659689
187,193,150,156,44.5985281604161,0.140883243603458,3,3,3
187,193,156,206,243.690889754096,0.0257834230632086,3,3,3.96862696659689
187,193,191,235,243.690889754096,0.0257834230632086,3,3,3.96862696659689
187,193,206,247,-243.690889754096,-0.0257834230632086,3,3,3.96862696659689
187,193,235,239,44.5985281604161,0.140883243603458,3,3,3
187,193,239,247,44.5985281604161,0.140883243603458,3,3,3
187,235,146,150,-243.690889754096,-0.0257834230632086,3,3,3.96862696659689
187,235,146,154,54.5890104579478,0.115099820540249,3,3,4.5
187,235,146,191,44.5985281604161,0.140883243603458,3,3,3
187,235,150,193,243.690889754096,0.0257834230632086,3,3,3.96862696659689
187,235,154,191,243.690889754096,0.0257834230632086,3,3,3.96862696659689
187,235,191,202,243.690889754096,0.0257834230632086,3,3,3.96862696659689
187,235,191,243,44.5985281604161,0.140883243603458,3,3,3
187,235,193,239,44.5985281604161,0.140883243603458,3,3,3
187,235,193,247,54.5890104579478,0.115099820540249,3,3,4.5
187,235,202,243,54.5890104579478,0.115099820540249,3,3,4.5
187,235,239,247,-243.690889754096,-0.0257834230632086,3,3,3.96862696659689
187,239,146,150,243.690889754096,0.0257834230632086,3,3,3.96862696659689
187,239,146,191,243.690889754096,0.0257834230632086,3,3,3.96862696659689
187,239,150,156,54.5890104579478,0.115099820540249,3,3,4.5
187,239,150,193,44.5985281604161,0.140883243603458,3,3,3
187,239,156,193,243.690889754096,0.0257834230632086,3,3,3.96862696659689
187,239,191,235,44.5985281604161,0.140883243603458,3,3,3
187,239,191,243,54.5890104579478,0.115099820540249,3,3,4.5
187,239,193,206,243.690889754096,0.0257834230632086,3,3,3.96862696659689
187,239,193,247,44.5985281604161,0.140883243603458,3,3,3
187,239,206,247,54.5890104579478,0.115099820540249,3,3,4.5
187,239,235,243,-243.690889754096,-0.0257834230632086,3,3,3.96862696659689
188,212,116,141,-54.5890104579478,-0.115099820540249,3,3,4.5
188,212,116,160,243.690889754096,0.0257834230632086,3,3,3.96862696659689
188,212,141,160,44.5985281604161,0.140883243603458,3,3,3
188,212,141,172,-243.690889754096,-0.0257834230632086,3,3,3.96862696659689
188,212,142,160,-243.690889754096,-0.0257834230632086,3,3,3.96862696659689
188,212,142,189,54.5890104579478,0.115099820540249,3,3,4.5
188,212,160,189,44.5985281604161,0.140883243603458,3,3,3
188,212,172,225,243.690889754096,0.0257834230632086,3,3,3.96862696659689
188,212,189,246,243.690889754096,0.0257834230632086,3,3,3.96862696659689
188,212,225,245,44.5985281604161,0.140883243603458,3,3,3
188,225,129,141,-54.5890104579478,-0.115099820540249,3,3,4.5
188,225,129,172,243.690889754096,0.0257834230632086,3,3,3.96862696659689
188,225,141,160,-243.690889754096,-0.0257834230632086,3,3,3.96862696659689
188,225,141,172,44.5985281604161,0.140883243603458,3,3,3
188,225,160,212,243.690889754096,0.0257834230632086,3,3,3.96862696659689
188,225,162,172,-243.690889754096,-0.0257834230632086,3,3,3.96862696659689
188,225,162,210,54.5890104579478,0.115099820540249,3,3,4.5
188,225,172,210,44.5985281604161,0.140883243603458,3,3,3
188,225,212,245,44.5985281604161,0.140883243603458,3,3,3
188,245,141,160,243.690889754096,0.0257834230632086,3,3,3.96862696659689
188,245,141,172,243.690889754096,0.0257834230632086,3,3,3.96862696659689
188,245,160,189,54.5890104579478,0.115099820540249,3,3,4.5
188,245,160,212,44.5985281604161,0.140883243603458,3,3,3
188,245,172,210,54.5890104579478,0.115099820540249,3,3,4.5
188,245,172,225,44.5985281604161,0.140883243603458,3,3,3
188,245,189,212,243.690889754096,0.0257834230632086,3,3,3.96862696659689
188,245,210,225,243.690889754096,0.0257834230632086,3,3,3.96862696659689
188,245,212,246,243.690889754096,0.0257834230632086,3,3,3.96862696659689
189,212,116,142,-54.5890104579478,-0.115099820540249,3,3,4.5
189,212,116,160,243.690889754096,0.0257834230632086,3,3,3.96862696659689
189,212,141,160,-243.690889754096,-0.0257834230632086,3,3,3.96862696659689
189,212,141,188,54.5890104579478,0.115099820540249,3,3,4.5
189,212,142,160,44.5985281604161,0.140883243603458,3,3,3
189,212,142,173,-243.690889754096,-0.0257834230632086,3,3,3.96862696659689
189,212,160,188,44.5985281604161,0.140883243603458,3,3,3
189,212,173,226,243.690889754096,0.0257834230632086,3,3,3.96862696659689
189,212,188,245,243.690889754096,0.0257834230632086,3,3,3.96862696659689
189,212,226,246,44.5985281604161,0.140883243603458,3,3,3
189,226,130,142,-54.5890104579478,-0.115099820540249,3,3,4.5
189,226,130,173,243.690889754096,0.0257834230632086,3,3,3.96862696659689
189,226,142,160,-243.690889754096,-0.0257834230632086,3,3,3.96862696659689
189,226,142,173,44.5985281604161,0.140883243603458,3,3,3
189,226,160,212,243.690889754096,0.0257834230632086,3,3,3.96862696659689
189,226,163,173,-243.690889754096,-0.0257834230632086,3,3,3.96862696659689
189,226,163,211,54.5890104579478,0.115099820540249,3,3,4.5
189,226,173,211,44.5985281604161,0.140883243603458,3,3,3
189,226,212,246,44.5985281604161,0.140883243603458,3,3,3
189,246,142,160,243.690889754096,0.0257834230632086,3,3,3.96862696659689
189,246,142,173,243.690889754096,0.0257834230632086,3,3,3.96862696659689
189,246,160,188,54.5890104579478,0.115099820540249,3,3,4.5
189,246,160,212,44.5985281604161,0.140883243603458,3,3,3
189,246,173,211,54.5890104579478,0.115099820540249,3,3,4.5
189,246,173,226,44.5985281604161,0.140883243603458,3,3,3
189,246,188,212,243.690889754096,0.0257834230632086,3,3,3.96862696659689
189,246,211,226,243.690889754096,0.0257834230632086,3,3,3.96862696659689
189,246,212,245,243.690889754096,0.0257834230632086,3,3,3.96862696659689
190,192,111,149,243.690889754096,0.0257834230632086,3,3,3.96862696659689
190,192,111,151,-54.5890104579478,-0.115099820540249,3,3,4.5
190,192,113,149,-243.690889754096,-0.0257834230632086,3,3,3.96862696659689
190,192,113,155,54.5890104579478,0.115099820540249,3,3,4.5
190,192,149,151,-44.5985281604161,-0.140883243603458,3,3,3
190,192,149,155,44.5985281604161,0.140883243603458,3,3,3
190,192,151,196,-243.690889754096,-0.0257834230632086,3,3,3.96862696659689
190,192,155,203,243.690889754096,0.0257834230632086,3,3,3.96862696659689
190,192,196,240,243.690889754096,0.0257834230632086,3,3,3.96862696659689
190,192,203,244,-243.690889754096,-0.0257834230632086,3,3,3.96862696659689
190,192,238,240,-44.5985281604161,-0.140883243603458,3,3,3
190,192,238,244,44.5985281604161,0.140883243603458,3,3,3
190,196,111,149,-54.5890104579478,-0.115099820540249,3,3,4.5
190,196,111,151,243.690889754096,0.0257834230632086,3,3,3.96862696659689
190,196,115,151,-243.690889754096,-0.0257834230632086,3,3,3.96862696659689
190,196,115,157,54.5890104579478,0.115099820540249,3,3,4.5
190,196,149,151,44.5985281604161,0.140883243603458,3,3,3
190,196,149,192,-243.690889754096,-0.0257834230632086,3,3,3.96862696659689
190,196,151,157,44.5985281604161,0.140883243603458,3,3,3
190,196,157,209,243.690889754096,0.0257834230632086,3,3,3.96862696659689
190,196,192,238,243.690889754096,0.0257834230632086,3,3,3.96862696659689
190,196,209,248,-243.690889754096,-0.0257834230632086,3,3,3.96862696659689
190,196,238,240,44.5985281604161,0.140883243603458,3,3,3
190,196,240,248,44.5985281604161,0.140883243603458,3,3,3
190,238,149,151,-243.690889754096,-0.0257834230632086,3,3,3.96862696659689
190,238,149,155,54.5890104579478,0.115099820540249,3,3,4.5
190,238,149,192,44.5985281604161,0.140883243603458,3,3,3
190,238,151,196,243.690889754096,0.0257834230632086,3,3,3.96862696659689
190,238,155,192,243.690889754096,0.0257834230632086,3,3,3.96862696659689
190,238,192,203,243.690889754096,0.0257834230632086,3,3,3.96862696659689
190,238,192,244,44.5985281604161,0.140883243603458,3,3,3
190,238,196,240,44.5985281604161,0.140883243603458,3,3,3
190,238,196,248,54.5890104579478,0.115099820540249,3,3,4.5
190,238,203,244,54.5890104579478,0.115099820540249,3,3,4.5
190,238,240,248,-243.690889754096,-0.0257834230632086,3,3,3.96862696659689
190,240,149,151,243.690889754096,0.0257834230632086,3,3,3.96862696659689
190,240,149,192,243.690889754096,0.0257834230632086,3,3,3.96862696659689
190,240,151,157,54.5890104579478,0.115099820540249,3,3,4.5
190,240,151,196,44.5985281604161,0.140883243603458,3,3,3
190,240,157,196,243.690889754096,0.0257834230632086,3,3,3.96862696659689
190,240,192,238,44.5985281604161,0.140883243603458,3,3,3
190,240,192,244,54.5890104579478,0.115099820540249,3,3,4.5
190,240,196,209,243.690889754096,0.0257834230632086,3,3,3.96862696659689
190,240,196,248,44.5985281604161,0.140883243603458,3,3,3
190,240,209,248,54.5890104579478,0.115099820540249,3,3,4.5
190,240,238,244,-243.690889754096,-0.0257834230632086,3,3,3.96862696659689
191,202,112,146,-54.5890104579478,-0.115099820540249,3,3,4.5
191,202,112,154,243.690889754096,0.0257834230632086,3,3,3.96862696659689
191,202,119,154,-243.690889754096,-0.0257834230632086,3,3,3.96862696659689
191,202,119,167,54.5890104579478,0.115099820540249,3,3,4.5
191,202,146,154,44.5985281604161,0.140883243603458,3,3,3
191,202,146,187,-243.690889754096,-0.0257834230632086,3,3,3.96862696659689
191,202,154,167,44.5985281604161,0.140883243603458,3,3,3
191,202,167,217,243.690889754096,0.0257834230632086,3,3,3.96862696659689
191,202,187,235,243.690889754096,0.0257834230632086,3,3,3.96862696659689
191,202,235,243,44.5985281604161,0.140883243603458,3,3,3
191,235,146,150,54.5890104579478,0.115099820540249,3,3,4.5
191,235,146,154,-243.690889754096,-0.0257834230632086,3,3,3.96862696659689
191,235,146,187,44.5985281604161,0.140883243603458,3,3,3
191,235,150,187,243.690889754096,0.0257834230632086,3,3,3.96862696659689
191,235,154,202,243.690889754096,0.0257834230632086,3,3,3.96862696659689
191,235,187,193,243.690889754096,0.0257834230632086,3,3,3.96862696659689
191,235,187,239,44.5985281604161,0.140883243603458,3,3,3
191,235,193,239,54.5890104579478,0.115099820540249,3,3,4.5
191,235,202,243,44.5985281604161,0.140883243603458,3,3,3
191,243,146,154,243.690889754096,0.0257834230632086,3,3,3.96862696659689
191,243,146,187,243.690889754096,0.0257834230632086,3,3,3.96862696659689
191,243,154,167,54.5890104579478,0.115099820540249,3,3,4.5
191,243,154,202,44.5985281604161,0.140883243603458,3,3,3
191,243,167,202,243.690889754096,0.0257834230632086,3,3,3.96862696659689
191,243,187,235,44.5985281604161,0.140883243603458,3,3,3
191,243,187,239,54.5890104579478,0.115099820540249,3,3,4.5
191,243,202,217,243.690889754096,0.0257834230632086,3,3,3.96862696659689
191,243,235,239,-243.690889754096,-0.0257834230632086,3,3,3.96862696659689
192,203,113,149,-54.5890104579478,-0.115099820540249,3,3,4.5
192,203,113,155,243.690889754096,0.0257834230632086,3,3,3.96862696659689
192,203,122,155,-243.690889754096,-0.0257834230632086,3,3,3.96862696659689
192,203,122,168,54.5890104579478,0.115099820540249,3,3,4.5
192,203,149,155,44.5985281604161,0.140883243603458,3,3,3
192,203,149,190,-243.690889754096,-0.0257834230632086,3,3,3.96862696659689
192,203,155,168,44.5985281604161,0.140883243603458,3,3,3
192,203,168,218,243.690889754096,0.0257834230632086,3,3,3.96862696659689
192,203,190,238,243.690889754096,0.0257834230632086,3,3,3.96862696659689
192,203,238,244,44.5985281604161,0.140883243603458,3,3,3
192,238,149,151,54.5890104579478,0.115099820540249,3,3,4.5
192,238,149,155,-243.690889754096,-0.0257834230632086,3,3,3.96862696659689
192,238,149,190,44.5985281604161,0.140883243603458,3,3,3
192,238,151,190,243.690889754096,0.0257834230632086,3,3,3.96862696659689
192,238,155,203,243.690889754096,0.0257834230632086,3,3,3.96862696659689
192,238,190,196,243.690889754096,0.0257834230632086,3,3,3.96862696659689
192,238,190,240,44.5985281604161,0.140883243603458,3,3,3
192,238,196,240,54.5890104579478,0.115099820540249,3,3,4.5
192,238,203,244,44.5985281604161,0.140883243603458,3,3,3
192,244,149,155,243.690889754096,0.0257834230632086,3,3,3.96862696659689
192,244,149,190,243.690889754096,0.0257834230632086,3,3,3.96862696659689
192,244,155,168,54.5890104579478,0.115099820540249,3,3,4.5
192,244,155,203,44.5985281604161,0.140883243603458,3,3,3
192,244,168,203,243.690889754096,0.0257834230632086,3,3,3.96862696659689
192,244,190,238,44.5985281604161,0.140883243603458,3,3,3
192,244,190,240,54.5890104579478,0.115099820540249,3,3,4.5
192,244,203,218,243.690889754096,0.0257834230632086,3,3,3.96862696659689
192,244,238,240,-243.690889754096,-0.0257834230632086,3,3,3.96862696659689
193,206,114,150,-54.5890104579478,-0.115099820540249,3,3,4.5
193,206,114,156,243.690889754096,0.0257834230632086,3,3,3.96862696659689
193,206,127,156,-243.690889754096,-0.0257834230632086,3,3,3.96862696659689
193,206,127,171,54.5890104579478,0.115099820540249,3,3,4.5
193,206,150,156,44.5985281604161,0.140883243603458,3,3,3
193,206,150,187,-243.690889754096,-0.0257834230632086,3,3,3.96862696659689
193,206,156,171,44.5985281604161,0.140883243603458,3,3,3
193,206,171,227,243.690889754096,0.0257834230632086,3,3,3.96862696659689
193,206,187,239,243.690889754096,0.0257834230632086,3,3,3.96862696659689
193,206,239,247,44.5985281604161,0.140883243603458,3,3,3
193,239,146,150,-54.5890104579478,-0.115099820540249,3,3,4.5
193,239,146,187,243.690889754096,0.0257834230632086,3,3,3.96862696659689
193,239,150,156,-243.690889754096,-0.0257834230632086,3,3,3.96862696659689
193,239,150,187,44.5985281604161,0.140883243603458,3,3,3
193,239,156,206,243.690889754096,0.0257834230632086,3,3,3.96862696659689
193,239,187,191,243.690889754096,0.0257834230632086,3,3,3.96862696659689
193,239,187,235,44.5985281604161,0.140883243603458,3,3,3
193,239,191,235,54.5890104579478,0.115099820540249,3,3,4.5
193,239,206,247,44.5985281604161,0.140883243603458,3,3,3
193,247,150,156,243.690889754096,0.0257834230632086,3,3,3.96862696659689
193,247,150,187,243.690889754096,0.0257834230632086,3,3,3.96862696659689
193,247,156,171,54.5890104579478,0.115099820540249,3,3,4.5
193,247,156,206,44.5985281604161,0.140883243603458,3,3,3
193,247,171,206,243.690889754096,0.0257834230632086,3,3,3.96862696659689
193,247,187,235,54.5890104579478,0.115099820540249,3,3,4.5
193,247,187,239,44.5985281604161,0.140883243603458,3,3,3
193,247,206,227,243.690889754096,0.0257834230632086,3,3,3.96862696659689
193,247,235,239,243.690889754096,0.0257834230632086,3,3,3.96862696659689
194,213,117,143,-54.5890104579478,-0.115099820540249,3,3,4.5
194,213,117,161,243.690889754096,0.0257834230632086,3,3,3.96862696659689
194,213,137,161,-243.690889754096,-0.0257834230632086,3,3,3.96862696659689
194,213,137,185,54.5890104579478,0.115099820540249,3,3,4.5
194,213,143,161,44.5985281604161,0.140883243603458,3,3,3
194,213,143,181,-243.690889754096,-0.0257834230632086,3,3,3.96862696659689
194,213,161,185,44.5985281604161,0.140883243603458,3,3,3
194,213,181,233,243.690889754096,0.0257834230632086,3,3,3.96862696659689
194,213,185,241,243.690889754096,0.0257834230632086,3,3,3.96862696659689
194,213,233,249,44.5985281604161,0.140883243603458,3,3,3
194,233,135,143,-54.5890104579478,-0.115099820540249,3,3,4.5
194,233,135,181,243.690889754096,0.0257834230632086,3,3,3.96862696659689
194,233,143,161,-243.690889754096,-0.0257834230632086,3,3,3.96862696659689
194,233,143,181,44.5985281604161,0.140883243603458,3,3,3
194,233,161,213,243.690889754096,0.0257834230632086,3,3,3.96862696659689
194,233,175,181,-243.690889754096,-0.0257834230632086,3,3,3.96862696659689
194,233,175,221,54.5890104579478,0.115099820540249,3,3,4.5
194,233,181,221,44.5985281604161,0.140883243603458,3,3,3
194,233,213,249,44.5985281604161,0.140883243603458,3,3,3
194,249,143,161,243.690889754096,0.0257834230632086,3,3,3.96862696659689
194,249,143,181,243.690889754096,0.0257834230632086,3,3,3.96862696659689
194,249,161,185,54.5890104579478,0.115099820540249,3,3,4.5
194,249,161,213,44.5985281604161,0.140883243603458,3,3,3
194,249,181,221,54.5890104579478,0.115099820540249,3,3,4.5
194,249,181,233,44.5985281604161,0.140883243603458,3,3,3
194,249,185,213,243.690889754096,0.0257834230632086,3,3,3.96862696659689
194,249,213,241,243.690889754096,0.0257834230632086,3,3,3.96862696659689
194,249,221,233,243.690889754096,0.0257834230632086,3,3,3.96862696659689
195,216,118,144,-54.5890104579478,-0.115099820540249,3,3,4.5
195,216,118,164,243.690889754096,0.0257834230632086,3,3,3.96862696659689
195,216,140,164,-243.690889754096,-0.0257834230632086,3,3,3.96862696659689
195,216,140,186,54.5890104579478,0.115099820540249,3,3,4.5
195,216,144,164,44.5985281604161,0.140883243603458,3,3,3
195,216,144,182,-243.690889754096,-0.0257834230632086,3,3,3.96862696659689
195,216,164,186,44.5985281604161,0.140883243603458,3,3,3
195,216,182,234,243.690889754096,0.0257834230632086,3,3,3.96862696659689
195,216,186,242,243.690889754096,0.0257834230632086,3,3,3.96862696659689
195,216,234,250,44.5985281604161,0.140883243603458,3,3,3
195,234,136,144,-54.5890104579478,-0.115099820540249,3,3,4.5
195,234,136,182,243.690889754096,0.0257834230632086,3,3,3.96862696659689
195,234,144,164,-243.690889754096,-0.0257834230632086,3,3,3.96862696659689
195,234,144,182,44.5985281604161,0.140883243603458,3,3,3
195,234,164,216,243.690889754096,0.0257834230632086,3,3,3.96862696659689
195,234,176,182,-243.690889754096,-0.0257834230632086,3,3,3.96862696659689
195,234,176,224,54.5890104579478,0.115099820540249,3,3,4.5
195,234,182,224,44.5985281604161,0.140883243603458,3,3,3
195,234,216,250,44.5985281604161,0.140883243603458,3,3,3
196,209,115,151,-54.5890104579478,-0.115099820540249,3,3,4.5
196,209,115,157,243.690889754096,0.0257834230632086,3,3,3.96862696659689
196,209,128,157,-243.690889754096,-0.0257834230632086,3,3,3.96862696659689
196,209,128,174,54.5890104579478,0.115099820540249,3,3,4.5
196,209,151,157,44.5985281604161,0.140883243603458,3,3,3
196,209,151,190,-243.690889754096,-0.0257834230632086,3,3,3.96862696659689
196,209,157,174,44.5985281604161,0.140883243603458,3,3,3
196,209,174,230,243.690889754096,0.0257834230632086,3,3,3.96862696659689
196,209,190,240,243.690889754096,0.0257834230632086,3,3,3.96862696659689
196,209,240,248,44.5985281604161,0.140883243603458,3,3,3
196,240,149,151,-54.5890104579478,-0.115099820540249,3,3,4.5
196,240,149,190,243.690889754096,0.0257834230632086,3,3,3.96862696659689
196,240,151,157,-243.690889754096,-0.0257834230632086,3,3,3.96862696659689
196,240,151,190,44.5985281604161,0.140883243603458,3,3,3
196,240,157,209,243.690889754096,0.0257834230632086,3,3,3.96862696659689
196,240,190,192,243.690889754096,0.0257834230632086,3,3,3.96862696659689
196,240,190,238,44.5985281604161,0.140883243603458,3,3,3
196,240,192,238,54.5890104579478,0.115099820540249,3,3,4.5
196,240,209,248,44.5985281604161,0.140883243603458,3,3,3
196,248,151,157,243.690889754096,0.0257834230632086,3,3,3.96862696659689
196,248,151,190,243.690889754096,0.0257834230632086,3,3,3.96862696659689
196,248,157,174,54.5890104579478,0.115099820540249,3,3,4.5
196,248,157,209,44.5985281604161,0.140883243603458,3,3,3
196,248,174,209,243.690889754096,0.0257834230632086,3,3,3.96862696659689
196,248,190,238,54.5890104579478,0.115099820540249,3,3,4.5
196,248,190,240,44.5985281604161,0.140883243603458,3,3,3
196,248,209,230,243.690889754096,0.0257834230632086,3,3,3.96862696659689
196,248,238,240,243.690889754096,0.0257834230632086,3,3,3.96862696659689
197,227,127,145,-54.5890104579478,-0.115099820540249,3,3,4.5
197,227,127,171,243.690889754096,0.0257834230632086,3,3,3.96862696659689
197,227,145,171,44.5985281604161,0.140883243603458,3,3,3
197,227,145,174,-243.690889754096,-0.0257834230632086,3,3,3.96862696659689
197,227,156,171,-243.690889754096,-0.0257834230632086,3,3,3.96862696659689
197,227,156,206,54.5890104579478,0.115099820540249,3,3,4.5
197,227,171,206,44.5985281604161,0.140883243603458,3,3,3
197,227,174,230,243.690889754096,0.0257834230632086,3,3,3.96862696659689
197,227,230,251,44.5985281604161,0.140883243603458,3,3,3
197,230,128,145,-54.5890104579478,-0.115099820540249,3,3,4.5
197,230,128,174,243.690889754096,0.0257834230632086,3,3,3.96862696659689
197,230,145,171,-243.690889754096,-0.0257834230632086,3,3,3.96862696659689
197,230,145,174,44.5985281604161,0.140883243603458,3,3,3
197,230,157,174,-243.690889754096,-0.0257834230632086,3,3,3.96862696659689
197,230,157,209,54.5890104579478,0.115099820540249,3,3,4.5
197,230,171,227,243.690889754096,0.0257834230632086,3,3,3.96862696659689
197,230,174,209,44.5985281604161,0.140883243603458,3,3,3
197,230,227,251,44.5985281604161,0.140883243603458,3,3,3
198,222,125,147,-54.5890104579478,-0.115099820540249,3,3,4.5
198,222,125,169,243.690889754096,0.0257834230632086,3,3,3.96862696659689
198,222,147,169,44.5985281604161,0.140883243603458,3,3,3
198,222,147,179,-243.690889754096,-0.0257834230632086,3,3,3.96862696659689
198,222,152,169,-243.690889754096,-0.0257834230632086,3,3,3.96862696659689
198,222,152,200,54.5890104579478,0.115099820540249,3,3,4.5
198,222,169,200,44.5985281604161,0.140883243603458,3,3,3
198,222,179,231,243.690889754096,0.0257834230632086,3,3,3.96862696659689
198,231,131,147,-54.5890104579478,-0.115099820540249,3,3,4.5
198,231,131,179,243.690889754096,0.0257834230632086,3,3,3.96862696659689
198,231,147,169,-243.690889754096,-0.0257834230632086,3,3,3.96862696659689
198,231,147,179,44.5985281604161,0.140883243603458,3,3,3
198,231,165,179,-243.690889754096,-0.0257834230632086,3,3,3.96862696659689
198,231,165,214,54.5890104579478,0.115099820540249,3,3,4.5
198,231,169,222,243.690889754096,0.0257834230632086,3,3,3.96862696659689
198,231,179,214,44.5985281604161,0.140883243603458,3,3,3
199,223,126,148,-54.5890104579478,-0.115099820540249,3,3,4.5
199,223,126,170,243.690889754096,0.0257834230632086,3,3,3.96862696659689
199,223,148,170,44.5985281604161,0.140883243603458,3,3,3
199,223,148,180,-243.690889754096,-0.0257834230632086,3,3,3.96862696659689
199,223,153,170,-243.690889754096,-0.0257834230632086,3,3,3.96862696659689
199,223,153,201,54.5890104579478,0.115099820540249,3,3,4.5
199,223,170,201,44.5985281604161,0.140883243603458,3,3,3
199,223,180,232,243.690889754096,0.0257834230632086,3,3,3.96862696659689
199,232,132,148,-54.5890104579478,-0.115099820540249,3,3,4.5
199,232,132,180,243.690889754096,0.0257834230632086,3,3,3.96862696659689
199,232,148,170,-243.690889754096,-0.0257834230632086,3,3,3.96862696659689
199,232,148,180,44.5985281604161,0.140883243603458,3,3,3
199,232,166,180,-243.690889754096,-0.0257834230632086,3,3,3.96862696659689
199,232,166,215,54.5890104579478,0.115099820540249,3,3,4.5
199,232,170,223,243.690889754096,0.0257834230632086,3,3,3.96862696659689
199,232,180,215,44.5985281604161,0.140883243603458,3,3,3
200,222,125,152,-54.5890104579478,-0.115099820540249,3,3,4.5
200,222,125,169,243.690889754096,0.0257834230632086,3,3,3.96862696659689
200,222,147,169,-243.690889754096,-0.0257834230632086,3,3,3.96862696659689
200,222,147,198,54.5890104579478,0.115099820540249,3,3,4.5
200,222,152,169,44.5985281604161,0.140883243603458,3,3,3
200,222,152,183,-243.690889754096,-0.0257834230632086,3,3,3.96862696659689
200,222,169,198,44.5985281604161,0.140883243603458,3,3,3
200,222,183,236,243.690889754096,0.0257834230632086,3,3,3.96862696659689
200,236,138,152,-54.5890104579478,-0.115099820540249,3,3,4.5
200,236,138,183,243.690889754096,0.0257834230632086,3,3,3.96862696659689
200,236,152,169,-243.690889754096,-0.0257834230632086,3,3,3.96862696659689
200,236,152,183,44.5985281604161,0.140883243603458,3,3,3
200,236,169,222,243.690889754096,0.0257834230632086,3,3,3.96862696659689
200,236,177,183,-243.690889754096,-0.0257834230632086,3,3,3.96862696659689
200,236,177,228,54.5890104579478,0.115099820540249,3,3,4.5
200,236,183,228,44.5985281604161,0.140883243603458,3,3,3
201,223,126,153,-54.5890104579478,-0.115099820540249,3,3,4.5
201,223,126,170,243.690889754096,0.0257834230632086,3,3,3.96862696659689
201,223,148,170,-243.690889754096,-0.0257834230632086,3,3,3.96862696659689
201,223,148,199,54.5890104579478,0.115099820540249,3,3,4.5
201,223,153,170,44.5985281604161,0.140883243603458,3,3,3
201,223,153,184,-243.690889754096,-0.0257834230632086,3,3,3.96862696659689
201,223,170,199,44.5985281604161,0.140883243603458,3,3,3
201,223,184,237,243.690889754096,0.0257834230632086,3,3,3.96862696659689
201,237,139,153,-54.5890104579478,-0.115099820540249,3,3,4.5
201,237,139,184,243.690889754096,0.0257834230632086,3,3,3.96862696659689
201,237,153,170,-243.690889754096,-0.0257834230632086,3,3,3.96862696659689
201,237,153,184,44.5985281604161,0.140883243603458,3,3,3
201,237,170,223,243.690889754096,0.0257834230632086,3,3,3.96862696659689
201,237,178,184,-243.690889754096,-0.0257834230632086,3,3,3.96862696659689
201,237,178,229,54.5890104579478,0.115099820540249,3,3,4.5
201,237,184,229,44.5985281604161,0.140883243603458,3,3,3
202,217,119,154,-54.5890104579478,-0.115099820540249,3,3,4.5
202,217,119,167,243.690889754096,0.0257834230632086,3,3,3.96862696659689
202,217,137,167,-243.690889754096,-0.0257834230632086,3,3,3.96862696659689
202,217,137,185,54.5890104579478,0.115099820540249,3,3,4.5
202,217,154,167,44.5985281604161,0.140883243603458,3,3,3
202,217,154,191,-243.690889754096,-0.0257834230632086,3,3,3.96862696659689
202,217,167,185,44.5985281604161,0.140883243603458,3,3,3
202,217,185,241,243.690889754096,0.0257834230632086,3,3,3.96862696659689
202,217,191,243,243.690889754096,0.0257834230632086,3,3,3.96862696659689
202,243,146,154,-54.5890104579478,-0.115099820540249,3,3,4.5
202,243,146,191,243.690889754096,0.0257834230632086,3,3,3.96862696659689
202,243,154,167,-243.690889754096,-0.0257834230632086,3,3,3.96862696659689
202,243,154,191,44.5985281604161,0.140883243603458,3,3,3
202,243,167,217,243.690889754096,0.0257834230632086,3,3,3.96862696659689
202,243,187,191,-243.690889754096,-0.0257834230632086,3,3,3.96862696659689
202,243,187,235,54.5890104579478,0.115099820540249,3,3,4.5
202,243,191,235,44.5985281604161,0.140883243603458,3,3,3
203,218,122,155,-54.5890104579478,-0.115099820540249,3,3,4.5
203,218,122,168,243.690889754096,0.0257834230632086,3,3,3.96862696659689
203,218,140,168,-243.690889754096,-0.0257834230632086,3,3,3.96862696659689
203,218,140,186,54.5890104579478,0.115099820540249,3,3,4.5
203,218,155,168,44.5985281604161,0.140883243603458,3,3,3
203,218,155,192,-243.690889754096,-0.0257834230632086,3,3,3.96862696659689
203,218,168,186,44.5985281604161,0.140883243603458,3,3,3
203,218,186,242,243.690889754096,0.0257834230632086,3,3,3.96862696659689
203,218,192,244,243.690889754096,0.0257834230632086,3,3,3.96862696659689
203,244,149,155,-54.5890104579478,-0.115099820540249,3,3,4.5
203,244,149,192,243.690889754096,0.0257834230632086,3,3,3.96862696659689
203,244,155,168,-243.690889754096,-0.0257834230632086,3,3,3.96862696659689
203,244,155,192,44.5985281604161,0.140883243603458,3,3,3
203,244,168,218,243.690889754096,0.0257834230632086,3,3,3.96862696659689
203,244,190,192,-243.690889754096,-0.0257834230632086,3,3,3.96862696659689
203,244,190,238,54.5890104579478,0.115099820540249,3,3,4.5
203,244,192,238,44.5985281604161,0.140883243603458,3,3,3
204,207,120,158,243.690889754096,0.0257834230632086,3,3,3.96862696659689
204,207,120,162,-54.5890104579478,-0.115099820540249,3,3,4.5
204,207,123,158,-243.690889754096,-0.0257834230632086,3,3,3.96862696659689
204,207,123,165,54.5890104579478,0.115099820540249,3,3,4.5
204,207,158,162,-44.5985281604161,-0.140883243603458,3,3,3
204,207,158,165,44.5985281604161,0.140883243603458,3,3,3
204,207,162,210,-243.690889754096,-0.0257834230632086,3,3,3.96862696659689
204,207,165,214,243.690889754096,0.0257834230632086,3,3,3.96862696659689
204,210,120,158,-54.5890104579478,-0.115099820540249,3,3,4.5
204,210,120,162,243.690889754096,0.0257834230632086,3,3,3.96862696659689
204,210,129,162,-243.690889754096,-0.0257834230632086,3,3,3.96862696659689
204,210,129,172,54.5890104579478,0.115099820540249,3,3,4.5
204,210,158,162,44.5985281604161,0.140883243603458,3,3,3
204,210,158,207,-243.690889754096,-0.0257834230632086,3,3,3.96862696659689
204,210,162,172,44.5985281604161,0.140883243603458,3,3,3
204,210,172,225,243.690889754096,0.0257834230632086,3,3,3.96862696659689
205,208,121,159,243.690889754096,0.0257834230632086,3,3,3.96862696659689
205,208,121,163,-54.5890104579478,-0.115099820540249,3,3,4.5
205,208,124,159,-243.690889754096,-0.0257834230632086,3,3,3.96862696659689
205,208,124,166,54.5890104579478,0.115099820540249,3,3,4.5
205,208,159,163,-44.5985281604161,-0.140883243603458,3,3,3
205,208,159,166,44.5985281604161,0.140883243603458,3,3,3
205,208,163,211,-243.690889754096,-0.0257834230632086,3,3,3.96862696659689
205,208,166,215,243.690889754096,0.0257834230632086,3,3,3.96862696659689
205,211,121,159,-54.5890104579478,-0.115099820540249,3,3,4.5
205,211,121,163,243.690889754096,0.0257834230632086,3,3,3.96862696659689
205,211,130,163,-243.690889754096,-0.0257834230632086,3,3,3.96862696659689
205,211,130,173,54.5890104579478,0.115099820540249,3,3,4.5
205,211,159,163,44.5985281604161,0.140883243603458,3,3,3
205,211,159,208,-243.690889754096,-0.0257834230632086,3,3,3.96862696659689
205,211,163,173,44.5985281604161,0.140883243603458,3,3,3
205,211,173,226,243.690889754096,0.0257834230632086,3,3,3.96862696659689
206,227,127,156,-54.5890104579478,-0.115099820540249,3,3,4.5
206,227,127,171,243.690889754096,0.0257834230632086,3,3,3.96862696659689
206,227,145,171,-243.690889754096,-0.0257834230632086,3,3,3.96862696659689
206,227,145,197,54.5890104579478,0.115099820540249,3,3,4.5
206,227,156,171,44.5985281604161,0.140883243603458,3,3,3
206,227,156,193,-243.690889754096,-0.0257834230632086,3,3,3.96862696659689
206,227,171,197,44.5985281604161,0.140883243603458,3,3,3
206,227,193,247,243.690889754096,0.0257834230632086,3,3,3.96862696659689
206,227,197,251,243.690889754096,0.0257834230632086,3,3,3.96862696659689
206,247,150,156,-54.5890104579478,-0.115099820540249,3,3,4.5
206,247,150,193,243.690889754096,0.0257834230632086,3,3,3.96862696659689
206,247,156,171,-243.690889754096,-0.0257834230632086,3,3,3.96862696659689
206,247,156,193,44.5985281604161,0.140883243603458,3,3,3
206,247,171,227,243.690889754096,0.0257834230632086,3,3,3.96862696659689
206,247,187,193,-243.690889754096,-0.0257834230632086,3,3,3.96862696659689
206,247,187,239,54.5890104579478,0.115099820540249,3,3,4.5
206,247,193,239,44.5985281604161,0.140883243603458,3,3,3
207,214,123,158,-54.5890104579478,-0.115099820540249,3,3,4.5
207,214,123,165,243.690889754096,0.0257834230632086,3,3,3.96862696659689
207,214,131,165,-243.690889754096,-0.0257834230632086,3,3,3.96862696659689
207,214,131,179,54.5890104579478,0.115099820540249,3,3,4.5
207,214,158,165,44.5985281604161,0.140883243603458,3,3,3
207,214,158,204,-243.690889754096,-0.0257834230632086,3,3,3.96862696659689
207,214,165,179,44.5985281604161,0.140883243603458,3,3,3
207,214,179,231,243.690889754096,0.0257834230632086,3,3,3.96862696659689
208,215,124,159,-54.5890104579478,-0.115099820540249,3,3,4.5
208,215,124,166,243.690889754096,0.0257834230632086,3,3,3.96862696659689
208,215,132,166,-243.690889754096,-0.0257834230632086,3,3,3.96862696659689
208,215,132,180,54.5890104579478,0.115099820540249,3,3,4.5
208,215,159,166,44.5985281604161,0.140883243603458,3,3,3
208,215,159,205,-243.690889754096,-0.0257834230632086,3,3,3.96862696659689
208,215,166,180,44.5985281604161,0.140883243603458,3,3,3
208,215,180,232,243.690889754096,0.0257834230632086,3,3,3.96862696659689
209,230,128,157,-54.5890104579478,-0.115099820540249,3,3,4.5
209,230,128,174,243.690889754096,0.0257834230632086,3,3,3.96862696659689
209,230,145,174,-243.690889754096,-0.0257834230632086,3,3,3.96862696659689
209,230,145,197,54.5890104579478,0.115099820540249,3,3,4.5
209,230,157,174,44.5985281604161,0.140883243603458,3,3,3
209,230,157,196,-243.690889754096,-0.0257834230632086,3,3,3.96862696659689
209,230,174,197,44.5985281604161,0.140883243603458,3,3,3
209,230,196,248,243.690889754096,0.0257834230632086,3,3,3.96862696659689
209,230,197,251,243.690889754096,0.0257834230632086,3,3,3.96862696659689
209,248,151,157,-54.5890104579478,-0.115099820540249,3,3,4.5
209,248,151,196,243.690889754096,0.0257834230632086,3,3,3.96862696659689
209,248,157,174,-243.690889754096,-0.0257834230632086,3,3,3.96862696659689
209,248,157,196,44.5985281604161,0.140883243603458,3,3,3
209,248,174,230,243.690889754096,0.0257834230632086,3,3,3.96862696659689
209,248,190,196,-243.690889754096,-0.0257834230632086,3,3,3.96862696659689
209,248,190,240,54.5890104579478,0.115099820540249,3,3,4.5
209,248,196,240,44.5985281604161,0.140883243603458,3,3,3
210,225,129,162,-54.5890104579478,-0.115099820540249,3,3,4.5
210,225,129,172,243.690889754096,0.0257834230632086,3,3,3.96862696659689
210,225,141,172,-243.690889754096,-0.0257834230632086,3,3,3.96862696659689
210,225,141,188,54.5890104579478,0.115099820540249,3,3,4.5
210,225,162,172,44.5985281604161,0.140883243603458,3,3,3
210,225,162,204,-243.690889754096,-0.0257834230632086,3,3,3.96862696659689
210,225,172,188,44.5985281604161,0.140883243603458,3,3,3
210,225,188,245,243.690889754096,0.0257834230632086,3,3,3.96862696659689
211,226,130,163,-54.5890104579478,-0.115099820540249,3,3,4.5
211,226,130,173,243.690889754096,0.0257834230632086,3,3,3.96862696659689
211,226,142,173,-243.690889754096,-0.0257834230632086,3,3,3.96862696659689
211,226,142,189,54.5890104579478,0.115099820540249,3,3,4.5
211,226,163,173,44.5985281604161,0.140883243603458,3,3,3
211,226,163,205,-243.690889754096,-0.0257834230632086,3,3,3.96862696659689
211,226,173,189,44.5985281604161,0.140883243603458,3,3,3
211,226,189,246,243.690889754096,0.0257834230632086,3,3,3.96862696659689
212,245,141,160,-54.5890104579478,-0.115099820540249,3,3,4.5
212,245,141,188,243.690889754096,0.0257834230632086,3,3,3.96862696659689
212,245,160,188,44.5985281604161,0.140883243603458,3,3,3
212,245,160,189,-243.690889754096,-0.0257834230632086,3,3,3.96862696659689
212,245,172,188,-243.690889754096,-0.0257834230632086,3,3,3.96862696659689
212,245,172,225,54.5890104579478,0.115099820540249,3,3,4.5
212,245,188,225,44.5985281604161,0.140883243603458,3,3,3
212,245,189,246,243.690889754096,0.0257834230632086,3,3,3.96862696659689
212,246,142,160,-54.5890104579478,-0.115099820540249,3,3,4.5
212,246,142,189,243.690889754096,0.0257834230632086,3,3,3.96862696659689
212,246,160,188,-243.690889754096,-0.0257834230632086,3,3,3.96862696659689
212,246,160,189,44.5985281604161,0.140883243603458,3,3,3
212,246,173,189,-243.690889754096,-0.0257834230632086,3,3,3.96862696659689
212,246,173,226,54.5890104579478,0.115099820540249,3,3,4.5
212,246,188,245,243.690889754096,0.0257834230632086,3,3,3.96862696659689
212,246,189,226,44.5985281604161,0.140883243603458,3,3,3
213,241,137,161,-54.5890104579478,-0.115099820540249,3,3,4.5
213,241,137,185,243.690889754096,0.0257834230632086,3,3,3.96862696659689
213,241,161,185,44.5985281604161,0.140883243603458,3,3,3
213,241,161,194,-243.690889754096,-0.0257834230632086,3,3,3.96862696659689
213,241,167,185,-243.690889754096,-0.0257834230632086,3,3,3.96862696659689
213,241,167,217,54.5890104579478,0.115099820540249,3,3,4.5
213,241,185,217,44.5985281604161,0.140883243603458,3,3,3
213,241,194,249,243.690889754096,0.0257834230632086,3,3,3.96862696659689
213,249,143,161,-54.5890104579478,-0.115099820540249,3,3,4.5
213,249,143,194,243.690889754096,0.0257834230632086,3,3,3.96862696659689
213,249,161,185,-243.690889754096,-0.0257834230632086,3,3,3.96862696659689
213,249,161,194,44.5985281604161,0.140883243603458,3,3,3
213,249,181,194,-243.690889754096,-0.0257834230632086,3,3,3.96862696659689
213,249,181,233,54.5890104579478,0.115099820540249,3,3,4.5
213,249,185,241,243.690889754096,0.0257834230632086,3,3,3.96862696659689
213,249,194,233,44.5985281604161,0.140883243603458,3,3,3
214,231,131,165,-54.5890104579478,-0.115099820540249,3,3,4.5
214,231,131,179,243.690889754096,0.0257834230632086,3,3,3.96862696659689
214,231,147,179,-243.690889754096,-0.0257834230632086,3,3,3.96862696659689
214,231,147,198,54.5890104579478,0.115099820540249,3,3,4.5
214,231,165,179,44.5985281604161,0.140883243603458,3,3,3
214,231,165,207,-243.690889754096,-0.0257834230632086,3,3,3.96862696659689
214,231,179,198,44.5985281604161,0.140883243603458,3,3,3
215,232,132,166,-54.5890104579478,-0.115099820540249,3,3,4.5
215,232,132,180,243.690889754096,0.0257834230632086,3,3,3.96862696659689
215,232,148,180,-243.690889754096,-0.0257834230632086,3,3,3.96862696659689
215,232,148,199,54.5890104579478,0.115099820540249,3,3,4.5
215,232,166,180,44.5985281604161,0.140883243603458,3,3,3
215,232,166,208,-243.690889754096,-0.0257834230632086,3,3,3.96862696659689
215,232,180,199,44.5985281604161,0.140883243603458,3,3,3
216,242,140,164,-54.5890104579478,-0.115099820540249,3,3,4.5
216,242,140,186,243.690889754096,0.0257834230632086,3,3,3.96862696659689
216,242,164,186,44.5985281604161,0.140883243603458,3,3,3
216,242,164,195,-243.690889754096,-0.0257834230632086,3,3,3.96862696659689
216,242,168,186,-243.690889754096,-0.0257834230632086,3,3,3.96862696659689
216,242,168,218,54.5890104579478,0.115099820540249,3,3,4.5
216,242,186,218,44.5985281604161,0.140883243603458,3,3,3
216,242,195,250,243.690889754096,0.0257834230632086,3,3,3.96862696659689
217,241,137,167,-54.5890104579478,-0.115099820540249,3,3,4.5
217,241,137,185,243.690889754096,0.0257834230632086,3,3,3.96862696659689
217,241,161,185,-243.690889754096,-0.0257834230632086,3,3,3.96862696659689
217,241,161,213,54.5890104579478,0.115099820540249,3,3,4.5
217,241,167,185,44.5985281604161,0.140883243603458,3,3,3
217,241,167,202,-243.690889754096,-0.0257834230632086,3,3,3.96862696659689
217,241,185,213,44.5985281604161,0.140883243603458,3,3,3
218,242,140,168,-54.5890104579478,-0.115099820540249,3,3,4.5
218,242,140,186,243.690889754096,0.0257834230632086,3,3,3.96862696659689
218,242,164,186,-243.690889754096,-0.0257834230632086,3,3,3.96862696659689
218,242,164,216,54.5890104579478,0.115099820540249,3,3,4.5
218,242,168,186,44.5985281604161,0.140883243603458,3,3,3
218,242,168,203,-243.690889754096,-0.0257834230632086,3,3,3.96862696659689
218,242,186,216,44.5985281604161,0.140883243603458,3,3,3
219,221,133,175,243.690889754096,0.0257834230632086,3,3,3.96862696659689
219,221,133,177,-54.5890104579478,-0.115099820540249,3,3,4.5
219,221,135,175,-243.690889754096,-0.0257834230632086,3,3,3.96862696659689
219,221,135,181,54.5890104579478,0.115099820540249,3,3,4.5
219,221,175,177,-44.5985281604161,-0.140883243603458,3,3,3
219,221,175,181,44.5985281604161,0.140883243603458,3,3,3
219,221,177,228,-243.690889754096,-0.0257834230632086,3,3,3.96862696659689
219,221,181,233,243.690889754096,0.0257834230632086,3,3,3.96862696659689
219,228,133,175,-54.5890104579478,-0.115099820540249,3,3,4.5
219,228,133,177,243.690889754096,0.0257834230632086,3,3,3.96862696659689
219,228,138,177,-243.690889754096,-0.0257834230632086,3,3,3.96862696659689
219,228,138,183,54.5890104579478,0.115099820540249,3,3,4.5
219,228,175,177,44.5985281604161,0.140883243603458,3,3,3
219,228,175,221,-243.690889754096,-0.0257834230632086,3,3,3.96862696659689
219,228,177,183,44.5985281604161,0.140883243603458,3,3,3
219,228,183,236,243.690889754096,0.0257834230632086,3,3,3.96862696659689
220,224,134,176,243.690889754096,0.0257834230632086,3,3,3.96862696659689
220,224,134,178,-54.5890104579478,-0.115099820540249,3,3,4.5
220,224,136,176,-243.690889754096,-0.0257834230632086,3,3,3.96862696659689
220,224,136,182,54.5890104579478,0.115099820540249,3,3,4.5
220,224,176,178,-44.5985281604161,-0.140883243603458,3,3,3
220,224,176,182,44.5985281604161,0.140883243603458,3,3,3
220,224,178,229,-243.690889754096,-0.0257834230632086,3,3,3.96862696659689
220,224,182,234,243.690889754096,0.0257834230632086,3,3,3.96862696659689
220,229,134,176,-54.5890104579478,-0.115099820540249,3,3,4.5
220,229,134,178,243.690889754096,0.0257834230632086,3,3,3.96862696659689
220,229,139,178,-243.690889754096,-0.0257834230632086,3,3,3.96862696659689
220,229,139,184,54.5890104579478,0.115099820540249,3,3,4.5
220,229,176,178,44.5985281604161,0.140883243603458,3,3,3
220,229,176,224,-243.690889754096,-0.0257834230632086,3,3,3.96862696659689
220,229,178,184,44.5985281604161,0.140883243603458,3,3,3
220,229,184,237,243.690889754096,0.0257834230632086,3,3,3.96862696659689
221,233,135,175,-54.5890104579478,-0.115099820540249,3,3,4.5
221,233,135,181,243.690889754096,0.0257834230632086,3,3,3.96862696659689
221,233,143,181,-243.690889754096,-0.0257834230632086,3,3,3.96862696659689
221,233,143,194,54.5890104579478,0.115099820540249,3,3,4.5
221,233,175,181,44.5985281604161,0.140883243603458,3,3,3
221,233,175,219,-243.690889754096,-0.0257834230632086,3,3,3.96862696659689
221,233,181,194,44.5985281604161,0.140883243603458,3,3,3
221,233,194,249,243.690889754096,0.0257834230632086,3,3,3.96862696659689
224,234,136,176,-54.5890104579478,-0.115099820540249,3,3,4.5
224,234,136,182,243.690889754096,0.0257834230632086,3,3,3.96862696659689
224,234,144,182,-243.690889754096,-0.0257834230632086,3,3,3.96862696659689
224,234,144,195,54.5890104579478,0.115099820540249,3,3,4.5
224,234,176,182,44.5985281604161,0.140883243603458,3,3,3
224,234,176,220,-243.690889754096,-0.0257834230632086,3,3,3.96862696659689
224,234,182,195,44.5985281604161,0.140883243603458,3,3,3
224,234,195,250,243.690889754096,0.0257834230632086,3,3,3.96862696659689
225,245,141,172,-54.5890104579478,-0.115099820540249,3,3,4.5
225,245,141,188,243.690889754096,0.0257834230632086,3,3,3.96862696659689
225,245,160,188,-243.690889754096,-0.0257834230632086,3,3,3.96862696659689
225,245,160,212,54.5890104579478,0.115099820540249,3,3,4.5
225,245,172,188,44.5985281604161,0.140883243603458,3,3,3
225,245,172,210,-243.690889754096,-0.0257834230632086,3,3,3.96862696659689
225,245,188,212,44.5985281604161,0.140883243603458,3,3,3
226,246,142,173,-54.5890104579478,-0.115099820540249,3,3,4.5
226,246,142,189,243.690889754096,0.0257834230632086,3,3,3.96862696659689
226,246,160,189,-243.690889754096,-0.0257834230632086,3,3,3.96862696659689
226,246,160,212,54.5890104579478,0.115099820540249,3,3,4.5
226,246,173,189,44.5985281604161,0.140883243603458,3,3,3
226,246,173,211,-243.690889754096,-0.0257834230632086,3,3,3.96862696659689
226,246,189,212,44.5985281604161,0.140883243603458,3,3,3
228,236,138,177,-54.5890104579478,-0.115099820540249,3,3,4.5
228,236,138,183,243.690889754096,0.0257834230632086,3,3,3.96862696659689
228,236,152,183,-243.690889754096,-0.0257834230632086,3,3,3.96862696659689
228,236,152,200,54.5890104579478,0.115099820540249,3,3,4.5
228,236,177,183,44.5985281604161,0.140883243603458,3,3,3
228,236,177,219,-243.690889754096,-0.0257834230632086,3,3,3.96862696659689
228,236,183,200,44.5985281604161,0.140883243603458,3,3,3
229,237,139,178,-54.5890104579478,-0.115099820540249,3,3,4.5
229,237,139,184,243.690889754096,0.0257834230632086,3,3,3.96862696659689
229,237,153,184,-243.690889754096,-0.0257834230632086,3,3,3.96862696659689
229,237,153,201,54.5890104579478,0.115099820540249,3,3,4.5
229,237,178,184,44.5985281604161,0.140883243603458,3,3,3
229,237,178,220,-243.690889754096,-0.0257834230632086,3,3,3.96862696659689
229,237,184,201,44.5985281604161,0.140883243603458,3,3,3
233,249,143,181,-54.5890104579478,-0.115099820540249,3,3,4.5
233,249,143,194,243.690889754096,0.0257834230632086,3,3,3.96862696659689
233,249,161,194,-243.690889754096,-0.0257834230632086,3,3,3.96862696659689
233,249,161,213,54.5890104579478,0.115099820540249,3,3,4.5
233,249,181,194,44.5985281604161,0.140883243603458,3,3,3
233,249,181,221,-243.690889754096,-0.0257834230632086,3,3,3.96862696659689
233,249,194,213,44.5985281604161,0.140883243603458,3,3,3
235,239,146,187,243.690889754096,0.0257834230632086,3,3,3.96862696659689
235,239,146,191,-54.5890104579478,-0.115099820540249,3,3,4.5
235,239,150,187,-243.690889754096,-0.0257834230632086,3,3,3.96862696659689
235,239,150,193,54.5890104579478,0.115099820540249,3,3,4.5
235,239,187,191,-44.5985281604161,-0.140883243603458,3,3,3
235,239,187,193,44.5985281604161,0.140883243603458,3,3,3
235,239,191,243,-243.690889754096,-0.0257834230632086,3,3,3.96862696659689
235,239,193,247,243.690889754096,0.0257834230632086,3,3,3.96862696659689
235,243,146,187,-54.5890104579478,-0.115099820540249,3,3,4.5
235,243,146,191,243.690889754096,0.0257834230632086,3,3,3.96862696659689
235,243,154,191,-243.690889754096,-0.0257834230632086,3,3,3.96862696659689
235,243,154,202,54.5890104579478,0.115099820540249,3,3,4.5
235,243,187,191,44.5985281604161,0.140883243603458,3,3,3
235,243,187,239,-243.690889754096,-0.0257834230632086,3,3,3.96862696659689
235,243,191,202,44.5985281604161,0.140883243603458,3,3,3
238,240,149,190,243.690889754096,0.0257834230632086,3,3,3.96862696659689
238,240,149,192,-54.5890104579478,-0.115099820540249,3,3,4.5
238,240,151,190,-243.690889754096,-0.0257834230632086,3,3,3.96862696659689
238,240,151,196,54.5890104579478,0.115099820540249,3,3,4.5
238,240,190,192,-44.5985281604161,-0.140883243603458,3,3,3
238,240,190,196,44.5985281604161,0.140883243603458,3,3,3
238,240,192,244,-243.690889754096,-0.0257834230632086,3,3,3.96862696659689
238,240,196,248,243.690889754096,0.0257834230632086,3,3,3.96862696659689
238,244,149,190,-54.5890104579478,-0.115099820540249,3,3,4.5
238,244,149,192,243.690889754096,0.0257834230632086,3,3,3.96862696659689
238,244,155,192,-243.690889754096,-0.0257834230632086,3,3,3.96862696659689
238,244,155,203,54.5890104579478,0.115099820540249,3,3,4.5
238,244,190,192,44.5985281604161,0.140883243603458,3,3,3
238,244,190,240,-243.690889754096,-0.0257834230632086,3,3,3.96862696659689
238,244,192,203,44.5985281604161,0.140883243603458,3,3,3
239,247,150,187,-54.5890104579478,-0.115099820540249,3,3,4.5
239,247,150,193,243.690889754096,0.0257834230632086,3,3,3.96862696659689
239,247,156,193,-243.690889754096,-0.0257834230632086,3,3,3.96862696659689
239,247,156,206,54.5890104579478,0.115099820540249,3,3,4.5
239,247,187,193,44.5985281604161,0.140883243603458,3,3,3
239,247,187,235,-243.690889754096,-0.0257834230632086,3,3,3.96862696659689
239,247,193,206,44.5985281604161,0.140883243603458,3,3,3
240,248,151,190,-54.5890104579478,-0.115099820540249,3,3,4.5
240,248,151,196,243.690889754096,0.0257834230632086,3,3,3.96862696659689
240,248,157,196,-243.690889754096,-0.0257834230632086,3,3,3.96862696659689
240,248,157,209,54.5890104579478,0.115099820540249,3,3,4.5
240,248,190,196,44.5985281604161,0.140883243603458,3,3,3
240,248,190,238,-243.690889754096,-0.0257834230632086,3,3,3.96862696659689
240,248,196,209,44.5985281604161,0.140883243603458,3,3,3
