A,B,M,N,K,geomTerm,distAB,distMN,centroidSep
1,2,3,4,-74.3308802673602,-0.0845299461620748,5,5,5
1,2,3,8,74.3308802673602,0.0845299461620748,5,5,5
1,2,3,11,-406.151482923494,-0.0154700538379252,5,5,6.61437827766148
1,2,3,15,406.151482923494,0.0154700538379252,5,5,6.61437827766148
1,2,4,5,-406.151482923494,-0.0154700538379252,5,5,6.61437827766148
1,2,4,11,90.9816840965796,0.0690598923241497,5,5,7.5
1,2,4,12,140.712052701055,0.0446527869259951,5,5,8.66025403784439
1,2,5,6,406.151482923494,0.0154700538379252,5,5,6.61437827766148
1,2,6,7,74.3308802673602,0.0845299461620748,5,5,5
1,2,6,9,140.712052701055,0.0446527869259951,5,5,8.66025403784439
1,2,6,13,90.9816840965796,0.0690598923241497,5,5,7.5
1,2,7,10,74.3308802673602,0.0845299461620748,5,5,5
1,2,7,13,-406.151482923494,-0.0154700538379252,5,5,6.61437827766148
1,2,7,19,406.151482923494,0.0154700538379252,5,5,6.61437827766148
1,2,8,14,406.151482923494,0.0154700538379252,5,5,6.61437827766148
1,2,8,15,-90.9816840965796,-0.0690598923241497,5,5,7.5
1,2,8,22,-140.712052701055,-0.0446527869259951,5,5,8.66025403784439
1,2,10,14,406.151482923494,0.0154700538379252,5,5,6.61437827766148
1,2,10,19,-90.9816840965796,-0.0690598923241497,5,5,7.5
1,2,10,21,-140.712052701055,-0.0446527869259951,5,5,8.66025403784439
1,2,11,15,203.075741461747,0.0309401076758503,5,5,8.66025403784439
1,2,13,19,203.075741461747,0.0309401076758503,5,5,8.66025403784439
1,3,2,7,-74.3308802673602,-0.0845299461620748,5,5,5
1,3,2,8,74.3308802673602,0.0845299461620748,5,5,5
1,3,2,10,-406.151482923494,-0.0154700538379252,5,5,6.61437827766148
1,3,2,14,406.151482923494,0.0154700538379252,5,5,6.61437827766148
1,3,4,5,-74.3308802673602,-0.0845299461620748,5,5,5
1,3,4,11,74.3308802673602,0.0845299461620748,5,5,5
1,3,4,12,-406.151482923494,-0.0154700538379252,5,5,6.61437827766148
1,3,4,16,406.151482923494,0.0154700538379252,5,5,6.61437827766148
1,3,5,6,-406.151482923494,-0.0154700538379252,5,5,6.61437827766148
1,3,5,9,140.712052701055,0.0446527869259951,5,5,8.66025403784439
1,3,5,12,90.9816840965796,0.0690598923241497,5,5,7.5
1,3,6,7,406.151482923494,0.0154700538379252,5,5,6.61437827766148
1,3,7,10,90.9816840965796,0.0690598923241497,5,5,7.5
1,3,7,13,140.712052701055,0.0446527869259951,5,5,8.66025403784439
1,3,8,14,-90.9816840965796,-0.0690598923241497,5,5,7.5
1,3,8,15,406.151482923494,0.0154700538379252,5,5,6.61437827766148
1,3,8,23,-140.712052701055,-0.0446527869259951,5,5,8.66025403784439
1,3,10,14,203.075741461747,0.0309401076758503,5,5,8.66025403784439
1,3,11,15,406.151482923494,0.0154700538379252,5,5,6.61437827766148
1,3,11,16,-90.9816840965796,-0.0690598923241497,5,5,7.5
1,3,11,24,-140.712052701055,-0.0446527869259951,5,5,8.66025403784439
1,3,12,16,203.075741461747,0.0309401076758503,5,5,8.66025403784439
1,4,2,3,74.3308802673602,0.0845299461620748,5,5,5
1,4,2,7,-406.151482923494,-0.0154700538379252,5,5,6.61437827766148
1,4,2,8,90.9816840965796,0.0690598923241497,5,5,7.5
1,4,2,10,140.712052701055,0.0446527869259951,5,5,8.66025403784439
1,4,3,8,-406.151482923494,-0.0154700538379252,5,5,6.61437827766148
1,4,3,11,74.3308802673602,0.0845299461620748,5,5,5
1,4,3,15,406.151482923494,0.0154700538379252,5,5,6.61437827766148
1,4,5,6,-74.3308802673602,-0.0845299461620748,5,5,5
1,4,5,9,-406.151482923494,-0.0154700538379252,5,5,6.61437827766148
1,4,5,12,74.3308802673602,0.0845299461620748,5,5,5
1,4,5,17,406.151482923494,0.0154700538379252,5,5,6.61437827766148
1,4,6,7,-406.151482923494,-0.0154700538379252,5,5,6.61437827766148
1,4,6,9,90.9816840965796,0.0690598923241497,5,5,7.5
1,4,6,13,140.712052701055,0.0446527869259951,5,5,8.66025403784439
1,4,8,15,203.075741461747,0.0309401076758503,5,5,8.66025403784439
1,4,9,17,203.075741461747,0.0309401076758503,5,5,8.66025403784439
1,4,11,15,-90.9816840965796,-0.0690598923241497,5,5,7.5
1,4,11,16,406.151482923494,0.0154700538379252,5,5,6.61437827766148
1,4,11,25,-140.712052701055,-0.0446527869259951,5,5,8.66025403784439
1,4,12,16,406.151482923494,0.0154700538379252,5,5,6.61437827766148
1,4,12,17,-90.9816840965796,-0.0690598923241497,5,5,7.5
1,4,12,26,-140.712052701055,-0.0446527869259951,5,5,8.66025403784439
1,5,2,3,406.151482923494,0.0154700538379252,5,5,6.61437827766148
1,5,2,7,406.151482923494,0.0154700538379252,5,5,6.61437827766148
1,5,3,4,74.3308802673602,0.0845299461620748,5,5,5
1,5,3,8,140.712052701055,0.0446527869259951,5,5,8.66025403784439
1,5,3,11,90.9816840965796,0.0690598923241497,5,5,7.5
1,5,4,11,-406.151482923494,-0.0154700538379252,5,5,6.61437827766148
1,5,4,12,74.3308802673602,0.0845299461620748,5,5,5
1,5,4,16,406.151482923494,0.0154700538379252,5,5,6.61437827766148
1,5,6,7,-74.3308802673602,-0.0845299461620748,5,5,5
1,5,6,9,74.3308802673602,0.0845299461620748,5,5,5
1,5,6,13,-406.151482923494,-0.0154700538379252,5,5,6.61437827766148
1,5,6,18,406.151482923494,0.0154700538379252,5,5,6.61437827766148
1,5,7,10,140.712052701055,0.0446527869259951,5,5,8.66025403784439
1,5,7,13,90.9816840965796,0.0690598923241497,5,5,7.5
1,5,9,17,406.151482923494,0.0154700538379252,5,5,6.61437827766148
1,5,9,18,-90.9816840965796,-0.0690598923241497,5,5,7.5
1,5,9,28,-140.712052701055,-0.0446527869259951,5,5,8.66025403784439
1,5,11,16,203.075741461747,0.0309401076758503,5,5,8.66025403784439
1,5,12,16,-90.9816840965796,-0.0690598923241497,5,5,7.5
1,5,12,17,406.151482923494,0.0154700538379252,5,5,6.61437827766148
1,5,12,27,-140.712052701055,-0.0446527869259951,5,5,8.66025403784439
1,5,13,18,203.075741461747,0.0309401076758503,5,5,8.66025403784439
1,6,2,3,-406.151482923494,-0.0154700538379252,5,5,6.61437827766148
1,6,2,7,74.3308802673602,0.0845299461620748,5,5,5
1,6,2,8,140.712052701055,0.0446527869259951,5,5,8.66025403784439
1,6,2,10,90.9816840965796,0.0690598923241497,5,5,7.5
1,6,3,4,406.151482923494,0.0154700538379252,5,5,6.61437827766148
1,6,4,5,74.3308802673602,0.0845299461620748,5,5,5
1,6,4,11,140.712052701055,0.0446527869259951,5,5,8.66025403784439
1,6,4,12,90.9816840965796,0.0690598923241497,5,5,7.5
1,6,5,9,74.3308802673602,0.0845299461620748,5,5,5
1,6,5,12,-406.151482923494,-0.0154700538379252,5,5,6.61437827766148
1,6,5,17,406.151482923494,0.0154700538379252,5,5,6.61437827766148
1,6,7,10,-406.151482923494,-0.0154700538379252,5,5,6.61437827766148
1,6,7,13,74.3308802673602,0.0845299461620748,5,5,5
1,6,7,19,406.151482923494,0.0154700538379252,5,5,6.61437827766148
1,6,9,17,-90.9816840965796,-0.0690598923241497,5,5,7.5
1,6,9,18,406.151482923494,0.0154700538379252,5,5,6.61437827766148
1,6,9,29,-140.712052701055,-0.0446527869259951,5,5,8.66025403784439
1,6,10,19,203.075741461747,0.0309401076758503,5,5,8.66025403784439
1,6,12,17,203.075741461747,0.0309401076758503,5,5,8.66025403784439
1,6,13,18,406.151482923494,0.0154700538379252,5,5,6.61437827766148
1,6,13,19,-90.9816840965796,-0.0690598923241497,5,5,7.5
1,6,13,30,-140.712052701055,-0.0446527869259951,5,5,8.66025403784439
1,7,2,3,-74.3308802673602,-0.0845299461620748,5,5,5
1,7,2,8,-406.151482923494,-0.0154700538379252,5,5,6.61437827766148
1,7,2,10,74.3308802673602,0.0845299461620748,5,5,5
1,7,2,14,406.151482923494,0.0154700538379252,5,5,6.61437827766148
1,7,3,4,-406.151482923494,-0.0154700538379252,5,5,6.61437827766148
1,7,3,8,90.9816840965796,0.0690598923241497,5,5,7.5
1,7,3,11,140.712052701055,0.0446527869259951,5,5,8.66025403784439
1,7,4,5,406.151482923494,0.0154700538379252,5,5,6.61437827766148
1,7,5,6,74.3308802673602,0.0845299461620748,5,5,5
1,7,5,9,90.9816840965796,0.0690598923241497,5,5,7.5
1,7,5,12,140.712052701055,0.0446527869259951,5,5,8.66025403784439
1,7,6,9,-406.151482923494,-0.0154700538379252,5,5,6.61437827766148
1,7,6,13,74.3308802673602,0.0845299461620748,5,5,5
1,7,6,18,406.151482923494,0.0154700538379252,5,5,6.61437827766148
1,7,8,14,203.075741461747,0.0309401076758503,5,5,8.66025403784439
1,7,9,18,203.075741461747,0.0309401076758503,5,5,8.66025403784439
1,7,10,14,-90.9816840965796,-0.0690598923241497,5,5,7.5
1,7,10,19,406.151482923494,0.0154700538379252,5,5,6.61437827766148
1,7,10,20,-140.712052701055,-0.0446527869259951,5,5,8.66025403784439
1,7,13,18,-90.9816840965796,-0.0690598923241497,5,5,7.5
1,7,13,19,406.151482923494,0.0154700538379252,5,5,6.61437827766148
1,7,13,31,-140.712052701055,-0.0446527869259951,5,5,8.66025403784439
1,8,2,7,-62.8318530717959,-0.1,8.66025403784439,5,4.33012701892219
1,8,2,14,62.8318530717959,0.1,8.66025403784439,5,4.33012701892219
1,8,3,4,-62.8318530717959,-0.1,8.66025403784439,5,4.33012701892219
1,8,3,15,62.8318530717959,0.1,8.66025403784439,5,4.33012701892219
1,8,4,5,-257.432628928405,-0.0244071053981545,8.66025403784439,5,7.5
1,8,4,11,62.8318530717959,0.1,8.66025403784439,5,6.61437827766148
1,8,4,16,83.1187288206608,0.0755928946018454,8.66025403784439,5,8.66025403784439
1,8,6,7,257.432628928405,0.0244071053981545,8.66025403784439,5,7.5
1,8,7,10,62.8318530717959,0.1,8.66025403784439,5,6.61437827766148
1,8,7,19,83.1187288206608,0.0755928946018454,8.66025403784439,5,8.66025403784439
1,8,10,14,62.8318530717959,0.1,8.66025403784439,5,6.61437827766148
1,8,11,15,62.8318530717959,0.1,8.66025403784439,5,6.61437827766148
1,8,14,21,-83.1187288206608,-0.0755928946018455,8.66025403784439,5,8.66025403784439
1,8,14,22,257.432628928405,0.0244071053981545,8.66025403784439,5,7.5
1,8,15,23,257.432628928405,0.0244071053981545,8.66025403784439,5,7.5
1,8,15,24,-83.1187288206608,-0.0755928946018455,8.66025403784439,5,8.66025403784439
1,9,2,7,257.432628928405,0.0244071053981545,8.66025403784439,5,7.5
1,9,3,4,257.432628928405,0.0244071053981545,8.66025403784439,5,7.5
1,9,4,5,62.8318530717959,0.1,8.66025403784439,5,4.33012701892219
1,9,4,12,62.8318530717959,0.1,8.66025403784439,5,6.61437827766148
1,9,4,16,83.1187288206608,0.0755928946018454,8.66025403784439,5,8.66025403784439
1,9,5,17,62.8318530717959,0.1,8.66025403784439,5,4.33012701892219
1,9,6,7,-62.8318530717959,-0.1,8.66025403784439,5,4.33012701892219
1,9,6,18,62.8318530717959,0.1,8.66025403784439,5,4.33012701892219
1,9,7,13,62.8318530717959,0.1,8.66025403784439,5,6.61437827766148
1,9,7,19,83.1187288206608,0.0755928946018454,8.66025403784439,5,8.66025403784439
1,9,12,17,62.8318530717959,0.1,8.66025403784439,5,6.61437827766148
1,9,13,18,62.8318530717959,0.1,8.66025403784439,5,6.61437827766148
1,9,17,27,-83.1187288206608,-0.0755928946018455,8.66025403784439,5,8.66025403784439
1,9,17,28,257.432628928405,0.0244071053981545,8.66025403784439,5,7.5
1,9,18,29,257.432628928405,0.0244071053981545,8.66025403784439,5,7.5
1,9,18,30,-83.1187288206608,-0.0755928946018455,8.66025403784439,5,8.66025403784439
1,10,2,3,-62.8318530717959,-0.1,8.66025403784439,5,4.33012701892219
1,10,2,14,62.8318530717959,0.1,8.66025403784439,5,4.33012701892219
1,10,3,4,-257.432628928405,-0.0244071053981546,8.66025403784439,5,7.5
1,10,3,8,62.8318530717959,0.1,8.66025403784439,5,6.61437827766148
1,10,3,15,83.1187288206608,0.0755928946018454,8.66025403784439,5,8.66025403784439
1,10,5,6,257.432628928405,0.0244071053981546,8.66025403784439,5,7.5
1,10,6,7,62.8318530717959,0.1,8.66025403784439,5,4.33012701892219
1,10,6,13,62.8318530717959,0.1,8.66025403784439,5,6.61437827766148
1,10,6,18,83.1187288206608,0.0755928946018455,8.66025403784439,5,8.66025403784439
1,10,7,19,62.8318530717959,0.1,8.66025403784439,5,4.33012701892219
1,10,8,14,62.8318530717959,0.1,8.66025403784439,5,6.61437827766148
1,10,13,19,62.8318530717959,0.1,8.66025403784439,5,6.61437827766148
1,10,14,21,257.432628928405,0.0244071053981545,8.66025403784439,5,7.5
1,10,14,22,-83.1187288206608,-0.0755928946018455,8.66025403784439,5,8.66025403784439
1,10,19,20,257.432628928405,0.0244071053981545,8.66025403784439,5,7.5
1,10,19,31,-83.1187288206608,-0.0755928946018455,8.66025403784439,5,8.66025403784439
1,11,2,3,62.8318530717959,0.1,8.66025403784439,5,4.33012701892219
1,11,2,7,-257.432628928405,-0.0244071053981546,8.66025403784439,5,7.5
1,11,2,8,62.8318530717959,0.1,8.66025403784439,5,6.61437827766148
1,11,2,14,83.1187288206608,0.0755928946018454,8.66025403784439,5,8.66025403784439
1,11,3,15,62.8318530717959,0.1,8.66025403784439,5,4.33012701892219
1,11,4,5,-62.8318530717959,-0.1,8.66025403784439,5,4.33012701892219
1,11,4,16,62.8318530717959,0.1,8.66025403784439,5,4.33012701892219
1,11,5,6,-257.432628928405,-0.0244071053981546,8.66025403784439,5,7.5
1,11,5,12,62.8318530717959,0.1,8.66025403784439,5,6.61437827766148
1,11,5,17,83.1187288206608,0.0755928946018455,8.66025403784439,5,8.66025403784439
1,11,8,15,62.8318530717959,0.1,8.66025403784439,5,6.61437827766148
1,11,12,16,62.8318530717959,0.1,8.66025403784439,5,6.61437827766148
1,11,15,23,-83.1187288206608,-0.0755928946018455,8.66025403784439,5,8.66025403784439
1,11,15,24,257.432628928405,0.0244071053981545,8.66025403784439,5,7.5
1,11,16,25,257.432628928405,0.0244071053981545,8.66025403784439,5,7.5
1,11,16,26,-83.1187288206608,-0.0755928946018455,8.66025403784439,5,8.66025403784439
1,12,2,3,257.432628928405,0.0244071053981546,8.66025403784439,5,7.5
1,12,3,4,62.8318530717959,0.1,8.66025403784439,5,4.33012701892219
1,12,3,11,62.8318530717959,0.1,8.66025403784439,5,6.61437827766148
1,12,3,15,83.1187288206608,0.0755928946018455,8.66025403784439,5,8.66025403784439
1,12,4,16,62.8318530717959,0.1,8.66025403784439,5,4.33012701892219
1,12,5,6,-62.8318530717959,-0.1,8.66025403784439,5,4.33012701892219
1,12,5,17,62.8318530717959,0.1,8.66025403784439,5,4.33012701892219
1,12,6,7,-257.432628928405,-0.0244071053981546,8.66025403784439,5,7.5
1,12,6,9,62.8318530717959,0.1,8.66025403784439,5,6.61437827766148
1,12,6,18,83.1187288206608,0.0755928946018454,8.66025403784439,5,8.66025403784439
1,12,9,17,62.8318530717959,0.1,8.66025403784439,5,6.61437827766148
1,12,11,16,62.8318530717959,0.1,8.66025403784439,5,6.61437827766148
1,12,16,25,-83.1187288206608,-0.0755928946018455,8.66025403784439,5,8.66025403784439
1,12,16,26,257.432628928405,0.0244071053981545,8.66025403784439,5,7.5
1,12,17,27,257.432628928405,0.0244071053981545,8.66025403784439,5,7.5
1,12,17,28,-83.1187288206608,-0.0755928946018455,8.66025403784439,5,8.66025403784439
1,13,2,3,-257.432628928405,-0.0244071053981546,8.66025403784439,5,7.5
1,13,2,7,62.8318530717959,0.1,8.66025403784439,5,4.33012701892219
1,13,2,10,62.8318530717959,0.1,8.66025403784439,5,6.61437827766148
1,13,2,14,83.1187288206608,0.0755928946018455,8.66025403784439,5,8.66025403784439
1,13,4,5,257.432628928405,0.0244071053981546,8.66025403784439,5,7.5
1,13,5,6,62.8318530717959,0.1,8.66025403784439,5,4.33012701892219
1,13,5,9,62.8318530717959,0.1,8.66025403784439,5,6.61437827766148
1,13,5,17,83.1187288206608,0.0755928946018454,8.66025403784439,5,8.66025403784439
1,13,6,18,62.8318530717959,0.1,8.66025403784439,5,4.33012701892219
1,13,7,19,62.8318530717959,0.1,8.66025403784439,5,4.33012701892219
1,13,9,18,62.8318530717959,0.1,8.66025403784439,5,6.61437827766148
1,13,10,19,62.8318530717959,0.1,8.66025403784439,5,6.61437827766148
1,13,18,29,-83.1187288206608,-0.0755928946018455,8.66025403784439,5,8.66025403784439
1,13,18,30,257.432628928405,0.0244071053981545,8.66025403784439,5,7.5
1,13,19,20,-83.1187288206608,-0.0755928946018455,8.66025403784439,5,8.66025403784439
1,13,19,31,257.432628928405,0.0244071053981545,8.66025403784439,5,7.5
2,3,1,4,74.3308802673602,0.0845299461620748,5,5,5
2,3,1,5,406.151482923494,0.0154700538379252,5,5,6.61437827766148
2,3,1,6,-406.151482923494,-0.0154700538379252,5,5,6.61437827766148
2,3,1,7,-74.3308802673602,-0.0845299461620748,5,5,5
2,3,4,5,-90.9816840965796,-0.0690598923241497,5,5,7.5
2,3,4,11,406.151482923494,0.0154700538379252,5,5,6.61437827766148
2,3,4,16,-140.712052701055,-0.0446527869259951,5,5,8.66025403784439
2,3,5,6,-203.075741461747,-0.0309401076758503,5,5,8.66025403784439
2,3,6,7,-90.9816840965796,-0.0690598923241497,5,5,7.5
2,3,7,10,-406.151482923494,-0.0154700538379252,5,5,6.61437827766148
2,3,7,19,140.712052701055,0.0446527869259951,5,5,8.66025403784439
2,3,8,14,-74.3308802673602,-0.0845299461620748,5,5,5
2,3,8,15,74.3308802673602,0.0845299461620748,5,5,5
2,3,8,22,-406.151482923494,-0.0154700538379252,5,5,6.61437827766147
2,3,8,23,406.151482923494,0.0154700538379252,5,5,6.61437827766147
2,3,10,14,406.151482923494,0.0154700538379252,5,5,6.61437827766148
2,3,11,15,-406.151482923494,-0.0154700538379252,5,5,6.61437827766148
2,3,14,21,140.712052701055,0.0446527869259951,5,5,8.66025403784439
2,3,14,22,90.9816840965796,0.0690598923241497,5,5,7.5
2,3,15,23,-90.9816840965796,-0.0690598923241497,5,5,7.5
2,3,15,24,-140.712052701055,-0.0446527869259951,5,5,8.66025403784439
2,3,22,23,203.075741461747,0.0309401076758503,5,5,8.66025403784439
2,4,1,5,62.8318530717959,0.1,8.66025403784439,5,4.33012701892219
2,4,1,7,-62.8318530717959,-0.1,8.66025403784439,5,4.33012701892219
2,4,3,8,-62.8318530717959,-0.1,8.66025403784439,5,4.33012701892219
2,4,3,11,62.8318530717959,0.1,8.66025403784439,5,4.33012701892219
2,4,5,6,-62.8318530717959,-0.1,8.66025403784439,5,6.61437827766148
2,4,5,9,-83.1187288206608,-0.0755928946018455,8.66025403784439,5,8.66025403784439
2,4,5,12,257.432628928405,0.0244071053981545,8.66025403784439,5,7.5
2,4,6,7,-62.8318530717959,-0.1,8.66025403784439,5,6.61437827766148
2,4,7,10,-257.432628928405,-0.0244071053981546,8.66025403784439,5,7.5
2,4,7,13,83.1187288206608,0.0755928946018454,8.66025403784439,5,8.66025403784439
2,4,8,14,-257.432628928405,-0.0244071053981546,8.66025403784439,5,7.5
2,4,8,15,62.8318530717959,0.1,8.66025403784439,5,6.61437827766148
2,4,8,23,83.1187288206608,0.0755928946018455,8.66025403784439,5,8.66025403784439
2,4,11,15,-62.8318530717959,-0.1,8.66025403784439,5,6.61437827766148
2,4,11,16,257.432628928405,0.0244071053981545,8.66025403784439,5,7.5
2,4,11,24,-83.1187288206608,-0.0755928946018455,8.66025403784439,5,8.66025403784439
2,6,1,3,-62.8318530717959,-0.1,8.66025403784439,5,4.33012701892219
2,6,1,5,62.8318530717959,0.1,8.66025403784439,5,4.33012701892219
2,6,3,4,62.8318530717959,0.1,8.66025403784439,5,6.61437827766148
2,6,3,8,-257.432628928405,-0.0244071053981545,8.66025403784439,5,7.5
2,6,3,11,83.1187288206608,0.0755928946018454,8.66025403784439,5,8.66025403784439
2,6,4,5,62.8318530717959,0.1,8.66025403784439,5,6.61437827766148
2,6,5,9,257.432628928405,0.0244071053981545,8.66025403784439,5,7.5
2,6,5,12,-83.1187288206608,-0.0755928946018455,8.66025403784439,5,8.66025403784439
2,6,7,10,-62.8318530717959,-0.1,8.66025403784439,5,4.33012701892219
2,6,7,13,62.8318530717959,0.1,8.66025403784439,5,4.33012701892219
2,6,10,14,-257.432628928405,-0.0244071053981545,8.66025403784439,5,7.5
2,6,10,19,62.8318530717959,0.1,8.66025403784439,5,6.61437827766148
2,6,10,20,83.1187288206608,0.0755928946018454,8.66025403784439,5,8.66025403784439
2,6,13,18,257.432628928405,0.0244071053981545,8.66025403784439,5,7.5
2,6,13,19,-62.8318530717959,-0.1,8.66025403784439,5,6.61437827766148
2,6,13,31,-83.1187288206608,-0.0755928946018455,8.66025403784439,5,8.66025403784439
2,7,1,3,-74.3308802673602,-0.0845299461620748,5,5,5
2,7,1,4,-406.151482923494,-0.0154700538379252,5,5,6.61437827766148
2,7,1,5,406.151482923494,0.0154700538379252,5,5,6.61437827766148
2,7,1,6,74.3308802673602,0.0845299461620748,5,5,5
2,7,3,4,90.9816840965796,0.0690598923241497,5,5,7.5
2,7,3,8,-406.151482923494,-0.0154700538379252,5,5,6.61437827766148
2,7,3,15,140.712052701055,0.0446527869259951,5,5,8.66025403784439
2,7,4,5,203.075741461747,0.0309401076758503,5,5,8.66025403784439
2,7,5,6,90.9816840965796,0.0690598923241497,5,5,7.5
2,7,6,13,406.151482923494,0.0154700538379252,5,5,6.61437827766148
2,7,6,18,-140.712052701055,-0.0446527869259951,5,5,8.66025403784439
2,7,8,14,406.151482923494,0.0154700538379252,5,5,6.61437827766148
2,7,10,14,-74.3308802673602,-0.0845299461620748,5,5,5
2,7,10,19,74.3308802673602,0.0845299461620748,5,5,5
2,7,10,20,406.151482923494,0.0154700538379252,5,5,6.61437827766148
2,7,10,21,-406.151482923494,-0.0154700538379252,5,5,6.61437827766148
2,7,13,19,-406.151482923494,-0.0154700538379252,5,5,6.61437827766148
2,7,14,21,90.9816840965796,0.0690598923241497,5,5,7.5
2,7,14,22,140.712052701055,0.0446527869259951,5,5,8.66025403784439
2,7,19,20,-90.9816840965796,-0.0690598923241497,5,5,7.5
2,7,19,31,-140.712052701055,-0.0446527869259951,5,5,8.66025403784439
2,7,20,21,-203.075741461747,-0.0309401076758503,5,5,8.66025403784439
2,8,1,3,74.3308802673602,0.0845299461620748,5,5,5
2,8,1,4,90.9816840965796,0.0690598923241497,5,5,7.5
2,8,1,6,140.712052701055,0.0446527869259951,5,5,8.66025403784439
2,8,1,7,-406.151482923494,-0.0154700538379252,5,5,6.61437827766148
2,8,3,4,-406.151482923494,-0.0154700538379252,5,5,6.61437827766148
2,8,3,11,406.151482923494,0.0154700538379252,5,5,6.61437827766148
2,8,3,15,74.3308802673602,0.0845299461620748,5,5,5
2,8,4,11,203.075741461747,0.0309401076758503,5,5,8.66025403784439
2,8,7,10,406.151482923494,0.0154700538379252,5,5,6.61437827766148
2,8,10,14,74.3308802673602,0.0845299461620748,5,5,5
2,8,10,19,140.712052701055,0.0446527869259951,5,5,8.66025403784439
2,8,10,21,90.9816840965796,0.0690598923241497,5,5,7.5
2,8,11,15,90.9816840965796,0.0690598923241497,5,5,7.5
2,8,14,21,-406.151482923494,-0.0154700538379252,5,5,6.61437827766148
2,8,14,22,74.3308802673602,0.0845299461620748,5,5,5
2,8,14,32,406.151482923494,0.0154700538379252,5,5,6.61437827766148
2,8,15,23,406.151482923494,0.0154700538379252,5,5,6.61437827766148
2,8,15,33,-140.712052701055,-0.0446527869259951,5,5,8.66025403784439
2,8,21,32,203.075741461747,0.0309401076758503,5,5,8.66025403784439
2,8,22,23,406.151482923494,0.0154700538379252,5,5,6.61437827766148
2,8,22,32,-90.9816840965796,-0.0690598923241497,5,5,7.5
2,8,22,38,-140.712052701055,-0.0446527869259951,5,5,8.66025403784439
2,10,1,3,-406.151482923494,-0.0154700538379252,5,5,6.61437827766148
2,10,1,4,140.712052701055,0.0446527869259951,5,5,8.66025403784439
2,10,1,6,90.9816840965796,0.0690598923241497,5,5,7.5
2,10,1,7,74.3308802673602,0.0845299461620748,5,5,5
2,10,3,8,406.151482923494,0.0154700538379252,5,5,6.61437827766148
2,10,6,7,406.151482923494,0.0154700538379252,5,5,6.61437827766148
2,10,6,13,203.075741461747,0.0309401076758503,5,5,8.66025403784439
2,10,7,13,406.151482923494,0.0154700538379252,5,5,6.61437827766148
2,10,7,19,74.3308802673602,0.0845299461620748,5,5,5
2,10,8,14,74.3308802673602,0.0845299461620748,5,5,5
2,10,8,15,140.712052701055,0.0446527869259951,5,5,8.66025403784439
2,10,8,22,90.9816840965796,0.0690598923241497,5,5,7.5
2,10,13,19,90.9816840965796,0.0690598923241497,5,5,7.5
2,10,14,21,74.3308802673602,0.0845299461620748,5,5,5
2,10,14,22,-406.151482923494,-0.0154700538379252,5,5,6.61437827766147
2,10,14,32,406.151482923494,0.0154700538379252,5,5,6.61437827766147
2,10,19,20,406.151482923494,0.0154700538379252,5,5,6.61437827766148
2,10,19,37,-140.712052701055,-0.0446527869259951,5,5,8.66025403784439
2,10,20,21,-406.151482923494,-0.0154700538379252,5,5,6.61437827766148
2,10,21,32,-90.9816840965796,-0.0690598923241497,5,5,7.5
2,10,21,40,-140.712052701055,-0.0446527869259951,5,5,8.66025403784439
2,10,22,32,203.075741461747,0.0309401076758503,5,5,8.66025403784439
2,14,1,3,406.151482923494,0.0154700538379252,5,5,6.61437827766148
2,14,1,7,406.151482923494,0.0154700538379252,5,5,6.61437827766148
2,14,3,4,140.712052701055,0.0446527869259951,5,5,8.66025403784439
2,14,3,8,74.3308802673602,0.0845299461620748,5,5,5
2,14,3,15,90.9816840965796,0.0690598923241497,5,5,7.5
2,14,6,7,-140.712052701055,-0.0446527869259951,5,5,8.66025403784439
2,14,7,10,74.3308802673602,0.0845299461620748,5,5,5
2,14,7,19,90.9816840965796,0.0690598923241497,5,5,7.5
2,14,8,15,-406.151482923494,-0.0154700538379252,5,5,6.61437827766148
2,14,8,22,74.3308802673602,0.0845299461620748,5,5,5
2,14,8,23,406.151482923494,0.0154700538379252,5,5,6.61437827766148
2,14,10,19,-406.151482923494,-0.0154700538379252,5,5,6.61437827766148
2,14,10,20,406.151482923494,0.0154700538379252,5,5,6.61437827766148
2,14,10,21,74.3308802673602,0.0845299461620748,5,5,5
2,14,15,23,203.075741461747,0.0309401076758503,5,5,8.66025403784439
2,14,19,20,203.075741461747,0.0309401076758503,5,5,8.66025403784439
2,14,20,21,90.9816840965796,0.0690598923241497,5,5,7.5
2,14,21,32,406.151482923494,0.0154700538379252,5,5,6.61437827766148
2,14,21,45,-140.712052701055,-0.0446527869259951,5,5,8.66025403784439
2,14,22,23,-90.9816840965796,-0.0690598923241497,5,5,7.5
2,14,22,32,406.151482923494,0.0154700538379252,5,5,6.61437827766148
2,14,22,46,-140.712052701055,-0.0446527869259951,5,5,8.66025403784439
2,15,1,3,62.8318530717959,0.1,8.66025403784439,5,4.33012701892219
2,15,1,4,62.8318530717959,0.1,8.66025403784439,5,6.61437827766148
2,15,1,5,83.1187288206608,0.0755928946018455,8.66025403784439,5,8.66025403784439
2,15,1,7,-257.432628928405,-0.0244071053981546,8.66025403784439,5,7.5
2,15,3,11,62.8318530717959,0.1,8.66025403784439,5,4.33012701892219
2,15,4,11,62.8318530717959,0.1,8.66025403784439,5,6.61437827766148
2,15,8,14,-62.8318530717959,-0.1,8.66025403784439,5,4.33012701892219
2,15,8,23,62.8318530717959,0.1,8.66025403784439,5,4.33012701892219
2,15,10,14,257.432628928405,0.0244071053981546,8.66025403784439,5,7.5
2,15,11,16,-83.1187288206608,-0.0755928946018455,8.66025403784439,5,8.66025403784439
2,15,11,24,257.432628928405,0.0244071053981545,8.66025403784439,5,7.5
2,15,14,22,62.8318530717959,0.1,8.66025403784439,5,6.61437827766148
2,15,14,32,83.1187288206608,0.0755928946018454,8.66025403784439,5,8.66025403784439
2,15,22,23,62.8318530717959,0.1,8.66025403784439,5,6.61437827766148
2,15,23,33,257.432628928405,0.0244071053981545,8.66025403784439,5,7.5
2,15,23,38,-83.1187288206608,-0.0755928946018455,8.66025403784439,5,8.66025403784439
2,19,1,3,-257.432628928405,-0.0244071053981546,8.66025403784439,5,7.5
2,19,1,5,83.1187288206608,0.0755928946018454,8.66025403784439,5,8.66025403784439
2,19,1,6,62.8318530717959,0.1,8.66025403784439,5,6.61437827766148
2,19,1,7,62.8318530717959,0.1,8.66025403784439,5,4.33012701892219
2,19,6,13,62.8318530717959,0.1,8.66025403784439,5,6.61437827766148
2,19,7,13,62.8318530717959,0.1,8.66025403784439,5,4.33012701892219
2,19,8,14,257.432628928405,0.0244071053981546,8.66025403784439,5,7.5
2,19,10,14,-62.8318530717959,-0.1,8.66025403784439,5,4.33012701892219
2,19,10,20,62.8318530717959,0.1,8.66025403784439,5,4.33012701892219
2,19,13,18,-83.1187288206608,-0.0755928946018455,8.66025403784439,5,8.66025403784439
2,19,13,31,257.432628928405,0.0244071053981545,8.66025403784439,5,7.5
2,19,14,21,62.8318530717959,0.1,8.66025403784439,5,6.61437827766148
2,19,14,32,83.1187288206608,0.0755928946018455,8.66025403784439,5,8.66025403784439
2,19,20,21,-62.8318530717959,-0.1,8.66025403784439,5,6.61437827766148
2,19,20,37,257.432628928405,0.0244071053981545,8.66025403784439,5,7.5
2,19,20,40,-83.1187288206608,-0.0755928946018455,8.66025403784439,5,8.66025403784439
2,21,1,7,257.432628928405,0.0244071053981546,8.66025403784439,5,7.5
2,21,3,8,257.432628928405,0.0244071053981546,8.66025403784439,5,7.5
2,21,7,10,62.8318530717959,0.1,8.66025403784439,5,4.33012701892219
2,21,7,13,83.1187288206608,0.0755928946018455,8.66025403784439,5,8.66025403784439
2,21,7,19,62.8318530717959,0.1,8.66025403784439,5,6.61437827766148
2,21,8,14,62.8318530717959,0.1,8.66025403784439,5,4.33012701892219
2,21,8,22,62.8318530717959,0.1,8.66025403784439,5,6.61437827766148
2,21,8,23,83.1187288206608,0.0755928946018454,8.66025403784439,5,8.66025403784439
2,21,10,20,62.8318530717959,0.1,8.66025403784439,5,4.33012701892219
2,21,14,32,62.8318530717959,0.1,8.66025403784439,5,4.33012701892219
2,21,19,20,62.8318530717959,0.1,8.66025403784439,5,6.61437827766148
2,21,20,37,-83.1187288206608,-0.0755928946018455,8.66025403784439,5,8.66025403784439
2,21,20,40,257.432628928405,0.0244071053981545,8.66025403784439,5,7.5
2,21,22,32,62.8318530717959,0.1,8.66025403784439,5,6.61437827766148
2,21,32,45,257.432628928405,0.0244071053981545,8.66025403784439,5,7.5
2,21,32,46,-83.1187288206608,-0.0755928946018455,8.66025403784439,5,8.66025403784439
2,22,1,3,257.432628928405,0.0244071053981545,8.66025403784439,5,7.5
2,22,3,8,62.8318530717959,0.1,8.66025403784439,5,4.33012701892219
2,22,3,11,83.1187288206608,0.0755928946018454,8.66025403784439,5,8.66025403784439
2,22,3,15,62.8318530717959,0.1,8.66025403784439,5,6.61437827766148
2,22,7,10,257.432628928405,0.0244071053981545,8.66025403784439,5,7.5
2,22,8,23,62.8318530717959,0.1,8.66025403784439,5,4.33012701892219
2,22,10,14,62.8318530717959,0.1,8.66025403784439,5,4.33012701892219
2,22,10,20,83.1187288206608,0.0755928946018454,8.66025403784439,5,8.66025403784439
2,22,10,21,62.8318530717959,0.1,8.66025403784439,5,6.61437827766148
2,22,14,32,62.8318530717959,0.1,8.66025403784439,5,4.33012701892219
2,22,15,23,62.8318530717959,0.1,8.66025403784439,5,6.61437827766148
2,22,21,32,62.8318530717959,0.1,8.66025403784439,5,6.61437827766148
2,22,23,33,-83.1187288206608,-0.0755928946018455,8.66025403784439,5,8.66025403784439
2,22,23,38,257.432628928405,0.0244071053981545,8.66025403784439,5,7.5
2,22,32,45,-83.1187288206608,-0.0755928946018455,8.66025403784439,5,8.66025403784439
2,22,32,46,257.432628928405,0.0244071053981545,8.66025403784439,5,7.5
3,4,1,2,-74.3308802673602,-0.0845299461620748,5,5,5
3,4,1,5,74.3308802673602,0.0845299461620748,5,5,5
3,4,1,6,406.151482923494,0.0154700538379252,5,5,6.61437827766148
3,4,1,7,-406.151482923494,-0.0154700538379252,5,5,6.61437827766148
3,4,2,7,90.9816840965796,0.0690598923241497,5,5,7.5
3,4,2,8,-406.151482923494,-0.0154700538379252,5,5,6.61437827766148
3,4,2,14,140.712052701055,0.0446527869259951,5,5,8.66025403784439
3,4,5,6,-90.9816840965796,-0.0690598923241497,5,5,7.5
3,4,5,12,406.151482923494,0.0154700538379252,5,5,6.61437827766148
3,4,5,17,-140.712052701055,-0.0446527869259951,5,5,8.66025403784439
3,4,6,7,-203.075741461747,-0.0309401076758503,5,5,8.66025403784439
3,4,8,15,406.151482923494,0.0154700538379252,5,5,6.61437827766148
3,4,11,15,-74.3308802673602,-0.0845299461620748,5,5,5
3,4,11,16,74.3308802673602,0.0845299461620748,5,5,5
3,4,11,24,-406.151482923494,-0.0154700538379252,5,5,6.61437827766148
3,4,11,25,406.151482923494,0.0154700538379252,5,5,6.61437827766148
3,4,12,16,-406.151482923494,-0.0154700538379252,5,5,6.61437827766148
3,4,15,23,140.712052701055,0.0446527869259951,5,5,8.66025403784439
3,4,15,24,90.9816840965796,0.0690598923241497,5,5,7.5
3,4,16,25,-90.9816840965796,-0.0690598923241497,5,5,7.5
3,4,16,26,-140.712052701055,-0.0446527869259951,5,5,8.66025403784439
3,4,24,25,203.075741461747,0.0309401076758503,5,5,8.66025403784439
3,5,1,2,-62.8318530717959,-0.1,8.66025403784439,5,4.33012701892219
3,5,1,6,62.8318530717959,0.1,8.66025403784439,5,4.33012701892219
3,5,2,7,62.8318530717959,0.1,8.66025403784439,5,6.61437827766148
3,5,2,8,-257.432628928405,-0.0244071053981545,8.66025403784439,5,7.5
3,5,2,10,83.1187288206608,0.0755928946018454,8.66025403784439,5,8.66025403784439
3,5,4,11,-62.8318530717959,-0.1,8.66025403784439,5,4.33012701892219
3,5,4,12,62.8318530717959,0.1,8.66025403784439,5,4.33012701892219
3,5,6,7,-62.8318530717959,-0.1,8.66025403784439,5,6.61437827766148
3,5,6,9,257.432628928405,0.0244071053981545,8.66025403784439,5,7.5
3,5,6,13,-83.1187288206608,-0.0755928946018455,8.66025403784439,5,8.66025403784439
3,5,11,15,-257.432628928405,-0.0244071053981545,8.66025403784439,5,7.5
3,5,11,16,62.8318530717959,0.1,8.66025403784439,5,6.61437827766148
3,5,11,25,83.1187288206608,0.0755928946018454,8.66025403784439,5,8.66025403784439
3,5,12,16,-62.8318530717959,-0.1,8.66025403784439,5,6.61437827766148
3,5,12,17,257.432628928405,0.0244071053981545,8.66025403784439,5,7.5
3,5,12,26,-83.1187288206608,-0.0755928946018455,8.66025403784439,5,8.66025403784439
3,7,1,4,-62.8318530717959,-0.1,8.66025403784439,5,4.33012701892219
3,7,1,6,62.8318530717959,0.1,8.66025403784439,5,4.33012701892219
3,7,2,8,-62.8318530717959,-0.1,8.66025403784439,5,4.33012701892219
3,7,2,10,62.8318530717959,0.1,8.66025403784439,5,4.33012701892219
3,7,4,5,62.8318530717959,0.1,8.66025403784439,5,6.61437827766148
3,7,4,11,-257.432628928405,-0.0244071053981546,8.66025403784439,5,7.5
3,7,4,12,83.1187288206608,0.0755928946018454,8.66025403784439,5,8.66025403784439
3,7,5,6,62.8318530717959,0.1,8.66025403784439,5,6.61437827766148
3,7,6,9,-83.1187288206608,-0.0755928946018455,8.66025403784439,5,8.66025403784439
3,7,6,13,257.432628928405,0.0244071053981545,8.66025403784439,5,7.5
3,7,8,14,62.8318530717959,0.1,8.66025403784439,5,6.61437827766148
3,7,8,15,-257.432628928405,-0.0244071053981546,8.66025403784439,5,7.5
3,7,8,22,83.1187288206608,0.0755928946018455,8.66025403784439,5,8.66025403784439
3,7,10,14,-62.8318530717959,-0.1,8.66025403784439,5,6.61437827766148
3,7,10,19,257.432628928405,0.0244071053981545,8.66025403784439,5,7.5
3,7,10,21,-83.1187288206608,-0.0755928946018455,8.66025403784439,5,8.66025403784439
3,8,1,2,74.3308802673602,0.0845299461620748,5,5,5
3,8,1,4,-406.151482923494,-0.0154700538379252,5,5,6.61437827766148
3,8,1,5,140.712052701055,0.0446527869259951,5,5,8.66025403784439
3,8,1,7,90.9816840965796,0.0690598923241497,5,5,7.5
3,8,2,7,-406.151482923494,-0.0154700538379252,5,5,6.61437827766148
3,8,2,10,406.151482923494,0.0154700538379252,5,5,6.61437827766148
3,8,2,14,74.3308802673602,0.0845299461620748,5,5,5
3,8,4,11,406.151482923494,0.0154700538379252,5,5,6.61437827766148
3,8,7,10,203.075741461747,0.0309401076758503,5,5,8.66025403784439
3,8,10,14,90.9816840965796,0.0690598923241497,5,5,7.5
3,8,11,15,74.3308802673602,0.0845299461620748,5,5,5
3,8,11,16,140.712052701055,0.0446527869259951,5,5,8.66025403784439
3,8,11,24,90.9816840965796,0.0690598923241497,5,5,7.5
3,8,14,22,406.151482923494,0.0154700538379252,5,5,6.61437827766148
3,8,14,32,-140.712052701055,-0.0446527869259951,5,5,8.66025403784439
3,8,15,23,74.3308802673602,0.0845299461620748,5,5,5
3,8,15,24,-406.151482923494,-0.0154700538379252,5,5,6.61437827766148
3,8,15,33,406.151482923494,0.0154700538379252,5,5,6.61437827766148
3,8,22,23,-406.151482923494,-0.0154700538379252,5,5,6.61437827766148
3,8,23,33,-90.9816840965796,-0.0690598923241497,5,5,7.5
3,8,23,38,-140.712052701055,-0.0446527869259951,5,5,8.66025403784439
3,8,24,33,203.075741461747,0.0309401076758503,5,5,8.66025403784439
3,11,1,2,-406.151482923494,-0.0154700538379252,5,5,6.61437827766148
3,11,1,4,74.3308802673602,0.0845299461620748,5,5,5
3,11,1,5,90.9816840965796,0.0690598923241497,5,5,7.5
3,11,1,7,140.712052701055,0.0446527869259951,5,5,8.66025403784439
3,11,2,8,406.151482923494,0.0154700538379252,5,5,6.61437827766148
3,11,4,5,-406.151482923494,-0.0154700538379252,5,5,6.61437827766148
3,11,4,12,406.151482923494,0.0154700538379252,5,5,6.61437827766148
3,11,4,16,74.3308802673602,0.0845299461620748,5,5,5
3,11,5,12,203.075741461747,0.0309401076758503,5,5,8.66025403784439
3,11,8,14,140.712052701055,0.0446527869259951,5,5,8.66025403784439
3,11,8,15,74.3308802673602,0.0845299461620748,5,5,5
3,11,8,23,90.9816840965796,0.0690598923241497,5,5,7.5
3,11,12,16,90.9816840965796,0.0690598923241497,5,5,7.5
3,11,15,23,-406.151482923494,-0.0154700538379252,5,5,6.61437827766147
3,11,15,24,74.3308802673602,0.0845299461620748,5,5,5
3,11,15,33,406.151482923494,0.0154700538379252,5,5,6.61437827766147
3,11,16,25,406.151482923494,0.0154700538379252,5,5,6.61437827766148
3,11,16,36,-140.712052701055,-0.0446527869259951,5,5,8.66025403784439
3,11,23,33,203.075741461747,0.0309401076758503,5,5,8.66025403784439
3,11,24,25,406.151482923494,0.0154700538379252,5,5,6.61437827766148
3,11,24,33,-90.9816840965796,-0.0690598923241497,5,5,7.5
3,11,24,41,-140.712052701055,-0.0446527869259951,5,5,8.66025403784439
3,14,1,2,62.8318530717959,0.1,8.66025403784439,5,4.33012701892219
3,14,1,4,-257.432628928405,-0.0244071053981546,8.66025403784439,5,7.5
3,14,1,6,83.1187288206608,0.0755928946018455,8.66025403784439,5,8.66025403784439
3,14,1,7,62.8318530717959,0.1,8.66025403784439,5,6.61437827766148
3,14,2,10,62.8318530717959,0.1,8.66025403784439,5,4.33012701892219
3,14,7,10,62.8318530717959,0.1,8.66025403784439,5,6.61437827766148
3,14,8,15,-62.8318530717959,-0.1,8.66025403784439,5,4.33012701892219
3,14,8,22,62.8318530717959,0.1,8.66025403784439,5,4.33012701892219
3,14,10,19,-83.1187288206608,-0.0755928946018455,8.66025403784439,5,8.66025403784439
3,14,10,21,257.432628928405,0.0244071053981545,8.66025403784439,5,7.5
3,14,11,15,257.432628928405,0.0244071053981546,8.66025403784439,5,7.5
3,14,15,23,62.8318530717959,0.1,8.66025403784439,5,6.61437827766148
3,14,15,33,83.1187288206608,0.0755928946018454,8.66025403784439,5,8.66025403784439
3,14,22,23,-62.8318530717959,-0.1,8.66025403784439,5,6.61437827766148
3,14,22,32,257.432628928405,0.0244071053981545,8.66025403784439,5,7.5
3,14,22,38,-83.1187288206608,-0.0755928946018455,8.66025403784439,5,8.66025403784439
3,15,1,2,406.151482923494,0.0154700538379252,5,5,6.61437827766148
3,15,1,4,406.151482923494,0.0154700538379252,5,5,6.61437827766148
3,15,2,7,140.712052701055,0.0446527869259951,5,5,8.66025403784439
3,15,2,8,74.3308802673602,0.0845299461620748,5,5,5
3,15,2,14,90.9816840965796,0.0690598923241497,5,5,7.5
3,15,4,5,140.712052701055,0.0446527869259951,5,5,8.66025403784439
3,15,4,11,74.3308802673602,0.0845299461620748,5,5,5
3,15,4,16,90.9816840965796,0.0690598923241497,5,5,7.5
3,15,8,14,-406.151482923494,-0.0154700538379252,5,5,6.61437827766148
3,15,8,22,406.151482923494,0.0154700538379252,5,5,6.61437827766148
3,15,8,23,74.3308802673602,0.0845299461620748,5,5,5
3,15,11,16,-406.151482923494,-0.0154700538379252,5,5,6.61437827766148
3,15,11,24,74.3308802673602,0.0845299461620748,5,5,5
3,15,11,25,406.151482923494,0.0154700538379252,5,5,6.61437827766148
3,15,14,22,203.075741461747,0.0309401076758503,5,5,8.66025403784439
3,15,16,25,203.075741461747,0.0309401076758503,5,5,8.66025403784439
3,15,22,23,90.9816840965796,0.0690598923241497,5,5,7.5
3,15,23,33,406.151482923494,0.0154700538379252,5,5,6.61437827766148
3,15,23,47,-140.712052701055,-0.0446527869259951,5,5,8.66025403784439
3,15,24,25,-90.9816840965796,-0.0690598923241497,5,5,7.5
3,15,24,33,406.151482923494,0.0154700538379252,5,5,6.61437827766148
3,15,24,48,-140.712052701055,-0.0446527869259951,5,5,8.66025403784439
3,16,1,2,-257.432628928405,-0.0244071053981546,8.66025403784439,5,7.5
3,16,1,4,62.8318530717959,0.1,8.66025403784439,5,4.33012701892219
3,16,1,5,62.8318530717959,0.1,8.66025403784439,5,6.61437827766148
3,16,1,6,83.1187288206608,0.0755928946018454,8.66025403784439,5,8.66025403784439
3,16,4,12,62.8318530717959,0.1,8.66025403784439,5,4.33012701892219
3,16,5,12,62.8318530717959,0.1,8.66025403784439,5,6.61437827766148
3,16,8,15,257.432628928405,0.0244071053981546,8.66025403784439,5,7.5
3,16,11,15,-62.8318530717959,-0.1,8.66025403784439,5,4.33012701892219
3,16,11,25,62.8318530717959,0.1,8.66025403784439,5,4.33012701892219
3,16,12,17,-83.1187288206608,-0.0755928946018455,8.66025403784439,5,8.66025403784439
3,16,12,26,257.432628928405,0.0244071053981545,8.66025403784439,5,7.5
3,16,15,24,62.8318530717959,0.1,8.66025403784439,5,6.61437827766148
3,16,15,33,83.1187288206608,0.0755928946018455,8.66025403784439,5,8.66025403784439
3,16,24,25,62.8318530717959,0.1,8.66025403784439,5,6.61437827766148
3,16,25,36,257.432628928405,0.0244071053981545,8.66025403784439,5,7.5
3,16,25,41,-83.1187288206608,-0.0755928946018455,8.66025403784439,5,8.66025403784439
3,23,1,2,257.432628928405,0.0244071053981545,8.66025403784439,5,7.5
3,23,2,8,62.8318530717959,0.1,8.66025403784439,5,4.33012701892219
3,23,2,10,83.1187288206608,0.0755928946018454,8.66025403784439,5,8.66025403784439
3,23,2,14,62.8318530717959,0.1,8.66025403784439,5,6.61437827766148
3,23,4,11,257.432628928405,0.0244071053981545,8.66025403784439,5,7.5
3,23,8,22,62.8318530717959,0.1,8.66025403784439,5,4.33012701892219
3,23,11,15,62.8318530717959,0.1,8.66025403784439,5,4.33012701892219
3,23,11,24,62.8318530717959,0.1,8.66025403784439,5,6.61437827766148
3,23,11,25,83.1187288206608,0.0755928946018454,8.66025403784439,5,8.66025403784439
3,23,14,22,62.8318530717959,0.1,8.66025403784439,5,6.61437827766148
3,23,15,33,62.8318530717959,0.1,8.66025403784439,5,4.33012701892219
3,23,22,32,-83.1187288206608,-0.0755928946018455,8.66025403784439,5,8.66025403784439
3,23,22,38,257.432628928405,0.0244071053981545,8.66025403784439,5,7.5
3,23,24,33,62.8318530717959,0.1,8.66025403784439,5,6.61437827766148
3,23,33,47,257.432628928405,0.0244071053981545,8.66025403784439,5,7.5
3,23,33,48,-83.1187288206608,-0.0755928946018455,8.66025403784439,5,8.66025403784439
3,24,1,4,257.432628928405,0.0244071053981546,8.66025403784439,5,7.5
3,24,2,8,257.432628928405,0.0244071053981546,8.66025403784439,5,7.5
3,24,4,11,62.8318530717959,0.1,8.66025403784439,5,4.33012701892219
3,24,4,12,83.1187288206608,0.0755928946018455,8.66025403784439,5,8.66025403784439
3,24,4,16,62.8318530717959,0.1,8.66025403784439,5,6.61437827766148
3,24,8,15,62.8318530717959,0.1,8.66025403784439,5,4.33012701892219
3,24,8,22,83.1187288206608,0.0755928946018454,8.66025403784439,5,8.66025403784439
3,24,8,23,62.8318530717959,0.1,8.66025403784439,5,6.61437827766148
3,24,11,25,62.8318530717959,0.1,8.66025403784439,5,4.33012701892219
3,24,15,33,62.8318530717959,0.1,8.66025403784439,5,4.33012701892219
3,24,16,25,62.8318530717959,0.1,8.66025403784439,5,6.61437827766148
3,24,23,33,62.8318530717959,0.1,8.66025403784439,5,6.61437827766148
3,24,25,36,-83.1187288206608,-0.0755928946018455,8.66025403784439,5,8.66025403784439
3,24,25,41,257.432628928405,0.0244071053981545,8.66025403784439,5,7.5
3,24,33,47,-83.1187288206608,-0.0755928946018455,8.66025403784439,5,8.66025403784439
3,24,33,48,257.432628928405,0.0244071053981545,8.66025403784439,5,7.5
4,5,1,2,-406.151482923494,-0.0154700538379252,5,5,6.61437827766148
4,5,1,3,-74.3308802673602,-0.0845299461620748,5,5,5
4,5,1,6,74.3308802673602,0.0845299461620748,5,5,5
4,5,1,7,406.151482923494,0.0154700538379252,5,5,6.61437827766148
4,5,2,3,-90.9816840965796,-0.0690598923241497,5,5,7.5
4,5,2,7,203.075741461747,0.0309401076758503,5,5,8.66025403784439
4,5,3,11,-406.151482923494,-0.0154700538379252,5,5,6.61437827766148
4,5,3,15,140.712052701055,0.0446527869259951,5,5,8.66025403784439
4,5,6,7,-90.9816840965796,-0.0690598923241497,5,5,7.5
4,5,6,9,406.151482923494,0.0154700538379252,5,5,6.61437827766148
4,5,6,18,-140.712052701055,-0.0446527869259951,5,5,8.66025403784439
4,5,9,17,-406.151482923494,-0.0154700538379252,5,5,6.61437827766148
4,5,11,16,406.151482923494,0.0154700538379252,5,5,6.61437827766148
4,5,12,16,-74.3308802673602,-0.0845299461620748,5,5,5
4,5,12,17,74.3308802673602,0.0845299461620748,5,5,5
4,5,12,26,-406.151482923494,-0.0154700538379252,5,5,6.61437827766148
4,5,12,27,406.151482923494,0.0154700538379252,5,5,6.61437827766148
4,5,16,25,140.712052701055,0.0446527869259951,5,5,8.66025403784439
4,5,16,26,90.9816840965796,0.0690598923241497,5,5,7.5
4,5,17,27,-90.9816840965796,-0.0690598923241497,5,5,7.5
4,5,17,28,-140.712052701055,-0.0446527869259951,5,5,8.66025403784439
4,5,26,27,203.075741461747,0.0309401076758503,5,5,8.66025403784439
4,6,1,3,-62.8318530717959,-0.1,8.66025403784439,5,4.33012701892219
4,6,1,7,62.8318530717959,0.1,8.66025403784439,5,4.33012701892219
4,6,2,3,-62.8318530717959,-0.1,8.66025403784439,5,6.61437827766148
4,6,2,7,62.8318530717959,0.1,8.66025403784439,5,6.61437827766148
4,6,3,8,83.1187288206608,0.0755928946018455,8.66025403784439,5,8.66025403784439
4,6,3,11,-257.432628928405,-0.0244071053981546,8.66025403784439,5,7.5
4,6,5,9,62.8318530717959,0.1,8.66025403784439,5,4.33012701892219
4,6,5,12,-62.8318530717959,-0.1,8.66025403784439,5,4.33012701892219
4,6,7,10,-83.1187288206608,-0.0755928946018455,8.66025403784439,5,8.66025403784439
4,6,7,13,257.432628928405,0.0244071053981545,8.66025403784439,5,7.5
4,6,9,17,-62.8318530717959,-0.1,8.66025403784439,5,6.61437827766148
4,6,9,18,257.432628928405,0.0244071053981545,8.66025403784439,5,7.5
4,6,9,28,-83.1187288206608,-0.0755928946018455,8.66025403784439,5,8.66025403784439
4,6,12,16,-257.432628928405,-0.0244071053981546,8.66025403784439,5,7.5
4,6,12,17,62.8318530717959,0.1,8.66025403784439,5,6.61437827766148
4,6,12,27,83.1187288206608,0.0755928946018454,8.66025403784439,5,8.66025403784439
4,11,1,2,90.9816840965796,0.0690598923241497,5,5,7.5
4,11,1,3,74.3308802673602,0.0845299461620748,5,5,5
4,11,1,5,-406.151482923494,-0.0154700538379252,5,5,6.61437827766148
4,11,1,6,140.712052701055,0.0446527869259951,5,5,8.66025403784439
4,11,2,3,406.151482923494,0.0154700538379252,5,5,6.61437827766148
4,11,2,8,203.075741461747,0.0309401076758503,5,5,8.66025403784439
4,11,3,8,406.151482923494,0.0154700538379252,5,5,6.61437827766148
4,11,3,15,74.3308802673602,0.0845299461620748,5,5,5
4,11,5,12,406.151482923494,0.0154700538379252,5,5,6.61437827766148
4,11,8,15,90.9816840965796,0.0690598923241497,5,5,7.5
4,11,12,16,74.3308802673602,0.0845299461620748,5,5,5
4,11,12,17,140.712052701055,0.0446527869259951,5,5,8.66025403784439
4,11,12,26,90.9816840965796,0.0690598923241497,5,5,7.5
4,11,15,24,406.151482923494,0.0154700538379252,5,5,6.61437827766148
4,11,15,33,-140.712052701055,-0.0446527869259951,5,5,8.66025403784439
4,11,16,25,74.3308802673602,0.0845299461620748,5,5,5
4,11,16,26,-406.151482923494,-0.0154700538379252,5,5,6.61437827766148
4,11,16,36,406.151482923494,0.0154700538379252,5,5,6.61437827766148
4,11,24,25,-406.151482923494,-0.0154700538379252,5,5,6.61437827766148
4,11,25,36,-90.9816840965796,-0.0690598923241497,5,5,7.5
4,11,25,41,-140.712052701055,-0.0446527869259951,5,5,8.66025403784439
4,11,26,36,203.075741461747,0.0309401076758503,5,5,8.66025403784439
4,12,1,2,140.712052701055,0.0446527869259951,5,5,8.66025403784439
4,12,1,3,-406.151482923494,-0.0154700538379252,5,5,6.61437827766148
4,12,1,5,74.3308802673602,0.0845299461620748,5,5,5
4,12,1,6,90.9816840965796,0.0690598923241497,5,5,7.5
4,12,3,11,406.151482923494,0.0154700538379252,5,5,6.61437827766148
4,12,5,6,-406.151482923494,-0.0154700538379252,5,5,6.61437827766148
4,12,5,9,406.151482923494,0.0154700538379252,5,5,6.61437827766148
4,12,5,17,74.3308802673602,0.0845299461620748,5,5,5
4,12,6,9,203.075741461747,0.0309401076758503,5,5,8.66025403784439
4,12,9,17,90.9816840965796,0.0690598923241497,5,5,7.5
4,12,11,15,140.712052701055,0.0446527869259951,5,5,8.66025403784439
4,12,11,16,74.3308802673602,0.0845299461620748,5,5,5
4,12,11,25,90.9816840965796,0.0690598923241497,5,5,7.5
4,12,16,25,-406.151482923494,-0.0154700538379252,5,5,6.61437827766148
4,12,16,26,74.3308802673602,0.0845299461620748,5,5,5
4,12,16,36,406.151482923494,0.0154700538379252,5,5,6.61437827766148
4,12,17,27,406.151482923494,0.0154700538379252,5,5,6.61437827766148
4,12,17,34,-140.712052701055,-0.0446527869259951,5,5,8.66025403784439
4,12,25,36,203.075741461747,0.0309401076758503,5,5,8.66025403784439
4,12,26,27,406.151482923494,0.0154700538379252,5,5,6.61437827766148
4,12,26,36,-90.9816840965796,-0.0690598923241497,5,5,7.5
4,12,26,42,-140.712052701055,-0.0446527869259951,5,5,8.66025403784439
4,15,1,2,62.8318530717959,0.1,8.66025403784439,5,6.61437827766148
4,15,1,3,62.8318530717959,0.1,8.66025403784439,5,4.33012701892219
4,15,1,5,-257.432628928405,-0.0244071053981545,8.66025403784439,5,7.5
4,15,1,7,83.1187288206608,0.0755928946018454,8.66025403784439,5,8.66025403784439
4,15,2,8,62.8318530717959,0.1,8.66025403784439,5,6.61437827766148
4,15,3,8,62.8318530717959,0.1,8.66025403784439,5,4.33012701892219
4,15,8,14,-83.1187288206608,-0.0755928946018455,8.66025403784439,5,8.66025403784439
4,15,8,23,257.432628928405,0.0244071053981545,8.66025403784439,5,7.5
4,15,11,16,-62.8318530717959,-0.1,8.66025403784439,5,4.33012701892219
4,15,11,24,62.8318530717959,0.1,8.66025403784439,5,4.33012701892219
4,15,12,16,257.432628928405,0.0244071053981545,8.66025403784439,5,7.5
4,15,16,25,62.8318530717959,0.1,8.66025403784439,5,6.61437827766148
4,15,16,36,83.1187288206608,0.0755928946018454,8.66025403784439,5,8.66025403784439
4,15,24,25,-62.8318530717959,-0.1,8.66025403784439,5,6.61437827766148
4,15,24,33,257.432628928405,0.0244071053981545,8.66025403784439,5,7.5
4,15,24,41,-83.1187288206608,-0.0755928946018455,8.66025403784439,5,8.66025403784439
4,16,1,3,406.151482923494,0.0154700538379252,5,5,6.61437827766148
4,16,1,5,406.151482923494,0.0154700538379252,5,5,6.61437827766148
4,16,2,3,-140.712052701055,-0.0446527869259951,5,5,8.66025403784439
4,16,3,11,74.3308802673602,0.0845299461620748,5,5,5
4,16,3,15,90.9816840965796,0.0690598923241497,5,5,7.5
4,16,5,6,140.712052701055,0.0446527869259951,5,5,8.66025403784439
4,16,5,12,74.3308802673602,0.0845299461620748,5,5,5
4,16,5,17,90.9816840965796,0.0690598923241497,5,5,7.5
4,16,11,15,-406.151482923494,-0.0154700538379252,5,5,6.61437827766148
4,16,11,24,406.151482923494,0.0154700538379252,5,5,6.61437827766148
4,16,11,25,74.3308802673602,0.0845299461620748,5,5,5
4,16,12,17,-406.151482923494,-0.0154700538379252,5,5,6.61437827766148
4,16,12,26,74.3308802673602,0.0845299461620748,5,5,5
4,16,12,27,406.151482923494,0.0154700538379252,5,5,6.61437827766148
4,16,15,24,203.075741461747,0.0309401076758503,5,5,8.66025403784439
4,16,17,27,203.075741461747,0.0309401076758503,5,5,8.66025403784439
4,16,24,25,90.9816840965796,0.0690598923241497,5,5,7.5
4,16,25,36,406.151482923494,0.0154700538379252,5,5,6.61437827766148
4,16,25,49,-140.712052701055,-0.0446527869259951,5,5,8.66025403784439
4,16,26,27,-90.9816840965796,-0.0690598923241497,5,5,7.5
4,16,26,36,406.151482923494,0.0154700538379252,5,5,6.61437827766148
4,16,26,50,-140.712052701055,-0.0446527869259951,5,5,8.66025403784439
4,17,1,3,-257.432628928405,-0.0244071053981545,8.66025403784439,5,7.5
4,17,1,5,62.8318530717959,0.1,8.66025403784439,5,4.33012701892219
4,17,1,6,62.8318530717959,0.1,8.66025403784439,5,6.61437827766148
4,17,1,7,83.1187288206608,0.0755928946018454,8.66025403784439,5,8.66025403784439
4,17,5,9,62.8318530717959,0.1,8.66025403784439,5,4.33012701892219
4,17,6,9,62.8318530717959,0.1,8.66025403784439,5,6.61437827766148
4,17,9,18,-83.1187288206608,-0.0755928946018455,8.66025403784439,5,8.66025403784439
4,17,9,28,257.432628928405,0.0244071053981545,8.66025403784439,5,7.5
4,17,11,16,257.432628928405,0.0244071053981545,8.66025403784439,5,7.5
4,17,12,16,-62.8318530717959,-0.1,8.66025403784439,5,4.33012701892219
4,17,12,27,62.8318530717959,0.1,8.66025403784439,5,4.33012701892219
4,17,16,26,62.8318530717959,0.1,8.66025403784439,5,6.61437827766148
4,17,16,36,83.1187288206608,0.0755928946018454,8.66025403784439,5,8.66025403784439
4,17,26,27,62.8318530717959,0.1,8.66025403784439,5,6.61437827766148
4,17,27,34,257.432628928405,0.0244071053981545,8.66025403784439,5,7.5
4,17,27,42,-83.1187288206608,-0.0755928946018455,8.66025403784439,5,8.66025403784439
4,25,1,3,257.432628928405,0.0244071053981546,8.66025403784439,5,7.5
4,25,3,8,83.1187288206608,0.0755928946018454,8.66025403784439,5,8.66025403784439
4,25,3,11,62.8318530717959,0.1,8.66025403784439,5,4.33012701892219
4,25,3,15,62.8318530717959,0.1,8.66025403784439,5,6.61437827766148
4,25,5,12,257.432628928405,0.0244071053981546,8.66025403784439,5,7.5
4,25,11,24,62.8318530717959,0.1,8.66025403784439,5,4.33012701892219
4,25,12,16,62.8318530717959,0.1,8.66025403784439,5,4.33012701892219
4,25,12,26,62.8318530717959,0.1,8.66025403784439,5,6.61437827766148
4,25,12,27,83.1187288206608,0.0755928946018455,8.66025403784439,5,8.66025403784439
4,25,15,24,62.8318530717959,0.1,8.66025403784439,5,6.61437827766148
4,25,16,36,62.8318530717959,0.1,8.66025403784439,5,4.33012701892219
4,25,24,33,-83.1187288206608,-0.0755928946018455,8.66025403784439,5,8.66025403784439
4,25,24,41,257.432628928405,0.0244071053981545,8.66025403784439,5,7.5
4,25,26,36,62.8318530717959,0.1,8.66025403784439,5,6.61437827766148
4,25,36,49,257.432628928405,0.0244071053981545,8.66025403784439,5,7.5
4,25,36,50,-83.1187288206608,-0.0755928946018455,8.66025403784439,5,8.66025403784439
4,26,1,5,257.432628928405,0.0244071053981546,8.66025403784439,5,7.5
4,26,3,11,257.432628928405,0.0244071053981546,8.66025403784439,5,7.5
4,26,5,9,83.1187288206608,0.0755928946018454,8.66025403784439,5,8.66025403784439
4,26,5,12,62.8318530717959,0.1,8.66025403784439,5,4.33012701892219
4,26,5,17,62.8318530717959,0.1,8.66025403784439,5,6.61437827766148
4,26,11,16,62.8318530717959,0.1,8.66025403784439,5,4.33012701892219
4,26,11,24,83.1187288206608,0.0755928946018455,8.66025403784439,5,8.66025403784439
4,26,11,25,62.8318530717959,0.1,8.66025403784439,5,6.61437827766148
4,26,12,27,62.8318530717959,0.1,8.66025403784439,5,4.33012701892219
4,26,16,36,62.8318530717959,0.1,8.66025403784439,5,4.33012701892219
4,26,17,27,62.8318530717959,0.1,8.66025403784439,5,6.61437827766148
4,26,25,36,62.8318530717959,0.1,8.66025403784439,5,6.61437827766148
4,26,27,34,-83.1187288206608,-0.0755928946018455,8.66025403784439,5,8.66025403784439
4,26,27,42,257.432628928405,0.0244071053981545,8.66025403784439,5,7.5
4,26,36,49,-83.1187288206608,-0.0755928946018455,8.66025403784439,5,8.66025403784439
4,26,36,50,257.432628928405,0.0244071053981545,8.66025403784439,5,7.5
5,6,1,2,406.151482923494,0.0154700538379252,5,5,6.61437827766148
5,6,1,3,-406.151482923494,-0.0154700538379252,5,5,6.61437827766148
5,6,1,4,-74.3308802673602,-0.0845299461620748,5,5,5
5,6,1,7,74.3308802673602,0.0845299461620748,5,5,5
5,6,2,3,-203.075741461747,-0.0309401076758503,5,5,8.66025403784439
5,6,2,7,90.9816840965796,0.0690598923241497,5,5,7.5
5,6,3,4,-90.9816840965796,-0.0690598923241497,5,5,7.5
5,6,4,12,-406.151482923494,-0.0154700538379252,5,5,6.61437827766148
5,6,4,16,140.712052701055,0.0446527869259951,5,5,8.66025403784439
5,6,7,13,406.151482923494,0.0154700538379252,5,5,6.61437827766148
5,6,7,19,-140.712052701055,-0.0446527869259951,5,5,8.66025403784439
5,6,9,17,-74.3308802673602,-0.0845299461620748,5,5,5
5,6,9,18,74.3308802673602,0.0845299461620748,5,5,5
5,6,9,28,-406.151482923494,-0.0154700538379252,5,5,6.61437827766147
5,6,9,29,406.151482923494,0.0154700538379252,5,5,6.61437827766147
5,6,12,17,406.151482923494,0.0154700538379252,5,5,6.61437827766148
5,6,13,18,-406.151482923494,-0.0154700538379252,5,5,6.61437827766148
5,6,17,27,140.712052701055,0.0446527869259951,5,5,8.66025403784439
5,6,17,28,90.9816840965796,0.0690598923241497,5,5,7.5
5,6,18,29,-90.9816840965796,-0.0690598923241497,5,5,7.5
5,6,18,30,-140.712052701055,-0.0446527869259951,5,5,8.66025403784439
5,6,28,29,203.075741461747,0.0309401076758503,5,5,8.66025403784439
5,7,1,2,62.8318530717959,0.1,8.66025403784439,5,4.33012701892219
5,7,1,4,-62.8318530717959,-0.1,8.66025403784439,5,4.33012701892219
5,7,2,3,-62.8318530717959,-0.1,8.66025403784439,5,6.61437827766148
5,7,2,8,-83.1187288206608,-0.0755928946018455,8.66025403784439,5,8.66025403784439
5,7,2,10,257.432628928405,0.0244071053981545,8.66025403784439,5,7.5
5,7,3,4,-62.8318530717959,-0.1,8.66025403784439,5,6.61437827766148
5,7,4,11,83.1187288206608,0.0755928946018454,8.66025403784439,5,8.66025403784439
5,7,4,12,-257.432628928405,-0.0244071053981546,8.66025403784439,5,7.5
5,7,6,9,-62.8318530717959,-0.1,8.66025403784439,5,4.33012701892219
5,7,6,13,62.8318530717959,0.1,8.66025403784439,5,4.33012701892219
5,7,9,17,-257.432628928405,-0.0244071053981546,8.66025403784439,5,7.5
5,7,9,18,62.8318530717959,0.1,8.66025403784439,5,6.61437827766148
5,7,9,29,83.1187288206608,0.0755928946018455,8.66025403784439,5,8.66025403784439
5,7,13,18,-62.8318530717959,-0.1,8.66025403784439,5,6.61437827766148
5,7,13,19,257.432628928405,0.0244071053981545,8.66025403784439,5,7.5
5,7,13,30,-83.1187288206608,-0.0755928946018455,8.66025403784439,5,8.66025403784439
5,9,1,3,140.712052701055,0.0446527869259951,5,5,8.66025403784439
5,9,1,4,-406.151482923494,-0.0154700538379252,5,5,6.61437827766148
5,9,1,6,74.3308802673602,0.0845299461620748,5,5,5
5,9,1,7,90.9816840965796,0.0690598923241497,5,5,7.5
5,9,4,12,406.151482923494,0.0154700538379252,5,5,6.61437827766148
5,9,6,7,-406.151482923494,-0.0154700538379252,5,5,6.61437827766148
5,9,6,13,406.151482923494,0.0154700538379252,5,5,6.61437827766148
5,9,6,18,74.3308802673602,0.0845299461620748,5,5,5
5,9,7,13,203.075741461747,0.0309401076758503,5,5,8.66025403784439
5,9,12,16,140.712052701055,0.0446527869259951,5,5,8.66025403784439
5,9,12,17,74.3308802673602,0.0845299461620748,5,5,5
5,9,12,27,90.9816840965796,0.0690598923241497,5,5,7.5
5,9,13,18,90.9816840965796,0.0690598923241497,5,5,7.5
5,9,17,27,-406.151482923494,-0.0154700538379252,5,5,6.61437827766148
5,9,17,28,74.3308802673602,0.0845299461620748,5,5,5
5,9,17,34,406.151482923494,0.0154700538379252,5,5,6.61437827766148
5,9,18,29,406.151482923494,0.0154700538379252,5,5,6.61437827766148
5,9,18,35,-140.712052701055,-0.0446527869259951,5,5,8.66025403784439
5,9,27,34,203.075741461747,0.0309401076758503,5,5,8.66025403784439
5,9,28,29,406.151482923494,0.0154700538379252,5,5,6.61437827766148
5,9,28,34,-90.9816840965796,-0.0690598923241497,5,5,7.5
5,9,28,39,-140.712052701055,-0.0446527869259951,5,5,8.66025403784439
5,12,1,3,90.9816840965796,0.0690598923241497,5,5,7.5
5,12,1,4,74.3308802673602,0.0845299461620748,5,5,5
5,12,1,6,-406.151482923494,-0.0154700538379252,5,5,6.61437827766148
5,12,1,7,140.712052701055,0.0446527869259951,5,5,8.66025403784439
5,12,3,4,406.151482923494,0.0154700538379252,5,5,6.61437827766148
5,12,3,11,203.075741461747,0.0309401076758503,5,5,8.66025403784439
5,12,4,11,406.151482923494,0.0154700538379252,5,5,6.61437827766148
5,12,4,16,74.3308802673602,0.0845299461620748,5,5,5
5,12,6,9,406.151482923494,0.0154700538379252,5,5,6.61437827766148
5,12,9,17,74.3308802673602,0.0845299461620748,5,5,5
5,12,9,18,140.712052701055,0.0446527869259951,5,5,8.66025403784439
5,12,9,28,90.9816840965796,0.0690598923241497,5,5,7.5
5,12,11,16,90.9816840965796,0.0690598923241497,5,5,7.5
5,12,16,26,406.151482923494,0.0154700538379252,5,5,6.61437827766148
5,12,16,36,-140.712052701055,-0.0446527869259951,5,5,8.66025403784439
5,12,17,27,74.3308802673602,0.0845299461620748,5,5,5
5,12,17,28,-406.151482923494,-0.0154700538379252,5,5,6.61437827766147
5,12,17,34,406.151482923494,0.0154700538379252,5,5,6.61437827766147
5,12,26,27,-406.151482923494,-0.0154700538379252,5,5,6.61437827766148
5,12,27,34,-90.9816840965796,-0.0690598923241497,5,5,7.5
5,12,27,42,-140.712052701055,-0.0446527869259951,5,5,8.66025403784439
5,12,28,34,203.075741461747,0.0309401076758503,5,5,8.66025403784439
5,16,1,2,83.1187288206608,0.0755928946018454,8.66025403784439,5,8.66025403784439
5,16,1,3,62.8318530717959,0.1,8.66025403784439,5,6.61437827766148
5,16,1,4,62.8318530717959,0.1,8.66025403784439,5,4.33012701892219
5,16,1,6,-257.432628928405,-0.0244071053981546,8.66025403784439,5,7.5
5,16,3,11,62.8318530717959,0.1,8.66025403784439,5,6.61437827766148
5,16,4,11,62.8318530717959,0.1,8.66025403784439,5,4.33012701892219
5,16,9,17,257.432628928405,0.0244071053981546,8.66025403784439,5,7.5
5,16,11,15,-83.1187288206608,-0.0755928946018455,8.66025403784439,5,8.66025403784439
5,16,11,25,257.432628928405,0.0244071053981545,8.66025403784439,5,7.5
5,16,12,17,-62.8318530717959,-0.1,8.66025403784439,5,4.33012701892219
5,16,12,26,62.8318530717959,0.1,8.66025403784439,5,4.33012701892219
5,16,17,27,62.8318530717959,0.1,8.66025403784439,5,6.61437827766148
5,16,17,34,83.1187288206608,0.0755928946018455,8.66025403784439,5,8.66025403784439
5,16,26,27,-62.8318530717959,-0.1,8.66025403784439,5,6.61437827766148
5,16,26,36,257.432628928405,0.0244071053981545,8.66025403784439,5,7.5
5,16,26,42,-83.1187288206608,-0.0755928946018455,8.66025403784439,5,8.66025403784439
5,17,1,4,406.151482923494,0.0154700538379252,5,5,6.61437827766148
5,17,1,6,406.151482923494,0.0154700538379252,5,5,6.61437827766148
5,17,3,4,-140.712052701055,-0.0446527869259951,5,5,8.66025403784439
5,17,4,12,74.3308802673602,0.0845299461620748,5,5,5
5,17,4,16,90.9816840965796,0.0690598923241497,5,5,7.5
5,17,6,7,140.712052701055,0.0446527869259951,5,5,8.66025403784439
5,17,6,9,74.3308802673602,0.0845299461620748,5,5,5
5,17,6,18,90.9816840965796,0.0690598923241497,5,5,7.5
5,17,9,18,-406.151482923494,-0.0154700538379252,5,5,6.61437827766148
5,17,9,28,74.3308802673602,0.0845299461620748,5,5,5
5,17,9,29,406.151482923494,0.0154700538379252,5,5,6.61437827766148
5,17,12,16,-406.151482923494,-0.0154700538379252,5,5,6.61437827766148
5,17,12,26,406.151482923494,0.0154700538379252,5,5,6.61437827766148
5,17,12,27,74.3308802673602,0.0845299461620748,5,5,5
5,17,16,26,203.075741461747,0.0309401076758503,5,5,8.66025403784439
5,17,18,29,203.075741461747,0.0309401076758503,5,5,8.66025403784439
5,17,26,27,90.9816840965796,0.0690598923241497,5,5,7.5
5,17,27,34,406.151482923494,0.0154700538379252,5,5,6.61437827766148
5,17,27,51,-140.712052701055,-0.0446527869259951,5,5,8.66025403784439
5,17,28,29,-90.9816840965796,-0.0690598923241497,5,5,7.5
5,17,28,34,406.151482923494,0.0154700538379252,5,5,6.61437827766148
5,17,28,52,-140.712052701055,-0.0446527869259951,5,5,8.66025403784439
5,18,1,2,83.1187288206608,0.0755928946018455,8.66025403784439,5,8.66025403784439
5,18,1,4,-257.432628928405,-0.0244071053981546,8.66025403784439,5,7.5
5,18,1,6,62.8318530717959,0.1,8.66025403784439,5,4.33012701892219
5,18,1,7,62.8318530717959,0.1,8.66025403784439,5,6.61437827766148
5,18,6,13,62.8318530717959,0.1,8.66025403784439,5,4.33012701892219
5,18,7,13,62.8318530717959,0.1,8.66025403784439,5,6.61437827766148
5,18,9,17,-62.8318530717959,-0.1,8.66025403784439,5,4.33012701892219
5,18,9,29,62.8318530717959,0.1,8.66025403784439,5,4.33012701892219
5,18,12,17,257.432628928405,0.0244071053981546,8.66025403784439,5,7.5
5,18,13,19,-83.1187288206608,-0.0755928946018455,8.66025403784439,5,8.66025403784439
5,18,13,30,257.432628928405,0.0244071053981545,8.66025403784439,5,7.5
5,18,17,28,62.8318530717959,0.1,8.66025403784439,5,6.61437827766148
5,18,17,34,83.1187288206608,0.0755928946018454,8.66025403784439,5,8.66025403784439
5,18,28,29,62.8318530717959,0.1,8.66025403784439,5,6.61437827766148
5,18,29,35,257.432628928405,0.0244071053981545,8.66025403784439,5,7.5
5,18,29,39,-83.1187288206608,-0.0755928946018455,8.66025403784439,5,8.66025403784439
5,27,1,4,257.432628928405,0.0244071053981546,8.66025403784439,5,7.5
5,27,4,11,83.1187288206608,0.0755928946018455,8.66025403784439,5,8.66025403784439
5,27,4,12,62.8318530717959,0.1,8.66025403784439,5,4.33012701892219
5,27,4,16,62.8318530717959,0.1,8.66025403784439,5,6.61437827766148
5,27,6,9,257.432628928405,0.0244071053981546,8.66025403784439,5,7.5
5,27,9,17,62.8318530717959,0.1,8.66025403784439,5,4.33012701892219
5,27,9,28,62.8318530717959,0.1,8.66025403784439,5,6.61437827766148
5,27,9,29,83.1187288206608,0.0755928946018454,8.66025403784439,5,8.66025403784439
5,27,12,26,62.8318530717959,0.1,8.66025403784439,5,4.33012701892219
5,27,16,26,62.8318530717959,0.1,8.66025403784439,5,6.61437827766148
5,27,17,34,62.8318530717959,0.1,8.66025403784439,5,4.33012701892219
5,27,26,36,-83.1187288206608,-0.0755928946018455,8.66025403784439,5,8.66025403784439
5,27,26,42,257.432628928405,0.0244071053981545,8.66025403784439,5,7.5
5,27,28,34,62.8318530717959,0.1,8.66025403784439,5,6.61437827766148
5,27,34,51,257.432628928405,0.0244071053981545,8.66025403784439,5,7.5
5,27,34,52,-83.1187288206608,-0.0755928946018455,8.66025403784439,5,8.66025403784439
5,28,1,6,257.432628928405,0.0244071053981545,8.66025403784439,5,7.5
5,28,4,12,257.432628928405,0.0244071053981545,8.66025403784439,5,7.5
5,28,6,9,62.8318530717959,0.1,8.66025403784439,5,4.33012701892219
5,28,6,13,83.1187288206608,0.0755928946018454,8.66025403784439,5,8.66025403784439
5,28,6,18,62.8318530717959,0.1,8.66025403784439,5,6.61437827766148
5,28,9,29,62.8318530717959,0.1,8.66025403784439,5,4.33012701892219
5,28,12,17,62.8318530717959,0.1,8.66025403784439,5,4.33012701892219
5,28,12,26,83.1187288206608,0.0755928946018454,8.66025403784439,5,8.66025403784439
5,28,12,27,62.8318530717959,0.1,8.66025403784439,5,6.61437827766148
5,28,17,34,62.8318530717959,0.1,8.66025403784439,5,4.33012701892219
5,28,18,29,62.8318530717959,0.1,8.66025403784439,5,6.61437827766148
5,28,27,34,62.8318530717959,0.1,8.66025403784439,5,6.61437827766148
5,28,29,35,-83.1187288206608,-0.0755928946018455,8.66025403784439,5,8.66025403784439
5,28,29,39,257.432628928405,0.0244071053981545,8.66025403784439,5,7.5
5,28,34,51,-83.1187288206608,-0.0755928946018455,8.66025403784439,5,8.66025403784439
5,28,34,52,257.432628928405,0.0244071053981545,8.66025403784439,5,7.5
6,7,1,2,74.3308802673602,0.0845299461620748,5,5,5
6,7,1,3,406.151482923494,0.0154700538379252,5,5,6.61437827766148
6,7,1,4,-406.151482923494,-0.0154700538379252,5,5,6.61437827766148
6,7,1,5,-74.3308802673602,-0.0845299461620748,5,5,5
6,7,2,3,-90.9816840965796,-0.0690598923241497,5,5,7.5
6,7,2,10,406.151482923494,0.0154700538379252,5,5,6.61437827766148
6,7,2,14,-140.712052701055,-0.0446527869259951,5,5,8.66025403784439
6,7,3,4,-203.075741461747,-0.0309401076758503,5,5,8.66025403784439
6,7,4,5,-90.9816840965796,-0.0690598923241497,5,5,7.5
6,7,5,9,-406.151482923494,-0.0154700538379252,5,5,6.61437827766148
6,7,5,17,140.712052701055,0.0446527869259951,5,5,8.66025403784439
6,7,9,18,406.151482923494,0.0154700538379252,5,5,6.61437827766148
6,7,10,19,-406.151482923494,-0.0154700538379252,5,5,6.61437827766148
6,7,13,18,-74.3308802673602,-0.0845299461620748,5,5,5
6,7,13,19,74.3308802673602,0.0845299461620748,5,5,5
6,7,13,30,-406.151482923494,-0.0154700538379252,5,5,6.61437827766148
6,7,13,31,406.151482923494,0.0154700538379252,5,5,6.61437827766148
6,7,18,29,140.712052701055,0.0446527869259951,5,5,8.66025403784439
6,7,18,30,90.9816840965796,0.0690598923241497,5,5,7.5
6,7,19,20,-140.712052701055,-0.0446527869259951,5,5,8.66025403784439
6,7,19,31,-90.9816840965796,-0.0690598923241497,5,5,7.5
6,7,30,31,203.075741461747,0.0309401076758503,5,5,8.66025403784439
6,9,1,2,140.712052701055,0.0446527869259951,5,5,8.66025403784439
6,9,1,4,90.9816840965796,0.0690598923241497,5,5,7.5
6,9,1,5,74.3308802673602,0.0845299461620748,5,5,5
6,9,1,7,-406.151482923494,-0.0154700538379252,5,5,6.61437827766148
6,9,4,5,406.151482923494,0.0154700538379252,5,5,6.61437827766148
6,9,4,12,203.075741461747,0.0309401076758503,5,5,8.66025403784439
6,9,5,12,406.151482923494,0.0154700538379252,5,5,6.61437827766148
6,9,5,17,74.3308802673602,0.0845299461620748,5,5,5
6,9,7,13,406.151482923494,0.0154700538379252,5,5,6.61437827766148
6,9,12,17,90.9816840965796,0.0690598923241497,5,5,7.5
6,9,13,18,74.3308802673602,0.0845299461620748,5,5,5
6,9,13,19,140.712052701055,0.0446527869259951,5,5,8.66025403784439
6,9,13,30,90.9816840965796,0.0690598923241497,5,5,7.5
6,9,17,28,406.151482923494,0.0154700538379252,5,5,6.61437827766148
6,9,17,34,-140.712052701055,-0.0446527869259951,5,5,8.66025403784439
6,9,18,29,74.3308802673602,0.0845299461620748,5,5,5
6,9,18,30,-406.151482923494,-0.0154700538379252,5,5,6.61437827766148
6,9,18,35,406.151482923494,0.0154700538379252,5,5,6.61437827766148
6,9,28,29,-406.151482923494,-0.0154700538379252,5,5,6.61437827766148
6,9,29,35,-90.9816840965796,-0.0690598923241497,5,5,7.5
6,9,29,39,-140.712052701055,-0.0446527869259951,5,5,8.66025403784439
6,9,30,35,203.075741461747,0.0309401076758503,5,5,8.66025403784439
6,13,1,2,90.9816840965796,0.0690598923241497,5,5,7.5
6,13,1,4,140.712052701055,0.0446527869259951,5,5,8.66025403784439
6,13,1,5,-406.151482923494,-0.0154700538379252,5,5,6.61437827766148
6,13,1,7,74.3308802673602,0.0845299461620748,5,5,5
6,13,2,7,406.151482923494,0.0154700538379252,5,5,6.61437827766148
6,13,2,10,203.075741461747,0.0309401076758503,5,5,8.66025403784439
6,13,5,9,406.151482923494,0.0154700538379252,5,5,6.61437827766148
6,13,7,10,406.151482923494,0.0154700538379252,5,5,6.61437827766148
6,13,7,19,74.3308802673602,0.0845299461620748,5,5,5
6,13,9,17,140.712052701055,0.0446527869259951,5,5,8.66025403784439
6,13,9,18,74.3308802673602,0.0845299461620748,5,5,5
6,13,9,29,90.9816840965796,0.0690598923241497,5,5,7.5
6,13,10,19,90.9816840965796,0.0690598923241497,5,5,7.5
6,13,18,29,-406.151482923494,-0.0154700538379252,5,5,6.61437827766147
6,13,18,30,74.3308802673602,0.0845299461620748,5,5,5
6,13,18,35,406.151482923494,0.0154700538379252,5,5,6.61437827766147
6,13,19,31,406.151482923494,0.0154700538379252,5,5,6.61437827766148
6,13,19,37,-140.712052701055,-0.0446527869259951,5,5,8.66025403784439
6,13,29,35,203.075741461747,0.0309401076758503,5,5,8.66025403784439
6,13,30,31,406.151482923494,0.0154700538379252,5,5,6.61437827766148
6,13,30,35,-90.9816840965796,-0.0690598923241497,5,5,7.5
6,13,30,43,-140.712052701055,-0.0446527869259951,5,5,8.66025403784439
6,17,1,3,83.1187288206608,0.0755928946018455,8.66025403784439,5,8.66025403784439
6,17,1,4,62.8318530717959,0.1,8.66025403784439,5,6.61437827766148
6,17,1,5,62.8318530717959,0.1,8.66025403784439,5,4.33012701892219
6,17,1,7,-257.432628928405,-0.0244071053981546,8.66025403784439,5,7.5
6,17,4,12,62.8318530717959,0.1,8.66025403784439,5,6.61437827766148
6,17,5,12,62.8318530717959,0.1,8.66025403784439,5,4.33012701892219
6,17,9,18,-62.8318530717959,-0.1,8.66025403784439,5,4.33012701892219
6,17,9,28,62.8318530717959,0.1,8.66025403784439,5,4.33012701892219
6,17,12,16,-83.1187288206608,-0.0755928946018455,8.66025403784439,5,8.66025403784439
6,17,12,27,257.432628928405,0.0244071053981545,8.66025403784439,5,7.5
6,17,13,18,257.432628928405,0.0244071053981546,8.66025403784439,5,7.5
6,17,18,29,62.8318530717959,0.1,8.66025403784439,5,6.61437827766148
6,17,18,35,83.1187288206608,0.0755928946018454,8.66025403784439,5,8.66025403784439
6,17,28,29,-62.8318530717959,-0.1,8.66025403784439,5,6.61437827766148
6,17,28,34,257.432628928405,0.0244071053981545,8.66025403784439,5,7.5
6,17,28,39,-83.1187288206608,-0.0755928946018455,8.66025403784439,5,8.66025403784439
6,18,1,5,406.151482923494,0.0154700538379252,5,5,6.61437827766148
6,18,1,7,406.151482923494,0.0154700538379252,5,5,6.61437827766148
6,18,2,7,-140.712052701055,-0.0446527869259951,5,5,8.66025403784439
6,18,4,5,-140.712052701055,-0.0446527869259951,5,5,8.66025403784439
6,18,5,9,74.3308802673602,0.0845299461620748,5,5,5
6,18,5,17,90.9816840965796,0.0690598923241497,5,5,7.5
6,18,7,13,74.3308802673602,0.0845299461620748,5,5,5
6,18,7,19,90.9816840965796,0.0690598923241497,5,5,7.5
6,18,9,17,-406.151482923494,-0.0154700538379252,5,5,6.61437827766148
6,18,9,28,406.151482923494,0.0154700538379252,5,5,6.61437827766148
6,18,9,29,74.3308802673602,0.0845299461620748,5,5,5
6,18,13,19,-406.151482923494,-0.0154700538379252,5,5,6.61437827766148
6,18,13,30,74.3308802673602,0.0845299461620748,5,5,5
6,18,13,31,406.151482923494,0.0154700538379252,5,5,6.61437827766148
6,18,17,28,203.075741461747,0.0309401076758503,5,5,8.66025403784439
6,18,19,31,203.075741461747,0.0309401076758503,5,5,8.66025403784439
6,18,28,29,90.9816840965796,0.0690598923241497,5,5,7.5
6,18,29,35,406.151482923494,0.0154700538379252,5,5,6.61437827766148
6,18,29,53,-140.712052701055,-0.0446527869259951,5,5,8.66025403784439
6,18,30,31,-90.9816840965796,-0.0690598923241497,5,5,7.5
6,18,30,35,406.151482923494,0.0154700538379252,5,5,6.61437827766148
6,18,30,54,-140.712052701055,-0.0446527869259951,5,5,8.66025403784439
6,19,1,2,62.8318530717959,0.1,8.66025403784439,5,6.61437827766148
6,19,1,3,83.1187288206608,0.0755928946018454,8.66025403784439,5,8.66025403784439
6,19,1,5,-257.432628928405,-0.0244071053981546,8.66025403784439,5,7.5
6,19,1,7,62.8318530717959,0.1,8.66025403784439,5,4.33012701892219
6,19,2,10,62.8318530717959,0.1,8.66025403784439,5,6.61437827766148
6,19,7,10,62.8318530717959,0.1,8.66025403784439,5,4.33012701892219
6,19,9,18,257.432628928405,0.0244071053981546,8.66025403784439,5,7.5
6,19,10,14,-83.1187288206608,-0.0755928946018455,8.66025403784439,5,8.66025403784439
6,19,10,20,257.432628928405,0.0244071053981545,8.66025403784439,5,7.5
6,19,13,18,-62.8318530717959,-0.1,8.66025403784439,5,4.33012701892219
6,19,13,31,62.8318530717959,0.1,8.66025403784439,5,4.33012701892219
6,19,18,30,62.8318530717959,0.1,8.66025403784439,5,6.61437827766148
6,19,18,35,83.1187288206608,0.0755928946018455,8.66025403784439,5,8.66025403784439
6,19,30,31,62.8318530717959,0.1,8.66025403784439,5,6.61437827766148
6,19,31,37,257.432628928405,0.0244071053981545,8.66025403784439,5,7.5
6,19,31,43,-83.1187288206608,-0.0755928946018455,8.66025403784439,5,8.66025403784439
6,29,1,5,257.432628928405,0.0244071053981545,8.66025403784439,5,7.5
6,29,5,9,62.8318530717959,0.1,8.66025403784439,5,4.33012701892219
6,29,5,12,83.1187288206608,0.0755928946018454,8.66025403784439,5,8.66025403784439
6,29,5,17,62.8318530717959,0.1,8.66025403784439,5,6.61437827766148
6,29,7,13,257.432628928405,0.0244071053981545,8.66025403784439,5,7.5
6,29,9,28,62.8318530717959,0.1,8.66025403784439,5,4.33012701892219
6,29,13,18,62.8318530717959,0.1,8.66025403784439,5,4.33012701892219
6,29,13,30,62.8318530717959,0.1,8.66025403784439,5,6.61437827766148
6,29,13,31,83.1187288206608,0.0755928946018454,8.66025403784439,5,8.66025403784439
6,29,17,28,62.8318530717959,0.1,8.66025403784439,5,6.61437827766148
6,29,18,35,62.8318530717959,0.1,8.66025403784439,5,4.33012701892219
6,29,28,34,-83.1187288206608,-0.0755928946018455,8.66025403784439,5,8.66025403784439
6,29,28,39,257.432628928405,0.0244071053981545,8.66025403784439,5,7.5
6,29,30,35,62.8318530717959,0.1,8.66025403784439,5,6.61437827766148
6,29,35,53,257.432628928405,0.0244071053981545,8.66025403784439,5,7.5
6,29,35,54,-83.1187288206608,-0.0755928946018455,8.66025403784439,5,8.66025403784439
6,30,1,7,257.432628928405,0.0244071053981546,8.66025403784439,5,7.5
6,30,5,9,257.432628928405,0.0244071053981546,8.66025403784439,5,7.5
6,30,7,10,83.1187288206608,0.0755928946018455,8.66025403784439,5,8.66025403784439
6,30,7,13,62.8318530717959,0.1,8.66025403784439,5,4.33012701892219
6,30,7,19,62.8318530717959,0.1,8.66025403784439,5,6.61437827766148
6,30,9,18,62.8318530717959,0.1,8.66025403784439,5,4.33012701892219
6,30,9,28,83.1187288206608,0.0755928946018454,8.66025403784439,5,8.66025403784439
6,30,9,29,62.8318530717959,0.1,8.66025403784439,5,6.61437827766148
6,30,13,31,62.8318530717959,0.1,8.66025403784439,5,4.33012701892219
6,30,18,35,62.8318530717959,0.1,8.66025403784439,5,4.33012701892219
6,30,19,31,62.8318530717959,0.1,8.66025403784439,5,6.61437827766148
6,30,29,35,62.8318530717959,0.1,8.66025403784439,5,6.61437827766148
6,30,31,37,-83.1187288206608,-0.0755928946018455,8.66025403784439,5,8.66025403784439
6,30,31,43,257.432628928405,0.0244071053981545,8.66025403784439,5,7.5
6,30,35,53,-83.1187288206608,-0.0755928946018455,8.66025403784439,5,8.66025403784439
6,30,35,54,257.432628928405,0.0244071053981545,8.66025403784439,5,7.5
7,10,1,2,74.3308802673602,0.0845299461620748,5,5,5
7,10,1,3,90.9816840965796,0.0690598923241497,5,5,7.5
7,10,1,5,140.712052701055,0.0446527869259951,5,5,8.66025403784439
7,10,1,6,-406.151482923494,-0.0154700538379252,5,5,6.61437827766148
7,10,2,3,-406.151482923494,-0.0154700538379252,5,5,6.61437827766148
7,10,2,8,406.151482923494,0.0154700538379252,5,5,6.61437827766148
7,10,2,14,74.3308802673602,0.0845299461620748,5,5,5
7,10,3,8,203.075741461747,0.0309401076758503,5,5,8.66025403784439
7,10,6,13,406.151482923494,0.0154700538379252,5,5,6.61437827766148
7,10,8,14,90.9816840965796,0.0690598923241497,5,5,7.5
7,10,13,18,140.712052701055,0.0446527869259951,5,5,8.66025403784439
7,10,13,19,74.3308802673602,0.0845299461620748,5,5,5
7,10,13,31,90.9816840965796,0.0690598923241497,5,5,7.5
7,10,14,21,406.151482923494,0.0154700538379252,5,5,6.61437827766148
7,10,14,32,-140.712052701055,-0.0446527869259951,5,5,8.66025403784439
7,10,19,20,74.3308802673602,0.0845299461620748,5,5,5
7,10,19,31,-406.151482923494,-0.0154700538379252,5,5,6.61437827766148
7,10,19,37,406.151482923494,0.0154700538379252,5,5,6.61437827766148
7,10,20,21,406.151482923494,0.0154700538379252,5,5,6.61437827766148
7,10,20,37,-90.9816840965796,-0.0690598923241497,5,5,7.5
7,10,20,40,-140.712052701055,-0.0446527869259951,5,5,8.66025403784439
7,10,31,37,203.075741461747,0.0309401076758503,5,5,8.66025403784439
7,13,1,2,-406.151482923494,-0.0154700538379252,5,5,6.61437827766148
7,13,1,3,140.712052701055,0.0446527869259951,5,5,8.66025403784439
7,13,1,5,90.9816840965796,0.0690598923241497,5,5,7.5
7,13,1,6,74.3308802673602,0.0845299461620748,5,5,5
7,13,2,10,406.151482923494,0.0154700538379252,5,5,6.61437827766148
7,13,5,6,406.151482923494,0.0154700538379252,5,5,6.61437827766148
7,13,5,9,203.075741461747,0.0309401076758503,5,5,8.66025403784439
7,13,6,9,406.151482923494,0.0154700538379252,5,5,6.61437827766148
7,13,6,18,74.3308802673602,0.0845299461620748,5,5,5
7,13,9,18,90.9816840965796,0.0690598923241497,5,5,7.5
7,13,10,14,140.712052701055,0.0446527869259951,5,5,8.66025403784439
7,13,10,19,74.3308802673602,0.0845299461620748,5,5,5
7,13,10,20,90.9816840965796,0.0690598923241497,5,5,7.5
7,13,18,30,406.151482923494,0.0154700538379252,5,5,6.61437827766148
7,13,18,35,-140.712052701055,-0.0446527869259951,5,5,8.66025403784439
7,13,19,20,-406.151482923494,-0.0154700538379252,5,5,6.61437827766148
7,13,19,31,74.3308802673602,0.0845299461620748,5,5,5
7,13,19,37,406.151482923494,0.0154700538379252,5,5,6.61437827766148
7,13,20,37,203.075741461747,0.0309401076758503,5,5,8.66025403784439
7,13,30,31,-406.151482923494,-0.0154700538379252,5,5,6.61437827766148
7,13,31,37,-90.9816840965796,-0.0690598923241497,5,5,7.5
7,13,31,43,-140.712052701055,-0.0446527869259951,5,5,8.66025403784439
7,14,1,2,62.8318530717959,0.1,8.66025403784439,5,4.33012701892219
7,14,1,3,62.8318530717959,0.1,8.66025403784439,5,6.61437827766148
7,14,1,4,83.1187288206608,0.0755928946018454,8.66025403784439,5,8.66025403784439
7,14,1,6,-257.432628928405,-0.0244071053981545,8.66025403784439,5,7.5
7,14,2,8,62.8318530717959,0.1,8.66025403784439,5,4.33012701892219
7,14,3,8,62.8318530717959,0.1,8.66025403784439,5,6.61437827766148
7,14,8,15,-83.1187288206608,-0.0755928946018455,8.66025403784439,5,8.66025403784439
7,14,8,22,257.432628928405,0.0244071053981545,8.66025403784439,5,7.5
7,14,10,19,-62.8318530717959,-0.1,8.66025403784439,5,4.33012701892219
7,14,10,21,62.8318530717959,0.1,8.66025403784439,5,4.33012701892219
7,14,13,19,257.432628928405,0.0244071053981545,8.66025403784439,5,7.5
7,14,19,20,62.8318530717959,0.1,8.66025403784439,5,6.61437827766148
7,14,19,37,83.1187288206608,0.0755928946018454,8.66025403784439,5,8.66025403784439
7,14,20,21,62.8318530717959,0.1,8.66025403784439,5,6.61437827766148
7,14,21,32,257.432628928405,0.0244071053981545,8.66025403784439,5,7.5
7,14,21,40,-83.1187288206608,-0.0755928946018455,8.66025403784439,5,8.66025403784439
7,18,1,2,-257.432628928405,-0.0244071053981545,8.66025403784439,5,7.5
7,18,1,4,83.1187288206608,0.0755928946018454,8.66025403784439,5,8.66025403784439
7,18,1,5,62.8318530717959,0.1,8.66025403784439,5,6.61437827766148
7,18,1,6,62.8318530717959,0.1,8.66025403784439,5,4.33012701892219
7,18,5,9,62.8318530717959,0.1,8.66025403784439,5,6.61437827766148
7,18,6,9,62.8318530717959,0.1,8.66025403784439,5,4.33012701892219
7,18,9,17,-83.1187288206608,-0.0755928946018455,8.66025403784439,5,8.66025403784439
7,18,9,29,257.432628928405,0.0244071053981545,8.66025403784439,5,7.5
7,18,10,19,257.432628928405,0.0244071053981545,8.66025403784439,5,7.5
7,18,13,19,-62.8318530717959,-0.1,8.66025403784439,5,4.33012701892219
7,18,13,30,62.8318530717959,0.1,8.66025403784439,5,4.33012701892219
7,18,19,31,62.8318530717959,0.1,8.66025403784439,5,6.61437827766148
7,18,19,37,83.1187288206608,0.0755928946018454,8.66025403784439,5,8.66025403784439
7,18,30,31,-62.8318530717959,-0.1,8.66025403784439,5,6.61437827766148
7,18,30,35,257.432628928405,0.0244071053981545,8.66025403784439,5,7.5
7,18,30,43,-83.1187288206608,-0.0755928946018455,8.66025403784439,5,8.66025403784439
7,19,1,2,406.151482923494,0.0154700538379252,5,5,6.61437827766148
7,19,1,6,406.151482923494,0.0154700538379252,5,5,6.61437827766148
7,19,2,3,140.712052701055,0.0446527869259951,5,5,8.66025403784439
7,19,2,10,74.3308802673602,0.0845299461620748,5,5,5
7,19,2,14,90.9816840965796,0.0690598923241497,5,5,7.5
7,19,5,6,-140.712052701055,-0.0446527869259951,5,5,8.66025403784439
7,19,6,13,74.3308802673602,0.0845299461620748,5,5,5
7,19,6,18,90.9816840965796,0.0690598923241497,5,5,7.5
7,19,10,14,-406.151482923494,-0.0154700538379252,5,5,6.61437827766148
7,19,10,20,74.3308802673602,0.0845299461620748,5,5,5
7,19,10,21,406.151482923494,0.0154700538379252,5,5,6.61437827766148
7,19,13,18,-406.151482923494,-0.0154700538379252,5,5,6.61437827766148
7,19,13,30,406.151482923494,0.0154700538379252,5,5,6.61437827766148
7,19,13,31,74.3308802673602,0.0845299461620748,5,5,5
7,19,14,21,203.075741461747,0.0309401076758503,5,5,8.66025403784439
7,19,18,30,203.075741461747,0.0309401076758503,5,5,8.66025403784439
7,19,20,21,-90.9816840965796,-0.0690598923241497,5,5,7.5
7,19,20,37,406.151482923494,0.0154700538379252,5,5,6.61437827766148
7,19,20,44,-140.712052701055,-0.0446527869259951,5,5,8.66025403784439
7,19,30,31,90.9816840965796,0.0690598923241497,5,5,7.5
7,19,31,37,406.151482923494,0.0154700538379252,5,5,6.61437827766148
7,19,31,55,-140.712052701055,-0.0446527869259951,5,5,8.66025403784439
7,20,1,2,257.432628928405,0.0244071053981546,8.66025403784439,5,7.5
7,20,2,8,83.1187288206608,0.0755928946018454,8.66025403784439,5,8.66025403784439
7,20,2,10,62.8318530717959,0.1,8.66025403784439,5,4.33012701892219
7,20,2,14,62.8318530717959,0.1,8.66025403784439,5,6.61437827766148
7,20,6,13,257.432628928405,0.0244071053981546,8.66025403784439,5,7.5
7,20,10,21,62.8318530717959,0.1,8.66025403784439,5,4.33012701892219
7,20,13,19,62.8318530717959,0.1,8.66025403784439,5,4.33012701892219
7,20,13,30,83.1187288206608,0.0755928946018455,8.66025403784439,5,8.66025403784439
7,20,13,31,62.8318530717959,0.1,8.66025403784439,5,6.61437827766148
7,20,14,21,62.8318530717959,0.1,8.66025403784439,5,6.61437827766148
7,20,19,37,62.8318530717959,0.1,8.66025403784439,5,4.33012701892219
7,20,21,32,-83.1187288206608,-0.0755928946018455,8.66025403784439,5,8.66025403784439
7,20,21,40,257.432628928405,0.0244071053981545,8.66025403784439,5,7.5
7,20,31,37,62.8318530717959,0.1,8.66025403784439,5,6.61437827766148
7,20,37,44,257.432628928405,0.0244071053981545,8.66025403784439,5,7.5
7,20,37,55,-83.1187288206608,-0.0755928946018455,8.66025403784439,5,8.66025403784439
7,31,1,6,257.432628928405,0.0244071053981546,8.66025403784439,5,7.5
7,31,2,10,257.432628928405,0.0244071053981546,8.66025403784439,5,7.5
7,31,6,9,83.1187288206608,0.0755928946018454,8.66025403784439,5,8.66025403784439
7,31,6,13,62.8318530717959,0.1,8.66025403784439,5,4.33012701892219
7,31,6,18,62.8318530717959,0.1,8.66025403784439,5,6.61437827766148
7,31,10,19,62.8318530717959,0.1,8.66025403784439,5,4.33012701892219
7,31,10,20,62.8318530717959,0.1,8.66025403784439,5,6.61437827766148
7,31,10,21,83.1187288206608,0.0755928946018455,8.66025403784439,5,8.66025403784439
7,31,13,30,62.8318530717959,0.1,8.66025403784439,5,4.33012701892219
7,31,18,30,62.8318530717959,0.1,8.66025403784439,5,6.61437827766148
7,31,19,37,62.8318530717959,0.1,8.66025403784439,5,4.33012701892219
7,31,20,37,62.8318530717959,0.1,8.66025403784439,5,6.61437827766148
7,31,30,35,-83.1187288206608,-0.0755928946018455,8.66025403784439,5,8.66025403784439
7,31,30,43,257.432628928405,0.0244071053981545,8.66025403784439,5,7.5
7,31,37,44,-83.1187288206608,-0.0755928946018455,8.66025403784439,5,8.66025403784439
7,31,37,55,257.432628928405,0.0244071053981545,8.66025403784439,5,7.5
8,10,1,3,-62.8318530717959,-0.1,8.66025403784439,5,6.61437827766148
8,10,1,7,62.8318530717959,0.1,8.66025403784439,5,6.61437827766148
8,10,2,3,-62.8318530717959,-0.1,8.66025403784439,5,4.33012701892219
8,10,2,7,62.8318530717959,0.1,8.66025403784439,5,4.33012701892219
8,10,3,4,83.1187288206608,0.0755928946018454,8.66025403784439,5,8.66025403784439
8,10,3,15,-257.432628928405,-0.0244071053981546,8.66025403784439,5,7.5
8,10,6,7,83.1187288206608,0.0755928946018455,8.66025403784439,5,8.66025403784439
8,10,7,19,257.432628928405,0.0244071053981545,8.66025403784439,5,7.5
8,10,14,21,62.8318530717959,0.1,8.66025403784439,5,4.33012701892219
8,10,14,22,-62.8318530717959,-0.1,8.66025403784439,5,4.33012701892219
8,10,20,21,-257.432628928405,-0.0244071053981545,8.66025403784439,5,7.5
8,10,21,32,-62.8318530717959,-0.1,8.66025403784439,5,6.61437827766148
8,10,21,45,-83.1187288206608,-0.0755928946018455,8.66025403784439,5,8.66025403784439
8,10,22,23,-257.432628928405,-0.0244071053981546,8.66025403784439,5,7.5
8,10,22,32,62.8318530717959,0.1,8.66025403784439,5,6.61437827766148
8,10,22,46,83.1187288206608,0.0755928946018455,8.66025403784439,5,8.66025403784439
8,11,1,2,-62.8318530717959,-0.1,8.66025403784439,5,6.61437827766148
8,11,1,4,62.8318530717959,0.1,8.66025403784439,5,6.61437827766148
8,11,2,3,62.8318530717959,0.1,8.66025403784439,5,4.33012701892219
8,11,2,7,83.1187288206608,0.0755928946018454,8.66025403784439,5,8.66025403784439
8,11,2,14,-257.432628928405,-0.0244071053981546,8.66025403784439,5,7.5
8,11,3,4,62.8318530717959,0.1,8.66025403784439,5,4.33012701892219
8,11,4,5,-83.1187288206608,-0.0755928946018455,8.66025403784439,5,8.66025403784439
8,11,4,16,257.432628928405,0.0244071053981545,8.66025403784439,5,7.5
8,11,15,23,-62.8318530717959,-0.1,8.66025403784439,5,4.33012701892219
8,11,15,24,62.8318530717959,0.1,8.66025403784439,5,4.33012701892219
8,11,22,23,257.432628928405,0.0244071053981546,8.66025403784439,5,7.5
8,11,23,33,62.8318530717959,0.1,8.66025403784439,5,6.61437827766148
8,11,23,47,83.1187288206608,0.0755928946018455,8.66025403784439,5,8.66025403784439
8,11,24,25,257.432628928405,0.0244071053981545,8.66025403784439,5,7.5
8,11,24,33,-62.8318530717959,-0.1,8.66025403784439,5,6.61437827766148
8,11,24,48,-83.1187288206608,-0.0755928946018455,8.66025403784439,5,8.66025403784439
8,14,1,2,406.151482923494,0.0154700538379252,5,5,6.61437827766148
8,14,1,3,-90.9816840965796,-0.0690598923241497,5,5,7.5
8,14,1,7,203.075741461747,0.0309401076758503,5,5,8.66025403784439
8,14,2,3,-74.3308802673602,-0.0845299461620748,5,5,5
8,14,2,7,406.151482923494,0.0154700538379252,5,5,6.61437827766148
8,14,2,10,74.3308802673602,0.0845299461620748,5,5,5
8,14,3,11,140.712052701055,0.0446527869259951,5,5,8.66025403784439
8,14,3,15,-406.151482923494,-0.0154700538379252,5,5,6.61437827766148
8,14,7,10,90.9816840965796,0.0690598923241497,5,5,7.5
8,14,10,20,-140.712052701055,-0.0446527869259951,5,5,8.66025403784439
8,14,10,21,406.151482923494,0.0154700538379252,5,5,6.61437827766148
8,14,15,23,406.151482923494,0.0154700538379252,5,5,6.61437827766148
8,14,21,32,-406.151482923494,-0.0154700538379252,5,5,6.61437827766148
8,14,22,23,-74.3308802673602,-0.0845299461620748,5,5,5
8,14,22,32,74.3308802673602,0.0845299461620748,5,5,5
8,14,22,38,-406.151482923494,-0.0154700538379252,5,5,6.61437827766148
8,14,22,46,406.151482923494,0.0154700538379252,5,5,6.61437827766148
8,14,23,33,140.712052701055,0.0446527869259951,5,5,8.66025403784439
8,14,23,38,90.9816840965796,0.0690598923241497,5,5,7.5
8,14,32,45,-140.712052701055,-0.0446527869259951,5,5,8.66025403784439
8,14,32,46,-90.9816840965796,-0.0690598923241497,5,5,7.5
8,14,38,46,203.075741461747,0.0309401076758503,5,5,8.66025403784439
8,15,1,2,-90.9816840965796,-0.0690598923241497,5,5,7.5
8,15,1,3,406.151482923494,0.0154700538379252,5,5,6.61437827766148
8,15,1,4,203.075741461747,0.0309401076758503,5,5,8.66025403784439
8,15,2,3,74.3308802673602,0.0845299461620748,5,5,5
8,15,2,10,140.712052701055,0.0446527869259951,5,5,8.66025403784439
8,15,2,14,-406.151482923494,-0.0154700538379252,5,5,6.61437827766148
8,15,3,4,406.151482923494,0.0154700538379252,5,5,6.61437827766148
8,15,3,11,74.3308802673602,0.0845299461620748,5,5,5
8,15,4,11,90.9816840965796,0.0690598923241497,5,5,7.5
8,15,11,24,406.151482923494,0.0154700538379252,5,5,6.61437827766148
8,15,11,25,-140.712052701055,-0.0446527869259951,5,5,8.66025403784439
8,15,14,22,406.151482923494,0.0154700538379252,5,5,6.61437827766148
8,15,22,23,74.3308802673602,0.0845299461620748,5,5,5
8,15,22,32,140.712052701055,0.0446527869259951,5,5,8.66025403784439
8,15,22,38,90.9816840965796,0.0690598923241497,5,5,7.5
8,15,23,33,74.3308802673602,0.0845299461620748,5,5,5
8,15,23,38,-406.151482923494,-0.0154700538379252,5,5,6.61437827766148
8,15,23,47,406.151482923494,0.0154700538379252,5,5,6.61437827766148
8,15,24,33,-406.151482923494,-0.0154700538379252,5,5,6.61437827766148
8,15,33,47,-90.9816840965796,-0.0690598923241497,5,5,7.5
8,15,33,48,-140.712052701055,-0.0446527869259951,5,5,8.66025403784439
8,15,38,47,203.075741461747,0.0309401076758503,5,5,8.66025403784439
8,22,1,2,-140.712052701055,-0.0446527869259951,5,5,8.66025403784439
8,22,2,3,-406.151482923494,-0.0154700538379252,5,5,6.61437827766147
8,22,2,10,90.9816840965796,0.0690598923241497,5,5,7.5
8,22,2,14,74.3308802673602,0.0845299461620748,5,5,5
8,22,3,15,406.151482923494,0.0154700538379252,5,5,6.61437827766148
8,22,10,14,406.151482923494,0.0154700538379252,5,5,6.61437827766148
8,22,10,21,203.075741461747,0.0309401076758503,5,5,8.66025403784439
8,22,11,15,-140.712052701055,-0.0446527869259951,5,5,8.66025403784439
8,22,14,21,406.151482923494,0.0154700538379252,5,5,6.61437827766148
8,22,14,32,74.3308802673602,0.0845299461620748,5,5,5
8,22,15,23,74.3308802673602,0.0845299461620748,5,5,5
8,22,15,33,90.9816840965796,0.0690598923241497,5,5,7.5
8,22,21,32,90.9816840965796,0.0690598923241497,5,5,7.5
8,22,23,33,-406.151482923494,-0.0154700538379252,5,5,6.61437827766148
8,22,23,38,74.3308802673602,0.0845299461620748,5,5,5
8,22,23,47,406.151482923494,0.0154700538379252,5,5,6.61437827766148
8,22,32,46,406.151482923494,0.0154700538379252,5,5,6.61437827766148
8,22,32,56,-140.712052701055,-0.0446527869259951,5,5,8.66025403784439
8,22,33,47,203.075741461747,0.0309401076758503,5,5,8.66025403784439
8,22,38,46,406.151482923494,0.0154700538379252,5,5,6.61437827766148
8,22,38,47,-90.9816840965796,-0.0690598923241497,5,5,7.5
8,22,38,63,-140.712052701055,-0.0446527869259951,5,5,8.66025403784439
8,23,1,3,-140.712052701055,-0.0446527869259951,5,5,8.66025403784439
8,23,2,3,406.151482923494,0.0154700538379252,5,5,6.61437827766147
8,23,2,14,406.151482923494,0.0154700538379252,5,5,6.61437827766148
8,23,3,11,90.9816840965796,0.0690598923241497,5,5,7.5
8,23,3,15,74.3308802673602,0.0845299461620748,5,5,5
8,23,10,14,-140.712052701055,-0.0446527869259951,5,5,8.66025403784439
8,23,11,15,406.151482923494,0.0154700538379252,5,5,6.61437827766148
8,23,11,24,203.075741461747,0.0309401076758503,5,5,8.66025403784439
8,23,14,22,74.3308802673602,0.0845299461620748,5,5,5
8,23,14,32,90.9816840965796,0.0690598923241497,5,5,7.5
8,23,15,24,406.151482923494,0.0154700538379252,5,5,6.61437827766148
8,23,15,33,74.3308802673602,0.0845299461620748,5,5,5
8,23,22,32,-406.151482923494,-0.0154700538379252,5,5,6.61437827766148
8,23,22,38,74.3308802673602,0.0845299461620748,5,5,5
8,23,22,46,406.151482923494,0.0154700538379252,5,5,6.61437827766148
8,23,24,33,90.9816840965796,0.0690598923241497,5,5,7.5
8,23,32,46,203.075741461747,0.0309401076758503,5,5,8.66025403784439
8,23,33,47,406.151482923494,0.0154700538379252,5,5,6.61437827766148
8,23,33,57,-140.712052701055,-0.0446527869259951,5,5,8.66025403784439
8,23,38,46,-90.9816840965796,-0.0690598923241497,5,5,7.5
8,23,38,47,406.151482923494,0.0154700538379252,5,5,6.61437827766148
8,23,38,64,-140.712052701055,-0.0446527869259951,5,5,8.66025403784439
8,32,2,3,-257.432628928405,-0.0244071053981546,8.66025403784439,5,7.5
8,32,2,7,83.1187288206608,0.0755928946018455,8.66025403784439,5,8.66025403784439
8,32,2,10,62.8318530717959,0.1,8.66025403784439,5,6.61437827766147
8,32,2,14,62.8318530717959,0.1,8.66025403784439,5,4.33012701892219
8,32,10,21,62.8318530717959,0.1,8.66025403784439,5,6.61437827766148
8,32,14,21,62.8318530717959,0.1,8.66025403784439,5,4.33012701892219
8,32,15,23,257.432628928405,0.0244071053981546,8.66025403784439,5,7.5
8,32,20,21,83.1187288206608,0.0755928946018454,8.66025403784439,5,8.66025403784439
8,32,21,45,257.432628928405,0.0244071053981545,8.66025403784439,5,7.5
8,32,22,23,-62.8318530717959,-0.1,8.66025403784439,5,4.33012701892219
8,32,22,46,62.8318530717959,0.1,8.66025403784439,5,4.33012701892219
8,32,23,38,62.8318530717959,0.1,8.66025403784439,5,6.61437827766148
8,32,23,47,83.1187288206608,0.0755928946018454,8.66025403784439,5,8.66025403784439
8,32,38,46,62.8318530717959,0.1,8.66025403784439,5,6.61437827766148
8,32,46,56,257.432628928405,0.0244071053981545,8.66025403784439,5,7.5
8,32,46,63,-83.1187288206608,-0.0755928946018454,8.66025403784439,5,8.66025403784439
8,33,2,3,257.432628928405,0.0244071053981546,8.66025403784439,5,7.5
8,33,3,4,83.1187288206608,0.0755928946018455,8.66025403784439,5,8.66025403784439
8,33,3,11,62.8318530717959,0.1,8.66025403784439,5,6.61437827766147
8,33,3,15,62.8318530717959,0.1,8.66025403784439,5,4.33012701892219
8,33,11,24,62.8318530717959,0.1,8.66025403784439,5,6.61437827766148
8,33,14,22,257.432628928405,0.0244071053981546,8.66025403784439,5,7.5
8,33,15,24,62.8318530717959,0.1,8.66025403784439,5,4.33012701892219
8,33,22,23,62.8318530717959,0.1,8.66025403784439,5,4.33012701892219
8,33,22,38,62.8318530717959,0.1,8.66025403784439,5,6.61437827766148
8,33,22,46,83.1187288206608,0.0755928946018454,8.66025403784439,5,8.66025403784439
8,33,23,47,62.8318530717959,0.1,8.66025403784439,5,4.33012701892219
8,33,24,25,-83.1187288206608,-0.0755928946018455,8.66025403784439,5,8.66025403784439
8,33,24,48,257.432628928405,0.0244071053981545,8.66025403784439,5,7.5
8,33,38,47,62.8318530717959,0.1,8.66025403784439,5,6.61437827766148
8,33,47,57,257.432628928405,0.0244071053981545,8.66025403784439,5,7.5
8,33,47,64,-83.1187288206608,-0.0755928946018454,8.66025403784439,5,8.66025403784439
8,38,2,14,257.432628928405,0.0244071053981545,8.66025403784439,5,7.5
8,38,3,15,257.432628928405,0.0244071053981545,8.66025403784439,5,7.5
8,38,14,21,83.1187288206608,0.0755928946018454,8.66025403784439,5,8.66025403784439
8,38,14,22,62.8318530717959,0.1,8.66025403784439,5,4.33012701892219
8,38,14,32,62.8318530717959,0.1,8.66025403784439,5,6.61437827766148
8,38,15,23,62.8318530717959,0.1,8.66025403784439,5,4.33012701892219
8,38,15,24,83.1187288206608,0.0755928946018454,8.66025403784439,5,8.66025403784439
8,38,15,33,62.8318530717959,0.1,8.66025403784439,5,6.61437827766148
8,38,22,46,62.8318530717959,0.1,8.66025403784439,5,4.33012701892219
8,38,23,47,62.8318530717959,0.1,8.66025403784439,5,4.33012701892219
8,38,32,46,62.8318530717959,0.1,8.66025403784439,5,6.61437827766148
8,38,33,47,62.8318530717959,0.1,8.66025403784439,5,6.61437827766148
8,38,46,56,-83.1187288206608,-0.0755928946018455,8.66025403784439,5,8.66025403784439
8,38,46,63,257.432628928404,0.0244071053981546,8.66025403784439,5,7.5
8,38,47,57,-83.1187288206608,-0.0755928946018455,8.66025403784439,5,8.66025403784439
8,38,47,64,257.432628928404,0.0244071053981546,8.66025403784439,5,7.5
9,12,1,4,62.8318530717959,0.1,8.66025403784439,5,6.61437827766148
9,12,1,6,-62.8318530717959,-0.1,8.66025403784439,5,6.61437827766148
9,12,3,4,83.1187288206608,0.0755928946018455,8.66025403784439,5,8.66025403784439
9,12,4,5,-62.8318530717958,-0.1,8.66025403784439,5,4.33012701892219
9,12,4,16,257.432628928405,0.0244071053981545,8.66025403784439,5,7.5
9,12,5,6,-62.8318530717959,-0.1,8.66025403784439,5,4.33012701892219
9,12,6,7,83.1187288206608,0.0755928946018454,8.66025403784439,5,8.66025403784439
9,12,6,18,-257.432628928405,-0.0244071053981546,8.66025403784439,5,7.5
9,12,17,27,62.8318530717959,0.1,8.66025403784439,5,4.33012701892219
9,12,17,28,-62.8318530717959,-0.1,8.66025403784439,5,4.33012701892219
9,12,26,27,-257.432628928405,-0.0244071053981545,8.66025403784439,5,7.5
9,12,27,34,-62.8318530717959,-0.1,8.66025403784439,5,6.61437827766148
9,12,27,51,-83.1187288206608,-0.0755928946018455,8.66025403784439,5,8.66025403784439
9,12,28,29,-257.432628928405,-0.0244071053981546,8.66025403784439,5,7.5
9,12,28,34,62.8318530717959,0.1,8.66025403784439,5,6.61437827766148
9,12,28,52,83.1187288206608,0.0755928946018455,8.66025403784439,5,8.66025403784439
9,13,1,5,-62.8318530717959,-0.1,8.66025403784439,5,6.61437827766148
9,13,1,7,62.8318530717959,0.1,8.66025403784439,5,6.61437827766148
9,13,2,7,83.1187288206608,0.0755928946018455,8.66025403784439,5,8.66025403784439
9,13,4,5,-83.1187288206608,-0.0755928946018455,8.66025403784439,5,8.66025403784439
9,13,5,6,62.8318530717959,0.1,8.66025403784439,5,4.33012701892219
9,13,5,17,-257.432628928405,-0.0244071053981546,8.66025403784439,5,7.5
9,13,6,7,62.8318530717959,0.1,8.66025403784439,5,4.33012701892219
9,13,7,19,257.432628928405,0.0244071053981545,8.66025403784439,5,7.5
9,13,18,29,-62.8318530717959,-0.1,8.66025403784439,5,4.33012701892219
9,13,18,30,62.8318530717959,0.1,8.66025403784439,5,4.33012701892219
9,13,28,29,257.432628928405,0.0244071053981546,8.66025403784439,5,7.5
9,13,29,35,62.8318530717959,0.1,8.66025403784439,5,6.61437827766148
9,13,29,53,83.1187288206608,0.0755928946018455,8.66025403784439,5,8.66025403784439
9,13,30,31,257.432628928405,0.0244071053981545,8.66025403784439,5,7.5
9,13,30,35,-62.8318530717959,-0.1,8.66025403784439,5,6.61437827766148
9,13,30,54,-83.1187288206608,-0.0755928946018455,8.66025403784439,5,8.66025403784439
9,17,1,4,203.075741461747,0.0309401076758503,5,5,8.66025403784439
9,17,1,5,406.151482923494,0.0154700538379252,5,5,6.61437827766148
9,17,1,6,-90.9816840965796,-0.0690598923241497,5,5,7.5
9,17,4,5,-406.151482923494,-0.0154700538379252,5,5,6.61437827766148
9,17,4,12,90.9816840965796,0.0690598923241497,5,5,7.5
9,17,5,6,-74.3308802673602,-0.0845299461620748,5,5,5
9,17,5,12,74.3308802673602,0.0845299461620748,5,5,5
9,17,6,13,140.712052701055,0.0446527869259951,5,5,8.66025403784439
9,17,6,18,-406.151482923494,-0.0154700538379252,5,5,6.61437827766148
9,17,12,26,-140.712052701055,-0.0446527869259951,5,5,8.66025403784439
9,17,12,27,406.151482923494,0.0154700538379252,5,5,6.61437827766148
9,17,18,29,406.151482923494,0.0154700538379252,5,5,6.61437827766148
9,17,27,34,-406.151482923494,-0.0154700538379252,5,5,6.61437827766148
9,17,28,29,-74.3308802673602,-0.0845299461620748,5,5,5
9,17,28,34,74.3308802673602,0.0845299461620748,5,5,5
9,17,28,39,-406.151482923494,-0.0154700538379252,5,5,6.61437827766148
9,17,28,52,406.151482923494,0.0154700538379252,5,5,6.61437827766148
9,17,29,35,140.712052701055,0.0446527869259951,5,5,8.66025403784439
9,17,29,39,90.9816840965796,0.0690598923241497,5,5,7.5
9,17,34,51,-140.712052701055,-0.0446527869259951,5,5,8.66025403784439
9,17,34,52,-90.9816840965796,-0.0690598923241497,5,5,7.5
9,17,39,52,203.075741461747,0.0309401076758503,5,5,8.66025403784439
9,18,1,5,-90.9816840965796,-0.0690598923241497,5,5,7.5
9,18,1,6,406.151482923494,0.0154700538379252,5,5,6.61437827766148
9,18,1,7,203.075741461747,0.0309401076758503,5,5,8.66025403784439
9,18,5,6,74.3308802673602,0.0845299461620748,5,5,5
9,18,5,12,140.712052701055,0.0446527869259951,5,5,8.66025403784439
9,18,5,17,-406.151482923494,-0.0154700538379252,5,5,6.61437827766148
9,18,6,7,406.151482923494,0.0154700538379252,5,5,6.61437827766148
9,18,6,13,74.3308802673602,0.0845299461620748,5,5,5
9,18,7,13,90.9816840965796,0.0690598923241497,5,5,7.5
9,18,13,30,406.151482923494,0.0154700538379252,5,5,6.61437827766148
9,18,13,31,-140.712052701055,-0.0446527869259951,5,5,8.66025403784439
9,18,17,28,406.151482923494,0.0154700538379252,5,5,6.61437827766148
9,18,28,29,74.3308802673602,0.0845299461620748,5,5,5
9,18,28,34,140.712052701055,0.0446527869259951,5,5,8.66025403784439
9,18,28,39,90.9816840965796,0.0690598923241497,5,5,7.5
9,18,29,35,74.3308802673602,0.0845299461620748,5,5,5
9,18,29,39,-406.151482923494,-0.0154700538379252,5,5,6.61437827766148
9,18,29,53,406.151482923494,0.0154700538379252,5,5,6.61437827766148
9,18,30,35,-406.151482923494,-0.0154700538379252,5,5,6.61437827766148
9,18,35,53,-90.9816840965796,-0.0690598923241497,5,5,7.5
9,18,35,54,-140.712052701055,-0.0446527869259951,5,5,8.66025403784439
9,18,39,53,203.075741461747,0.0309401076758503,5,5,8.66025403784439
9,28,1,5,-140.712052701055,-0.0446527869259951,5,5,8.66025403784439
9,28,5,6,-406.151482923494,-0.0154700538379252,5,5,6.61437827766147
9,28,5,12,90.9816840965796,0.0690598923241497,5,5,7.5
9,28,5,17,74.3308802673602,0.0845299461620748,5,5,5
9,28,6,18,406.151482923494,0.0154700538379252,5,5,6.61437827766148
9,28,12,17,406.151482923494,0.0154700538379252,5,5,6.61437827766148
9,28,12,27,203.075741461747,0.0309401076758503,5,5,8.66025403784439
9,28,13,18,-140.712052701055,-0.0446527869259951,5,5,8.66025403784439
9,28,17,27,406.151482923494,0.0154700538379252,5,5,6.61437827766148
9,28,17,34,74.3308802673602,0.0845299461620748,5,5,5
9,28,18,29,74.3308802673602,0.0845299461620748,5,5,5
9,28,18,35,90.9816840965796,0.0690598923241497,5,5,7.5
9,28,27,34,90.9816840965796,0.0690598923241497,5,5,7.5
9,28,29,35,-406.151482923494,-0.0154700538379252,5,5,6.61437827766148
9,28,29,39,74.3308802673602,0.0845299461620748,5,5,5
9,28,29,53,406.151482923494,0.0154700538379252,5,5,6.61437827766148
9,28,34,52,406.151482923494,0.0154700538379252,5,5,6.61437827766148
9,28,34,59,-140.712052701055,-0.0446527869259951,5,5,8.66025403784439
9,28,35,53,203.075741461747,0.0309401076758503,5,5,8.66025403784439
9,28,39,52,406.151482923494,0.0154700538379252,5,5,6.61437827766148
9,28,39,53,-90.9816840965796,-0.0690598923241497,5,5,7.5
9,28,39,67,-140.712052701055,-0.0446527869259951,5,5,8.66025403784439
9,29,1,6,-140.712052701055,-0.0446527869259951,5,5,8.66025403784439
9,29,5,6,406.151482923494,0.0154700538379252,5,5,6.61437827766147
9,29,5,17,406.151482923494,0.0154700538379252,5,5,6.61437827766148
9,29,6,13,90.9816840965796,0.0690598923241497,5,5,7.5
9,29,6,18,74.3308802673602,0.0845299461620748,5,5,5
9,29,12,17,-140.712052701055,-0.0446527869259951,5,5,8.66025403784439
9,29,13,18,406.151482923494,0.0154700538379252,5,5,6.61437827766148
9,29,13,30,203.075741461747,0.0309401076758503,5,5,8.66025403784439
9,29,17,28,74.3308802673602,0.0845299461620748,5,5,5
9,29,17,34,90.9816840965796,0.0690598923241497,5,5,7.5
9,29,18,30,406.151482923494,0.0154700538379252,5,5,6.61437827766148
9,29,18,35,74.3308802673602,0.0845299461620748,5,5,5
9,29,28,34,-406.151482923494,-0.0154700538379252,5,5,6.61437827766148
9,29,28,39,74.3308802673602,0.0845299461620748,5,5,5
9,29,28,52,406.151482923494,0.0154700538379252,5,5,6.61437827766148
9,29,30,35,90.9816840965796,0.0690598923241497,5,5,7.5
9,29,34,52,203.075741461747,0.0309401076758503,5,5,8.66025403784439
9,29,35,53,406.151482923494,0.0154700538379252,5,5,6.61437827766148
9,29,35,60,-140.712052701055,-0.0446527869259951,5,5,8.66025403784439
9,29,39,52,-90.9816840965796,-0.0690598923241497,5,5,7.5
9,29,39,53,406.151482923494,0.0154700538379252,5,5,6.61437827766148
9,29,39,68,-140.712052701055,-0.0446527869259951,5,5,8.66025403784439
9,34,4,5,-83.1187288206608,-0.0755928946018455,8.66025403784439,5,8.66025403784439
9,34,5,6,-257.432628928405,-0.0244071053981546,8.66025403784439,5,7.5
9,34,5,12,62.8318530717959,0.1,8.66025403784439,5,6.61437827766147
9,34,5,17,62.8318530717959,0.1,8.66025403784439,5,4.33012701892219
9,34,12,27,62.8318530717959,0.1,8.66025403784439,5,6.61437827766148
9,34,17,27,62.8318530717959,0.1,8.66025403784439,5,4.33012701892219
9,34,18,29,257.432628928405,0.0244071053981546,8.66025403784439,5,7.5
9,34,26,27,83.1187288206608,0.0755928946018454,8.66025403784439,5,8.66025403784439
9,34,27,51,257.432628928405,0.0244071053981545,8.66025403784439,5,7.5
9,34,28,29,-62.8318530717959,-0.1,8.66025403784439,5,4.33012701892219
9,34,28,52,62.8318530717959,0.1,8.66025403784439,5,4.33012701892219
9,34,29,39,62.8318530717959,0.1,8.66025403784439,5,6.61437827766148
9,34,29,53,83.1187288206608,0.0755928946018454,8.66025403784439,5,8.66025403784439
9,34,39,52,62.8318530717959,0.1,8.66025403784439,5,6.61437827766148
9,34,52,59,257.432628928405,0.0244071053981545,8.66025403784439,5,7.5
9,34,52,67,-83.1187288206608,-0.0755928946018454,8.66025403784439,5,8.66025403784439
9,35,5,6,257.432628928405,0.0244071053981546,8.66025403784439,5,7.5
9,35,6,7,83.1187288206608,0.0755928946018455,8.66025403784439,5,8.66025403784439
9,35,6,13,62.8318530717959,0.1,8.66025403784439,5,6.61437827766147
9,35,6,18,62.8318530717959,0.1,8.66025403784439,5,4.33012701892219
9,35,13,30,62.8318530717959,0.1,8.66025403784439,5,6.61437827766148
9,35,17,28,257.432628928405,0.0244071053981546,8.66025403784439,5,7.5
9,35,18,30,62.8318530717959,0.1,8.66025403784439,5,4.33012701892219
9,35,28,29,62.8318530717959,0.1,8.66025403784439,5,4.33012701892219
9,35,28,39,62.8318530717959,0.1,8.66025403784439,5,6.61437827766148
9,35,28,52,83.1187288206608,0.0755928946018454,8.66025403784439,5,8.66025403784439
9,35,29,53,62.8318530717959,0.1,8.66025403784439,5,4.33012701892219
9,35,30,31,-83.1187288206608,-0.0755928946018455,8.66025403784439,5,8.66025403784439
9,35,30,54,257.432628928405,0.0244071053981545,8.66025403784439,5,7.5
9,35,39,53,62.8318530717959,0.1,8.66025403784439,5,6.61437827766148
9,35,53,60,257.432628928405,0.0244071053981545,8.66025403784439,5,7.5
9,35,53,68,-83.1187288206608,-0.0755928946018454,8.66025403784439,5,8.66025403784439
9,39,5,17,257.432628928405,0.0244071053981545,8.66025403784439,5,7.5
9,39,6,18,257.432628928405,0.0244071053981545,8.66025403784439,5,7.5
9,39,17,27,83.1187288206608,0.0755928946018454,8.66025403784439,5,8.66025403784439
9,39,17,28,62.8318530717959,0.1,8.66025403784439,5,4.33012701892219
9,39,17,34,62.8318530717959,0.1,8.66025403784439,5,6.61437827766148
9,39,18,29,62.8318530717959,0.1,8.66025403784439,5,4.33012701892219
9,39,18,30,83.1187288206608,0.0755928946018454,8.66025403784439,5,8.66025403784439
9,39,18,35,62.8318530717959,0.1,8.66025403784439,5,6.61437827766148
9,39,28,52,62.8318530717959,0.1,8.66025403784439,5,4.33012701892219
9,39,29,53,62.8318530717959,0.1,8.66025403784439,5,4.33012701892219
9,39,34,52,62.8318530717959,0.1,8.66025403784439,5,6.61437827766148
9,39,35,53,62.8318530717959,0.1,8.66025403784439,5,6.61437827766148
9,39,52,59,-83.1187288206608,-0.0755928946018455,8.66025403784439,5,8.66025403784439
9,39,52,67,257.432628928404,0.0244071053981546,8.66025403784439,5,7.5
9,39,53,60,-83.1187288206608,-0.0755928946018455,8.66025403784439,5,8.66025403784439
9,39,53,68,257.432628928404,0.0244071053981546,8.66025403784439,5,7.5
10,13,1,2,-62.8318530717959,-0.1,8.66025403784439,5,6.61437827766148
10,13,1,6,62.8318530717959,0.1,8.66025403784439,5,6.61437827766148
10,13,2,3,83.1187288206608,0.0755928946018454,8.66025403784439,5,8.66025403784439
10,13,2,7,62.8318530717959,0.1,8.66025403784439,5,4.33012701892219
10,13,2,14,-257.432628928405,-0.0244071053981545,8.66025403784439,5,7.5
10,13,5,6,83.1187288206608,0.0755928946018454,8.66025403784439,5,8.66025403784439
10,13,6,7,-62.8318530717958,-0.1,8.66025403784439,5,4.33012701892219
10,13,6,18,257.432628928405,0.0244071053981545,8.66025403784439,5,7.5
10,13,19,20,-62.8318530717959,-0.1,8.66025403784439,5,4.33012701892219
10,13,19,31,62.8318530717959,0.1,8.66025403784439,5,4.33012701892219
10,13,20,21,-257.432628928405,-0.0244071053981545,8.66025403784439,5,7.5
10,13,20,37,62.8318530717959,0.1,8.66025403784439,5,6.61437827766148
10,13,20,44,83.1187288206608,0.0755928946018454,8.66025403784439,5,8.66025403784439
10,13,30,31,-257.432628928405,-0.0244071053981545,8.66025403784439,5,7.5
10,13,31,37,-62.8318530717959,-0.1,8.66025403784439,5,6.61437827766148
10,13,31,55,-83.1187288206608,-0.0755928946018455,8.66025403784439,5,8.66025403784439
10,14,1,2,406.151482923494,0.0154700538379252,5,5,6.61437827766148
10,14,1,3,203.075741461747,0.0309401076758503,5,5,8.66025403784439
10,14,1,7,-90.9816840965796,-0.0690598923241497,5,5,7.5
10,14,2,3,406.151482923494,0.0154700538379252,5,5,6.61437827766148
10,14,2,7,-74.3308802673602,-0.0845299461620748,5,5,5
10,14,2,8,74.3308802673602,0.0845299461620748,5,5,5
10,14,3,8,90.9816840965796,0.0690598923241497,5,5,7.5
10,14,7,13,140.712052701055,0.0446527869259951,5,5,8.66025403784439
10,14,7,19,-406.151482923494,-0.0154700538379252,5,5,6.61437827766148
10,14,8,22,406.151482923494,0.0154700538379252,5,5,6.61437827766148
10,14,8,23,-140.712052701055,-0.0446527869259951,5,5,8.66025403784439
10,14,19,20,406.151482923494,0.0154700538379252,5,5,6.61437827766148
10,14,20,21,74.3308802673602,0.0845299461620748,5,5,5
10,14,20,37,140.712052701055,0.0446527869259951,5,5,8.66025403784439
10,14,20,40,90.9816840965796,0.0690598923241497,5,5,7.5
10,14,21,32,74.3308802673602,0.0845299461620748,5,5,5
10,14,21,40,-406.151482923494,-0.0154700538379252,5,5,6.61437827766148
10,14,21,45,406.151482923494,0.0154700538379252,5,5,6.61437827766148
10,14,22,32,-406.151482923494,-0.0154700538379252,5,5,6.61437827766148
10,14,32,45,-90.9816840965796,-0.0690598923241497,5,5,7.5
10,14,32,46,-140.712052701055,-0.0446527869259951,5,5,8.66025403784439
10,14,40,45,203.075741461747,0.0309401076758503,5,5,8.66025403784439
10,19,1,2,-90.9816840965796,-0.0690598923241497,5,5,7.5
10,19,1,6,203.075741461747,0.0309401076758503,5,5,8.66025403784439
10,19,1,7,406.151482923494,0.0154700538379252,5,5,6.61437827766148
10,19,2,7,74.3308802673602,0.0845299461620748,5,5,5
10,19,2,8,140.712052701055,0.0446527869259951,5,5,8.66025403784439
10,19,2,14,-406.151482923494,-0.0154700538379252,5,5,6.61437827766148
10,19,6,7,-406.151482923494,-0.0154700538379252,5,5,6.61437827766148
10,19,6,13,90.9816840965796,0.0690598923241497,5,5,7.5
10,19,7,13,74.3308802673602,0.0845299461620748,5,5,5
10,19,13,30,-140.712052701055,-0.0446527869259951,5,5,8.66025403784439
10,19,13,31,406.151482923494,0.0154700538379252,5,5,6.61437827766148
10,19,14,21,406.151482923494,0.0154700538379252,5,5,6.61437827766148
10,19,20,21,-74.3308802673602,-0.0845299461620748,5,5,5
10,19,20,37,74.3308802673602,0.0845299461620748,5,5,5
10,19,20,40,-406.151482923494,-0.0154700538379252,5,5,6.61437827766148
10,19,20,44,406.151482923494,0.0154700538379252,5,5,6.61437827766148
10,19,21,32,140.712052701055,0.0446527869259951,5,5,8.66025403784439
10,19,21,40,90.9816840965796,0.0690598923241497,5,5,7.5
10,19,31,37,-406.151482923494,-0.0154700538379252,5,5,6.61437827766148
10,19,37,44,-90.9816840965796,-0.0690598923241497,5,5,7.5
10,19,37,55,-140.712052701055,-0.0446527869259951,5,5,8.66025403784439
10,19,40,44,203.075741461747,0.0309401076758503,5,5,8.66025403784439
10,20,1,7,-140.712052701055,-0.0446527869259951,5,5,8.66025403784439
10,20,2,7,406.151482923494,0.0154700538379252,5,5,6.61437827766148
10,20,2,14,406.151482923494,0.0154700538379252,5,5,6.61437827766148
10,20,7,13,90.9816840965796,0.0690598923241497,5,5,7.5
10,20,7,19,74.3308802673602,0.0845299461620748,5,5,5
10,20,8,14,-140.712052701055,-0.0446527869259951,5,5,8.66025403784439
10,20,13,19,406.151482923494,0.0154700538379252,5,5,6.61437827766148
10,20,13,31,203.075741461747,0.0309401076758503,5,5,8.66025403784439
10,20,14,21,74.3308802673602,0.0845299461620748,5,5,5
10,20,14,32,90.9816840965796,0.0690598923241497,5,5,7.5
10,20,19,31,406.151482923494,0.0154700538379252,5,5,6.61437827766148
10,20,19,37,74.3308802673602,0.0845299461620748,5,5,5
10,20,21,32,-406.151482923494,-0.0154700538379252,5,5,6.61437827766147
10,20,21,40,74.3308802673602,0.0845299461620748,5,5,5
10,20,21,45,406.151482923494,0.0154700538379252,5,5,6.61437827766147
10,20,31,37,90.9816840965796,0.0690598923241497,5,5,7.5
10,20,32,45,203.075741461747,0.0309401076758503,5,5,8.66025403784439
10,20,37,44,406.151482923494,0.0154700538379252,5,5,6.61437827766148
10,20,37,61,-140.712052701055,-0.0446527869259951,5,5,8.66025403784439
10,20,40,44,406.151482923494,0.0154700538379252,5,5,6.61437827766148
10,20,40,45,-90.9816840965796,-0.0690598923241497,5,5,7.5
10,20,40,70,-140.712052701055,-0.0446527869259951,5,5,8.66025403784439
10,21,1,2,-140.712052701055,-0.0446527869259951,5,5,8.66025403784439
10,21,2,7,-406.151482923494,-0.0154700538379252,5,5,6.61437827766148
10,21,2,8,90.9816840965796,0.0690598923241497,5,5,7.5
10,21,2,14,74.3308802673602,0.0845299461620748,5,5,5
10,21,7,19,406.151482923494,0.0154700538379252,5,5,6.61437827766148
10,21,8,14,406.151482923494,0.0154700538379252,5,5,6.61437827766148
10,21,8,22,203.075741461747,0.0309401076758503,5,5,8.66025403784439
10,21,13,19,-140.712052701055,-0.0446527869259951,5,5,8.66025403784439
10,21,14,22,406.151482923494,0.0154700538379252,5,5,6.61437827766148
10,21,14,32,74.3308802673602,0.0845299461620748,5,5,5
10,21,19,20,74.3308802673602,0.0845299461620748,5,5,5
10,21,19,37,90.9816840965796,0.0690598923241497,5,5,7.5
10,21,20,37,-406.151482923494,-0.0154700538379252,5,5,6.61437827766148
10,21,20,40,74.3308802673602,0.0845299461620748,5,5,5
10,21,20,44,406.151482923494,0.0154700538379252,5,5,6.61437827766148
10,21,22,32,90.9816840965796,0.0690598923241497,5,5,7.5
10,21,32,45,406.151482923494,0.0154700538379252,5,5,6.61437827766148
10,21,32,56,-140.712052701055,-0.0446527869259951,5,5,8.66025403784439
10,21,37,44,203.075741461747,0.0309401076758503,5,5,8.66025403784439
10,21,40,44,-90.9816840965796,-0.0690598923241497,5,5,7.5
10,21,40,45,406.151482923494,0.0154700538379252,5,5,6.61437827766148
10,21,40,62,-140.712052701055,-0.0446527869259951,5,5,8.66025403784439
10,32,2,3,83.1187288206608,0.0755928946018454,8.66025403784439,5,8.66025403784439
10,32,2,7,-257.432628928405,-0.0244071053981545,8.66025403784439,5,7.5
10,32,2,8,62.8318530717959,0.1,8.66025403784439,5,6.61437827766148
10,32,2,14,62.8318530717959,0.1,8.66025403784439,5,4.33012701892219
10,32,8,22,62.8318530717959,0.1,8.66025403784439,5,6.61437827766148
10,32,14,22,62.8318530717959,0.1,8.66025403784439,5,4.33012701892219
10,32,19,20,257.432628928405,0.0244071053981545,8.66025403784439,5,7.5
10,32,20,21,62.8318530717959,0.1,8.66025403784439,5,4.33012701892219
10,32,20,40,62.8318530717959,0.1,8.66025403784439,5,6.61437827766148
10,32,20,44,83.1187288206608,0.0755928946018454,8.66025403784439,5,8.66025403784439
10,32,21,45,62.8318530717959,0.1,8.66025403784439,5,4.33012701892219
10,32,22,23,-83.1187288206608,-0.0755928946018455,8.66025403784439,5,8.66025403784439
10,32,22,46,257.432628928405,0.0244071053981545,8.66025403784439,5,7.5
10,32,40,45,62.8318530717959,0.1,8.66025403784439,5,6.61437827766148
10,32,45,56,257.432628928405,0.0244071053981545,8.66025403784439,5,7.5
10,32,45,62,-83.1187288206608,-0.0755928946018455,8.66025403784439,5,8.66025403784439
10,37,2,7,257.432628928405,0.0244071053981546,8.66025403784439,5,7.5
10,37,6,7,-83.1187288206608,-0.0755928946018455,8.66025403784439,5,8.66025403784439
10,37,7,13,62.8318530717959,0.1,8.66025403784439,5,6.61437827766148
10,37,7,19,62.8318530717959,0.1,8.66025403784439,5,4.33012701892219
10,37,13,31,62.8318530717959,0.1,8.66025403784439,5,6.61437827766148
10,37,14,21,257.432628928405,0.0244071053981546,8.66025403784439,5,7.5
10,37,19,31,62.8318530717959,0.1,8.66025403784439,5,4.33012701892219
10,37,20,21,-62.8318530717959,-0.1,8.66025403784439,5,4.33012701892219
10,37,20,44,62.8318530717959,0.1,8.66025403784439,5,4.33012701892219
10,37,21,40,62.8318530717959,0.1,8.66025403784439,5,6.61437827766148
10,37,21,45,83.1187288206608,0.0755928946018455,8.66025403784439,5,8.66025403784439
10,37,30,31,83.1187288206608,0.0755928946018455,8.66025403784439,5,8.66025403784439
10,37,31,55,257.432628928405,0.0244071053981545,8.66025403784439,5,7.5
10,37,40,44,62.8318530717959,0.1,8.66025403784439,5,6.61437827766148
10,37,44,61,257.432628928405,0.0244071053981545,8.66025403784439,5,7.5
10,37,44,70,-83.1187288206608,-0.0755928946018455,8.66025403784439,5,8.66025403784439
10,40,2,14,257.432628928405,0.0244071053981546,8.66025403784439,5,7.5
10,40,7,19,257.432628928405,0.0244071053981546,8.66025403784439,5,7.5
10,40,14,21,62.8318530717959,0.1,8.66025403784439,5,4.33012701892219
10,40,14,22,83.1187288206608,0.0755928946018454,8.66025403784439,5,8.66025403784439
10,40,14,32,62.8318530717959,0.1,8.66025403784439,5,6.61437827766148
10,40,19,20,62.8318530717959,0.1,8.66025403784439,5,4.33012701892219
10,40,19,31,83.1187288206608,0.0755928946018455,8.66025403784439,5,8.66025403784439
10,40,19,37,62.8318530717959,0.1,8.66025403784439,5,6.61437827766148
10,40,20,44,62.8318530717959,0.1,8.66025403784439,5,4.33012701892219
10,40,21,45,62.8318530717959,0.1,8.66025403784439,5,4.33012701892219
10,40,32,45,62.8318530717959,0.1,8.66025403784439,5,6.61437827766148
10,40,37,44,62.8318530717959,0.1,8.66025403784439,5,6.61437827766148
10,40,44,61,-83.1187288206608,-0.0755928946018455,8.66025403784439,5,8.66025403784439
10,40,44,70,257.432628928405,0.0244071053981545,8.66025403784439,5,7.5
10,40,45,56,-83.1187288206608,-0.0755928946018455,8.66025403784439,5,8.66025403784439
10,40,45,62,257.432628928405,0.0244071053981545,8.66025403784439,5,7.5
11,12,1,3,-62.8318530717959,-0.1,8.66025403784439,5,6.61437827766148
11,12,1,5,62.8318530717959,0.1,8.66025403784439,5,6.61437827766148
11,12,2,3,-83.1187288206608,-0.0755928946018455,8.66025403784439,5,8.66025403784439
11,12,3,4,62.8318530717959,0.1,8.66025403784439,5,4.33012701892219
11,12,3,15,-257.432628928405,-0.0244071053981545,8.66025403784439,5,7.5
11,12,4,5,62.8318530717959,0.1,8.66025403784439,5,4.33012701892219
11,12,5,6,-83.1187288206608,-0.0755928946018455,8.66025403784439,5,8.66025403784439
11,12,5,17,257.432628928405,0.0244071053981545,8.66025403784439,5,7.5
11,12,16,25,-62.8318530717959,-0.1,8.66025403784439,5,4.33012701892219
11,12,16,26,62.8318530717959,0.1,8.66025403784439,5,4.33012701892219
11,12,24,25,257.432628928405,0.0244071053981545,8.66025403784439,5,7.5
11,12,25,36,62.8318530717959,0.1,8.66025403784439,5,6.61437827766148
11,12,25,49,83.1187288206608,0.0755928946018454,8.66025403784439,5,8.66025403784439
11,12,26,27,257.432628928405,0.0244071053981545,8.66025403784439,5,7.5
11,12,26,36,-62.8318530717959,-0.1,8.66025403784439,5,6.61437827766148
11,12,26,50,-83.1187288206608,-0.0755928946018455,8.66025403784439,5,8.66025403784439
11,15,1,2,203.075741461747,0.0309401076758503,5,5,8.66025403784439
11,15,1,3,406.151482923494,0.0154700538379252,5,5,6.61437827766148
11,15,1,4,-90.9816840965796,-0.0690598923241497,5,5,7.5
11,15,2,3,-406.151482923494,-0.0154700538379252,5,5,6.61437827766148
11,15,2,8,90.9816840965796,0.0690598923241497,5,5,7.5
11,15,3,4,-74.3308802673602,-0.0845299461620748,5,5,5
11,15,3,8,74.3308802673602,0.0845299461620748,5,5,5
11,15,4,12,140.712052701055,0.0446527869259951,5,5,8.66025403784439
11,15,4,16,-406.151482923494,-0.0154700538379252,5,5,6.61437827766148
11,15,8,22,-140.712052701055,-0.0446527869259951,5,5,8.66025403784439
11,15,8,23,406.151482923494,0.0154700538379252,5,5,6.61437827766148
11,15,16,25,406.151482923494,0.0154700538379252,5,5,6.61437827766148
11,15,23,33,-406.151482923494,-0.0154700538379252,5,5,6.61437827766148
11,15,24,25,-74.3308802673602,-0.0845299461620748,5,5,5
11,15,24,33,74.3308802673602,0.0845299461620748,5,5,5
11,15,24,41,-406.151482923494,-0.0154700538379252,5,5,6.61437827766148
11,15,24,48,406.151482923494,0.0154700538379252,5,5,6.61437827766148
11,15,25,36,140.712052701055,0.0446527869259951,5,5,8.66025403784439
11,15,25,41,90.9816840965796,0.0690598923241497,5,5,7.5
11,15,33,47,-140.712052701055,-0.0446527869259951,5,5,8.66025403784439
11,15,33,48,-90.9816840965796,-0.0690598923241497,5,5,7.5
11,15,41,48,203.075741461747,0.0309401076758503,5,5,8.66025403784439
11,16,1,3,-90.9816840965796,-0.0690598923241497,5,5,7.5
11,16,1,4,406.151482923494,0.0154700538379252,5,5,6.61437827766148
11,16,1,5,203.075741461747,0.0309401076758503,5,5,8.66025403784439
11,16,3,4,74.3308802673602,0.0845299461620748,5,5,5
11,16,3,8,140.712052701055,0.0446527869259951,5,5,8.66025403784439
11,16,3,15,-406.151482923494,-0.0154700538379252,5,5,6.61437827766148
11,16,4,5,406.151482923494,0.0154700538379252,5,5,6.61437827766148
11,16,4,12,74.3308802673602,0.0845299461620748,5,5,5
11,16,5,12,90.9816840965796,0.0690598923241497,5,5,7.5
11,16,12,26,406.151482923494,0.0154700538379252,5,5,6.61437827766148
11,16,12,27,-140.712052701055,-0.0446527869259951,5,5,8.66025403784439
11,16,15,24,406.151482923494,0.0154700538379252,5,5,6.61437827766148
11,16,24,25,74.3308802673602,0.0845299461620748,5,5,5
11,16,24,33,140.712052701055,0.0446527869259951,5,5,8.66025403784439
11,16,24,41,90.9816840965796,0.0690598923241497,5,5,7.5
11,16,25,36,74.3308802673602,0.0845299461620748,5,5,5
11,16,25,41,-406.151482923494,-0.0154700538379252,5,5,6.61437827766148
11,16,25,49,406.151482923494,0.0154700538379252,5,5,6.61437827766148
11,16,26,36,-406.151482923494,-0.0154700538379252,5,5,6.61437827766148
11,16,36,49,-90.9816840965796,-0.0690598923241497,5,5,7.5
11,16,36,50,-140.712052701055,-0.0446527869259951,5,5,8.66025403784439
11,16,41,49,203.075741461747,0.0309401076758503,5,5,8.66025403784439
11,24,1,3,-140.712052701055,-0.0446527869259951,5,5,8.66025403784439
11,24,3,4,-406.151482923494,-0.0154700538379252,5,5,6.61437827766148
11,24,3,8,90.9816840965796,0.0690598923241497,5,5,7.5
11,24,3,15,74.3308802673602,0.0845299461620748,5,5,5
11,24,4,16,406.151482923494,0.0154700538379252,5,5,6.61437827766148
11,24,8,15,406.151482923494,0.0154700538379252,5,5,6.61437827766148
11,24,8,23,203.075741461747,0.0309401076758503,5,5,8.66025403784439
11,24,12,16,-140.712052701055,-0.0446527869259951,5,5,8.66025403784439
11,24,15,23,406.151482923494,0.0154700538379252,5,5,6.61437827766148
11,24,15,33,74.3308802673602,0.0845299461620748,5,5,5
11,24,16,25,74.3308802673602,0.0845299461620748,5,5,5
11,24,16,36,90.9816840965796,0.0690598923241497,5,5,7.5
11,24,23,33,90.9816840965796,0.0690598923241497,5,5,7.5
11,24,25,36,-406.151482923494,-0.0154700538379252,5,5,6.61437827766148
11,24,25,41,74.3308802673602,0.0845299461620748,5,5,5
11,24,25,49,406.151482923494,0.0154700538379252,5,5,6.61437827766148
11,24,33,48,406.151482923494,0.0154700538379252,5,5,6.61437827766148
11,24,33,57,-140.712052701055,-0.0446527869259951,5,5,8.66025403784439
11,24,36,49,203.075741461747,0.0309401076758503,5,5,8.66025403784439
11,24,41,48,406.151482923494,0.0154700538379252,5,5,6.61437827766148
11,24,41,49,-90.9816840965796,-0.0690598923241497,5,5,7.5
11,24,41,65,-140.712052701055,-0.0446527869259951,5,5,8.66025403784439
11,25,1,4,-140.712052701055,-0.0446527869259951,5,5,8.66025403784439
11,25,3,4,406.151482923494,0.0154700538379252,5,5,6.61437827766148
11,25,3,15,406.151482923494,0.0154700538379252,5,5,6.61437827766148
11,25,4,12,90.9816840965796,0.0690598923241497,5,5,7.5
11,25,4,16,74.3308802673602,0.0845299461620748,5,5,5
11,25,8,15,-140.712052701055,-0.0446527869259951,5,5,8.66025403784439
11,25,12,16,406.151482923494,0.0154700538379252,5,5,6.61437827766148
11,25,12,26,203.075741461747,0.0309401076758503,5,5,8.66025403784439
11,25,15,24,74.3308802673602,0.0845299461620748,5,5,5
11,25,15,33,90.9816840965796,0.0690598923241497,5,5,7.5
11,25,16,26,406.151482923494,0.0154700538379252,5,5,6.61437827766148
11,25,16,36,74.3308802673602,0.0845299461620748,5,5,5
11,25,24,33,-406.151482923494,-0.0154700538379252,5,5,6.61437827766147
11,25,24,41,74.3308802673602,0.0845299461620748,5,5,5
11,25,24,48,406.151482923494,0.0154700538379252,5,5,6.61437827766147
11,25,26,36,90.9816840965796,0.0690598923241497,5,5,7.5
11,25,33,48,203.075741461747,0.0309401076758503,5,5,8.66025403784439
11,25,36,49,406.151482923494,0.0154700538379252,5,5,6.61437827766148
11,25,36,58,-140.712052701055,-0.0446527869259951,5,5,8.66025403784439
11,25,41,48,-90.9816840965796,-0.0690598923241497,5,5,7.5
11,25,41,49,406.151482923494,0.0154700538379252,5,5,6.61437827766148
11,25,41,71,-140.712052701055,-0.0446527869259951,5,5,8.66025403784439
11,33,2,3,-83.1187288206608,-0.0755928946018455,8.66025403784439,5,8.66025403784439
11,33,3,4,-257.432628928405,-0.0244071053981545,8.66025403784439,5,7.5
11,33,3,8,62.8318530717959,0.1,8.66025403784439,5,6.61437827766148
11,33,3,15,62.8318530717959,0.1,8.66025403784439,5,4.33012701892219
11,33,8,23,62.8318530717959,0.1,8.66025403784439,5,6.61437827766148
11,33,15,23,62.8318530717959,0.1,8.66025403784439,5,4.33012701892219
11,33,16,25,257.432628928405,0.0244071053981545,8.66025403784439,5,7.5
11,33,22,23,83.1187288206608,0.0755928946018454,8.66025403784439,5,8.66025403784439
11,33,23,47,257.432628928405,0.0244071053981545,8.66025403784439,5,7.5
11,33,24,25,-62.8318530717959,-0.1,8.66025403784439,5,4.33012701892219
11,33,24,48,62.8318530717959,0.1,8.66025403784439,5,4.33012701892219
11,33,25,41,62.8318530717959,0.1,8.66025403784439,5,6.61437827766148
11,33,25,49,83.1187288206608,0.0755928946018454,8.66025403784439,5,8.66025403784439
11,33,41,48,62.8318530717959,0.1,8.66025403784439,5,6.61437827766148
11,33,48,57,257.432628928405,0.0244071053981545,8.66025403784439,5,7.5
11,33,48,65,-83.1187288206608,-0.0755928946018455,8.66025403784439,5,8.66025403784439
11,36,3,4,257.432628928405,0.0244071053981546,8.66025403784439,5,7.5
11,36,4,5,83.1187288206608,0.0755928946018454,8.66025403784439,5,8.66025403784439
11,36,4,12,62.8318530717959,0.1,8.66025403784439,5,6.61437827766148
11,36,4,16,62.8318530717959,0.1,8.66025403784439,5,4.33012701892219
11,36,12,26,62.8318530717959,0.1,8.66025403784439,5,6.61437827766148
11,36,15,24,257.432628928405,0.0244071053981546,8.66025403784439,5,7.5
11,36,16,26,62.8318530717959,0.1,8.66025403784439,5,4.33012701892219
11,36,24,25,62.8318530717959,0.1,8.66025403784439,5,4.33012701892219
11,36,24,41,62.8318530717959,0.1,8.66025403784439,5,6.61437827766148
11,36,24,48,83.1187288206608,0.0755928946018455,8.66025403784439,5,8.66025403784439
11,36,25,49,62.8318530717959,0.1,8.66025403784439,5,4.33012701892219
11,36,26,27,-83.1187288206608,-0.0755928946018455,8.66025403784439,5,8.66025403784439
11,36,26,50,257.432628928405,0.0244071053981545,8.66025403784439,5,7.5
11,36,41,49,62.8318530717959,0.1,8.66025403784439,5,6.61437827766148
11,36,49,58,257.432628928405,0.0244071053981545,8.66025403784439,5,7.5
11,36,49,71,-83.1187288206608,-0.0755928946018455,8.66025403784439,5,8.66025403784439
11,41,3,15,257.432628928405,0.0244071053981546,8.66025403784439,5,7.5
11,41,4,16,257.432628928405,0.0244071053981546,8.66025403784439,5,7.5
11,41,15,23,83.1187288206608,0.0755928946018454,8.66025403784439,5,8.66025403784439
11,41,15,24,62.8318530717959,0.1,8.66025403784439,5,4.33012701892219
11,41,15,33,62.8318530717959,0.1,8.66025403784439,5,6.61437827766148
11,41,16,25,62.8318530717959,0.1,8.66025403784439,5,4.33012701892219
11,41,16,26,83.1187288206608,0.0755928946018455,8.66025403784439,5,8.66025403784439
11,41,16,36,62.8318530717959,0.1,8.66025403784439,5,6.61437827766148
11,41,24,48,62.8318530717959,0.1,8.66025403784439,5,4.33012701892219
11,41,25,49,62.8318530717959,0.1,8.66025403784439,5,4.33012701892219
11,41,33,48,62.8318530717959,0.1,8.66025403784439,5,6.61437827766148
11,41,36,49,62.8318530717959,0.1,8.66025403784439,5,6.61437827766148
11,41,48,57,-83.1187288206608,-0.0755928946018455,8.66025403784439,5,8.66025403784439
11,41,48,65,257.432628928405,0.0244071053981545,8.66025403784439,5,7.5
11,41,49,58,-83.1187288206608,-0.0755928946018455,8.66025403784439,5,8.66025403784439
11,41,49,71,257.432628928405,0.0244071053981545,8.66025403784439,5,7.5
12,16,1,3,203.075741461747,0.0309401076758503,5,5,8.66025403784439
12,16,1,4,406.151482923494,0.0154700538379252,5,5,6.61437827766148
12,16,1,5,-90.9816840965796,-0.0690598923241497,5,5,7.5
12,16,3,4,-406.151482923494,-0.0154700538379252,5,5,6.61437827766148
12,16,3,11,90.9816840965796,0.0690598923241497,5,5,7.5
12,16,4,5,-74.3308802673602,-0.0845299461620748,5,5,5
12,16,4,11,74.3308802673602,0.0845299461620748,5,5,5
12,16,5,9,140.712052701055,0.0446527869259951,5,5,8.66025403784439
12,16,5,17,-406.151482923494,-0.0154700538379252,5,5,6.61437827766148
12,16,11,24,-140.712052701055,-0.0446527869259951,5,5,8.66025403784439
12,16,11,25,406.151482923494,0.0154700538379252,5,5,6.61437827766148
12,16,17,27,406.151482923494,0.0154700538379252,5,5,6.61437827766148
12,16,25,36,-406.151482923494,-0.0154700538379252,5,5,6.61437827766148
12,16,26,27,-74.3308802673602,-0.0845299461620748,5,5,5
12,16,26,36,74.3308802673602,0.0845299461620748,5,5,5
12,16,26,42,-406.151482923494,-0.0154700538379252,5,5,6.61437827766148
12,16,26,50,406.151482923494,0.0154700538379252,5,5,6.61437827766148
12,16,27,34,140.712052701055,0.0446527869259951,5,5,8.66025403784439
12,16,27,42,90.9816840965796,0.0690598923241497,5,5,7.5
12,16,36,49,-140.712052701055,-0.0446527869259951,5,5,8.66025403784439
12,16,36,50,-90.9816840965796,-0.0690598923241497,5,5,7.5
12,16,42,50,203.075741461747,0.0309401076758503,5,5,8.66025403784439
12,17,1,4,-90.9816840965796,-0.0690598923241497,5,5,7.5
12,17,1,5,406.151482923494,0.0154700538379252,5,5,6.61437827766148
12,17,1,6,203.075741461747,0.0309401076758503,5,5,8.66025403784439
12,17,4,5,74.3308802673602,0.0845299461620748,5,5,5
12,17,4,11,140.712052701055,0.0446527869259951,5,5,8.66025403784439
12,17,4,16,-406.151482923494,-0.0154700538379252,5,5,6.61437827766148
12,17,5,6,406.151482923494,0.0154700538379252,5,5,6.61437827766148
12,17,5,9,74.3308802673602,0.0845299461620748,5,5,5
12,17,6,9,90.9816840965796,0.0690598923241497,5,5,7.5
12,17,9,28,406.151482923494,0.0154700538379252,5,5,6.61437827766148
12,17,9,29,-140.712052701055,-0.0446527869259951,5,5,8.66025403784439
12,17,16,26,406.151482923494,0.0154700538379252,5,5,6.61437827766148
12,17,26,27,74.3308802673602,0.0845299461620748,5,5,5
12,17,26,36,140.712052701055,0.0446527869259951,5,5,8.66025403784439
12,17,26,42,90.9816840965796,0.0690598923241497,5,5,7.5
12,17,27,34,74.3308802673602,0.0845299461620748,5,5,5
12,17,27,42,-406.151482923494,-0.0154700538379252,5,5,6.61437827766148
12,17,27,51,406.151482923494,0.0154700538379252,5,5,6.61437827766148
12,17,28,34,-406.151482923494,-0.0154700538379252,5,5,6.61437827766148
12,17,34,51,-90.9816840965796,-0.0690598923241497,5,5,7.5
12,17,34,52,-140.712052701055,-0.0446527869259951,5,5,8.66025403784439
12,17,42,51,203.075741461747,0.0309401076758503,5,5,8.66025403784439
12,26,1,4,-140.712052701055,-0.0446527869259951,5,5,8.66025403784439
12,26,4,5,-406.151482923494,-0.0154700538379252,5,5,6.61437827766148
12,26,4,11,90.9816840965796,0.0690598923241497,5,5,7.5
12,26,4,16,74.3308802673602,0.0845299461620748,5,5,5
12,26,5,17,406.151482923494,0.0154700538379252,5,5,6.61437827766148
12,26,9,17,-140.712052701055,-0.0446527869259951,5,5,8.66025403784439
12,26,11,16,406.151482923494,0.0154700538379252,5,5,6.61437827766148
12,26,11,25,203.075741461747,0.0309401076758503,5,5,8.66025403784439
12,26,16,25,406.151482923494,0.0154700538379252,5,5,6.61437827766148
12,26,16,36,74.3308802673602,0.0845299461620748,5,5,5
12,26,17,27,74.3308802673602,0.0845299461620748,5,5,5
12,26,17,34,90.9816840965796,0.0690598923241497,5,5,7.5
12,26,25,36,90.9816840965796,0.0690598923241497,5,5,7.5
12,26,27,34,-406.151482923494,-0.0154700538379252,5,5,6.61437827766147
12,26,27,42,74.3308802673602,0.0845299461620748,5,5,5
12,26,27,51,406.151482923494,0.0154700538379252,5,5,6.61437827766147
12,26,34,51,203.075741461747,0.0309401076758503,5,5,8.66025403784439
12,26,36,50,406.151482923494,0.0154700538379252,5,5,6.61437827766148
12,26,36,58,-140.712052701055,-0.0446527869259951,5,5,8.66025403784439
12,26,42,50,406.151482923494,0.0154700538379252,5,5,6.61437827766148
12,26,42,51,-90.9816840965796,-0.0690598923241497,5,5,7.5
12,26,42,72,-140.712052701055,-0.0446527869259951,5,5,8.66025403784439
12,27,1,5,-140.712052701055,-0.0446527869259951,5,5,8.66025403784439
12,27,4,5,406.151482923494,0.0154700538379252,5,5,6.61437827766148
12,27,4,16,406.151482923494,0.0154700538379252,5,5,6.61437827766148
12,27,5,9,90.9816840965796,0.0690598923241497,5,5,7.5
12,27,5,17,74.3308802673602,0.0845299461620748,5,5,5
12,27,9,17,406.151482923494,0.0154700538379252,5,5,6.61437827766148
12,27,9,28,203.075741461747,0.0309401076758503,5,5,8.66025403784439
12,27,11,16,-140.712052701055,-0.0446527869259951,5,5,8.66025403784439
12,27,16,26,74.3308802673602,0.0845299461620748,5,5,5
12,27,16,36,90.9816840965796,0.0690598923241497,5,5,7.5
12,27,17,28,406.151482923494,0.0154700538379252,5,5,6.61437827766148
12,27,17,34,74.3308802673602,0.0845299461620748,5,5,5
12,27,26,36,-406.151482923494,-0.0154700538379252,5,5,6.61437827766148
12,27,26,42,74.3308802673602,0.0845299461620748,5,5,5
12,27,26,50,406.151482923494,0.0154700538379252,5,5,6.61437827766148
12,27,28,34,90.9816840965796,0.0690598923241497,5,5,7.5
12,27,34,51,406.151482923494,0.0154700538379252,5,5,6.61437827766148
12,27,34,59,-140.712052701055,-0.0446527869259951,5,5,8.66025403784439
12,27,36,50,203.075741461747,0.0309401076758503,5,5,8.66025403784439
12,27,42,50,-90.9816840965796,-0.0690598923241497,5,5,7.5
12,27,42,51,406.151482923494,0.0154700538379252,5,5,6.61437827766148
12,27,42,66,-140.712052701055,-0.0446527869259951,5,5,8.66025403784439
12,34,4,5,257.432628928405,0.0244071053981545,8.66025403784439,5,7.5
12,34,5,6,83.1187288206608,0.0755928946018454,8.66025403784439,5,8.66025403784439
12,34,5,9,62.8318530717959,0.1,8.66025403784439,5,6.61437827766148
12,34,5,17,62.8318530717959,0.1,8.66025403784439,5,4.33012701892219
12,34,9,28,62.8318530717959,0.1,8.66025403784439,5,6.61437827766148
12,34,16,26,257.432628928405,0.0244071053981545,8.66025403784439,5,7.5
12,34,17,28,62.8318530717959,0.1,8.66025403784439,5,4.33012701892219
12,34,26,27,62.8318530717959,0.1,8.66025403784439,5,4.33012701892219
12,34,26,42,62.8318530717959,0.1,8.66025403784439,5,6.61437827766148
12,34,26,50,83.1187288206608,0.0755928946018454,8.66025403784439,5,8.66025403784439
12,34,27,51,62.8318530717959,0.1,8.66025403784439,5,4.33012701892219
12,34,28,29,-83.1187288206608,-0.0755928946018455,8.66025403784439,5,8.66025403784439
12,34,28,52,257.432628928405,0.0244071053981545,8.66025403784439,5,7.5
12,34,42,51,62.8318530717959,0.1,8.66025403784439,5,6.61437827766148
12,34,51,59,257.432628928405,0.0244071053981545,8.66025403784439,5,7.5
12,34,51,66,-83.1187288206608,-0.0755928946018455,8.66025403784439,5,8.66025403784439
12,36,3,4,-83.1187288206608,-0.0755928946018455,8.66025403784439,5,8.66025403784439
12,36,4,5,-257.432628928405,-0.0244071053981546,8.66025403784439,5,7.5
12,36,4,11,62.8318530717959,0.1,8.66025403784439,5,6.61437827766148
12,36,4,16,62.8318530717959,0.1,8.66025403784439,5,4.33012701892219
12,36,11,25,62.8318530717959,0.1,8.66025403784439,5,6.61437827766148
12,36,16,25,62.8318530717959,0.1,8.66025403784439,5,4.33012701892219
12,36,17,27,257.432628928405,0.0244071053981546,8.66025403784439,5,7.5
12,36,24,25,83.1187288206608,0.0755928946018455,8.66025403784439,5,8.66025403784439
12,36,25,49,257.432628928405,0.0244071053981545,8.66025403784439,5,7.5
12,36,26,27,-62.8318530717959,-0.1,8.66025403784439,5,4.33012701892219
12,36,26,50,62.8318530717959,0.1,8.66025403784439,5,4.33012701892219
12,36,27,42,62.8318530717959,0.1,8.66025403784439,5,6.61437827766148
12,36,27,51,83.1187288206608,0.0755928946018455,8.66025403784439,5,8.66025403784439
12,36,42,50,62.8318530717959,0.1,8.66025403784439,5,6.61437827766148
12,36,50,58,257.432628928405,0.0244071053981545,8.66025403784439,5,7.5
12,36,50,72,-83.1187288206608,-0.0755928946018455,8.66025403784439,5,8.66025403784439
12,42,4,16,257.432628928405,0.0244071053981546,8.66025403784439,5,7.5
12,42,5,17,257.432628928405,0.0244071053981546,8.66025403784439,5,7.5
12,42,16,25,83.1187288206608,0.0755928946018455,8.66025403784439,5,8.66025403784439
12,42,16,26,62.8318530717959,0.1,8.66025403784439,5,4.33012701892219
12,42,16,36,62.8318530717959,0.1,8.66025403784439,5,6.61437827766148
12,42,17,27,62.8318530717959,0.1,8.66025403784439,5,4.33012701892219
12,42,17,28,83.1187288206608,0.0755928946018454,8.66025403784439,5,8.66025403784439
12,42,17,34,62.8318530717959,0.1,8.66025403784439,5,6.61437827766148
12,42,26,50,62.8318530717959,0.1,8.66025403784439,5,4.33012701892219
12,42,27,51,62.8318530717959,0.1,8.66025403784439,5,4.33012701892219
12,42,34,51,62.8318530717959,0.1,8.66025403784439,5,6.61437827766148
12,42,36,50,62.8318530717959,0.1,8.66025403784439,5,6.61437827766148
12,42,50,58,-83.1187288206608,-0.0755928946018455,8.66025403784439,5,8.66025403784439
12,42,50,72,257.432628928405,0.0244071053981545,8.66025403784439,5,7.5
12,42,51,59,-83.1187288206608,-0.0755928946018455,8.66025403784439,5,8.66025403784439
12,42,51,66,257.432628928405,0.0244071053981545,8.66025403784439,5,7.5
13,18,1,5,203.075741461747,0.0309401076758503,5,5,8.66025403784439
13,18,1,6,406.151482923494,0.0154700538379252,5,5,6.61437827766148
13,18,1,7,-90.9816840965796,-0.0690598923241497,5,5,7.5
13,18,5,6,-406.151482923494,-0.0154700538379252,5,5,6.61437827766148
13,18,5,9,90.9816840965796,0.0690598923241497,5,5,7.5
13,18,6,7,-74.3308802673602,-0.0845299461620748,5,5,5
13,18,6,9,74.3308802673602,0.0845299461620748,5,5,5
13,18,7,10,140.712052701055,0.0446527869259951,5,5,8.66025403784439
13,18,7,19,-406.151482923494,-0.0154700538379252,5,5,6.61437827766148
13,18,9,28,-140.712052701055,-0.0446527869259951,5,5,8.66025403784439
13,18,9,29,406.151482923494,0.0154700538379252,5,5,6.61437827766148
13,18,19,31,406.151482923494,0.0154700538379252,5,5,6.61437827766148
13,18,29,35,-406.151482923494,-0.0154700538379252,5,5,6.61437827766148
13,18,30,31,-74.3308802673602,-0.0845299461620748,5,5,5
13,18,30,35,74.3308802673602,0.0845299461620748,5,5,5
13,18,30,43,-406.151482923494,-0.0154700538379252,5,5,6.61437827766148
13,18,30,54,406.151482923494,0.0154700538379252,5,5,6.61437827766148
13,18,31,37,140.712052701055,0.0446527869259951,5,5,8.66025403784439
13,18,31,43,90.9816840965796,0.0690598923241497,5,5,7.5
13,18,35,53,-140.712052701055,-0.0446527869259951,5,5,8.66025403784439
13,18,35,54,-90.9816840965796,-0.0690598923241497,5,5,7.5
13,18,43,54,203.075741461747,0.0309401076758503,5,5,8.66025403784439
13,19,1,2,203.075741461747,0.0309401076758503,5,5,8.66025403784439
13,19,1,6,-90.9816840965796,-0.0690598923241497,5,5,7.5
13,19,1,7,406.151482923494,0.0154700538379252,5,5,6.61437827766148
13,19,2,7,-406.151482923494,-0.0154700538379252,5,5,6.61437827766148
13,19,2,10,90.9816840965796,0.0690598923241497,5,5,7.5
13,19,6,7,74.3308802673602,0.0845299461620748,5,5,5
13,19,6,9,140.712052701055,0.0446527869259951,5,5,8.66025403784439
13,19,6,18,-406.151482923494,-0.0154700538379252,5,5,6.61437827766148
13,19,7,10,74.3308802673602,0.0845299461620748,5,5,5
13,19,10,20,406.151482923494,0.0154700538379252,5,5,6.61437827766148
13,19,10,21,-140.712052701055,-0.0446527869259951,5,5,8.66025403784439
13,19,18,30,406.151482923494,0.0154700538379252,5,5,6.61437827766148
13,19,20,37,-406.151482923494,-0.0154700538379252,5,5,6.61437827766148
13,19,30,31,74.3308802673602,0.0845299461620748,5,5,5
13,19,30,35,140.712052701055,0.0446527869259951,5,5,8.66025403784439
13,19,30,43,90.9816840965796,0.0690598923241497,5,5,7.5
13,19,31,37,74.3308802673602,0.0845299461620748,5,5,5
13,19,31,43,-406.151482923494,-0.0154700538379252,5,5,6.61437827766148
13,19,31,55,406.151482923494,0.0154700538379252,5,5,6.61437827766148
13,19,37,44,-140.712052701055,-0.0446527869259951,5,5,8.66025403784439
13,19,37,55,-90.9816840965796,-0.0690598923241497,5,5,7.5
13,19,43,55,203.075741461747,0.0309401076758503,5,5,8.66025403784439
13,30,1,6,-140.712052701055,-0.0446527869259951,5,5,8.66025403784439
13,30,6,7,-406.151482923494,-0.0154700538379252,5,5,6.61437827766148
13,30,6,9,90.9816840965796,0.0690598923241497,5,5,7.5
13,30,6,18,74.3308802673602,0.0845299461620748,5,5,5
13,30,7,19,406.151482923494,0.0154700538379252,5,5,6.61437827766148
13,30,9,18,406.151482923494,0.0154700538379252,5,5,6.61437827766148
13,30,9,29,203.075741461747,0.0309401076758503,5,5,8.66025403784439
13,30,10,19,-140.712052701055,-0.0446527869259951,5,5,8.66025403784439
13,30,18,29,406.151482923494,0.0154700538379252,5,5,6.61437827766148
13,30,18,35,74.3308802673602,0.0845299461620748,5,5,5
13,30,19,31,74.3308802673602,0.0845299461620748,5,5,5
13,30,19,37,90.9816840965796,0.0690598923241497,5,5,7.5
13,30,29,35,90.9816840965796,0.0690598923241497,5,5,7.5
13,30,31,37,-406.151482923494,-0.0154700538379252,5,5,6.61437827766148
13,30,31,43,74.3308802673602,0.0845299461620748,5,5,5
13,30,31,55,406.151482923494,0.0154700538379252,5,5,6.61437827766148
13,30,35,54,406.151482923494,0.0154700538379252,5,5,6.61437827766148
13,30,35,60,-140.712052701055,-0.0446527869259951,5,5,8.66025403784439
13,30,37,55,203.075741461747,0.0309401076758503,5,5,8.66025403784439
13,30,43,54,406.151482923494,0.0154700538379252,5,5,6.61437827766148
13,30,43,55,-90.9816840965796,-0.0690598923241497,5,5,7.5
13,30,43,69,-140.712052701055,-0.0446527869259951,5,5,8.66025403784439
13,31,1,7,-140.712052701055,-0.0446527869259951,5,5,8.66025403784439
13,31,6,7,406.151482923494,0.0154700538379252,5,5,6.61437827766148
13,31,6,18,406.151482923494,0.0154700538379252,5,5,6.61437827766148
13,31,7,10,90.9816840965796,0.0690598923241497,5,5,7.5
13,31,7,19,74.3308802673602,0.0845299461620748,5,5,5
13,31,9,18,-140.712052701055,-0.0446527869259951,5,5,8.66025403784439
13,31,10,19,406.151482923494,0.0154700538379252,5,5,6.61437827766148
13,31,10,20,203.075741461747,0.0309401076758503,5,5,8.66025403784439
13,31,18,30,74.3308802673602,0.0845299461620748,5,5,5
13,31,18,35,90.9816840965796,0.0690598923241497,5,5,7.5
13,31,19,20,406.151482923494,0.0154700538379252,5,5,6.61437827766148
13,31,19,37,74.3308802673602,0.0845299461620748,5,5,5
13,31,20,37,90.9816840965796,0.0690598923241497,5,5,7.5
13,31,30,35,-406.151482923494,-0.0154700538379252,5,5,6.61437827766147
13,31,30,43,74.3308802673602,0.0845299461620748,5,5,5
13,31,30,54,406.151482923494,0.0154700538379252,5,5,6.61437827766147
13,31,35,54,203.075741461747,0.0309401076758503,5,5,8.66025403784439
13,31,37,55,406.151482923494,0.0154700538379252,5,5,6.61437827766148
13,31,37,61,-140.712052701055,-0.0446527869259951,5,5,8.66025403784439
13,31,43,54,-90.9816840965796,-0.0690598923241497,5,5,7.5
13,31,43,55,406.151482923494,0.0154700538379252,5,5,6.61437827766148
13,31,43,73,-140.712052701055,-0.0446527869259951,5,5,8.66025403784439
13,35,5,6,-83.1187288206608,-0.0755928946018455,8.66025403784439,5,8.66025403784439
13,35,6,7,-257.432628928405,-0.0244071053981545,8.66025403784439,5,7.5
13,35,6,9,62.8318530717959,0.1,8.66025403784439,5,6.61437827766148
13,35,6,18,62.8318530717959,0.1,8.66025403784439,5,4.33012701892219
13,35,9,29,62.8318530717959,0.1,8.66025403784439,5,6.61437827766148
13,35,18,29,62.8318530717959,0.1,8.66025403784439,5,4.33012701892219
13,35,19,31,257.432628928405,0.0244071053981545,8.66025403784439,5,7.5
13,35,28,29,83.1187288206608,0.0755928946018454,8.66025403784439,5,8.66025403784439
13,35,29,53,257.432628928405,0.0244071053981545,8.66025403784439,5,7.5
13,35,30,31,-62.8318530717959,-0.1,8.66025403784439,5,4.33012701892219
13,35,30,54,62.8318530717959,0.1,8.66025403784439,5,4.33012701892219
13,35,31,43,62.8318530717959,0.1,8.66025403784439,5,6.61437827766148
13,35,31,55,83.1187288206608,0.0755928946018454,8.66025403784439,5,8.66025403784439
13,35,43,54,62.8318530717959,0.1,8.66025403784439,5,6.61437827766148
13,35,54,60,257.432628928405,0.0244071053981545,8.66025403784439,5,7.5
13,35,54,69,-83.1187288206608,-0.0755928946018455,8.66025403784439,5,8.66025403784439
13,37,2,7,-83.1187288206608,-0.0755928946018455,8.66025403784439,5,8.66025403784439
13,37,6,7,257.432628928405,0.0244071053981546,8.66025403784439,5,7.5
13,37,7,10,62.8318530717959,0.1,8.66025403784439,5,6.61437827766148
13,37,7,19,62.8318530717959,0.1,8.66025403784439,5,4.33012701892219
13,37,10,20,62.8318530717959,0.1,8.66025403784439,5,6.61437827766148
13,37,18,30,257.432628928405,0.0244071053981546,8.66025403784439,5,7.5
13,37,19,20,62.8318530717959,0.1,8.66025403784439,5,4.33012701892219
13,37,20,21,-83.1187288206608,-0.0755928946018455,8.66025403784439,5,8.66025403784439
13,37,20,44,257.432628928405,0.0244071053981545,8.66025403784439,5,7.5
13,37,30,31,62.8318530717959,0.1,8.66025403784439,5,4.33012701892219
13,37,30,43,62.8318530717959,0.1,8.66025403784439,5,6.61437827766148
13,37,30,54,83.1187288206608,0.0755928946018455,8.66025403784439,5,8.66025403784439
13,37,31,55,62.8318530717959,0.1,8.66025403784439,5,4.33012701892219
13,37,43,55,62.8318530717959,0.1,8.66025403784439,5,6.61437827766148
13,37,55,61,257.432628928405,0.0244071053981545,8.66025403784439,5,7.5
13,37,55,73,-83.1187288206608,-0.0755928946018455,8.66025403784439,5,8.66025403784439
13,43,6,18,257.432628928405,0.0244071053981546,8.66025403784439,5,7.5
13,43,7,19,257.432628928405,0.0244071053981546,8.66025403784439,5,7.5
13,43,18,29,83.1187288206608,0.0755928946018454,8.66025403784439,5,8.66025403784439
13,43,18,30,62.8318530717959,0.1,8.66025403784439,5,4.33012701892219
13,43,18,35,62.8318530717959,0.1,8.66025403784439,5,6.61437827766148
13,43,19,20,83.1187288206608,0.0755928946018455,8.66025403784439,5,8.66025403784439
13,43,19,31,62.8318530717959,0.1,8.66025403784439,5,4.33012701892219
13,43,19,37,62.8318530717959,0.1,8.66025403784439,5,6.61437827766148
13,43,30,54,62.8318530717959,0.1,8.66025403784439,5,4.33012701892219
13,43,31,55,62.8318530717959,0.1,8.66025403784439,5,4.33012701892219
13,43,35,54,62.8318530717959,0.1,8.66025403784439,5,6.61437827766148
13,43,37,55,62.8318530717959,0.1,8.66025403784439,5,6.61437827766148
13,43,54,60,-83.1187288206608,-0.0755928946018455,8.66025403784439,5,8.66025403784439
13,43,54,69,257.432628928405,0.0244071053981545,8.66025403784439,5,7.5
13,43,55,61,-83.1187288206608,-0.0755928946018455,8.66025403784439,5,8.66025403784439
13,43,55,73,257.432628928405,0.0244071053981545,8.66025403784439,5,7.5
14,20,1,2,-83.1187288206608,-0.0755928946018455,8.66025403784439,5,8.66025403784439
14,20,2,7,62.8318530717959,0.1,8.66025403784439,5,6.61437827766148
14,20,2,8,-257.432628928405,-0.0244071053981546,8.66025403784439,5,7.5
14,20,2,10,62.8318530717959,0.1,8.66025403784439,5,4.33012701892219
14,20,7,19,62.8318530717959,0.1,8.66025403784439,5,6.61437827766148
14,20,10,19,62.8318530717959,0.1,8.66025403784439,5,4.33012701892219
14,20,13,19,83.1187288206608,0.0755928946018455,8.66025403784439,5,8.66025403784439
14,20,19,37,257.432628928405,0.0244071053981545,8.66025403784439,5,7.5
14,20,21,32,-62.8318530717959,-0.1,8.66025403784439,5,4.33012701892219
14,20,21,40,62.8318530717959,0.1,8.66025403784439,5,4.33012701892219
14,20,22,32,257.432628928405,0.0244071053981546,8.66025403784439,5,7.5
14,20,32,45,62.8318530717959,0.1,8.66025403784439,5,6.61437827766148
14,20,32,56,83.1187288206608,0.0755928946018455,8.66025403784439,5,8.66025403784439
14,20,40,44,257.432628928405,0.0244071053981545,8.66025403784439,5,7.5
14,20,40,45,-62.8318530717959,-0.1,8.66025403784439,5,6.61437827766148
14,20,40,62,-83.1187288206608,-0.0755928946018455,8.66025403784439,5,8.66025403784439
14,21,2,3,140.712052701055,0.0446527869259951,5,5,8.66025403784439
14,21,2,7,90.9816840965796,0.0690598923241497,5,5,7.5
14,21,2,8,-406.151482923494,-0.0154700538379252,5,5,6.61437827766148
14,21,2,10,74.3308802673602,0.0845299461620748,5,5,5
14,21,7,10,406.151482923494,0.0154700538379252,5,5,6.61437827766148
14,21,7,19,203.075741461747,0.0309401076758503,5,5,8.66025403784439
14,21,8,22,406.151482923494,0.0154700538379252,5,5,6.61437827766148
14,21,10,19,406.151482923494,0.0154700538379252,5,5,6.61437827766148
14,21,10,20,74.3308802673602,0.0845299461620748,5,5,5
14,21,19,20,90.9816840965796,0.0690598923241497,5,5,7.5
14,21,20,40,406.151482923494,0.0154700538379252,5,5,6.61437827766148
14,21,20,44,-140.712052701055,-0.0446527869259951,5,5,8.66025403784439
14,21,22,23,140.712052701055,0.0446527869259951,5,5,8.66025403784439
14,21,22,32,74.3308802673602,0.0845299461620748,5,5,5
14,21,22,46,90.9816840965796,0.0690598923241497,5,5,7.5
14,21,32,45,74.3308802673602,0.0845299461620748,5,5,5
14,21,32,46,-406.151482923494,-0.0154700538379252,5,5,6.61437827766148
14,21,32,56,406.151482923494,0.0154700538379252,5,5,6.61437827766148
14,21,40,45,-406.151482923494,-0.0154700538379252,5,5,6.61437827766148
14,21,45,56,-90.9816840965796,-0.0690598923241497,5,5,7.5
14,21,45,62,-140.712052701055,-0.0446527869259951,5,5,8.66025403784439
14,21,46,56,203.075741461747,0.0309401076758503,5,5,8.66025403784439
14,22,2,3,90.9816840965796,0.0690598923241497,5,5,7.5
14,22,2,7,140.712052701055,0.0446527869259951,5,5,8.66025403784439
14,22,2,8,74.3308802673602,0.0845299461620748,5,5,5
14,22,2,10,-406.151482923494,-0.0154700538379252,5,5,6.61437827766147
14,22,3,8,406.151482923494,0.0154700538379252,5,5,6.61437827766148
14,22,3,15,203.075741461747,0.0309401076758503,5,5,8.66025403784439
14,22,8,15,406.151482923494,0.0154700538379252,5,5,6.61437827766148
14,22,8,23,74.3308802673602,0.0845299461620748,5,5,5
14,22,10,21,406.151482923494,0.0154700538379252,5,5,6.61437827766148
14,22,15,23,90.9816840965796,0.0690598923241497,5,5,7.5
14,22,20,21,-140.712052701055,-0.0446527869259951,5,5,8.66025403784439
14,22,21,32,74.3308802673602,0.0845299461620748,5,5,5
14,22,21,45,90.9816840965796,0.0690598923241497,5,5,7.5
14,22,23,38,406.151482923494,0.0154700538379252,5,5,6.61437827766148
14,22,23,47,-140.712052701055,-0.0446527869259951,5,5,8.66025403784439
14,22,32,45,-406.151482923494,-0.0154700538379252,5,5,6.61437827766148
14,22,32,46,74.3308802673602,0.0845299461620748,5,5,5
14,22,32,56,406.151482923494,0.0154700538379252,5,5,6.61437827766148
14,22,38,46,-406.151482923494,-0.0154700538379252,5,5,6.61437827766148
14,22,45,56,203.075741461747,0.0309401076758503,5,5,8.66025403784439
14,22,46,56,-90.9816840965796,-0.0690598923241497,5,5,7.5
14,22,46,63,-140.712052701055,-0.0446527869259951,5,5,8.66025403784439
14,23,1,2,-83.1187288206608,-0.0755928946018455,8.66025403784439,5,8.66025403784439
14,23,2,3,62.8318530717959,0.1,8.66025403784439,5,6.61437827766147
14,23,2,8,62.8318530717959,0.1,8.66025403784439,5,4.33012701892219
14,23,2,10,-257.432628928405,-0.0244071053981546,8.66025403784439,5,7.5
14,23,3,15,62.8318530717959,0.1,8.66025403784439,5,6.61437827766148
14,23,8,15,62.8318530717959,0.1,8.66025403784439,5,4.33012701892219
14,23,11,15,83.1187288206608,0.0755928946018454,8.66025403784439,5,8.66025403784439
14,23,15,33,257.432628928405,0.0244071053981545,8.66025403784439,5,7.5
14,23,21,32,257.432628928405,0.0244071053981546,8.66025403784439,5,7.5
14,23,22,32,-62.8318530717959,-0.1,8.66025403784439,5,4.33012701892219
14,23,22,38,62.8318530717959,0.1,8.66025403784439,5,4.33012701892219
14,23,32,46,62.8318530717959,0.1,8.66025403784439,5,6.61437827766148
14,23,32,56,83.1187288206608,0.0755928946018454,8.66025403784439,5,8.66025403784439
14,23,38,46,-62.8318530717959,-0.1,8.66025403784439,5,6.61437827766148
14,23,38,47,257.432628928405,0.0244071053981545,8.66025403784439,5,7.5
14,23,38,63,-83.1187288206608,-0.0755928946018454,8.66025403784439,5,8.66025403784439
14,32,2,8,406.151482923494,0.0154700538379252,5,5,6.61437827766148
14,32,2,10,406.151482923494,0.0154700538379252,5,5,6.61437827766147
14,32,3,8,-140.712052701055,-0.0446527869259951,5,5,8.66025403784439
14,32,7,10,-140.712052701055,-0.0446527869259951,5,5,8.66025403784439
14,32,8,22,74.3308802673602,0.0845299461620748,5,5,5
14,32,8,23,90.9816840965796,0.0690598923241497,5,5,7.5
14,32,10,20,90.9816840965796,0.0690598923241497,5,5,7.5
14,32,10,21,74.3308802673602,0.0845299461620748,5,5,5
14,32,20,21,406.151482923494,0.0154700538379252,5,5,6.61437827766148
14,32,20,40,203.075741461747,0.0309401076758503,5,5,8.66025403784439
14,32,21,40,406.151482923494,0.0154700538379252,5,5,6.61437827766148
14,32,21,45,74.3308802673602,0.0845299461620748,5,5,5
14,32,22,23,-406.151482923494,-0.0154700538379252,5,5,6.61437827766148
14,32,22,38,406.151482923494,0.0154700538379252,5,5,6.61437827766148
14,32,22,46,74.3308802673602,0.0845299461620748,5,5,5
14,32,23,38,203.075741461747,0.0309401076758503,5,5,8.66025403784439
14,32,38,46,90.9816840965796,0.0690598923241497,5,5,7.5
14,32,40,45,90.9816840965796,0.0690598923241497,5,5,7.5
14,32,45,56,406.151482923494,0.0154700538379252,5,5,6.61437827766148
14,32,45,79,-140.712052701055,-0.0446527869259951,5,5,8.66025403784439
14,32,46,56,406.151482923494,0.0154700538379252,5,5,6.61437827766148
14,32,46,74,-140.712052701055,-0.0446527869259951,5,5,8.66025403784439
14,45,2,10,257.432628928405,0.0244071053981546,8.66025403784439,5,7.5
14,45,8,22,257.432628928405,0.0244071053981546,8.66025403784439,5,7.5
14,45,10,19,83.1187288206608,0.0755928946018455,8.66025403784439,5,8.66025403784439
14,45,10,20,62.8318530717959,0.1,8.66025403784439,5,6.61437827766147
14,45,10,21,62.8318530717959,0.1,8.66025403784439,5,4.33012701892219
14,45,20,40,62.8318530717959,0.1,8.66025403784439,5,6.61437827766148
14,45,21,40,62.8318530717959,0.1,8.66025403784439,5,4.33012701892219
14,45,22,32,62.8318530717959,0.1,8.66025403784439,5,4.33012701892219
14,45,22,38,83.1187288206608,0.0755928946018454,8.66025403784439,5,8.66025403784439
14,45,22,46,62.8318530717959,0.1,8.66025403784439,5,6.61437827766148
14,45,32,56,62.8318530717959,0.1,8.66025403784439,5,4.33012701892219
14,45,40,44,-83.1187288206608,-0.0755928946018455,8.66025403784439,5,8.66025403784439
14,45,40,62,257.432628928405,0.0244071053981545,8.66025403784439,5,7.5
14,45,46,56,62.8318530717959,0.1,8.66025403784439,5,6.61437827766148
14,45,56,74,-83.1187288206608,-0.0755928946018454,8.66025403784439,5,8.66025403784439
14,45,56,79,257.432628928405,0.0244071053981545,8.66025403784439,5,7.5
14,46,2,8,257.432628928405,0.0244071053981545,8.66025403784439,5,7.5
14,46,8,15,83.1187288206608,0.0755928946018454,8.66025403784439,5,8.66025403784439
14,46,8,22,62.8318530717959,0.1,8.66025403784439,5,4.33012701892219
14,46,8,23,62.8318530717959,0.1,8.66025403784439,5,6.61437827766148
14,46,10,21,257.432628928405,0.0244071053981545,8.66025403784439,5,7.5
14,46,21,32,62.8318530717959,0.1,8.66025403784439,5,4.33012701892219
14,46,21,40,83.1187288206608,0.0755928946018454,8.66025403784439,5,8.66025403784439
14,46,21,45,62.8318530717959,0.1,8.66025403784439,5,6.61437827766148
14,46,22,38,62.8318530717959,0.1,8.66025403784439,5,4.33012701892219
14,46,23,38,62.8318530717959,0.1,8.66025403784439,5,6.61437827766148
14,46,32,56,62.8318530717959,0.1,8.66025403784439,5,4.33012701892219
14,46,38,47,-83.1187288206608,-0.0755928946018455,8.66025403784439,5,8.66025403784439
14,46,38,63,257.432628928404,0.0244071053981546,8.66025403784439,5,7.5
14,46,45,56,62.8318530717959,0.1,8.66025403784439,5,6.61437827766148
14,46,56,74,257.432628928404,0.0244071053981546,8.66025403784439,5,7.5
14,46,56,79,-83.1187288206608,-0.0755928946018455,8.66025403784439,5,8.66025403784439
15,22,1,3,-83.1187288206608,-0.0755928946018455,8.66025403784439,5,8.66025403784439
15,22,2,3,-62.8318530717959,-0.1,8.66025403784439,5,6.61437827766147
15,22,2,14,62.8318530717959,0.1,8.66025403784439,5,6.61437827766148
15,22,3,8,62.8318530717959,0.1,8.66025403784439,5,4.33012701892219
15,22,3,11,-257.432628928405,-0.0244071053981546,8.66025403784439,5,7.5
15,22,8,14,62.8318530717959,0.1,8.66025403784439,5,4.33012701892219
15,22,10,14,83.1187288206608,0.0755928946018454,8.66025403784439,5,8.66025403784439
15,22,14,32,257.432628928405,0.0244071053981545,8.66025403784439,5,7.5
15,22,23,33,-62.8318530717959,-0.1,8.66025403784439,5,4.33012701892219
15,22,23,38,62.8318530717959,0.1,8.66025403784439,5,4.33012701892219
15,22,24,33,257.432628928405,0.0244071053981546,8.66025403784439,5,7.5
15,22,33,47,62.8318530717959,0.1,8.66025403784439,5,6.61437827766148
15,22,33,57,83.1187288206608,0.0755928946018454,8.66025403784439,5,8.66025403784439
15,22,38,46,257.432628928405,0.0244071053981545,8.66025403784439,5,7.5
15,22,38,47,-62.8318530717959,-0.1,8.66025403784439,5,6.61437827766148
15,22,38,64,-83.1187288206608,-0.0755928946018454,8.66025403784439,5,8.66025403784439
15,23,2,3,-90.9816840965796,-0.0690598923241497,5,5,7.5
15,23,2,8,406.151482923494,0.0154700538379252,5,5,6.61437827766148
15,23,2,14,203.075741461747,0.0309401076758503,5,5,8.66025403784439
15,23,3,4,140.712052701055,0.0446527869259951,5,5,8.66025403784439
15,23,3,8,74.3308802673602,0.0845299461620748,5,5,5
15,23,3,11,-406.151482923494,-0.0154700538379252,5,5,6.61437827766147
15,23,8,14,406.151482923494,0.0154700538379252,5,5,6.61437827766148
15,23,8,22,74.3308802673602,0.0845299461620748,5,5,5
15,23,11,24,406.151482923494,0.0154700538379252,5,5,6.61437827766148
15,23,14,22,90.9816840965796,0.0690598923241497,5,5,7.5
15,23,22,38,406.151482923494,0.0154700538379252,5,5,6.61437827766148
15,23,22,46,-140.712052701055,-0.0446527869259951,5,5,8.66025403784439
15,23,24,25,140.712052701055,0.0446527869259951,5,5,8.66025403784439
15,23,24,33,74.3308802673602,0.0845299461620748,5,5,5
15,23,24,48,90.9816840965796,0.0690598923241497,5,5,7.5
15,23,33,47,74.3308802673602,0.0845299461620748,5,5,5
15,23,33,48,-406.151482923494,-0.0154700538379252,5,5,6.61437827766148
15,23,33,57,406.151482923494,0.0154700538379252,5,5,6.61437827766148
15,23,38,47,-406.151482923494,-0.0154700538379252,5,5,6.61437827766148
15,23,47,57,-90.9816840965796,-0.0690598923241497,5,5,7.5
15,23,47,64,-140.712052701055,-0.0446527869259951,5,5,8.66025403784439
15,23,48,57,203.075741461747,0.0309401076758503,5,5,8.66025403784439
15,24,2,3,-140.712052701055,-0.0446527869259951,5,5,8.66025403784439
15,24,3,4,90.9816840965796,0.0690598923241497,5,5,7.5
15,24,3,8,-406.151482923494,-0.0154700538379252,5,5,6.61437827766148
15,24,3,11,74.3308802673602,0.0845299461620748,5,5,5
15,24,4,11,406.151482923494,0.0154700538379252,5,5,6.61437827766148
15,24,4,16,203.075741461747,0.0309401076758503,5,5,8.66025403784439
15,24,8,23,406.151482923494,0.0154700538379252,5,5,6.61437827766148
15,24,11,16,406.151482923494,0.0154700538379252,5,5,6.61437827766148
15,24,11,25,74.3308802673602,0.0845299461620748,5,5,5
15,24,16,25,90.9816840965796,0.0690598923241497,5,5,7.5
15,24,22,23,-140.712052701055,-0.0446527869259951,5,5,8.66025403784439
15,24,23,33,74.3308802673602,0.0845299461620748,5,5,5
15,24,23,47,90.9816840965796,0.0690598923241497,5,5,7.5
15,24,25,41,406.151482923494,0.0154700538379252,5,5,6.61437827766148
15,24,25,49,-140.712052701055,-0.0446527869259951,5,5,8.66025403784439
15,24,33,47,-406.151482923494,-0.0154700538379252,5,5,6.61437827766148
15,24,33,48,74.3308802673602,0.0845299461620748,5,5,5
15,24,33,57,406.151482923494,0.0154700538379252,5,5,6.61437827766148
15,24,41,48,-406.151482923494,-0.0154700538379252,5,5,6.61437827766148
15,24,47,57,203.075741461747,0.0309401076758503,5,5,8.66025403784439
15,24,48,57,-90.9816840965796,-0.0690598923241497,5,5,7.5
15,24,48,65,-140.712052701055,-0.0446527869259951,5,5,8.66025403784439
15,25,1,3,-83.1187288206608,-0.0755928946018455,8.66025403784439,5,8.66025403784439
15,25,3,4,62.8318530717959,0.1,8.66025403784439,5,6.61437827766148
15,25,3,8,-257.432628928405,-0.0244071053981546,8.66025403784439,5,7.5
15,25,3,11,62.8318530717959,0.1,8.66025403784439,5,4.33012701892219
15,25,4,16,62.8318530717959,0.1,8.66025403784439,5,6.61437827766148
15,25,11,16,62.8318530717959,0.1,8.66025403784439,5,4.33012701892219
15,25,12,16,83.1187288206608,0.0755928946018455,8.66025403784439,5,8.66025403784439
15,25,16,36,257.432628928405,0.0244071053981545,8.66025403784439,5,7.5
15,25,23,33,257.432628928405,0.0244071053981546,8.66025403784439,5,7.5
15,25,24,33,-62.8318530717959,-0.1,8.66025403784439,5,4.33012701892219
15,25,24,41,62.8318530717959,0.1,8.66025403784439,5,4.33012701892219
15,25,33,48,62.8318530717959,0.1,8.66025403784439,5,6.61437827766148
15,25,33,57,83.1187288206608,0.0755928946018455,8.66025403784439,5,8.66025403784439
15,25,41,48,-62.8318530717959,-0.1,8.66025403784439,5,6.61437827766148
15,25,41,49,257.432628928405,0.0244071053981545,8.66025403784439,5,7.5
15,25,41,65,-83.1187288206608,-0.0755928946018455,8.66025403784439,5,8.66025403784439
15,33,2,8,-140.712052701055,-0.0446527869259951,5,5,8.66025403784439
15,33,3,8,406.151482923494,0.0154700538379252,5,5,6.61437827766148
15,33,3,11,406.151482923494,0.0154700538379252,5,5,6.61437827766147
15,33,4,11,-140.712052701055,-0.0446527869259951,5,5,8.66025403784439
15,33,8,22,90.9816840965796,0.0690598923241497,5,5,7.5
15,33,8,23,74.3308802673602,0.0845299461620748,5,5,5
15,33,11,24,74.3308802673602,0.0845299461620748,5,5,5
15,33,11,25,90.9816840965796,0.0690598923241497,5,5,7.5
15,33,22,23,406.151482923494,0.0154700538379252,5,5,6.61437827766148
15,33,22,38,203.075741461747,0.0309401076758503,5,5,8.66025403784439
15,33,23,38,406.151482923494,0.0154700538379252,5,5,6.61437827766148
15,33,23,47,74.3308802673602,0.0845299461620748,5,5,5
15,33,24,25,-406.151482923494,-0.0154700538379252,5,5,6.61437827766148
15,33,24,41,406.151482923494,0.0154700538379252,5,5,6.61437827766148
15,33,24,48,74.3308802673602,0.0845299461620748,5,5,5
15,33,25,41,203.075741461747,0.0309401076758503,5,5,8.66025403784439
15,33,38,47,90.9816840965796,0.0690598923241497,5,5,7.5
15,33,41,48,90.9816840965796,0.0690598923241497,5,5,7.5
15,33,47,57,406.151482923494,0.0154700538379252,5,5,6.61437827766148
15,33,47,75,-140.712052701055,-0.0446527869259951,5,5,8.66025403784439
15,33,48,57,406.151482923494,0.0154700538379252,5,5,6.61437827766148
15,33,48,80,-140.712052701055,-0.0446527869259951,5,5,8.66025403784439
15,47,3,8,257.432628928405,0.0244071053981545,8.66025403784439,5,7.5
15,47,8,14,83.1187288206608,0.0755928946018454,8.66025403784439,5,8.66025403784439
15,47,8,22,62.8318530717959,0.1,8.66025403784439,5,6.61437827766148
15,47,8,23,62.8318530717959,0.1,8.66025403784439,5,4.33012701892219
15,47,11,24,257.432628928405,0.0244071053981545,8.66025403784439,5,7.5
15,47,22,38,62.8318530717959,0.1,8.66025403784439,5,6.61437827766148
15,47,23,38,62.8318530717959,0.1,8.66025403784439,5,4.33012701892219
15,47,24,33,62.8318530717959,0.1,8.66025403784439,5,4.33012701892219
15,47,24,41,83.1187288206608,0.0755928946018454,8.66025403784439,5,8.66025403784439
15,47,24,48,62.8318530717959,0.1,8.66025403784439,5,6.61437827766148
15,47,33,57,62.8318530717959,0.1,8.66025403784439,5,4.33012701892219
15,47,38,46,-83.1187288206608,-0.0755928946018455,8.66025403784439,5,8.66025403784439
15,47,38,64,257.432628928404,0.0244071053981546,8.66025403784439,5,7.5
15,47,48,57,62.8318530717959,0.1,8.66025403784439,5,6.61437827766148
15,47,57,75,257.432628928404,0.0244071053981546,8.66025403784439,5,7.5
15,47,57,80,-83.1187288206608,-0.0755928946018455,8.66025403784439,5,8.66025403784439
15,48,3,11,257.432628928405,0.0244071053981546,8.66025403784439,5,7.5
15,48,8,23,257.432628928405,0.0244071053981546,8.66025403784439,5,7.5
15,48,11,16,83.1187288206608,0.0755928946018455,8.66025403784439,5,8.66025403784439
15,48,11,24,62.8318530717959,0.1,8.66025403784439,5,4.33012701892219
15,48,11,25,62.8318530717959,0.1,8.66025403784439,5,6.61437827766147
15,48,23,33,62.8318530717959,0.1,8.66025403784439,5,4.33012701892219
15,48,23,38,83.1187288206608,0.0755928946018454,8.66025403784439,5,8.66025403784439
15,48,23,47,62.8318530717959,0.1,8.66025403784439,5,6.61437827766148
15,48,24,41,62.8318530717959,0.1,8.66025403784439,5,4.33012701892219
15,48,25,41,62.8318530717959,0.1,8.66025403784439,5,6.61437827766148
15,48,33,57,62.8318530717959,0.1,8.66025403784439,5,4.33012701892219
15,48,41,49,-83.1187288206608,-0.0755928946018455,8.66025403784439,5,8.66025403784439
15,48,41,65,257.432628928405,0.0244071053981545,8.66025403784439,5,7.5
15,48,47,57,62.8318530717959,0.1,8.66025403784439,5,6.61437827766148
15,48,57,75,-83.1187288206608,-0.0755928946018454,8.66025403784439,5,8.66025403784439
15,48,57,80,257.432628928405,0.0244071053981545,8.66025403784439,5,7.5
16,24,1,4,-83.1187288206608,-0.0755928946018455,8.66025403784439,5,8.66025403784439
16,24,3,4,-62.8318530717959,-0.1,8.66025403784439,5,6.61437827766148
16,24,3,15,62.8318530717959,0.1,8.66025403784439,5,6.61437827766148
16,24,4,11,62.8318530717959,0.1,8.66025403784439,5,4.33012701892219
16,24,4,12,-257.432628928405,-0.0244071053981545,8.66025403784439,5,7.5
16,24,8,15,83.1187288206608,0.0755928946018454,8.66025403784439,5,8.66025403784439
16,24,11,15,62.8318530717959,0.1,8.66025403784439,5,4.33012701892219
16,24,15,33,257.432628928405,0.0244071053981545,8.66025403784439,5,7.5
16,24,25,36,-62.8318530717959,-0.1,8.66025403784439,5,4.33012701892219
16,24,25,41,62.8318530717959,0.1,8.66025403784439,5,4.33012701892219
16,24,26,36,257.432628928405,0.0244071053981545,8.66025403784439,5,7.5
16,24,36,49,62.8318530717959,0.1,8.66025403784439,5,6.61437827766148
16,24,36,58,83.1187288206608,0.0755928946018454,8.66025403784439,5,8.66025403784439
16,24,41,48,257.432628928405,0.0244071053981545,8.66025403784439,5,7.5
16,24,41,49,-62.8318530717959,-0.1,8.66025403784439,5,6.61437827766148
16,24,41,71,-83.1187288206608,-0.0755928946018455,8.66025403784439,5,8.66025403784439
16,25,3,4,-90.9816840965796,-0.0690598923241497,5,5,7.5
16,25,3,11,406.151482923494,0.0154700538379252,5,5,6.61437827766148
16,25,3,15,203.075741461747,0.0309401076758503,5,5,8.66025403784439
16,25,4,5,140.712052701055,0.0446527869259951,5,5,8.66025403784439
16,25,4,11,74.3308802673602,0.0845299461620748,5,5,5
16,25,4,12,-406.151482923494,-0.0154700538379252,5,5,6.61437827766148
16,25,11,15,406.151482923494,0.0154700538379252,5,5,6.61437827766148
16,25,11,24,74.3308802673602,0.0845299461620748,5,5,5
16,25,12,26,406.151482923494,0.0154700538379252,5,5,6.61437827766148
16,25,15,24,90.9816840965796,0.0690598923241497,5,5,7.5
16,25,24,41,406.151482923494,0.0154700538379252,5,5,6.61437827766148
16,25,24,48,-140.712052701055,-0.0446527869259951,5,5,8.66025403784439
16,25,26,27,140.712052701055,0.0446527869259951,5,5,8.66025403784439
16,25,26,36,74.3308802673602,0.0845299461620748,5,5,5
16,25,26,50,90.9816840965796,0.0690598923241497,5,5,7.5
16,25,36,49,74.3308802673602,0.0845299461620748,5,5,5
16,25,36,50,-406.151482923494,-0.0154700538379252,5,5,6.61437827766148
16,25,36,58,406.151482923494,0.0154700538379252,5,5,6.61437827766148
16,25,41,49,-406.151482923494,-0.0154700538379252,5,5,6.61437827766148
16,25,49,58,-90.9816840965796,-0.0690598923241497,5,5,7.5
16,25,49,71,-140.712052701055,-0.0446527869259951,5,5,8.66025403784439
16,25,50,58,203.075741461747,0.0309401076758503,5,5,8.66025403784439
16,26,3,4,-140.712052701055,-0.0446527869259951,5,5,8.66025403784439
16,26,4,5,90.9816840965796,0.0690598923241497,5,5,7.5
16,26,4,11,-406.151482923494,-0.0154700538379252,5,5,6.61437827766148
16,26,4,12,74.3308802673602,0.0845299461620748,5,5,5
16,26,5,12,406.151482923494,0.0154700538379252,5,5,6.61437827766148
16,26,5,17,203.075741461747,0.0309401076758503,5,5,8.66025403784439
16,26,11,25,406.151482923494,0.0154700538379252,5,5,6.61437827766148
16,26,12,17,406.151482923494,0.0154700538379252,5,5,6.61437827766148
16,26,12,27,74.3308802673602,0.0845299461620748,5,5,5
16,26,17,27,90.9816840965796,0.0690598923241497,5,5,7.5
16,26,24,25,-140.712052701055,-0.0446527869259951,5,5,8.66025403784439
16,26,25,36,74.3308802673602,0.0845299461620748,5,5,5
16,26,25,49,90.9816840965796,0.0690598923241497,5,5,7.5
16,26,27,42,406.151482923494,0.0154700538379252,5,5,6.61437827766148
16,26,27,51,-140.712052701055,-0.0446527869259951,5,5,8.66025403784439
16,26,36,49,-406.151482923494,-0.0154700538379252,5,5,6.61437827766148
16,26,36,50,74.3308802673602,0.0845299461620748,5,5,5
16,26,36,58,406.151482923494,0.0154700538379252,5,5,6.61437827766148
16,26,42,50,-406.151482923494,-0.0154700538379252,5,5,6.61437827766148
16,26,49,58,203.075741461747,0.0309401076758503,5,5,8.66025403784439
16,26,50,58,-90.9816840965796,-0.0690598923241497,5,5,7.5
16,26,50,72,-140.712052701055,-0.0446527869259951,5,5,8.66025403784439
16,27,1,4,-83.1187288206608,-0.0755928946018455,8.66025403784439,5,8.66025403784439
16,27,4,5,62.8318530717959,0.1,8.66025403784439,5,6.61437827766148
16,27,4,11,-257.432628928405,-0.0244071053981545,8.66025403784439,5,7.5
16,27,4,12,62.8318530717959,0.1,8.66025403784439,5,4.33012701892219
16,27,5,17,62.8318530717959,0.1,8.66025403784439,5,6.61437827766148
16,27,9,17,83.1187288206608,0.0755928946018454,8.66025403784439,5,8.66025403784439
16,27,12,17,62.8318530717959,0.1,8.66025403784439,5,4.33012701892219
16,27,17,34,257.432628928405,0.0244071053981545,8.66025403784439,5,7.5
16,27,25,36,257.432628928405,0.0244071053981545,8.66025403784439,5,7.5
16,27,26,36,-62.8318530717959,-0.1,8.66025403784439,5,4.33012701892219
16,27,26,42,62.8318530717959,0.1,8.66025403784439,5,4.33012701892219
16,27,36,50,62.8318530717959,0.1,8.66025403784439,5,6.61437827766148
16,27,36,58,83.1187288206608,0.0755928946018454,8.66025403784439,5,8.66025403784439
16,27,42,50,-62.8318530717959,-0.1,8.66025403784439,5,6.61437827766148
16,27,42,51,257.432628928405,0.0244071053981545,8.66025403784439,5,7.5
16,27,42,72,-83.1187288206608,-0.0755928946018455,8.66025403784439,5,8.66025403784439
16,36,3,11,-140.712052701055,-0.0446527869259951,5,5,8.66025403784439
16,36,4,11,406.151482923494,0.0154700538379252,5,5,6.61437827766148
16,36,4,12,406.151482923494,0.0154700538379252,5,5,6.61437827766148
16,36,5,12,-140.712052701055,-0.0446527869259951,5,5,8.66025403784439
16,36,11,24,90.9816840965796,0.0690598923241497,5,5,7.5
16,36,11,25,74.3308802673602,0.0845299461620748,5,5,5
16,36,12,26,74.3308802673602,0.0845299461620748,5,5,5
16,36,12,27,90.9816840965796,0.0690598923241497,5,5,7.5
16,36,24,25,406.151482923494,0.0154700538379252,5,5,6.61437827766148
16,36,24,41,203.075741461747,0.0309401076758503,5,5,8.66025403784439
16,36,25,41,406.151482923494,0.0154700538379252,5,5,6.61437827766148
16,36,25,49,74.3308802673602,0.0845299461620748,5,5,5
16,36,26,27,-406.151482923494,-0.0154700538379252,5,5,6.61437827766148
16,36,26,42,406.151482923494,0.0154700538379252,5,5,6.61437827766148
16,36,26,50,74.3308802673602,0.0845299461620748,5,5,5
16,36,27,42,203.075741461747,0.0309401076758503,5,5,8.66025403784439
16,36,41,49,90.9816840965796,0.0690598923241497,5,5,7.5
16,36,42,50,90.9816840965796,0.0690598923241497,5,5,7.5
16,36,49,58,406.151482923494,0.0154700538379252,5,5,6.61437827766148
16,36,49,81,-140.712052701055,-0.0446527869259951,5,5,8.66025403784439
16,36,50,58,406.151482923494,0.0154700538379252,5,5,6.61437827766148
16,36,50,82,-140.712052701055,-0.0446527869259951,5,5,8.66025403784439
16,49,4,11,257.432628928405,0.0244071053981546,8.66025403784439,5,7.5
16,49,11,15,83.1187288206608,0.0755928946018454,8.66025403784439,5,8.66025403784439
16,49,11,24,62.8318530717959,0.1,8.66025403784439,5,6.61437827766148
16,49,11,25,62.8318530717959,0.1,8.66025403784439,5,4.33012701892219
16,49,12,26,257.432628928405,0.0244071053981546,8.66025403784439,5,7.5
16,49,24,41,62.8318530717959,0.1,8.66025403784439,5,6.61437827766148
16,49,25,41,62.8318530717959,0.1,8.66025403784439,5,4.33012701892219
16,49,26,36,62.8318530717959,0.1,8.66025403784439,5,4.33012701892219
16,49,26,42,83.1187288206608,0.0755928946018455,8.66025403784439,5,8.66025403784439
16,49,26,50,62.8318530717959,0.1,8.66025403784439,5,6.61437827766148
16,49,36,58,62.8318530717959,0.1,8.66025403784439,5,4.33012701892219
16,49,41,48,-83.1187288206608,-0.0755928946018455,8.66025403784439,5,8.66025403784439
16,49,41,71,257.432628928405,0.0244071053981545,8.66025403784439,5,7.5
16,49,50,58,62.8318530717959,0.1,8.66025403784439,5,6.61437827766148
16,49,58,81,257.432628928405,0.0244071053981545,8.66025403784439,5,7.5
16,49,58,82,-83.1187288206608,-0.0755928946018455,8.66025403784439,5,8.66025403784439
16,50,4,12,257.432628928405,0.0244071053981546,8.66025403784439,5,7.5
16,50,11,25,257.432628928405,0.0244071053981546,8.66025403784439,5,7.5
16,50,12,17,83.1187288206608,0.0755928946018454,8.66025403784439,5,8.66025403784439
16,50,12,26,62.8318530717959,0.1,8.66025403784439,5,4.33012701892219
16,50,12,27,62.8318530717959,0.1,8.66025403784439,5,6.61437827766148
16,50,25,36,62.8318530717959,0.1,8.66025403784439,5,4.33012701892219
16,50,25,41,83.1187288206608,0.0755928946018455,8.66025403784439,5,8.66025403784439
16,50,25,49,62.8318530717959,0.1,8.66025403784439,5,6.61437827766148
16,50,26,42,62.8318530717959,0.1,8.66025403784439,5,4.33012701892219
16,50,27,42,62.8318530717959,0.1,8.66025403784439,5,6.61437827766148
16,50,36,58,62.8318530717959,0.1,8.66025403784439,5,4.33012701892219
16,50,42,51,-83.1187288206608,-0.0755928946018455,8.66025403784439,5,8.66025403784439
16,50,42,72,257.432628928405,0.0244071053981545,8.66025403784439,5,7.5
16,50,49,58,62.8318530717959,0.1,8.66025403784439,5,6.61437827766148
16,50,58,81,-83.1187288206608,-0.0755928946018455,8.66025403784439,5,8.66025403784439
16,50,58,82,257.432628928405,0.0244071053981545,8.66025403784439,5,7.5
17,26,1,5,-83.1187288206608,-0.0755928946018455,8.66025403784439,5,8.66025403784439
17,26,4,5,-62.8318530717959,-0.1,8.66025403784439,5,6.61437827766148
17,26,4,16,62.8318530717959,0.1,8.66025403784439,5,6.61437827766148
17,26,5,9,-257.432628928405,-0.0244071053981546,8.66025403784439,5,7.5
17,26,5,12,62.8318530717959,0.1,8.66025403784439,5,4.33012701892219
17,26,11,16,83.1187288206608,0.0755928946018455,8.66025403784439,5,8.66025403784439
17,26,12,16,62.8318530717959,0.1,8.66025403784439,5,4.33012701892219
17,26,16,36,257.432628928405,0.0244071053981545,8.66025403784439,5,7.5
17,26,27,34,-62.8318530717959,-0.1,8.66025403784439,5,4.33012701892219
17,26,27,42,62.8318530717959,0.1,8.66025403784439,5,4.33012701892219
17,26,28,34,257.432628928405,0.0244071053981546,8.66025403784439,5,7.5
17,26,34,51,62.8318530717959,0.1,8.66025403784439,5,6.61437827766148
17,26,34,59,83.1187288206608,0.0755928946018455,8.66025403784439,5,8.66025403784439
17,26,42,50,257.432628928405,0.0244071053981545,8.66025403784439,5,7.5
17,26,42,51,-62.8318530717959,-0.1,8.66025403784439,5,6.61437827766148
17,26,42,66,-83.1187288206608,-0.0755928946018455,8.66025403784439,5,8.66025403784439
17,27,4,5,-90.9816840965796,-0.0690598923241497,5,5,7.5
17,27,4,12,406.151482923494,0.0154700538379252,5,5,6.61437827766148
17,27,4,16,203.075741461747,0.0309401076758503,5,5,8.66025403784439
17,27,5,6,140.712052701055,0.0446527869259951,5,5,8.66025403784439
17,27,5,9,-406.151482923494,-0.0154700538379252,5,5,6.61437827766148
17,27,5,12,74.3308802673602,0.0845299461620748,5,5,5
17,27,9,28,406.151482923494,0.0154700538379252,5,5,6.61437827766148
17,27,12,16,406.151482923494,0.0154700538379252,5,5,6.61437827766148
17,27,12,26,74.3308802673602,0.0845299461620748,5,5,5
17,27,16,26,90.9816840965796,0.0690598923241497,5,5,7.5
17,27,26,42,406.151482923494,0.0154700538379252,5,5,6.61437827766148
17,27,26,50,-140.712052701055,-0.0446527869259951,5,5,8.66025403784439
17,27,28,29,140.712052701055,0.0446527869259951,5,5,8.66025403784439
17,27,28,34,74.3308802673602,0.0845299461620748,5,5,5
17,27,28,52,90.9816840965796,0.0690598923241497,5,5,7.5
17,27,34,51,74.3308802673602,0.0845299461620748,5,5,5
17,27,34,52,-406.151482923494,-0.0154700538379252,5,5,6.61437827766148
17,27,34,59,406.151482923494,0.0154700538379252,5,5,6.61437827766148
17,27,42,51,-406.151482923494,-0.0154700538379252,5,5,6.61437827766148
17,27,51,59,-90.9816840965796,-0.0690598923241497,5,5,7.5
17,27,51,66,-140.712052701055,-0.0446527869259951,5,5,8.66025403784439
17,27,52,59,203.075741461747,0.0309401076758503,5,5,8.66025403784439
17,28,4,5,-140.712052701055,-0.0446527869259951,5,5,8.66025403784439
17,28,5,6,90.9816840965796,0.0690598923241497,5,5,7.5
17,28,5,9,74.3308802673602,0.0845299461620748,5,5,5
17,28,5,12,-406.151482923494,-0.0154700538379252,5,5,6.61437827766147
17,28,6,9,406.151482923494,0.0154700538379252,5,5,6.61437827766148
17,28,6,18,203.075741461747,0.0309401076758503,5,5,8.66025403784439
17,28,9,18,406.151482923494,0.0154700538379252,5,5,6.61437827766148
17,28,9,29,74.3308802673602,0.0845299461620748,5,5,5
17,28,12,27,406.151482923494,0.0154700538379252,5,5,6.61437827766148
17,28,18,29,90.9816840965796,0.0690598923241497,5,5,7.5
17,28,26,27,-140.712052701055,-0.0446527869259951,5,5,8.66025403784439
17,28,27,34,74.3308802673602,0.0845299461620748,5,5,5
17,28,27,51,90.9816840965796,0.0690598923241497,5,5,7.5
17,28,29,39,406.151482923494,0.0154700538379252,5,5,6.61437827766148
17,28,29,53,-140.712052701055,-0.0446527869259951,5,5,8.66025403784439
17,28,34,51,-406.151482923494,-0.0154700538379252,5,5,6.61437827766148
17,28,34,52,74.3308802673602,0.0845299461620748,5,5,5
17,28,34,59,406.151482923494,0.0154700538379252,5,5,6.61437827766148
17,28,39,52,-406.151482923494,-0.0154700538379252,5,5,6.61437827766148
17,28,51,59,203.075741461747,0.0309401076758503,5,5,8.66025403784439
17,28,52,59,-90.9816840965796,-0.0690598923241497,5,5,7.5
17,28,52,67,-140.712052701055,-0.0446527869259951,5,5,8.66025403784439
17,29,1,5,-83.1187288206608,-0.0755928946018455,8.66025403784439,5,8.66025403784439
17,29,5,6,62.8318530717959,0.1,8.66025403784439,5,6.61437827766147
17,29,5,9,62.8318530717959,0.1,8.66025403784439,5,4.33012701892219
17,29,5,12,-257.432628928405,-0.0244071053981546,8.66025403784439,5,7.5
17,29,6,18,62.8318530717959,0.1,8.66025403784439,5,6.61437827766148
17,29,9,18,62.8318530717959,0.1,8.66025403784439,5,4.33012701892219
17,29,13,18,83.1187288206608,0.0755928946018454,8.66025403784439,5,8.66025403784439
17,29,18,35,257.432628928405,0.0244071053981545,8.66025403784439,5,7.5
17,29,27,34,257.432628928405,0.0244071053981546,8.66025403784439,5,7.5
17,29,28,34,-62.8318530717959,-0.1,8.66025403784439,5,4.33012701892219
17,29,28,39,62.8318530717959,0.1,8.66025403784439,5,4.33012701892219
17,29,34,52,62.8318530717959,0.1,8.66025403784439,5,6.61437827766148
17,29,34,59,83.1187288206608,0.0755928946018454,8.66025403784439,5,8.66025403784439
17,29,39,52,-62.8318530717959,-0.1,8.66025403784439,5,6.61437827766148
17,29,39,53,257.432628928405,0.0244071053981545,8.66025403784439,5,7.5
17,29,39,67,-83.1187288206608,-0.0755928946018454,8.66025403784439,5,8.66025403784439
17,34,4,12,-140.712052701055,-0.0446527869259951,5,5,8.66025403784439
17,34,5,9,406.151482923494,0.0154700538379252,5,5,6.61437827766148
17,34,5,12,406.151482923494,0.0154700538379252,5,5,6.61437827766147
17,34,6,9,-140.712052701055,-0.0446527869259951,5,5,8.66025403784439
17,34,9,28,74.3308802673602,0.0845299461620748,5,5,5
17,34,9,29,90.9816840965796,0.0690598923241497,5,5,7.5
17,34,12,26,90.9816840965796,0.0690598923241497,5,5,7.5
17,34,12,27,74.3308802673602,0.0845299461620748,5,5,5
17,34,26,27,406.151482923494,0.0154700538379252,5,5,6.61437827766148
17,34,26,42,203.075741461747,0.0309401076758503,5,5,8.66025403784439
17,34,27,42,406.151482923494,0.0154700538379252,5,5,6.61437827766148
17,34,27,51,74.3308802673602,0.0845299461620748,5,5,5
17,34,28,29,-406.151482923494,-0.0154700538379252,5,5,6.61437827766148
17,34,28,39,406.151482923494,0.0154700538379252,5,5,6.61437827766148
17,34,28,52,74.3308802673602,0.0845299461620748,5,5,5
17,34,29,39,203.075741461747,0.0309401076758503,5,5,8.66025403784439
17,34,39,52,90.9816840965796,0.0690598923241497,5,5,7.5
17,34,42,51,90.9816840965796,0.0690598923241497,5,5,7.5
17,34,51,59,406.151482923494,0.0154700538379252,5,5,6.61437827766148
17,34,51,83,-140.712052701055,-0.0446527869259951,5,5,8.66025403784439
17,34,52,59,406.151482923494,0.0154700538379252,5,5,6.61437827766148
17,34,52,76,-140.712052701055,-0.0446527869259951,5,5,8.66025403784439
17,51,5,12,257.432628928405,0.0244071053981546,8.66025403784439,5,7.5
17,51,9,28,257.432628928405,0.0244071053981546,8.66025403784439,5,7.5
17,51,12,16,83.1187288206608,0.0755928946018455,8.66025403784439,5,8.66025403784439
17,51,12,26,62.8318530717959,0.1,8.66025403784439,5,6.61437827766147
17,51,12,27,62.8318530717959,0.1,8.66025403784439,5,4.33012701892219
17,51,26,42,62.8318530717959,0.1,8.66025403784439,5,6.61437827766148
17,51,27,42,62.8318530717959,0.1,8.66025403784439,5,4.33012701892219
17,51,28,34,62.8318530717959,0.1,8.66025403784439,5,4.33012701892219
17,51,28,39,83.1187288206608,0.0755928946018454,8.66025403784439,5,8.66025403784439
17,51,28,52,62.8318530717959,0.1,8.66025403784439,5,6.61437827766148
17,51,34,59,62.8318530717959,0.1,8.66025403784439,5,4.33012701892219
17,51,42,50,-83.1187288206608,-0.0755928946018455,8.66025403784439,5,8.66025403784439
17,51,42,66,257.432628928405,0.0244071053981545,8.66025403784439,5,7.5
17,51,52,59,62.8318530717959,0.1,8.66025403784439,5,6.61437827766148
17,51,59,76,-83.1187288206608,-0.0755928946018454,8.66025403784439,5,8.66025403784439
17,51,59,83,257.432628928405,0.0244071053981545,8.66025403784439,5,7.5
17,52,5,9,257.432628928405,0.0244071053981545,8.66025403784439,5,7.5
17,52,9,18,83.1187288206608,0.0755928946018454,8.66025403784439,5,8.66025403784439
17,52,9,28,62.8318530717959,0.1,8.66025403784439,5,4.33012701892219
17,52,9,29,62.8318530717959,0.1,8.66025403784439,5,6.61437827766148
17,52,12,27,257.432628928405,0.0244071053981545,8.66025403784439,5,7.5
17,52,27,34,62.8318530717959,0.1,8.66025403784439,5,4.33012701892219
17,52,27,42,83.1187288206608,0.0755928946018454,8.66025403784439,5,8.66025403784439
17,52,27,51,62.8318530717959,0.1,8.66025403784439,5,6.61437827766148
17,52,28,39,62.8318530717959,0.1,8.66025403784439,5,4.33012701892219
17,52,29,39,62.8318530717959,0.1,8.66025403784439,5,6.61437827766148
17,52,34,59,62.8318530717959,0.1,8.66025403784439,5,4.33012701892219
17,52,39,53,-83.1187288206608,-0.0755928946018455,8.66025403784439,5,8.66025403784439
17,52,39,67,257.432628928404,0.0244071053981546,8.66025403784439,5,7.5
17,52,51,59,62.8318530717959,0.1,8.66025403784439,5,6.61437827766148
17,52,59,76,257.432628928404,0.0244071053981546,8.66025403784439,5,7.5
17,52,59,83,-83.1187288206608,-0.0755928946018455,8.66025403784439,5,8.66025403784439
18,28,1,6,-83.1187288206608,-0.0755928946018455,8.66025403784439,5,8.66025403784439
18,28,5,6,-62.8318530717959,-0.1,8.66025403784439,5,6.61437827766147
18,28,5,17,62.8318530717959,0.1,8.66025403784439,5,6.61437827766148
18,28,6,9,62.8318530717959,0.1,8.66025403784439,5,4.33012701892219
18,28,6,13,-257.432628928405,-0.0244071053981546,8.66025403784439,5,7.5
18,28,9,17,62.8318530717959,0.1,8.66025403784439,5,4.33012701892219
18,28,12,17,83.1187288206608,0.0755928946018454,8.66025403784439,5,8.66025403784439
18,28,17,34,257.432628928405,0.0244071053981545,8.66025403784439,5,7.5
18,28,29,35,-62.8318530717959,-0.1,8.66025403784439,5,4.33012701892219
18,28,29,39,62.8318530717959,0.1,8.66025403784439,5,4.33012701892219
18,28,30,35,257.432628928405,0.0244071053981546,8.66025403784439,5,7.5
18,28,35,53,62.8318530717959,0.1,8.66025403784439,5,6.61437827766148
18,28,35,60,83.1187288206608,0.0755928946018454,8.66025403784439,5,8.66025403784439
18,28,39,52,257.432628928405,0.0244071053981545,8.66025403784439,5,7.5
18,28,39,53,-62.8318530717959,-0.1,8.66025403784439,5,6.61437827766148
18,28,39,68,-83.1187288206608,-0.0755928946018454,8.66025403784439,5,8.66025403784439
18,29,5,6,-90.9816840965796,-0.0690598923241497,5,5,7.5
18,29,5,9,406.151482923494,0.0154700538379252,5,5,6.61437827766148
18,29,5,17,203.075741461747,0.0309401076758503,5,5,8.66025403784439
18,29,6,7,140.712052701055,0.0446527869259951,5,5,8.66025403784439
18,29,6,9,74.3308802673602,0.0845299461620748,5,5,5
18,29,6,13,-406.151482923494,-0.0154700538379252,5,5,6.61437827766147
18,29,9,17,406.151482923494,0.0154700538379252,5,5,6.61437827766148
18,29,9,28,74.3308802673602,0.0845299461620748,5,5,5
18,29,13,30,406.151482923494,0.0154700538379252,5,5,6.61437827766148
18,29,17,28,90.9816840965796,0.0690598923241497,5,5,7.5
18,29,28,39,406.151482923494,0.0154700538379252,5,5,6.61437827766148
18,29,28,52,-140.712052701055,-0.0446527869259951,5,5,8.66025403784439
18,29,30,31,140.712052701055,0.0446527869259951,5,5,8.66025403784439
18,29,30,35,74.3308802673602,0.0845299461620748,5,5,5
18,29,30,54,90.9816840965796,0.0690598923241497,5,5,7.5
18,29,35,53,74.3308802673602,0.0845299461620748,5,5,5
18,29,35,54,-406.151482923494,-0.0154700538379252,5,5,6.61437827766148
18,29,35,60,406.151482923494,0.0154700538379252,5,5,6.61437827766148
18,29,39,53,-406.151482923494,-0.0154700538379252,5,5,6.61437827766148
18,29,53,60,-90.9816840965796,-0.0690598923241497,5,5,7.5
18,29,53,68,-140.712052701055,-0.0446527869259951,5,5,8.66025403784439
18,29,54,60,203.075741461747,0.0309401076758503,5,5,8.66025403784439
18,30,5,6,-140.712052701055,-0.0446527869259951,5,5,8.66025403784439
18,30,6,7,90.9816840965796,0.0690598923241497,5,5,7.5
18,30,6,9,-406.151482923494,-0.0154700538379252,5,5,6.61437827766148
18,30,6,13,74.3308802673602,0.0845299461620748,5,5,5
18,30,7,13,406.151482923494,0.0154700538379252,5,5,6.61437827766148
18,30,7,19,203.075741461747,0.0309401076758503,5,5,8.66025403784439
18,30,9,29,406.151482923494,0.0154700538379252,5,5,6.61437827766148
18,30,13,19,406.151482923494,0.0154700538379252,5,5,6.61437827766148
18,30,13,31,74.3308802673602,0.0845299461620748,5,5,5
18,30,19,31,90.9816840965796,0.0690598923241497,5,5,7.5
18,30,28,29,-140.712052701055,-0.0446527869259951,5,5,8.66025403784439
18,30,29,35,74.3308802673602,0.0845299461620748,5,5,5
18,30,29,53,90.9816840965796,0.0690598923241497,5,5,7.5
18,30,31,43,406.151482923494,0.0154700538379252,5,5,6.61437827766148
18,30,31,55,-140.712052701055,-0.0446527869259951,5,5,8.66025403784439
18,30,35,53,-406.151482923494,-0.0154700538379252,5,5,6.61437827766148
18,30,35,54,74.3308802673602,0.0845299461620748,5,5,5
18,30,35,60,406.151482923494,0.0154700538379252,5,5,6.61437827766148
18,30,43,54,-406.151482923494,-0.0154700538379252,5,5,6.61437827766148
18,30,53,60,203.075741461747,0.0309401076758503,5,5,8.66025403784439
18,30,54,60,-90.9816840965796,-0.0690598923241497,5,5,7.5
18,30,54,69,-140.712052701055,-0.0446527869259951,5,5,8.66025403784439
18,31,1,6,-83.1187288206608,-0.0755928946018455,8.66025403784439,5,8.66025403784439
18,31,6,7,62.8318530717959,0.1,8.66025403784439,5,6.61437827766148
18,31,6,9,-257.432628928405,-0.0244071053981546,8.66025403784439,5,7.5
18,31,6,13,62.8318530717959,0.1,8.66025403784439,5,4.33012701892219
18,31,7,19,62.8318530717959,0.1,8.66025403784439,5,6.61437827766148
18,31,10,19,83.1187288206608,0.0755928946018455,8.66025403784439,5,8.66025403784439
18,31,13,19,62.8318530717959,0.1,8.66025403784439,5,4.33012701892219
18,31,19,37,257.432628928405,0.0244071053981545,8.66025403784439,5,7.5
18,31,29,35,257.432628928405,0.0244071053981546,8.66025403784439,5,7.5
18,31,30,35,-62.8318530717959,-0.1,8.66025403784439,5,4.33012701892219
18,31,30,43,62.8318530717959,0.1,8.66025403784439,5,4.33012701892219
18,31,35,54,62.8318530717959,0.1,8.66025403784439,5,6.61437827766148
18,31,35,60,83.1187288206608,0.0755928946018455,8.66025403784439,5,8.66025403784439
18,31,43,54,-62.8318530717959,-0.1,8.66025403784439,5,6.61437827766148
18,31,43,55,257.432628928405,0.0244071053981545,8.66025403784439,5,7.5
18,31,43,69,-83.1187288206608,-0.0755928946018455,8.66025403784439,5,8.66025403784439
18,35,5,9,-140.712052701055,-0.0446527869259951,5,5,8.66025403784439
18,35,6,9,406.151482923494,0.0154700538379252,5,5,6.61437827766148
18,35,6,13,406.151482923494,0.0154700538379252,5,5,6.61437827766147
18,35,7,13,-140.712052701055,-0.0446527869259951,5,5,8.66025403784439
18,35,9,28,90.9816840965796,0.0690598923241497,5,5,7.5
18,35,9,29,74.3308802673602,0.0845299461620748,5,5,5
18,35,13,30,74.3308802673602,0.0845299461620748,5,5,5
18,35,13,31,90.9816840965796,0.0690598923241497,5,5,7.5
18,35,28,29,406.151482923494,0.0154700538379252,5,5,6.61437827766148
18,35,28,39,203.075741461747,0.0309401076758503,5,5,8.66025403784439
18,35,29,39,406.151482923494,0.0154700538379252,5,5,6.61437827766148
18,35,29,53,74.3308802673602,0.0845299461620748,5,5,5
18,35,30,31,-406.151482923494,-0.0154700538379252,5,5,6.61437827766148
18,35,30,43,406.151482923494,0.0154700538379252,5,5,6.61437827766148
18,35,30,54,74.3308802673602,0.0845299461620748,5,5,5
18,35,31,43,203.075741461747,0.0309401076758503,5,5,8.66025403784439
18,35,39,53,90.9816840965796,0.0690598923241497,5,5,7.5
18,35,43,54,90.9816840965796,0.0690598923241497,5,5,7.5
18,35,53,60,406.151482923494,0.0154700538379252,5,5,6.61437827766148
18,35,53,77,-140.712052701055,-0.0446527869259951,5,5,8.66025403784439
18,35,54,60,406.151482923494,0.0154700538379252,5,5,6.61437827766148
18,35,54,84,-140.712052701055,-0.0446527869259951,5,5,8.66025403784439
18,53,6,9,257.432628928405,0.0244071053981545,8.66025403784439,5,7.5
18,53,9,17,83.1187288206608,0.0755928946018454,8.66025403784439,5,8.66025403784439
18,53,9,28,62.8318530717959,0.1,8.66025403784439,5,6.61437827766148
18,53,9,29,62.8318530717959,0.1,8.66025403784439,5,4.33012701892219
18,53,13,30,257.432628928405,0.0244071053981545,8.66025403784439,5,7.5
18,53,28,39,62.8318530717959,0.1,8.66025403784439,5,6.61437827766148
18,53,29,39,62.8318530717959,0.1,8.66025403784439,5,4.33012701892219
18,53,30,35,62.8318530717959,0.1,8.66025403784439,5,4.33012701892219
18,53,30,43,83.1187288206608,0.0755928946018454,8.66025403784439,5,8.66025403784439
18,53,30,54,62.8318530717959,0.1,8.66025403784439,5,6.61437827766148
18,53,35,60,62.8318530717959,0.1,8.66025403784439,5,4.33012701892219
18,53,39,52,-83.1187288206608,-0.0755928946018455,8.66025403784439,5,8.66025403784439
18,53,39,68,257.432628928404,0.0244071053981546,8.66025403784439,5,7.5
18,53,54,60,62.8318530717959,0.1,8.66025403784439,5,6.61437827766148
18,53,60,77,257.432628928404,0.0244071053981546,8.66025403784439,5,7.5
18,53,60,84,-83.1187288206608,-0.0755928946018455,8.66025403784439,5,8.66025403784439
18,54,6,13,257.432628928405,0.0244071053981546,8.66025403784439,5,7.5
18,54,9,29,257.432628928405,0.0244071053981546,8.66025403784439,5,7.5
18,54,13,19,83.1187288206608,0.0755928946018455,8.66025403784439,5,8.66025403784439
18,54,13,30,62.8318530717959,0.1,8.66025403784439,5,4.33012701892219
18,54,13,31,62.8318530717959,0.1,8.66025403784439,5,6.61437827766147
18,54,29,35,62.8318530717959,0.1,8.66025403784439,5,4.33012701892219
18,54,29,39,83.1187288206608,0.0755928946018454,8.66025403784439,5,8.66025403784439
18,54,29,53,62.8318530717959,0.1,8.66025403784439,5,6.61437827766148
18,54,30,43,62.8318530717959,0.1,8.66025403784439,5,4.33012701892219
18,54,31,43,62.8318530717959,0.1,8.66025403784439,5,6.61437827766148
18,54,35,60,62.8318530717959,0.1,8.66025403784439,5,4.33012701892219
18,54,43,55,-83.1187288206608,-0.0755928946018455,8.66025403784439,5,8.66025403784439
18,54,43,69,257.432628928405,0.0244071053981545,8.66025403784439,5,7.5
18,54,53,60,62.8318530717959,0.1,8.66025403784439,5,6.61437827766148
18,54,60,77,-83.1187288206608,-0.0755928946018454,8.66025403784439,5,8.66025403784439
18,54,60,84,257.432628928405,0.0244071053981545,8.66025403784439,5,7.5
19,20,2,7,-90.9816840965796,-0.0690598923241497,5,5,7.5
19,20,2,10,406.151482923494,0.0154700538379252,5,5,6.61437827766148
19,20,2,14,203.075741461747,0.0309401076758503,5,5,8.66025403784439
19,20,6,7,-140.712052701055,-0.0446527869259951,5,5,8.66025403784439
19,20,7,10,74.3308802673602,0.0845299461620748,5,5,5
19,20,7,13,-406.151482923494,-0.0154700538379252,5,5,6.61437827766148
19,20,10,14,406.151482923494,0.0154700538379252,5,5,6.61437827766148
19,20,10,21,74.3308802673602,0.0845299461620748,5,5,5
19,20,13,31,406.151482923494,0.0154700538379252,5,5,6.61437827766148
19,20,14,21,90.9816840965796,0.0690598923241497,5,5,7.5
19,20,21,40,406.151482923494,0.0154700538379252,5,5,6.61437827766148
19,20,21,45,-140.712052701055,-0.0446527869259951,5,5,8.66025403784439
19,20,30,31,-140.712052701055,-0.0446527869259951,5,5,8.66025403784439
19,20,31,37,74.3308802673602,0.0845299461620748,5,5,5
19,20,31,55,90.9816840965796,0.0690598923241497,5,5,7.5
19,20,37,44,74.3308802673602,0.0845299461620748,5,5,5
19,20,37,55,-406.151482923494,-0.0154700538379252,5,5,6.61437827766148
19,20,37,61,406.151482923494,0.0154700538379252,5,5,6.61437827766148
19,20,40,44,-406.151482923494,-0.0154700538379252,5,5,6.61437827766148
19,20,44,61,-90.9816840965796,-0.0690598923241497,5,5,7.5
19,20,44,70,-140.712052701055,-0.0446527869259951,5,5,8.66025403784439
19,20,55,61,203.075741461747,0.0309401076758503,5,5,8.66025403784439
19,21,1,7,-83.1187288206608,-0.0755928946018455,8.66025403784439,5,8.66025403784439
19,21,2,7,-62.8318530717959,-0.1,8.66025403784439,5,6.61437827766148
19,21,2,14,62.8318530717959,0.1,8.66025403784439,5,6.61437827766148
19,21,7,10,62.8318530717959,0.1,8.66025403784439,5,4.33012701892219
19,21,7,13,-257.432628928405,-0.0244071053981545,8.66025403784439,5,7.5
19,21,8,14,83.1187288206608,0.0755928946018454,8.66025403784439,5,8.66025403784439
19,21,10,14,62.8318530717959,0.1,8.66025403784439,5,4.33012701892219
19,21,14,32,257.432628928405,0.0244071053981545,8.66025403784439,5,7.5
19,21,20,37,-62.8318530717959,-0.1,8.66025403784439,5,4.33012701892219
19,21,20,40,62.8318530717959,0.1,8.66025403784439,5,4.33012701892219
19,21,31,37,257.432628928405,0.0244071053981545,8.66025403784439,5,7.5
19,21,37,44,62.8318530717959,0.1,8.66025403784439,5,6.61437827766148
19,21,37,61,83.1187288206608,0.0755928946018454,8.66025403784439,5,8.66025403784439
19,21,40,44,-62.8318530717959,-0.1,8.66025403784439,5,6.61437827766148
19,21,40,45,257.432628928405,0.0244071053981545,8.66025403784439,5,7.5
19,21,40,70,-83.1187288206608,-0.0755928946018455,8.66025403784439,5,8.66025403784439
19,30,1,7,-83.1187288206608,-0.0755928946018455,8.66025403784439,5,8.66025403784439
19,30,6,7,-62.8318530717959,-0.1,8.66025403784439,5,6.61437827766148
19,30,6,18,62.8318530717959,0.1,8.66025403784439,5,6.61437827766148
19,30,7,10,-257.432628928405,-0.0244071053981545,8.66025403784439,5,7.5
19,30,7,13,62.8318530717959,0.1,8.66025403784439,5,4.33012701892219
19,30,9,18,83.1187288206608,0.0755928946018454,8.66025403784439,5,8.66025403784439
19,30,13,18,62.8318530717959,0.1,8.66025403784439,5,4.33012701892219
19,30,18,35,257.432628928405,0.0244071053981545,8.66025403784439,5,7.5
19,30,20,37,257.432628928405,0.0244071053981545,8.66025403784439,5,7.5
19,30,31,37,-62.8318530717959,-0.1,8.66025403784439,5,4.33012701892219
19,30,31,43,62.8318530717959,0.1,8.66025403784439,5,4.33012701892219
19,30,37,55,62.8318530717959,0.1,8.66025403784439,5,6.61437827766148
19,30,37,61,83.1187288206608,0.0755928946018454,8.66025403784439,5,8.66025403784439
19,30,43,54,257.432628928405,0.0244071053981545,8.66025403784439,5,7.5
19,30,43,55,-62.8318530717959,-0.1,8.66025403784439,5,6.61437827766148
19,30,43,73,-83.1187288206608,-0.0755928946018455,8.66025403784439,5,8.66025403784439
19,31,2,7,-140.712052701055,-0.0446527869259951,5,5,8.66025403784439
19,31,6,7,-90.9816840965796,-0.0690598923241497,5,5,7.5
19,31,6,13,406.151482923494,0.0154700538379252,5,5,6.61437827766148
19,31,6,18,203.075741461747,0.0309401076758503,5,5,8.66025403784439
19,31,7,10,-406.151482923494,-0.0154700538379252,5,5,6.61437827766148
19,31,7,13,74.3308802673602,0.0845299461620748,5,5,5
19,31,10,20,406.151482923494,0.0154700538379252,5,5,6.61437827766148
19,31,13,18,406.151482923494,0.0154700538379252,5,5,6.61437827766148
19,31,13,30,74.3308802673602,0.0845299461620748,5,5,5
19,31,18,30,90.9816840965796,0.0690598923241497,5,5,7.5
19,31,20,21,140.712052701055,0.0446527869259951,5,5,8.66025403784439
19,31,20,37,74.3308802673602,0.0845299461620748,5,5,5
19,31,20,44,90.9816840965796,0.0690598923241497,5,5,7.5
19,31,30,43,406.151482923494,0.0154700538379252,5,5,6.61437827766148
19,31,30,54,-140.712052701055,-0.0446527869259951,5,5,8.66025403784439
19,31,37,44,-406.151482923494,-0.0154700538379252,5,5,6.61437827766148
19,31,37,55,74.3308802673602,0.0845299461620748,5,5,5
19,31,37,61,406.151482923494,0.0154700538379252,5,5,6.61437827766148
19,31,43,55,-406.151482923494,-0.0154700538379252,5,5,6.61437827766148
19,31,44,61,203.075741461747,0.0309401076758503,5,5,8.66025403784439
19,31,55,61,-90.9816840965796,-0.0690598923241497,5,5,7.5
19,31,55,73,-140.712052701055,-0.0446527869259951,5,5,8.66025403784439
19,37,2,10,-140.712052701055,-0.0446527869259951,5,5,8.66025403784439
19,37,6,13,-140.712052701055,-0.0446527869259951,5,5,8.66025403784439
19,37,7,10,406.151482923494,0.0154700538379252,5,5,6.61437827766148
19,37,7,13,406.151482923494,0.0154700538379252,5,5,6.61437827766148
19,37,10,20,74.3308802673602,0.0845299461620748,5,5,5
19,37,10,21,90.9816840965796,0.0690598923241497,5,5,7.5
19,37,13,30,90.9816840965796,0.0690598923241497,5,5,7.5
19,37,13,31,74.3308802673602,0.0845299461620748,5,5,5
19,37,20,21,-406.151482923494,-0.0154700538379252,5,5,6.61437827766148
19,37,20,40,406.151482923494,0.0154700538379252,5,5,6.61437827766148
19,37,20,44,74.3308802673602,0.0845299461620748,5,5,5
19,37,21,40,203.075741461747,0.0309401076758503,5,5,8.66025403784439
19,37,30,31,406.151482923494,0.0154700538379252,5,5,6.61437827766148
19,37,30,43,203.075741461747,0.0309401076758503,5,5,8.66025403784439
19,37,31,43,406.151482923494,0.0154700538379252,5,5,6.61437827766148
19,37,31,55,74.3308802673602,0.0845299461620748,5,5,5
19,37,40,44,90.9816840965796,0.0690598923241497,5,5,7.5
19,37,43,55,90.9816840965796,0.0690598923241497,5,5,7.5
19,37,44,61,406.151482923494,0.0154700538379252,5,5,6.61437827766148
19,37,44,78,-140.712052701055,-0.0446527869259951,5,5,8.66025403784439
19,37,55,61,406.151482923494,0.0154700538379252,5,5,6.61437827766148
19,37,55,85,-140.712052701055,-0.0446527869259951,5,5,8.66025403784439
19,44,7,10,257.432628928405,0.0244071053981546,8.66025403784439,5,7.5
19,44,10,14,83.1187288206608,0.0755928946018454,8.66025403784439,5,8.66025403784439
19,44,10,20,62.8318530717959,0.1,8.66025403784439,5,4.33012701892219
19,44,10,21,62.8318530717959,0.1,8.66025403784439,5,6.61437827766148
19,44,13,31,257.432628928405,0.0244071053981546,8.66025403784439,5,7.5
19,44,20,40,62.8318530717959,0.1,8.66025403784439,5,4.33012701892219
19,44,21,40,62.8318530717959,0.1,8.66025403784439,5,6.61437827766148
19,44,31,37,62.8318530717959,0.1,8.66025403784439,5,4.33012701892219
19,44,31,43,83.1187288206608,0.0755928946018455,8.66025403784439,5,8.66025403784439
19,44,31,55,62.8318530717959,0.1,8.66025403784439,5,6.61437827766148
19,44,37,61,62.8318530717959,0.1,8.66025403784439,5,4.33012701892219
19,44,40,45,-83.1187288206608,-0.0755928946018455,8.66025403784439,5,8.66025403784439
19,44,40,70,257.432628928405,0.0244071053981545,8.66025403784439,5,7.5
19,44,55,61,62.8318530717959,0.1,8.66025403784439,5,6.61437827766148
19,44,61,78,257.432628928405,0.0244071053981545,8.66025403784439,5,7.5
19,44,61,85,-83.1187288206608,-0.0755928946018455,8.66025403784439,5,8.66025403784439
19,55,7,13,257.432628928405,0.0244071053981546,8.66025403784439,5,7.5
19,55,10,20,257.432628928405,0.0244071053981546,8.66025403784439,5,7.5
19,55,13,18,83.1187288206608,0.0755928946018454,8.66025403784439,5,8.66025403784439
19,55,13,30,62.8318530717959,0.1,8.66025403784439,5,6.61437827766148
19,55,13,31,62.8318530717959,0.1,8.66025403784439,5,4.33012701892219
19,55,20,37,62.8318530717959,0.1,8.66025403784439,5,4.33012701892219
19,55,20,40,83.1187288206608,0.0755928946018455,8.66025403784439,5,8.66025403784439
19,55,20,44,62.8318530717959,0.1,8.66025403784439,5,6.61437827766148
19,55,30,43,62.8318530717959,0.1,8.66025403784439,5,6.61437827766148
19,55,31,43,62.8318530717959,0.1,8.66025403784439,5,4.33012701892219
19,55,37,61,62.8318530717959,0.1,8.66025403784439,5,4.33012701892219
19,55,43,54,-83.1187288206608,-0.0755928946018455,8.66025403784439,5,8.66025403784439
19,55,43,73,257.432628928405,0.0244071053981545,8.66025403784439,5,7.5
19,55,44,61,62.8318530717959,0.1,8.66025403784439,5,6.61437827766148
19,55,61,78,-83.1187288206608,-0.0755928946018455,8.66025403784439,5,8.66025403784439
19,55,61,85,257.432628928405,0.0244071053981545,8.66025403784439,5,7.5
20,21,2,7,-203.075741461747,-0.0309401076758503,5,5,8.66025403784439
20,21,2,10,-406.151482923494,-0.0154700538379252,5,5,6.61437827766148
20,21,2,14,90.9816840965796,0.0690598923241497,5,5,7.5
20,21,7,10,406.151482923494,0.0154700538379252,5,5,6.61437827766148
20,21,7,19,-90.9816840965796,-0.0690598923241497,5,5,7.5
20,21,10,14,74.3308802673602,0.0845299461620748,5,5,5
20,21,10,19,-74.3308802673602,-0.0845299461620748,5,5,5
20,21,14,22,-140.712052701055,-0.0446527869259951,5,5,8.66025403784439
20,21,14,32,406.151482923494,0.0154700538379252,5,5,6.61437827766148
20,21,19,31,140.712052701055,0.0446527869259951,5,5,8.66025403784439
20,21,19,37,-406.151482923494,-0.0154700538379252,5,5,6.61437827766148
20,21,32,45,-406.151482923494,-0.0154700538379252,5,5,6.61437827766148
20,21,37,44,406.151482923494,0.0154700538379252,5,5,6.61437827766148
20,21,40,44,-74.3308802673602,-0.0845299461620748,5,5,5
20,21,40,45,74.3308802673602,0.0845299461620748,5,5,5
20,21,40,62,406.151482923494,0.0154700538379252,5,5,6.61437827766148
20,21,40,70,-406.151482923494,-0.0154700538379252,5,5,6.61437827766148
20,21,44,61,140.712052701055,0.0446527869259951,5,5,8.66025403784439
20,21,44,70,90.9816840965796,0.0690598923241497,5,5,7.5
20,21,45,56,-140.712052701055,-0.0446527869259951,5,5,8.66025403784439
20,21,45,62,-90.9816840965796,-0.0690598923241497,5,5,7.5
20,21,62,70,-203.075741461747,-0.0309401076758503,5,5,8.66025403784439
20,31,2,10,-83.1187288206608,-0.0755928946018455,8.66025403784439,5,8.66025403784439
20,31,6,13,83.1187288206608,0.0755928946018454,8.66025403784439,5,8.66025403784439
20,31,7,10,-62.8318530717959,-0.1,8.66025403784439,5,6.61437827766148
20,31,7,13,62.8318530717959,0.1,8.66025403784439,5,6.61437827766148
20,31,10,19,62.8318530717959,0.1,8.66025403784439,5,4.33012701892219
20,31,10,21,-257.432628928405,-0.0244071053981545,8.66025403784439,5,7.5
20,31,13,19,-62.8318530717958,-0.1,8.66025403784439,5,4.33012701892219
20,31,13,30,257.432628928405,0.0244071053981545,8.66025403784439,5,7.5
20,31,37,44,-62.8318530717959,-0.1,8.66025403784439,5,4.33012701892219
20,31,37,55,62.8318530717959,0.1,8.66025403784439,5,4.33012701892219
20,31,40,44,257.432628928405,0.0244071053981545,8.66025403784439,5,7.5
20,31,43,55,-257.432628928405,-0.0244071053981545,8.66025403784439,5,7.5
20,31,44,61,62.8318530717959,0.1,8.66025403784439,5,6.61437827766148
20,31,44,78,83.1187288206608,0.0755928946018454,8.66025403784439,5,8.66025403784439
20,31,55,61,-62.8318530717959,-0.1,8.66025403784439,5,6.61437827766148
20,31,55,85,-83.1187288206608,-0.0755928946018455,8.66025403784439,5,8.66025403784439
20,37,7,10,-90.9816840965796,-0.0690598923241497,5,5,7.5
20,37,7,13,203.075741461747,0.0309401076758503,5,5,8.66025403784439
20,37,7,19,406.151482923494,0.0154700538379252,5,5,6.61437827766148
20,37,10,14,140.712052701055,0.0446527869259951,5,5,8.66025403784439
20,37,10,19,74.3308802673602,0.0845299461620748,5,5,5
20,37,10,21,-406.151482923494,-0.0154700538379252,5,5,6.61437827766148
20,37,13,19,-406.151482923494,-0.0154700538379252,5,5,6.61437827766148
20,37,13,31,90.9816840965796,0.0690598923241497,5,5,7.5
20,37,19,31,74.3308802673602,0.0845299461620748,5,5,5
20,37,21,40,406.151482923494,0.0154700538379252,5,5,6.61437827766148
20,37,31,43,-140.712052701055,-0.0446527869259951,5,5,8.66025403784439
20,37,31,55,406.151482923494,0.0154700538379252,5,5,6.61437827766148
20,37,40,44,74.3308802673602,0.0845299461620748,5,5,5
20,37,40,45,140.712052701055,0.0446527869259951,5,5,8.66025403784439
20,37,40,70,90.9816840965796,0.0690598923241497,5,5,7.5
20,37,44,61,74.3308802673602,0.0845299461620748,5,5,5
20,37,44,70,-406.151482923494,-0.0154700538379252,5,5,6.61437827766148
20,37,44,78,406.151482923494,0.0154700538379252,5,5,6.61437827766148
20,37,55,61,-406.151482923494,-0.0154700538379252,5,5,6.61437827766148
20,37,61,78,-90.9816840965796,-0.0690598923241497,5,5,7.5
20,37,61,85,-140.712052701055,-0.0446527869259951,5,5,8.66025403784439
20,37,70,78,203.075741461747,0.0309401076758503,5,5,8.66025403784439
20,40,7,10,-140.712052701055,-0.0446527869259951,5,5,8.66025403784439
20,40,10,14,90.9816840965796,0.0690598923241497,5,5,7.5
20,40,10,19,-406.151482923494,-0.0154700538379252,5,5,6.61437827766148
20,40,10,21,74.3308802673602,0.0845299461620748,5,5,5
20,40,14,21,406.151482923494,0.0154700538379252,5,5,6.61437827766148
20,40,14,32,203.075741461747,0.0309401076758503,5,5,8.66025403784439
20,40,19,37,406.151482923494,0.0154700538379252,5,5,6.61437827766148
20,40,21,32,406.151482923494,0.0154700538379252,5,5,6.61437827766148
20,40,21,45,74.3308802673602,0.0845299461620748,5,5,5
20,40,31,37,-140.712052701055,-0.0446527869259951,5,5,8.66025403784439
20,40,32,45,90.9816840965796,0.0690598923241497,5,5,7.5
20,40,37,44,74.3308802673602,0.0845299461620748,5,5,5
20,40,37,61,90.9816840965796,0.0690598923241497,5,5,7.5
20,40,44,61,-406.151482923494,-0.0154700538379252,5,5,6.61437827766148
20,40,44,70,74.3308802673602,0.0845299461620748,5,5,5
20,40,44,78,406.151482923494,0.0154700538379252,5,5,6.61437827766148
20,40,45,62,406.151482923494,0.0154700538379252,5,5,6.61437827766148
20,40,45,79,-140.712052701055,-0.0446527869259951,5,5,8.66025403784439
20,40,61,78,203.075741461747,0.0309401076758503,5,5,8.66025403784439
20,40,62,70,-406.151482923494,-0.0154700538379252,5,5,6.61437827766148
20,40,70,78,-90.9816840965796,-0.0690598923241497,5,5,7.5
20,44,7,19,-140.712052701055,-0.0446527869259951,5,5,8.66025403784439
20,44,10,19,406.151482923494,0.0154700538379252,5,5,6.61437827766148
20,44,10,21,406.151482923494,0.0154700538379252,5,5,6.61437827766148
20,44,14,21,-140.712052701055,-0.0446527869259951,5,5,8.66025403784439
20,44,19,31,90.9816840965796,0.0690598923241497,5,5,7.5
20,44,19,37,74.3308802673602,0.0845299461620748,5,5,5
20,44,21,40,74.3308802673602,0.0845299461620748,5,5,5
20,44,21,45,90.9816840965796,0.0690598923241497,5,5,7.5
20,44,31,37,406.151482923494,0.0154700538379252,5,5,6.61437827766148
20,44,31,55,203.075741461747,0.0309401076758503,5,5,8.66025403784439
20,44,37,55,406.151482923494,0.0154700538379252,5,5,6.61437827766148
20,44,37,61,74.3308802673602,0.0845299461620748,5,5,5
20,44,40,45,-406.151482923494,-0.0154700538379252,5,5,6.61437827766147
20,44,40,62,406.151482923494,0.0154700538379252,5,5,6.61437827766147
20,44,40,70,74.3308802673602,0.0845299461620748,5,5,5
20,44,45,62,203.075741461747,0.0309401076758503,5,5,8.66025403784439
20,44,55,61,90.9816840965796,0.0690598923241497,5,5,7.5
20,44,61,78,406.151482923494,0.0154700538379252,5,5,6.61437827766148
20,44,61,91,-140.712052701055,-0.0446527869259951,5,5,8.66025403784439
20,44,62,70,90.9816840965796,0.0690598923241497,5,5,7.5
20,44,70,78,406.151482923494,0.0154700538379252,5,5,6.61437827766148
20,45,2,10,-83.1187288206608,-0.0755928946018455,8.66025403784439,5,8.66025403784439
20,45,10,14,62.8318530717959,0.1,8.66025403784439,5,6.61437827766148
20,45,10,19,-257.432628928405,-0.0244071053981545,8.66025403784439,5,7.5
20,45,10,21,62.8318530717959,0.1,8.66025403784439,5,4.33012701892219
20,45,14,32,62.8318530717959,0.1,8.66025403784439,5,6.61437827766148
20,45,21,32,62.8318530717959,0.1,8.66025403784439,5,4.33012701892219
20,45,22,32,83.1187288206608,0.0755928946018454,8.66025403784439,5,8.66025403784439
20,45,32,56,257.432628928405,0.0244071053981545,8.66025403784439,5,7.5
20,45,37,44,257.432628928405,0.0244071053981545,8.66025403784439,5,7.5
20,45,40,44,-62.8318530717959,-0.1,8.66025403784439,5,4.33012701892219
20,45,40,62,62.8318530717959,0.1,8.66025403784439,5,4.33012701892219
20,45,44,70,62.8318530717959,0.1,8.66025403784439,5,6.61437827766148
20,45,44,78,83.1187288206608,0.0755928946018454,8.66025403784439,5,8.66025403784439
20,45,62,70,-62.8318530717959,-0.1,8.66025403784439,5,6.61437827766148
20,45,62,79,257.432628928405,0.0244071053981545,8.66025403784439,5,7.5
20,61,10,19,257.432628928405,0.0244071053981546,8.66025403784439,5,7.5
20,61,13,19,-83.1187288206608,-0.0755928946018455,8.66025403784439,5,8.66025403784439
20,61,19,31,62.8318530717959,0.1,8.66025403784439,5,6.61437827766148
20,61,19,37,62.8318530717959,0.1,8.66025403784439,5,4.33012701892219
20,61,21,40,257.432628928405,0.0244071053981546,8.66025403784439,5,7.5
20,61,31,55,62.8318530717959,0.1,8.66025403784439,5,6.61437827766148
20,61,37,55,62.8318530717959,0.1,8.66025403784439,5,4.33012701892219
20,61,40,44,62.8318530717959,0.1,8.66025403784439,5,4.33012701892219
20,61,40,62,83.1187288206608,0.0755928946018455,8.66025403784439,5,8.66025403784439
20,61,40,70,62.8318530717959,0.1,8.66025403784439,5,6.61437827766148
20,61,43,55,83.1187288206608,0.0755928946018455,8.66025403784439,5,8.66025403784439
20,61,44,78,62.8318530717959,0.1,8.66025403784439,5,4.33012701892219
20,61,55,85,257.432628928405,0.0244071053981545,8.66025403784439,5,7.5
20,61,70,78,62.8318530717959,0.1,8.66025403784439,5,6.61437827766148
20,61,78,91,257.432628928405,0.0244071053981545,8.66025403784439,5,7.5
20,70,10,21,257.432628928405,0.0244071053981546,8.66025403784439,5,7.5
20,70,19,37,257.432628928405,0.0244071053981546,8.66025403784439,5,7.5
20,70,21,32,83.1187288206608,0.0755928946018454,8.66025403784439,5,8.66025403784439
20,70,21,40,62.8318530717959,0.1,8.66025403784439,5,4.33012701892219
20,70,21,45,62.8318530717959,0.1,8.66025403784439,5,6.61437827766148
20,70,37,44,62.8318530717959,0.1,8.66025403784439,5,4.33012701892219
20,70,37,55,83.1187288206608,0.0755928946018455,8.66025403784439,5,8.66025403784439
20,70,37,61,62.8318530717959,0.1,8.66025403784439,5,6.61437827766148
20,70,40,62,62.8318530717959,0.1,8.66025403784439,5,4.33012701892219
20,70,44,78,62.8318530717959,0.1,8.66025403784439,5,4.33012701892219
20,70,45,62,62.8318530717959,0.1,8.66025403784439,5,6.61437827766148
20,70,61,78,62.8318530717959,0.1,8.66025403784439,5,6.61437827766148
20,70,62,79,-83.1187288206608,-0.0755928946018455,8.66025403784439,5,8.66025403784439
20,70,78,91,-83.1187288206608,-0.0755928946018455,8.66025403784439,5,8.66025403784439
21,22,2,8,62.8318530717959,0.1,8.66025403784439,5,6.61437827766148
21,22,2,10,-62.8318530717959,-0.1,8.66025403784439,5,6.61437827766147
21,22,3,8,83.1187288206608,0.0755928946018454,8.66025403784439,5,8.66025403784439
21,22,7,10,-83.1187288206608,-0.0755928946018455,8.66025403784439,5,8.66025403784439
21,22,8,14,-62.8318530717958,-0.1,8.66025403784439,5,4.33012701892219
21,22,8,23,257.432628928405,0.0244071053981545,8.66025403784439,5,7.5
21,22,10,14,62.8318530717959,0.1,8.66025403784439,5,4.33012701892219
21,22,10,20,-257.432628928405,-0.0244071053981546,8.66025403784439,5,7.5
21,22,32,45,-62.8318530717959,-0.1,8.66025403784439,5,4.33012701892219
21,22,32,46,62.8318530717959,0.1,8.66025403784439,5,4.33012701892219
21,22,38,46,-257.432628928405,-0.0244071053981545,8.66025403784439,5,7.5
21,22,40,45,257.432628928405,0.0244071053981546,8.66025403784439,5,7.5
21,22,45,56,62.8318530717959,0.1,8.66025403784439,5,6.61437827766148
21,22,45,79,83.1187288206608,0.0755928946018454,8.66025403784439,5,8.66025403784439
21,22,46,56,-62.8318530717959,-0.1,8.66025403784439,5,6.61437827766148
21,22,46,74,-83.1187288206608,-0.0755928946018454,8.66025403784439,5,8.66025403784439
21,32,2,8,203.075741461747,0.0309401076758503,5,5,8.66025403784439
21,32,2,10,-90.9816840965796,-0.0690598923241497,5,5,7.5
21,32,2,14,406.151482923494,0.0154700538379252,5,5,6.61437827766148
21,32,8,14,-406.151482923494,-0.0154700538379252,5,5,6.61437827766148
21,32,8,22,90.9816840965796,0.0690598923241497,5,5,7.5
21,32,10,14,74.3308802673602,0.0845299461620748,5,5,5
21,32,10,19,140.712052701055,0.0446527869259951,5,5,8.66025403784439
21,32,10,20,-406.151482923494,-0.0154700538379252,5,5,6.61437827766147
21,32,14,22,74.3308802673602,0.0845299461620748,5,5,5
21,32,20,40,406.151482923494,0.0154700538379252,5,5,6.61437827766148
21,32,22,38,-140.712052701055,-0.0446527869259951,5,5,8.66025403784439
21,32,22,46,406.151482923494,0.0154700538379252,5,5,6.61437827766148
21,32,40,44,140.712052701055,0.0446527869259951,5,5,8.66025403784439
21,32,40,45,74.3308802673602,0.0845299461620748,5,5,5
21,32,40,62,90.9816840965796,0.0690598923241497,5,5,7.5
21,32,45,56,74.3308802673602,0.0845299461620748,5,5,5
21,32,45,62,-406.151482923494,-0.0154700538379252,5,5,6.61437827766148
21,32,45,79,406.151482923494,0.0154700538379252,5,5,6.61437827766148
21,32,46,56,-406.151482923494,-0.0154700538379252,5,5,6.61437827766148
21,32,56,74,-140.712052701055,-0.0446527869259951,5,5,8.66025403784439
21,32,56,79,-90.9816840965796,-0.0690598923241497,5,5,7.5
21,32,62,79,203.075741461747,0.0309401076758503,5,5,8.66025403784439
21,40,2,10,-140.712052701055,-0.0446527869259951,5,5,8.66025403784439
21,40,10,14,-406.151482923494,-0.0154700538379252,5,5,6.61437827766148
21,40,10,19,90.9816840965796,0.0690598923241497,5,5,7.5
21,40,10,20,74.3308802673602,0.0845299461620748,5,5,5
21,40,14,32,406.151482923494,0.0154700538379252,5,5,6.61437827766148
21,40,19,20,406.151482923494,0.0154700538379252,5,5,6.61437827766148
21,40,19,37,203.075741461747,0.0309401076758503,5,5,8.66025403784439
21,40,20,37,406.151482923494,0.0154700538379252,5,5,6.61437827766148
21,40,20,44,74.3308802673602,0.0845299461620748,5,5,5
21,40,22,32,-140.712052701055,-0.0446527869259951,5,5,8.66025403784439
21,40,32,45,74.3308802673602,0.0845299461620748,5,5,5
21,40,32,56,90.9816840965796,0.0690598923241497,5,5,7.5
21,40,37,44,90.9816840965796,0.0690598923241497,5,5,7.5
21,40,44,70,406.151482923494,0.0154700538379252,5,5,6.61437827766148
21,40,44,78,-140.712052701055,-0.0446527869259951,5,5,8.66025403784439
21,40,45,56,-406.151482923494,-0.0154700538379252,5,5,6.61437827766148
21,40,45,62,74.3308802673602,0.0845299461620748,5,5,5
21,40,45,79,406.151482923494,0.0154700538379252,5,5,6.61437827766148
21,40,56,79,203.075741461747,0.0309401076758503,5,5,8.66025403784439
21,40,62,70,406.151482923494,0.0154700538379252,5,5,6.61437827766148
21,40,62,79,-90.9816840965796,-0.0690598923241497,5,5,7.5
21,44,7,10,-83.1187288206608,-0.0755928946018455,8.66025403784439,5,8.66025403784439
21,44,10,14,-257.432628928405,-0.0244071053981546,8.66025403784439,5,7.5
21,44,10,19,62.8318530717959,0.1,8.66025403784439,5,6.61437827766148
21,44,10,20,62.8318530717959,0.1,8.66025403784439,5,4.33012701892219
21,44,19,37,62.8318530717959,0.1,8.66025403784439,5,6.61437827766148
21,44,20,37,62.8318530717959,0.1,8.66025403784439,5,4.33012701892219
21,44,31,37,83.1187288206608,0.0755928946018455,8.66025403784439,5,8.66025403784439
21,44,32,45,257.432628928405,0.0244071053981546,8.66025403784439,5,7.5
21,44,37,61,257.432628928405,0.0244071053981545,8.66025403784439,5,7.5
21,44,40,45,-62.8318530717959,-0.1,8.66025403784439,5,4.33012701892219
21,44,40,70,62.8318530717959,0.1,8.66025403784439,5,4.33012701892219
21,44,45,62,62.8318530717959,0.1,8.66025403784439,5,6.61437827766148
21,44,45,79,83.1187288206608,0.0755928946018455,8.66025403784439,5,8.66025403784439
21,44,62,70,62.8318530717959,0.1,8.66025403784439,5,6.61437827766148
21,44,70,78,257.432628928405,0.0244071053981545,8.66025403784439,5,7.5
21,45,2,14,-140.712052701055,-0.0446527869259951,5,5,8.66025403784439
21,45,10,14,406.151482923494,0.0154700538379252,5,5,6.61437827766148
21,45,10,20,406.151482923494,0.0154700538379252,5,5,6.61437827766147
21,45,14,22,90.9816840965796,0.0690598923241497,5,5,7.5
21,45,14,32,74.3308802673602,0.0845299461620748,5,5,5
21,45,19,20,-140.712052701055,-0.0446527869259951,5,5,8.66025403784439
21,45,20,40,74.3308802673602,0.0845299461620748,5,5,5
21,45,20,44,90.9816840965796,0.0690598923241497,5,5,7.5
21,45,22,32,406.151482923494,0.0154700538379252,5,5,6.61437827766148
21,45,22,46,203.075741461747,0.0309401076758503,5,5,8.66025403784439
21,45,32,46,406.151482923494,0.0154700538379252,5,5,6.61437827766148
21,45,32,56,74.3308802673602,0.0845299461620748,5,5,5
21,45,40,44,-406.151482923494,-0.0154700538379252,5,5,6.61437827766148
21,45,40,62,74.3308802673602,0.0845299461620748,5,5,5
21,45,40,70,406.151482923494,0.0154700538379252,5,5,6.61437827766148
21,45,44,70,203.075741461747,0.0309401076758503,5,5,8.66025403784439
21,45,46,56,90.9816840965796,0.0690598923241497,5,5,7.5
21,45,56,79,406.151482923494,0.0154700538379252,5,5,6.61437827766148
21,45,56,86,-140.712052701055,-0.0446527869259951,5,5,8.66025403784439
21,45,62,70,-90.9816840965796,-0.0690598923241497,5,5,7.5
21,45,62,79,406.151482923494,0.0154700538379252,5,5,6.61437827766148
21,56,8,14,-83.1187288206608,-0.0755928946018455,8.66025403784439,5,8.66025403784439
21,56,10,14,257.432628928405,0.0244071053981545,8.66025403784439,5,7.5
21,56,14,22,62.8318530717959,0.1,8.66025403784439,5,6.61437827766148
21,56,14,32,62.8318530717959,0.1,8.66025403784439,5,4.33012701892219
21,56,20,40,257.432628928405,0.0244071053981545,8.66025403784439,5,7.5
21,56,22,46,62.8318530717959,0.1,8.66025403784439,5,6.61437827766148
21,56,32,46,62.8318530717959,0.1,8.66025403784439,5,4.33012701892219
21,56,38,46,83.1187288206608,0.0755928946018454,8.66025403784439,5,8.66025403784439
21,56,40,45,62.8318530717959,0.1,8.66025403784439,5,4.33012701892219
21,56,40,62,62.8318530717959,0.1,8.66025403784439,5,6.61437827766148
21,56,40,70,83.1187288206608,0.0755928946018454,8.66025403784439,5,8.66025403784439
21,56,45,79,62.8318530717959,0.1,8.66025403784439,5,4.33012701892219
21,56,46,74,257.432628928404,0.0244071053981546,8.66025403784439,5,7.5
21,56,62,79,62.8318530717959,0.1,8.66025403784439,5,6.61437827766148
21,56,79,86,257.432628928404,0.0244071053981546,8.66025403784439,5,7.5
21,62,10,20,257.432628928405,0.0244071053981546,8.66025403784439,5,7.5
21,62,14,32,257.432628928405,0.0244071053981546,8.66025403784439,5,7.5
21,62,20,37,83.1187288206608,0.0755928946018455,8.66025403784439,5,8.66025403784439
21,62,20,40,62.8318530717959,0.1,8.66025403784439,5,4.33012701892219
21,62,20,44,62.8318530717959,0.1,8.66025403784439,5,6.61437827766147
21,62,32,45,62.8318530717959,0.1,8.66025403784439,5,4.33012701892219
21,62,32,46,83.1187288206608,0.0755928946018454,8.66025403784439,5,8.66025403784439
21,62,32,56,62.8318530717959,0.1,8.66025403784439,5,6.61437827766148
21,62,40,70,62.8318530717959,0.1,8.66025403784439,5,4.33012701892219
21,62,44,70,62.8318530717959,0.1,8.66025403784439,5,6.61437827766148
21,62,45,79,62.8318530717959,0.1,8.66025403784439,5,4.33012701892219
21,62,56,79,62.8318530717959,0.1,8.66025403784439,5,6.61437827766148
21,62,70,78,-83.1187288206608,-0.0755928946018455,8.66025403784439,5,8.66025403784439
21,62,79,86,-83.1187288206608,-0.0755928946018454,8.66025403784439,5,8.66025403784439
22,23,2,3,203.075741461747,0.0309401076758503,5,5,8.66025403784439
22,23,2,8,406.151482923494,0.0154700538379252,5,5,6.61437827766148
22,23,2,14,-90.9816840965796,-0.0690598923241497,5,5,7.5
22,23,3,8,-406.151482923494,-0.0154700538379252,5,5,6.61437827766148
22,23,3,15,90.9816840965796,0.0690598923241497,5,5,7.5
22,23,8,14,-74.3308802673602,-0.0845299461620748,5,5,5
22,23,8,15,74.3308802673602,0.0845299461620748,5,5,5
22,23,14,21,140.712052701055,0.0446527869259951,5,5,8.66025403784439
22,23,14,32,-406.151482923494,-0.0154700538379252,5,5,6.61437827766148
22,23,15,24,-140.712052701055,-0.0446527869259951,5,5,8.66025403784439
22,23,15,33,406.151482923494,0.0154700538379252,5,5,6.61437827766148
22,23,32,46,406.151482923494,0.0154700538379252,5,5,6.61437827766148
22,23,33,47,-406.151482923494,-0.0154700538379252,5,5,6.61437827766148
22,23,38,46,-74.3308802673602,-0.0845299461620748,5,5,5
22,23,38,47,74.3308802673602,0.0845299461620748,5,5,5
22,23,38,63,-406.151482923493,-0.0154700538379252,5,5,6.61437827766147
22,23,38,64,406.151482923493,0.0154700538379252,5,5,6.61437827766147
22,23,46,56,140.712052701055,0.0446527869259951,5,5,8.66025403784439
22,23,46,63,90.9816840965796,0.0690598923241497,5,5,7.5
22,23,47,57,-140.712052701055,-0.0446527869259951,5,5,8.66025403784439
22,23,47,64,-90.9816840965796,-0.0690598923241497,5,5,7.5
22,23,63,64,203.075741461747,0.0309401076758503,5,5,8.66025403784438
22,32,2,8,-90.9816840965796,-0.0690598923241497,5,5,7.5
22,32,2,10,203.075741461747,0.0309401076758503,5,5,8.66025403784439
22,32,2,14,406.151482923494,0.0154700538379252,5,5,6.61437827766148
22,32,8,14,74.3308802673602,0.0845299461620748,5,5,5
22,32,8,15,140.712052701055,0.0446527869259951,5,5,8.66025403784439
22,32,8,23,-406.151482923494,-0.0154700538379252,5,5,6.61437827766148
22,32,10,14,-406.151482923494,-0.0154700538379252,5,5,6.61437827766148
22,32,10,21,90.9816840965796,0.0690598923241497,5,5,7.5
22,32,14,21,74.3308802673602,0.0845299461620748,5,5,5
22,32,21,40,-140.712052701055,-0.0446527869259951,5,5,8.66025403784439
22,32,21,45,406.151482923494,0.0154700538379252,5,5,6.61437827766148
22,32,23,38,406.151482923494,0.0154700538379252,5,5,6.61437827766148
22,32,38,46,74.3308802673602,0.0845299461620748,5,5,5
22,32,38,47,140.712052701055,0.0446527869259951,5,5,8.66025403784439
22,32,38,63,90.9816840965796,0.0690598923241497,5,5,7.5
22,32,45,56,-406.151482923494,-0.0154700538379252,5,5,6.61437827766148
22,32,46,56,74.3308802673602,0.0845299461620748,5,5,5
22,32,46,63,-406.151482923493,-0.0154700538379252,5,5,6.61437827766147
22,32,46,74,406.151482923493,0.0154700538379252,5,5,6.61437827766147
22,32,56,74,-90.9816840965796,-0.0690598923241497,5,5,7.5
22,32,56,79,-140.712052701055,-0.0446527869259951,5,5,8.66025403784439
22,32,63,74,203.075741461747,0.0309401076758503,5,5,8.66025403784438
22,38,2,8,-140.712052701055,-0.0446527869259951,5,5,8.66025403784439
22,38,8,14,-406.151482923494,-0.0154700538379252,5,5,6.61437827766148
22,38,8,15,90.9816840965796,0.0690598923241497,5,5,7.5
22,38,8,23,74.3308802673602,0.0845299461620748,5,5,5
22,38,14,32,406.151482923494,0.0154700538379252,5,5,6.61437827766148
22,38,15,23,406.151482923494,0.0154700538379252,5,5,6.61437827766148
22,38,15,33,203.075741461747,0.0309401076758503,5,5,8.66025403784439
22,38,21,32,-140.712052701055,-0.0446527869259951,5,5,8.66025403784439
22,38,23,33,406.151482923494,0.0154700538379252,5,5,6.61437827766148
22,38,23,47,74.3308802673602,0.0845299461620748,5,5,5
22,38,32,46,74.3308802673602,0.0845299461620748,5,5,5
22,38,32,56,90.9816840965796,0.0690598923241497,5,5,7.5
22,38,33,47,90.9816840965796,0.0690598923241497,5,5,7.5
22,38,46,56,-406.151482923494,-0.0154700538379252,5,5,6.61437827766148
22,38,46,63,74.3308802673601,0.0845299461620749,5,5,5
22,38,46,74,406.151482923494,0.0154700538379251,5,5,6.61437827766147
22,38,47,64,406.151482923492,0.0154700538379252,5,5,6.61437827766147
22,38,47,75,-140.712052701055,-0.0446527869259951,5,5,8.66025403784439
22,38,56,74,203.075741461747,0.0309401076758503,5,5,8.66025403784439
22,38,63,64,406.151482923494,0.0154700538379252,5,5,6.61437827766147
22,38,63,74,-90.9816840965795,-0.0690598923241497,5,5,7.5
22,46,2,14,-140.712052701055,-0.0446527869259951,5,5,8.66025403784439
22,46,8,14,406.151482923494,0.0154700538379252,5,5,6.61437827766148
22,46,8,23,406.151482923494,0.0154700538379252,5,5,6.61437827766148
22,46,14,21,90.9816840965796,0.0690598923241497,5,5,7.5
22,46,14,32,74.3308802673602,0.0845299461620748,5,5,5
22,46,15,23,-140.712052701055,-0.0446527869259951,5,5,8.66025403784439
22,46,21,32,406.151482923494,0.0154700538379252,5,5,6.61437827766148
22,46,21,45,203.075741461747,0.0309401076758503,5,5,8.66025403784439
22,46,23,38,74.3308802673602,0.0845299461620748,5,5,5
22,46,23,47,90.9816840965796,0.0690598923241497,5,5,7.5
22,46,32,45,406.151482923494,0.0154700538379252,5,5,6.61437827766148
22,46,32,56,74.3308802673602,0.0845299461620748,5,5,5
22,46,38,47,-406.151482923494,-0.0154700538379252,5,5,6.61437827766148
22,46,38,63,74.3308802673601,0.0845299461620749,5,5,5
22,46,38,64,406.151482923494,0.0154700538379251,5,5,6.61437827766147
22,46,45,56,90.9816840965796,0.0690598923241497,5,5,7.5
22,46,47,64,203.075741461747,0.0309401076758503,5,5,8.66025403784439
22,46,56,74,406.151482923492,0.0154700538379252,5,5,6.61437827766147
22,46,56,86,-140.712052701055,-0.0446527869259951,5,5,8.66025403784439
22,46,63,64,-90.9816840965795,-0.0690598923241497,5,5,7.5
22,46,63,74,406.151482923494,0.0154700538379252,5,5,6.61437827766147
22,47,3,8,-83.1187288206608,-0.0755928946018455,8.66025403784439,5,8.66025403784439
22,47,8,14,-257.432628928405,-0.0244071053981546,8.66025403784439,5,7.5
22,47,8,15,62.8318530717959,0.1,8.66025403784439,5,6.61437827766148
22,47,8,23,62.8318530717959,0.1,8.66025403784439,5,4.33012701892219
22,47,15,33,62.8318530717959,0.1,8.66025403784439,5,6.61437827766148
22,47,23,33,62.8318530717959,0.1,8.66025403784439,5,4.33012701892219
22,47,24,33,83.1187288206608,0.0755928946018454,8.66025403784439,5,8.66025403784439
22,47,32,46,257.432628928405,0.0244071053981546,8.66025403784439,5,7.5
22,47,33,57,257.432628928405,0.0244071053981545,8.66025403784439,5,7.5
22,47,38,46,-62.8318530717959,-0.1,8.66025403784439,5,4.33012701892219
22,47,38,64,62.8318530717958,0.1,8.66025403784439,5,4.33012701892219
22,47,46,63,62.8318530717959,0.1,8.66025403784439,5,6.61437827766147
22,47,46,74,83.1187288206608,0.0755928946018454,8.66025403784439,5,8.66025403784439
22,47,63,64,62.8318530717958,0.1,8.66025403784439,5,6.61437827766147
22,47,64,75,257.432628928405,0.0244071053981545,8.66025403784439,5,7.5
22,56,8,14,257.432628928405,0.0244071053981546,8.66025403784439,5,7.5
22,56,10,14,-83.1187288206608,-0.0755928946018455,8.66025403784439,5,8.66025403784439
22,56,14,21,62.8318530717959,0.1,8.66025403784439,5,6.61437827766148
22,56,14,32,62.8318530717959,0.1,8.66025403784439,5,4.33012701892219
22,56,21,45,62.8318530717959,0.1,8.66025403784439,5,6.61437827766148
22,56,23,38,257.432628928405,0.0244071053981546,8.66025403784439,5,7.5
22,56,32,45,62.8318530717959,0.1,8.66025403784439,5,4.33012701892219
22,56,38,46,62.8318530717959,0.1,8.66025403784439,5,4.33012701892219
22,56,38,63,62.8318530717959,0.1,8.66025403784439,5,6.61437827766147
22,56,38,64,83.1187288206608,0.0755928946018454,8.66025403784439,5,8.66025403784439
22,56,40,45,83.1187288206608,0.0755928946018454,8.66025403784439,5,8.66025403784439
22,56,45,79,257.432628928405,0.0244071053981545,8.66025403784439,5,7.5
22,56,46,74,62.8318530717958,0.1,8.66025403784439,5,4.33012701892219
22,56,63,74,62.8318530717958,0.1,8.66025403784439,5,6.61437827766147
22,56,74,86,257.432628928405,0.0244071053981545,8.66025403784439,5,7.5
22,63,8,23,257.432628928405,0.0244071053981545,8.66025403784438,5,7.5
22,63,14,32,257.432628928405,0.0244071053981545,8.66025403784438,5,7.5
22,63,23,33,83.1187288206608,0.0755928946018454,8.66025403784438,5,8.66025403784439
22,63,23,38,62.8318530717958,0.1,8.66025403784438,5,4.33012701892219
22,63,23,47,62.8318530717959,0.1,8.66025403784438,5,6.61437827766148
22,63,32,45,83.1187288206608,0.0755928946018454,8.66025403784438,5,8.66025403784439
22,63,32,46,62.8318530717958,0.1,8.66025403784438,5,4.33012701892219
22,63,32,56,62.8318530717959,0.1,8.66025403784438,5,6.61437827766148
22,63,38,64,62.8318530717959,0.0999999999999999,8.66025403784438,5,4.33012701892219
22,63,46,74,62.8318530717959,0.0999999999999999,8.66025403784438,5,4.33012701892219
22,63,47,64,62.8318530717959,0.1,8.66025403784438,5,6.61437827766148
22,63,56,74,62.8318530717959,0.1,8.66025403784438,5,6.61437827766148
22,63,64,75,-83.1187288206608,-0.0755928946018455,8.66025403784438,5,8.66025403784439
22,63,74,86,-83.1187288206608,-0.0755928946018455,8.66025403784438,5,8.66025403784439
23,24,2,8,-83.1187288206608,-0.0755928946018455,8.66025403784439,5,8.66025403784439
23,24,3,8,-62.8318530717959,-0.1,8.66025403784439,5,6.61437827766148
23,24,3,11,62.8318530717959,0.1,8.66025403784439,5,6.61437827766147
23,24,4,11,83.1187288206608,0.0755928946018455,8.66025403784439,5,8.66025403784439
23,24,8,15,62.8318530717959,0.1,8.66025403784439,5,4.33012701892219
23,24,8,22,-257.432628928405,-0.0244071053981546,8.66025403784439,5,7.5
23,24,11,15,-62.8318530717958,-0.1,8.66025403784439,5,4.33012701892219
23,24,11,25,257.432628928405,0.0244071053981545,8.66025403784439,5,7.5
23,24,33,47,-62.8318530717959,-0.1,8.66025403784439,5,4.33012701892219
23,24,33,48,62.8318530717959,0.1,8.66025403784439,5,4.33012701892219
23,24,38,47,257.432628928405,0.0244071053981546,8.66025403784439,5,7.5
23,24,41,48,-257.432628928405,-0.0244071053981545,8.66025403784439,5,7.5
23,24,47,57,62.8318530717959,0.1,8.66025403784439,5,6.61437827766148
23,24,47,75,83.1187288206608,0.0755928946018455,8.66025403784439,5,8.66025403784439
23,24,48,57,-62.8318530717959,-0.1,8.66025403784439,5,6.61437827766148
23,24,48,80,-83.1187288206608,-0.0755928946018455,8.66025403784439,5,8.66025403784439
23,33,3,8,-90.9816840965796,-0.0690598923241497,5,5,7.5
23,33,3,11,203.075741461747,0.0309401076758503,5,5,8.66025403784439
23,33,3,15,406.151482923494,0.0154700538379252,5,5,6.61437827766148
23,33,8,14,140.712052701055,0.0446527869259951,5,5,8.66025403784439
23,33,8,15,74.3308802673602,0.0845299461620748,5,5,5
23,33,8,22,-406.151482923494,-0.0154700538379252,5,5,6.61437827766148
23,33,11,15,-406.151482923494,-0.0154700538379252,5,5,6.61437827766148
23,33,11,24,90.9816840965796,0.0690598923241497,5,5,7.5
23,33,15,24,74.3308802673602,0.0845299461620748,5,5,5
23,33,22,38,406.151482923494,0.0154700538379252,5,5,6.61437827766148
23,33,24,41,-140.712052701055,-0.0446527869259951,5,5,8.66025403784439
23,33,24,48,406.151482923494,0.0154700538379252,5,5,6.61437827766148
23,33,38,46,140.712052701055,0.0446527869259951,5,5,8.66025403784439
23,33,38,47,74.3308802673602,0.0845299461620748,5,5,5
23,33,38,64,90.9816840965796,0.0690598923241497,5,5,7.5
23,33,47,57,74.3308802673602,0.0845299461620748,5,5,5
23,33,47,64,-406.151482923493,-0.0154700538379252,5,5,6.61437827766147
23,33,47,75,406.151482923493,0.0154700538379252,5,5,6.61437827766147
23,33,48,57,-406.151482923494,-0.0154700538379252,5,5,6.61437827766148
23,33,57,75,-90.9816840965796,-0.0690598923241497,5,5,7.5
23,33,57,80,-140.712052701055,-0.0446527869259951,5,5,8.66025403784439
23,33,64,75,203.075741461747,0.0309401076758503,5,5,8.66025403784438
23,38,3,8,-140.712052701055,-0.0446527869259951,5,5,8.66025403784439
23,38,8,14,90.9816840965796,0.0690598923241497,5,5,7.5
23,38,8,15,-406.151482923494,-0.0154700538379252,5,5,6.61437827766148
23,38,8,22,74.3308802673602,0.0845299461620748,5,5,5
23,38,14,22,406.151482923494,0.0154700538379252,5,5,6.61437827766148
23,38,14,32,203.075741461747,0.0309401076758503,5,5,8.66025403784439
23,38,15,33,406.151482923494,0.0154700538379252,5,5,6.61437827766148
23,38,22,32,406.151482923494,0.0154700538379252,5,5,6.61437827766148
23,38,22,46,74.3308802673602,0.0845299461620748,5,5,5
23,38,24,33,-140.712052701055,-0.0446527869259951,5,5,8.66025403784439
23,38,32,46,90.9816840965796,0.0690598923241497,5,5,7.5
23,38,33,47,74.3308802673602,0.0845299461620748,5,5,5
23,38,33,57,90.9816840965796,0.0690598923241497,5,5,7.5
23,38,46,63,406.151482923492,0.0154700538379252,5,5,6.61437827766147
23,38,46,74,-140.712052701055,-0.0446527869259951,5,5,8.66025403784439
23,38,47,57,-406.151482923494,-0.0154700538379252,5,5,6.61437827766148
23,38,47,64,74.3308802673601,0.0845299461620749,5,5,5
23,38,47,75,406.151482923494,0.0154700538379251,5,5,6.61437827766147
23,38,57,75,203.075741461747,0.0309401076758503,5,5,8.66025403784439
23,38,63,64,-406.151482923494,-0.0154700538379252,5,5,6.61437827766147
23,38,64,75,-90.9816840965795,-0.0690598923241497,5,5,7.5
23,46,2,8,-83.1187288206608,-0.0755928946018455,8.66025403784439,5,8.66025403784439
23,46,8,14,62.8318530717959,0.1,8.66025403784439,5,6.61437827766148
23,46,8,15,-257.432628928405,-0.0244071053981546,8.66025403784439,5,7.5
23,46,8,22,62.8318530717959,0.1,8.66025403784439,5,4.33012701892219
23,46,14,32,62.8318530717959,0.1,8.66025403784439,5,6.61437827766148
23,46,21,32,83.1187288206608,0.0755928946018454,8.66025403784439,5,8.66025403784439
23,46,22,32,62.8318530717959,0.1,8.66025403784439,5,4.33012701892219
23,46,32,56,257.432628928405,0.0244071053981545,8.66025403784439,5,7.5
23,46,33,47,257.432628928405,0.0244071053981546,8.66025403784439,5,7.5
23,46,38,47,-62.8318530717959,-0.1,8.66025403784439,5,4.33012701892219
23,46,38,63,62.8318530717958,0.1,8.66025403784439,5,4.33012701892219
23,46,47,64,62.8318530717959,0.1,8.66025403784439,5,6.61437827766147
23,46,47,75,83.1187288206608,0.0755928946018454,8.66025403784439,5,8.66025403784439
23,46,63,64,-62.8318530717958,-0.1,8.66025403784439,5,6.61437827766147
23,46,63,74,257.432628928405,0.0244071053981545,8.66025403784439,5,7.5
23,47,3,15,-140.712052701055,-0.0446527869259951,5,5,8.66025403784439
23,47,8,15,406.151482923494,0.0154700538379252,5,5,6.61437827766148
23,47,8,22,406.151482923494,0.0154700538379252,5,5,6.61437827766148
23,47,14,22,-140.712052701055,-0.0446527869259951,5,5,8.66025403784439
23,47,15,24,90.9816840965796,0.0690598923241497,5,5,7.5
23,47,15,33,74.3308802673602,0.0845299461620748,5,5,5
23,47,22,38,74.3308802673602,0.0845299461620748,5,5,5
23,47,22,46,90.9816840965796,0.0690598923241497,5,5,7.5
23,47,24,33,406.151482923494,0.0154700538379252,5,5,6.61437827766148
23,47,24,48,203.075741461747,0.0309401076758503,5,5,8.66025403784439
23,47,33,48,406.151482923494,0.0154700538379252,5,5,6.61437827766148
23,47,33,57,74.3308802673602,0.0845299461620748,5,5,5
23,47,38,46,-406.151482923494,-0.0154700538379252,5,5,6.61437827766148
23,47,38,63,406.151482923494,0.0154700538379251,5,5,6.61437827766147
23,47,38,64,74.3308802673601,0.0845299461620749,5,5,5
23,47,46,63,203.075741461747,0.0309401076758503,5,5,8.66025403784439
23,47,48,57,90.9816840965796,0.0690598923241497,5,5,7.5
23,47,57,75,406.151482923492,0.0154700538379252,5,5,6.61437827766147
23,47,57,87,-140.712052701055,-0.0446527869259951,5,5,8.66025403784439
23,47,63,64,90.9816840965795,0.0690598923241497,5,5,7.5
23,47,64,75,406.151482923494,0.0154700538379252,5,5,6.61437827766147
23,57,8,15,257.432628928405,0.0244071053981546,8.66025403784439,5,7.5
23,57,11,15,-83.1187288206608,-0.0755928946018455,8.66025403784439,5,8.66025403784439
23,57,15,24,62.8318530717959,0.1,8.66025403784439,5,6.61437827766148
23,57,15,33,62.8318530717959,0.1,8.66025403784439,5,4.33012701892219
23,57,22,38,257.432628928405,0.0244071053981546,8.66025403784439,5,7.5
23,57,24,48,62.8318530717959,0.1,8.66025403784439,5,6.61437827766148
23,57,33,48,62.8318530717959,0.1,8.66025403784439,5,4.33012701892219
23,57,38,47,62.8318530717959,0.1,8.66025403784439,5,4.33012701892219
23,57,38,63,83.1187288206608,0.0755928946018454,8.66025403784439,5,8.66025403784439
23,57,38,64,62.8318530717959,0.1,8.66025403784439,5,6.61437827766147
23,57,41,48,83.1187288206608,0.0755928946018454,8.66025403784439,5,8.66025403784439
23,57,47,75,62.8318530717958,0.1,8.66025403784439,5,4.33012701892219
23,57,48,80,257.432628928405,0.0244071053981545,8.66025403784439,5,7.5
23,57,64,75,62.8318530717958,0.1,8.66025403784439,5,6.61437827766147
23,57,75,87,257.432628928405,0.0244071053981545,8.66025403784439,5,7.5
23,64,8,22,257.432628928405,0.0244071053981545,8.66025403784438,5,7.5
23,64,15,33,257.432628928405,0.0244071053981545,8.66025403784438,5,7.5
23,64,22,32,83.1187288206608,0.0755928946018454,8.66025403784438,5,8.66025403784439
23,64,22,38,62.8318530717958,0.1,8.66025403784438,5,4.33012701892219
23,64,22,46,62.8318530717959,0.1,8.66025403784438,5,6.61437827766148
23,64,33,47,62.8318530717958,0.1,8.66025403784438,5,4.33012701892219
23,64,33,48,83.1187288206608,0.0755928946018454,8.66025403784438,5,8.66025403784439
23,64,33,57,62.8318530717959,0.1,8.66025403784438,5,6.61437827766148
23,64,38,63,62.8318530717959,0.0999999999999999,8.66025403784438,5,4.33012701892219
23,64,46,63,62.8318530717959,0.1,8.66025403784438,5,6.61437827766148
23,64,47,75,62.8318530717959,0.0999999999999999,8.66025403784438,5,4.33012701892219
23,64,57,75,62.8318530717959,0.1,8.66025403784438,5,6.61437827766148
23,64,63,74,-83.1187288206608,-0.0755928946018455,8.66025403784438,5,8.66025403784439
23,64,75,87,-83.1187288206608,-0.0755928946018455,8.66025403784438,5,8.66025403784439
24,25,3,4,203.075741461747,0.0309401076758503,5,5,8.66025403784439
24,25,3,11,406.151482923494,0.0154700538379252,5,5,6.61437827766148
24,25,3,15,-90.9816840965796,-0.0690598923241497,5,5,7.5
24,25,4,11,-406.151482923494,-0.0154700538379252,5,5,6.61437827766148
24,25,4,16,90.9816840965796,0.0690598923241497,5,5,7.5
24,25,11,15,-74.3308802673602,-0.0845299461620748,5,5,5
24,25,11,16,74.3308802673602,0.0845299461620748,5,5,5
24,25,15,23,140.712052701055,0.0446527869259951,5,5,8.66025403784439
24,25,15,33,-406.151482923494,-0.0154700538379252,5,5,6.61437827766148
24,25,16,26,-140.712052701055,-0.0446527869259951,5,5,8.66025403784439
24,25,16,36,406.151482923494,0.0154700538379252,5,5,6.61437827766148
24,25,33,48,406.151482923494,0.0154700538379252,5,5,6.61437827766148
24,25,36,49,-406.151482923494,-0.0154700538379252,5,5,6.61437827766148
24,25,41,48,-74.3308802673602,-0.0845299461620748,5,5,5
24,25,41,49,74.3308802673602,0.0845299461620748,5,5,5
24,25,41,65,-406.151482923494,-0.0154700538379252,5,5,6.61437827766148
24,25,41,71,406.151482923494,0.0154700538379252,5,5,6.61437827766148
24,25,48,57,140.712052701055,0.0446527869259951,5,5,8.66025403784439
24,25,48,65,90.9816840965796,0.0690598923241497,5,5,7.5
24,25,49,58,-140.712052701055,-0.0446527869259951,5,5,8.66025403784439
24,25,49,71,-90.9816840965796,-0.0690598923241497,5,5,7.5
24,25,65,71,203.075741461747,0.0309401076758503,5,5,8.66025403784439
24,33,3,8,203.075741461747,0.0309401076758503,5,5,8.66025403784439
24,33,3,11,-90.9816840965796,-0.0690598923241497,5,5,7.5
24,33,3,15,406.151482923494,0.0154700538379252,5,5,6.61437827766148
24,33,8,15,-406.151482923494,-0.0154700538379252,5,5,6.61437827766148
24,33,8,23,90.9816840965796,0.0690598923241497,5,5,7.5
24,33,11,15,74.3308802673602,0.0845299461620748,5,5,5
24,33,11,16,140.712052701055,0.0446527869259951,5,5,8.66025403784439
24,33,11,25,-406.151482923494,-0.0154700538379252,5,5,6.61437827766147
24,33,15,23,74.3308802673602,0.0845299461620748,5,5,5
24,33,23,38,-140.712052701055,-0.0446527869259951,5,5,8.66025403784439
24,33,23,47,406.151482923494,0.0154700538379252,5,5,6.61437827766148
24,33,25,41,406.151482923494,0.0154700538379252,5,5,6.61437827766148
24,33,41,48,74.3308802673602,0.0845299461620748,5,5,5
24,33,41,49,140.712052701055,0.0446527869259951,5,5,8.66025403784439
24,33,41,65,90.9816840965796,0.0690598923241497,5,5,7.5
24,33,47,57,-406.151482923494,-0.0154700538379252,5,5,6.61437827766148
24,33,48,57,74.3308802673602,0.0845299461620748,5,5,5
24,33,48,65,-406.151482923494,-0.0154700538379252,5,5,6.61437827766148
24,33,48,80,406.151482923494,0.0154700538379252,5,5,6.61437827766148
24,33,57,75,-140.712052701055,-0.0446527869259951,5,5,8.66025403784439
24,33,57,80,-90.9816840965796,-0.0690598923241497,5,5,7.5
24,33,65,80,203.075741461747,0.0309401076758503,5,5,8.66025403784439
24,41,3,11,-140.712052701055,-0.0446527869259951,5,5,8.66025403784439
24,41,11,15,-406.151482923494,-0.0154700538379252,5,5,6.61437827766148
24,41,11,16,90.9816840965796,0.0690598923241497,5,5,7.5
24,41,11,25,74.3308802673602,0.0845299461620748,5,5,5
24,41,15,33,406.151482923494,0.0154700538379252,5,5,6.61437827766148
24,41,16,25,406.151482923494,0.0154700538379252,5,5,6.61437827766148
24,41,16,36,203.075741461747,0.0309401076758503,5,5,8.66025403784439
24,41,23,33,-140.712052701055,-0.0446527869259951,5,5,8.66025403784439
24,41,25,36,406.151482923494,0.0154700538379252,5,5,6.61437827766148
24,41,25,49,74.3308802673602,0.0845299461620748,5,5,5
24,41,33,48,74.3308802673602,0.0845299461620748,5,5,5
24,41,33,57,90.9816840965796,0.0690598923241497,5,5,7.5
24,41,36,49,90.9816840965796,0.0690598923241497,5,5,7.5
24,41,48,57,-406.151482923494,-0.0154700538379252,5,5,6.61437827766148
24,41,48,65,74.3308802673602,0.0845299461620748,5,5,5
24,41,48,80,406.151482923494,0.0154700538379252,5,5,6.61437827766148
24,41,49,71,406.151482923494,0.0154700538379252,5,5,6.61437827766148
24,41,49,81,-140.712052701055,-0.0446527869259951,5,5,8.66025403784439
24,41,57,80,203.075741461747,0.0309401076758503,5,5,8.66025403784439
24,41,65,71,406.151482923494,0.0154700538379252,5,5,6.61437827766148
24,41,65,80,-90.9816840965796,-0.0690598923241497,5,5,7.5
24,48,3,15,-140.712052701055,-0.0446527869259951,5,5,8.66025403784439
24,48,11,15,406.151482923494,0.0154700538379252,5,5,6.61437827766148
24,48,11,25,406.151482923494,0.0154700538379252,5,5,6.61437827766147
24,48,15,23,90.9816840965796,0.0690598923241497,5,5,7.5
24,48,15,33,74.3308802673602,0.0845299461620748,5,5,5
24,48,16,25,-140.712052701055,-0.0446527869259951,5,5,8.66025403784439
24,48,23,33,406.151482923494,0.0154700538379252,5,5,6.61437827766148
24,48,23,47,203.075741461747,0.0309401076758503,5,5,8.66025403784439
24,48,25,41,74.3308802673602,0.0845299461620748,5,5,5
24,48,25,49,90.9816840965796,0.0690598923241497,5,5,7.5
24,48,33,47,406.151482923494,0.0154700538379252,5,5,6.61437827766148
24,48,33,57,74.3308802673602,0.0845299461620748,5,5,5
24,48,41,49,-406.151482923494,-0.0154700538379252,5,5,6.61437827766148
24,48,41,65,74.3308802673602,0.0845299461620748,5,5,5
24,48,41,71,406.151482923494,0.0154700538379252,5,5,6.61437827766148
24,48,47,57,90.9816840965796,0.0690598923241497,5,5,7.5
24,48,49,71,203.075741461747,0.0309401076758503,5,5,8.66025403784439
24,48,57,80,406.151482923494,0.0154700538379252,5,5,6.61437827766148
24,48,57,87,-140.712052701055,-0.0446527869259951,5,5,8.66025403784439
24,48,65,71,-90.9816840965796,-0.0690598923241497,5,5,7.5
24,48,65,80,406.151482923494,0.0154700538379252,5,5,6.61437827766148
24,49,4,11,-83.1187288206608,-0.0755928946018455,8.66025403784439,5,8.66025403784439
24,49,11,15,-257.432628928405,-0.0244071053981546,8.66025403784439,5,7.5
24,49,11,16,62.8318530717959,0.1,8.66025403784439,5,6.61437827766148
24,49,11,25,62.8318530717959,0.1,8.66025403784439,5,4.33012701892219
24,49,16,36,62.8318530717959,0.1,8.66025403784439,5,6.61437827766148
24,49,25,36,62.8318530717959,0.1,8.66025403784439,5,4.33012701892219
24,49,26,36,83.1187288206608,0.0755928946018455,8.66025403784439,5,8.66025403784439
24,49,33,48,257.432628928405,0.0244071053981546,8.66025403784439,5,7.5
24,49,36,58,257.432628928405,0.0244071053981545,8.66025403784439,5,7.5
24,49,41,48,-62.8318530717959,-0.1,8.66025403784439,5,4.33012701892219
24,49,41,71,62.8318530717959,0.1,8.66025403784439,5,4.33012701892219
24,49,48,65,62.8318530717959,0.1,8.66025403784439,5,6.61437827766148
24,49,48,80,83.1187288206608,0.0755928946018455,8.66025403784439,5,8.66025403784439
24,49,65,71,62.8318530717959,0.1,8.66025403784439,5,6.61437827766148
24,49,71,81,257.432628928405,0.0244071053981545,8.66025403784439,5,7.5
24,57,8,15,-83.1187288206608,-0.0755928946018455,8.66025403784439,5,8.66025403784439
24,57,11,15,257.432628928405,0.0244071053981545,8.66025403784439,5,7.5
24,57,15,23,62.8318530717959,0.1,8.66025403784439,5,6.61437827766148
24,57,15,33,62.8318530717959,0.1,8.66025403784439,5,4.33012701892219
24,57,23,47,62.8318530717959,0.1,8.66025403784439,5,6.61437827766148
24,57,25,41,257.432628928405,0.0244071053981545,8.66025403784439,5,7.5
24,57,33,47,62.8318530717959,0.1,8.66025403784439,5,4.33012701892219
24,57,38,47,83.1187288206608,0.0755928946018454,8.66025403784439,5,8.66025403784439
24,57,41,48,62.8318530717959,0.1,8.66025403784439,5,4.33012701892219
24,57,41,65,62.8318530717959,0.1,8.66025403784439,5,6.61437827766148
24,57,41,71,83.1187288206608,0.0755928946018454,8.66025403784439,5,8.66025403784439
24,57,47,75,257.432628928404,0.0244071053981546,8.66025403784439,5,7.5
24,57,48,80,62.8318530717959,0.1,8.66025403784439,5,4.33012701892219
24,57,65,80,62.8318530717959,0.1,8.66025403784439,5,6.61437827766148
24,57,80,87,257.432628928404,0.0244071053981546,8.66025403784439,5,7.5
24,65,11,25,257.432628928405,0.0244071053981546,8.66025403784439,5,7.5
24,65,15,33,257.432628928405,0.0244071053981546,8.66025403784439,5,7.5
24,65,25,36,83.1187288206608,0.0755928946018455,8.66025403784439,5,8.66025403784439
24,65,25,41,62.8318530717959,0.1,8.66025403784439,5,4.33012701892219
24,65,25,49,62.8318530717959,0.1,8.66025403784439,5,6.61437827766147
24,65,33,47,83.1187288206608,0.0755928946018454,8.66025403784439,5,8.66025403784439
24,65,33,48,62.8318530717959,0.1,8.66025403784439,5,4.33012701892219
24,65,33,57,62.8318530717959,0.1,8.66025403784439,5,6.61437827766148
24,65,41,71,62.8318530717959,0.1,8.66025403784439,5,4.33012701892219
24,65,48,80,62.8318530717959,0.1,8.66025403784439,5,4.33012701892219
24,65,49,71,62.8318530717959,0.1,8.66025403784439,5,6.61437827766148
24,65,57,80,62.8318530717959,0.1,8.66025403784439,5,6.61437827766148
24,65,71,81,-83.1187288206608,-0.0755928946018455,8.66025403784439,5,8.66025403784439
24,65,80,87,-83.1187288206608,-0.0755928946018454,8.66025403784439,5,8.66025403784439
25,26,3,11,-83.1187288206608,-0.0755928946018455,8.66025403784439,5,8.66025403784439
25,26,4,11,-62.8318530717959,-0.1,8.66025403784439,5,6.61437827766148
25,26,4,12,62.8318530717959,0.1,8.66025403784439,5,6.61437827766148
25,26,5,12,83.1187288206608,0.0755928946018454,8.66025403784439,5,8.66025403784439
25,26,11,16,62.8318530717959,0.1,8.66025403784439,5,4.33012701892219
25,26,11,24,-257.432628928405,-0.0244071053981545,8.66025403784439,5,7.5
25,26,12,16,-62.8318530717958,-0.1,8.66025403784439,5,4.33012701892219
25,26,12,27,257.432628928405,0.0244071053981545,8.66025403784439,5,7.5
25,26,36,49,-62.8318530717959,-0.1,8.66025403784439,5,4.33012701892219
25,26,36,50,62.8318530717959,0.1,8.66025403784439,5,4.33012701892219
25,26,41,49,257.432628928405,0.0244071053981545,8.66025403784439,5,7.5
25,26,42,50,-257.432628928405,-0.0244071053981545,8.66025403784439,5,7.5
25,26,49,58,62.8318530717959,0.1,8.66025403784439,5,6.61437827766148
25,26,49,81,83.1187288206608,0.0755928946018454,8.66025403784439,5,8.66025403784439
25,26,50,58,-62.8318530717959,-0.1,8.66025403784439,5,6.61437827766148
25,26,50,82,-83.1187288206608,-0.0755928946018455,8.66025403784439,5,8.66025403784439
25,36,4,11,-90.9816840965796,-0.0690598923241497,5,5,7.5
25,36,4,12,203.075741461747,0.0309401076758503,5,5,8.66025403784439
25,36,4,16,406.151482923494,0.0154700538379252,5,5,6.61437827766148
25,36,11,15,140.712052701055,0.0446527869259951,5,5,8.66025403784439
25,36,11,16,74.3308802673602,0.0845299461620748,5,5,5
25,36,11,24,-406.151482923494,-0.0154700538379252,5,5,6.61437827766148
25,36,12,16,-406.151482923494,-0.0154700538379252,5,5,6.61437827766148
25,36,12,26,90.9816840965796,0.0690598923241497,5,5,7.5
25,36,16,26,74.3308802673602,0.0845299461620748,5,5,5
25,36,24,41,406.151482923494,0.0154700538379252,5,5,6.61437827766148
25,36,26,42,-140.712052701055,-0.0446527869259951,5,5,8.66025403784439
25,36,26,50,406.151482923494,0.0154700538379252,5,5,6.61437827766148
25,36,41,48,140.712052701055,0.0446527869259951,5,5,8.66025403784439
25,36,41,49,74.3308802673602,0.0845299461620748,5,5,5
25,36,41,71,90.9816840965796,0.0690598923241497,5,5,7.5
25,36,49,58,74.3308802673602,0.0845299461620748,5,5,5
25,36,49,71,-406.151482923494,-0.0154700538379252,5,5,6.61437827766148
25,36,49,81,406.151482923494,0.0154700538379252,5,5,6.61437827766148
25,36,50,58,-406.151482923494,-0.0154700538379252,5,5,6.61437827766148
25,36,58,81,-90.9816840965796,-0.0690598923241497,5,5,7.5
25,36,58,82,-140.712052701055,-0.0446527869259951,5,5,8.66025403784439
25,36,71,81,203.075741461747,0.0309401076758503,5,5,8.66025403784439
25,41,4,11,-140.712052701055,-0.0446527869259951,5,5,8.66025403784439
25,41,11,15,90.9816840965796,0.0690598923241497,5,5,7.5
25,41,11,16,-406.151482923494,-0.0154700538379252,5,5,6.61437827766148
25,41,11,24,74.3308802673602,0.0845299461620748,5,5,5
25,41,15,24,406.151482923494,0.0154700538379252,5,5,6.61437827766148
25,41,15,33,203.075741461747,0.0309401076758503,5,5,8.66025403784439
25,41,16,36,406.151482923494,0.0154700538379252,5,5,6.61437827766148
25,41,24,33,406.151482923494,0.0154700538379252,5,5,6.61437827766148
25,41,24,48,74.3308802673602,0.0845299461620748,5,5,5
25,41,26,36,-140.712052701055,-0.0446527869259951,5,5,8.66025403784439
25,41,33,48,90.9816840965796,0.0690598923241497,5,5,7.5
25,41,36,49,74.3308802673602,0.0845299461620748,5,5,5
25,41,36,58,90.9816840965796,0.0690598923241497,5,5,7.5
25,41,48,65,406.151482923494,0.0154700538379252,5,5,6.61437827766148
25,41,48,80,-140.712052701055,-0.0446527869259951,5,5,8.66025403784439
25,41,49,58,-406.151482923494,-0.0154700538379252,5,5,6.61437827766148
25,41,49,71,74.3308802673602,0.0845299461620748,5,5,5
25,41,49,81,406.151482923494,0.0154700538379252,5,5,6.61437827766148
25,41,58,81,203.075741461747,0.0309401076758503,5,5,8.66025403784439
25,41,65,71,-406.151482923494,-0.0154700538379252,5,5,6.61437827766148
25,41,71,81,-90.9816840965796,-0.0690598923241497,5,5,7.5
25,48,3,11,-83.1187288206608,-0.0755928946018455,8.66025403784439,5,8.66025403784439
25,48,11,15,62.8318530717959,0.1,8.66025403784439,5,6.61437827766148
25,48,11,16,-257.432628928405,-0.0244071053981545,8.66025403784439,5,7.5
25,48,11,24,62.8318530717959,0.1,8.66025403784439,5,4.33012701892219
25,48,15,33,62.8318530717959,0.1,8.66025403784439,5,6.61437827766148
25,48,23,33,83.1187288206608,0.0755928946018454,8.66025403784439,5,8.66025403784439
25,48,24,33,62.8318530717959,0.1,8.66025403784439,5,4.33012701892219
25,48,33,57,257.432628928405,0.0244071053981545,8.66025403784439,5,7.5
25,48,36,49,257.432628928405,0.0244071053981545,8.66025403784439,5,7.5
25,48,41,49,-62.8318530717959,-0.1,8.66025403784439,5,4.33012701892219
25,48,41,65,62.8318530717959,0.1,8.66025403784439,5,4.33012701892219
25,48,49,71,62.8318530717959,0.1,8.66025403784439,5,6.61437827766148
25,48,49,81,83.1187288206608,0.0755928946018454,8.66025403784439,5,8.66025403784439
25,48,65,71,-62.8318530717959,-0.1,8.66025403784439,5,6.61437827766148
25,48,65,80,257.432628928405,0.0244071053981545,8.66025403784439,5,7.5
25,49,4,16,-140.712052701055,-0.0446527869259951,5,5,8.66025403784439
25,49,11,16,406.151482923494,0.0154700538379252,5,5,6.61437827766148
25,49,11,24,406.151482923494,0.0154700538379252,5,5,6.61437827766148
25,49,15,24,-140.712052701055,-0.0446527869259951,5,5,8.66025403784439
25,49,16,26,90.9816840965796,0.0690598923241497,5,5,7.5
25,49,16,36,74.3308802673602,0.0845299461620748,5,5,5
25,49,24,41,74.3308802673602,0.0845299461620748,5,5,5
25,49,24,48,90.9816840965796,0.0690598923241497,5,5,7.5
25,49,26,36,406.151482923494,0.0154700538379252,5,5,6.61437827766148
25,49,26,50,203.075741461747,0.0309401076758503,5,5,8.66025403784439
25,49,36,50,406.151482923494,0.0154700538379252,5,5,6.61437827766148
25,49,36,58,74.3308802673602,0.0845299461620748,5,5,5
25,49,41,48,-406.151482923494,-0.0154700538379252,5,5,6.61437827766147
25,49,41,65,406.151482923494,0.0154700538379252,5,5,6.61437827766147
25,49,41,71,74.3308802673602,0.0845299461620748,5,5,5
25,49,48,65,203.075741461747,0.0309401076758503,5,5,8.66025403784439
25,49,50,58,90.9816840965796,0.0690598923241497,5,5,7.5
25,49,58,81,406.151482923494,0.0154700538379252,5,5,6.61437827766148
25,49,58,90,-140.712052701055,-0.0446527869259951,5,5,8.66025403784439
25,49,65,71,90.9816840965796,0.0690598923241497,5,5,7.5
25,49,71,81,406.151482923494,0.0154700538379252,5,5,6.61437827766148
25,58,11,16,257.432628928405,0.0244071053981546,8.66025403784439,5,7.5
25,58,12,16,-83.1187288206608,-0.0755928946018455,8.66025403784439,5,8.66025403784439
25,58,16,26,62.8318530717959,0.1,8.66025403784439,5,6.61437827766148
25,58,16,36,62.8318530717959,0.1,8.66025403784439,5,4.33012701892219
25,58,24,41,257.432628928405,0.0244071053981546,8.66025403784439,5,7.5
25,58,26,50,62.8318530717959,0.1,8.66025403784439,5,6.61437827766148
25,58,36,50,62.8318530717959,0.1,8.66025403784439,5,4.33012701892219
25,58,41,49,62.8318530717959,0.1,8.66025403784439,5,4.33012701892219
25,58,41,65,83.1187288206608,0.0755928946018455,8.66025403784439,5,8.66025403784439
25,58,41,71,62.8318530717959,0.1,8.66025403784439,5,6.61437827766148
25,58,42,50,83.1187288206608,0.0755928946018455,8.66025403784439,5,8.66025403784439
25,58,49,81,62.8318530717959,0.1,8.66025403784439,5,4.33012701892219
25,58,50,82,257.432628928405,0.0244071053981545,8.66025403784439,5,7.5
25,58,71,81,62.8318530717959,0.1,8.66025403784439,5,6.61437827766148
25,58,81,90,257.432628928405,0.0244071053981545,8.66025403784439,5,7.5
25,71,11,24,257.432628928405,0.0244071053981546,8.66025403784439,5,7.5
25,71,16,36,257.432628928405,0.0244071053981546,8.66025403784439,5,7.5
25,71,24,33,83.1187288206608,0.0755928946018454,8.66025403784439,5,8.66025403784439
25,71,24,41,62.8318530717959,0.1,8.66025403784439,5,4.33012701892219
25,71,24,48,62.8318530717959,0.1,8.66025403784439,5,6.61437827766148
25,71,36,49,62.8318530717959,0.1,8.66025403784439,5,4.33012701892219
25,71,36,50,83.1187288206608,0.0755928946018455,8.66025403784439,5,8.66025403784439
25,71,36,58,62.8318530717959,0.1,8.66025403784439,5,6.61437827766148
25,71,41,65,62.8318530717959,0.1,8.66025403784439,5,4.33012701892219
25,71,48,65,62.8318530717959,0.1,8.66025403784439,5,6.61437827766148
25,71,49,81,62.8318530717959,0.1,8.66025403784439,5,4.33012701892219
25,71,58,81,62.8318530717959,0.1,8.66025403784439,5,6.61437827766148
25,71,65,80,-83.1187288206608,-0.0755928946018455,8.66025403784439,5,8.66025403784439
25,71,81,90,-83.1187288206608,-0.0755928946018455,8.66025403784439,5,8.66025403784439
26,27,4,5,203.075741461747,0.0309401076758503,5,5,8.66025403784439
26,27,4,12,406.151482923494,0.0154700538379252,5,5,6.61437827766148
26,27,4,16,-90.9816840965796,-0.0690598923241497,5,5,7.5
26,27,5,12,-406.151482923494,-0.0154700538379252,5,5,6.61437827766148
26,27,5,17,90.9816840965796,0.0690598923241497,5,5,7.5
26,27,12,16,-74.3308802673602,-0.0845299461620748,5,5,5
26,27,12,17,74.3308802673602,0.0845299461620748,5,5,5
26,27,16,25,140.712052701055,0.0446527869259951,5,5,8.66025403784439
26,27,16,36,-406.151482923494,-0.0154700538379252,5,5,6.61437827766148
26,27,17,28,-140.712052701055,-0.0446527869259951,5,5,8.66025403784439
26,27,17,34,406.151482923494,0.0154700538379252,5,5,6.61437827766148
26,27,34,51,-406.151482923494,-0.0154700538379252,5,5,6.61437827766148
26,27,36,50,406.151482923494,0.0154700538379252,5,5,6.61437827766148
26,27,42,50,-74.3308802673602,-0.0845299461620748,5,5,5
26,27,42,51,74.3308802673602,0.0845299461620748,5,5,5
26,27,42,66,406.151482923494,0.0154700538379252,5,5,6.61437827766148
26,27,42,72,-406.151482923494,-0.0154700538379252,5,5,6.61437827766148
26,27,50,58,140.712052701055,0.0446527869259951,5,5,8.66025403784439
26,27,50,72,90.9816840965796,0.0690598923241497,5,5,7.5
26,27,51,59,-140.712052701055,-0.0446527869259951,5,5,8.66025403784439
26,27,51,66,-90.9816840965796,-0.0690598923241497,5,5,7.5
26,27,66,72,-203.075741461747,-0.0309401076758503,5,5,8.66025403784439
26,36,4,11,203.075741461747,0.0309401076758503,5,5,8.66025403784439
26,36,4,12,-90.9816840965796,-0.0690598923241497,5,5,7.5
26,36,4,16,406.151482923494,0.0154700538379252,5,5,6.61437827766148
26,36,11,16,-406.151482923494,-0.0154700538379252,5,5,6.61437827766148
26,36,11,25,90.9816840965796,0.0690598923241497,5,5,7.5
26,36,12,16,74.3308802673602,0.0845299461620748,5,5,5
26,36,12,17,140.712052701055,0.0446527869259951,5,5,8.66025403784439
26,36,12,27,-406.151482923494,-0.0154700538379252,5,5,6.61437827766148
26,36,16,25,74.3308802673602,0.0845299461620748,5,5,5
26,36,25,41,-140.712052701055,-0.0446527869259951,5,5,8.66025403784439
26,36,25,49,406.151482923494,0.0154700538379252,5,5,6.61437827766148
26,36,27,42,406.151482923494,0.0154700538379252,5,5,6.61437827766148
26,36,42,50,74.3308802673602,0.0845299461620748,5,5,5
26,36,42,51,140.712052701055,0.0446527869259951,5,5,8.66025403784439
26,36,42,72,90.9816840965796,0.0690598923241497,5,5,7.5
26,36,49,58,-406.151482923494,-0.0154700538379252,5,5,6.61437827766148
26,36,50,58,74.3308802673602,0.0845299461620748,5,5,5
26,36,50,72,-406.151482923494,-0.0154700538379252,5,5,6.61437827766148
26,36,50,82,406.151482923494,0.0154700538379252,5,5,6.61437827766148
26,36,58,81,-140.712052701055,-0.0446527869259951,5,5,8.66025403784439
26,36,58,82,-90.9816840965796,-0.0690598923241497,5,5,7.5
26,36,72,82,203.075741461747,0.0309401076758503,5,5,8.66025403784439
26,42,4,12,-140.712052701055,-0.0446527869259951,5,5,8.66025403784439
26,42,12,16,-406.151482923494,-0.0154700538379252,5,5,6.61437827766148
26,42,12,17,90.9816840965796,0.0690598923241497,5,5,7.5
26,42,12,27,74.3308802673602,0.0845299461620748,5,5,5
26,42,16,36,406.151482923494,0.0154700538379252,5,5,6.61437827766148
26,42,17,27,406.151482923494,0.0154700538379252,5,5,6.61437827766148
26,42,17,34,203.075741461747,0.0309401076758503,5,5,8.66025403784439
26,42,25,36,-140.712052701055,-0.0446527869259951,5,5,8.66025403784439
26,42,27,34,406.151482923494,0.0154700538379252,5,5,6.61437827766148
26,42,27,51,74.3308802673602,0.0845299461620748,5,5,5
26,42,34,51,90.9816840965796,0.0690598923241497,5,5,7.5
26,42,36,50,74.3308802673602,0.0845299461620748,5,5,5
26,42,36,58,90.9816840965796,0.0690598923241497,5,5,7.5
26,42,50,58,-406.151482923494,-0.0154700538379252,5,5,6.61437827766148
26,42,50,72,74.3308802673602,0.0845299461620748,5,5,5
26,42,50,82,406.151482923494,0.0154700538379252,5,5,6.61437827766148
26,42,51,66,406.151482923494,0.0154700538379252,5,5,6.61437827766148
26,42,51,83,-140.712052701055,-0.0446527869259951,5,5,8.66025403784439
26,42,58,82,203.075741461747,0.0309401076758503,5,5,8.66025403784439
26,42,66,72,-406.151482923494,-0.0154700538379252,5,5,6.61437827766148
26,42,72,82,-90.9816840965796,-0.0690598923241497,5,5,7.5
26,50,4,16,-140.712052701055,-0.0446527869259951,5,5,8.66025403784439
26,50,12,16,406.151482923494,0.0154700538379252,5,5,6.61437827766148
26,50,12,27,406.151482923494,0.0154700538379252,5,5,6.61437827766148
26,50,16,25,90.9816840965796,0.0690598923241497,5,5,7.5
26,50,16,36,74.3308802673602,0.0845299461620748,5,5,5
26,50,17,27,-140.712052701055,-0.0446527869259951,5,5,8.66025403784439
26,50,25,36,406.151482923494,0.0154700538379252,5,5,6.61437827766148
26,50,25,49,203.075741461747,0.0309401076758503,5,5,8.66025403784439
26,50,27,42,74.3308802673602,0.0845299461620748,5,5,5
26,50,27,51,90.9816840965796,0.0690598923241497,5,5,7.5
26,50,36,49,406.151482923494,0.0154700538379252,5,5,6.61437827766148
26,50,36,58,74.3308802673602,0.0845299461620748,5,5,5
26,50,42,51,-406.151482923494,-0.0154700538379252,5,5,6.61437827766147
26,50,42,66,406.151482923494,0.0154700538379252,5,5,6.61437827766147
26,50,42,72,74.3308802673602,0.0845299461620748,5,5,5
26,50,49,58,90.9816840965796,0.0690598923241497,5,5,7.5
26,50,51,66,203.075741461747,0.0309401076758503,5,5,8.66025403784439
26,50,58,82,406.151482923494,0.0154700538379252,5,5,6.61437827766148
26,50,58,90,-140.712052701055,-0.0446527869259951,5,5,8.66025403784439
26,50,66,72,90.9816840965796,0.0690598923241497,5,5,7.5
26,50,72,82,406.151482923494,0.0154700538379252,5,5,6.61437827766148
26,51,5,12,-83.1187288206608,-0.0755928946018455,8.66025403784439,5,8.66025403784439
26,51,12,16,-257.432628928405,-0.0244071053981545,8.66025403784439,5,7.5
26,51,12,17,62.8318530717959,0.1,8.66025403784439,5,6.61437827766148
26,51,12,27,62.8318530717959,0.1,8.66025403784439,5,4.33012701892219
26,51,17,34,62.8318530717959,0.1,8.66025403784439,5,6.61437827766148
26,51,27,34,62.8318530717959,0.1,8.66025403784439,5,4.33012701892219
26,51,28,34,83.1187288206608,0.0755928946018454,8.66025403784439,5,8.66025403784439
26,51,34,59,257.432628928405,0.0244071053981545,8.66025403784439,5,7.5
26,51,36,50,257.432628928405,0.0244071053981545,8.66025403784439,5,7.5
26,51,42,50,-62.8318530717959,-0.1,8.66025403784439,5,4.33012701892219
26,51,42,66,62.8318530717959,0.1,8.66025403784439,5,4.33012701892219
26,51,50,72,62.8318530717959,0.1,8.66025403784439,5,6.61437827766148
26,51,50,82,83.1187288206608,0.0755928946018454,8.66025403784439,5,8.66025403784439
26,51,66,72,-62.8318530717959,-0.1,8.66025403784439,5,6.61437827766148
26,51,66,83,257.432628928405,0.0244071053981545,8.66025403784439,5,7.5
26,58,11,16,-83.1187288206608,-0.0755928946018455,8.66025403784439,5,8.66025403784439
26,58,12,16,257.432628928405,0.0244071053981546,8.66025403784439,5,7.5
26,58,16,25,62.8318530717959,0.1,8.66025403784439,5,6.61437827766148
26,58,16,36,62.8318530717959,0.1,8.66025403784439,5,4.33012701892219
26,58,25,49,62.8318530717959,0.1,8.66025403784439,5,6.61437827766148
26,58,27,42,257.432628928405,0.0244071053981546,8.66025403784439,5,7.5
26,58,36,49,62.8318530717959,0.1,8.66025403784439,5,4.33012701892219
26,58,41,49,83.1187288206608,0.0755928946018455,8.66025403784439,5,8.66025403784439
26,58,42,50,62.8318530717959,0.1,8.66025403784439,5,4.33012701892219
26,58,42,66,83.1187288206608,0.0755928946018455,8.66025403784439,5,8.66025403784439
26,58,42,72,62.8318530717959,0.1,8.66025403784439,5,6.61437827766148
26,58,49,81,257.432628928405,0.0244071053981545,8.66025403784439,5,7.5
26,58,50,82,62.8318530717959,0.1,8.66025403784439,5,4.33012701892219
26,58,72,82,62.8318530717959,0.1,8.66025403784439,5,6.61437827766148
26,58,82,90,257.432628928405,0.0244071053981545,8.66025403784439,5,7.5
26,72,12,27,257.432628928405,0.0244071053981546,8.66025403784439,5,7.5
26,72,16,36,257.432628928405,0.0244071053981546,8.66025403784439,5,7.5
26,72,27,34,83.1187288206608,0.0755928946018454,8.66025403784439,5,8.66025403784439
26,72,27,42,62.8318530717959,0.1,8.66025403784439,5,4.33012701892219
26,72,27,51,62.8318530717959,0.1,8.66025403784439,5,6.61437827766148
26,72,36,49,83.1187288206608,0.0755928946018455,8.66025403784439,5,8.66025403784439
26,72,36,50,62.8318530717959,0.1,8.66025403784439,5,4.33012701892219
26,72,36,58,62.8318530717959,0.1,8.66025403784439,5,6.61437827766148
26,72,42,66,62.8318530717959,0.1,8.66025403784439,5,4.33012701892219
26,72,50,82,62.8318530717959,0.1,8.66025403784439,5,4.33012701892219
26,72,51,66,62.8318530717959,0.1,8.66025403784439,5,6.61437827766148
26,72,58,82,62.8318530717959,0.1,8.66025403784439,5,6.61437827766148
26,72,66,83,-83.1187288206608,-0.0755928946018455,8.66025403784439,5,8.66025403784439
26,72,82,90,-83.1187288206608,-0.0755928946018455,8.66025403784439,5,8.66025403784439
27,28,4,12,-83.1187288206608,-0.0755928946018455,8.66025403784439,5,8.66025403784439
27,28,5,9,62.8318530717959,0.1,8.66025403784439,5,6.61437827766148
27,28,5,12,-62.8318530717959,-0.1,8.66025403784439,5,6.61437827766147
27,28,6,9,83.1187288206608,0.0755928946018454,8.66025403784439,5,8.66025403784439
27,28,9,17,-62.8318530717958,-0.1,8.66025403784439,5,4.33012701892219
27,28,9,29,257.432628928405,0.0244071053981545,8.66025403784439,5,7.5
27,28,12,17,62.8318530717959,0.1,8.66025403784439,5,4.33012701892219
27,28,12,26,-257.432628928405,-0.0244071053981546,8.66025403784439,5,7.5
27,28,34,51,-62.8318530717959,-0.1,8.66025403784439,5,4.33012701892219
27,28,34,52,62.8318530717959,0.1,8.66025403784439,5,4.33012701892219
27,28,39,52,-257.432628928405,-0.0244071053981545,8.66025403784439,5,7.5
27,28,42,51,257.432628928405,0.0244071053981546,8.66025403784439,5,7.5
27,28,51,59,62.8318530717959,0.1,8.66025403784439,5,6.61437827766148
27,28,51,83,83.1187288206608,0.0755928946018454,8.66025403784439,5,8.66025403784439
27,28,52,59,-62.8318530717959,-0.1,8.66025403784439,5,6.61437827766148
27,28,52,76,-83.1187288206608,-0.0755928946018454,8.66025403784439,5,8.66025403784439
27,34,5,9,203.075741461747,0.0309401076758503,5,5,8.66025403784439
27,34,5,12,-90.9816840965796,-0.0690598923241497,5,5,7.5
27,34,5,17,406.151482923494,0.0154700538379252,5,5,6.61437827766148
27,34,9,17,-406.151482923494,-0.0154700538379252,5,5,6.61437827766148
27,34,9,28,90.9816840965796,0.0690598923241497,5,5,7.5
27,34,12,16,140.712052701055,0.0446527869259951,5,5,8.66025403784439
27,34,12,17,74.3308802673602,0.0845299461620748,5,5,5
27,34,12,26,-406.151482923494,-0.0154700538379252,5,5,6.61437827766147
27,34,17,28,74.3308802673602,0.0845299461620748,5,5,5
27,34,26,42,406.151482923494,0.0154700538379252,5,5,6.61437827766148
27,34,28,39,-140.712052701055,-0.0446527869259951,5,5,8.66025403784439
27,34,28,52,406.151482923494,0.0154700538379252,5,5,6.61437827766148
27,34,42,50,140.712052701055,0.0446527869259951,5,5,8.66025403784439
27,34,42,51,74.3308802673602,0.0845299461620748,5,5,5
27,34,42,66,90.9816840965796,0.0690598923241497,5,5,7.5
27,34,51,59,74.3308802673602,0.0845299461620748,5,5,5
27,34,51,66,-406.151482923494,-0.0154700538379252,5,5,6.61437827766148
27,34,51,83,406.151482923494,0.0154700538379252,5,5,6.61437827766148
27,34,52,59,-406.151482923494,-0.0154700538379252,5,5,6.61437827766148
27,34,59,76,-140.712052701055,-0.0446527869259951,5,5,8.66025403784439
27,34,59,83,-90.9816840965796,-0.0690598923241497,5,5,7.5
27,34,66,83,203.075741461747,0.0309401076758503,5,5,8.66025403784439
27,42,5,12,-140.712052701055,-0.0446527869259951,5,5,8.66025403784439
27,42,12,16,90.9816840965796,0.0690598923241497,5,5,7.5
27,42,12,17,-406.151482923494,-0.0154700538379252,5,5,6.61437827766148
27,42,12,26,74.3308802673602,0.0845299461620748,5,5,5
27,42,16,26,406.151482923494,0.0154700538379252,5,5,6.61437827766148
27,42,16,36,203.075741461747,0.0309401076758503,5,5,8.66025403784439
27,42,17,34,406.151482923494,0.0154700538379252,5,5,6.61437827766148
27,42,26,36,406.151482923494,0.0154700538379252,5,5,6.61437827766148
27,42,26,50,74.3308802673602,0.0845299461620748,5,5,5
27,42,28,34,-140.712052701055,-0.0446527869259951,5,5,8.66025403784439
27,42,34,51,74.3308802673602,0.0845299461620748,5,5,5
27,42,34,59,90.9816840965796,0.0690598923241497,5,5,7.5
27,42,36,50,90.9816840965796,0.0690598923241497,5,5,7.5
27,42,50,72,406.151482923494,0.0154700538379252,5,5,6.61437827766148
27,42,50,82,-140.712052701055,-0.0446527869259951,5,5,8.66025403784439
27,42,51,59,-406.151482923494,-0.0154700538379252,5,5,6.61437827766148
27,42,51,66,74.3308802673602,0.0845299461620748,5,5,5
27,42,51,83,406.151482923494,0.0154700538379252,5,5,6.61437827766148
27,42,59,83,203.075741461747,0.0309401076758503,5,5,8.66025403784439
27,42,66,72,406.151482923494,0.0154700538379252,5,5,6.61437827766148
27,42,66,83,-90.9816840965796,-0.0690598923241497,5,5,7.5
27,50,4,12,-83.1187288206608,-0.0755928946018455,8.66025403784439,5,8.66025403784439
27,50,12,16,62.8318530717959,0.1,8.66025403784439,5,6.61437827766148
27,50,12,17,-257.432628928405,-0.0244071053981546,8.66025403784439,5,7.5
27,50,12,26,62.8318530717959,0.1,8.66025403784439,5,4.33012701892219
27,50,16,36,62.8318530717959,0.1,8.66025403784439,5,6.61437827766148
27,50,25,36,83.1187288206608,0.0755928946018455,8.66025403784439,5,8.66025403784439
27,50,26,36,62.8318530717959,0.1,8.66025403784439,5,4.33012701892219
27,50,34,51,257.432628928405,0.0244071053981546,8.66025403784439,5,7.5
27,50,36,58,257.432628928405,0.0244071053981545,8.66025403784439,5,7.5
27,50,42,51,-62.8318530717959,-0.1,8.66025403784439,5,4.33012701892219
27,50,42,72,62.8318530717959,0.1,8.66025403784439,5,4.33012701892219
27,50,51,66,62.8318530717959,0.1,8.66025403784439,5,6.61437827766148
27,50,51,83,83.1187288206608,0.0755928946018455,8.66025403784439,5,8.66025403784439
27,50,66,72,62.8318530717959,0.1,8.66025403784439,5,6.61437827766148
27,50,72,82,257.432628928405,0.0244071053981545,8.66025403784439,5,7.5
27,51,5,17,-140.712052701055,-0.0446527869259951,5,5,8.66025403784439
27,51,12,17,406.151482923494,0.0154700538379252,5,5,6.61437827766148
27,51,12,26,406.151482923494,0.0154700538379252,5,5,6.61437827766147
27,51,16,26,-140.712052701055,-0.0446527869259951,5,5,8.66025403784439
27,51,17,28,90.9816840965796,0.0690598923241497,5,5,7.5
27,51,17,34,74.3308802673602,0.0845299461620748,5,5,5
27,51,26,42,74.3308802673602,0.0845299461620748,5,5,5
27,51,26,50,90.9816840965796,0.0690598923241497,5,5,7.5
27,51,28,34,406.151482923494,0.0154700538379252,5,5,6.61437827766148
27,51,28,52,203.075741461747,0.0309401076758503,5,5,8.66025403784439
27,51,34,52,406.151482923494,0.0154700538379252,5,5,6.61437827766148
27,51,34,59,74.3308802673602,0.0845299461620748,5,5,5
27,51,42,50,-406.151482923494,-0.0154700538379252,5,5,6.61437827766148
27,51,42,66,74.3308802673602,0.0845299461620748,5,5,5
27,51,42,72,406.151482923494,0.0154700538379252,5,5,6.61437827766148
27,51,50,72,203.075741461747,0.0309401076758503,5,5,8.66025403784439
27,51,52,59,90.9816840965796,0.0690598923241497,5,5,7.5
27,51,59,83,406.151482923494,0.0154700538379252,5,5,6.61437827766148
27,51,59,88,-140.712052701055,-0.0446527869259951,5,5,8.66025403784439
27,51,66,72,-90.9816840965796,-0.0690598923241497,5,5,7.5
27,51,66,83,406.151482923494,0.0154700538379252,5,5,6.61437827766148
27,59,9,17,-83.1187288206608,-0.0755928946018455,8.66025403784439,5,8.66025403784439
27,59,12,17,257.432628928405,0.0244071053981545,8.66025403784439,5,7.5
27,59,17,28,62.8318530717959,0.1,8.66025403784439,5,6.61437827766148
27,59,17,34,62.8318530717959,0.1,8.66025403784439,5,4.33012701892219
27,59,26,42,257.432628928405,0.0244071053981545,8.66025403784439,5,7.5
27,59,28,52,62.8318530717959,0.1,8.66025403784439,5,6.61437827766148
27,59,34,52,62.8318530717959,0.1,8.66025403784439,5,4.33012701892219
27,59,39,52,83.1187288206608,0.0755928946018454,8.66025403784439,5,8.66025403784439
27,59,42,51,62.8318530717959,0.1,8.66025403784439,5,4.33012701892219
27,59,42,66,62.8318530717959,0.1,8.66025403784439,5,6.61437827766148
27,59,42,72,83.1187288206608,0.0755928946018454,8.66025403784439,5,8.66025403784439
27,59,51,83,62.8318530717959,0.1,8.66025403784439,5,4.33012701892219
27,59,52,76,257.432628928404,0.0244071053981546,8.66025403784439,5,7.5
27,59,66,83,62.8318530717959,0.1,8.66025403784439,5,6.61437827766148
27,59,83,88,257.432628928404,0.0244071053981546,8.66025403784439,5,7.5
27,66,12,26,257.432628928405,0.0244071053981546,8.66025403784439,5,7.5
27,66,17,34,257.432628928405,0.0244071053981546,8.66025403784439,5,7.5
27,66,26,36,83.1187288206608,0.0755928946018455,8.66025403784439,5,8.66025403784439
27,66,26,42,62.8318530717959,0.1,8.66025403784439,5,4.33012701892219
27,66,26,50,62.8318530717959,0.1,8.66025403784439,5,6.61437827766147
27,66,34,51,62.8318530717959,0.1,8.66025403784439,5,4.33012701892219
27,66,34,52,83.1187288206608,0.0755928946018454,8.66025403784439,5,8.66025403784439
27,66,34,59,62.8318530717959,0.1,8.66025403784439,5,6.61437827766148
27,66,42,72,62.8318530717959,0.1,8.66025403784439,5,4.33012701892219
27,66,50,72,62.8318530717959,0.1,8.66025403784439,5,6.61437827766148
27,66,51,83,62.8318530717959,0.1,8.66025403784439,5,4.33012701892219
27,66,59,83,62.8318530717959,0.1,8.66025403784439,5,6.61437827766148
27,66,72,82,-83.1187288206608,-0.0755928946018455,8.66025403784439,5,8.66025403784439
27,66,83,88,-83.1187288206608,-0.0755928946018454,8.66025403784439,5,8.66025403784439
28,29,5,6,203.075741461747,0.0309401076758503,5,5,8.66025403784439
28,29,5,9,406.151482923494,0.0154700538379252,5,5,6.61437827766148
28,29,5,17,-90.9816840965796,-0.0690598923241497,5,5,7.5
28,29,6,9,-406.151482923494,-0.0154700538379252,5,5,6.61437827766148
28,29,6,18,90.9816840965796,0.0690598923241497,5,5,7.5
28,29,9,17,-74.3308802673602,-0.0845299461620748,5,5,5
28,29,9,18,74.3308802673602,0.0845299461620748,5,5,5
28,29,17,27,140.712052701055,0.0446527869259951,5,5,8.66025403784439
28,29,17,34,-406.151482923494,-0.0154700538379252,5,5,6.61437827766148
28,29,18,30,-140.712052701055,-0.0446527869259951,5,5,8.66025403784439
28,29,18,35,406.151482923494,0.0154700538379252,5,5,6.61437827766148
28,29,34,52,406.151482923494,0.0154700538379252,5,5,6.61437827766148
28,29,35,53,-406.151482923494,-0.0154700538379252,5,5,6.61437827766148
28,29,39,52,-74.3308802673602,-0.0845299461620748,5,5,5
28,29,39,53,74.3308802673602,0.0845299461620748,5,5,5
28,29,39,67,-406.151482923493,-0.0154700538379252,5,5,6.61437827766147
28,29,39,68,406.151482923493,0.0154700538379252,5,5,6.61437827766147
28,29,52,59,140.712052701055,0.0446527869259951,5,5,8.66025403784439
28,29,52,67,90.9816840965796,0.0690598923241497,5,5,7.5
28,29,53,60,-140.712052701055,-0.0446527869259951,5,5,8.66025403784439
28,29,53,68,-90.9816840965796,-0.0690598923241497,5,5,7.5
28,29,67,68,203.075741461747,0.0309401076758503,5,5,8.66025403784438
28,34,5,9,-90.9816840965796,-0.0690598923241497,5,5,7.5
28,34,5,12,203.075741461747,0.0309401076758503,5,5,8.66025403784439
28,34,5,17,406.151482923494,0.0154700538379252,5,5,6.61437827766148
28,34,9,17,74.3308802673602,0.0845299461620748,5,5,5
28,34,9,18,140.712052701055,0.0446527869259951,5,5,8.66025403784439
28,34,9,29,-406.151482923494,-0.0154700538379252,5,5,6.61437827766148
28,34,12,17,-406.151482923494,-0.0154700538379252,5,5,6.61437827766148
28,34,12,27,90.9816840965796,0.0690598923241497,5,5,7.5
28,34,17,27,74.3308802673602,0.0845299461620748,5,5,5
28,34,27,42,-140.712052701055,-0.0446527869259951,5,5,8.66025403784439
28,34,27,51,406.151482923494,0.0154700538379252,5,5,6.61437827766148
28,34,29,39,406.151482923494,0.0154700538379252,5,5,6.61437827766148
28,34,39,52,74.3308802673602,0.0845299461620748,5,5,5
28,34,39,53,140.712052701055,0.0446527869259951,5,5,8.66025403784439
28,34,39,67,90.9816840965796,0.0690598923241497,5,5,7.5
28,34,51,59,-406.151482923494,-0.0154700538379252,5,5,6.61437827766148
28,34,52,59,74.3308802673602,0.0845299461620748,5,5,5
28,34,52,67,-406.151482923493,-0.0154700538379252,5,5,6.61437827766147
28,34,52,76,406.151482923493,0.0154700538379252,5,5,6.61437827766147
28,34,59,76,-90.9816840965796,-0.0690598923241497,5,5,7.5
28,34,59,83,-140.712052701055,-0.0446527869259951,5,5,8.66025403784439
28,34,67,76,203.075741461747,0.0309401076758503,5,5,8.66025403784438
28,39,5,9,-140.712052701055,-0.0446527869259951,5,5,8.66025403784439
28,39,9,17,-406.151482923494,-0.0154700538379252,5,5,6.61437827766148
28,39,9,18,90.9816840965796,0.0690598923241497,5,5,7.5
28,39,9,29,74.3308802673602,0.0845299461620748,5,5,5
28,39,17,34,406.151482923494,0.0154700538379252,5,5,6.61437827766148
28,39,18,29,406.151482923494,0.0154700538379252,5,5,6.61437827766148
28,39,18,35,203.075741461747,0.0309401076758503,5,5,8.66025403784439
28,39,27,34,-140.712052701055,-0.0446527869259951,5,5,8.66025403784439
28,39,29,35,406.151482923494,0.0154700538379252,5,5,6.61437827766148
28,39,29,53,74.3308802673602,0.0845299461620748,5,5,5
28,39,34,52,74.3308802673602,0.0845299461620748,5,5,5
28,39,34,59,90.9816840965796,0.0690598923241497,5,5,7.5
28,39,35,53,90.9816840965796,0.0690598923241497,5,5,7.5
28,39,52,59,-406.151482923494,-0.0154700538379252,5,5,6.61437827766148
28,39,52,67,74.3308802673601,0.0845299461620749,5,5,5
28,39,52,76,406.151482923494,0.0154700538379251,5,5,6.61437827766147
28,39,53,68,406.151482923492,0.0154700538379252,5,5,6.61437827766147
28,39,53,77,-140.712052701055,-0.0446527869259951,5,5,8.66025403784439
28,39,59,76,203.075741461747,0.0309401076758503,5,5,8.66025403784439
28,39,67,68,406.151482923494,0.0154700538379252,5,5,6.61437827766147
28,39,67,76,-90.9816840965795,-0.0690598923241497,5,5,7.5
28,52,5,17,-140.712052701055,-0.0446527869259951,5,5,8.66025403784439
28,52,9,17,406.151482923494,0.0154700538379252,5,5,6.61437827766148
28,52,9,29,406.151482923494,0.0154700538379252,5,5,6.61437827766148
28,52,17,27,90.9816840965796,0.0690598923241497,5,5,7.5
28,52,17,34,74.3308802673602,0.0845299461620748,5,5,5
28,52,18,29,-140.712052701055,-0.0446527869259951,5,5,8.66025403784439
28,52,27,34,406.151482923494,0.0154700538379252,5,5,6.61437827766148
28,52,27,51,203.075741461747,0.0309401076758503,5,5,8.66025403784439
28,52,29,39,74.3308802673602,0.0845299461620748,5,5,5
28,52,29,53,90.9816840965796,0.0690598923241497,5,5,7.5
28,52,34,51,406.151482923494,0.0154700538379252,5,5,6.61437827766148
28,52,34,59,74.3308802673602,0.0845299461620748,5,5,5
28,52,39,53,-406.151482923494,-0.0154700538379252,5,5,6.61437827766148
28,52,39,67,74.3308802673601,0.0845299461620749,5,5,5
28,52,39,68,406.151482923494,0.0154700538379251,5,5,6.61437827766147
28,52,51,59,90.9816840965796,0.0690598923241497,5,5,7.5
28,52,53,68,203.075741461747,0.0309401076758503,5,5,8.66025403784439
28,52,59,76,406.151482923492,0.0154700538379252,5,5,6.61437827766147
28,52,59,88,-140.712052701055,-0.0446527869259951,5,5,8.66025403784439
28,52,67,68,-90.9816840965795,-0.0690598923241497,5,5,7.5
28,52,67,76,406.151482923494,0.0154700538379252,5,5,6.61437827766147
28,53,6,9,-83.1187288206608,-0.0755928946018455,8.66025403784439,5,8.66025403784439
28,53,9,17,-257.432628928405,-0.0244071053981546,8.66025403784439,5,7.5
28,53,9,18,62.8318530717959,0.1,8.66025403784439,5,6.61437827766148
28,53,9,29,62.8318530717959,0.1,8.66025403784439,5,4.33012701892219
28,53,18,35,62.8318530717959,0.1,8.66025403784439,5,6.61437827766148
28,53,29,35,62.8318530717959,0.1,8.66025403784439,5,4.33012701892219
28,53,30,35,83.1187288206608,0.0755928946018454,8.66025403784439,5,8.66025403784439
28,53,34,52,257.432628928405,0.0244071053981546,8.66025403784439,5,7.5
28,53,35,60,257.432628928405,0.0244071053981545,8.66025403784439,5,7.5
28,53,39,52,-62.8318530717959,-0.1,8.66025403784439,5,4.33012701892219
28,53,39,68,62.8318530717958,0.1,8.66025403784439,5,4.33012701892219
28,53,52,67,62.8318530717959,0.1,8.66025403784439,5,6.61437827766147
28,53,52,76,83.1187288206608,0.0755928946018454,8.66025403784439,5,8.66025403784439
28,53,67,68,62.8318530717958,0.1,8.66025403784439,5,6.61437827766147
28,53,68,77,257.432628928405,0.0244071053981545,8.66025403784439,5,7.5
28,59,9,17,257.432628928405,0.0244071053981546,8.66025403784439,5,7.5
28,59,12,17,-83.1187288206608,-0.0755928946018455,8.66025403784439,5,8.66025403784439
28,59,17,27,62.8318530717959,0.1,8.66025403784439,5,6.61437827766148
28,59,17,34,62.8318530717959,0.1,8.66025403784439,5,4.33012701892219
28,59,27,51,62.8318530717959,0.1,8.66025403784439,5,6.61437827766148
28,59,29,39,257.432628928405,0.0244071053981546,8.66025403784439,5,7.5
28,59,34,51,62.8318530717959,0.1,8.66025403784439,5,4.33012701892219
28,59,39,52,62.8318530717959,0.1,8.66025403784439,5,4.33012701892219
28,59,39,67,62.8318530717959,0.1,8.66025403784439,5,6.61437827766147
28,59,39,68,83.1187288206608,0.0755928946018454,8.66025403784439,5,8.66025403784439
28,59,42,51,83.1187288206608,0.0755928946018454,8.66025403784439,5,8.66025403784439
28,59,51,83,257.432628928405,0.0244071053981545,8.66025403784439,5,7.5
28,59,52,76,62.8318530717958,0.1,8.66025403784439,5,4.33012701892219
28,59,67,76,62.8318530717958,0.1,8.66025403784439,5,6.61437827766147
28,59,76,88,257.432628928405,0.0244071053981545,8.66025403784439,5,7.5
28,67,9,29,257.432628928405,0.0244071053981545,8.66025403784438,5,7.5
28,67,17,34,257.432628928405,0.0244071053981545,8.66025403784438,5,7.5
28,67,29,35,83.1187288206608,0.0755928946018454,8.66025403784438,5,8.66025403784439
28,67,29,39,62.8318530717958,0.1,8.66025403784438,5,4.33012701892219
28,67,29,53,62.8318530717959,0.1,8.66025403784438,5,6.61437827766148
28,67,34,51,83.1187288206608,0.0755928946018454,8.66025403784438,5,8.66025403784439
28,67,34,52,62.8318530717958,0.1,8.66025403784438,5,4.33012701892219
28,67,34,59,62.8318530717959,0.1,8.66025403784438,5,6.61437827766148
28,67,39,68,62.8318530717959,0.0999999999999999,8.66025403784438,5,4.33012701892219
28,67,52,76,62.8318530717959,0.0999999999999999,8.66025403784438,5,4.33012701892219
28,67,53,68,62.8318530717959,0.1,8.66025403784438,5,6.61437827766148
28,67,59,76,62.8318530717959,0.1,8.66025403784438,5,6.61437827766148
28,67,68,77,-83.1187288206608,-0.0755928946018455,8.66025403784438,5,8.66025403784439
28,67,76,88,-83.1187288206608,-0.0755928946018455,8.66025403784438,5,8.66025403784439
29,30,5,9,-83.1187288206608,-0.0755928946018455,8.66025403784439,5,8.66025403784439
29,30,6,9,-62.8318530717959,-0.1,8.66025403784439,5,6.61437827766148
29,30,6,13,62.8318530717959,0.1,8.66025403784439,5,6.61437827766147
29,30,7,13,83.1187288206608,0.0755928946018455,8.66025403784439,5,8.66025403784439
29,30,9,18,62.8318530717959,0.1,8.66025403784439,5,4.33012701892219
29,30,9,28,-257.432628928405,-0.0244071053981546,8.66025403784439,5,7.5
29,30,13,18,-62.8318530717958,-0.1,8.66025403784439,5,4.33012701892219
29,30,13,31,257.432628928405,0.0244071053981545,8.66025403784439,5,7.5
29,30,35,53,-62.8318530717959,-0.1,8.66025403784439,5,4.33012701892219
29,30,35,54,62.8318530717959,0.1,8.66025403784439,5,4.33012701892219
29,30,39,53,257.432628928405,0.0244071053981546,8.66025403784439,5,7.5
29,30,43,54,-257.432628928405,-0.0244071053981545,8.66025403784439,5,7.5
29,30,53,60,62.8318530717959,0.1,8.66025403784439,5,6.61437827766148
29,30,53,77,83.1187288206608,0.0755928946018455,8.66025403784439,5,8.66025403784439
29,30,54,60,-62.8318530717959,-0.1,8.66025403784439,5,6.61437827766148
29,30,54,84,-83.1187288206608,-0.0755928946018455,8.66025403784439,5,8.66025403784439
29,35,6,9,-90.9816840965796,-0.0690598923241497,5,5,7.5
29,35,6,13,203.075741461747,0.0309401076758503,5,5,8.66025403784439
29,35,6,18,406.151482923494,0.0154700538379252,5,5,6.61437827766148
29,35,9,17,140.712052701055,0.0446527869259951,5,5,8.66025403784439
29,35,9,18,74.3308802673602,0.0845299461620748,5,5,5
29,35,9,28,-406.151482923494,-0.0154700538379252,5,5,6.61437827766148
29,35,13,18,-406.151482923494,-0.0154700538379252,5,5,6.61437827766148
29,35,13,30,90.9816840965796,0.0690598923241497,5,5,7.5
29,35,18,30,74.3308802673602,0.0845299461620748,5,5,5
29,35,28,39,406.151482923494,0.0154700538379252,5,5,6.61437827766148
29,35,30,43,-140.712052701055,-0.0446527869259951,5,5,8.66025403784439
29,35,30,54,406.151482923494,0.0154700538379252,5,5,6.61437827766148
29,35,39,52,140.712052701055,0.0446527869259951,5,5,8.66025403784439
29,35,39,53,74.3308802673602,0.0845299461620748,5,5,5
29,35,39,68,90.9816840965796,0.0690598923241497,5,5,7.5
29,35,53,60,74.3308802673602,0.0845299461620748,5,5,5
29,35,53,68,-406.151482923493,-0.0154700538379252,5,5,6.61437827766147
29,35,53,77,406.151482923493,0.0154700538379252,5,5,6.61437827766147
29,35,54,60,-406.151482923494,-0.0154700538379252,5,5,6.61437827766148
29,35,60,77,-90.9816840965796,-0.0690598923241497,5,5,7.5
29,35,60,84,-140.712052701055,-0.0446527869259951,5,5,8.66025403784439
29,35,68,77,203.075741461747,0.0309401076758503,5,5,8.66025403784438
29,39,6,9,-140.712052701055,-0.0446527869259951,5,5,8.66025403784439
29,39,9,17,90.9816840965796,0.0690598923241497,5,5,7.5
29,39,9,18,-406.151482923494,-0.0154700538379252,5,5,6.61437827766148
29,39,9,28,74.3308802673602,0.0845299461620748,5,5,5
29,39,17,28,406.151482923494,0.0154700538379252,5,5,6.61437827766148
29,39,17,34,203.075741461747,0.0309401076758503,5,5,8.66025403784439
29,39,18,35,406.151482923494,0.0154700538379252,5,5,6.61437827766148
29,39,28,34,406.151482923494,0.0154700538379252,5,5,6.61437827766148
29,39,28,52,74.3308802673602,0.0845299461620748,5,5,5
29,39,30,35,-140.712052701055,-0.0446527869259951,5,5,8.66025403784439
29,39,34,52,90.9816840965796,0.0690598923241497,5,5,7.5
29,39,35,53,74.3308802673602,0.0845299461620748,5,5,5
29,39,35,60,90.9816840965796,0.0690598923241497,5,5,7.5
29,39,52,67,406.151482923492,0.0154700538379252,5,5,6.61437827766147
29,39,52,76,-140.712052701055,-0.0446527869259951,5,5,8.66025403784439
29,39,53,60,-406.151482923494,-0.0154700538379252,5,5,6.61437827766148
29,39,53,68,74.3308802673601,0.0845299461620749,5,5,5
29,39,53,77,406.151482923494,0.0154700538379251,5,5,6.61437827766147
29,39,60,77,203.075741461747,0.0309401076758503,5,5,8.66025403784439
29,39,67,68,-406.151482923494,-0.0154700538379252,5,5,6.61437827766147
29,39,68,77,-90.9816840965795,-0.0690598923241497,5,5,7.5
29,52,5,9,-83.1187288206608,-0.0755928946018455,8.66025403784439,5,8.66025403784439
29,52,9,17,62.8318530717959,0.1,8.66025403784439,5,6.61437827766148
29,52,9,18,-257.432628928405,-0.0244071053981546,8.66025403784439,5,7.5
29,52,9,28,62.8318530717959,0.1,8.66025403784439,5,4.33012701892219
29,52,17,34,62.8318530717959,0.1,8.66025403784439,5,6.61437827766148
29,52,27,34,83.1187288206608,0.0755928946018454,8.66025403784439,5,8.66025403784439
29,52,28,34,62.8318530717959,0.1,8.66025403784439,5,4.33012701892219
29,52,34,59,257.432628928405,0.0244071053981545,8.66025403784439,5,7.5
29,52,35,53,257.432628928405,0.0244071053981546,8.66025403784439,5,7.5
29,52,39,53,-62.8318530717959,-0.1,8.66025403784439,5,4.33012701892219
29,52,39,67,62.8318530717958,0.1,8.66025403784439,5,4.33012701892219
29,52,53,68,62.8318530717959,0.1,8.66025403784439,5,6.61437827766147
29,52,53,77,83.1187288206608,0.0755928946018454,8.66025403784439,5,8.66025403784439
29,52,67,68,-62.8318530717958,-0.1,8.66025403784439,5,6.61437827766147
29,52,67,76,257.432628928405,0.0244071053981545,8.66025403784439,5,7.5
29,53,6,18,-140.712052701055,-0.0446527869259951,5,5,8.66025403784439
29,53,9,18,406.151482923494,0.0154700538379252,5,5,6.61437827766148
29,53,9,28,406.151482923494,0.0154700538379252,5,5,6.61437827766148
29,53,17,28,-140.712052701055,-0.0446527869259951,5,5,8.66025403784439
29,53,18,30,90.9816840965796,0.0690598923241497,5,5,7.5
29,53,18,35,74.3308802673602,0.0845299461620748,5,5,5
29,53,28,39,74.3308802673602,0.0845299461620748,5,5,5
29,53,28,52,90.9816840965796,0.0690598923241497,5,5,7.5
29,53,30,35,406.151482923494,0.0154700538379252,5,5,6.61437827766148
29,53,30,54,203.075741461747,0.0309401076758503,5,5,8.66025403784439
29,53,35,54,406.151482923494,0.0154700538379252,5,5,6.61437827766148
29,53,35,60,74.3308802673602,0.0845299461620748,5,5,5
29,53,39,52,-406.151482923494,-0.0154700538379252,5,5,6.61437827766148
29,53,39,67,406.151482923494,0.0154700538379251,5,5,6.61437827766147
29,53,39,68,74.3308802673601,0.0845299461620749,5,5,5
29,53,52,67,203.075741461747,0.0309401076758503,5,5,8.66025403784439
29,53,54,60,90.9816840965796,0.0690598923241497,5,5,7.5
29,53,60,77,406.151482923492,0.0154700538379252,5,5,6.61437827766147
29,53,60,89,-140.712052701055,-0.0446527869259951,5,5,8.66025403784439
29,53,67,68,90.9816840965795,0.0690598923241497,5,5,7.5
29,53,68,77,406.151482923494,0.0154700538379252,5,5,6.61437827766147
29,60,9,18,257.432628928405,0.0244071053981546,8.66025403784439,5,7.5
29,60,13,18,-83.1187288206608,-0.0755928946018455,8.66025403784439,5,8.66025403784439
29,60,18,30,62.8318530717959,0.1,8.66025403784439,5,6.61437827766148
29,60,18,35,62.8318530717959,0.1,8.66025403784439,5,4.33012701892219
29,60,28,39,257.432628928405,0.0244071053981546,8.66025403784439,5,7.5
29,60,30,54,62.8318530717959,0.1,8.66025403784439,5,6.61437827766148
29,60,35,54,62.8318530717959,0.1,8.66025403784439,5,4.33012701892219
29,60,39,53,62.8318530717959,0.1,8.66025403784439,5,4.33012701892219
29,60,39,67,83.1187288206608,0.0755928946018454,8.66025403784439,5,8.66025403784439
29,60,39,68,62.8318530717959,0.1,8.66025403784439,5,6.61437827766147
29,60,43,54,83.1187288206608,0.0755928946018454,8.66025403784439,5,8.66025403784439
29,60,53,77,62.8318530717958,0.1,8.66025403784439,5,4.33012701892219
29,60,54,84,257.432628928405,0.0244071053981545,8.66025403784439,5,7.5
29,60,68,77,62.8318530717958,0.1,8.66025403784439,5,6.61437827766147
29,60,77,89,257.432628928405,0.0244071053981545,8.66025403784439,5,7.5
29,68,9,28,257.432628928405,0.0244071053981545,8.66025403784438,5,7.5
29,68,18,35,257.432628928405,0.0244071053981545,8.66025403784438,5,7.5
29,68,28,34,83.1187288206608,0.0755928946018454,8.66025403784438,5,8.66025403784439
29,68,28,39,62.8318530717958,0.1,8.66025403784438,5,4.33012701892219
29,68,28,52,62.8318530717959,0.1,8.66025403784438,5,6.61437827766148
29,68,35,53,62.8318530717958,0.1,8.66025403784438,5,4.33012701892219
29,68,35,54,83.1187288206608,0.0755928946018454,8.66025403784438,5,8.66025403784439
29,68,35,60,62.8318530717959,0.1,8.66025403784438,5,6.61437827766148
29,68,39,67,62.8318530717959,0.0999999999999999,8.66025403784438,5,4.33012701892219
29,68,52,67,62.8318530717959,0.1,8.66025403784438,5,6.61437827766148
29,68,53,77,62.8318530717959,0.0999999999999999,8.66025403784438,5,4.33012701892219
29,68,60,77,62.8318530717959,0.1,8.66025403784438,5,6.61437827766148
29,68,67,76,-83.1187288206608,-0.0755928946018455,8.66025403784438,5,8.66025403784439
29,68,77,89,-83.1187288206608,-0.0755928946018455,8.66025403784438,5,8.66025403784439
30,31,6,7,203.075741461747,0.0309401076758503,5,5,8.66025403784439
30,31,6,13,406.151482923494,0.0154700538379252,5,5,6.61437827766148
30,31,6,18,-90.9816840965796,-0.0690598923241497,5,5,7.5
30,31,7,13,-406.151482923494,-0.0154700538379252,5,5,6.61437827766148
30,31,7,19,90.9816840965796,0.0690598923241497,5,5,7.5
30,31,13,18,-74.3308802673602,-0.0845299461620748,5,5,5
30,31,13,19,74.3308802673602,0.0845299461620748,5,5,5
30,31,18,29,140.712052701055,0.0446527869259951,5,5,8.66025403784439
30,31,18,35,-406.151482923494,-0.0154700538379252,5,5,6.61437827766148
30,31,19,20,-140.712052701055,-0.0446527869259951,5,5,8.66025403784439
30,31,19,37,406.151482923494,0.0154700538379252,5,5,6.61437827766148
30,31,35,54,406.151482923494,0.0154700538379252,5,5,6.61437827766148
30,31,37,55,-406.151482923494,-0.0154700538379252,5,5,6.61437827766148
30,31,43,54,-74.3308802673602,-0.0845299461620748,5,5,5
30,31,43,55,74.3308802673602,0.0845299461620748,5,5,5
30,31,43,69,-406.151482923494,-0.0154700538379252,5,5,6.61437827766148
30,31,43,73,406.151482923494,0.0154700538379252,5,5,6.61437827766148
30,31,54,60,140.712052701055,0.0446527869259951,5,5,8.66025403784439
30,31,54,69,90.9816840965796,0.0690598923241497,5,5,7.5
30,31,55,61,-140.712052701055,-0.0446527869259951,5,5,8.66025403784439
30,31,55,73,-90.9816840965796,-0.0690598923241497,5,5,7.5
30,31,69,73,203.075741461747,0.0309401076758503,5,5,8.66025403784439
30,35,6,9,203.075741461747,0.0309401076758503,5,5,8.66025403784439
30,35,6,13,-90.9816840965796,-0.0690598923241497,5,5,7.5
30,35,6,18,406.151482923494,0.0154700538379252,5,5,6.61437827766148
30,35,9,18,-406.151482923494,-0.0154700538379252,5,5,6.61437827766148
30,35,9,29,90.9816840965796,0.0690598923241497,5,5,7.5
30,35,13,18,74.3308802673602,0.0845299461620748,5,5,5
30,35,13,19,140.712052701055,0.0446527869259951,5,5,8.66025403784439
30,35,13,31,-406.151482923494,-0.0154700538379252,5,5,6.61437827766147
30,35,18,29,74.3308802673602,0.0845299461620748,5,5,5
30,35,29,39,-140.712052701055,-0.0446527869259951,5,5,8.66025403784439
30,35,29,53,406.151482923494,0.0154700538379252,5,5,6.61437827766148
30,35,31,43,406.151482923494,0.0154700538379252,5,5,6.61437827766148
30,35,43,54,74.3308802673602,0.0845299461620748,5,5,5
30,35,43,55,140.712052701055,0.0446527869259951,5,5,8.66025403784439
30,35,43,69,90.9816840965796,0.0690598923241497,5,5,7.5
30,35,53,60,-406.151482923494,-0.0154700538379252,5,5,6.61437827766148
30,35,54,60,74.3308802673602,0.0845299461620748,5,5,5
30,35,54,69,-406.151482923494,-0.0154700538379252,5,5,6.61437827766148
30,35,54,84,406.151482923494,0.0154700538379252,5,5,6.61437827766148
30,35,60,77,-140.712052701055,-0.0446527869259951,5,5,8.66025403784439
30,35,60,84,-90.9816840965796,-0.0690598923241497,5,5,7.5
30,35,69,84,203.075741461747,0.0309401076758503,5,5,8.66025403784439
30,43,6,13,-140.712052701055,-0.0446527869259951,5,5,8.66025403784439
30,43,13,18,-406.151482923494,-0.0154700538379252,5,5,6.61437827766148
30,43,13,19,90.9816840965796,0.0690598923241497,5,5,7.5
30,43,13,31,74.3308802673602,0.0845299461620748,5,5,5
30,43,18,35,406.151482923494,0.0154700538379252,5,5,6.61437827766148
30,43,19,31,406.151482923494,0.0154700538379252,5,5,6.61437827766148
30,43,19,37,203.075741461747,0.0309401076758503,5,5,8.66025403784439
30,43,29,35,-140.712052701055,-0.0446527869259951,5,5,8.66025403784439
30,43,31,37,406.151482923494,0.0154700538379252,5,5,6.61437827766148
30,43,31,55,74.3308802673602,0.0845299461620748,5,5,5
30,43,35,54,74.3308802673602,0.0845299461620748,5,5,5
30,43,35,60,90.9816840965796,0.0690598923241497,5,5,7.5
30,43,37,55,90.9816840965796,0.0690598923241497,5,5,7.5
30,43,54,60,-406.151482923494,-0.0154700538379252,5,5,6.61437827766148
30,43,54,69,74.3308802673602,0.0845299461620748,5,5,5
30,43,54,84,406.151482923494,0.0154700538379252,5,5,6.61437827766148
30,43,55,73,406.151482923494,0.0154700538379252,5,5,6.61437827766148
30,43,55,85,-140.712052701055,-0.0446527869259951,5,5,8.66025403784439
30,43,60,84,203.075741461747,0.0309401076758503,5,5,8.66025403784439
30,43,69,73,406.151482923494,0.0154700538379252,5,5,6.61437827766148
30,43,69,84,-90.9816840965796,-0.0690598923241497,5,5,7.5
30,54,6,18,-140.712052701055,-0.0446527869259951,5,5,8.66025403784439
30,54,13,18,406.151482923494,0.0154700538379252,5,5,6.61437827766148
30,54,13,31,406.151482923494,0.0154700538379252,5,5,6.61437827766147
30,54,18,29,90.9816840965796,0.0690598923241497,5,5,7.5
30,54,18,35,74.3308802673602,0.0845299461620748,5,5,5
30,54,19,31,-140.712052701055,-0.0446527869259951,5,5,8.66025403784439
30,54,29,35,406.151482923494,0.0154700538379252,5,5,6.61437827766148
30,54,29,53,203.075741461747,0.0309401076758503,5,5,8.66025403784439
30,54,31,43,74.3308802673602,0.0845299461620748,5,5,5
30,54,31,55,90.9816840965796,0.0690598923241497,5,5,7.5
30,54,35,53,406.151482923494,0.0154700538379252,5,5,6.61437827766148
30,54,35,60,74.3308802673602,0.0845299461620748,5,5,5
30,54,43,55,-406.151482923494,-0.0154700538379252,5,5,6.61437827766148
30,54,43,69,74.3308802673602,0.0845299461620748,5,5,5
30,54,43,73,406.151482923494,0.0154700538379252,5,5,6.61437827766148
30,54,53,60,90.9816840965796,0.0690598923241497,5,5,7.5
30,54,55,73,203.075741461747,0.0309401076758503,5,5,8.66025403784439
30,54,60,84,406.151482923494,0.0154700538379252,5,5,6.61437827766148
30,54,60,89,-140.712052701055,-0.0446527869259951,5,5,8.66025403784439
30,54,69,73,-90.9816840965796,-0.0690598923241497,5,5,7.5
30,54,69,84,406.151482923494,0.0154700538379252,5,5,6.61437827766148
30,55,7,13,-83.1187288206608,-0.0755928946018455,8.66025403784439,5,8.66025403784439
30,55,13,18,-257.432628928405,-0.0244071053981546,8.66025403784439,5,7.5
30,55,13,19,62.8318530717959,0.1,8.66025403784439,5,6.61437827766148
30,55,13,31,62.8318530717959,0.1,8.66025403784439,5,4.33012701892219
30,55,19,37,62.8318530717959,0.1,8.66025403784439,5,6.61437827766148
30,55,20,37,83.1187288206608,0.0755928946018455,8.66025403784439,5,8.66025403784439
30,55,31,37,62.8318530717959,0.1,8.66025403784439,5,4.33012701892219
30,55,35,54,257.432628928405,0.0244071053981546,8.66025403784439,5,7.5
30,55,37,61,257.432628928405,0.0244071053981545,8.66025403784439,5,7.5
30,55,43,54,-62.8318530717959,-0.1,8.66025403784439,5,4.33012701892219
30,55,43,73,62.8318530717959,0.1,8.66025403784439,5,4.33012701892219
30,55,54,69,62.8318530717959,0.1,8.66025403784439,5,6.61437827766148
30,55,54,84,83.1187288206608,0.0755928946018455,8.66025403784439,5,8.66025403784439
30,55,69,73,62.8318530717959,0.1,8.66025403784439,5,6.61437827766148
30,55,73,85,257.432628928405,0.0244071053981545,8.66025403784439,5,7.5
30,60,9,18,-83.1187288206608,-0.0755928946018455,8.66025403784439,5,8.66025403784439
30,60,13,18,257.432628928405,0.0244071053981545,8.66025403784439,5,7.5
30,60,18,29,62.8318530717959,0.1,8.66025403784439,5,6.61437827766148
30,60,18,35,62.8318530717959,0.1,8.66025403784439,5,4.33012701892219
30,60,29,53,62.8318530717959,0.1,8.66025403784439,5,6.61437827766148
30,60,31,43,257.432628928405,0.0244071053981545,8.66025403784439,5,7.5
30,60,35,53,62.8318530717959,0.1,8.66025403784439,5,4.33012701892219
30,60,39,53,83.1187288206608,0.0755928946018454,8.66025403784439,5,8.66025403784439
30,60,43,54,62.8318530717959,0.1,8.66025403784439,5,4.33012701892219
30,60,43,69,62.8318530717959,0.1,8.66025403784439,5,6.61437827766148
30,60,43,73,83.1187288206608,0.0755928946018454,8.66025403784439,5,8.66025403784439
30,60,53,77,257.432628928404,0.0244071053981546,8.66025403784439,5,7.5
30,60,54,84,62.8318530717959,0.1,8.66025403784439,5,4.33012701892219
30,60,69,84,62.8318530717959,0.1,8.66025403784439,5,6.61437827766148
30,60,84,89,257.432628928404,0.0244071053981546,8.66025403784439,5,7.5
30,69,13,31,257.432628928405,0.0244071053981546,8.66025403784439,5,7.5
30,69,18,35,257.432628928405,0.0244071053981546,8.66025403784439,5,7.5
30,69,31,37,83.1187288206608,0.0755928946018455,8.66025403784439,5,8.66025403784439
30,69,31,43,62.8318530717959,0.1,8.66025403784439,5,4.33012701892219
30,69,31,55,62.8318530717959,0.1,8.66025403784439,5,6.61437827766147
30,69,35,53,83.1187288206608,0.0755928946018454,8.66025403784439,5,8.66025403784439
30,69,35,54,62.8318530717959,0.1,8.66025403784439,5,4.33012701892219
30,69,35,60,62.8318530717959,0.1,8.66025403784439,5,6.61437827766148
30,69,43,73,62.8318530717959,0.1,8.66025403784439,5,4.33012701892219
30,69,54,84,62.8318530717959,0.1,8.66025403784439,5,4.33012701892219
30,69,55,73,62.8318530717959,0.1,8.66025403784439,5,6.61437827766148
30,69,60,84,62.8318530717959,0.1,8.66025403784439,5,6.61437827766148
30,69,73,85,-83.1187288206608,-0.0755928946018455,8.66025403784439,5,8.66025403784439
30,69,84,89,-83.1187288206608,-0.0755928946018454,8.66025403784439,5,8.66025403784439
31,37,7,10,203.075741461747,0.0309401076758503,5,5,8.66025403784439
31,37,7,13,-90.9816840965796,-0.0690598923241497,5,5,7.5
31,37,7,19,406.151482923494,0.0154700538379252,5,5,6.61437827766148
31,37,10,19,-406.151482923494,-0.0154700538379252,5,5,6.61437827766148
31,37,10,20,90.9816840965796,0.0690598923241497,5,5,7.5
31,37,13,18,140.712052701055,0.0446527869259951,5,5,8.66025403784439
31,37,13,19,74.3308802673602,0.0845299461620748,5,5,5
31,37,13,30,-406.151482923494,-0.0154700538379252,5,5,6.61437827766148
31,37,19,20,74.3308802673602,0.0845299461620748,5,5,5
31,37,20,40,-140.712052701055,-0.0446527869259951,5,5,8.66025403784439
31,37,20,44,406.151482923494,0.0154700538379252,5,5,6.61437827766148
31,37,30,43,406.151482923494,0.0154700538379252,5,5,6.61437827766148
31,37,43,54,140.712052701055,0.0446527869259951,5,5,8.66025403784439
31,37,43,55,74.3308802673602,0.0845299461620748,5,5,5
31,37,43,73,90.9816840965796,0.0690598923241497,5,5,7.5
31,37,44,61,-406.151482923494,-0.0154700538379252,5,5,6.61437827766148
31,37,55,61,74.3308802673602,0.0845299461620748,5,5,5
31,37,55,73,-406.151482923494,-0.0154700538379252,5,5,6.61437827766148
31,37,55,85,406.151482923494,0.0154700538379252,5,5,6.61437827766148
31,37,61,78,-140.712052701055,-0.0446527869259951,5,5,8.66025403784439
31,37,61,85,-90.9816840965796,-0.0690598923241497,5,5,7.5
31,37,73,85,203.075741461747,0.0309401076758503,5,5,8.66025403784439
31,43,7,13,-140.712052701055,-0.0446527869259951,5,5,8.66025403784439
31,43,13,18,90.9816840965796,0.0690598923241497,5,5,7.5
31,43,13,19,-406.151482923494,-0.0154700538379252,5,5,6.61437827766148
31,43,13,30,74.3308802673602,0.0845299461620748,5,5,5
31,43,18,30,406.151482923494,0.0154700538379252,5,5,6.61437827766148
31,43,18,35,203.075741461747,0.0309401076758503,5,5,8.66025403784439
31,43,19,37,406.151482923494,0.0154700538379252,5,5,6.61437827766148
31,43,20,37,-140.712052701055,-0.0446527869259951,5,5,8.66025403784439
31,43,30,35,406.151482923494,0.0154700538379252,5,5,6.61437827766148
31,43,30,54,74.3308802673602,0.0845299461620748,5,5,5
31,43,35,54,90.9816840965796,0.0690598923241497,5,5,7.5
31,43,37,55,74.3308802673602,0.0845299461620748,5,5,5
31,43,37,61,90.9816840965796,0.0690598923241497,5,5,7.5
31,43,54,69,406.151482923494,0.0154700538379252,5,5,6.61437827766148
31,43,54,84,-140.712052701055,-0.0446527869259951,5,5,8.66025403784439
31,43,55,61,-406.151482923494,-0.0154700538379252,5,5,6.61437827766148
31,43,55,73,74.3308802673602,0.0845299461620748,5,5,5
31,43,55,85,406.151482923494,0.0154700538379252,5,5,6.61437827766148
31,43,61,85,203.075741461747,0.0309401076758503,5,5,8.66025403784439
31,43,69,73,-406.151482923494,-0.0154700538379252,5,5,6.61437827766148
31,43,73,85,-90.9816840965796,-0.0690598923241497,5,5,7.5
31,54,6,13,-83.1187288206608,-0.0755928946018455,8.66025403784439,5,8.66025403784439
31,54,13,18,62.8318530717959,0.1,8.66025403784439,5,6.61437827766148
31,54,13,19,-257.432628928405,-0.0244071053981545,8.66025403784439,5,7.5
31,54,13,30,62.8318530717959,0.1,8.66025403784439,5,4.33012701892219
31,54,18,35,62.8318530717959,0.1,8.66025403784439,5,6.61437827766148
31,54,29,35,83.1187288206608,0.0755928946018454,8.66025403784439,5,8.66025403784439
31,54,30,35,62.8318530717959,0.1,8.66025403784439,5,4.33012701892219
31,54,35,60,257.432628928405,0.0244071053981545,8.66025403784439,5,7.5
31,54,37,55,257.432628928405,0.0244071053981545,8.66025403784439,5,7.5
31,54,43,55,-62.8318530717959,-0.1,8.66025403784439,5,4.33012701892219
31,54,43,69,62.8318530717959,0.1,8.66025403784439,5,4.33012701892219
31,54,55,73,62.8318530717959,0.1,8.66025403784439,5,6.61437827766148
31,54,55,85,83.1187288206608,0.0755928946018454,8.66025403784439,5,8.66025403784439
31,54,69,73,-62.8318530717959,-0.1,8.66025403784439,5,6.61437827766148
31,54,69,84,257.432628928405,0.0244071053981545,8.66025403784439,5,7.5
31,55,7,19,-140.712052701055,-0.0446527869259951,5,5,8.66025403784439
31,55,13,19,406.151482923494,0.0154700538379252,5,5,6.61437827766148
31,55,13,30,406.151482923494,0.0154700538379252,5,5,6.61437827766148
31,55,18,30,-140.712052701055,-0.0446527869259951,5,5,8.66025403784439
31,55,19,20,90.9816840965796,0.0690598923241497,5,5,7.5
31,55,19,37,74.3308802673602,0.0845299461620748,5,5,5
31,55,20,37,406.151482923494,0.0154700538379252,5,5,6.61437827766148
31,55,20,44,203.075741461747,0.0309401076758503,5,5,8.66025403784439
31,55,30,43,74.3308802673602,0.0845299461620748,5,5,5
31,55,30,54,90.9816840965796,0.0690598923241497,5,5,7.5
31,55,37,44,406.151482923494,0.0154700538379252,5,5,6.61437827766148
31,55,37,61,74.3308802673602,0.0845299461620748,5,5,5
31,55,43,54,-406.151482923494,-0.0154700538379252,5,5,6.61437827766147
31,55,43,69,406.151482923494,0.0154700538379252,5,5,6.61437827766147
31,55,43,73,74.3308802673602,0.0845299461620748,5,5,5
31,55,44,61,90.9816840965796,0.0690598923241497,5,5,7.5
31,55,54,69,203.075741461747,0.0309401076758503,5,5,8.66025403784439
31,55,61,85,406.151482923494,0.0154700538379252,5,5,6.61437827766148
31,55,61,91,-140.712052701055,-0.0446527869259951,5,5,8.66025403784439
31,55,69,73,90.9816840965796,0.0690598923241497,5,5,7.5
31,55,73,85,406.151482923494,0.0154700538379252,5,5,6.61437827766148
31,61,10,19,-83.1187288206608,-0.0755928946018455,8.66025403784439,5,8.66025403784439
31,61,13,19,257.432628928405,0.0244071053981546,8.66025403784439,5,7.5
31,61,19,20,62.8318530717959,0.1,8.66025403784439,5,6.61437827766148
31,61,19,37,62.8318530717959,0.1,8.66025403784439,5,4.33012701892219
31,61,20,44,62.8318530717959,0.1,8.66025403784439,5,6.61437827766148
31,61,30,43,257.432628928405,0.0244071053981546,8.66025403784439,5,7.5
31,61,37,44,62.8318530717959,0.1,8.66025403784439,5,4.33012701892219
31,61,40,44,83.1187288206608,0.0755928946018455,8.66025403784439,5,8.66025403784439
31,61,43,55,62.8318530717959,0.1,8.66025403784439,5,4.33012701892219
31,61,43,69,83.1187288206608,0.0755928946018455,8.66025403784439,5,8.66025403784439
31,61,43,73,62.8318530717959,0.1,8.66025403784439,5,6.61437827766148
31,61,44,78,257.432628928405,0.0244071053981545,8.66025403784439,5,7.5
31,61,55,85,62.8318530717959,0.1,8.66025403784439,5,4.33012701892219
31,61,73,85,62.8318530717959,0.1,8.66025403784439,5,6.61437827766148
31,61,85,91,257.432628928405,0.0244071053981545,8.66025403784439,5,7.5
31,73,13,30,257.432628928405,0.0244071053981546,8.66025403784439,5,7.5
31,73,19,37,257.432628928405,0.0244071053981546,8.66025403784439,5,7.5
31,73,30,35,83.1187288206608,0.0755928946018454,8.66025403784439,5,8.66025403784439
31,73,30,43,62.8318530717959,0.1,8.66025403784439,5,4.33012701892219
31,73,30,54,62.8318530717959,0.1,8.66025403784439,5,6.61437827766148
31,73,37,44,83.1187288206608,0.0755928946018455,8.66025403784439,5,8.66025403784439
31,73,37,55,62.8318530717959,0.1,8.66025403784439,5,4.33012701892219
31,73,37,61,62.8318530717959,0.1,8.66025403784439,5,6.61437827766148
31,73,43,69,62.8318530717959,0.1,8.66025403784439,5,4.33012701892219
31,73,54,69,62.8318530717959,0.1,8.66025403784439,5,6.61437827766148
31,73,55,85,62.8318530717959,0.1,8.66025403784439,5,4.33012701892219
31,73,61,85,62.8318530717959,0.1,8.66025403784439,5,6.61437827766148
31,73,69,84,-83.1187288206608,-0.0755928946018455,8.66025403784439,5,8.66025403784439
31,73,85,91,-83.1187288206608,-0.0755928946018455,8.66025403784439,5,8.66025403784439
32,38,2,14,-83.1187288206608,-0.0755928946018455,8.66025403784439,5,8.66025403784439
32,38,8,14,-62.8318530717959,-0.1,8.66025403784439,5,6.61437827766148
32,38,8,23,62.8318530717959,0.1,8.66025403784439,5,6.61437827766148
32,38,14,21,-257.432628928405,-0.0244071053981546,8.66025403784439,5,7.5
32,38,14,22,62.8318530717959,0.1,8.66025403784439,5,4.33012701892219
32,38,15,23,83.1187288206608,0.0755928946018454,8.66025403784439,5,8.66025403784439
32,38,22,23,62.8318530717959,0.1,8.66025403784439,5,4.33012701892219
32,38,23,47,257.432628928405,0.0244071053981545,8.66025403784439,5,7.5
32,38,45,56,257.432628928405,0.0244071053981546,8.66025403784439,5,7.5
32,38,46,56,-62.8318530717959,-0.1,8.66025403784439,5,4.33012701892219
32,38,46,63,62.8318530717958,0.1,8.66025403784439,5,4.33012701892219
32,38,56,74,62.8318530717959,0.1,8.66025403784439,5,6.61437827766147
32,38,56,86,83.1187288206608,0.0755928946018454,8.66025403784439,5,8.66025403784439
32,38,63,64,257.432628928405,0.0244071053981545,8.66025403784439,5,7.5
32,38,63,74,-62.8318530717958,-0.1,8.66025403784439,5,6.61437827766147
32,40,2,14,-83.1187288206608,-0.0755928946018455,8.66025403784439,5,8.66025403784439
32,40,10,14,-62.8318530717959,-0.1,8.66025403784439,5,6.61437827766148
32,40,10,20,62.8318530717959,0.1,8.66025403784439,5,6.61437827766147
32,40,14,21,62.8318530717959,0.1,8.66025403784439,5,4.33012701892219
32,40,14,22,-257.432628928405,-0.0244071053981546,8.66025403784439,5,7.5
32,40,19,20,83.1187288206608,0.0755928946018455,8.66025403784439,5,8.66025403784439
32,40,20,21,-62.8318530717958,-0.1,8.66025403784439,5,4.33012701892219
32,40,20,44,257.432628928405,0.0244071053981545,8.66025403784439,5,7.5
32,40,45,56,-62.8318530717959,-0.1,8.66025403784439,5,4.33012701892219
32,40,45,62,62.8318530717959,0.1,8.66025403784439,5,4.33012701892219
32,40,46,56,257.432628928405,0.0244071053981546,8.66025403784439,5,7.5
32,40,56,79,62.8318530717959,0.1,8.66025403784439,5,6.61437827766148
32,40,56,86,83.1187288206608,0.0755928946018455,8.66025403784439,5,8.66025403784439
32,40,62,70,257.432628928405,0.0244071053981545,8.66025403784439,5,7.5
32,40,62,79,-62.8318530717959,-0.1,8.66025403784439,5,6.61437827766148
32,45,8,14,-140.712052701055,-0.0446527869259951,5,5,8.66025403784439
32,45,10,14,-90.9816840965796,-0.0690598923241497,5,5,7.5
32,45,10,20,203.075741461747,0.0309401076758503,5,5,8.66025403784439
32,45,10,21,406.151482923494,0.0154700538379252,5,5,6.61437827766148
32,45,14,21,74.3308802673602,0.0845299461620748,5,5,5
32,45,14,22,-406.151482923494,-0.0154700538379252,5,5,6.61437827766148
32,45,20,21,-406.151482923494,-0.0154700538379252,5,5,6.61437827766148
32,45,20,40,90.9816840965796,0.0690598923241497,5,5,7.5
32,45,21,40,74.3308802673602,0.0845299461620748,5,5,5
32,45,22,46,406.151482923494,0.0154700538379252,5,5,6.61437827766148
32,45,38,46,-140.712052701055,-0.0446527869259951,5,5,8.66025403784439
32,45,40,62,406.151482923494,0.0154700538379252,5,5,6.61437827766148
32,45,40,70,-140.712052701055,-0.0446527869259951,5,5,8.66025403784439
32,45,46,56,74.3308802673602,0.0845299461620748,5,5,5
32,45,46,74,90.9816840965796,0.0690598923241497,5,5,7.5
32,45,56,74,-406.151482923493,-0.0154700538379252,5,5,6.61437827766147
32,45,56,79,74.3308802673602,0.0845299461620748,5,5,5
32,45,56,86,406.151482923493,0.0154700538379252,5,5,6.61437827766147
32,45,62,79,-406.151482923494,-0.0154700538379252,5,5,6.61437827766148
32,45,74,86,203.075741461747,0.0309401076758503,5,5,8.66025403784438
32,45,79,86,-90.9816840965796,-0.0690598923241497,5,5,7.5
32,46,8,14,-90.9816840965796,-0.0690598923241497,5,5,7.5
32,46,8,22,406.151482923494,0.0154700538379252,5,5,6.61437827766148
32,46,8,23,203.075741461747,0.0309401076758503,5,5,8.66025403784439
32,46,10,14,-140.712052701055,-0.0446527869259951,5,5,8.66025403784439
32,46,14,21,-406.151482923494,-0.0154700538379252,5,5,6.61437827766148
32,46,14,22,74.3308802673602,0.0845299461620748,5,5,5
32,46,21,45,406.151482923494,0.0154700538379252,5,5,6.61437827766148
32,46,22,23,406.151482923494,0.0154700538379252,5,5,6.61437827766148
32,46,22,38,74.3308802673602,0.0845299461620748,5,5,5
32,46,23,38,90.9816840965796,0.0690598923241497,5,5,7.5
32,46,38,63,406.151482923492,0.0154700538379252,5,5,6.61437827766147
32,46,38,64,-140.712052701055,-0.0446527869259951,5,5,8.66025403784439
32,46,40,45,-140.712052701055,-0.0446527869259951,5,5,8.66025403784439
32,46,45,56,74.3308802673602,0.0845299461620748,5,5,5
32,46,45,79,90.9816840965796,0.0690598923241497,5,5,7.5
32,46,56,74,74.3308802673601,0.0845299461620749,5,5,5
32,46,56,79,-406.151482923494,-0.0154700538379252,5,5,6.61437827766148
32,46,56,86,406.151482923494,0.0154700538379251,5,5,6.61437827766147
32,46,63,74,-406.151482923494,-0.0154700538379252,5,5,6.61437827766147
32,46,74,86,-90.9816840965795,-0.0690598923241497,5,5,7.5
32,46,79,86,203.075741461747,0.0309401076758503,5,5,8.66025403784439
32,56,8,22,-140.712052701055,-0.0446527869259951,5,5,8.66025403784439
32,56,10,21,-140.712052701055,-0.0446527869259951,5,5,8.66025403784439
32,56,14,21,406.151482923494,0.0154700538379252,5,5,6.61437827766148
32,56,14,22,406.151482923494,0.0154700538379252,5,5,6.61437827766148
32,56,21,40,90.9816840965796,0.0690598923241497,5,5,7.5
32,56,21,45,74.3308802673602,0.0845299461620748,5,5,5
32,56,22,38,90.9816840965796,0.0690598923241497,5,5,7.5
32,56,22,46,74.3308802673602,0.0845299461620748,5,5,5
32,56,38,46,406.151482923494,0.0154700538379252,5,5,6.61437827766148
32,56,38,63,203.075741461747,0.0309401076758503,5,5,8.66025403784439
32,56,40,45,406.151482923494,0.0154700538379252,5,5,6.61437827766148
32,56,40,62,203.075741461747,0.0309401076758503,5,5,8.66025403784439
32,56,45,62,406.151482923494,0.0154700538379252,5,5,6.61437827766148
32,56,45,79,74.3308802673602,0.0845299461620748,5,5,5
32,56,46,63,406.151482923494,0.0154700538379251,5,5,6.61437827766147
32,56,46,74,74.3308802673601,0.0845299461620749,5,5,5
32,56,62,79,90.9816840965796,0.0690598923241497,5,5,7.5
32,56,63,74,90.9816840965795,0.0690598923241497,5,5,7.5
32,56,74,86,406.151482923494,0.0154700538379252,5,5,6.61437827766147
32,56,79,86,406.151482923492,0.0154700538379252,5,5,6.61437827766147
32,74,14,22,257.432628928405,0.0244071053981545,8.66025403784438,5,7.5
32,74,21,45,257.432628928405,0.0244071053981545,8.66025403784438,5,7.5
32,74,22,23,83.1187288206608,0.0755928946018454,8.66025403784438,5,8.66025403784439
32,74,22,38,62.8318530717959,0.1,8.66025403784438,5,6.61437827766148
32,74,22,46,62.8318530717958,0.1,8.66025403784438,5,4.33012701892219
32,74,38,63,62.8318530717959,0.1,8.66025403784438,5,6.61437827766148
32,74,45,56,62.8318530717958,0.1,8.66025403784438,5,4.33012701892219
32,74,45,62,83.1187288206608,0.0755928946018454,8.66025403784438,5,8.66025403784439
32,74,45,79,62.8318530717959,0.1,8.66025403784438,5,6.61437827766148
32,74,46,63,62.8318530717959,0.0999999999999999,8.66025403784438,5,4.33012701892219
32,74,56,86,62.8318530717959,0.0999999999999999,8.66025403784438,5,4.33012701892219
32,74,63,64,-83.1187288206608,-0.0755928946018455,8.66025403784438,5,8.66025403784439
32,74,79,86,62.8318530717959,0.1,8.66025403784438,5,6.61437827766148
32,79,14,21,257.432628928405,0.0244071053981546,8.66025403784439,5,7.5
32,79,20,21,-83.1187288206608,-0.0755928946018455,8.66025403784439,5,8.66025403784439
32,79,21,40,62.8318530717959,0.1,8.66025403784439,5,6.61437827766148
32,79,21,45,62.8318530717959,0.1,8.66025403784439,5,4.33012701892219
32,79,22,46,257.432628928405,0.0244071053981546,8.66025403784439,5,7.5
32,79,40,62,62.8318530717959,0.1,8.66025403784439,5,6.61437827766148
32,79,45,62,62.8318530717959,0.1,8.66025403784439,5,4.33012701892219
32,79,46,56,62.8318530717959,0.1,8.66025403784439,5,4.33012701892219
32,79,46,63,83.1187288206608,0.0755928946018454,8.66025403784439,5,8.66025403784439
32,79,46,74,62.8318530717959,0.1,8.66025403784439,5,6.61437827766147
32,79,56,86,62.8318530717958,0.1,8.66025403784439,5,4.33012701892219
32,79,62,70,-83.1187288206608,-0.0755928946018455,8.66025403784439,5,8.66025403784439
32,79,74,86,62.8318530717958,0.1,8.66025403784439,5,6.61437827766147
33,38,3,15,-83.1187288206608,-0.0755928946018455,8.66025403784439,5,8.66025403784439
33,38,8,15,-62.8318530717959,-0.1,8.66025403784439,5,6.61437827766148
33,38,8,22,62.8318530717959,0.1,8.66025403784439,5,6.61437827766148
33,38,14,22,83.1187288206608,0.0755928946018454,8.66025403784439,5,8.66025403784439
33,38,15,23,62.8318530717959,0.1,8.66025403784439,5,4.33012701892219
33,38,15,24,-257.432628928405,-0.0244071053981546,8.66025403784439,5,7.5
33,38,22,23,-62.8318530717958,-0.1,8.66025403784439,5,4.33012701892219
33,38,22,46,257.432628928405,0.0244071053981545,8.66025403784439,5,7.5
33,38,47,57,-62.8318530717959,-0.1,8.66025403784439,5,4.33012701892219
33,38,47,64,62.8318530717958,0.1,8.66025403784439,5,4.33012701892219
33,38,48,57,257.432628928405,0.0244071053981546,8.66025403784439,5,7.5
33,38,57,75,62.8318530717959,0.1,8.66025403784439,5,6.61437827766147
33,38,57,87,83.1187288206608,0.0755928946018454,8.66025403784439,5,8.66025403784439
33,38,63,64,-257.432628928405,-0.0244071053981545,8.66025403784439,5,7.5
33,38,64,75,-62.8318530717958,-0.1,8.66025403784439,5,6.61437827766147
33,41,3,15,-83.1187288206608,-0.0755928946018455,8.66025403784439,5,8.66025403784439
33,41,11,15,-62.8318530717959,-0.1,8.66025403784439,5,6.61437827766148
33,41,11,25,62.8318530717959,0.1,8.66025403784439,5,6.61437827766147
33,41,15,23,-257.432628928405,-0.0244071053981546,8.66025403784439,5,7.5
33,41,15,24,62.8318530717959,0.1,8.66025403784439,5,4.33012701892219
33,41,16,25,83.1187288206608,0.0755928946018455,8.66025403784439,5,8.66025403784439
33,41,24,25,62.8318530717959,0.1,8.66025403784439,5,4.33012701892219
33,41,25,49,257.432628928405,0.0244071053981545,8.66025403784439,5,7.5
33,41,47,57,257.432628928405,0.0244071053981546,8.66025403784439,5,7.5
33,41,48,57,-62.8318530717959,-0.1,8.66025403784439,5,4.33012701892219
33,41,48,65,62.8318530717959,0.1,8.66025403784439,5,4.33012701892219
33,41,57,80,62.8318530717959,0.1,8.66025403784439,5,6.61437827766148
33,41,57,87,83.1187288206608,0.0755928946018455,8.66025403784439,5,8.66025403784439
33,41,65,71,257.432628928405,0.0244071053981545,8.66025403784439,5,7.5
33,41,65,80,-62.8318530717959,-0.1,8.66025403784439,5,6.61437827766148
33,47,8,15,-90.9816840965796,-0.0690598923241497,5,5,7.5
33,47,8,22,203.075741461747,0.0309401076758503,5,5,8.66025403784439
33,47,8,23,406.151482923494,0.0154700538379252,5,5,6.61437827766148
33,47,11,15,-140.712052701055,-0.0446527869259951,5,5,8.66025403784439
33,47,15,23,74.3308802673602,0.0845299461620748,5,5,5
33,47,15,24,-406.151482923494,-0.0154700538379252,5,5,6.61437827766148
33,47,22,23,-406.151482923494,-0.0154700538379252,5,5,6.61437827766148
33,47,22,38,90.9816840965796,0.0690598923241497,5,5,7.5
33,47,23,38,74.3308802673602,0.0845299461620748,5,5,5
33,47,24,48,406.151482923494,0.0154700538379252,5,5,6.61437827766148
33,47,38,63,-140.712052701055,-0.0446527869259951,5,5,8.66025403784439
33,47,38,64,406.151482923492,0.0154700538379252,5,5,6.61437827766147
33,47,41,48,-140.712052701055,-0.0446527869259951,5,5,8.66025403784439
33,47,48,57,74.3308802673602,0.0845299461620748,5,5,5
33,47,48,80,90.9816840965796,0.0690598923241497,5,5,7.5
33,47,57,75,74.3308802673601,0.0845299461620749,5,5,5
33,47,57,80,-406.151482923494,-0.0154700538379252,5,5,6.61437827766148
33,47,57,87,406.151482923494,0.0154700538379251,5,5,6.61437827766147
33,47,64,75,-406.151482923494,-0.0154700538379252,5,5,6.61437827766147
33,47,75,87,-90.9816840965795,-0.0690598923241497,5,5,7.5
33,47,80,87,203.075741461747,0.0309401076758503,5,5,8.66025403784439
33,48,8,15,-140.712052701055,-0.0446527869259951,5,5,8.66025403784439
33,48,11,15,-90.9816840965796,-0.0690598923241497,5,5,7.5
33,48,11,24,406.151482923494,0.0154700538379252,5,5,6.61437827766148
33,48,11,25,203.075741461747,0.0309401076758503,5,5,8.66025403784439
33,48,15,23,-406.151482923494,-0.0154700538379252,5,5,6.61437827766148
33,48,15,24,74.3308802673602,0.0845299461620748,5,5,5
33,48,23,47,406.151482923494,0.0154700538379252,5,5,6.61437827766148
33,48,24,25,406.151482923494,0.0154700538379252,5,5,6.61437827766148
33,48,24,41,74.3308802673602,0.0845299461620748,5,5,5
33,48,25,41,90.9816840965796,0.0690598923241497,5,5,7.5
33,48,38,47,-140.712052701055,-0.0446527869259951,5,5,8.66025403784439
33,48,41,65,406.151482923494,0.0154700538379252,5,5,6.61437827766148
33,48,41,71,-140.712052701055,-0.0446527869259951,5,5,8.66025403784439
33,48,47,57,74.3308802673602,0.0845299461620748,5,5,5
33,48,47,75,90.9816840965796,0.0690598923241497,5,5,7.5
33,48,57,75,-406.151482923493,-0.0154700538379252,5,5,6.61437827766147
33,48,57,80,74.3308802673602,0.0845299461620748,5,5,5
33,48,57,87,406.151482923493,0.0154700538379252,5,5,6.61437827766147
33,48,65,80,-406.151482923494,-0.0154700538379252,5,5,6.61437827766148
33,48,75,87,203.075741461747,0.0309401076758503,5,5,8.66025403784438
33,48,80,87,-90.9816840965796,-0.0690598923241497,5,5,7.5
33,57,8,23,-140.712052701055,-0.0446527869259951,5,5,8.66025403784439
33,57,11,24,-140.712052701055,-0.0446527869259951,5,5,8.66025403784439
33,57,15,23,406.151482923494,0.0154700538379252,5,5,6.61437827766148
33,57,15,24,406.151482923494,0.0154700538379252,5,5,6.61437827766148
33,57,23,38,90.9816840965796,0.0690598923241497,5,5,7.5
33,57,23,47,74.3308802673602,0.0845299461620748,5,5,5
33,57,24,41,90.9816840965796,0.0690598923241497,5,5,7.5
33,57,24,48,74.3308802673602,0.0845299461620748,5,5,5
33,57,38,47,406.151482923494,0.0154700538379252,5,5,6.61437827766148
33,57,38,64,203.075741461747,0.0309401076758503,5,5,8.66025403784439
33,57,41,48,406.151482923494,0.0154700538379252,5,5,6.61437827766148
33,57,41,65,203.075741461747,0.0309401076758503,5,5,8.66025403784439
33,57,47,64,406.151482923494,0.0154700538379251,5,5,6.61437827766147
33,57,47,75,74.3308802673601,0.0845299461620749,5,5,5
33,57,48,65,406.151482923494,0.0154700538379252,5,5,6.61437827766148
33,57,48,80,74.3308802673602,0.0845299461620748,5,5,5
33,57,64,75,90.9816840965795,0.0690598923241497,5,5,7.5
33,57,65,80,90.9816840965796,0.0690598923241497,5,5,7.5
33,57,75,87,406.151482923494,0.0154700538379252,5,5,6.61437827766147
33,57,80,87,406.151482923492,0.0154700538379252,5,5,6.61437827766147
33,75,15,23,257.432628928405,0.0244071053981545,8.66025403784438,5,7.5
33,75,22,23,-83.1187288206608,-0.0755928946018454,8.66025403784438,5,8.66025403784439
33,75,23,38,62.8318530717959,0.1,8.66025403784438,5,6.61437827766148
33,75,23,47,62.8318530717958,0.1,8.66025403784438,5,4.33012701892219
33,75,24,48,257.432628928405,0.0244071053981545,8.66025403784438,5,7.5
33,75,38,64,62.8318530717959,0.1,8.66025403784438,5,6.61437827766148
33,75,47,64,62.8318530717959,0.0999999999999999,8.66025403784438,5,4.33012701892219
33,75,48,57,62.8318530717958,0.1,8.66025403784438,5,4.33012701892219
33,75,48,65,83.1187288206608,0.0755928946018454,8.66025403784438,5,8.66025403784439
33,75,48,80,62.8318530717959,0.1,8.66025403784438,5,6.61437827766148
33,75,57,87,62.8318530717959,0.0999999999999999,8.66025403784438,5,4.33012701892219
33,75,63,64,83.1187288206608,0.0755928946018454,8.66025403784438,5,8.66025403784439
33,75,80,87,62.8318530717959,0.1,8.66025403784438,5,6.61437827766148
33,80,15,24,257.432628928405,0.0244071053981546,8.66025403784439,5,7.5
33,80,23,47,257.432628928405,0.0244071053981546,8.66025403784439,5,7.5
33,80,24,25,83.1187288206608,0.0755928946018455,8.66025403784439,5,8.66025403784439
33,80,24,41,62.8318530717959,0.1,8.66025403784439,5,6.61437827766148
33,80,24,48,62.8318530717959,0.1,8.66025403784439,5,4.33012701892219
33,80,41,65,62.8318530717959,0.1,8.66025403784439,5,6.61437827766148
33,80,47,57,62.8318530717959,0.1,8.66025403784439,5,4.33012701892219
33,80,47,64,83.1187288206608,0.0755928946018454,8.66025403784439,5,8.66025403784439
33,80,47,75,62.8318530717959,0.1,8.66025403784439,5,6.61437827766147
33,80,48,65,62.8318530717959,0.1,8.66025403784439,5,4.33012701892219
33,80,57,87,62.8318530717958,0.1,8.66025403784439,5,4.33012701892219
33,80,65,71,-83.1187288206608,-0.0755928946018455,8.66025403784439,5,8.66025403784439
33,80,75,87,62.8318530717958,0.1,8.66025403784439,5,6.61437827766147
34,39,5,17,-83.1187288206608,-0.0755928946018455,8.66025403784439,5,8.66025403784439
34,39,9,17,-62.8318530717959,-0.1,8.66025403784439,5,6.61437827766148
34,39,9,29,62.8318530717959,0.1,8.66025403784439,5,6.61437827766148
34,39,17,27,-257.432628928405,-0.0244071053981546,8.66025403784439,5,7.5
34,39,17,28,62.8318530717959,0.1,8.66025403784439,5,4.33012701892219
34,39,18,29,83.1187288206608,0.0755928946018454,8.66025403784439,5,8.66025403784439
34,39,28,29,62.8318530717959,0.1,8.66025403784439,5,4.33012701892219
34,39,29,53,257.432628928405,0.0244071053981545,8.66025403784439,5,7.5
34,39,51,59,257.432628928405,0.0244071053981546,8.66025403784439,5,7.5
34,39,52,59,-62.8318530717959,-0.1,8.66025403784439,5,4.33012701892219
34,39,52,67,62.8318530717958,0.1,8.66025403784439,5,4.33012701892219
34,39,59,76,62.8318530717959,0.1,8.66025403784439,5,6.61437827766147
34,39,59,88,83.1187288206608,0.0755928946018454,8.66025403784439,5,8.66025403784439
34,39,67,68,257.432628928405,0.0244071053981545,8.66025403784439,5,7.5
34,39,67,76,-62.8318530717958,-0.1,8.66025403784439,5,6.61437827766147
34,42,5,17,-83.1187288206608,-0.0755928946018455,8.66025403784439,5,8.66025403784439
34,42,12,17,-62.8318530717959,-0.1,8.66025403784439,5,6.61437827766148
34,42,12,26,62.8318530717959,0.1,8.66025403784439,5,6.61437827766147
34,42,16,26,83.1187288206608,0.0755928946018455,8.66025403784439,5,8.66025403784439
34,42,17,27,62.8318530717959,0.1,8.66025403784439,5,4.33012701892219
34,42,17,28,-257.432628928405,-0.0244071053981546,8.66025403784439,5,7.5
34,42,26,27,-62.8318530717958,-0.1,8.66025403784439,5,4.33012701892219
34,42,26,50,257.432628928405,0.0244071053981545,8.66025403784439,5,7.5
34,42,51,59,-62.8318530717959,-0.1,8.66025403784439,5,4.33012701892219
34,42,51,66,62.8318530717959,0.1,8.66025403784439,5,4.33012701892219
34,42,52,59,257.432628928405,0.0244071053981546,8.66025403784439,5,7.5
34,42,59,83,62.8318530717959,0.1,8.66025403784439,5,6.61437827766148
34,42,59,88,83.1187288206608,0.0755928946018455,8.66025403784439,5,8.66025403784439
34,42,66,72,257.432628928405,0.0244071053981545,8.66025403784439,5,7.5
34,42,66,83,-62.8318530717959,-0.1,8.66025403784439,5,6.61437827766148
34,51,9,17,-140.712052701055,-0.0446527869259951,5,5,8.66025403784439
34,51,12,17,-90.9816840965796,-0.0690598923241497,5,5,7.5
34,51,12,26,203.075741461747,0.0309401076758503,5,5,8.66025403784439
34,51,12,27,406.151482923494,0.0154700538379252,5,5,6.61437827766148
34,51,17,27,74.3308802673602,0.0845299461620748,5,5,5
34,51,17,28,-406.151482923494,-0.0154700538379252,5,5,6.61437827766148
34,51,26,27,-406.151482923494,-0.0154700538379252,5,5,6.61437827766148
34,51,26,42,90.9816840965796,0.0690598923241497,5,5,7.5
34,51,27,42,74.3308802673602,0.0845299461620748,5,5,5
34,51,28,52,406.151482923494,0.0154700538379252,5,5,6.61437827766148
34,51,39,52,-140.712052701055,-0.0446527869259951,5,5,8.66025403784439
34,51,42,66,406.151482923494,0.0154700538379252,5,5,6.61437827766148
34,51,42,72,-140.712052701055,-0.0446527869259951,5,5,8.66025403784439
34,51,52,59,74.3308802673602,0.0845299461620748,5,5,5
34,51,52,76,90.9816840965796,0.0690598923241497,5,5,7.5
34,51,59,76,-406.151482923493,-0.0154700538379252,5,5,6.61437827766147
34,51,59,83,74.3308802673602,0.0845299461620748,5,5,5
34,51,59,88,406.151482923493,0.0154700538379252,5,5,6.61437827766147
34,51,66,83,-406.151482923494,-0.0154700538379252,5,5,6.61437827766148
34,51,76,88,203.075741461747,0.0309401076758503,5,5,8.66025403784438
34,51,83,88,-90.9816840965796,-0.0690598923241497,5,5,7.5
34,52,9,17,-90.9816840965796,-0.0690598923241497,5,5,7.5
34,52,9,28,406.151482923494,0.0154700538379252,5,5,6.61437827766148
34,52,9,29,203.075741461747,0.0309401076758503,5,5,8.66025403784439
34,52,12,17,-140.712052701055,-0.0446527869259951,5,5,8.66025403784439
34,52,17,27,-406.151482923494,-0.0154700538379252,5,5,6.61437827766148
34,52,17,28,74.3308802673602,0.0845299461620748,5,5,5
34,52,27,51,406.151482923494,0.0154700538379252,5,5,6.61437827766148
34,52,28,29,406.151482923494,0.0154700538379252,5,5,6.61437827766148
34,52,28,39,74.3308802673602,0.0845299461620748,5,5,5
34,52,29,39,90.9816840965796,0.0690598923241497,5,5,7.5
34,52,39,67,406.151482923492,0.0154700538379252,5,5,6.61437827766147
34,52,39,68,-140.712052701055,-0.0446527869259951,5,5,8.66025403784439
34,52,42,51,-140.712052701055,-0.0446527869259951,5,5,8.66025403784439
34,52,51,59,74.3308802673602,0.0845299461620748,5,5,5
34,52,51,83,90.9816840965796,0.0690598923241497,5,5,7.5
34,52,59,76,74.3308802673601,0.0845299461620749,5,5,5
34,52,59,83,-406.151482923494,-0.0154700538379252,5,5,6.61437827766148
34,52,59,88,406.151482923494,0.0154700538379251,5,5,6.61437827766147
34,52,67,76,-406.151482923494,-0.0154700538379252,5,5,6.61437827766147
34,52,76,88,-90.9816840965795,-0.0690598923241497,5,5,7.5
34,52,83,88,203.075741461747,0.0309401076758503,5,5,8.66025403784439
34,59,9,28,-140.712052701055,-0.0446527869259951,5,5,8.66025403784439
34,59,12,27,-140.712052701055,-0.0446527869259951,5,5,8.66025403784439
34,59,17,27,406.151482923494,0.0154700538379252,5,5,6.61437827766148
34,59,17,28,406.151482923494,0.0154700538379252,5,5,6.61437827766148
34,59,27,42,90.9816840965796,0.0690598923241497,5,5,7.5
34,59,27,51,74.3308802673602,0.0845299461620748,5,5,5
34,59,28,39,90.9816840965796,0.0690598923241497,5,5,7.5
34,59,28,52,74.3308802673602,0.0845299461620748,5,5,5
34,59,39,52,406.151482923494,0.0154700538379252,5,5,6.61437827766148
34,59,39,67,203.075741461747,0.0309401076758503,5,5,8.66025403784439
34,59,42,51,406.151482923494,0.0154700538379252,5,5,6.61437827766148
34,59,42,66,203.075741461747,0.0309401076758503,5,5,8.66025403784439
34,59,51,66,406.151482923494,0.0154700538379252,5,5,6.61437827766148
34,59,51,83,74.3308802673602,0.0845299461620748,5,5,5
34,59,52,67,406.151482923494,0.0154700538379251,5,5,6.61437827766147
34,59,52,76,74.3308802673601,0.0845299461620749,5,5,5
34,59,66,83,90.9816840965796,0.0690598923241497,5,5,7.5
34,59,67,76,90.9816840965795,0.0690598923241497,5,5,7.5
34,59,76,88,406.151482923494,0.0154700538379252,5,5,6.61437827766147
34,59,83,88,406.151482923492,0.0154700538379252,5,5,6.61437827766147
34,76,17,28,257.432628928405,0.0244071053981545,8.66025403784438,5,7.5
34,76,27,51,257.432628928405,0.0244071053981545,8.66025403784438,5,7.5
34,76,28,29,83.1187288206608,0.0755928946018454,8.66025403784438,5,8.66025403784439
34,76,28,39,62.8318530717959,0.1,8.66025403784438,5,6.61437827766148
34,76,28,52,62.8318530717958,0.1,8.66025403784438,5,4.33012701892219
34,76,39,67,62.8318530717959,0.1,8.66025403784438,5,6.61437827766148
34,76,51,59,62.8318530717958,0.1,8.66025403784438,5,4.33012701892219
34,76,51,66,83.1187288206608,0.0755928946018454,8.66025403784438,5,8.66025403784439
34,76,51,83,62.8318530717959,0.1,8.66025403784438,5,6.61437827766148
34,76,52,67,62.8318530717959,0.0999999999999999,8.66025403784438,5,4.33012701892219
34,76,59,88,62.8318530717959,0.0999999999999999,8.66025403784438,5,4.33012701892219
34,76,67,68,-83.1187288206608,-0.0755928946018455,8.66025403784438,5,8.66025403784439
34,76,83,88,62.8318530717959,0.1,8.66025403784438,5,6.61437827766148
34,83,17,27,257.432628928405,0.0244071053981546,8.66025403784439,5,7.5
34,83,26,27,-83.1187288206608,-0.0755928946018455,8.66025403784439,5,8.66025403784439
34,83,27,42,62.8318530717959,0.1,8.66025403784439,5,6.61437827766148
34,83,27,51,62.8318530717959,0.1,8.66025403784439,5,4.33012701892219
34,83,28,52,257.432628928405,0.0244071053981546,8.66025403784439,5,7.5
34,83,42,66,62.8318530717959,0.1,8.66025403784439,5,6.61437827766148
34,83,51,66,62.8318530717959,0.1,8.66025403784439,5,4.33012701892219
34,83,52,59,62.8318530717959,0.1,8.66025403784439,5,4.33012701892219
34,83,52,67,83.1187288206608,0.0755928946018454,8.66025403784439,5,8.66025403784439
34,83,52,76,62.8318530717959,0.1,8.66025403784439,5,6.61437827766147
34,83,59,88,62.8318530717958,0.1,8.66025403784439,5,4.33012701892219
34,83,66,72,-83.1187288206608,-0.0755928946018455,8.66025403784439,5,8.66025403784439
34,83,76,88,62.8318530717958,0.1,8.66025403784439,5,6.61437827766147
35,39,6,18,-83.1187288206608,-0.0755928946018455,8.66025403784439,5,8.66025403784439
35,39,9,18,-62.8318530717959,-0.1,8.66025403784439,5,6.61437827766148
35,39,9,28,62.8318530717959,0.1,8.66025403784439,5,6.61437827766148
35,39,17,28,83.1187288206608,0.0755928946018454,8.66025403784439,5,8.66025403784439
35,39,18,29,62.8318530717959,0.1,8.66025403784439,5,4.33012701892219
35,39,18,30,-257.432628928405,-0.0244071053981546,8.66025403784439,5,7.5
35,39,28,29,-62.8318530717958,-0.1,8.66025403784439,5,4.33012701892219
35,39,28,52,257.432628928405,0.0244071053981545,8.66025403784439,5,7.5
35,39,53,60,-62.8318530717959,-0.1,8.66025403784439,5,4.33012701892219
35,39,53,68,62.8318530717958,0.1,8.66025403784439,5,4.33012701892219
35,39,54,60,257.432628928405,0.0244071053981546,8.66025403784439,5,7.5
35,39,60,77,62.8318530717959,0.1,8.66025403784439,5,6.61437827766147
35,39,60,89,83.1187288206608,0.0755928946018454,8.66025403784439,5,8.66025403784439
35,39,67,68,-257.432628928405,-0.0244071053981545,8.66025403784439,5,7.5
35,39,68,77,-62.8318530717958,-0.1,8.66025403784439,5,6.61437827766147
35,43,6,18,-83.1187288206608,-0.0755928946018455,8.66025403784439,5,8.66025403784439
35,43,13,18,-62.8318530717959,-0.1,8.66025403784439,5,6.61437827766148
35,43,13,31,62.8318530717959,0.1,8.66025403784439,5,6.61437827766147
35,43,18,29,-257.432628928405,-0.0244071053981546,8.66025403784439,5,7.5
35,43,18,30,62.8318530717959,0.1,8.66025403784439,5,4.33012701892219
35,43,19,31,83.1187288206608,0.0755928946018455,8.66025403784439,5,8.66025403784439
35,43,30,31,62.8318530717959,0.1,8.66025403784439,5,4.33012701892219
35,43,31,55,257.432628928405,0.0244071053981545,8.66025403784439,5,7.5
35,43,53,60,257.432628928405,0.0244071053981546,8.66025403784439,5,7.5
35,43,54,60,-62.8318530717959,-0.1,8.66025403784439,5,4.33012701892219
35,43,54,69,62.8318530717959,0.1,8.66025403784439,5,4.33012701892219
35,43,60,84,62.8318530717959,0.1,8.66025403784439,5,6.61437827766148
35,43,60,89,83.1187288206608,0.0755928946018455,8.66025403784439,5,8.66025403784439
35,43,69,73,257.432628928405,0.0244071053981545,8.66025403784439,5,7.5
35,43,69,84,-62.8318530717959,-0.1,8.66025403784439,5,6.61437827766148
35,53,9,18,-90.9816840965796,-0.0690598923241497,5,5,7.5
35,53,9,28,203.075741461747,0.0309401076758503,5,5,8.66025403784439
35,53,9,29,406.151482923494,0.0154700538379252,5,5,6.61437827766148
35,53,13,18,-140.712052701055,-0.0446527869259951,5,5,8.66025403784439
35,53,18,29,74.3308802673602,0.0845299461620748,5,5,5
35,53,18,30,-406.151482923494,-0.0154700538379252,5,5,6.61437827766148
35,53,28,29,-406.151482923494,-0.0154700538379252,5,5,6.61437827766148
35,53,28,39,90.9816840965796,0.0690598923241497,5,5,7.5
35,53,29,39,74.3308802673602,0.0845299461620748,5,5,5
35,53,30,54,406.151482923494,0.0154700538379252,5,5,6.61437827766148
35,53,39,67,-140.712052701055,-0.0446527869259951,5,5,8.66025403784439
35,53,39,68,406.151482923492,0.0154700538379252,5,5,6.61437827766147
35,53,43,54,-140.712052701055,-0.0446527869259951,5,5,8.66025403784439
35,53,54,60,74.3308802673602,0.0845299461620748,5,5,5
35,53,54,84,90.9816840965796,0.0690598923241497,5,5,7.5
35,53,60,77,74.3308802673601,0.0845299461620749,5,5,5
35,53,60,84,-406.151482923494,-0.0154700538379252,5,5,6.61437827766148
35,53,60,89,406.151482923494,0.0154700538379251,5,5,6.61437827766147
35,53,68,77,-406.151482923494,-0.0154700538379252,5,5,6.61437827766147
35,53,77,89,-90.9816840965795,-0.0690598923241497,5,5,7.5
35,53,84,89,203.075741461747,0.0309401076758503,5,5,8.66025403784439
35,54,9,18,-140.712052701055,-0.0446527869259951,5,5,8.66025403784439
35,54,13,18,-90.9816840965796,-0.0690598923241497,5,5,7.5
35,54,13,30,406.151482923494,0.0154700538379252,5,5,6.61437827766148
35,54,13,31,203.075741461747,0.0309401076758503,5,5,8.66025403784439
35,54,18,29,-406.151482923494,-0.0154700538379252,5,5,6.61437827766148
35,54,18,30,74.3308802673602,0.0845299461620748,5,5,5
35,54,29,53,406.151482923494,0.0154700538379252,5,5,6.61437827766148
35,54,30,31,406.151482923494,0.0154700538379252,5,5,6.61437827766148
35,54,30,43,74.3308802673602,0.0845299461620748,5,5,5
35,54,31,43,90.9816840965796,0.0690598923241497,5,5,7.5
35,54,39,53,-140.712052701055,-0.0446527869259951,5,5,8.66025403784439
35,54,43,69,406.151482923494,0.0154700538379252,5,5,6.61437827766148
35,54,43,73,-140.712052701055,-0.0446527869259951,5,5,8.66025403784439
35,54,53,60,74.3308802673602,0.0845299461620748,5,5,5
35,54,53,77,90.9816840965796,0.0690598923241497,5,5,7.5
35,54,60,77,-406.151482923493,-0.0154700538379252,5,5,6.61437827766147
35,54,60,84,74.3308802673602,0.0845299461620748,5,5,5
35,54,60,89,406.151482923493,0.0154700538379252,5,5,6.61437827766147
35,54,69,84,-406.151482923494,-0.0154700538379252,5,5,6.61437827766148
35,54,77,89,203.075741461747,0.0309401076758503,5,5,8.66025403784438
35,54,84,89,-90.9816840965796,-0.0690598923241497,5,5,7.5
35,60,9,29,-140.712052701055,-0.0446527869259951,5,5,8.66025403784439
35,60,13,30,-140.712052701055,-0.0446527869259951,5,5,8.66025403784439
35,60,18,29,406.151482923494,0.0154700538379252,5,5,6.61437827766148
35,60,18,30,406.151482923494,0.0154700538379252,5,5,6.61437827766148
35,60,29,39,90.9816840965796,0.0690598923241497,5,5,7.5
35,60,29,53,74.3308802673602,0.0845299461620748,5,5,5
35,60,30,43,90.9816840965796,0.0690598923241497,5,5,7.5
35,60,30,54,74.3308802673602,0.0845299461620748,5,5,5
35,60,39,53,406.151482923494,0.0154700538379252,5,5,6.61437827766148
35,60,39,68,203.075741461747,0.0309401076758503,5,5,8.66025403784439
35,60,43,54,406.151482923494,0.0154700538379252,5,5,6.61437827766148
35,60,43,69,203.075741461747,0.0309401076758503,5,5,8.66025403784439
35,60,53,68,406.151482923494,0.0154700538379251,5,5,6.61437827766147
35,60,53,77,74.3308802673601,0.0845299461620749,5,5,5
35,60,54,69,406.151482923494,0.0154700538379252,5,5,6.61437827766148
35,60,54,84,74.3308802673602,0.0845299461620748,5,5,5
35,60,68,77,90.9816840965795,0.0690598923241497,5,5,7.5
35,60,69,84,90.9816840965796,0.0690598923241497,5,5,7.5
35,60,77,89,406.151482923494,0.0154700538379252,5,5,6.61437827766147
35,60,84,89,406.151482923492,0.0154700538379252,5,5,6.61437827766147
35,77,18,29,257.432628928405,0.0244071053981545,8.66025403784438,5,7.5
35,77,28,29,-83.1187288206608,-0.0755928946018454,8.66025403784438,5,8.66025403784439
35,77,29,39,62.8318530717959,0.1,8.66025403784438,5,6.61437827766148
35,77,29,53,62.8318530717958,0.1,8.66025403784438,5,4.33012701892219
35,77,30,54,257.432628928405,0.0244071053981545,8.66025403784438,5,7.5
35,77,39,68,62.8318530717959,0.1,8.66025403784438,5,6.61437827766148
35,77,53,68,62.8318530717959,0.0999999999999999,8.66025403784438,5,4.33012701892219
35,77,54,60,62.8318530717958,0.1,8.66025403784438,5,4.33012701892219
35,77,54,69,83.1187288206608,0.0755928946018454,8.66025403784438,5,8.66025403784439
35,77,54,84,62.8318530717959,0.1,8.66025403784438,5,6.61437827766148
35,77,60,89,62.8318530717959,0.0999999999999999,8.66025403784438,5,4.33012701892219
35,77,67,68,83.1187288206608,0.0755928946018454,8.66025403784438,5,8.66025403784439
35,77,84,89,62.8318530717959,0.1,8.66025403784438,5,6.61437827766148
35,84,18,30,257.432628928405,0.0244071053981546,8.66025403784439,5,7.5
35,84,29,53,257.432628928405,0.0244071053981546,8.66025403784439,5,7.5
35,84,30,31,83.1187288206608,0.0755928946018455,8.66025403784439,5,8.66025403784439
35,84,30,43,62.8318530717959,0.1,8.66025403784439,5,6.61437827766148
35,84,30,54,62.8318530717959,0.1,8.66025403784439,5,4.33012701892219
35,84,43,69,62.8318530717959,0.1,8.66025403784439,5,6.61437827766148
35,84,53,60,62.8318530717959,0.1,8.66025403784439,5,4.33012701892219
35,84,53,68,83.1187288206608,0.0755928946018454,8.66025403784439,5,8.66025403784439
35,84,53,77,62.8318530717959,0.1,8.66025403784439,5,6.61437827766147
35,84,54,69,62.8318530717959,0.1,8.66025403784439,5,4.33012701892219
35,84,60,89,62.8318530717958,0.1,8.66025403784439,5,4.33012701892219
35,84,69,73,-83.1187288206608,-0.0755928946018455,8.66025403784439,5,8.66025403784439
35,84,77,89,62.8318530717958,0.1,8.66025403784439,5,6.61437827766147
36,41,4,16,-83.1187288206608,-0.0755928946018455,8.66025403784439,5,8.66025403784439
36,41,11,16,-62.8318530717959,-0.1,8.66025403784439,5,6.61437827766148
36,41,11,24,62.8318530717959,0.1,8.66025403784439,5,6.61437827766148
36,41,15,24,83.1187288206608,0.0755928946018454,8.66025403784439,5,8.66025403784439
36,41,16,25,62.8318530717959,0.1,8.66025403784439,5,4.33012701892219
36,41,16,26,-257.432628928405,-0.0244071053981545,8.66025403784439,5,7.5
36,41,24,25,-62.8318530717958,-0.1,8.66025403784439,5,4.33012701892219
36,41,24,48,257.432628928405,0.0244071053981545,8.66025403784439,5,7.5
36,41,49,58,-62.8318530717959,-0.1,8.66025403784439,5,4.33012701892219
36,41,49,71,62.8318530717959,0.1,8.66025403784439,5,4.33012701892219
36,41,50,58,257.432628928405,0.0244071053981545,8.66025403784439,5,7.5
36,41,58,81,62.8318530717959,0.1,8.66025403784439,5,6.61437827766148
36,41,58,90,83.1187288206608,0.0755928946018454,8.66025403784439,5,8.66025403784439
36,41,65,71,-257.432628928405,-0.0244071053981545,8.66025403784439,5,7.5
36,41,71,81,-62.8318530717959,-0.1,8.66025403784439,5,6.61437827766148
36,42,4,16,-83.1187288206608,-0.0755928946018455,8.66025403784439,5,8.66025403784439
36,42,12,16,-62.8318530717959,-0.1,8.66025403784439,5,6.61437827766148
36,42,12,27,62.8318530717959,0.1,8.66025403784439,5,6.61437827766148
36,42,16,25,-257.432628928405,-0.0244071053981545,8.66025403784439,5,7.5
36,42,16,26,62.8318530717959,0.1,8.66025403784439,5,4.33012701892219
36,42,17,27,83.1187288206608,0.0755928946018454,8.66025403784439,5,8.66025403784439
36,42,26,27,62.8318530717959,0.1,8.66025403784439,5,4.33012701892219
36,42,27,51,257.432628928405,0.0244071053981545,8.66025403784439,5,7.5
36,42,49,58,257.432628928405,0.0244071053981545,8.66025403784439,5,7.5
36,42,50,58,-62.8318530717959,-0.1,8.66025403784439,5,4.33012701892219
36,42,50,72,62.8318530717959,0.1,8.66025403784439,5,4.33012701892219
36,42,58,82,62.8318530717959,0.1,8.66025403784439,5,6.61437827766148
36,42,58,90,83.1187288206608,0.0755928946018454,8.66025403784439,5,8.66025403784439
36,42,66,72,-257.432628928405,-0.0244071053981545,8.66025403784439,5,7.5
36,42,72,82,-62.8318530717959,-0.1,8.66025403784439,5,6.61437827766148
36,49,11,16,-90.9816840965796,-0.0690598923241497,5,5,7.5
36,49,11,24,203.075741461747,0.0309401076758503,5,5,8.66025403784439
36,49,11,25,406.151482923494,0.0154700538379252,5,5,6.61437827766148
36,49,12,16,-140.712052701055,-0.0446527869259951,5,5,8.66025403784439
36,49,16,25,74.3308802673602,0.0845299461620748,5,5,5
36,49,16,26,-406.151482923494,-0.0154700538379252,5,5,6.61437827766148
36,49,24,25,-406.151482923494,-0.0154700538379252,5,5,6.61437827766148
36,49,24,41,90.9816840965796,0.0690598923241497,5,5,7.5
36,49,25,41,74.3308802673602,0.0845299461620748,5,5,5
36,49,26,50,406.151482923494,0.0154700538379252,5,5,6.61437827766148
36,49,41,65,-140.712052701055,-0.0446527869259951,5,5,8.66025403784439
36,49,41,71,406.151482923494,0.0154700538379252,5,5,6.61437827766148
36,49,42,50,-140.712052701055,-0.0446527869259951,5,5,8.66025403784439
36,49,50,58,74.3308802673602,0.0845299461620748,5,5,5
36,49,50,82,90.9816840965796,0.0690598923241497,5,5,7.5
36,49,58,81,74.3308802673602,0.0845299461620748,5,5,5
36,49,58,82,-406.151482923494,-0.0154700538379252,5,5,6.61437827766148
36,49,58,90,406.151482923494,0.0154700538379252,5,5,6.61437827766148
36,49,71,81,-406.151482923494,-0.0154700538379252,5,5,6.61437827766148
36,49,81,90,-90.9816840965796,-0.0690598923241497,5,5,7.5
36,49,82,90,203.075741461747,0.0309401076758503,5,5,8.66025403784439
36,50,11,16,-140.712052701055,-0.0446527869259951,5,5,8.66025403784439
36,50,12,16,-90.9816840965796,-0.0690598923241497,5,5,7.5
36,50,12,26,406.151482923494,0.0154700538379252,5,5,6.61437827766148
36,50,12,27,203.075741461747,0.0309401076758503,5,5,8.66025403784439
36,50,16,25,-406.151482923494,-0.0154700538379252,5,5,6.61437827766148
36,50,16,26,74.3308802673602,0.0845299461620748,5,5,5
36,50,25,49,406.151482923494,0.0154700538379252,5,5,6.61437827766148
36,50,26,27,406.151482923494,0.0154700538379252,5,5,6.61437827766148
36,50,26,42,74.3308802673602,0.0845299461620748,5,5,5
36,50,27,42,90.9816840965796,0.0690598923241497,5,5,7.5
36,50,41,49,-140.712052701055,-0.0446527869259951,5,5,8.66025403784439
36,50,42,66,-140.712052701055,-0.0446527869259951,5,5,8.66025403784439
36,50,42,72,406.151482923494,0.0154700538379252,5,5,6.61437827766148
36,50,49,58,74.3308802673602,0.0845299461620748,5,5,5
36,50,49,81,90.9816840965796,0.0690598923241497,5,5,7.5
36,50,58,81,-406.151482923494,-0.0154700538379252,5,5,6.61437827766148
36,50,58,82,74.3308802673602,0.0845299461620748,5,5,5
36,50,58,90,406.151482923494,0.0154700538379252,5,5,6.61437827766148
36,50,72,82,-406.151482923494,-0.0154700538379252,5,5,6.61437827766148
36,50,81,90,203.075741461747,0.0309401076758503,5,5,8.66025403784439
36,50,82,90,-90.9816840965796,-0.0690598923241497,5,5,7.5
36,58,11,25,-140.712052701055,-0.0446527869259951,5,5,8.66025403784439
36,58,12,26,-140.712052701055,-0.0446527869259951,5,5,8.66025403784439
36,58,16,25,406.151482923494,0.0154700538379252,5,5,6.61437827766148
36,58,16,26,406.151482923494,0.0154700538379252,5,5,6.61437827766148
36,58,25,41,90.9816840965796,0.0690598923241497,5,5,7.5
36,58,25,49,74.3308802673602,0.0845299461620748,5,5,5
36,58,26,42,90.9816840965796,0.0690598923241497,5,5,7.5
36,58,26,50,74.3308802673602,0.0845299461620748,5,5,5
36,58,41,49,406.151482923494,0.0154700538379252,5,5,6.61437827766148
36,58,41,71,203.075741461747,0.0309401076758503,5,5,8.66025403784439
36,58,42,50,406.151482923494,0.0154700538379252,5,5,6.61437827766148
36,58,42,72,203.075741461747,0.0309401076758503,5,5,8.66025403784439
36,58,49,71,406.151482923494,0.0154700538379252,5,5,6.61437827766148
36,58,49,81,74.3308802673602,0.0845299461620748,5,5,5
36,58,50,72,406.151482923494,0.0154700538379252,5,5,6.61437827766148
36,58,50,82,74.3308802673602,0.0845299461620748,5,5,5
36,58,71,81,90.9816840965796,0.0690598923241497,5,5,7.5
36,58,72,82,90.9816840965796,0.0690598923241497,5,5,7.5
36,58,81,90,406.151482923494,0.0154700538379252,5,5,6.61437827766148
36,58,82,90,406.151482923494,0.0154700538379252,5,5,6.61437827766148
36,81,16,25,257.432628928405,0.0244071053981546,8.66025403784439,5,7.5
36,81,24,25,-83.1187288206608,-0.0755928946018455,8.66025403784439,5,8.66025403784439
36,81,25,41,62.8318530717959,0.1,8.66025403784439,5,6.61437827766148
36,81,25,49,62.8318530717959,0.1,8.66025403784439,5,4.33012701892219
36,81,26,50,257.432628928405,0.0244071053981546,8.66025403784439,5,7.5
36,81,41,71,62.8318530717959,0.1,8.66025403784439,5,6.61437827766148
36,81,49,71,62.8318530717959,0.1,8.66025403784439,5,4.33012701892219
36,81,50,58,62.8318530717959,0.1,8.66025403784439,5,4.33012701892219
36,81,50,72,83.1187288206608,0.0755928946018455,8.66025403784439,5,8.66025403784439
36,81,50,82,62.8318530717959,0.1,8.66025403784439,5,6.61437827766148
36,81,58,90,62.8318530717959,0.1,8.66025403784439,5,4.33012701892219
36,81,65,71,83.1187288206608,0.0755928946018455,8.66025403784439,5,8.66025403784439
36,81,82,90,62.8318530717959,0.1,8.66025403784439,5,6.61437827766148
36,82,16,26,257.432628928405,0.0244071053981546,8.66025403784439,5,7.5
36,82,25,49,257.432628928405,0.0244071053981546,8.66025403784439,5,7.5
36,82,26,27,83.1187288206608,0.0755928946018454,8.66025403784439,5,8.66025403784439
36,82,26,42,62.8318530717959,0.1,8.66025403784439,5,6.61437827766148
36,82,26,50,62.8318530717959,0.1,8.66025403784439,5,4.33012701892219
36,82,42,72,62.8318530717959,0.1,8.66025403784439,5,6.61437827766148
36,82,49,58,62.8318530717959,0.1,8.66025403784439,5,4.33012701892219
36,82,49,71,83.1187288206608,0.0755928946018455,8.66025403784439,5,8.66025403784439
36,82,49,81,62.8318530717959,0.1,8.66025403784439,5,6.61437827766148
36,82,50,72,62.8318530717959,0.1,8.66025403784439,5,4.33012701892219
36,82,58,90,62.8318530717959,0.1,8.66025403784439,5,4.33012701892219
36,82,66,72,83.1187288206608,0.0755928946018455,8.66025403784439,5,8.66025403784439
36,82,81,90,62.8318530717959,0.1,8.66025403784439,5,6.61437827766148
37,40,7,19,-83.1187288206608,-0.0755928946018455,8.66025403784439,5,8.66025403784439
37,40,10,19,-62.8318530717959,-0.1,8.66025403784439,5,6.61437827766148
37,40,10,21,62.8318530717959,0.1,8.66025403784439,5,6.61437827766148
37,40,14,21,83.1187288206608,0.0755928946018454,8.66025403784439,5,8.66025403784439
37,40,19,20,62.8318530717959,0.1,8.66025403784439,5,4.33012701892219
37,40,19,31,-257.432628928405,-0.0244071053981545,8.66025403784439,5,7.5
37,40,20,21,62.8318530717959,0.1,8.66025403784439,5,4.33012701892219
37,40,21,45,257.432628928405,0.0244071053981545,8.66025403784439,5,7.5
37,40,44,61,-62.8318530717959,-0.1,8.66025403784439,5,4.33012701892219
37,40,44,70,62.8318530717959,0.1,8.66025403784439,5,4.33012701892219
37,40,55,61,257.432628928405,0.0244071053981545,8.66025403784439,5,7.5
37,40,61,78,62.8318530717959,0.1,8.66025403784439,5,6.61437827766148
37,40,61,91,83.1187288206608,0.0755928946018454,8.66025403784439,5,8.66025403784439
37,40,62,70,-257.432628928405,-0.0244071053981545,8.66025403784439,5,7.5
37,40,70,78,-62.8318530717959,-0.1,8.66025403784439,5,6.61437827766148
37,43,7,19,-83.1187288206608,-0.0755928946018455,8.66025403784439,5,8.66025403784439
37,43,13,19,-62.8318530717959,-0.1,8.66025403784439,5,6.61437827766148
37,43,13,30,62.8318530717959,0.1,8.66025403784439,5,6.61437827766148
37,43,18,30,83.1187288206608,0.0755928946018454,8.66025403784439,5,8.66025403784439
37,43,19,20,-257.432628928405,-0.0244071053981545,8.66025403784439,5,7.5
37,43,19,31,62.8318530717959,0.1,8.66025403784439,5,4.33012701892219
37,43,30,31,-62.8318530717958,-0.1,8.66025403784439,5,4.33012701892219
37,43,30,54,257.432628928405,0.0244071053981545,8.66025403784439,5,7.5
37,43,44,61,257.432628928405,0.0244071053981545,8.66025403784439,5,7.5
37,43,55,61,-62.8318530717959,-0.1,8.66025403784439,5,4.33012701892219
37,43,55,73,62.8318530717959,0.1,8.66025403784439,5,4.33012701892219
37,43,61,85,62.8318530717959,0.1,8.66025403784439,5,6.61437827766148
37,43,61,91,83.1187288206608,0.0755928946018454,8.66025403784439,5,8.66025403784439
37,43,69,73,-257.432628928405,-0.0244071053981545,8.66025403784439,5,7.5
37,43,73,85,-62.8318530717959,-0.1,8.66025403784439,5,6.61437827766148
37,44,10,19,-90.9816840965796,-0.0690598923241497,5,5,7.5
37,44,10,20,406.151482923494,0.0154700538379252,5,5,6.61437827766148
37,44,10,21,203.075741461747,0.0309401076758503,5,5,8.66025403784439
37,44,13,19,-140.712052701055,-0.0446527869259951,5,5,8.66025403784439
37,44,19,20,74.3308802673602,0.0845299461620748,5,5,5
37,44,19,31,-406.151482923494,-0.0154700538379252,5,5,6.61437827766148
37,44,20,21,406.151482923494,0.0154700538379252,5,5,6.61437827766148
37,44,20,40,74.3308802673602,0.0845299461620748,5,5,5
37,44,21,40,90.9816840965796,0.0690598923241497,5,5,7.5
37,44,31,55,406.151482923494,0.0154700538379252,5,5,6.61437827766148
37,44,40,62,-140.712052701055,-0.0446527869259951,5,5,8.66025403784439
37,44,40,70,406.151482923494,0.0154700538379252,5,5,6.61437827766148
37,44,43,55,-140.712052701055,-0.0446527869259951,5,5,8.66025403784439
37,44,55,61,74.3308802673602,0.0845299461620748,5,5,5
37,44,55,85,90.9816840965796,0.0690598923241497,5,5,7.5
37,44,61,78,74.3308802673602,0.0845299461620748,5,5,5
37,44,61,85,-406.151482923494,-0.0154700538379252,5,5,6.61437827766148
37,44,61,91,406.151482923494,0.0154700538379252,5,5,6.61437827766148
37,44,70,78,-406.151482923494,-0.0154700538379252,5,5,6.61437827766148
37,44,78,91,-90.9816840965796,-0.0690598923241497,5,5,7.5
37,44,85,91,203.075741461747,0.0309401076758503,5,5,8.66025403784439
37,55,10,19,-140.712052701055,-0.0446527869259951,5,5,8.66025403784439
37,55,13,19,-90.9816840965796,-0.0690598923241497,5,5,7.5
37,55,13,30,203.075741461747,0.0309401076758503,5,5,8.66025403784439
37,55,13,31,406.151482923494,0.0154700538379252,5,5,6.61437827766148
37,55,19,20,-406.151482923494,-0.0154700538379252,5,5,6.61437827766148
37,55,19,31,74.3308802673602,0.0845299461620748,5,5,5
37,55,20,44,406.151482923494,0.0154700538379252,5,5,6.61437827766148
37,55,30,31,-406.151482923494,-0.0154700538379252,5,5,6.61437827766148
37,55,30,43,90.9816840965796,0.0690598923241497,5,5,7.5
37,55,31,43,74.3308802673602,0.0845299461620748,5,5,5
37,55,40,44,-140.712052701055,-0.0446527869259951,5,5,8.66025403784439
37,55,43,69,-140.712052701055,-0.0446527869259951,5,5,8.66025403784439
37,55,43,73,406.151482923494,0.0154700538379252,5,5,6.61437827766148
37,55,44,61,74.3308802673602,0.0845299461620748,5,5,5
37,55,44,78,90.9816840965796,0.0690598923241497,5,5,7.5
37,55,61,78,-406.151482923494,-0.0154700538379252,5,5,6.61437827766148
37,55,61,85,74.3308802673602,0.0845299461620748,5,5,5
37,55,61,91,406.151482923494,0.0154700538379252,5,5,6.61437827766148
37,55,73,85,-406.151482923494,-0.0154700538379252,5,5,6.61437827766148
37,55,78,91,203.075741461747,0.0309401076758503,5,5,8.66025403784439
37,55,85,91,-90.9816840965796,-0.0690598923241497,5,5,7.5
37,61,10,20,-140.712052701055,-0.0446527869259951,5,5,8.66025403784439
37,61,13,31,-140.712052701055,-0.0446527869259951,5,5,8.66025403784439
37,61,19,20,406.151482923494,0.0154700538379252,5,5,6.61437827766148
37,61,19,31,406.151482923494,0.0154700538379252,5,5,6.61437827766148
37,61,20,40,90.9816840965796,0.0690598923241497,5,5,7.5
37,61,20,44,74.3308802673602,0.0845299461620748,5,5,5
37,61,31,43,90.9816840965796,0.0690598923241497,5,5,7.5
37,61,31,55,74.3308802673602,0.0845299461620748,5,5,5
37,61,40,44,406.151482923494,0.0154700538379252,5,5,6.61437827766148
37,61,40,70,203.075741461747,0.0309401076758503,5,5,8.66025403784439
37,61,43,55,406.151482923494,0.0154700538379252,5,5,6.61437827766148
37,61,43,73,203.075741461747,0.0309401076758503,5,5,8.66025403784439
37,61,44,70,406.151482923494,0.0154700538379252,5,5,6.61437827766148
37,61,44,78,74.3308802673602,0.0845299461620748,5,5,5
37,61,55,73,406.151482923494,0.0154700538379252,5,5,6.61437827766148
37,61,55,85,74.3308802673602,0.0845299461620748,5,5,5
37,61,70,78,90.9816840965796,0.0690598923241497,5,5,7.5
37,61,73,85,90.9816840965796,0.0690598923241497,5,5,7.5
37,61,78,91,406.151482923494,0.0154700538379252,5,5,6.61437827766148
37,61,85,91,406.151482923494,0.0154700538379252,5,5,6.61437827766148
37,78,19,20,257.432628928405,0.0244071053981546,8.66025403784439,5,7.5
37,78,20,21,83.1187288206608,0.0755928946018454,8.66025403784439,5,8.66025403784439
37,78,20,40,62.8318530717959,0.1,8.66025403784439,5,6.61437827766148
37,78,20,44,62.8318530717959,0.1,8.66025403784439,5,4.33012701892219
37,78,31,55,257.432628928405,0.0244071053981546,8.66025403784439,5,7.5
37,78,40,70,62.8318530717959,0.1,8.66025403784439,5,6.61437827766148
37,78,44,70,62.8318530717959,0.1,8.66025403784439,5,4.33012701892219
37,78,55,61,62.8318530717959,0.1,8.66025403784439,5,4.33012701892219
37,78,55,73,83.1187288206608,0.0755928946018455,8.66025403784439,5,8.66025403784439
37,78,55,85,62.8318530717959,0.1,8.66025403784439,5,6.61437827766148
37,78,61,91,62.8318530717959,0.1,8.66025403784439,5,4.33012701892219
37,78,62,70,83.1187288206608,0.0755928946018455,8.66025403784439,5,8.66025403784439
37,78,85,91,62.8318530717959,0.1,8.66025403784439,5,6.61437827766148
37,85,19,31,257.432628928405,0.0244071053981546,8.66025403784439,5,7.5
37,85,20,44,257.432628928405,0.0244071053981546,8.66025403784439,5,7.5
37,85,30,31,-83.1187288206608,-0.0755928946018455,8.66025403784439,5,8.66025403784439
37,85,31,43,62.8318530717959,0.1,8.66025403784439,5,6.61437827766148
37,85,31,55,62.8318530717959,0.1,8.66025403784439,5,4.33012701892219
37,85,43,73,62.8318530717959,0.1,8.66025403784439,5,6.61437827766148
37,85,44,61,62.8318530717959,0.1,8.66025403784439,5,4.33012701892219
37,85,44,70,83.1187288206608,0.0755928946018455,8.66025403784439,5,8.66025403784439
37,85,44,78,62.8318530717959,0.1,8.66025403784439,5,6.61437827766148
37,85,55,73,62.8318530717959,0.1,8.66025403784439,5,4.33012701892219
37,85,61,91,62.8318530717959,0.1,8.66025403784439,5,4.33012701892219
37,85,69,73,83.1187288206608,0.0755928946018455,8.66025403784439,5,8.66025403784439
37,85,78,91,62.8318530717959,0.1,8.66025403784439,5,6.61437827766148
38,46,8,14,203.075741461747,0.0309401076758503,5,5,8.66025403784439
38,46,8,22,406.151482923494,0.0154700538379252,5,5,6.61437827766148
38,46,8,23,-90.9816840965796,-0.0690598923241497,5,5,7.5
38,46,14,22,-406.151482923494,-0.0154700538379252,5,5,6.61437827766148
38,46,14,32,90.9816840965796,0.0690598923241497,5,5,7.5
38,46,22,23,-74.3308802673602,-0.0845299461620748,5,5,5
38,46,22,32,74.3308802673602,0.0845299461620748,5,5,5
38,46,23,33,140.712052701055,0.0446527869259951,5,5,8.66025403784439
38,46,23,47,-406.151482923494,-0.0154700538379252,5,5,6.61437827766148
38,46,32,45,-140.712052701055,-0.0446527869259951,5,5,8.66025403784439
38,46,32,56,406.151482923494,0.0154700538379252,5,5,6.61437827766148
38,46,47,64,406.151482923495,0.0154700538379251,5,5,6.61437827766148
38,46,56,74,-406.151482923495,-0.0154700538379251,5,5,6.61437827766148
38,46,63,64,-74.3308802673601,-0.0845299461620749,5,5,5
38,46,63,74,74.3308802673601,0.0845299461620749,5,5,5
38,46,64,75,140.712052701054,0.0446527869259952,5,5,8.66025403784439
38,46,74,86,-140.712052701054,-0.0446527869259952,5,5,8.66025403784439
38,47,8,15,203.075741461747,0.0309401076758503,5,5,8.66025403784439
38,47,8,22,-90.9816840965796,-0.0690598923241497,5,5,7.5
38,47,8,23,406.151482923494,0.0154700538379252,5,5,6.61437827766148
38,47,15,23,-406.151482923494,-0.0154700538379252,5,5,6.61437827766148
38,47,15,33,90.9816840965796,0.0690598923241497,5,5,7.5
38,47,22,23,74.3308802673602,0.0845299461620748,5,5,5
38,47,22,32,140.712052701055,0.0446527869259951,5,5,8.66025403784439
38,47,22,46,-406.151482923494,-0.0154700538379252,5,5,6.61437827766148
38,47,23,33,74.3308802673602,0.0845299461620748,5,5,5
38,47,33,48,-140.712052701055,-0.0446527869259951,5,5,8.66025403784439
38,47,33,57,406.151482923494,0.0154700538379252,5,5,6.61437827766148
38,47,46,63,406.151482923495,0.0154700538379251,5,5,6.61437827766148
38,47,57,75,-406.151482923495,-0.0154700538379251,5,5,6.61437827766148
38,47,63,64,74.3308802673601,0.0845299461620749,5,5,5
38,47,63,74,140.712052701054,0.0446527869259952,5,5,8.66025403784439
38,47,64,75,74.3308802673601,0.0845299461620749,5,5,5
38,47,75,87,-140.712052701054,-0.0446527869259952,5,5,8.66025403784439
38,63,8,22,-140.712052701055,-0.0446527869259951,5,5,8.66025403784439
38,63,22,23,-406.151482923493,-0.0154700538379252,5,5,6.61437827766147
38,63,22,32,90.9816840965796,0.0690598923241497,5,5,7.5
38,63,22,46,74.3308802673601,0.0845299461620749,5,5,5
38,63,23,47,406.151482923494,0.0154700538379251,5,5,6.61437827766147
38,63,32,46,406.151482923492,0.0154700538379252,5,5,6.61437827766147
38,63,32,56,203.075741461747,0.0309401076758503,5,5,8.66025403784439
38,63,33,47,-140.712052701055,-0.0446527869259951,5,5,8.66025403784439
38,63,46,56,406.151482923495,0.0154700538379251,5,5,6.61437827766148
38,63,46,74,74.3308802673602,0.0845299461620748,5,5,5
38,63,47,64,74.3308802673602,0.0845299461620748,5,5,5
38,63,47,75,90.9816840965796,0.0690598923241497,5,5,7.5
38,63,56,74,90.9816840965796,0.0690598923241497,5,5,7.5
38,63,64,75,-406.151482923495,-0.0154700538379251,5,5,6.61437827766148
38,64,8,23,-140.712052701055,-0.0446527869259951,5,5,8.66025403784439
38,64,22,23,406.151482923493,0.0154700538379252,5,5,6.61437827766147
38,64,22,46,406.151482923494,0.0154700538379251,5,5,6.61437827766147
38,64,23,33,90.9816840965796,0.0690598923241497,5,5,7.5
38,64,23,47,74.3308802673601,0.0845299461620749,5,5,5
38,64,32,46,-140.712052701055,-0.0446527869259951,5,5,8.66025403784439
38,64,33,47,406.151482923492,0.0154700538379252,5,5,6.61437827766147
38,64,33,57,203.075741461747,0.0309401076758503,5,5,8.66025403784439
38,64,46,63,74.3308802673602,0.0845299461620748,5,5,5
38,64,46,74,90.9816840965796,0.0690598923241497,5,5,7.5
38,64,47,57,406.151482923495,0.0154700538379251,5,5,6.61437827766148
38,64,47,75,74.3308802673602,0.0845299461620748,5,5,5
38,64,57,75,90.9816840965796,0.0690598923241497,5,5,7.5
38,64,63,74,-406.151482923495,-0.0154700538379251,5,5,6.61437827766148
38,74,14,22,-83.1187288206608,-0.0755928946018454,8.66025403784439,5,8.66025403784439
38,74,22,23,-257.432628928405,-0.0244071053981546,8.66025403784439,5,7.5
38,74,22,32,62.8318530717958,0.1,8.66025403784439,5,6.61437827766147
38,74,22,46,62.8318530717958,0.1,8.66025403784439,5,4.33012701892219
38,74,32,56,62.8318530717958,0.1,8.66025403784439,5,6.61437827766147
38,74,45,56,83.1187288206608,0.0755928946018455,8.66025403784439,5,8.66025403784439
38,74,46,56,62.8318530717959,0.1,8.66025403784439,5,4.33012701892219
38,74,47,64,257.432628928405,0.0244071053981545,8.66025403784439,5,7.5
38,74,56,86,257.432628928405,0.0244071053981545,8.66025403784439,5,7.5
38,74,63,64,-62.8318530717959,-0.1,8.66025403784439,5,4.33012701892219
38,75,15,23,-83.1187288206608,-0.0755928946018454,8.66025403784439,5,8.66025403784439
38,75,22,23,257.432628928405,0.0244071053981546,8.66025403784439,5,7.5
38,75,23,33,62.8318530717958,0.1,8.66025403784439,5,6.61437827766147
38,75,23,47,62.8318530717958,0.1,8.66025403784439,5,4.33012701892219
38,75,33,57,62.8318530717958,0.1,8.66025403784439,5,6.61437827766147
38,75,46,63,257.432628928405,0.0244071053981545,8.66025403784439,5,7.5
38,75,47,57,62.8318530717959,0.1,8.66025403784439,5,4.33012701892219
38,75,48,57,83.1187288206608,0.0755928946018455,8.66025403784439,5,8.66025403784439
38,75,57,87,257.432628928405,0.0244071053981545,8.66025403784439,5,7.5
38,75,63,64,62.8318530717959,0.1,8.66025403784439,5,4.33012701892219
39,52,9,17,203.075741461747,0.0309401076758503,5,5,8.66025403784439
39,52,9,28,406.151482923494,0.0154700538379252,5,5,6.61437827766148
39,52,9,29,-90.9816840965796,-0.0690598923241497,5,5,7.5
39,52,17,28,-406.151482923494,-0.0154700538379252,5,5,6.61437827766148
39,52,17,34,90.9816840965796,0.0690598923241497,5,5,7.5
39,52,28,29,-74.3308802673602,-0.0845299461620748,5,5,5
39,52,28,34,74.3308802673602,0.0845299461620748,5,5,5
39,52,29,35,140.712052701055,0.0446527869259951,5,5,8.66025403784439
39,52,29,53,-406.151482923494,-0.0154700538379252,5,5,6.61437827766148
39,52,34,51,-140.712052701055,-0.0446527869259951,5,5,8.66025403784439
39,52,34,59,406.151482923494,0.0154700538379252,5,5,6.61437827766148
39,52,53,68,406.151482923495,0.0154700538379251,5,5,6.61437827766148
39,52,59,76,-406.151482923495,-0.0154700538379251,5,5,6.61437827766148
39,52,67,68,-74.3308802673601,-0.0845299461620749,5,5,5
39,52,67,76,74.3308802673601,0.0845299461620749,5,5,5
39,52,68,77,140.712052701054,0.0446527869259952,5,5,8.66025403784439
39,52,76,88,-140.712052701054,-0.0446527869259952,5,5,8.66025403784439
39,53,9,18,203.075741461747,0.0309401076758503,5,5,8.66025403784439
39,53,9,28,-90.9816840965796,-0.0690598923241497,5,5,7.5
39,53,9,29,406.151482923494,0.0154700538379252,5,5,6.61437827766148
39,53,18,29,-406.151482923494,-0.0154700538379252,5,5,6.61437827766148
39,53,18,35,90.9816840965796,0.0690598923241497,5,5,7.5
39,53,28,29,74.3308802673602,0.0845299461620748,5,5,5
39,53,28,34,140.712052701055,0.0446527869259951,5,5,8.66025403784439
39,53,28,52,-406.151482923494,-0.0154700538379252,5,5,6.61437827766148
39,53,29,35,74.3308802673602,0.0845299461620748,5,5,5
39,53,35,54,-140.712052701055,-0.0446527869259951,5,5,8.66025403784439
39,53,35,60,406.151482923494,0.0154700538379252,5,5,6.61437827766148
39,53,52,67,406.151482923495,0.0154700538379251,5,5,6.61437827766148
39,53,60,77,-406.151482923495,-0.0154700538379251,5,5,6.61437827766148
39,53,67,68,74.3308802673601,0.0845299461620749,5,5,5
39,53,67,76,140.712052701054,0.0446527869259952,5,5,8.66025403784439
39,53,68,77,74.3308802673601,0.0845299461620749,5,5,5
39,53,77,89,-140.712052701054,-0.0446527869259952,5,5,8.66025403784439
39,67,9,28,-140.712052701055,-0.0446527869259951,5,5,8.66025403784439
39,67,28,29,-406.151482923493,-0.0154700538379252,5,5,6.61437827766147
39,67,28,34,90.9816840965796,0.0690598923241497,5,5,7.5
39,67,28,52,74.3308802673601,0.0845299461620749,5,5,5
39,67,29,53,406.151482923494,0.0154700538379251,5,5,6.61437827766147
39,67,34,52,406.151482923492,0.0154700538379252,5,5,6.61437827766147
39,67,34,59,203.075741461747,0.0309401076758503,5,5,8.66025403784439
39,67,35,53,-140.712052701055,-0.0446527869259951,5,5,8.66025403784439
39,67,52,59,406.151482923495,0.0154700538379251,5,5,6.61437827766148
39,67,52,76,74.3308802673602,0.0845299461620748,5,5,5
39,67,53,68,74.3308802673602,0.0845299461620748,5,5,5
39,67,53,77,90.9816840965796,0.0690598923241497,5,5,7.5
39,67,59,76,90.9816840965796,0.0690598923241497,5,5,7.5
39,67,68,77,-406.151482923495,-0.0154700538379251,5,5,6.61437827766148
39,68,9,29,-140.712052701055,-0.0446527869259951,5,5,8.66025403784439
39,68,28,29,406.151482923493,0.0154700538379252,5,5,6.61437827766147
39,68,28,52,406.151482923494,0.0154700538379251,5,5,6.61437827766147
39,68,29,35,90.9816840965796,0.0690598923241497,5,5,7.5
39,68,29,53,74.3308802673601,0.0845299461620749,5,5,5
39,68,34,52,-140.712052701055,-0.0446527869259951,5,5,8.66025403784439
39,68,35,53,406.151482923492,0.0154700538379252,5,5,6.61437827766147
39,68,35,60,203.075741461747,0.0309401076758503,5,5,8.66025403784439
39,68,52,67,74.3308802673602,0.0845299461620748,5,5,5
39,68,52,76,90.9816840965796,0.0690598923241497,5,5,7.5
39,68,53,60,406.151482923495,0.0154700538379251,5,5,6.61437827766148
39,68,53,77,74.3308802673602,0.0845299461620748,5,5,5
39,68,60,77,90.9816840965796,0.0690598923241497,5,5,7.5
39,68,67,76,-406.151482923495,-0.0154700538379251,5,5,6.61437827766148
39,76,17,28,-83.1187288206608,-0.0755928946018454,8.66025403784439,5,8.66025403784439
39,76,28,29,-257.432628928405,-0.0244071053981546,8.66025403784439,5,7.5
39,76,28,34,62.8318530717958,0.1,8.66025403784439,5,6.61437827766147
39,76,28,52,62.8318530717958,0.1,8.66025403784439,5,4.33012701892219
39,76,34,59,62.8318530717958,0.1,8.66025403784439,5,6.61437827766147
39,76,51,59,83.1187288206608,0.0755928946018455,8.66025403784439,5,8.66025403784439
39,76,52,59,62.8318530717959,0.1,8.66025403784439,5,4.33012701892219
39,76,53,68,257.432628928405,0.0244071053981545,8.66025403784439,5,7.5
39,76,59,88,257.432628928405,0.0244071053981545,8.66025403784439,5,7.5
39,76,67,68,-62.8318530717959,-0.1,8.66025403784439,5,4.33012701892219
39,77,18,29,-83.1187288206608,-0.0755928946018454,8.66025403784439,5,8.66025403784439
39,77,28,29,257.432628928405,0.0244071053981546,8.66025403784439,5,7.5
39,77,29,35,62.8318530717958,0.1,8.66025403784439,5,6.61437827766147
39,77,29,53,62.8318530717958,0.1,8.66025403784439,5,4.33012701892219
39,77,35,60,62.8318530717958,0.1,8.66025403784439,5,6.61437827766147
39,77,52,67,257.432628928405,0.0244071053981545,8.66025403784439,5,7.5
39,77,53,60,62.8318530717959,0.1,8.66025403784439,5,4.33012701892219
39,77,54,60,83.1187288206608,0.0755928946018455,8.66025403784439,5,8.66025403784439
39,77,60,89,257.432628928405,0.0244071053981545,8.66025403784439,5,7.5
39,77,67,68,62.8318530717959,0.1,8.66025403784439,5,4.33012701892219
40,44,10,19,203.075741461747,0.0309401076758503,5,5,8.66025403784439
40,44,10,20,406.151482923494,0.0154700538379252,5,5,6.61437827766148
40,44,10,21,-90.9816840965796,-0.0690598923241497,5,5,7.5
40,44,19,20,-406.151482923494,-0.0154700538379252,5,5,6.61437827766148
40,44,19,37,90.9816840965796,0.0690598923241497,5,5,7.5
40,44,20,21,-74.3308802673602,-0.0845299461620748,5,5,5
40,44,20,37,74.3308802673602,0.0845299461620748,5,5,5
40,44,21,32,140.712052701055,0.0446527869259951,5,5,8.66025403784439
40,44,21,45,-406.151482923494,-0.0154700538379252,5,5,6.61437827766148
40,44,37,55,-140.712052701055,-0.0446527869259951,5,5,8.66025403784439
40,44,37,61,406.151482923494,0.0154700538379252,5,5,6.61437827766148
40,44,45,62,406.151482923494,0.0154700538379252,5,5,6.61437827766148
40,44,61,78,-406.151482923494,-0.0154700538379252,5,5,6.61437827766148
40,44,62,70,74.3308802673602,0.0845299461620748,5,5,5
40,44,62,79,140.712052701055,0.0446527869259951,5,5,8.66025403784439
40,44,70,78,74.3308802673602,0.0845299461620748,5,5,5
40,44,78,91,-140.712052701055,-0.0446527869259951,5,5,8.66025403784439
40,45,10,14,203.075741461747,0.0309401076758503,5,5,8.66025403784439
40,45,10,20,-90.9816840965796,-0.0690598923241497,5,5,7.5
40,45,10,21,406.151482923494,0.0154700538379252,5,5,6.61437827766148
40,45,14,21,-406.151482923494,-0.0154700538379252,5,5,6.61437827766148
40,45,14,32,90.9816840965796,0.0690598923241497,5,5,7.5
40,45,20,21,74.3308802673602,0.0845299461620748,5,5,5
40,45,20,37,140.712052701055,0.0446527869259951,5,5,8.66025403784439
40,45,20,44,-406.151482923494,-0.0154700538379252,5,5,6.61437827766147
40,45,21,32,74.3308802673602,0.0845299461620748,5,5,5
40,45,32,46,-140.712052701055,-0.0446527869259951,5,5,8.66025403784439
40,45,32,56,406.151482923494,0.0154700538379252,5,5,6.61437827766148
40,45,44,70,406.151482923494,0.0154700538379252,5,5,6.61437827766148
40,45,56,79,-406.151482923494,-0.0154700538379252,5,5,6.61437827766148
40,45,62,70,-74.3308802673602,-0.0845299461620748,5,5,5
40,45,62,79,74.3308802673602,0.0845299461620748,5,5,5
40,45,70,78,140.712052701055,0.0446527869259951,5,5,8.66025403784439
40,45,79,86,-140.712052701055,-0.0446527869259951,5,5,8.66025403784439
40,62,10,21,-140.712052701055,-0.0446527869259951,5,5,8.66025403784439
40,62,20,21,406.151482923494,0.0154700538379252,5,5,6.61437827766148
40,62,20,44,406.151482923494,0.0154700538379252,5,5,6.61437827766147
40,62,21,32,90.9816840965796,0.0690598923241497,5,5,7.5
40,62,21,45,74.3308802673602,0.0845299461620748,5,5,5
40,62,32,45,406.151482923494,0.0154700538379252,5,5,6.61437827766148
40,62,32,56,203.075741461747,0.0309401076758503,5,5,8.66025403784439
40,62,37,44,-140.712052701055,-0.0446527869259951,5,5,8.66025403784439
40,62,44,70,74.3308802673602,0.0845299461620748,5,5,5
40,62,44,78,90.9816840965796,0.0690598923241497,5,5,7.5
40,62,45,56,406.151482923494,0.0154700538379252,5,5,6.61437827766148
40,62,45,79,74.3308802673602,0.0845299461620748,5,5,5
40,62,56,79,90.9816840965796,0.0690598923241497,5,5,7.5
40,62,70,78,-406.151482923494,-0.0154700538379252,5,5,6.61437827766148
40,70,10,20,-140.712052701055,-0.0446527869259951,5,5,8.66025403784439
40,70,20,21,-406.151482923494,-0.0154700538379252,5,5,6.61437827766148
40,70,20,37,90.9816840965796,0.0690598923241497,5,5,7.5
40,70,20,44,74.3308802673602,0.0845299461620748,5,5,5
40,70,21,45,406.151482923494,0.0154700538379252,5,5,6.61437827766148
40,70,32,45,-140.712052701055,-0.0446527869259951,5,5,8.66025403784439
40,70,37,44,406.151482923494,0.0154700538379252,5,5,6.61437827766148
40,70,37,61,203.075741461747,0.0309401076758503,5,5,8.66025403784439
40,70,44,61,406.151482923494,0.0154700538379252,5,5,6.61437827766148
40,70,44,78,74.3308802673602,0.0845299461620748,5,5,5
40,70,45,62,74.3308802673602,0.0845299461620748,5,5,5
40,70,45,79,90.9816840965796,0.0690598923241497,5,5,7.5
40,70,61,78,90.9816840965796,0.0690598923241497,5,5,7.5
40,70,62,79,-406.151482923494,-0.0154700538379252,5,5,6.61437827766148
40,78,19,20,-83.1187288206608,-0.0755928946018455,8.66025403784439,5,8.66025403784439
40,78,20,21,-257.432628928405,-0.0244071053981546,8.66025403784439,5,7.5
40,78,20,37,62.8318530717959,0.1,8.66025403784439,5,6.61437827766148
40,78,20,44,62.8318530717959,0.1,8.66025403784439,5,4.33012701892219
40,78,37,61,62.8318530717959,0.1,8.66025403784439,5,6.61437827766148
40,78,44,61,62.8318530717959,0.1,8.66025403784439,5,4.33012701892219
40,78,45,62,257.432628928405,0.0244071053981546,8.66025403784439,5,7.5
40,78,55,61,83.1187288206608,0.0755928946018455,8.66025403784439,5,8.66025403784439
40,78,61,91,257.432628928405,0.0244071053981545,8.66025403784439,5,7.5
40,78,62,70,62.8318530717959,0.1,8.66025403784439,5,4.33012701892219
40,79,14,21,-83.1187288206608,-0.0755928946018455,8.66025403784439,5,8.66025403784439
40,79,20,21,257.432628928405,0.0244071053981545,8.66025403784439,5,7.5
40,79,21,32,62.8318530717959,0.1,8.66025403784439,5,6.61437827766148
40,79,21,45,62.8318530717959,0.1,8.66025403784439,5,4.33012701892219
40,79,32,56,62.8318530717959,0.1,8.66025403784439,5,6.61437827766148
40,79,44,70,257.432628928405,0.0244071053981545,8.66025403784439,5,7.5
40,79,45,56,62.8318530717959,0.1,8.66025403784439,5,4.33012701892219
40,79,46,56,83.1187288206608,0.0755928946018454,8.66025403784439,5,8.66025403784439
40,79,56,86,257.432628928404,0.0244071053981546,8.66025403784439,5,7.5
40,79,62,70,-62.8318530717959,-0.1,8.66025403784439,5,4.33012701892219
41,48,11,15,203.075741461747,0.0309401076758503,5,5,8.66025403784439
41,48,11,24,406.151482923494,0.0154700538379252,5,5,6.61437827766148
41,48,11,25,-90.9816840965796,-0.0690598923241497,5,5,7.5
41,48,15,24,-406.151482923494,-0.0154700538379252,5,5,6.61437827766148
41,48,15,33,90.9816840965796,0.0690598923241497,5,5,7.5
41,48,24,25,-74.3308802673602,-0.0845299461620748,5,5,5
41,48,24,33,74.3308802673602,0.0845299461620748,5,5,5
41,48,25,36,140.712052701055,0.0446527869259951,5,5,8.66025403784439
41,48,25,49,-406.151482923494,-0.0154700538379252,5,5,6.61437827766147
41,48,33,47,-140.712052701055,-0.0446527869259951,5,5,8.66025403784439
41,48,33,57,406.151482923494,0.0154700538379252,5,5,6.61437827766148
41,48,49,71,406.151482923494,0.0154700538379252,5,5,6.61437827766148
41,48,57,80,-406.151482923494,-0.0154700538379252,5,5,6.61437827766148
41,48,65,71,-74.3308802673602,-0.0845299461620748,5,5,5
41,48,65,80,74.3308802673602,0.0845299461620748,5,5,5
41,48,71,81,140.712052701055,0.0446527869259951,5,5,8.66025403784439
41,48,80,87,-140.712052701055,-0.0446527869259951,5,5,8.66025403784439
41,49,11,16,203.075741461747,0.0309401076758503,5,5,8.66025403784439
41,49,11,24,-90.9816840965796,-0.0690598923241497,5,5,7.5
41,49,11,25,406.151482923494,0.0154700538379252,5,5,6.61437827766148
41,49,16,25,-406.151482923494,-0.0154700538379252,5,5,6.61437827766148
41,49,16,36,90.9816840965796,0.0690598923241497,5,5,7.5
41,49,24,25,74.3308802673602,0.0845299461620748,5,5,5
41,49,24,33,140.712052701055,0.0446527869259951,5,5,8.66025403784439
41,49,24,48,-406.151482923494,-0.0154700538379252,5,5,6.61437827766148
41,49,25,36,74.3308802673602,0.0845299461620748,5,5,5
41,49,36,50,-140.712052701055,-0.0446527869259951,5,5,8.66025403784439
41,49,36,58,406.151482923494,0.0154700538379252,5,5,6.61437827766148
41,49,48,65,406.151482923494,0.0154700538379252,5,5,6.61437827766148
41,49,58,81,-406.151482923494,-0.0154700538379252,5,5,6.61437827766148
41,49,65,71,74.3308802673602,0.0845299461620748,5,5,5
41,49,65,80,140.712052701055,0.0446527869259951,5,5,8.66025403784439
41,49,71,81,74.3308802673602,0.0845299461620748,5,5,5
41,49,81,90,-140.712052701055,-0.0446527869259951,5,5,8.66025403784439
41,65,11,24,-140.712052701055,-0.0446527869259951,5,5,8.66025403784439
41,65,24,25,-406.151482923494,-0.0154700538379252,5,5,6.61437827766148
41,65,24,33,90.9816840965796,0.0690598923241497,5,5,7.5
41,65,24,48,74.3308802673602,0.0845299461620748,5,5,5
41,65,25,49,406.151482923494,0.0154700538379252,5,5,6.61437827766147
41,65,33,48,406.151482923494,0.0154700538379252,5,5,6.61437827766148
41,65,33,57,203.075741461747,0.0309401076758503,5,5,8.66025403784439
41,65,36,49,-140.712052701055,-0.0446527869259951,5,5,8.66025403784439
41,65,48,57,406.151482923494,0.0154700538379252,5,5,6.61437827766148
41,65,48,80,74.3308802673602,0.0845299461620748,5,5,5
41,65,49,71,74.3308802673602,0.0845299461620748,5,5,5
41,65,49,81,90.9816840965796,0.0690598923241497,5,5,7.5
41,65,57,80,90.9816840965796,0.0690598923241497,5,5,7.5
41,65,71,81,-406.151482923494,-0.0154700538379252,5,5,6.61437827766148
41,71,11,25,-140.712052701055,-0.0446527869259951,5,5,8.66025403784439
41,71,24,25,406.151482923494,0.0154700538379252,5,5,6.61437827766148
41,71,24,48,406.151482923494,0.0154700538379252,5,5,6.61437827766148
41,71,25,36,90.9816840965796,0.0690598923241497,5,5,7.5
41,71,25,49,74.3308802673602,0.0845299461620748,5,5,5
41,71,33,48,-140.712052701055,-0.0446527869259951,5,5,8.66025403784439
41,71,36,49,406.151482923494,0.0154700538379252,5,5,6.61437827766148
41,71,36,58,203.075741461747,0.0309401076758503,5,5,8.66025403784439
41,71,48,65,74.3308802673602,0.0845299461620748,5,5,5
41,71,48,80,90.9816840965796,0.0690598923241497,5,5,7.5
41,71,49,58,406.151482923494,0.0154700538379252,5,5,6.61437827766148
41,71,49,81,74.3308802673602,0.0845299461620748,5,5,5
41,71,58,81,90.9816840965796,0.0690598923241497,5,5,7.5
41,71,65,80,-406.151482923494,-0.0154700538379252,5,5,6.61437827766148
41,80,15,24,-83.1187288206608,-0.0755928946018455,8.66025403784439,5,8.66025403784439
41,80,24,25,-257.432628928405,-0.0244071053981545,8.66025403784439,5,7.5
41,80,24,33,62.8318530717959,0.1,8.66025403784439,5,6.61437827766148
41,80,24,48,62.8318530717959,0.1,8.66025403784439,5,4.33012701892219
41,80,33,57,62.8318530717959,0.1,8.66025403784439,5,6.61437827766148
41,80,47,57,83.1187288206608,0.0755928946018454,8.66025403784439,5,8.66025403784439
41,80,48,57,62.8318530717959,0.1,8.66025403784439,5,4.33012701892219
41,80,49,71,257.432628928405,0.0244071053981545,8.66025403784439,5,7.5
41,80,57,87,257.432628928404,0.0244071053981546,8.66025403784439,5,7.5
41,80,65,71,-62.8318530717959,-0.1,8.66025403784439,5,4.33012701892219
41,81,16,25,-83.1187288206608,-0.0755928946018455,8.66025403784439,5,8.66025403784439
41,81,24,25,257.432628928405,0.0244071053981546,8.66025403784439,5,7.5
41,81,25,36,62.8318530717959,0.1,8.66025403784439,5,6.61437827766148
41,81,25,49,62.8318530717959,0.1,8.66025403784439,5,4.33012701892219
41,81,36,58,62.8318530717959,0.1,8.66025403784439,5,6.61437827766148
41,81,48,65,257.432628928405,0.0244071053981546,8.66025403784439,5,7.5
41,81,49,58,62.8318530717959,0.1,8.66025403784439,5,4.33012701892219
41,81,50,58,83.1187288206608,0.0755928946018455,8.66025403784439,5,8.66025403784439
41,81,58,90,257.432628928405,0.0244071053981545,8.66025403784439,5,7.5
41,81,65,71,62.8318530717959,0.1,8.66025403784439,5,4.33012701892219
42,50,12,16,203.075741461747,0.0309401076758503,5,5,8.66025403784439
42,50,12,26,406.151482923494,0.0154700538379252,5,5,6.61437827766148
42,50,12,27,-90.9816840965796,-0.0690598923241497,5,5,7.5
42,50,16,26,-406.151482923494,-0.0154700538379252,5,5,6.61437827766148
42,50,16,36,90.9816840965796,0.0690598923241497,5,5,7.5
42,50,26,27,-74.3308802673602,-0.0845299461620748,5,5,5
42,50,26,36,74.3308802673602,0.0845299461620748,5,5,5
42,50,27,34,140.712052701055,0.0446527869259951,5,5,8.66025403784439
42,50,27,51,-406.151482923494,-0.0154700538379252,5,5,6.61437827766148
42,50,36,49,-140.712052701055,-0.0446527869259951,5,5,8.66025403784439
42,50,36,58,406.151482923494,0.0154700538379252,5,5,6.61437827766148
42,50,51,66,406.151482923494,0.0154700538379252,5,5,6.61437827766148
42,50,58,82,-406.151482923494,-0.0154700538379252,5,5,6.61437827766148
42,50,66,72,74.3308802673602,0.0845299461620748,5,5,5
42,50,66,83,140.712052701055,0.0446527869259951,5,5,8.66025403784439
42,50,72,82,74.3308802673602,0.0845299461620748,5,5,5
42,50,82,90,-140.712052701055,-0.0446527869259951,5,5,8.66025403784439
42,51,12,17,203.075741461747,0.0309401076758503,5,5,8.66025403784439
42,51,12,26,-90.9816840965796,-0.0690598923241497,5,5,7.5
42,51,12,27,406.151482923494,0.0154700538379252,5,5,6.61437827766148
42,51,17,27,-406.151482923494,-0.0154700538379252,5,5,6.61437827766148
42,51,17,34,90.9816840965796,0.0690598923241497,5,5,7.5
42,51,26,27,74.3308802673602,0.0845299461620748,5,5,5
42,51,26,36,140.712052701055,0.0446527869259951,5,5,8.66025403784439
42,51,26,50,-406.151482923494,-0.0154700538379252,5,5,6.61437827766147
42,51,27,34,74.3308802673602,0.0845299461620748,5,5,5
42,51,34,52,-140.712052701055,-0.0446527869259951,5,5,8.66025403784439
42,51,34,59,406.151482923494,0.0154700538379252,5,5,6.61437827766148
42,51,50,72,406.151482923494,0.0154700538379252,5,5,6.61437827766148
42,51,59,83,-406.151482923494,-0.0154700538379252,5,5,6.61437827766148
42,51,66,72,-74.3308802673602,-0.0845299461620748,5,5,5
42,51,66,83,74.3308802673602,0.0845299461620748,5,5,5
42,51,72,82,140.712052701055,0.0446527869259951,5,5,8.66025403784439
42,51,83,88,-140.712052701055,-0.0446527869259951,5,5,8.66025403784439
42,66,12,27,-140.712052701055,-0.0446527869259951,5,5,8.66025403784439
42,66,26,27,406.151482923494,0.0154700538379252,5,5,6.61437827766148
42,66,26,50,406.151482923494,0.0154700538379252,5,5,6.61437827766147
42,66,27,34,90.9816840965796,0.0690598923241497,5,5,7.5
42,66,27,51,74.3308802673602,0.0845299461620748,5,5,5
42,66,34,51,406.151482923494,0.0154700538379252,5,5,6.61437827766148
42,66,34,59,203.075741461747,0.0309401076758503,5,5,8.66025403784439
42,66,36,50,-140.712052701055,-0.0446527869259951,5,5,8.66025403784439
42,66,50,72,74.3308802673602,0.0845299461620748,5,5,5
42,66,50,82,90.9816840965796,0.0690598923241497,5,5,7.5
42,66,51,59,406.151482923494,0.0154700538379252,5,5,6.61437827766148
42,66,51,83,74.3308802673602,0.0845299461620748,5,5,5
42,66,59,83,90.9816840965796,0.0690598923241497,5,5,7.5
42,66,72,82,-406.151482923494,-0.0154700538379252,5,5,6.61437827766148
42,72,12,26,-140.712052701055,-0.0446527869259951,5,5,8.66025403784439
42,72,26,27,-406.151482923494,-0.0154700538379252,5,5,6.61437827766148
42,72,26,36,90.9816840965796,0.0690598923241497,5,5,7.5
42,72,26,50,74.3308802673602,0.0845299461620748,5,5,5
42,72,27,51,406.151482923494,0.0154700538379252,5,5,6.61437827766148
42,72,34,51,-140.712052701055,-0.0446527869259951,5,5,8.66025403784439
42,72,36,50,406.151482923494,0.0154700538379252,5,5,6.61437827766148
42,72,36,58,203.075741461747,0.0309401076758503,5,5,8.66025403784439
42,72,50,58,406.151482923494,0.0154700538379252,5,5,6.61437827766148
42,72,50,82,74.3308802673602,0.0845299461620748,5,5,5
42,72,51,66,74.3308802673602,0.0845299461620748,5,5,5
42,72,51,83,90.9816840965796,0.0690598923241497,5,5,7.5
42,72,58,82,90.9816840965796,0.0690598923241497,5,5,7.5
42,72,66,83,-406.151482923494,-0.0154700538379252,5,5,6.61437827766148
42,82,16,26,-83.1187288206608,-0.0755928946018455,8.66025403784439,5,8.66025403784439
42,82,26,27,-257.432628928405,-0.0244071053981546,8.66025403784439,5,7.5
42,82,26,36,62.8318530717959,0.1,8.66025403784439,5,6.61437827766148
42,82,26,50,62.8318530717959,0.1,8.66025403784439,5,4.33012701892219
42,82,36,58,62.8318530717959,0.1,8.66025403784439,5,6.61437827766148
42,82,49,58,83.1187288206608,0.0755928946018455,8.66025403784439,5,8.66025403784439
42,82,50,58,62.8318530717959,0.1,8.66025403784439,5,4.33012701892219
42,82,51,66,257.432628928405,0.0244071053981546,8.66025403784439,5,7.5
42,82,58,90,257.432628928405,0.0244071053981545,8.66025403784439,5,7.5
42,82,66,72,62.8318530717959,0.1,8.66025403784439,5,4.33012701892219
42,83,17,27,-83.1187288206608,-0.0755928946018455,8.66025403784439,5,8.66025403784439
42,83,26,27,257.432628928405,0.0244071053981545,8.66025403784439,5,7.5
42,83,27,34,62.8318530717959,0.1,8.66025403784439,5,6.61437827766148
42,83,27,51,62.8318530717959,0.1,8.66025403784439,5,4.33012701892219
42,83,34,59,62.8318530717959,0.1,8.66025403784439,5,6.61437827766148
42,83,50,72,257.432628928405,0.0244071053981545,8.66025403784439,5,7.5
42,83,51,59,62.8318530717959,0.1,8.66025403784439,5,4.33012701892219
42,83,52,59,83.1187288206608,0.0755928946018454,8.66025403784439,5,8.66025403784439
42,83,59,88,257.432628928404,0.0244071053981546,8.66025403784439,5,7.5
42,83,66,72,-62.8318530717959,-0.1,8.66025403784439,5,4.33012701892219
43,54,13,18,203.075741461747,0.0309401076758503,5,5,8.66025403784439
43,54,13,30,406.151482923494,0.0154700538379252,5,5,6.61437827766148
43,54,13,31,-90.9816840965796,-0.0690598923241497,5,5,7.5
43,54,18,30,-406.151482923494,-0.0154700538379252,5,5,6.61437827766148
43,54,18,35,90.9816840965796,0.0690598923241497,5,5,7.5
43,54,30,31,-74.3308802673602,-0.0845299461620748,5,5,5
43,54,30,35,74.3308802673602,0.0845299461620748,5,5,5
43,54,31,37,140.712052701055,0.0446527869259951,5,5,8.66025403784439
43,54,31,55,-406.151482923494,-0.0154700538379252,5,5,6.61437827766147
43,54,35,53,-140.712052701055,-0.0446527869259951,5,5,8.66025403784439
43,54,35,60,406.151482923494,0.0154700538379252,5,5,6.61437827766148
43,54,55,73,406.151482923494,0.0154700538379252,5,5,6.61437827766148
43,54,60,84,-406.151482923494,-0.0154700538379252,5,5,6.61437827766148
43,54,69,73,-74.3308802673602,-0.0845299461620748,5,5,5
43,54,69,84,74.3308802673602,0.0845299461620748,5,5,5
43,54,73,85,140.712052701055,0.0446527869259951,5,5,8.66025403784439
43,54,84,89,-140.712052701055,-0.0446527869259951,5,5,8.66025403784439
43,55,13,19,203.075741461747,0.0309401076758503,5,5,8.66025403784439
43,55,13,30,-90.9816840965796,-0.0690598923241497,5,5,7.5
43,55,13,31,406.151482923494,0.0154700538379252,5,5,6.61437827766148
43,55,19,31,-406.151482923494,-0.0154700538379252,5,5,6.61437827766148
43,55,19,37,90.9816840965796,0.0690598923241497,5,5,7.5
43,55,30,31,74.3308802673602,0.0845299461620748,5,5,5
43,55,30,35,140.712052701055,0.0446527869259951,5,5,8.66025403784439
43,55,30,54,-406.151482923494,-0.0154700538379252,5,5,6.61437827766148
43,55,31,37,74.3308802673602,0.0845299461620748,5,5,5
43,55,37,44,-140.712052701055,-0.0446527869259951,5,5,8.66025403784439
43,55,37,61,406.151482923494,0.0154700538379252,5,5,6.61437827766148
43,55,54,69,406.151482923494,0.0154700538379252,5,5,6.61437827766148
43,55,61,85,-406.151482923494,-0.0154700538379252,5,5,6.61437827766148
43,55,69,73,74.3308802673602,0.0845299461620748,5,5,5
43,55,69,84,140.712052701055,0.0446527869259951,5,5,8.66025403784439
43,55,73,85,74.3308802673602,0.0845299461620748,5,5,5
43,55,85,91,-140.712052701055,-0.0446527869259951,5,5,8.66025403784439
43,69,13,30,-140.712052701055,-0.0446527869259951,5,5,8.66025403784439
43,69,30,31,-406.151482923494,-0.0154700538379252,5,5,6.61437827766148
43,69,30,35,90.9816840965796,0.0690598923241497,5,5,7.5
43,69,30,54,74.3308802673602,0.0845299461620748,5,5,5
43,69,31,55,406.151482923494,0.0154700538379252,5,5,6.61437827766147
43,69,35,54,406.151482923494,0.0154700538379252,5,5,6.61437827766148
43,69,35,60,203.075741461747,0.0309401076758503,5,5,8.66025403784439
43,69,37,55,-140.712052701055,-0.0446527869259951,5,5,8.66025403784439
43,69,54,60,406.151482923494,0.0154700538379252,5,5,6.61437827766148
43,69,54,84,74.3308802673602,0.0845299461620748,5,5,5
43,69,55,73,74.3308802673602,0.0845299461620748,5,5,5
43,69,55,85,90.9816840965796,0.0690598923241497,5,5,7.5
43,69,60,84,90.9816840965796,0.0690598923241497,5,5,7.5
43,69,73,85,-406.151482923494,-0.0154700538379252,5,5,6.61437827766148
43,73,13,31,-140.712052701055,-0.0446527869259951,5,5,8.66025403784439
43,73,30,31,406.151482923494,0.0154700538379252,5,5,6.61437827766148
43,73,30,54,406.151482923494,0.0154700538379252,5,5,6.61437827766148
43,73,31,37,90.9816840965796,0.0690598923241497,5,5,7.5
43,73,31,55,74.3308802673602,0.0845299461620748,5,5,5
43,73,35,54,-140.712052701055,-0.0446527869259951,5,5,8.66025403784439
43,73,37,55,406.151482923494,0.0154700538379252,5,5,6.61437827766148
43,73,37,61,203.075741461747,0.0309401076758503,5,5,8.66025403784439
43,73,54,69,74.3308802673602,0.0845299461620748,5,5,5
43,73,54,84,90.9816840965796,0.0690598923241497,5,5,7.5
43,73,55,61,406.151482923494,0.0154700538379252,5,5,6.61437827766148
43,73,55,85,74.3308802673602,0.0845299461620748,5,5,5
43,73,61,85,90.9816840965796,0.0690598923241497,5,5,7.5
43,73,69,84,-406.151482923494,-0.0154700538379252,5,5,6.61437827766148
43,84,18,30,-83.1187288206608,-0.0755928946018455,8.66025403784439,5,8.66025403784439
43,84,30,31,-257.432628928405,-0.0244071053981545,8.66025403784439,5,7.5
43,84,30,35,62.8318530717959,0.1,8.66025403784439,5,6.61437827766148
43,84,30,54,62.8318530717959,0.1,8.66025403784439,5,4.33012701892219
43,84,35,60,62.8318530717959,0.1,8.66025403784439,5,6.61437827766148
43,84,53,60,83.1187288206608,0.0755928946018454,8.66025403784439,5,8.66025403784439
43,84,54,60,62.8318530717959,0.1,8.66025403784439,5,4.33012701892219
43,84,55,73,257.432628928405,0.0244071053981545,8.66025403784439,5,7.5
43,84,60,89,257.432628928404,0.0244071053981546,8.66025403784439,5,7.5
43,84,69,73,-62.8318530717959,-0.1,8.66025403784439,5,4.33012701892219
43,85,19,31,-83.1187288206608,-0.0755928946018455,8.66025403784439,5,8.66025403784439
43,85,30,31,257.432628928405,0.0244071053981546,8.66025403784439,5,7.5
43,85,31,37,62.8318530717959,0.1,8.66025403784439,5,6.61437827766148
43,85,31,55,62.8318530717959,0.1,8.66025403784439,5,4.33012701892219
43,85,37,61,62.8318530717959,0.1,8.66025403784439,5,6.61437827766148
43,85,44,61,83.1187288206608,0.0755928946018455,8.66025403784439,5,8.66025403784439
43,85,54,69,257.432628928405,0.0244071053981546,8.66025403784439,5,7.5
43,85,55,61,62.8318530717959,0.1,8.66025403784439,5,4.33012701892219
43,85,61,91,257.432628928405,0.0244071053981545,8.66025403784439,5,7.5
43,85,69,73,62.8318530717959,0.1,8.66025403784439,5,4.33012701892219
44,55,10,20,-83.1187288206608,-0.0755928946018455,8.66025403784439,5,8.66025403784439
44,55,13,31,83.1187288206608,0.0755928946018454,8.66025403784439,5,8.66025403784439
44,55,19,20,-62.8318530717959,-0.1,8.66025403784439,5,6.61437827766148
44,55,19,31,62.8318530717959,0.1,8.66025403784439,5,6.61437827766148
44,55,20,37,62.8318530717959,0.1,8.66025403784439,5,4.33012701892219
44,55,20,40,-257.432628928405,-0.0244071053981545,8.66025403784439,5,7.5
44,55,31,37,-62.8318530717958,-0.1,8.66025403784439,5,4.33012701892219
44,55,31,43,257.432628928405,0.0244071053981545,8.66025403784439,5,7.5
44,55,61,78,-62.8318530717959,-0.1,8.66025403784439,5,4.33012701892219
44,55,61,85,62.8318530717959,0.1,8.66025403784439,5,4.33012701892219
44,55,70,78,257.432628928405,0.0244071053981545,8.66025403784439,5,7.5
44,55,73,85,-257.432628928405,-0.0244071053981545,8.66025403784439,5,7.5
44,55,78,91,62.8318530717959,0.1,8.66025403784439,5,6.61437827766148
44,55,85,91,-62.8318530717959,-0.1,8.66025403784439,5,6.61437827766148
44,61,19,20,-90.9816840965796,-0.0690598923241497,5,5,7.5
44,61,19,31,203.075741461747,0.0309401076758503,5,5,8.66025403784439
44,61,19,37,406.151482923494,0.0154700538379252,5,5,6.61437827766148
44,61,20,21,140.712052701055,0.0446527869259951,5,5,8.66025403784439
44,61,20,37,74.3308802673602,0.0845299461620748,5,5,5
44,61,20,40,-406.151482923494,-0.0154700538379252,5,5,6.61437827766148
44,61,31,37,-406.151482923494,-0.0154700538379252,5,5,6.61437827766148
44,61,31,55,90.9816840965796,0.0690598923241497,5,5,7.5
44,61,37,55,74.3308802673602,0.0845299461620748,5,5,5
44,61,40,70,406.151482923494,0.0154700538379252,5,5,6.61437827766148
44,61,55,73,-140.712052701055,-0.0446527869259951,5,5,8.66025403784439
44,61,55,85,406.151482923494,0.0154700538379252,5,5,6.61437827766148
44,61,62,70,-140.712052701055,-0.0446527869259951,5,5,8.66025403784439
44,61,70,78,74.3308802673602,0.0845299461620748,5,5,5
44,61,78,91,74.3308802673602,0.0845299461620748,5,5,5
44,61,85,91,-406.151482923494,-0.0154700538379252,5,5,6.61437827766148
44,62,10,20,-83.1187288206608,-0.0755928946018455,8.66025403784439,5,8.66025403784439
44,62,20,21,62.8318530717959,0.1,8.66025403784439,5,6.61437827766148
44,62,20,37,-257.432628928405,-0.0244071053981545,8.66025403784439,5,7.5
44,62,20,40,62.8318530717959,0.1,8.66025403784439,5,4.33012701892219
44,62,21,45,62.8318530717959,0.1,8.66025403784439,5,6.61437827766148
44,62,32,45,83.1187288206608,0.0755928946018454,8.66025403784439,5,8.66025403784439
44,62,40,45,62.8318530717959,0.1,8.66025403784439,5,4.33012701892219
44,62,45,79,257.432628928405,0.0244071053981545,8.66025403784439,5,7.5
44,62,61,78,257.432628928405,0.0244071053981545,8.66025403784439,5,7.5
44,62,70,78,-62.8318530717959,-0.1,8.66025403784439,5,4.33012701892219
44,70,19,20,-140.712052701055,-0.0446527869259951,5,5,8.66025403784439
44,70,20,21,90.9816840965796,0.0690598923241497,5,5,7.5
44,70,20,37,-406.151482923494,-0.0154700538379252,5,5,6.61437827766148
44,70,20,40,74.3308802673602,0.0845299461620748,5,5,5
44,70,21,40,406.151482923494,0.0154700538379252,5,5,6.61437827766148
44,70,21,45,203.075741461747,0.0309401076758503,5,5,8.66025403784439
44,70,37,61,406.151482923494,0.0154700538379252,5,5,6.61437827766148
44,70,40,45,406.151482923494,0.0154700538379252,5,5,6.61437827766148
44,70,40,62,74.3308802673602,0.0845299461620748,5,5,5
44,70,45,62,90.9816840965796,0.0690598923241497,5,5,7.5
44,70,55,61,-140.712052701055,-0.0446527869259951,5,5,8.66025403784439
44,70,61,78,74.3308802673602,0.0845299461620748,5,5,5
44,70,61,91,90.9816840965796,0.0690598923241497,5,5,7.5
44,70,78,91,-406.151482923494,-0.0154700538379252,5,5,6.61437827766148
44,78,19,37,-140.712052701055,-0.0446527869259951,5,5,8.66025403784439
44,78,20,37,406.151482923494,0.0154700538379252,5,5,6.61437827766148
44,78,20,40,406.151482923494,0.0154700538379252,5,5,6.61437827766148
44,78,21,40,-140.712052701055,-0.0446527869259951,5,5,8.66025403784439
44,78,37,55,90.9816840965796,0.0690598923241497,5,5,7.5
44,78,37,61,74.3308802673602,0.0845299461620748,5,5,5
44,78,40,62,90.9816840965796,0.0690598923241497,5,5,7.5
44,78,40,70,74.3308802673602,0.0845299461620748,5,5,5
44,78,55,61,406.151482923494,0.0154700538379252,5,5,6.61437827766148
44,78,55,85,203.075741461747,0.0309401076758503,5,5,8.66025403784439
44,78,61,85,406.151482923494,0.0154700538379252,5,5,6.61437827766148
44,78,61,91,74.3308802673602,0.0845299461620748,5,5,5
44,78,62,70,406.151482923494,0.0154700538379252,5,5,6.61437827766147
44,78,85,91,90.9816840965796,0.0690598923241497,5,5,7.5
45,46,8,22,83.1187288206608,0.0755928946018454,8.66025403784439,5,8.66025403784439
45,46,10,21,-83.1187288206608,-0.0755928946018455,8.66025403784439,5,8.66025403784439
45,46,14,21,-62.8318530717959,-0.1,8.66025403784439,5,6.61437827766148
45,46,14,22,62.8318530717959,0.1,8.66025403784439,5,6.61437827766148
45,46,21,32,62.8318530717959,0.1,8.66025403784439,5,4.33012701892219
45,46,21,40,-257.432628928405,-0.0244071053981546,8.66025403784439,5,7.5
45,46,22,32,-62.8318530717958,-0.1,8.66025403784439,5,4.33012701892219
45,46,22,38,257.432628928405,0.0244071053981545,8.66025403784439,5,7.5
45,46,56,74,62.8318530717958,0.1,8.66025403784439,5,4.33012701892219
45,46,56,79,-62.8318530717959,-0.1,8.66025403784439,5,4.33012701892219
45,46,62,79,257.432628928405,0.0244071053981546,8.66025403784439,5,7.5
45,46,63,74,-257.432628928405,-0.0244071053981545,8.66025403784439,5,7.5
45,46,74,86,-62.8318530717958,-0.1,8.66025403784439,5,6.61437827766147
45,46,79,86,62.8318530717959,0.1,8.66025403784439,5,6.61437827766147
45,56,14,21,-90.9816840965796,-0.0690598923241497,5,5,7.5
45,56,14,22,203.075741461747,0.0309401076758503,5,5,8.66025403784439
45,56,14,32,406.151482923494,0.0154700538379252,5,5,6.61437827766148
45,56,20,21,-140.712052701055,-0.0446527869259951,5,5,8.66025403784439
45,56,21,32,74.3308802673602,0.0845299461620748,5,5,5
45,56,21,40,-406.151482923494,-0.0154700538379252,5,5,6.61437827766148
45,56,22,32,-406.151482923494,-0.0154700538379252,5,5,6.61437827766148
45,56,22,46,90.9816840965796,0.0690598923241497,5,5,7.5
45,56,32,46,74.3308802673602,0.0845299461620748,5,5,5
45,56,40,62,406.151482923494,0.0154700538379252,5,5,6.61437827766148
45,56,46,63,-140.712052701055,-0.0446527869259951,5,5,8.66025403784439
45,56,46,74,406.151482923492,0.0154700538379252,5,5,6.61437827766147
45,56,62,70,140.712052701055,0.0446527869259951,5,5,8.66025403784439
45,56,62,79,74.3308802673602,0.0845299461620748,5,5,5
45,56,74,86,-406.151482923494,-0.0154700538379252,5,5,6.61437827766147
45,56,79,86,74.3308802673601,0.0845299461620749,5,5,5
45,62,14,21,-140.712052701055,-0.0446527869259951,5,5,8.66025403784439
45,62,20,21,-90.9816840965796,-0.0690598923241497,5,5,7.5
45,62,20,40,406.151482923494,0.0154700538379252,5,5,6.61437827766148
45,62,20,44,203.075741461747,0.0309401076758503,5,5,8.66025403784439
45,62,21,32,-406.151482923494,-0.0154700538379252,5,5,6.61437827766148
45,62,21,40,74.3308802673602,0.0845299461620748,5,5,5
45,62,32,56,406.151482923494,0.0154700538379252,5,5,6.61437827766148
45,62,40,44,406.151482923494,0.0154700538379252,5,5,6.61437827766148
45,62,40,70,74.3308802673602,0.0845299461620748,5,5,5
45,62,44,70,90.9816840965796,0.0690598923241497,5,5,7.5
45,62,46,56,-140.712052701055,-0.0446527869259951,5,5,8.66025403784439
45,62,56,79,74.3308802673602,0.0845299461620748,5,5,5
45,62,56,86,90.9816840965796,0.0690598923241497,5,5,7.5
45,62,79,86,-406.151482923493,-0.0154700538379252,5,5,6.61437827766147
45,70,10,21,-83.1187288206608,-0.0755928946018455,8.66025403784439,5,8.66025403784439
45,70,20,21,-62.8318530717959,-0.1,8.66025403784439,5,6.61437827766148
45,70,20,44,62.8318530717959,0.1,8.66025403784439,5,6.61437827766147
45,70,21,32,-257.432628928405,-0.0244071053981546,8.66025403784439,5,7.5
45,70,21,40,62.8318530717959,0.1,8.66025403784439,5,4.33012701892219
45,70,37,44,83.1187288206608,0.0755928946018455,8.66025403784439,5,8.66025403784439
45,70,40,44,62.8318530717959,0.1,8.66025403784439,5,4.33012701892219
45,70,44,78,257.432628928405,0.0244071053981545,8.66025403784439,5,7.5
45,70,56,79,257.432628928405,0.0244071053981546,8.66025403784439,5,7.5
45,70,62,79,-62.8318530717959,-0.1,8.66025403784439,5,4.33012701892219
45,79,14,32,-140.712052701055,-0.0446527869259951,5,5,8.66025403784439
45,79,20,40,-140.712052701055,-0.0446527869259951,5,5,8.66025403784439
45,79,21,32,406.151482923494,0.0154700538379252,5,5,6.61437827766148
45,79,21,40,406.151482923494,0.0154700538379252,5,5,6.61437827766148
45,79,32,46,90.9816840965796,0.0690598923241497,5,5,7.5
45,79,32,56,74.3308802673602,0.0845299461620748,5,5,5
45,79,40,62,74.3308802673602,0.0845299461620748,5,5,5
45,79,40,70,90.9816840965796,0.0690598923241497,5,5,7.5
45,79,46,56,406.151482923494,0.0154700538379252,5,5,6.61437827766148
45,79,46,74,203.075741461747,0.0309401076758503,5,5,8.66025403784439
45,79,56,74,406.151482923494,0.0154700538379251,5,5,6.61437827766147
45,79,56,86,74.3308802673601,0.0845299461620749,5,5,5
45,79,62,70,-406.151482923494,-0.0154700538379252,5,5,6.61437827766148
45,79,74,86,90.9816840965795,0.0690598923241497,5,5,7.5
45,86,21,32,257.432628928405,0.0244071053981545,8.66025403784438,5,7.5
45,86,22,32,-83.1187288206608,-0.0755928946018454,8.66025403784438,5,8.66025403784439
45,86,32,46,62.8318530717959,0.1,8.66025403784438,5,6.61437827766148
45,86,32,56,62.8318530717958,0.1,8.66025403784438,5,4.33012701892219
45,86,40,62,257.432628928405,0.0244071053981545,8.66025403784438,5,7.5
45,86,46,74,62.8318530717959,0.1,8.66025403784438,5,6.61437827766148
45,86,56,74,62.8318530717959,0.0999999999999999,8.66025403784438,5,4.33012701892219
45,86,62,79,62.8318530717958,0.1,8.66025403784438,5,4.33012701892219
45,86,63,74,83.1187288206608,0.0755928946018454,8.66025403784438,5,8.66025403784439
46,56,14,21,203.075741461747,0.0309401076758503,5,5,8.66025403784439
46,56,14,22,-90.9816840965796,-0.0690598923241497,5,5,7.5
46,56,14,32,406.151482923494,0.0154700538379252,5,5,6.61437827766148
46,56,21,32,-406.151482923494,-0.0154700538379252,5,5,6.61437827766148
46,56,21,45,90.9816840965796,0.0690598923241497,5,5,7.5
46,56,22,23,140.712052701055,0.0446527869259951,5,5,8.66025403784439
46,56,22,32,74.3308802673602,0.0845299461620748,5,5,5
46,56,22,38,-406.151482923494,-0.0154700538379252,5,5,6.61437827766148
46,56,32,45,74.3308802673602,0.0845299461620748,5,5,5
46,56,38,63,406.151482923495,0.0154700538379251,5,5,6.61437827766148
46,56,45,62,-140.712052701055,-0.0446527869259951,5,5,8.66025403784439
46,56,45,79,406.151482923494,0.0154700538379252,5,5,6.61437827766148
46,56,63,64,140.712052701054,0.0446527869259952,5,5,8.66025403784439
46,56,63,74,74.3308802673601,0.0845299461620749,5,5,5
46,56,74,86,74.3308802673601,0.0845299461620749,5,5,5
46,56,79,86,-406.151482923495,-0.0154700538379251,5,5,6.61437827766148
46,63,14,22,-140.712052701055,-0.0446527869259951,5,5,8.66025403784439
46,63,22,23,90.9816840965796,0.0690598923241497,5,5,7.5
46,63,22,32,-406.151482923493,-0.0154700538379252,5,5,6.61437827766147
46,63,22,38,74.3308802673601,0.0845299461620749,5,5,5
46,63,23,38,406.151482923492,0.0154700538379252,5,5,6.61437827766147
46,63,23,47,203.075741461747,0.0309401076758503,5,5,8.66025403784439
46,63,32,56,406.151482923494,0.0154700538379251,5,5,6.61437827766147
46,63,38,47,406.151482923495,0.0154700538379251,5,5,6.61437827766148
46,63,38,64,74.3308802673602,0.0845299461620748,5,5,5
46,63,45,56,-140.712052701055,-0.0446527869259951,5,5,8.66025403784439
46,63,47,64,90.9816840965796,0.0690598923241497,5,5,7.5
46,63,56,74,74.3308802673602,0.0845299461620748,5,5,5
46,63,56,86,90.9816840965796,0.0690598923241497,5,5,7.5
46,63,74,86,-406.151482923495,-0.0154700538379251,5,5,6.61437827766148
46,64,8,22,-83.1187288206608,-0.0755928946018454,8.66025403784439,5,8.66025403784439
46,64,22,23,62.8318530717958,0.1,8.66025403784439,5,6.61437827766147
46,64,22,32,-257.432628928405,-0.0244071053981546,8.66025403784439,5,7.5
46,64,22,38,62.8318530717958,0.1,8.66025403784439,5,4.33012701892219
46,64,23,47,62.8318530717958,0.1,8.66025403784439,5,6.61437827766147
46,64,33,47,83.1187288206608,0.0755928946018455,8.66025403784439,5,8.66025403784439
46,64,38,47,62.8318530717959,0.1,8.66025403784439,5,4.33012701892219
46,64,47,75,257.432628928405,0.0244071053981545,8.66025403784439,5,7.5
46,64,56,74,257.432628928405,0.0244071053981545,8.66025403784439,5,7.5
46,64,63,74,-62.8318530717959,-0.1,8.66025403784439,5,4.33012701892219
46,74,14,32,-140.712052701055,-0.0446527869259951,5,5,8.66025403784439
46,74,22,32,406.151482923493,0.0154700538379252,5,5,6.61437827766147
46,74,22,38,406.151482923494,0.0154700538379251,5,5,6.61437827766147
46,74,23,38,-140.712052701055,-0.0446527869259951,5,5,8.66025403784439
46,74,32,45,90.9816840965796,0.0690598923241497,5,5,7.5
46,74,32,56,74.3308802673601,0.0845299461620749,5,5,5
46,74,38,63,74.3308802673602,0.0845299461620748,5,5,5
46,74,38,64,90.9816840965796,0.0690598923241497,5,5,7.5
46,74,45,56,406.151482923492,0.0154700538379252,5,5,6.61437827766147
46,74,45,79,203.075741461747,0.0309401076758503,5,5,8.66025403784439
46,74,56,79,406.151482923495,0.0154700538379251,5,5,6.61437827766148
46,74,56,86,74.3308802673602,0.0845299461620748,5,5,5
46,74,63,64,-406.151482923495,-0.0154700538379251,5,5,6.61437827766148
46,74,79,86,90.9816840965796,0.0690598923241497,5,5,7.5
46,86,21,32,-83.1187288206608,-0.0755928946018454,8.66025403784439,5,8.66025403784439
46,86,22,32,257.432628928405,0.0244071053981546,8.66025403784439,5,7.5
46,86,32,45,62.8318530717958,0.1,8.66025403784439,5,6.61437827766147
46,86,32,56,62.8318530717958,0.1,8.66025403784439,5,4.33012701892219
46,86,38,63,257.432628928405,0.0244071053981545,8.66025403784439,5,7.5
46,86,45,79,62.8318530717958,0.1,8.66025403784439,5,6.61437827766147
46,86,56,79,62.8318530717959,0.1,8.66025403784439,5,4.33012701892219
46,86,62,79,83.1187288206608,0.0755928946018455,8.66025403784439,5,8.66025403784439
46,86,63,74,62.8318530717959,0.1,8.66025403784439,5,4.33012701892219
47,48,8,23,-83.1187288206608,-0.0755928946018455,8.66025403784439,5,8.66025403784439
47,48,11,24,83.1187288206608,0.0755928946018455,8.66025403784439,5,8.66025403784439
47,48,15,23,-62.8318530717959,-0.1,8.66025403784439,5,6.61437827766148
47,48,15,24,62.8318530717959,0.1,8.66025403784439,5,6.61437827766148
47,48,23,33,62.8318530717959,0.1,8.66025403784439,5,4.33012701892219
47,48,23,38,-257.432628928405,-0.0244071053981546,8.66025403784439,5,7.5
47,48,24,33,-62.8318530717958,-0.1,8.66025403784439,5,4.33012701892219
47,48,24,41,257.432628928405,0.0244071053981545,8.66025403784439,5,7.5
47,48,57,75,-62.8318530717958,-0.1,8.66025403784439,5,4.33012701892219
47,48,57,80,62.8318530717959,0.1,8.66025403784439,5,4.33012701892219
47,48,64,75,257.432628928405,0.0244071053981546,8.66025403784439,5,7.5
47,48,65,80,-257.432628928405,-0.0244071053981545,8.66025403784439,5,7.5
47,48,75,87,62.8318530717958,0.1,8.66025403784439,5,6.61437827766147
47,48,80,87,-62.8318530717959,-0.1,8.66025403784439,5,6.61437827766147
47,57,15,23,-90.9816840965796,-0.0690598923241497,5,5,7.5
47,57,15,24,203.075741461747,0.0309401076758503,5,5,8.66025403784439
47,57,15,33,406.151482923494,0.0154700538379252,5,5,6.61437827766148
47,57,22,23,-140.712052701055,-0.0446527869259951,5,5,8.66025403784439
47,57,23,33,74.3308802673602,0.0845299461620748,5,5,5
47,57,23,38,-406.151482923494,-0.0154700538379252,5,5,6.61437827766148
47,57,24,33,-406.151482923494,-0.0154700538379252,5,5,6.61437827766148
47,57,24,48,90.9816840965796,0.0690598923241497,5,5,7.5
47,57,33,48,74.3308802673602,0.0845299461620748,5,5,5
47,57,38,64,406.151482923495,0.0154700538379251,5,5,6.61437827766148
47,57,48,65,-140.712052701055,-0.0446527869259951,5,5,8.66025403784439
47,57,48,80,406.151482923494,0.0154700538379252,5,5,6.61437827766148
47,57,63,64,-140.712052701054,-0.0446527869259952,5,5,8.66025403784439
47,57,64,75,74.3308802673601,0.0845299461620749,5,5,5
47,57,75,87,74.3308802673601,0.0845299461620749,5,5,5
47,57,80,87,-406.151482923495,-0.0154700538379251,5,5,6.61437827766148
47,63,8,23,-83.1187288206608,-0.0755928946018454,8.66025403784439,5,8.66025403784439
47,63,22,23,-62.8318530717958,-0.1,8.66025403784439,5,6.61437827766147
47,63,22,46,62.8318530717958,0.1,8.66025403784439,5,6.61437827766147
47,63,23,33,-257.432628928405,-0.0244071053981546,8.66025403784439,5,7.5
47,63,23,38,62.8318530717958,0.1,8.66025403784439,5,4.33012701892219
47,63,32,46,83.1187288206608,0.0755928946018455,8.66025403784439,5,8.66025403784439
47,63,38,46,62.8318530717959,0.1,8.66025403784439,5,4.33012701892219
47,63,46,74,257.432628928405,0.0244071053981545,8.66025403784439,5,7.5
47,63,57,75,257.432628928405,0.0244071053981545,8.66025403784439,5,7.5
47,63,64,75,-62.8318530717959,-0.1,8.66025403784439,5,4.33012701892219
47,64,15,23,-140.712052701055,-0.0446527869259951,5,5,8.66025403784439
47,64,22,23,-90.9816840965796,-0.0690598923241497,5,5,7.5
47,64,22,38,406.151482923492,0.0154700538379252,5,5,6.61437827766147
47,64,22,46,203.075741461747,0.0309401076758503,5,5,8.66025403784439
47,64,23,33,-406.151482923493,-0.0154700538379252,5,5,6.61437827766147
47,64,23,38,74.3308802673601,0.0845299461620749,5,5,5
47,64,33,57,406.151482923494,0.0154700538379251,5,5,6.61437827766147
47,64,38,46,406.151482923495,0.0154700538379251,5,5,6.61437827766148
47,64,38,63,74.3308802673602,0.0845299461620748,5,5,5
47,64,46,63,90.9816840965796,0.0690598923241497,5,5,7.5
47,64,48,57,-140.712052701055,-0.0446527869259951,5,5,8.66025403784439
47,64,57,75,74.3308802673602,0.0845299461620748,5,5,5
47,64,57,87,90.9816840965796,0.0690598923241497,5,5,7.5
47,64,75,87,-406.151482923495,-0.0154700538379251,5,5,6.61437827766148
47,75,15,33,-140.712052701055,-0.0446527869259951,5,5,8.66025403784439
47,75,22,38,-140.712052701055,-0.0446527869259951,5,5,8.66025403784439
47,75,23,33,406.151482923493,0.0154700538379252,5,5,6.61437827766147
47,75,23,38,406.151482923494,0.0154700538379251,5,5,6.61437827766147
47,75,33,48,90.9816840965796,0.0690598923241497,5,5,7.5
47,75,33,57,74.3308802673601,0.0845299461620749,5,5,5
47,75,38,63,90.9816840965796,0.0690598923241497,5,5,7.5
47,75,38,64,74.3308802673602,0.0845299461620748,5,5,5
47,75,48,57,406.151482923492,0.0154700538379252,5,5,6.61437827766147
47,75,48,80,203.075741461747,0.0309401076758503,5,5,8.66025403784439
47,75,57,80,406.151482923495,0.0154700538379251,5,5,6.61437827766148
47,75,57,87,74.3308802673602,0.0845299461620748,5,5,5
47,75,63,64,406.151482923495,0.0154700538379251,5,5,6.61437827766148
47,75,80,87,90.9816840965796,0.0690598923241497,5,5,7.5
47,87,23,33,257.432628928405,0.0244071053981546,8.66025403784439,5,7.5
47,87,24,33,-83.1187288206608,-0.0755928946018454,8.66025403784439,5,8.66025403784439
47,87,33,48,62.8318530717958,0.1,8.66025403784439,5,6.61437827766147
47,87,33,57,62.8318530717958,0.1,8.66025403784439,5,4.33012701892219
47,87,38,64,257.432628928405,0.0244071053981545,8.66025403784439,5,7.5
47,87,48,80,62.8318530717958,0.1,8.66025403784439,5,6.61437827766147
47,87,57,80,62.8318530717959,0.1,8.66025403784439,5,4.33012701892219
47,87,64,75,62.8318530717959,0.1,8.66025403784439,5,4.33012701892219
47,87,65,80,83.1187288206608,0.0755928946018455,8.66025403784439,5,8.66025403784439
48,57,15,23,203.075741461747,0.0309401076758503,5,5,8.66025403784439
48,57,15,24,-90.9816840965796,-0.0690598923241497,5,5,7.5
48,57,15,33,406.151482923494,0.0154700538379252,5,5,6.61437827766148
48,57,23,33,-406.151482923494,-0.0154700538379252,5,5,6.61437827766148
48,57,23,47,90.9816840965796,0.0690598923241497,5,5,7.5
48,57,24,25,140.712052701055,0.0446527869259951,5,5,8.66025403784439
48,57,24,33,74.3308802673602,0.0845299461620748,5,5,5
48,57,24,41,-406.151482923494,-0.0154700538379252,5,5,6.61437827766148
48,57,33,47,74.3308802673602,0.0845299461620748,5,5,5
48,57,41,65,406.151482923494,0.0154700538379252,5,5,6.61437827766148
48,57,47,64,-140.712052701055,-0.0446527869259951,5,5,8.66025403784439
48,57,47,75,406.151482923492,0.0154700538379252,5,5,6.61437827766147
48,57,65,71,140.712052701055,0.0446527869259951,5,5,8.66025403784439
48,57,65,80,74.3308802673602,0.0845299461620748,5,5,5
48,57,75,87,-406.151482923494,-0.0154700538379252,5,5,6.61437827766147
48,57,80,87,74.3308802673601,0.0845299461620749,5,5,5
48,65,15,24,-140.712052701055,-0.0446527869259951,5,5,8.66025403784439
48,65,24,25,90.9816840965796,0.0690598923241497,5,5,7.5
48,65,24,33,-406.151482923494,-0.0154700538379252,5,5,6.61437827766148
48,65,24,41,74.3308802673602,0.0845299461620748,5,5,5
48,65,25,41,406.151482923494,0.0154700538379252,5,5,6.61437827766148
48,65,25,49,203.075741461747,0.0309401076758503,5,5,8.66025403784439
48,65,33,57,406.151482923494,0.0154700538379252,5,5,6.61437827766148
48,65,41,49,406.151482923494,0.0154700538379252,5,5,6.61437827766148
48,65,41,71,74.3308802673602,0.0845299461620748,5,5,5
48,65,47,57,-140.712052701055,-0.0446527869259951,5,5,8.66025403784439
48,65,49,71,90.9816840965796,0.0690598923241497,5,5,7.5
48,65,57,80,74.3308802673602,0.0845299461620748,5,5,5
48,65,57,87,90.9816840965796,0.0690598923241497,5,5,7.5
48,65,80,87,-406.151482923493,-0.0154700538379252,5,5,6.61437827766147
48,71,11,24,-83.1187288206608,-0.0755928946018455,8.66025403784439,5,8.66025403784439
48,71,24,25,62.8318530717959,0.1,8.66025403784439,5,6.61437827766148
48,71,24,33,-257.432628928405,-0.0244071053981546,8.66025403784439,5,7.5
48,71,24,41,62.8318530717959,0.1,8.66025403784439,5,4.33012701892219
48,71,25,49,62.8318530717959,0.1,8.66025403784439,5,6.61437827766147
48,71,36,49,83.1187288206608,0.0755928946018455,8.66025403784439,5,8.66025403784439
48,71,41,49,62.8318530717959,0.1,8.66025403784439,5,4.33012701892219
48,71,49,81,257.432628928405,0.0244071053981545,8.66025403784439,5,7.5
48,71,57,80,257.432628928405,0.0244071053981546,8.66025403784439,5,7.5
48,71,65,80,-62.8318530717959,-0.1,8.66025403784439,5,4.33012701892219
48,80,15,33,-140.712052701055,-0.0446527869259951,5,5,8.66025403784439
48,80,24,33,406.151482923494,0.0154700538379252,5,5,6.61437827766148
48,80,24,41,406.151482923494,0.0154700538379252,5,5,6.61437827766148
48,80,25,41,-140.712052701055,-0.0446527869259951,5,5,8.66025403784439
48,80,33,47,90.9816840965796,0.0690598923241497,5,5,7.5
48,80,33,57,74.3308802673602,0.0845299461620748,5,5,5
48,80,41,65,74.3308802673602,0.0845299461620748,5,5,5
48,80,41,71,90.9816840965796,0.0690598923241497,5,5,7.5
48,80,47,57,406.151482923494,0.0154700538379252,5,5,6.61437827766148
48,80,47,75,203.075741461747,0.0309401076758503,5,5,8.66025403784439
48,80,57,75,406.151482923494,0.0154700538379251,5,5,6.61437827766147
48,80,57,87,74.3308802673601,0.0845299461620749,5,5,5
48,80,65,71,-406.151482923494,-0.0154700538379252,5,5,6.61437827766148
48,80,75,87,90.9816840965795,0.0690598923241497,5,5,7.5
48,87,23,33,-83.1187288206608,-0.0755928946018454,8.66025403784438,5,8.66025403784439
48,87,24,33,257.432628928405,0.0244071053981545,8.66025403784438,5,7.5
48,87,33,47,62.8318530717959,0.1,8.66025403784438,5,6.61437827766148
48,87,33,57,62.8318530717958,0.1,8.66025403784438,5,4.33012701892219
48,87,41,65,257.432628928405,0.0244071053981545,8.66025403784438,5,7.5
48,87,47,75,62.8318530717959,0.1,8.66025403784438,5,6.61437827766148
48,87,57,75,62.8318530717959,0.0999999999999999,8.66025403784438,5,4.33012701892219
48,87,64,75,83.1187288206608,0.0755928946018454,8.66025403784438,5,8.66025403784439
48,87,65,80,62.8318530717958,0.1,8.66025403784438,5,4.33012701892219
49,50,11,25,-83.1187288206608,-0.0755928946018455,8.66025403784439,5,8.66025403784439
49,50,12,26,83.1187288206608,0.0755928946018454,8.66025403784439,5,8.66025403784439
49,50,16,25,-62.8318530717959,-0.1,8.66025403784439,5,6.61437827766148
49,50,16,26,62.8318530717959,0.1,8.66025403784439,5,6.61437827766148
49,50,25,36,62.8318530717959,0.1,8.66025403784439,5,4.33012701892219
49,50,25,41,-257.432628928405,-0.0244071053981545,8.66025403784439,5,7.5
49,50,26,36,-62.8318530717958,-0.1,8.66025403784439,5,4.33012701892219
49,50,26,42,257.432628928405,0.0244071053981545,8.66025403784439,5,7.5
49,50,58,81,-62.8318530717959,-0.1,8.66025403784439,5,4.33012701892219
49,50,58,82,62.8318530717959,0.1,8.66025403784439,5,4.33012701892219
49,50,71,81,257.432628928405,0.0244071053981545,8.66025403784439,5,7.5
49,50,72,82,-257.432628928405,-0.0244071053981545,8.66025403784439,5,7.5
49,50,81,90,62.8318530717959,0.1,8.66025403784439,5,6.61437827766148
49,50,82,90,-62.8318530717959,-0.1,8.66025403784439,5,6.61437827766148
49,58,16,25,-90.9816840965796,-0.0690598923241497,5,5,7.5
49,58,16,26,203.075741461747,0.0309401076758503,5,5,8.66025403784439
49,58,16,36,406.151482923494,0.0154700538379252,5,5,6.61437827766148
49,58,24,25,-140.712052701055,-0.0446527869259951,5,5,8.66025403784439
49,58,25,36,74.3308802673602,0.0845299461620748,5,5,5
49,58,25,41,-406.151482923494,-0.0154700538379252,5,5,6.61437827766148
49,58,26,36,-406.151482923494,-0.0154700538379252,5,5,6.61437827766148
49,58,26,50,90.9816840965796,0.0690598923241497,5,5,7.5
49,58,36,50,74.3308802673602,0.0845299461620748,5,5,5
49,58,41,71,406.151482923494,0.0154700538379252,5,5,6.61437827766148
49,58,50,72,-140.712052701055,-0.0446527869259951,5,5,8.66025403784439
49,58,50,82,406.151482923494,0.0154700538379252,5,5,6.61437827766148
49,58,65,71,-140.712052701055,-0.0446527869259951,5,5,8.66025403784439
49,58,71,81,74.3308802673602,0.0845299461620748,5,5,5
49,58,81,90,74.3308802673602,0.0845299461620748,5,5,5
49,58,82,90,-406.151482923494,-0.0154700538379252,5,5,6.61437827766148
49,65,11,25,-83.1187288206608,-0.0755928946018455,8.66025403784439,5,8.66025403784439
49,65,24,25,-62.8318530717959,-0.1,8.66025403784439,5,6.61437827766148
49,65,24,48,62.8318530717959,0.1,8.66025403784439,5,6.61437827766148
49,65,25,36,-257.432628928405,-0.0244071053981545,8.66025403784439,5,7.5
49,65,25,41,62.8318530717959,0.1,8.66025403784439,5,4.33012701892219
49,65,33,48,83.1187288206608,0.0755928946018454,8.66025403784439,5,8.66025403784439
49,65,41,48,62.8318530717959,0.1,8.66025403784439,5,4.33012701892219
49,65,48,80,257.432628928405,0.0244071053981545,8.66025403784439,5,7.5
49,65,58,81,257.432628928405,0.0244071053981545,8.66025403784439,5,7.5
49,65,71,81,-62.8318530717959,-0.1,8.66025403784439,5,4.33012701892219
49,71,16,25,-140.712052701055,-0.0446527869259951,5,5,8.66025403784439
49,71,24,25,-90.9816840965796,-0.0690598923241497,5,5,7.5
49,71,24,41,406.151482923494,0.0154700538379252,5,5,6.61437827766148
49,71,24,48,203.075741461747,0.0309401076758503,5,5,8.66025403784439
49,71,25,36,-406.151482923494,-0.0154700538379252,5,5,6.61437827766148
49,71,25,41,74.3308802673602,0.0845299461620748,5,5,5
49,71,36,58,406.151482923494,0.0154700538379252,5,5,6.61437827766148
49,71,41,48,406.151482923494,0.0154700538379252,5,5,6.61437827766148
49,71,41,65,74.3308802673602,0.0845299461620748,5,5,5
49,71,48,65,90.9816840965796,0.0690598923241497,5,5,7.5
49,71,50,58,-140.712052701055,-0.0446527869259951,5,5,8.66025403784439
49,71,58,81,74.3308802673602,0.0845299461620748,5,5,5
49,71,58,90,90.9816840965796,0.0690598923241497,5,5,7.5
49,71,81,90,-406.151482923494,-0.0154700538379252,5,5,6.61437827766148
49,81,16,36,-140.712052701055,-0.0446527869259951,5,5,8.66025403784439
49,81,24,41,-140.712052701055,-0.0446527869259951,5,5,8.66025403784439
49,81,25,36,406.151482923494,0.0154700538379252,5,5,6.61437827766148
49,81,25,41,406.151482923494,0.0154700538379252,5,5,6.61437827766148
49,81,36,50,90.9816840965796,0.0690598923241497,5,5,7.5
49,81,36,58,74.3308802673602,0.0845299461620748,5,5,5
49,81,41,65,90.9816840965796,0.0690598923241497,5,5,7.5
49,81,41,71,74.3308802673602,0.0845299461620748,5,5,5
49,81,50,58,406.151482923494,0.0154700538379252,5,5,6.61437827766148
49,81,50,82,203.075741461747,0.0309401076758503,5,5,8.66025403784439
49,81,58,82,406.151482923494,0.0154700538379252,5,5,6.61437827766148
49,81,58,90,74.3308802673602,0.0845299461620748,5,5,5
49,81,65,71,406.151482923494,0.0154700538379252,5,5,6.61437827766147
49,81,82,90,90.9816840965796,0.0690598923241497,5,5,7.5
50,58,16,25,203.075741461747,0.0309401076758503,5,5,8.66025403784439
50,58,16,26,-90.9816840965796,-0.0690598923241497,5,5,7.5
50,58,16,36,406.151482923494,0.0154700538379252,5,5,6.61437827766148
50,58,25,36,-406.151482923494,-0.0154700538379252,5,5,6.61437827766148
50,58,25,49,90.9816840965796,0.0690598923241497,5,5,7.5
50,58,26,27,140.712052701055,0.0446527869259951,5,5,8.66025403784439
50,58,26,36,74.3308802673602,0.0845299461620748,5,5,5
50,58,26,42,-406.151482923494,-0.0154700538379252,5,5,6.61437827766148
50,58,36,49,74.3308802673602,0.0845299461620748,5,5,5
50,58,42,72,406.151482923494,0.0154700538379252,5,5,6.61437827766148
50,58,49,71,-140.712052701055,-0.0446527869259951,5,5,8.66025403784439
50,58,49,81,406.151482923494,0.0154700538379252,5,5,6.61437827766148
50,58,66,72,-140.712052701055,-0.0446527869259951,5,5,8.66025403784439
50,58,72,82,74.3308802673602,0.0845299461620748,5,5,5
50,58,81,90,-406.151482923494,-0.0154700538379252,5,5,6.61437827766148
50,58,82,90,74.3308802673602,0.0845299461620748,5,5,5
50,66,12,26,-83.1187288206608,-0.0755928946018455,8.66025403784439,5,8.66025403784439
50,66,26,27,62.8318530717959,0.1,8.66025403784439,5,6.61437827766148
50,66,26,36,-257.432628928405,-0.0244071053981545,8.66025403784439,5,7.5
50,66,26,42,62.8318530717959,0.1,8.66025403784439,5,4.33012701892219
50,66,27,51,62.8318530717959,0.1,8.66025403784439,5,6.61437827766148
50,66,34,51,83.1187288206608,0.0755928946018454,8.66025403784439,5,8.66025403784439
50,66,42,51,62.8318530717959,0.1,8.66025403784439,5,4.33012701892219
50,66,51,83,257.432628928405,0.0244071053981545,8.66025403784439,5,7.5
50,66,58,82,257.432628928405,0.0244071053981545,8.66025403784439,5,7.5
50,66,72,82,-62.8318530717959,-0.1,8.66025403784439,5,4.33012701892219
50,72,16,26,-140.712052701055,-0.0446527869259951,5,5,8.66025403784439
50,72,26,27,90.9816840965796,0.0690598923241497,5,5,7.5
50,72,26,36,-406.151482923494,-0.0154700538379252,5,5,6.61437827766148
50,72,26,42,74.3308802673602,0.0845299461620748,5,5,5
50,72,27,42,406.151482923494,0.0154700538379252,5,5,6.61437827766148
50,72,27,51,203.075741461747,0.0309401076758503,5,5,8.66025403784439
50,72,36,58,406.151482923494,0.0154700538379252,5,5,6.61437827766148
50,72,42,51,406.151482923494,0.0154700538379252,5,5,6.61437827766148
50,72,42,66,74.3308802673602,0.0845299461620748,5,5,5
50,72,49,58,-140.712052701055,-0.0446527869259951,5,5,8.66025403784439
50,72,51,66,90.9816840965796,0.0690598923241497,5,5,7.5
50,72,58,82,74.3308802673602,0.0845299461620748,5,5,5
50,72,58,90,90.9816840965796,0.0690598923241497,5,5,7.5
50,72,82,90,-406.151482923494,-0.0154700538379252,5,5,6.61437827766148
50,82,16,36,-140.712052701055,-0.0446527869259951,5,5,8.66025403784439
50,82,26,36,406.151482923494,0.0154700538379252,5,5,6.61437827766148
50,82,26,42,406.151482923494,0.0154700538379252,5,5,6.61437827766148
50,82,27,42,-140.712052701055,-0.0446527869259951,5,5,8.66025403784439
50,82,36,49,90.9816840965796,0.0690598923241497,5,5,7.5
50,82,36,58,74.3308802673602,0.0845299461620748,5,5,5
50,82,42,66,90.9816840965796,0.0690598923241497,5,5,7.5
50,82,42,72,74.3308802673602,0.0845299461620748,5,5,5
50,82,49,58,406.151482923494,0.0154700538379252,5,5,6.61437827766148
50,82,49,81,203.075741461747,0.0309401076758503,5,5,8.66025403784439
50,82,58,81,406.151482923494,0.0154700538379252,5,5,6.61437827766148
50,82,58,90,74.3308802673602,0.0845299461620748,5,5,5
50,82,66,72,406.151482923494,0.0154700538379252,5,5,6.61437827766147
50,82,81,90,90.9816840965796,0.0690598923241497,5,5,7.5
51,52,9,28,83.1187288206608,0.0755928946018454,8.66025403784439,5,8.66025403784439
51,52,12,27,-83.1187288206608,-0.0755928946018455,8.66025403784439,5,8.66025403784439
51,52,17,27,-62.8318530717959,-0.1,8.66025403784439,5,6.61437827766148
51,52,17,28,62.8318530717959,0.1,8.66025403784439,5,6.61437827766148
51,52,27,34,62.8318530717959,0.1,8.66025403784439,5,4.33012701892219
51,52,27,42,-257.432628928405,-0.0244071053981546,8.66025403784439,5,7.5
51,52,28,34,-62.8318530717958,-0.1,8.66025403784439,5,4.33012701892219
51,52,28,39,257.432628928405,0.0244071053981545,8.66025403784439,5,7.5
51,52,59,76,62.8318530717958,0.1,8.66025403784439,5,4.33012701892219
51,52,59,83,-62.8318530717959,-0.1,8.66025403784439,5,4.33012701892219
51,52,66,83,257.432628928405,0.0244071053981546,8.66025403784439,5,7.5
51,52,67,76,-257.432628928405,-0.0244071053981545,8.66025403784439,5,7.5
51,52,76,88,-62.8318530717958,-0.1,8.66025403784439,5,6.61437827766147
51,52,83,88,62.8318530717959,0.1,8.66025403784439,5,6.61437827766147
51,59,17,27,-90.9816840965796,-0.0690598923241497,5,5,7.5
51,59,17,28,203.075741461747,0.0309401076758503,5,5,8.66025403784439
51,59,17,34,406.151482923494,0.0154700538379252,5,5,6.61437827766148
51,59,26,27,-140.712052701055,-0.0446527869259951,5,5,8.66025403784439
51,59,27,34,74.3308802673602,0.0845299461620748,5,5,5
51,59,27,42,-406.151482923494,-0.0154700538379252,5,5,6.61437827766148
51,59,28,34,-406.151482923494,-0.0154700538379252,5,5,6.61437827766148
51,59,28,52,90.9816840965796,0.0690598923241497,5,5,7.5
51,59,34,52,74.3308802673602,0.0845299461620748,5,5,5
51,59,42,66,406.151482923494,0.0154700538379252,5,5,6.61437827766148
51,59,52,67,-140.712052701055,-0.0446527869259951,5,5,8.66025403784439
51,59,52,76,406.151482923492,0.0154700538379252,5,5,6.61437827766147
51,59,66,72,140.712052701055,0.0446527869259951,5,5,8.66025403784439
51,59,66,83,74.3308802673602,0.0845299461620748,5,5,5
51,59,76,88,-406.151482923494,-0.0154700538379252,5,5,6.61437827766147
51,59,83,88,74.3308802673601,0.0845299461620749,5,5,5
51,66,17,27,-140.712052701055,-0.0446527869259951,5,5,8.66025403784439
51,66,26,27,-90.9816840965796,-0.0690598923241497,5,5,7.5
51,66,26,42,406.151482923494,0.0154700538379252,5,5,6.61437827766148
51,66,26,50,203.075741461747,0.0309401076758503,5,5,8.66025403784439
51,66,27,34,-406.151482923494,-0.0154700538379252,5,5,6.61437827766148
51,66,27,42,74.3308802673602,0.0845299461620748,5,5,5
51,66,34,59,406.151482923494,0.0154700538379252,5,5,6.61437827766148
51,66,42,50,406.151482923494,0.0154700538379252,5,5,6.61437827766148
51,66,42,72,74.3308802673602,0.0845299461620748,5,5,5
51,66,50,72,90.9816840965796,0.0690598923241497,5,5,7.5
51,66,52,59,-140.712052701055,-0.0446527869259951,5,5,8.66025403784439
51,66,59,83,74.3308802673602,0.0845299461620748,5,5,5
51,66,59,88,90.9816840965796,0.0690598923241497,5,5,7.5
51,66,83,88,-406.151482923493,-0.0154700538379252,5,5,6.61437827766147
51,72,12,27,-83.1187288206608,-0.0755928946018455,8.66025403784439,5,8.66025403784439
51,72,26,27,-62.8318530717959,-0.1,8.66025403784439,5,6.61437827766148
51,72,26,50,62.8318530717959,0.1,8.66025403784439,5,6.61437827766147
51,72,27,34,-257.432628928405,-0.0244071053981546,8.66025403784439,5,7.5
51,72,27,42,62.8318530717959,0.1,8.66025403784439,5,4.33012701892219
51,72,36,50,83.1187288206608,0.0755928946018455,8.66025403784439,5,8.66025403784439
51,72,42,50,62.8318530717959,0.1,8.66025403784439,5,4.33012701892219
51,72,50,82,257.432628928405,0.0244071053981545,8.66025403784439,5,7.5
51,72,59,83,257.432628928405,0.0244071053981546,8.66025403784439,5,7.5
51,72,66,83,-62.8318530717959,-0.1,8.66025403784439,5,4.33012701892219
51,83,17,34,-140.712052701055,-0.0446527869259951,5,5,8.66025403784439
51,83,26,42,-140.712052701055,-0.0446527869259951,5,5,8.66025403784439
51,83,27,34,406.151482923494,0.0154700538379252,5,5,6.61437827766148
51,83,27,42,406.151482923494,0.0154700538379252,5,5,6.61437827766148
51,83,34,52,90.9816840965796,0.0690598923241497,5,5,7.5
51,83,34,59,74.3308802673602,0.0845299461620748,5,5,5
51,83,42,66,74.3308802673602,0.0845299461620748,5,5,5
51,83,42,72,90.9816840965796,0.0690598923241497,5,5,7.5
51,83,52,59,406.151482923494,0.0154700538379252,5,5,6.61437827766148
51,83,52,76,203.075741461747,0.0309401076758503,5,5,8.66025403784439
51,83,59,76,406.151482923494,0.0154700538379251,5,5,6.61437827766147
51,83,59,88,74.3308802673601,0.0845299461620749,5,5,5
51,83,66,72,-406.151482923494,-0.0154700538379252,5,5,6.61437827766148
51,83,76,88,90.9816840965795,0.0690598923241497,5,5,7.5
51,88,27,34,257.432628928405,0.0244071053981545,8.66025403784438,5,7.5
51,88,28,34,-83.1187288206608,-0.0755928946018454,8.66025403784438,5,8.66025403784439
51,88,34,52,62.8318530717959,0.1,8.66025403784438,5,6.61437827766148
51,88,34,59,62.8318530717958,0.1,8.66025403784438,5,4.33012701892219
51,88,42,66,257.432628928405,0.0244071053981545,8.66025403784438,5,7.5
51,88,52,76,62.8318530717959,0.1,8.66025403784438,5,6.61437827766148
51,88,59,76,62.8318530717959,0.0999999999999999,8.66025403784438,5,4.33012701892219
51,88,66,83,62.8318530717958,0.1,8.66025403784438,5,4.33012701892219
51,88,67,76,83.1187288206608,0.0755928946018454,8.66025403784438,5,8.66025403784439
52,59,17,27,203.075741461747,0.0309401076758503,5,5,8.66025403784439
52,59,17,28,-90.9816840965796,-0.0690598923241497,5,5,7.5
52,59,17,34,406.151482923494,0.0154700538379252,5,5,6.61437827766148
52,59,27,34,-406.151482923494,-0.0154700538379252,5,5,6.61437827766148
52,59,27,51,90.9816840965796,0.0690598923241497,5,5,7.5
52,59,28,29,140.712052701055,0.0446527869259951,5,5,8.66025403784439
52,59,28,34,74.3308802673602,0.0845299461620748,5,5,5
52,59,28,39,-406.151482923494,-0.0154700538379252,5,5,6.61437827766148
52,59,34,51,74.3308802673602,0.0845299461620748,5,5,5
52,59,39,67,406.151482923495,0.0154700538379251,5,5,6.61437827766148
52,59,51,66,-140.712052701055,-0.0446527869259951,5,5,8.66025403784439
52,59,51,83,406.151482923494,0.0154700538379252,5,5,6.61437827766148
52,59,67,68,140.712052701054,0.0446527869259952,5,5,8.66025403784439
52,59,67,76,74.3308802673601,0.0845299461620749,5,5,5
52,59,76,88,74.3308802673601,0.0845299461620749,5,5,5
52,59,83,88,-406.151482923495,-0.0154700538379251,5,5,6.61437827766148
52,67,17,28,-140.712052701055,-0.0446527869259951,5,5,8.66025403784439
52,67,28,29,90.9816840965796,0.0690598923241497,5,5,7.5
52,67,28,34,-406.151482923493,-0.0154700538379252,5,5,6.61437827766147
52,67,28,39,74.3308802673601,0.0845299461620749,5,5,5
52,67,29,39,406.151482923492,0.0154700538379252,5,5,6.61437827766147
52,67,29,53,203.075741461747,0.0309401076758503,5,5,8.66025403784439
52,67,34,59,406.151482923494,0.0154700538379251,5,5,6.61437827766147
52,67,39,53,406.151482923495,0.0154700538379251,5,5,6.61437827766148
52,67,39,68,74.3308802673602,0.0845299461620748,5,5,5
52,67,51,59,-140.712052701055,-0.0446527869259951,5,5,8.66025403784439
52,67,53,68,90.9816840965796,0.0690598923241497,5,5,7.5
52,67,59,76,74.3308802673602,0.0845299461620748,5,5,5
52,67,59,88,90.9816840965796,0.0690598923241497,5,5,7.5
52,67,76,88,-406.151482923495,-0.0154700538379251,5,5,6.61437827766148
52,68,9,28,-83.1187288206608,-0.0755928946018454,8.66025403784439,5,8.66025403784439
52,68,28,29,62.8318530717958,0.1,8.66025403784439,5,6.61437827766147
52,68,28,34,-257.432628928405,-0.0244071053981546,8.66025403784439,5,7.5
52,68,28,39,62.8318530717958,0.1,8.66025403784439,5,4.33012701892219
52,68,29,53,62.8318530717958,0.1,8.66025403784439,5,6.61437827766147
52,68,35,53,83.1187288206608,0.0755928946018455,8.66025403784439,5,8.66025403784439
52,68,39,53,62.8318530717959,0.1,8.66025403784439,5,4.33012701892219
52,68,53,77,257.432628928405,0.0244071053981545,8.66025403784439,5,7.5
52,68,59,76,257.432628928405,0.0244071053981545,8.66025403784439,5,7.5
52,68,67,76,-62.8318530717959,-0.1,8.66025403784439,5,4.33012701892219
52,76,17,34,-140.712052701055,-0.0446527869259951,5,5,8.66025403784439
52,76,28,34,406.151482923493,0.0154700538379252,5,5,6.61437827766147
52,76,28,39,406.151482923494,0.0154700538379251,5,5,6.61437827766147
52,76,29,39,-140.712052701055,-0.0446527869259951,5,5,8.66025403784439
52,76,34,51,90.9816840965796,0.0690598923241497,5,5,7.5
52,76,34,59,74.3308802673601,0.0845299461620749,5,5,5
52,76,39,67,74.3308802673602,0.0845299461620748,5,5,5
52,76,39,68,90.9816840965796,0.0690598923241497,5,5,7.5
52,76,51,59,406.151482923492,0.0154700538379252,5,5,6.61437827766147
52,76,51,83,203.075741461747,0.0309401076758503,5,5,8.66025403784439
52,76,59,83,406.151482923495,0.0154700538379251,5,5,6.61437827766148
52,76,59,88,74.3308802673602,0.0845299461620748,5,5,5
52,76,67,68,-406.151482923495,-0.0154700538379251,5,5,6.61437827766148
52,76,83,88,90.9816840965796,0.0690598923241497,5,5,7.5
52,88,27,34,-83.1187288206608,-0.0755928946018454,8.66025403784439,5,8.66025403784439
52,88,28,34,257.432628928405,0.0244071053981546,8.66025403784439,5,7.5
52,88,34,51,62.8318530717958,0.1,8.66025403784439,5,6.61437827766147
52,88,34,59,62.8318530717958,0.1,8.66025403784439,5,4.33012701892219
52,88,39,67,257.432628928405,0.0244071053981545,8.66025403784439,5,7.5
52,88,51,83,62.8318530717958,0.1,8.66025403784439,5,6.61437827766147
52,88,59,83,62.8318530717959,0.1,8.66025403784439,5,4.33012701892219
52,88,66,83,83.1187288206608,0.0755928946018455,8.66025403784439,5,8.66025403784439
52,88,67,76,62.8318530717959,0.1,8.66025403784439,5,4.33012701892219
53,54,9,29,-83.1187288206608,-0.0755928946018455,8.66025403784439,5,8.66025403784439
53,54,13,30,83.1187288206608,0.0755928946018455,8.66025403784439,5,8.66025403784439
53,54,18,29,-62.8318530717959,-0.1,8.66025403784439,5,6.61437827766148
53,54,18,30,62.8318530717959,0.1,8.66025403784439,5,6.61437827766148
53,54,29,35,62.8318530717959,0.1,8.66025403784439,5,4.33012701892219
53,54,29,39,-257.432628928405,-0.0244071053981546,8.66025403784439,5,7.5
53,54,30,35,-62.8318530717958,-0.1,8.66025403784439,5,4.33012701892219
53,54,30,43,257.432628928405,0.0244071053981545,8.66025403784439,5,7.5
53,54,60,77,-62.8318530717958,-0.1,8.66025403784439,5,4.33012701892219
53,54,60,84,62.8318530717959,0.1,8.66025403784439,5,4.33012701892219
53,54,68,77,257.432628928405,0.0244071053981546,8.66025403784439,5,7.5
53,54,69,84,-257.432628928405,-0.0244071053981545,8.66025403784439,5,7.5
53,54,77,89,62.8318530717958,0.1,8.66025403784439,5,6.61437827766147
53,54,84,89,-62.8318530717959,-0.1,8.66025403784439,5,6.61437827766147
53,60,18,29,-90.9816840965796,-0.0690598923241497,5,5,7.5
53,60,18,30,203.075741461747,0.0309401076758503,5,5,8.66025403784439
53,60,18,35,406.151482923494,0.0154700538379252,5,5,6.61437827766148
53,60,28,29,-140.712052701055,-0.0446527869259951,5,5,8.66025403784439
53,60,29,35,74.3308802673602,0.0845299461620748,5,5,5
53,60,29,39,-406.151482923494,-0.0154700538379252,5,5,6.61437827766148
53,60,30,35,-406.151482923494,-0.0154700538379252,5,5,6.61437827766148
53,60,30,54,90.9816840965796,0.0690598923241497,5,5,7.5
53,60,35,54,74.3308802673602,0.0845299461620748,5,5,5
53,60,39,68,406.151482923495,0.0154700538379251,5,5,6.61437827766148
53,60,54,69,-140.712052701055,-0.0446527869259951,5,5,8.66025403784439
53,60,54,84,406.151482923494,0.0154700538379252,5,5,6.61437827766148
53,60,67,68,-140.712052701054,-0.0446527869259952,5,5,8.66025403784439
53,60,68,77,74.3308802673601,0.0845299461620749,5,5,5
53,60,77,89,74.3308802673601,0.0845299461620749,5,5,5
53,60,84,89,-406.151482923495,-0.0154700538379251,5,5,6.61437827766148
53,67,9,29,-83.1187288206608,-0.0755928946018454,8.66025403784439,5,8.66025403784439
53,67,28,29,-62.8318530717958,-0.1,8.66025403784439,5,6.61437827766147
53,67,28,52,62.8318530717958,0.1,8.66025403784439,5,6.61437827766147
53,67,29,35,-257.432628928405,-0.0244071053981546,8.66025403784439,5,7.5
53,67,29,39,62.8318530717958,0.1,8.66025403784439,5,4.33012701892219
53,67,34,52,83.1187288206608,0.0755928946018455,8.66025403784439,5,8.66025403784439
53,67,39,52,62.8318530717959,0.1,8.66025403784439,5,4.33012701892219
53,67,52,76,257.432628928405,0.0244071053981545,8.66025403784439,5,7.5
53,67,60,77,257.432628928405,0.0244071053981545,8.66025403784439,5,7.5
53,67,68,77,-62.8318530717959,-0.1,8.66025403784439,5,4.33012701892219
53,68,18,29,-140.712052701055,-0.0446527869259951,5,5,8.66025403784439
53,68,28,29,-90.9816840965796,-0.0690598923241497,5,5,7.5
53,68,28,39,406.151482923492,0.0154700538379252,5,5,6.61437827766147
53,68,28,52,203.075741461747,0.0309401076758503,5,5,8.66025403784439
53,68,29,35,-406.151482923493,-0.0154700538379252,5,5,6.61437827766147
53,68,29,39,74.3308802673601,0.0845299461620749,5,5,5
53,68,35,60,406.151482923494,0.0154700538379251,5,5,6.61437827766147
53,68,39,52,406.151482923495,0.0154700538379251,5,5,6.61437827766148
53,68,39,67,74.3308802673602,0.0845299461620748,5,5,5
53,68,52,67,90.9816840965796,0.0690598923241497,5,5,7.5
53,68,54,60,-140.712052701055,-0.0446527869259951,5,5,8.66025403784439
53,68,60,77,74.3308802673602,0.0845299461620748,5,5,5
53,68,60,89,90.9816840965796,0.0690598923241497,5,5,7.5
53,68,77,89,-406.151482923495,-0.0154700538379251,5,5,6.61437827766148
53,77,18,35,-140.712052701055,-0.0446527869259951,5,5,8.66025403784439
53,77,28,39,-140.712052701055,-0.0446527869259951,5,5,8.66025403784439
53,77,29,35,406.151482923493,0.0154700538379252,5,5,6.61437827766147
53,77,29,39,406.151482923494,0.0154700538379251,5,5,6.61437827766147
53,77,35,54,90.9816840965796,0.0690598923241497,5,5,7.5
53,77,35,60,74.3308802673601,0.0845299461620749,5,5,5
53,77,39,67,90.9816840965796,0.0690598923241497,5,5,7.5
53,77,39,68,74.3308802673602,0.0845299461620748,5,5,5
53,77,54,60,406.151482923492,0.0154700538379252,5,5,6.61437827766147
53,77,54,84,203.075741461747,0.0309401076758503,5,5,8.66025403784439
53,77,60,84,406.151482923495,0.0154700538379251,5,5,6.61437827766148
53,77,60,89,74.3308802673602,0.0845299461620748,5,5,5
53,77,67,68,406.151482923495,0.0154700538379251,5,5,6.61437827766148
53,77,84,89,90.9816840965796,0.0690598923241497,5,5,7.5
53,89,29,35,257.432628928405,0.0244071053981546,8.66025403784439,5,7.5
53,89,30,35,-83.1187288206608,-0.0755928946018454,8.66025403784439,5,8.66025403784439
53,89,35,54,62.8318530717958,0.1,8.66025403784439,5,6.61437827766147
53,89,35,60,62.8318530717958,0.1,8.66025403784439,5,4.33012701892219
53,89,39,68,257.432628928405,0.0244071053981545,8.66025403784439,5,7.5
53,89,54,84,62.8318530717958,0.1,8.66025403784439,5,6.61437827766147
53,89,60,84,62.8318530717959,0.1,8.66025403784439,5,4.33012701892219
53,89,68,77,62.8318530717959,0.1,8.66025403784439,5,4.33012701892219
53,89,69,84,83.1187288206608,0.0755928946018455,8.66025403784439,5,8.66025403784439
54,60,18,29,203.075741461747,0.0309401076758503,5,5,8.66025403784439
54,60,18,30,-90.9816840965796,-0.0690598923241497,5,5,7.5
54,60,18,35,406.151482923494,0.0154700538379252,5,5,6.61437827766148
54,60,29,35,-406.151482923494,-0.0154700538379252,5,5,6.61437827766148
54,60,29,53,90.9816840965796,0.0690598923241497,5,5,7.5
54,60,30,31,140.712052701055,0.0446527869259951,5,5,8.66025403784439
54,60,30,35,74.3308802673602,0.0845299461620748,5,5,5
54,60,30,43,-406.151482923494,-0.0154700538379252,5,5,6.61437827766148
54,60,35,53,74.3308802673602,0.0845299461620748,5,5,5
54,60,43,69,406.151482923494,0.0154700538379252,5,5,6.61437827766148
54,60,53,68,-140.712052701055,-0.0446527869259951,5,5,8.66025403784439
54,60,53,77,406.151482923492,0.0154700538379252,5,5,6.61437827766147
54,60,69,73,140.712052701055,0.0446527869259951,5,5,8.66025403784439
54,60,69,84,74.3308802673602,0.0845299461620748,5,5,5
54,60,77,89,-406.151482923494,-0.0154700538379252,5,5,6.61437827766147
54,60,84,89,74.3308802673601,0.0845299461620749,5,5,5
54,69,18,30,-140.712052701055,-0.0446527869259951,5,5,8.66025403784439
54,69,30,31,90.9816840965796,0.0690598923241497,5,5,7.5
54,69,30,35,-406.151482923494,-0.0154700538379252,5,5,6.61437827766148
54,69,30,43,74.3308802673602,0.0845299461620748,5,5,5
54,69,31,43,406.151482923494,0.0154700538379252,5,5,6.61437827766148
54,69,31,55,203.075741461747,0.0309401076758503,5,5,8.66025403784439
54,69,35,60,406.151482923494,0.0154700538379252,5,5,6.61437827766148
54,69,43,55,406.151482923494,0.0154700538379252,5,5,6.61437827766148
54,69,43,73,74.3308802673602,0.0845299461620748,5,5,5
54,69,53,60,-140.712052701055,-0.0446527869259951,5,5,8.66025403784439
54,69,55,73,90.9816840965796,0.0690598923241497,5,5,7.5
54,69,60,84,74.3308802673602,0.0845299461620748,5,5,5
54,69,60,89,90.9816840965796,0.0690598923241497,5,5,7.5
54,69,84,89,-406.151482923493,-0.0154700538379252,5,5,6.61437827766147
54,73,13,30,-83.1187288206608,-0.0755928946018455,8.66025403784439,5,8.66025403784439
54,73,30,31,62.8318530717959,0.1,8.66025403784439,5,6.61437827766148
54,73,30,35,-257.432628928405,-0.0244071053981546,8.66025403784439,5,7.5
54,73,30,43,62.8318530717959,0.1,8.66025403784439,5,4.33012701892219
54,73,31,55,62.8318530717959,0.1,8.66025403784439,5,6.61437827766147
54,73,37,55,83.1187288206608,0.0755928946018455,8.66025403784439,5,8.66025403784439
54,73,43,55,62.8318530717959,0.1,8.66025403784439,5,4.33012701892219
54,73,55,85,257.432628928405,0.0244071053981545,8.66025403784439,5,7.5
54,73,60,84,257.432628928405,0.0244071053981546,8.66025403784439,5,7.5
54,73,69,84,-62.8318530717959,-0.1,8.66025403784439,5,4.33012701892219
54,84,18,35,-140.712052701055,-0.0446527869259951,5,5,8.66025403784439
54,84,30,35,406.151482923494,0.0154700538379252,5,5,6.61437827766148
54,84,30,43,406.151482923494,0.0154700538379252,5,5,6.61437827766148
54,84,31,43,-140.712052701055,-0.0446527869259951,5,5,8.66025403784439
54,84,35,53,90.9816840965796,0.0690598923241497,5,5,7.5
54,84,35,60,74.3308802673602,0.0845299461620748,5,5,5
54,84,43,69,74.3308802673602,0.0845299461620748,5,5,5
54,84,43,73,90.9816840965796,0.0690598923241497,5,5,7.5
54,84,53,60,406.151482923494,0.0154700538379252,5,5,6.61437827766148
54,84,53,77,203.075741461747,0.0309401076758503,5,5,8.66025403784439
54,84,60,77,406.151482923494,0.0154700538379251,5,5,6.61437827766147
54,84,60,89,74.3308802673601,0.0845299461620749,5,5,5
54,84,69,73,-406.151482923494,-0.0154700538379252,5,5,6.61437827766148
54,84,77,89,90.9816840965795,0.0690598923241497,5,5,7.5
54,89,29,35,-83.1187288206608,-0.0755928946018454,8.66025403784438,5,8.66025403784439
54,89,30,35,257.432628928405,0.0244071053981545,8.66025403784438,5,7.5
54,89,35,53,62.8318530717959,0.1,8.66025403784438,5,6.61437827766148
54,89,35,60,62.8318530717958,0.1,8.66025403784438,5,4.33012701892219
54,89,43,69,257.432628928405,0.0244071053981545,8.66025403784438,5,7.5
54,89,53,77,62.8318530717959,0.1,8.66025403784438,5,6.61437827766148
54,89,60,77,62.8318530717959,0.0999999999999999,8.66025403784438,5,4.33012701892219
54,89,68,77,83.1187288206608,0.0755928946018454,8.66025403784438,5,8.66025403784439
54,89,69,84,62.8318530717958,0.1,8.66025403784438,5,4.33012701892219
55,61,19,20,203.075741461747,0.0309401076758503,5,5,8.66025403784439
55,61,19,31,-90.9816840965796,-0.0690598923241497,5,5,7.5
55,61,19,37,406.151482923494,0.0154700538379252,5,5,6.61437827766148
55,61,20,37,-406.151482923494,-0.0154700538379252,5,5,6.61437827766148
55,61,20,44,90.9816840965796,0.0690598923241497,5,5,7.5
55,61,30,31,-140.712052701055,-0.0446527869259951,5,5,8.66025403784439
55,61,31,37,74.3308802673602,0.0845299461620748,5,5,5
55,61,31,43,-406.151482923494,-0.0154700538379252,5,5,6.61437827766148
55,61,37,44,74.3308802673602,0.0845299461620748,5,5,5
55,61,43,73,406.151482923494,0.0154700538379252,5,5,6.61437827766148
55,61,44,70,-140.712052701055,-0.0446527869259951,5,5,8.66025403784439
55,61,44,78,406.151482923494,0.0154700538379252,5,5,6.61437827766148
55,61,69,73,-140.712052701055,-0.0446527869259951,5,5,8.66025403784439
55,61,73,85,74.3308802673602,0.0845299461620748,5,5,5
55,61,78,91,-406.151482923494,-0.0154700538379252,5,5,6.61437827766148
55,61,85,91,74.3308802673602,0.0845299461620748,5,5,5
55,69,13,31,-83.1187288206608,-0.0755928946018455,8.66025403784439,5,8.66025403784439
55,69,30,31,-62.8318530717959,-0.1,8.66025403784439,5,6.61437827766148
55,69,30,54,62.8318530717959,0.1,8.66025403784439,5,6.61437827766148
55,69,31,37,-257.432628928405,-0.0244071053981545,8.66025403784439,5,7.5
55,69,31,43,62.8318530717959,0.1,8.66025403784439,5,4.33012701892219
55,69,35,54,83.1187288206608,0.0755928946018454,8.66025403784439,5,8.66025403784439
55,69,43,54,62.8318530717959,0.1,8.66025403784439,5,4.33012701892219
55,69,54,84,257.432628928405,0.0244071053981545,8.66025403784439,5,7.5
55,69,61,85,257.432628928405,0.0244071053981545,8.66025403784439,5,7.5
55,69,73,85,-62.8318530717959,-0.1,8.66025403784439,5,4.33012701892219
55,73,19,31,-140.712052701055,-0.0446527869259951,5,5,8.66025403784439
55,73,30,31,-90.9816840965796,-0.0690598923241497,5,5,7.5
55,73,30,43,406.151482923494,0.0154700538379252,5,5,6.61437827766148
55,73,30,54,203.075741461747,0.0309401076758503,5,5,8.66025403784439
55,73,31,37,-406.151482923494,-0.0154700538379252,5,5,6.61437827766148
55,73,31,43,74.3308802673602,0.0845299461620748,5,5,5
55,73,37,61,406.151482923494,0.0154700538379252,5,5,6.61437827766148
55,73,43,54,406.151482923494,0.0154700538379252,5,5,6.61437827766148
55,73,43,69,74.3308802673602,0.0845299461620748,5,5,5
55,73,44,61,-140.712052701055,-0.0446527869259951,5,5,8.66025403784439
55,73,54,69,90.9816840965796,0.0690598923241497,5,5,7.5
55,73,61,85,74.3308802673602,0.0845299461620748,5,5,5
55,73,61,91,90.9816840965796,0.0690598923241497,5,5,7.5
55,73,85,91,-406.151482923494,-0.0154700538379252,5,5,6.61437827766148
55,85,19,37,-140.712052701055,-0.0446527869259951,5,5,8.66025403784439
55,85,30,43,-140.712052701055,-0.0446527869259951,5,5,8.66025403784439
55,85,31,37,406.151482923494,0.0154700538379252,5,5,6.61437827766148
55,85,31,43,406.151482923494,0.0154700538379252,5,5,6.61437827766148
55,85,37,44,90.9816840965796,0.0690598923241497,5,5,7.5
55,85,37,61,74.3308802673602,0.0845299461620748,5,5,5
55,85,43,69,90.9816840965796,0.0690598923241497,5,5,7.5
55,85,43,73,74.3308802673602,0.0845299461620748,5,5,5
55,85,44,61,406.151482923494,0.0154700538379252,5,5,6.61437827766148
55,85,44,78,203.075741461747,0.0309401076758503,5,5,8.66025403784439
55,85,61,78,406.151482923494,0.0154700538379252,5,5,6.61437827766148
55,85,61,91,74.3308802673602,0.0845299461620748,5,5,5
55,85,69,73,406.151482923494,0.0154700538379252,5,5,6.61437827766147
55,85,78,91,90.9816840965796,0.0690598923241497,5,5,7.5
56,62,14,32,-83.1187288206608,-0.0755928946018455,8.66025403784439,5,8.66025403784439
56,62,20,40,83.1187288206608,0.0755928946018455,8.66025403784439,5,8.66025403784439
56,62,21,32,-62.8318530717959,-0.1,8.66025403784439,5,6.61437827766148
56,62,21,40,62.8318530717959,0.1,8.66025403784439,5,6.61437827766148
56,62,32,45,62.8318530717959,0.1,8.66025403784439,5,4.33012701892219
56,62,32,46,-257.432628928405,-0.0244071053981546,8.66025403784439,5,7.5
56,62,40,45,-62.8318530717958,-0.1,8.66025403784439,5,4.33012701892219
56,62,40,70,257.432628928405,0.0244071053981545,8.66025403784439,5,7.5
56,62,74,86,257.432628928405,0.0244071053981546,8.66025403784439,5,7.5
56,62,79,86,-62.8318530717958,-0.1,8.66025403784439,5,4.33012701892219
56,63,14,32,-83.1187288206608,-0.0755928946018454,8.66025403784439,5,8.66025403784439
56,63,22,32,-62.8318530717958,-0.1,8.66025403784439,5,6.61437827766147
56,63,22,38,62.8318530717958,0.1,8.66025403784439,5,6.61437827766147
56,63,23,38,83.1187288206608,0.0755928946018455,8.66025403784439,5,8.66025403784439
56,63,32,45,-257.432628928405,-0.0244071053981546,8.66025403784439,5,7.5
56,63,32,46,62.8318530717958,0.1,8.66025403784439,5,4.33012701892219
56,63,38,46,-62.8318530717959,-0.1,8.66025403784439,5,4.33012701892219
56,63,38,64,257.432628928405,0.0244071053981545,8.66025403784439,5,7.5
56,63,74,86,-62.8318530717959,-0.1,8.66025403784439,5,4.33012701892219
56,63,79,86,257.432628928405,0.0244071053981545,8.66025403784439,5,7.5
56,74,21,32,-140.712052701055,-0.0446527869259951,5,5,8.66025403784439
56,74,22,32,-90.9816840965796,-0.0690598923241497,5,5,7.5
56,74,22,38,203.075741461747,0.0309401076758503,5,5,8.66025403784439
56,74,22,46,406.151482923492,0.0154700538379252,5,5,6.61437827766147
56,74,32,45,-406.151482923493,-0.0154700538379252,5,5,6.61437827766147
56,74,32,46,74.3308802673601,0.0845299461620749,5,5,5
56,74,38,46,-406.151482923495,-0.0154700538379251,5,5,6.61437827766148
56,74,38,63,90.9816840965796,0.0690598923241497,5,5,7.5
56,74,45,79,406.151482923494,0.0154700538379251,5,5,6.61437827766147
56,74,46,63,74.3308802673602,0.0845299461620748,5,5,5
56,74,62,79,-140.712052701055,-0.0446527869259951,5,5,8.66025403784439
56,74,79,86,74.3308802673602,0.0845299461620748,5,5,5
56,79,21,32,-90.9816840965796,-0.0690598923241497,5,5,7.5
56,79,21,40,203.075741461747,0.0309401076758503,5,5,8.66025403784439
56,79,21,45,406.151482923494,0.0154700538379252,5,5,6.61437827766148
56,79,22,32,-140.712052701055,-0.0446527869259951,5,5,8.66025403784439
56,79,32,45,74.3308802673602,0.0845299461620748,5,5,5
56,79,32,46,-406.151482923494,-0.0154700538379252,5,5,6.61437827766148
56,79,40,45,-406.151482923494,-0.0154700538379252,5,5,6.61437827766148
56,79,40,62,90.9816840965796,0.0690598923241497,5,5,7.5
56,79,45,62,74.3308802673602,0.0845299461620748,5,5,5
56,79,46,74,406.151482923495,0.0154700538379251,5,5,6.61437827766148
56,79,63,74,-140.712052701054,-0.0446527869259952,5,5,8.66025403784439
56,79,74,86,74.3308802673601,0.0845299461620749,5,5,5
56,86,21,45,-140.712052701055,-0.0446527869259951,5,5,8.66025403784439
56,86,22,46,-140.712052701055,-0.0446527869259951,5,5,8.66025403784439
56,86,32,45,406.151482923493,0.0154700538379252,5,5,6.61437827766147
56,86,32,46,406.151482923494,0.0154700538379251,5,5,6.61437827766147
56,86,45,62,90.9816840965796,0.0690598923241497,5,5,7.5
56,86,45,79,74.3308802673601,0.0845299461620749,5,5,5
56,86,46,63,90.9816840965796,0.0690598923241497,5,5,7.5
56,86,46,74,74.3308802673602,0.0845299461620748,5,5,5
56,86,62,79,406.151482923492,0.0154700538379252,5,5,6.61437827766147
56,86,63,74,406.151482923495,0.0154700538379251,5,5,6.61437827766148
57,64,15,33,-83.1187288206608,-0.0755928946018454,8.66025403784439,5,8.66025403784439
57,64,22,38,83.1187288206608,0.0755928946018455,8.66025403784439,5,8.66025403784439
57,64,23,33,-62.8318530717958,-0.1,8.66025403784439,5,6.61437827766147
57,64,23,38,62.8318530717958,0.1,8.66025403784439,5,6.61437827766147
57,64,33,47,62.8318530717958,0.1,8.66025403784439,5,4.33012701892219
57,64,33,48,-257.432628928405,-0.0244071053981546,8.66025403784439,5,7.5
57,64,38,47,-62.8318530717959,-0.1,8.66025403784439,5,4.33012701892219
57,64,38,63,257.432628928405,0.0244071053981545,8.66025403784439,5,7.5
57,64,75,87,-62.8318530717959,-0.1,8.66025403784439,5,4.33012701892219
57,64,80,87,257.432628928405,0.0244071053981545,8.66025403784439,5,7.5
57,65,15,33,-83.1187288206608,-0.0755928946018455,8.66025403784439,5,8.66025403784439
57,65,24,33,-62.8318530717959,-0.1,8.66025403784439,5,6.61437827766148
57,65,24,41,62.8318530717959,0.1,8.66025403784439,5,6.61437827766148
57,65,25,41,83.1187288206608,0.0755928946018455,8.66025403784439,5,8.66025403784439
57,65,33,47,-257.432628928405,-0.0244071053981546,8.66025403784439,5,7.5
57,65,33,48,62.8318530717959,0.1,8.66025403784439,5,4.33012701892219
57,65,41,48,-62.8318530717958,-0.1,8.66025403784439,5,4.33012701892219
57,65,41,71,257.432628928405,0.0244071053981545,8.66025403784439,5,7.5
57,65,75,87,257.432628928405,0.0244071053981546,8.66025403784439,5,7.5
57,65,80,87,-62.8318530717958,-0.1,8.66025403784439,5,4.33012701892219
57,75,23,33,-90.9816840965796,-0.0690598923241497,5,5,7.5
57,75,23,38,203.075741461747,0.0309401076758503,5,5,8.66025403784439
57,75,23,47,406.151482923492,0.0154700538379252,5,5,6.61437827766147
57,75,24,33,-140.712052701055,-0.0446527869259951,5,5,8.66025403784439
57,75,33,47,74.3308802673601,0.0845299461620749,5,5,5
57,75,33,48,-406.151482923493,-0.0154700538379252,5,5,6.61437827766147
57,75,38,47,-406.151482923495,-0.0154700538379251,5,5,6.61437827766148
57,75,38,64,90.9816840965796,0.0690598923241497,5,5,7.5
57,75,47,64,74.3308802673602,0.0845299461620748,5,5,5
57,75,48,80,406.151482923494,0.0154700538379251,5,5,6.61437827766147
57,75,65,80,-140.712052701055,-0.0446527869259951,5,5,8.66025403784439
57,75,80,87,74.3308802673602,0.0845299461620748,5,5,5
57,80,23,33,-140.712052701055,-0.0446527869259951,5,5,8.66025403784439
57,80,24,33,-90.9816840965796,-0.0690598923241497,5,5,7.5
57,80,24,41,203.075741461747,0.0309401076758503,5,5,8.66025403784439
57,80,24,48,406.151482923494,0.0154700538379252,5,5,6.61437827766148
57,80,33,47,-406.151482923494,-0.0154700538379252,5,5,6.61437827766148
57,80,33,48,74.3308802673602,0.0845299461620748,5,5,5
57,80,41,48,-406.151482923494,-0.0154700538379252,5,5,6.61437827766148
57,80,41,65,90.9816840965796,0.0690598923241497,5,5,7.5
57,80,47,75,406.151482923495,0.0154700538379251,5,5,6.61437827766148
57,80,48,65,74.3308802673602,0.0845299461620748,5,5,5
57,80,64,75,-140.712052701054,-0.0446527869259952,5,5,8.66025403784439
57,80,75,87,74.3308802673601,0.0845299461620749,5,5,5
57,87,23,47,-140.712052701055,-0.0446527869259951,5,5,8.66025403784439
57,87,24,48,-140.712052701055,-0.0446527869259951,5,5,8.66025403784439
57,87,33,47,406.151482923494,0.0154700538379251,5,5,6.61437827766147
57,87,33,48,406.151482923493,0.0154700538379252,5,5,6.61437827766147
57,87,47,64,90.9816840965796,0.0690598923241497,5,5,7.5
57,87,47,75,74.3308802673602,0.0845299461620748,5,5,5
57,87,48,65,90.9816840965796,0.0690598923241497,5,5,7.5
57,87,48,80,74.3308802673601,0.0845299461620749,5,5,5
57,87,64,75,406.151482923495,0.0154700538379251,5,5,6.61437827766148
57,87,65,80,406.151482923492,0.0154700538379252,5,5,6.61437827766147
58,71,16,36,-83.1187288206608,-0.0755928946018455,8.66025403784439,5,8.66025403784439
58,71,24,41,83.1187288206608,0.0755928946018454,8.66025403784439,5,8.66025403784439
58,71,25,36,-62.8318530717959,-0.1,8.66025403784439,5,6.61437827766148
58,71,25,41,62.8318530717959,0.1,8.66025403784439,5,6.61437827766148
58,71,36,49,62.8318530717959,0.1,8.66025403784439,5,4.33012701892219
58,71,36,50,-257.432628928405,-0.0244071053981545,8.66025403784439,5,7.5
58,71,41,49,-62.8318530717958,-0.1,8.66025403784439,5,4.33012701892219
58,71,41,65,257.432628928405,0.0244071053981545,8.66025403784439,5,7.5
58,71,81,90,-62.8318530717959,-0.1,8.66025403784439,5,4.33012701892219
58,71,82,90,257.432628928405,0.0244071053981545,8.66025403784439,5,7.5
58,72,16,36,-83.1187288206608,-0.0755928946018455,8.66025403784439,5,8.66025403784439
58,72,26,36,-62.8318530717959,-0.1,8.66025403784439,5,6.61437827766148
58,72,26,42,62.8318530717959,0.1,8.66025403784439,5,6.61437827766148
58,72,27,42,83.1187288206608,0.0755928946018454,8.66025403784439,5,8.66025403784439
58,72,36,49,-257.432628928405,-0.0244071053981545,8.66025403784439,5,7.5
58,72,36,50,62.8318530717959,0.1,8.66025403784439,5,4.33012701892219
58,72,42,50,-62.8318530717958,-0.1,8.66025403784439,5,4.33012701892219
58,72,42,66,257.432628928405,0.0244071053981545,8.66025403784439,5,7.5
58,72,81,90,257.432628928405,0.0244071053981545,8.66025403784439,5,7.5
58,72,82,90,-62.8318530717959,-0.1,8.66025403784439,5,4.33012701892219
58,81,25,36,-90.9816840965796,-0.0690598923241497,5,5,7.5
58,81,25,41,203.075741461747,0.0309401076758503,5,5,8.66025403784439
58,81,25,49,406.151482923494,0.0154700538379252,5,5,6.61437827766148
58,81,26,36,-140.712052701055,-0.0446527869259951,5,5,8.66025403784439
58,81,36,49,74.3308802673602,0.0845299461620748,5,5,5
58,81,36,50,-406.151482923494,-0.0154700538379252,5,5,6.61437827766148
58,81,41,49,-406.151482923494,-0.0154700538379252,5,5,6.61437827766148
58,81,41,71,90.9816840965796,0.0690598923241497,5,5,7.5
58,81,49,71,74.3308802673602,0.0845299461620748,5,5,5
58,81,50,82,406.151482923494,0.0154700538379252,5,5,6.61437827766148
58,81,72,82,-140.712052701055,-0.0446527869259951,5,5,8.66025403784439
58,81,82,90,74.3308802673602,0.0845299461620748,5,5,5
58,82,25,36,-140.712052701055,-0.0446527869259951,5,5,8.66025403784439
58,82,26,36,-90.9816840965796,-0.0690598923241497,5,5,7.5
58,82,26,42,203.075741461747,0.0309401076758503,5,5,8.66025403784439
58,82,26,50,406.151482923494,0.0154700538379252,5,5,6.61437827766148
58,82,36,49,-406.151482923494,-0.0154700538379252,5,5,6.61437827766148
58,82,36,50,74.3308802673602,0.0845299461620748,5,5,5
58,82,42,50,-406.151482923494,-0.0154700538379252,5,5,6.61437827766148
58,82,42,72,90.9816840965796,0.0690598923241497,5,5,7.5
58,82,49,81,406.151482923494,0.0154700538379252,5,5,6.61437827766148
58,82,50,72,74.3308802673602,0.0845299461620748,5,5,5
58,82,71,81,-140.712052701055,-0.0446527869259951,5,5,8.66025403784439
58,82,81,90,74.3308802673602,0.0845299461620748,5,5,5
59,66,17,34,-83.1187288206608,-0.0755928946018455,8.66025403784439,5,8.66025403784439
59,66,26,42,83.1187288206608,0.0755928946018455,8.66025403784439,5,8.66025403784439
59,66,27,34,-62.8318530717959,-0.1,8.66025403784439,5,6.61437827766148
59,66,27,42,62.8318530717959,0.1,8.66025403784439,5,6.61437827766148
59,66,34,51,62.8318530717959,0.1,8.66025403784439,5,4.33012701892219
59,66,34,52,-257.432628928405,-0.0244071053981546,8.66025403784439,5,7.5
59,66,42,51,-62.8318530717958,-0.1,8.66025403784439,5,4.33012701892219
59,66,42,72,257.432628928405,0.0244071053981545,8.66025403784439,5,7.5
59,66,76,88,257.432628928405,0.0244071053981546,8.66025403784439,5,7.5
59,66,83,88,-62.8318530717958,-0.1,8.66025403784439,5,4.33012701892219
59,67,17,34,-83.1187288206608,-0.0755928946018454,8.66025403784439,5,8.66025403784439
59,67,28,34,-62.8318530717958,-0.1,8.66025403784439,5,6.61437827766147
59,67,28,39,62.8318530717958,0.1,8.66025403784439,5,6.61437827766147
59,67,29,39,83.1187288206608,0.0755928946018455,8.66025403784439,5,8.66025403784439
59,67,34,51,-257.432628928405,-0.0244071053981546,8.66025403784439,5,7.5
59,67,34,52,62.8318530717958,0.1,8.66025403784439,5,4.33012701892219
59,67,39,52,-62.8318530717959,-0.1,8.66025403784439,5,4.33012701892219
59,67,39,68,257.432628928405,0.0244071053981545,8.66025403784439,5,7.5
59,67,76,88,-62.8318530717959,-0.1,8.66025403784439,5,4.33012701892219
59,67,83,88,257.432628928405,0.0244071053981545,8.66025403784439,5,7.5
59,76,27,34,-140.712052701055,-0.0446527869259951,5,5,8.66025403784439
59,76,28,34,-90.9816840965796,-0.0690598923241497,5,5,7.5
59,76,28,39,203.075741461747,0.0309401076758503,5,5,8.66025403784439
59,76,28,52,406.151482923492,0.0154700538379252,5,5,6.61437827766147
59,76,34,51,-406.151482923493,-0.0154700538379252,5,5,6.61437827766147
59,76,34,52,74.3308802673601,0.0845299461620749,5,5,5
59,76,39,52,-406.151482923495,-0.0154700538379251,5,5,6.61437827766148
59,76,39,67,90.9816840965796,0.0690598923241497,5,5,7.5
59,76,51,83,406.151482923494,0.0154700538379251,5,5,6.61437827766147
59,76,52,67,74.3308802673602,0.0845299461620748,5,5,5
59,76,66,83,-140.712052701055,-0.0446527869259951,5,5,8.66025403784439
59,76,83,88,74.3308802673602,0.0845299461620748,5,5,5
59,83,27,34,-90.9816840965796,-0.0690598923241497,5,5,7.5
59,83,27,42,203.075741461747,0.0309401076758503,5,5,8.66025403784439
59,83,27,51,406.151482923494,0.0154700538379252,5,5,6.61437827766148
59,83,28,34,-140.712052701055,-0.0446527869259951,5,5,8.66025403784439
59,83,34,51,74.3308802673602,0.0845299461620748,5,5,5
59,83,34,52,-406.151482923494,-0.0154700538379252,5,5,6.61437827766148
59,83,42,51,-406.151482923494,-0.0154700538379252,5,5,6.61437827766148
59,83,42,66,90.9816840965796,0.0690598923241497,5,5,7.5
59,83,51,66,74.3308802673602,0.0845299461620748,5,5,5
59,83,52,76,406.151482923495,0.0154700538379251,5,5,6.61437827766148
59,83,67,76,-140.712052701054,-0.0446527869259952,5,5,8.66025403784439
59,83,76,88,74.3308802673601,0.0845299461620749,5,5,5
59,88,27,51,-140.712052701055,-0.0446527869259951,5,5,8.66025403784439
59,88,28,52,-140.712052701055,-0.0446527869259951,5,5,8.66025403784439
59,88,34,51,406.151482923493,0.0154700538379252,5,5,6.61437827766147
59,88,34,52,406.151482923494,0.0154700538379251,5,5,6.61437827766147
59,88,51,66,90.9816840965796,0.0690598923241497,5,5,7.5
59,88,51,83,74.3308802673601,0.0845299461620749,5,5,5
59,88,52,67,90.9816840965796,0.0690598923241497,5,5,7.5
59,88,52,76,74.3308802673602,0.0845299461620748,5,5,5
59,88,66,83,406.151482923492,0.0154700538379252,5,5,6.61437827766147
59,88,67,76,406.151482923495,0.0154700538379251,5,5,6.61437827766148
60,68,18,35,-83.1187288206608,-0.0755928946018454,8.66025403784439,5,8.66025403784439
60,68,28,39,83.1187288206608,0.0755928946018455,8.66025403784439,5,8.66025403784439
60,68,29,35,-62.8318530717958,-0.1,8.66025403784439,5,6.61437827766147
60,68,29,39,62.8318530717958,0.1,8.66025403784439,5,6.61437827766147
60,68,35,53,62.8318530717958,0.1,8.66025403784439,5,4.33012701892219
60,68,35,54,-257.432628928405,-0.0244071053981546,8.66025403784439,5,7.5
60,68,39,53,-62.8318530717959,-0.1,8.66025403784439,5,4.33012701892219
60,68,39,67,257.432628928405,0.0244071053981545,8.66025403784439,5,7.5
60,68,77,89,-62.8318530717959,-0.1,8.66025403784439,5,4.33012701892219
60,68,84,89,257.432628928405,0.0244071053981545,8.66025403784439,5,7.5
60,69,18,35,-83.1187288206608,-0.0755928946018455,8.66025403784439,5,8.66025403784439
60,69,30,35,-62.8318530717959,-0.1,8.66025403784439,5,6.61437827766148
60,69,30,43,62.8318530717959,0.1,8.66025403784439,5,6.61437827766148
60,69,31,43,83.1187288206608,0.0755928946018455,8.66025403784439,5,8.66025403784439
60,69,35,53,-257.432628928405,-0.0244071053981546,8.66025403784439,5,7.5
60,69,35,54,62.8318530717959,0.1,8.66025403784439,5,4.33012701892219
60,69,43,54,-62.8318530717958,-0.1,8.66025403784439,5,4.33012701892219
60,69,43,73,257.432628928405,0.0244071053981545,8.66025403784439,5,7.5
60,69,77,89,257.432628928405,0.0244071053981546,8.66025403784439,5,7.5
60,69,84,89,-62.8318530717958,-0.1,8.66025403784439,5,4.33012701892219
60,77,29,35,-90.9816840965796,-0.0690598923241497,5,5,7.5
60,77,29,39,203.075741461747,0.0309401076758503,5,5,8.66025403784439
60,77,29,53,406.151482923492,0.0154700538379252,5,5,6.61437827766147
60,77,30,35,-140.712052701055,-0.0446527869259951,5,5,8.66025403784439
60,77,35,53,74.3308802673601,0.0845299461620749,5,5,5
60,77,35,54,-406.151482923493,-0.0154700538379252,5,5,6.61437827766147
60,77,39,53,-406.151482923495,-0.0154700538379251,5,5,6.61437827766148
60,77,39,68,90.9816840965796,0.0690598923241497,5,5,7.5
60,77,53,68,74.3308802673602,0.0845299461620748,5,5,5
60,77,54,84,406.151482923494,0.0154700538379251,5,5,6.61437827766147
60,77,69,84,-140.712052701055,-0.0446527869259951,5,5,8.66025403784439
60,77,84,89,74.3308802673602,0.0845299461620748,5,5,5
60,84,29,35,-140.712052701055,-0.0446527869259951,5,5,8.66025403784439
60,84,30,35,-90.9816840965796,-0.0690598923241497,5,5,7.5
60,84,30,43,203.075741461747,0.0309401076758503,5,5,8.66025403784439
60,84,30,54,406.151482923494,0.0154700538379252,5,5,6.61437827766148
60,84,35,53,-406.151482923494,-0.0154700538379252,5,5,6.61437827766148
60,84,35,54,74.3308802673602,0.0845299461620748,5,5,5
60,84,43,54,-406.151482923494,-0.0154700538379252,5,5,6.61437827766148
60,84,43,69,90.9816840965796,0.0690598923241497,5,5,7.5
60,84,53,77,406.151482923495,0.0154700538379251,5,5,6.61437827766148
60,84,54,69,74.3308802673602,0.0845299461620748,5,5,5
60,84,68,77,-140.712052701054,-0.0446527869259952,5,5,8.66025403784439
60,84,77,89,74.3308802673601,0.0845299461620749,5,5,5
60,89,29,53,-140.712052701055,-0.0446527869259951,5,5,8.66025403784439
60,89,30,54,-140.712052701055,-0.0446527869259951,5,5,8.66025403784439
60,89,35,53,406.151482923494,0.0154700538379251,5,5,6.61437827766147
60,89,35,54,406.151482923493,0.0154700538379252,5,5,6.61437827766147
60,89,53,68,90.9816840965796,0.0690598923241497,5,5,7.5
60,89,53,77,74.3308802673602,0.0845299461620748,5,5,5
60,89,54,69,90.9816840965796,0.0690598923241497,5,5,7.5
60,89,54,84,74.3308802673601,0.0845299461620749,5,5,5
60,89,68,77,406.151482923495,0.0154700538379251,5,5,6.61437827766148
60,89,69,84,406.151482923492,0.0154700538379252,5,5,6.61437827766147
61,70,19,37,-83.1187288206608,-0.0755928946018455,8.66025403784439,5,8.66025403784439
61,70,20,37,-62.8318530717959,-0.1,8.66025403784439,5,6.61437827766148
61,70,20,40,62.8318530717959,0.1,8.66025403784439,5,6.61437827766148
61,70,21,40,83.1187288206608,0.0755928946018454,8.66025403784439,5,8.66025403784439
61,70,37,44,62.8318530717959,0.1,8.66025403784439,5,4.33012701892219
61,70,37,55,-257.432628928405,-0.0244071053981545,8.66025403784439,5,7.5
61,70,40,44,-62.8318530717958,-0.1,8.66025403784439,5,4.33012701892219
61,70,40,62,257.432628928405,0.0244071053981545,8.66025403784439,5,7.5
61,70,78,91,-62.8318530717959,-0.1,8.66025403784439,5,4.33012701892219
61,70,85,91,257.432628928405,0.0244071053981545,8.66025403784439,5,7.5
61,73,19,37,-83.1187288206608,-0.0755928946018455,8.66025403784439,5,8.66025403784439
61,73,30,43,83.1187288206608,0.0755928946018454,8.66025403784439,5,8.66025403784439
61,73,31,37,-62.8318530717959,-0.1,8.66025403784439,5,6.61437827766148
61,73,31,43,62.8318530717959,0.1,8.66025403784439,5,6.61437827766148
61,73,37,44,-257.432628928405,-0.0244071053981545,8.66025403784439,5,7.5
61,73,37,55,62.8318530717959,0.1,8.66025403784439,5,4.33012701892219
61,73,43,55,-62.8318530717958,-0.1,8.66025403784439,5,4.33012701892219
61,73,43,69,257.432628928405,0.0244071053981545,8.66025403784439,5,7.5
61,73,78,91,257.432628928405,0.0244071053981545,8.66025403784439,5,7.5
61,73,85,91,-62.8318530717959,-0.1,8.66025403784439,5,4.33012701892219
61,78,20,37,-90.9816840965796,-0.0690598923241497,5,5,7.5
61,78,20,40,203.075741461747,0.0309401076758503,5,5,8.66025403784439
61,78,20,44,406.151482923494,0.0154700538379252,5,5,6.61437827766148
61,78,31,37,-140.712052701055,-0.0446527869259951,5,5,8.66025403784439
61,78,37,44,74.3308802673602,0.0845299461620748,5,5,5
61,78,37,55,-406.151482923494,-0.0154700538379252,5,5,6.61437827766148
61,78,40,44,-406.151482923494,-0.0154700538379252,5,5,6.61437827766148
61,78,40,70,90.9816840965796,0.0690598923241497,5,5,7.5
61,78,44,70,74.3308802673602,0.0845299461620748,5,5,5
61,78,55,85,406.151482923494,0.0154700538379252,5,5,6.61437827766148
61,78,73,85,-140.712052701055,-0.0446527869259951,5,5,8.66025403784439
61,78,85,91,74.3308802673602,0.0845299461620748,5,5,5
61,85,20,37,-140.712052701055,-0.0446527869259951,5,5,8.66025403784439
61,85,31,37,-90.9816840965796,-0.0690598923241497,5,5,7.5
61,85,31,43,203.075741461747,0.0309401076758503,5,5,8.66025403784439
61,85,31,55,406.151482923494,0.0154700538379252,5,5,6.61437827766148
61,85,37,44,-406.151482923494,-0.0154700538379252,5,5,6.61437827766148
61,85,37,55,74.3308802673602,0.0845299461620748,5,5,5
61,85,43,55,-406.151482923494,-0.0154700538379252,5,5,6.61437827766148
61,85,43,73,90.9816840965796,0.0690598923241497,5,5,7.5
61,85,44,78,406.151482923494,0.0154700538379252,5,5,6.61437827766148
61,85,55,73,74.3308802673602,0.0845299461620748,5,5,5
61,85,70,78,-140.712052701055,-0.0446527869259951,5,5,8.66025403784439
61,85,78,91,74.3308802673602,0.0845299461620748,5,5,5
62,70,20,21,-203.075741461747,-0.0309401076758503,5,5,8.66025403784439
62,70,20,40,-406.151482923494,-0.0154700538379252,5,5,6.61437827766148
62,70,20,44,90.9816840965796,0.0690598923241497,5,5,7.5
62,70,21,40,406.151482923494,0.0154700538379252,5,5,6.61437827766148
62,70,21,45,-90.9816840965796,-0.0690598923241497,5,5,7.5
62,70,40,44,74.3308802673602,0.0845299461620748,5,5,5
62,70,40,45,-74.3308802673602,-0.0845299461620748,5,5,5
62,70,44,61,-140.712052701055,-0.0446527869259951,5,5,8.66025403784439
62,70,44,78,406.151482923494,0.0154700538379252,5,5,6.61437827766147
62,70,45,56,140.712052701055,0.0446527869259951,5,5,8.66025403784439
62,70,45,79,-406.151482923494,-0.0154700538379252,5,5,6.61437827766148
62,79,21,32,203.075741461747,0.0309401076758503,5,5,8.66025403784439
62,79,21,40,-90.9816840965796,-0.0690598923241497,5,5,7.5
62,79,21,45,406.151482923494,0.0154700538379252,5,5,6.61437827766148
62,79,32,45,-406.151482923494,-0.0154700538379252,5,5,6.61437827766148
62,79,32,56,90.9816840965796,0.0690598923241497,5,5,7.5
62,79,40,44,140.712052701055,0.0446527869259951,5,5,8.66025403784439
62,79,40,45,74.3308802673602,0.0845299461620748,5,5,5
62,79,40,70,-406.151482923494,-0.0154700538379252,5,5,6.61437827766148
62,79,45,56,74.3308802673602,0.0845299461620748,5,5,5
62,79,56,74,-140.712052701055,-0.0446527869259951,5,5,8.66025403784439
62,79,56,86,406.151482923492,0.0154700538379252,5,5,6.61437827766147
63,64,22,23,203.075741461747,0.0309401076758503,5,5,8.66025403784438
63,64,22,38,406.151482923494,0.0154700538379252,5,5,6.61437827766147
63,64,22,46,-90.9816840965795,-0.0690598923241497,5,5,7.5
63,64,23,38,-406.151482923494,-0.0154700538379252,5,5,6.61437827766147
63,64,23,47,90.9816840965795,0.0690598923241497,5,5,7.5
63,64,38,46,-74.3308802673601,-0.0845299461620749,5,5,5
63,64,38,47,74.3308802673601,0.0845299461620749,5,5,5
63,64,46,56,140.712052701054,0.0446527869259952,5,5,8.66025403784439
63,64,46,74,-406.151482923495,-0.0154700538379251,5,5,6.61437827766148
63,64,47,57,-140.712052701054,-0.0446527869259952,5,5,8.66025403784439
63,64,47,75,406.151482923495,0.0154700538379251,5,5,6.61437827766148
63,74,22,32,203.075741461747,0.0309401076758503,5,5,8.66025403784438
63,74,22,38,-90.9816840965795,-0.0690598923241497,5,5,7.5
63,74,22,46,406.151482923494,0.0154700538379252,5,5,6.61437827766147
63,74,32,46,-406.151482923494,-0.0154700538379252,5,5,6.61437827766147
63,74,32,56,90.9816840965795,0.0690598923241497,5,5,7.5
63,74,38,46,74.3308802673601,0.0845299461620749,5,5,5
63,74,38,47,140.712052701054,0.0446527869259952,5,5,8.66025403784439
63,74,38,64,-406.151482923495,-0.0154700538379251,5,5,6.61437827766148
63,74,46,56,74.3308802673601,0.0845299461620749,5,5,5
63,74,56,79,-140.712052701054,-0.0446527869259952,5,5,8.66025403784439
63,74,56,86,406.151482923495,0.0154700538379251,5,5,6.61437827766148
64,75,23,33,203.075741461747,0.0309401076758503,5,5,8.66025403784438
64,75,23,38,-90.9816840965795,-0.0690598923241497,5,5,7.5
64,75,23,47,406.151482923494,0.0154700538379252,5,5,6.61437827766147
64,75,33,47,-406.151482923494,-0.0154700538379252,5,5,6.61437827766147
64,75,33,57,90.9816840965795,0.0690598923241497,5,5,7.5
64,75,38,46,140.712052701054,0.0446527869259952,5,5,8.66025403784439
64,75,38,47,74.3308802673601,0.0845299461620749,5,5,5
64,75,38,63,-406.151482923495,-0.0154700538379251,5,5,6.61437827766148
64,75,47,57,74.3308802673601,0.0845299461620749,5,5,5
64,75,57,80,-140.712052701054,-0.0446527869259952,5,5,8.66025403784439
64,75,57,87,406.151482923495,0.0154700538379251,5,5,6.61437827766148
65,71,24,25,203.075741461747,0.0309401076758503,5,5,8.66025403784439
65,71,24,41,406.151482923494,0.0154700538379252,5,5,6.61437827766148
65,71,24,48,-90.9816840965796,-0.0690598923241497,5,5,7.5
65,71,25,41,-406.151482923494,-0.0154700538379252,5,5,6.61437827766148
65,71,25,49,90.9816840965796,0.0690598923241497,5,5,7.5
65,71,41,48,-74.3308802673602,-0.0845299461620748,5,5,5
65,71,41,49,74.3308802673602,0.0845299461620748,5,5,5
65,71,48,57,140.712052701055,0.0446527869259951,5,5,8.66025403784439
65,71,48,80,-406.151482923494,-0.0154700538379252,5,5,6.61437827766148
65,71,49,58,-140.712052701055,-0.0446527869259951,5,5,8.66025403784439
65,71,49,81,406.151482923494,0.0154700538379252,5,5,6.61437827766147
65,80,24,33,203.075741461747,0.0309401076758503,5,5,8.66025403784439
65,80,24,41,-90.9816840965796,-0.0690598923241497,5,5,7.5
65,80,24,48,406.151482923494,0.0154700538379252,5,5,6.61437827766148
65,80,33,48,-406.151482923494,-0.0154700538379252,5,5,6.61437827766148
65,80,33,57,90.9816840965796,0.0690598923241497,5,5,7.5
65,80,41,48,74.3308802673602,0.0845299461620748,5,5,5
65,80,41,49,140.712052701055,0.0446527869259951,5,5,8.66025403784439
65,80,41,71,-406.151482923494,-0.0154700538379252,5,5,6.61437827766148
65,80,48,57,74.3308802673602,0.0845299461620748,5,5,5
65,80,57,75,-140.712052701055,-0.0446527869259951,5,5,8.66025403784439
65,80,57,87,406.151482923492,0.0154700538379252,5,5,6.61437827766147
66,72,26,27,-203.075741461747,-0.0309401076758503,5,5,8.66025403784439
66,72,26,42,-406.151482923494,-0.0154700538379252,5,5,6.61437827766148
66,72,26,50,90.9816840965796,0.0690598923241497,5,5,7.5
66,72,27,42,406.151482923494,0.0154700538379252,5,5,6.61437827766148
66,72,27,51,-90.9816840965796,-0.0690598923241497,5,5,7.5
66,72,42,50,74.3308802673602,0.0845299461620748,5,5,5
66,72,42,51,-74.3308802673602,-0.0845299461620748,5,5,5
66,72,50,58,-140.712052701055,-0.0446527869259951,5,5,8.66025403784439
66,72,50,82,406.151482923494,0.0154700538379252,5,5,6.61437827766147
66,72,51,59,140.712052701055,0.0446527869259951,5,5,8.66025403784439
66,72,51,83,-406.151482923494,-0.0154700538379252,5,5,6.61437827766148
66,83,27,34,203.075741461747,0.0309401076758503,5,5,8.66025403784439
66,83,27,42,-90.9816840965796,-0.0690598923241497,5,5,7.5
66,83,27,51,406.151482923494,0.0154700538379252,5,5,6.61437827766148
66,83,34,51,-406.151482923494,-0.0154700538379252,5,5,6.61437827766148
66,83,34,59,90.9816840965796,0.0690598923241497,5,5,7.5
66,83,42,50,140.712052701055,0.0446527869259951,5,5,8.66025403784439
66,83,42,51,74.3308802673602,0.0845299461620748,5,5,5
66,83,42,72,-406.151482923494,-0.0154700538379252,5,5,6.61437827766148
66,83,51,59,74.3308802673602,0.0845299461620748,5,5,5
66,83,59,76,-140.712052701055,-0.0446527869259951,5,5,8.66025403784439
66,83,59,88,406.151482923492,0.0154700538379252,5,5,6.61437827766147
67,68,28,29,203.075741461747,0.0309401076758503,5,5,8.66025403784438
67,68,28,39,406.151482923494,0.0154700538379252,5,5,6.61437827766147
67,68,28,52,-90.9816840965795,-0.0690598923241497,5,5,7.5
67,68,29,39,-406.151482923494,-0.0154700538379252,5,5,6.61437827766147
67,68,29,53,90.9816840965795,0.0690598923241497,5,5,7.5
67,68,39,52,-74.3308802673601,-0.0845299461620749,5,5,5
67,68,39,53,74.3308802673601,0.0845299461620749,5,5,5
67,68,52,59,140.712052701054,0.0446527869259952,5,5,8.66025403784439
67,68,52,76,-406.151482923495,-0.0154700538379251,5,5,6.61437827766148
67,68,53,60,-140.712052701054,-0.0446527869259952,5,5,8.66025403784439
67,68,53,77,406.151482923495,0.0154700538379251,5,5,6.61437827766148
67,76,28,34,203.075741461747,0.0309401076758503,5,5,8.66025403784438
67,76,28,39,-90.9816840965795,-0.0690598923241497,5,5,7.5
67,76,28,52,406.151482923494,0.0154700538379252,5,5,6.61437827766147
67,76,34,52,-406.151482923494,-0.0154700538379252,5,5,6.61437827766147
67,76,34,59,90.9816840965795,0.0690598923241497,5,5,7.5
67,76,39,52,74.3308802673601,0.0845299461620749,5,5,5
67,76,39,53,140.712052701054,0.0446527869259952,5,5,8.66025403784439
67,76,39,68,-406.151482923495,-0.0154700538379251,5,5,6.61437827766148
67,76,52,59,74.3308802673601,0.0845299461620749,5,5,5
67,76,59,83,-140.712052701054,-0.0446527869259952,5,5,8.66025403784439
67,76,59,88,406.151482923495,0.0154700538379251,5,5,6.61437827766148
68,77,29,35,203.075741461747,0.0309401076758503,5,5,8.66025403784438
68,77,29,39,-90.9816840965795,-0.0690598923241497,5,5,7.5
68,77,29,53,406.151482923494,0.0154700538379252,5,5,6.61437827766147
68,77,35,53,-406.151482923494,-0.0154700538379252,5,5,6.61437827766147
68,77,35,60,90.9816840965795,0.0690598923241497,5,5,7.5
68,77,39,52,140.712052701054,0.0446527869259952,5,5,8.66025403784439
68,77,39,53,74.3308802673601,0.0845299461620749,5,5,5
68,77,39,67,-406.151482923495,-0.0154700538379251,5,5,6.61437827766148
68,77,53,60,74.3308802673601,0.0845299461620749,5,5,5
68,77,60,84,-140.712052701054,-0.0446527869259952,5,5,8.66025403784439
68,77,60,89,406.151482923495,0.0154700538379251,5,5,6.61437827766148
69,73,30,31,203.075741461747,0.0309401076758503,5,5,8.66025403784439
69,73,30,43,406.151482923494,0.0154700538379252,5,5,6.61437827766148
69,73,30,54,-90.9816840965796,-0.0690598923241497,5,5,7.5
69,73,31,43,-406.151482923494,-0.0154700538379252,5,5,6.61437827766148
69,73,31,55,90.9816840965796,0.0690598923241497,5,5,7.5
69,73,43,54,-74.3308802673602,-0.0845299461620748,5,5,5
69,73,43,55,74.3308802673602,0.0845299461620748,5,5,5
69,73,54,60,140.712052701055,0.0446527869259951,5,5,8.66025403784439
69,73,54,84,-406.151482923494,-0.0154700538379252,5,5,6.61437827766148
69,73,55,61,-140.712052701055,-0.0446527869259951,5,5,8.66025403784439
69,73,55,85,406.151482923494,0.0154700538379252,5,5,6.61437827766147
69,84,30,35,203.075741461747,0.0309401076758503,5,5,8.66025403784439
69,84,30,43,-90.9816840965796,-0.0690598923241497,5,5,7.5
69,84,30,54,406.151482923494,0.0154700538379252,5,5,6.61437827766148
69,84,35,54,-406.151482923494,-0.0154700538379252,5,5,6.61437827766148
69,84,35,60,90.9816840965796,0.0690598923241497,5,5,7.5
69,84,43,54,74.3308802673602,0.0845299461620748,5,5,5
69,84,43,55,140.712052701055,0.0446527869259951,5,5,8.66025403784439
69,84,43,73,-406.151482923494,-0.0154700538379252,5,5,6.61437827766148
69,84,54,60,74.3308802673602,0.0845299461620748,5,5,5
69,84,60,77,-140.712052701055,-0.0446527869259951,5,5,8.66025403784439
69,84,60,89,406.151482923492,0.0154700538379252,5,5,6.61437827766147
70,78,20,37,203.075741461747,0.0309401076758503,5,5,8.66025403784439
70,78,20,40,-90.9816840965796,-0.0690598923241497,5,5,7.5
70,78,20,44,406.151482923494,0.0154700538379252,5,5,6.61437827766148
70,78,37,44,-406.151482923494,-0.0154700538379252,5,5,6.61437827766148
70,78,37,61,90.9816840965796,0.0690598923241497,5,5,7.5
70,78,40,44,74.3308802673602,0.0845299461620748,5,5,5
70,78,40,45,140.712052701055,0.0446527869259951,5,5,8.66025403784439
70,78,40,62,-406.151482923494,-0.0154700538379252,5,5,6.61437827766148
70,78,44,61,74.3308802673602,0.0845299461620748,5,5,5
70,78,61,85,-140.712052701055,-0.0446527869259951,5,5,8.66025403784439
70,78,61,91,406.151482923494,0.0154700538379252,5,5,6.61437827766148
71,81,25,36,203.075741461747,0.0309401076758503,5,5,8.66025403784439
71,81,25,41,-90.9816840965796,-0.0690598923241497,5,5,7.5
71,81,25,49,406.151482923494,0.0154700538379252,5,5,6.61437827766148
71,81,36,49,-406.151482923494,-0.0154700538379252,5,5,6.61437827766148
71,81,36,58,90.9816840965796,0.0690598923241497,5,5,7.5
71,81,41,48,140.712052701055,0.0446527869259951,5,5,8.66025403784439
71,81,41,49,74.3308802673602,0.0845299461620748,5,5,5
71,81,41,65,-406.151482923494,-0.0154700538379252,5,5,6.61437827766148
71,81,49,58,74.3308802673602,0.0845299461620748,5,5,5
71,81,58,82,-140.712052701055,-0.0446527869259951,5,5,8.66025403784439
71,81,58,90,406.151482923494,0.0154700538379252,5,5,6.61437827766148
72,82,26,36,203.075741461747,0.0309401076758503,5,5,8.66025403784439
72,82,26,42,-90.9816840965796,-0.0690598923241497,5,5,7.5
72,82,26,50,406.151482923494,0.0154700538379252,5,5,6.61437827766148
72,82,36,50,-406.151482923494,-0.0154700538379252,5,5,6.61437827766148
72,82,36,58,90.9816840965796,0.0690598923241497,5,5,7.5
72,82,42,50,74.3308802673602,0.0845299461620748,5,5,5
72,82,42,51,140.712052701055,0.0446527869259951,5,5,8.66025403784439
72,82,42,66,-406.151482923494,-0.0154700538379252,5,5,6.61437827766148
72,82,50,58,74.3308802673602,0.0845299461620748,5,5,5
72,82,58,81,-140.712052701055,-0.0446527869259951,5,5,8.66025403784439
72,82,58,90,406.151482923494,0.0154700538379252,5,5,6.61437827766148
73,85,31,37,203.075741461747,0.0309401076758503,5,5,8.66025403784439
73,85,31,43,-90.9816840965796,-0.0690598923241497,5,5,7.5
73,85,31,55,406.151482923494,0.0154700538379252,5,5,6.61437827766148
73,85,37,55,-406.151482923494,-0.0154700538379252,5,5,6.61437827766148
73,85,37,61,90.9816840965796,0.0690598923241497,5,5,7.5
73,85,43,54,140.712052701055,0.0446527869259951,5,5,8.66025403784439
73,85,43,55,74.3308802673602,0.0845299461620748,5,5,5
73,85,43,69,-406.151482923494,-0.0154700538379252,5,5,6.61437827766148
73,85,55,61,74.3308802673602,0.0845299461620748,5,5,5
73,85,61,78,-140.712052701055,-0.0446527869259951,5,5,8.66025403784439
73,85,61,91,406.151482923494,0.0154700538379252,5,5,6.61437827766148
74,79,21,45,83.1187288206608,0.0755928946018455,8.66025403784439,5,8.66025403784439
74,79,22,46,-83.1187288206608,-0.0755928946018455,8.66025403784439,5,8.66025403784439
74,79,32,45,62.8318530717958,0.1,8.66025403784439,5,6.61437827766147
74,79,32,46,-62.8318530717958,-0.1,8.66025403784439,5,6.61437827766147
74,79,45,56,-62.8318530717958,-0.1,8.66025403784439,5,4.33012701892219
74,79,45,62,257.432628928405,0.0244071053981545,8.66025403784439,5,7.5
74,79,46,56,62.8318530717959,0.1,8.66025403784439,5,4.33012701892219
74,79,46,63,-257.432628928405,-0.0244071053981545,8.66025403784439,5,7.5
74,86,32,45,203.075741461747,0.0309401076758503,5,5,8.66025403784438
74,86,32,46,-90.9816840965795,-0.0690598923241497,5,5,7.5
74,86,32,56,406.151482923494,0.0154700538379252,5,5,6.61437827766147
74,86,38,46,-140.712052701054,-0.0446527869259952,5,5,8.66025403784439
74,86,45,56,-406.151482923494,-0.0154700538379252,5,5,6.61437827766147
74,86,45,79,90.9816840965795,0.0690598923241497,5,5,7.5
74,86,46,56,74.3308802673601,0.0845299461620749,5,5,5
74,86,46,63,-406.151482923495,-0.0154700538379251,5,5,6.61437827766148
74,86,56,79,74.3308802673601,0.0845299461620749,5,5,5
75,80,23,47,-83.1187288206608,-0.0755928946018455,8.66025403784439,5,8.66025403784439
75,80,24,48,83.1187288206608,0.0755928946018455,8.66025403784439,5,8.66025403784439
75,80,33,47,-62.8318530717958,-0.1,8.66025403784439,5,6.61437827766147
75,80,33,48,62.8318530717958,0.1,8.66025403784439,5,6.61437827766147
75,80,47,57,62.8318530717959,0.1,8.66025403784439,5,4.33012701892219
75,80,47,64,-257.432628928405,-0.0244071053981545,8.66025403784439,5,7.5
75,80,48,57,-62.8318530717958,-0.1,8.66025403784439,5,4.33012701892219
75,80,48,65,257.432628928405,0.0244071053981545,8.66025403784439,5,7.5
75,87,33,47,-90.9816840965795,-0.0690598923241497,5,5,7.5
75,87,33,48,203.075741461747,0.0309401076758503,5,5,8.66025403784438
75,87,33,57,406.151482923494,0.0154700538379252,5,5,6.61437827766147
75,87,38,47,-140.712052701054,-0.0446527869259952,5,5,8.66025403784439
75,87,47,57,74.3308802673601,0.0845299461620749,5,5,5
75,87,47,64,-406.151482923495,-0.0154700538379251,5,5,6.61437827766148
75,87,48,57,-406.151482923494,-0.0154700538379252,5,5,6.61437827766147
75,87,48,80,90.9816840965795,0.0690598923241497,5,5,7.5
75,87,57,80,74.3308802673601,0.0845299461620749,5,5,5
76,83,27,51,83.1187288206608,0.0755928946018455,8.66025403784439,5,8.66025403784439
76,83,28,52,-83.1187288206608,-0.0755928946018455,8.66025403784439,5,8.66025403784439
76,83,34,51,62.8318530717958,0.1,8.66025403784439,5,6.61437827766147
76,83,34,52,-62.8318530717958,-0.1,8.66025403784439,5,6.61437827766147
76,83,51,59,-62.8318530717958,-0.1,8.66025403784439,5,4.33012701892219
76,83,51,66,257.432628928405,0.0244071053981545,8.66025403784439,5,7.5
76,83,52,59,62.8318530717959,0.1,8.66025403784439,5,4.33012701892219
76,83,52,67,-257.432628928405,-0.0244071053981545,8.66025403784439,5,7.5
76,88,34,51,203.075741461747,0.0309401076758503,5,5,8.66025403784438
76,88,34,52,-90.9816840965795,-0.0690598923241497,5,5,7.5
76,88,34,59,406.151482923494,0.0154700538379252,5,5,6.61437827766147
76,88,39,52,-140.712052701054,-0.0446527869259952,5,5,8.66025403784439
76,88,51,59,-406.151482923494,-0.0154700538379252,5,5,6.61437827766147
76,88,51,83,90.9816840965795,0.0690598923241497,5,5,7.5
76,88,52,59,74.3308802673601,0.0845299461620749,5,5,5
76,88,52,67,-406.151482923495,-0.0154700538379251,5,5,6.61437827766148
76,88,59,83,74.3308802673601,0.0845299461620749,5,5,5
77,84,29,53,-83.1187288206608,-0.0755928946018455,8.66025403784439,5,8.66025403784439
77,84,30,54,83.1187288206608,0.0755928946018455,8.66025403784439,5,8.66025403784439
77,84,35,53,-62.8318530717958,-0.1,8.66025403784439,5,6.61437827766147
77,84,35,54,62.8318530717958,0.1,8.66025403784439,5,6.61437827766147
77,84,53,60,62.8318530717959,0.1,8.66025403784439,5,4.33012701892219
77,84,53,68,-257.432628928405,-0.0244071053981545,8.66025403784439,5,7.5
77,84,54,60,-62.8318530717958,-0.1,8.66025403784439,5,4.33012701892219
77,84,54,69,257.432628928405,0.0244071053981545,8.66025403784439,5,7.5
77,89,35,53,-90.9816840965795,-0.0690598923241497,5,5,7.5
77,89,35,54,203.075741461747,0.0309401076758503,5,5,8.66025403784438
77,89,35,60,406.151482923494,0.0154700538379252,5,5,6.61437827766147
77,89,39,53,-140.712052701054,-0.0446527869259952,5,5,8.66025403784439
77,89,53,60,74.3308802673601,0.0845299461620749,5,5,5
77,89,53,68,-406.151482923495,-0.0154700538379251,5,5,6.61437827766148
77,89,54,60,-406.151482923494,-0.0154700538379252,5,5,6.61437827766147
77,89,54,84,90.9816840965795,0.0690598923241497,5,5,7.5
77,89,60,84,74.3308802673601,0.0845299461620749,5,5,5
78,85,20,44,-83.1187288206608,-0.0755928946018455,8.66025403784439,5,8.66025403784439
78,85,31,55,83.1187288206608,0.0755928946018454,8.66025403784439,5,8.66025403784439
78,85,37,44,-62.8318530717959,-0.1,8.66025403784439,5,6.61437827766148
78,85,37,55,62.8318530717959,0.1,8.66025403784439,5,6.61437827766148
78,85,44,61,62.8318530717959,0.1,8.66025403784439,5,4.33012701892219
78,85,44,70,-257.432628928405,-0.0244071053981545,8.66025403784439,5,7.5
78,85,55,61,-62.8318530717958,-0.1,8.66025403784439,5,4.33012701892219
78,85,55,73,257.432628928405,0.0244071053981545,8.66025403784439,5,7.5
79,86,32,45,-90.9816840965796,-0.0690598923241497,5,5,7.5
79,86,32,46,203.075741461747,0.0309401076758503,5,5,8.66025403784439
79,86,32,56,406.151482923492,0.0154700538379252,5,5,6.61437827766147
79,86,40,45,-140.712052701055,-0.0446527869259951,5,5,8.66025403784439
79,86,45,56,74.3308802673601,0.0845299461620749,5,5,5
79,86,45,62,-406.151482923493,-0.0154700538379252,5,5,6.61437827766147
79,86,46,56,-406.151482923495,-0.0154700538379251,5,5,6.61437827766148
79,86,46,74,90.9816840965796,0.0690598923241497,5,5,7.5
79,86,56,74,74.3308802673602,0.0845299461620748,5,5,5
80,87,33,47,203.075741461747,0.0309401076758503,5,5,8.66025403784439
80,87,33,48,-90.9816840965796,-0.0690598923241497,5,5,7.5
80,87,33,57,406.151482923492,0.0154700538379252,5,5,6.61437827766147
80,87,41,48,-140.712052701055,-0.0446527869259951,5,5,8.66025403784439
80,87,47,57,-406.151482923495,-0.0154700538379251,5,5,6.61437827766148
80,87,47,75,90.9816840965796,0.0690598923241497,5,5,7.5
80,87,48,57,74.3308802673601,0.0845299461620749,5,5,5
80,87,48,65,-406.151482923493,-0.0154700538379252,5,5,6.61437827766147
80,87,57,75,74.3308802673602,0.0845299461620748,5,5,5
81,82,25,49,-83.1187288206608,-0.0755928946018455,8.66025403784439,5,8.66025403784439
81,82,26,50,83.1187288206608,0.0755928946018454,8.66025403784439,5,8.66025403784439
81,82,36,49,-62.8318530717959,-0.1,8.66025403784439,5,6.61437827766148
81,82,36,50,62.8318530717959,0.1,8.66025403784439,5,6.61437827766148
81,82,49,58,62.8318530717959,0.1,8.66025403784439,5,4.33012701892219
81,82,49,71,-257.432628928405,-0.0244071053981545,8.66025403784439,5,7.5
81,82,50,58,-62.8318530717958,-0.1,8.66025403784439,5,4.33012701892219
81,82,50,72,257.432628928405,0.0244071053981545,8.66025403784439,5,7.5
83,88,34,51,-90.9816840965796,-0.0690598923241497,5,5,7.5
83,88,34,52,203.075741461747,0.0309401076758503,5,5,8.66025403784439
83,88,34,59,406.151482923492,0.0154700538379252,5,5,6.61437827766147
83,88,42,51,-140.712052701055,-0.0446527869259951,5,5,8.66025403784439
83,88,51,59,74.3308802673601,0.0845299461620749,5,5,5
83,88,51,66,-406.151482923493,-0.0154700538379252,5,5,6.61437827766147
83,88,52,59,-406.151482923495,-0.0154700538379251,5,5,6.61437827766148
83,88,52,76,90.9816840965796,0.0690598923241497,5,5,7.5
83,88,59,76,74.3308802673602,0.0845299461620748,5,5,5
84,89,35,53,203.075741461747,0.0309401076758503,5,5,8.66025403784439
84,89,35,54,-90.9816840965796,-0.0690598923241497,5,5,7.5
84,89,35,60,406.151482923492,0.0154700538379252,5,5,6.61437827766147
84,89,43,54,-140.712052701055,-0.0446527869259951,5,5,8.66025403784439
84,89,53,60,-406.151482923495,-0.0154700538379251,5,5,6.61437827766148
84,89,53,77,90.9816840965796,0.0690598923241497,5,5,7.5
84,89,54,60,74.3308802673601,0.0845299461620749,5,5,5
84,89,54,69,-406.151482923493,-0.0154700538379252,5,5,6.61437827766147
84,89,60,77,74.3308802673602,0.0845299461620748,5,5,5
