Observed,PhysicsInverse,RandomForest
12.8,15.8533628524808,17.2318464404523
50.6666666666667,21.0706761246166,24.2095373560381
36.9,19.9510378374791,22.8738005222641
17.0333333333333,13.0678828760811,15.6516096301659
17.1,9.4458216508951,10.1960902487839
11.95,23.0439257491366,15.2178109831003
10.0666666666667,16.5524477958411,15.7843717760106
9.2,11.7879899524776,10.4714239372062
9.13333333333333,16.9244389606413,15.6863897752686
58.9,32.8122056333762,32.5628567524361
12.45,16.810732668455,15.0646153199506
9.75,18.2790279967146,25.1019273700064
32.8666666666667,30.8368308911588,30.516611708241
9.53333333333333,17.4808090190178,13.1319260307795
36.5666666666667,18.3074652962095,17.8923823154083
10.35,14.6124842347686,13.4749367674478
12.3666666666667,20.6007479326232,16.0231831733065
12.7333333333333,16.2179696397457,16.1697702577814
18.6666666666667,22.6371224240388,18.074436231397
56.8666666666667,22.8994028155557,32.286263992741
11.0333333333333,12.1967328731684,11.3248944095537
7.65,11.6846746756303,11.4286370725753
6.5,7.66585243181233,7.68222234152607
9.93333333333333,15.6824242008612,14.4886903336732
9.96666666666667,14.9543899962972,8.17855815772779
7.73333333333333,10.8684164196124,12.7668959352085
48.2666666666667,18.079568137646,23.4746234148323
61.6666666666667,78.4401318289258,59.4786485014144
9.4,16.6644136087032,17.6862964298374
13.1666666666667,18.4417093556574,15.4520086527779
15.5666666666667,17.7313379153233,13.3592680408205
10.7,13.6567198347386,11.9157232971247
9.45,19.8806346457642,18.7674206669463
12.3666666666667,19.136886864779,16.9886495475287
12.5333333333333,17.824483411009,15.7089338078747
11.3333333333333,12.169193164799,13.4727455760155
12.9333333333333,13.1433979944842,13.7723281839817
9.65,13.5335329859242,17.6853472641884
13.5333333333333,9.63060232989402,11.0996559196027
9.36666666666667,11.8601639431162,10.9657023688051
12.6666666666667,24.5933495487996,27.4762225979306
13.5333333333333,9.15669702395332,11.3947708830766
13.7,21.0465933576611,15.6545361021589
11.45,20.3131333945488,21.3203512384469
11.2666666666667,15.5976345396736,25.5490044866009
18.1,18.0547147000905,15.396942037157
4.3,15.7509980584067,12.9344253661517
8.5,11.5920320486671,8.96572986608578
16.2666666666667,13.1929352440823,10.8788625995015
13,16.6902676544033,12.1891970112443
10,23.0261524422513,35.5860693714506
72.5,58.4431938366853,46.9249813751191
9.93333333333333,13.5010614662713,16.8127655210597
13.05,17.5858758017009,16.1047169039946
16.9333333333333,16.1828706136378,16.2670247301691
4.16666666666667,16.2957944390853,14.8605985465643
9.76666666666667,14.0835646847107,15.6313190040293
11.2,15.1803121259629,19.3853162937176
12.6333333333333,13.610914130561,15.2669988999205
9.23333333333333,37.2125320290968,25.7220468569756
10.4,13.0271955492977,13.8878298391114
6.6,12.6852091613726,9.33005885909559
9.53333333333333,17.8692793985686,15.3848133812067
15.25,12.5785676395121,11.1648477730058
18.6666666666667,16.9874380331165,17.9520315228115
8.16666666666667,10.9064260156166,10.096980710055
9.9,7.93781890666457,8.36878828020567
19.1,23.9769761796783,28.0401402334625
8.23333333333333,12.3037873108708,12.3621176322562
8.86666666666667,16.9533843914781,15.0408361013756
11.7333333333333,11.5053917115653,13.6549285594829
7.1,7.17653425062793,6.80291553030115
11.5,11.897367925702,12.7580594048161
12.8,14.863415406951,11.7341696047128
9.8,17.4057464670549,12.2242724594027
4.15,14.7629498150787,13.5082443838385
5.2,10.9628476826985,9.17503433152108
12.0333333333333,13.3161494291433,12.0608242470925
4.7,8.4135366125642,10.108934674658
19.1,24.3715800902923,21.661958980227
9.75,13.544022398621,13.1801902290111
6.8,8.58955330580906,9.21880267789233
11.75,9.07963553528926,11.9852756198773
6.2,8.37528739937263,9.40685403555765
2.96666666666667,6.96782120113129,6.7195412230472
15.6333333333333,15.8646628215363,11.1084982031682
8.35,9.91190505279392,11.4338283035619
6.36666666666667,8.67911054300939,9.51562785585347
3,7.49942210522251,8.5455296196442
13.05,23.3011308735536,24.8029656600869
10.2,9.51677874496902,9.95722777250343
7.7,8.93978932371647,10.0398992795779
4.56666666666667,8.80535441808098,7.98521148170101
11.8,14.7053053774687,13.8109700672047
8.83333333333333,10.7720309561871,11.0278359459544
13.3,9.16712526389536,12.7141629258388
5.63333333333333,10.4856664391399,13.0673640067873
13.3666666666667,15.9622392735997,16.6888116631801
9.1,9.92881999368527,11.9060214735428
8.3,8.87724834399114,11.9947148383333
4.63333333333333,13.6848976807305,10.2537878096846
8.26666666666667,15.4868357076611,16.1470472077135
7.06666666666667,9.59029248027532,8.15144987608851
3.7,12.5034098809623,11.9255783684134
12.3666666666667,11.7538524053269,10.0340545867624
10.1666666666667,14.8011375928915,13.8012076163346
6.2,11.2776356291754,17.4583008425457
14.75,26.1591885754361,27.6714143889359
21.9333333333333,18.981453680908,15.0953782805109
10.1,14.0521021779778,13.7014413312201
16.9,18.5659696576656,22.2695570288428
20.2,18.7189397892737,18.9276404231947
7.33333333333333,10.3728081463159,8.49230617005463
12.55,12.1309533111055,11.4727522921416
6.86666666666667,10.5136279770072,10.5264514433866
10.5666666666667,14.6784926568721,16.8846851948275
53.7,54.0637179852948,38.790942821169
11.2666666666667,13.1947687103347,14.5175764040732
7.16666666666667,9.74307720000533,10.1108555289021
6.5,12.6444274788105,12.169859305352
14.75,14.6550929391264,15.6993490402294
17,17.3129710193433,16.2747192768368
13.1,19.9085188815034,17.2406630709585
10.7,10.8237297742282,10.9505415951299
2.93333333333333,14.5923462952172,8.61550897227505
7.5,8.58871111498423,12.0689898195182
20.35,17.4550408250452,15.9085239876896
19.3,19.6081359175855,18.4759485292878
9.06666666666667,16.9303507103747,13.4690912858403
11.9,13.4981887414838,13.1600980994536
6.9,10.3188487782932,7.0763466035091
17.8666666666667,15.3155079716058,15.7013471582412
18.9,10.5194665664911,12.6691292966218
18.0333333333333,17.5071702713452,15.695493012328
7.33333333333333,13.0412223157143,12.3889676513541
20.0666666666667,15.4473430102018,17.6860985361968
17.8,13.342599961496,11.0187642521868
8.1,13.2808691183673,14.2631538685088
10.4,12.3559380619874,12.547923444496
11.6,20.8724169387439,17.6154317060499
19.7,12.8060906893742,12.6463877374807
17.3666666666667,17.493007133197,15.3480271893545
18.1666666666667,17.204805996272,15.6864019870236
11.8333333333333,10.4784059005184,12.9894999417374
7.60003333333333,6.66527672807649,8.94023324356898
11.3666666666667,15.6396207315015,14.1263650087919
12.7,14.3965694468198,15.2149068605163
17.7666666666667,19.7800312364545,15.6001471746384
6.06666666666667,9.93926627797297,10.6247461763782
9.16666666666667,8.20678090731601,10.8011209954607
13.4,13.6420866691642,12.2831989065441
8.93333333333333,13.3426590734093,13.6554994486662
13.8,11.2796281216304,13.1429037148821
6.05,30.67131463939,13.7918517708684
8.33333333333333,18.5095580731848,18.6593652349003
7.05,7.93534890125253,7.67568770498843
13.0333333333333,16.2816722389795,16.8359915575651
23.4,16.0685918148291,13.6031528872091
10.3,15.224786006607,14.0705821061799
7.7,13.3034145528307,18.2537642312832
9,11.0854179260882,12.0759111934942
7.83333333333333,20.6687926860734,14.3583109833499
6.43333333333333,7.37599962882113,6.66023220180031
12.9,15.5405348751015,13.1211698962279
7.7,11.6147628943538,11.44434835728
9.46666666666667,8.81064017530879,9.18076338907875
10.1,10.4375983895877,12.4119254694124
24.0333333333333,20.0384659883054,14.0342421910278
8.66666666666667,12.0526009268778,11.6516323221777
13.6333333333333,14.6911479679828,13.3867407846353
13.1666666666667,18.3854394141358,15.9707985106563
9.8,15.5707039790239,12.8422630862617
12.4,16.272279420796,16.6448367014934
9.03333333333333,15.8858377721572,20.1766420472014
8.3,13.6272198372085,11.0586302247106
4.8,7.62578797017781,5.92597498502898
14.6333333333333,6.27281227853926,15.9076667726262
15.5,20.4487439184004,15.5834084503782
12.4666666666667,13.882021100158,12.4298670814144
7.3,13.1121483155519,12.3296794767715
9.03333333333333,11.6882838619251,13.6683858255263
14,8.93938134300087,14.4877826550983
9.4,12.2381680399984,12.1975467485442
13,11.0222783975148,15.2867110556645
16.8666666666667,16.3041725349361,15.070621762241
9.36666666666667,14.3323438268153,16.3582934863647
24.1,14.3132545173801,17.139642548504
4.1,8.2117205821841,10.4894108755614
6.8,5.5027450388022,6.46388925857605
18.6333333333333,11.9116252753283,25.5619468635353
15.8,17.5510200491585,15.5203602603143
9.73333333333333,14.6162282077915,18.1784405345004
21.55,28.4134683555371,21.0527591726551
11.4333333333333,12.2777787606414,10.9705521534682
29.4666666666667,25.1189703562669,20.852154085931
12.1,15.2619062114376,12.33224806612
18.3,17.0931379137465,16.6559574807715
13.9666666666667,13.0455410029159,12.6858425597262
16.9,13.3779629780247,17.5786834527118
15.0666666666667,15.0329008205388,14.3769123796751
11.8666666666667,12.3901182102162,13.2233408790894
126.85,72.943115123577,49.9800547283845
4.73333333333333,9.12418729254754,7.44312631511223
19.6,17.3873060025704,17.1752380701506
26.4333333333333,16.6075603197949,18.3293628989361
9.20003333333333,12.6576508236897,14.3538941414792
10.3333333333333,12.9516454194304,15.4041688084854
13.3666666666667,19.8923918851404,21.254475942543
6.96666666666667,9.21411393124705,13.1652740223616
10.2,16.9676380557217,20.907075640984
9,17.4610975835506,13.7209337722347
8.36666666666667,12.9324227287226,10.3637748466748
7.33333333333333,12.0497402140226,13.0435367617599
6.9,17.4092473187328,17.4145066109868
17.5666666666667,13.7349324825984,14.0197609120867
17.8,25.9164754496592,20.057450913524
16.6333333333333,10.6649639863142,10.6300672952222
8.13333333333333,12.3303173803776,16.1881477611545
12.9,12.8384503011915,17.6039189585372
7.5,11.6361618876343,8.04808479809823
10.3,20.6905906708535,15.2089243365377
17.3,11.6912217199597,14.4791026765209
16.9333333333333,16.2529334878151,15.7355596210898
15.55,11.0151245265581,13.8174082031625
13.5666666666667,16.9900138150083,20.8074409423691
9.1,21.4114991739953,11.5907496257157
11.95,16.6311479525533,14.7720111380696
14.5333333333333,23.2161660505318,20.8681556687214
29.6,24.0104217223165,28.1597350774712
7.83333333333333,10.8304934781897,13.3494544857495
11.55,14.7797438254903,15.5029837226817
16.4,14.1128290995779,12.4235651218757
11.2,32.9095280767055,20.4431110193209
10.4666666666667,20.7350634553839,18.3874820441517
21.4333333333333,12.6344395660983,12.89910493721
12.8333333333333,17.2253059620076,17.8879201615831
7.76666666666667,10.4538291343055,11.7376530408356
18.6,13.4253530147673,14.6485636827705
9.73333333333333,10.0084931562069,9.68209865994151
29.6,19.1482208855565,16.2205617986668
12.7333333333333,10.8201524049892,8.85400628163843
14.9,13.9429326818791,11.8015163645044
8.1,13.5652481563189,17.6691515439457
17,16.1673257955343,18.2016995139596
57.65,28.3404116153305,23.0471528366781
3.05,7.13083268159035,9.57088936435857
20.2666666666667,21.1127825846393,18.1940821011037
20.65,25.5314542319499,25.5862912083021
26.4,15.3476431338702,14.2973663333115
73.45,60.8447676542332,42.7503220538794
4.23333333333333,7.06910039421345,7.7900769755885
10.9,17.8919817402638,18.890092991281
8.9,13.4957134717821,12.4841866572777
12.0666666666667,16.1282823760783,16.220259962429
9.36666666666667,13.8085997831385,12.9296001996259
13.6666666666667,22.0095682608761,21.4689178357103
14.9,9.55758324153703,12.2524905429587
18.7666666666667,12.252678423217,15.2136073415451
87.9333333333333,426.65694113063,38.5746603123764
9.7,20.1960514106391,17.0103017411569
9.6,9.33370743281161,9.22973465610494
16.1666666666667,15.5577094713207,14.8721345715319
6.8,10.3093881799021,8.26918464168062
19.8,11.6291626844393,13.5081988947083
12.7333333333333,15.6612246215319,13.737723023197
9.03333333333333,12.1587811521191,11.2815815896114
8.33333333333333,13.2234033833025,12.255345236449
12.9333333333333,11.1748473262715,14.2188476709211
8.85,16.5038593770099,15.2429577163063
10.8,13.3400140635531,13.4320056918038
9.5,9.58552219465703,8.2292210740453
32.8,20.8763248247364,23.6599970361845
14.0333333333333,14.383895040062,18.7489392455097
9.16666666666667,12.9915466150342,10.7850576928482
30.3,20.0049790174756,23.0655221361553
25.6,11.602219634534,13.0285577769414
11.5,20.7811544361362,14.3191476734645
8.83333333333333,11.7320558610581,10.0835168296704
6.45,11.8952693728446,11.7122061540186
19.7333333333333,19.2971179444926,14.4996147160898
7.9,11.1969240536133,10.9835369059413
30.9333333333333,21.5596949241121,25.1513015563105
11.2333333333333,11.9411552827345,8.98802122600742
23.9,15.4897409712327,16.6059074354774
10.8,13.8501464678026,15.2012516370295
11.8333333333333,11.5801801666412,10.6501750328862
7.83333333333333,11.323058183852,13.7024909899095
10.6666666666667,11.2693617697969,10.6270719559923
19.2,8.43213410192262,10.2403658288556
14.2,26.7909154968091,17.4089728369334
11.3666666666667,11.5456245265061,8.60140235336792
4.43333333333333,12.9186699219826,8.98045056499156
8.6,13.0561877692418,14.5903196953225
18.6333333333333,10.6512015944941,14.164127774185
11.0666666666667,13.1606113788067,14.7634522248694
8.53333333333333,10.2681165878537,9.89111212506624
5.9,8.3009847660654,11.8566834915592
8.93333333333333,10.1406162769461,12.0817970292701
11.5666666666667,15.4437436763748,14.7821309259681
17.65,22.3645006012412,12.5660668968098
16.6666666666667,19.3149180158184,16.7884601235075
14.5,24.1932700017053,24.8704259903217
14.3666666666667,23.3685094573729,18.1336189158003
11.9,10.9416306304257,13.7966877240565
15.7333333333333,9.06488657150141,11.8800395522763
6.76666666666667,6.57834229540159,10.3240630429382
9.03333333333333,10.1020078116384,9.70308657435391
3.10003333333333,7.06854882620375,9.40487188739673
4.16666666666667,7.6229282810251,6.60002069622702
11.7,12.2796590710081,12.3546112560192
6.2,12.7309911333961,10.0914036143953
11.8,10.9810903112116,14.2892606983294
24.45,19.1587955667546,16.5228593291209
13.65,11.3433976544419,15.0514095705809
30.0666666666667,23.6547487229258,21.9894308674457
12.4,15.8898070304312,15.7392123373042
8.3,14.0428417263759,12.9822175860491
40.0333333333333,26.3098234371779,24.0157173757468
10.5333333333333,13.1054543384934,11.6042072797638
15.6,10.1296795169359,14.5508172910437
6.06666666666667,6.50129373354299,10.4034185722236
14.2,21.8648770671575,18.8157169697682
13.95,9.50309875591466,14.06586989677
14.2666666666667,10.1599873533981,12.728326516689
10.7,12.2200756336549,14.5796527992603
13.1,11.1955568388016,15.7500884273674
16.3666666666667,16.0681866642994,20.536425456149
9.56666666666667,17.9765136807257,13.8592796277841
11.75,14.5467476370887,18.1798162909626
15.4666666666667,16.2185437569364,14.9683180187133
16.8333333333333,12.7330341276581,12.9496999357914
12.0333333333333,12.1304554334237,17.2377933859552
29.1666666666667,23.2240061307713,14.2386855110903
12.3333333333333,14.0654057346265,14.4881004342106
13.7,26.3072955938243,18.4223225915928
4.65,11.4142137265655,13.9281553561689
17.3,10.4533804263257,11.1878697964585
10.2,12.5794501865612,13.3922089736064
13.75,24.8433358909587,17.5646516853761
6.43333333333333,14.3097562174001,18.5016071096559
14.2333333333333,16.6783745286418,15.5825689565952
22.1333333333333,14.9487576192432,20.1564351471335
17.9333333333333,19.1333770268854,17.1118884622533
12.7333333333333,15.7308456248409,19.8074762702553
12.1,19.6471327129458,16.6591392809631
20,19.6791022698538,18.4885422235847
10.3666666666667,8.36106314171629,9.5871021601376
15.7666666666667,14.4423168268058,17.2043088566521
16.1333333333333,24.2148428651366,29.6196922060963
52.4666666666667,81.0491566794514,41.026762003676
17.6666666666667,18.7862338702657,18.3436732589792
14.3666666666667,17.5781752990842,16.4061151067915
17.3,25.7558971805879,20.5276246318823
16.9666666666667,13.5263889589063,17.7601770189336
11.2,13.7232463559591,13.4288549991815
33.3333333333333,19.6194488800393,19.5307290806219
25.5,19.7293761804218,22.899626067867
17.8,28.1825623235553,33.7435423215776
16.5333333333333,17.7578268590285,20.135970802636
27.1,51.1244897858939,46.0473419766605
12.7333333333333,10.8521152405787,13.5943981231279
16.9333333333333,12.0677777486809,16.4795382236514
70.3,56.2494363883782,36.5408056847602
12.8666666666667,14.688891944883,15.0183393294991
19.6,11.6244600450421,14.3732495762951
13.9333333333333,18.4909077899575,17.8858284758901
10.6666666666667,13.3511891757883,14.0826801010726
11.8,16.8298077443087,18.8781560968412
12.5,16.6646629990318,22.0704924016048
17.65,35.4613678321371,33.5947240410162
31.35,9.17575719812893,13.0220700514781
9.46666666666667,16.3260349711485,15.866289142904
45.1,44.1333089988648,34.6863730708886
20.3,14.2011874859835,12.8835629991466
13,14.5096486930001,14.0839652759533
16.2666666666667,14.3179946300536,15.930686584593
13.2,14.0215673255614,15.3112669289068
14.1,30.2557099048583,29.8337936029738
10.6666666666667,11.9060123375217,11.7407320486083
15.6333333333333,10.6833437933034,13.8209572821517
14.5,18.993121941041,21.3777555669462
24.6,15.5710605987424,16.8014207837482
17.6,14.6021072302034,12.8859828888923
15.2333333333333,18.4746610989696,12.9519942768176
15.9333333333333,11.7585443928514,14.1576209703154
11.3,18.1885932910456,14.8174660257229
16.05,21.9437152781452,17.9449232412512
12.5666666666667,20.3003813025659,21.8564099245717
13,21.3108453622445,21.4310105084413
17.6333333333333,12.986267793469,16.4837358305424
11.15,11.4370755605149,14.7672739576466
10.8333333333333,7.62454760204295,13.018017675525
31.8,44.2226029750057,43.9777669524279
5.16666666666667,26.7173151424266,19.9323937222152
17.8333333333333,8.57579767723153,14.2400162087473
12.8,17.8947387042928,16.0873741494965
19.9333333333333,16.9384305049,14.2060167298394
17.3333333333333,19.0078780330947,18.8765003800895
34.85,20.985710000614,23.6983148365846
48.1,43.5177439630549,39.7937863699845
14.4666666666667,13.8741167755164,15.2702496223643
15.6,13.2464146722386,17.201585146436
21.55,31.7816693226305,27.3573295826122
10.8,19.3068267403945,22.267099860579
27.1333333333333,20.1920585347042,19.7085073762765
15.6666666666667,17.7685009007904,19.7748217024525
28.3333333333333,25.0097492166424,23.0972993009185
30.8,21.6456976881274,21.6062707678328
18.6666666666667,7.98781065259121,13.9299130314569
20.1666666666667,13.8111293990418,15.5913410638974
12.6,12.5663795297551,13.5583077186025
34.2,27.6148170163062,25.7699621155662
30.2,30.926351850103,39.7075338154173
16.9666666666667,14.1455805465452,16.0749288739061
12.3,20.2636738718082,14.4465858322888
15.85,15.0760381046311,13.6294205851828
32.95,43.7506165374598,42.4726084108265
60.95,27.789436954945,42.4703012705652
18.4,14.7284687990185,22.9962219624857
20.45,17.8448969151528,15.9699183269079
40.7333333333333,28.3728883949649,25.3483248067067
13.2,15.8307841207291,12.8807374476824
20.3,21.9480124151964,17.8636458968311
21.1,21.5842503108951,21.8610443012615
19.6,13.7982197825466,13.3805623456124
28.2,41.7217395472085,38.8371951711167
22.2666666666667,12.4945536561124,15.0053625138158
16.35,12.3670543351962,12.3250137960347
99.45,309.91329129524,55.9940655206593
16.0666666666667,17.1533258119299,19.3973275043899
29.4666666666667,13.582963638122,15.668820084968
22.1666666666667,18.876935897351,19.7672922270948
7.66666666666667,21.0561447659306,19.404208297723
22.2333333333333,22.0132154838991,21.1347624011851
19.8333333333333,17.0839000116986,12.7693534736299
26.35,14.70042105278,21.9782457691516
12.4666666666667,20.6161589518821,18.9563097904356
25.8,22.7731128144606,23.9539278184512
16.95,19.2568591430661,14.6314778807423
32.7,34.7430035055549,28.8278726560678
17.35,10.650227643311,12.5386070696037
7.86666666666667,14.3563167846083,14.7675558769305
12.6333333333333,14.6758718297556,15.9928683582858
27.7333333333333,25.1621988328193,28.4089000823217
28.4666666666667,13.0838394040954,14.6428282527028
29.95,38.7330639372632,34.694163877118
13.4333333333333,17.3206216729788,20.7337480140795
9.93333333333334,7.85138092466526,10.5474096508076
21.5333333333333,42.6175207865048,27.1892652084375
38.0666666666667,25.3476689622061,21.9360963343006
14.1,10.9438122502519,11.5303638685819
18.1,15.5848730921369,10.933006595494
6.53333333333333,17.0339536900956,14.5504710487369
11.8,16.8179867757888,13.3115345796506
21,15.1510920667797,13.6834599224329
16.9333333333333,15.1077752292984,13.1187691511991
28.15,14.6071275078199,23.7274144482662
18.4,24.8555085921549,23.1184856498091
35.65,17.7505837677128,19.1149000912098
38.15,31.4085453360556,34.8461940670198
14.7,14.0363174371807,13.7666997572535
65.2,34.8679654395252,33.1006775067423
31.55,21.1449217382568,21.6255648637509
14.0666666666667,17.848813168844,21.2812852250752
21.35,25.8602475490328,23.8618477220492
31.6,19.7950141769083,23.9699483761242
28.4333333333333,23.6181216087267,18.5966133899719
20.45,17.0486039875687,17.4609865161138
45.05,16.3702086148631,16.7714204778148
120.6,60.7418543883884,42.7412377080131
14.7333333333333,14.0655635983646,12.9189607490637
21.3,17.8377151606668,20.1298796190757
25.3,25.2353164886439,22.9383709881576
32.2,15.7539058396648,19.0655437975204
4.26666666666667,9.84409554204761,10.3240064175846
20.05,19.7509986124202,21.9349618166825
33.6,22.492639194733,18.8280146377251
34.6,20.307846990071,19.0417082966329
19.4666666666667,21.3700440200759,19.209313426725
21.35,47.7361041991602,38.868391346222
21.15,18.1575110824455,17.864486277248
19.95,23.3413986153277,23.1577548757352
27.4666666666667,26.704012547144,21.6533006184768
23.8333333333333,21.6433262525893,24.0984863088262
34.6333333333333,16.7640834368305,22.2990239171071
14.8,14.9111883003961,16.7512295859757
35.0333333333333,43.5334566977959,23.9060411545293
12.1666666666667,17.3343645049367,17.4010586797823
37.1,24.4362312833155,23.9818962621551
32.55,98.3262409802508,45.2707546377756
30.7,20.8259409965908,19.3064540988626
22.05,19.7153560840127,17.7439219651366
35.2333333333333,24.5107528172453,21.6595845093569
14.9333333333333,16.4571358615016,16.9778277462411
30.1,28.0342410671189,28.0315201409033
21.5666666666667,28.0706236427637,33.2563992373536
16.7,23.3636444245822,28.0050010650105
38.8,24.7920515847126,22.8161575727026
49.35,29.0897870970034,35.0370379673084
33.1,56.4046885725953,44.2128527684198
13.7,14.4986905973429,15.2702322568147
11.3,16.6159793490382,14.2140161684389
21.8,15.3066992951261,17.9518646903344
30.45,20.7384113053827,18.1507252134455
25.45,20.4273108316038,28.4548580814834
39.75,20.1760270520188,20.9816042119675
17.9333333333333,28.8432754309819,26.4547912499121
25.5,23.8150376171686,26.1303031669518
9.45,21.9834636485671,16.2145099630904
15.75,16.0864871636792,17.5202443857719
18.5,16.8979438767944,18.3046259835423
10.6333333333333,12.5473375615078,12.3432144382204
36.6,13.4166684002755,19.7674298764536
7.36666666666667,17.708291340696,14.3751687358333
71.3,46.8177151088942,44.5577250386709
24.4,32.9899808301914,29.2403429104136
45.65,21.5366352311224,20.084153613876
42.9,44.6390225722554,47.0662763026333
16.7,22.4984348214091,21.0786049462301
10.3666666666667,20.9799642370211,18.4685187797762
17.8,19.4293929083587,17.2577371467293
48.75,32.4538615612049,38.0358804692292
28.55,18.9864135399211,22.1626703374788
9.36666666666667,11.9013337911733,15.2327930548306
13.35,18.1108157786233,18.3898417197493
41.1,58.7775319217559,51.8118515528882
47.7,63.2482377439812,46.6973286586758
18.5666666666667,24.1523653438234,19.9608768788789
27.05,14.0571309475156,16.4112861197484
45.2,17.5853626144293,19.0543112480548
7.45,10.2372618902272,12.7057577633582
15.75,21.1150023006759,20.4094299957373
28.5,35.5652650075061,33.2967815570347
22,30.2926092822626,32.5474332391339
33.2,38.9257557588913,40.7635211854362
29.0666666666667,29.020540078699,28.2257008116309
9.73333333333333,14.7360662864008,15.9818864099584
16.5666666666667,10.5983882001504,12.1329447785297
8.9,17.4956070711792,12.7985438587922
36.3,62.8122215445355,45.6081980510202
22.7666666666667,19.5841152007152,26.1689418854687
52.7666666666667,23.1711657781393,23.5742488876627
16.45,21.1426648364404,19.522840145564
21.5333333333333,20.6717020532147,24.3308960313007
24.95,31.9692735034997,29.03705706664
9.85,10.6077644880962,15.4095249232746
15.1,13.8762695467832,17.916135418443
46.7,39.3102205910157,35.5552679174432
5.5,12.6968694299962,11.5019003966673
18.4,27.6181225361627,24.9781843863072
20.95,19.1527849253419,25.1343880178531
13.8666666666667,20.1972271997563,19.2047814663509
18.8333333333333,18.4760653820292,16.2431525958552
20.95,21.5024270344376,18.9417359862672
46.5,31.4321680959521,20.6396387164071
17.75,13.8492322926537,19.5300864272714
22.7,25.3064568537451,26.614818478252
22.5333333333333,14.2088020932924,14.3928272955913
27.45,17.5236792152674,18.5629715624481
26.85,15.5529106385135,13.93220899707
9.2,19.7313398495964,18.0813652822095
11.7,13.6648886840619,21.425496038127
15.2,14.8584309744693,20.4515748253893
6.66666666666667,12.0815880340396,15.1382640782666
33.45,16.4562396374492,19.4091816434107
9.63333333333333,9.26174324482368,14.9615345546325
16.65,13.3863171868907,15.0289763237395
7.5,22.6172817876352,17.36017712901
13,17.7681213286629,19.4451509845064
17.3,16.8202016588675,13.7088514369609
9.1,14.366166709269,13.0072485947142
10.9333333333333,15.3692700369155,14.8536167680326
12.8333333333333,15.3170844635984,12.1245812724779
32.25,19.3332304858282,22.2205748146165
11.55,23.3310183417881,17.0584524511167
10.45,18.3706604261558,12.2933600667233
16.6666666666667,10.5381287736813,9.94161580989977
12.9,13.1335197744243,20.451139500609
10.6333333333333,16.7521412265342,15.5237649637518
18.75,11.4702394101673,12.4789050313737
21.0666666666667,15.3737030847797,17.8560103380102
14.55,13.8718728107941,14.8519641138595
10.7333333333333,13.8849832279145,15.5261529416071
13.3,14.7314174500685,17.4344644075957
21,19.3901512349073,21.0647033048287
39.85,25.7862273268724,33.4880461301412
20.6,33.1450726661343,30.2961784006663
72,32.8744840310145,30.1709159719561
25.15,20.6620876576206,24.281826833016
19.7,15.9855958044981,15.9856411847237
13.8,16.1212948597826,13.3578839413023
20.6,12.2436661958726,13.7051716467056
15.4,18.74456032719,19.5142009137476
34.8,39.5285527298528,34.2809501144881
13.5,13.4206064156717,13.2007467472059
13.6,23.7410563517203,24.9962300209508
16.1333333333333,15.3231601626366,13.0584682304164
56.25,44.7426872215347,33.4836614002453
29.65,22.7392777137266,18.2355734380465
11.3666666666667,15.7070224875656,12.6139070246266
14.5,20.2146984662615,14.8952862029131
19.7,21.0900719111377,18.1246191672884
14.3,15.9037621226129,11.959515309909
21.8,20.0305974560361,18.7713040871695
72.6,40.1288553461835,30.181711498086
26.85,34.787410876418,30.4532696051871
7.55,11.6174374463262,9.57688552120017
15.15,19.7499380331692,13.154227730785
11.2333333333333,9.83560476326994,16.3580137312257
15.55,20.2310010109202,13.9634389630517
13.55,21.5284396809184,24.4055811386418
8.35,17.2657241062576,17.2538763527956
5.4,11.1484829800765,12.0438555327657
32.6,35.2374796712379,36.1567241258159
14.6666666666667,12.6411675733686,19.3054738838951
29.2,20.5640542939423,13.6442748784559
17.2,20.2186057112492,24.0534108397356
30.3666666666667,13.1214047279723,13.5278291083031
11.0333333333333,12.7223596339574,15.1014096019066
23.4666666666667,27.6696143675889,25.5346865090545
13.4333333333333,19.4528961146759,12.13947017866
11.85,11.9968347864503,13.9629757951908
26.2,26.9845151445117,25.954727950939
9.43333333333333,11.0908186677645,14.4525884852415
16.6666666666667,18.2581847845064,14.5330458608422
41.15,21.4003571985104,23.3604025015799
38.5,31.467425763711,31.4589945398603
15.1,16.0686258023934,14.7232409772629
28.2666666666667,25.2067066452102,24.4763901458008
16.9,17.9931600110687,18.4000256688344
16.05,19.4072535723785,17.2220049233171
11.9,14.8952542716409,18.1379409593547
25,19.9238441507192,21.390062650873
33.6666666666667,18.2627268095767,11.2871227328559
11.9333333333333,15.8985005535132,17.7182640689146
7.85,9.79302115380125,11.1668375181904
13.1,17.9671988456669,14.5991680444128
17.7,21.3045985900952,15.5746634767854
16.8,23.6554511374282,25.7102435728033
11.7,11.762713180877,18.0733640191457
14.5333333333333,15.5017139840166,13.0505611513003
10.15,12.7518808750758,12.2632870189754
17.1,26.792303825004,19.7963947176066
17.6333333333333,19.7140690486175,24.838106056118
26.4333333333333,22.4617230787289,18.938724142303
9.83333333333333,14.7918279432764,13.6745289365643
14.1,16.3847067816185,17.5178978054956
18.8666666666667,14.7740647530044,15.9129243257643
9.75,15.9530882689325,18.7142745714283
11.3,15.1589645655683,14.0298118011767
17.1333333333333,11.6991562129343,12.8132039535131
20.55,14.5068518394444,15.1776200216734
14.2666666666667,14.1507021675372,19.3730741727582
13.0333333333333,16.5523941129557,12.3227595983015
17.5666666666667,22.0219282523247,23.416025109415
15.7666666666667,15.4677948529455,13.5699770811915
13.5,15.5391584291029,12.8873723650824
8.3,13.7743343905936,19.1151118119352
12.3,21.9725842400558,20.0869114173694
17.2333333333333,20.9590552919024,21.9232382690593
20.6,25.658710258899,19.9225385139065
20.55,23.8189255775064,22.8511762838035
20.25,18.5744743909935,16.5207400688678
8.8,10.4453240385289,15.4422041942336
28.4666666666667,22.6432600227865,22.5756225472082
31.7,36.5661667085019,31.6505508629327
16.5,27.1749919742044,28.4929853170511
26.1,22.2260200990339,21.6633000029521
15.3,21.601769760863,24.9082575108244
14.7,18.7563548177089,19.3727386138956
14.25,21.938313244625,25.3229067561973
15.1,19.405796238684,21.9329193889439
39.1,18.9522026427592,18.1750933717586
22.7333333333333,15.1481347267553,17.5780245842229
16.4,22.6538339868287,16.9555771607534
41.55,30.0419590550648,28.3828079627323
22.6,36.4704481796227,30.6723620723282
28.7,25.492285963818,20.3618574204551
18.1333333333333,17.8768027710159,19.1434154637325
18.55,15.4953259139043,17.0719953797461
10.6666666666667,9.88587635618069,10.0555993963461
22.5333333333333,20.6507213079364,21.7960026454438
24.5666666666667,19.8260558070988,18.8671591932043
18.7,27.7699335599575,23.7740314889119
29.6,30.7042985270181,28.2588850307754
11.8,16.8706079764008,12.0600045380364
15.05,19.8547025737037,20.7475758694513
27.6,27.3271171811196,25.4734745971028
21.7,21.2017850720924,17.6666025115416
21.5333333333333,19.5076352557382,22.2295471331351
21.1,17.436740744563,19.0254894764032
14.7333333333333,14.7196144148495,13.2972552339572
19.8333333333333,22.6744596167593,15.8258320696823
10.8666666666667,12.78817394214,16.6991117294994
12.05,19.094808634715,24.8672391543674
14.9333333333333,18.3765118725446,23.3244732058084
13.85,18.3800613402141,16.6341630858762
33.7333333333333,27.4064051459829,26.3681212560695
22.65,25.6365582541267,22.3424910197911
24.4,24.7675128207319,23.5652973663309
33.9333333333333,17.0379763889084,15.1864310116206
11.3,17.7384085554267,14.4950832686675
26.2666666666667,18.0370882960712,18.8422338409892
25.9,25.059069120104,21.361414340924
21.2666666666667,21.9454483600808,21.7404954922961
16.95,17.0234245397438,19.7238558992817
13.5666666666667,23.9386037484196,21.681495212357
32.55,34.9768769318084,34.5806341260353
11.8,15.558300079771,22.3703099318429
19,19.1748206087369,18.3220520761815
19.35,33.9226193147679,30.1483892621219
5.63333333333333,21.7522437424272,22.0640001387791
10,16.3039442374345,12.8967356553131
8.43333333333333,8.94908785342247,9.66710231053759
39.3666666666667,26.2883195928485,29.1897089491855
20.6333333333333,26.2273587798627,26.4828151430027
18.5,20.4603448818861,20.2923547372584
8.7,16.5950460447298,13.3287022041446
12.15,9.34020015185396,12.9349739980803
10.2666666666667,15.6565437143999,12.3457400935683
13.65,14.0097054920204,16.6526799378211
11.35,22.0640387913677,17.0793115026516
41.7,18.1197684084625,19.2875846287407
9.2,14.6085036173182,12.6134721729246
17.7,18.8887691930473,22.5662290059619
42.5,23.456203362217,29.8565757337916
10.5,17.1580942514644,13.6298017589888
18.2,15.5346876561463,22.217882684446
31.3,19.6790533701579,20.9554142402316
24.45,22.6583324362974,18.873476422388
11.4666666666667,20.2981243642715,22.1448911360967
16.35,15.2055788465958,21.5918329645331
7.23333333333333,10.541047803834,13.1315458563514
11.9666666666667,19.6627879954692,14.0636504221768
15.7,16.3880038954151,20.8108056941138
24,20.7370561285381,19.8224375535118
14.75,20.8552057279063,24.5258403132452
10.8333333333333,17.837542899156,18.2693000282616
10.5666666666667,14.6950282835256,12.5044551807554
48.2333333333333,36.8055098870139,35.3729438713511
24.7333333333333,28.4195946826479,29.1408599390255
29.9333333333333,18.7421274575099,13.4446220355145
9.75,17.7599917600686,13.0946411151678
42.05,39.7080466561126,41.9811451863985
39.8666666666667,39.5887414209205,29.739160089551
52.8333333333333,46.5671654081648,37.239497309243
24.7666666666667,21.3956863473001,18.8467599919722
75.7,45.5203106844099,27.8126079186707
21.5,15.9046006458698,20.697697387914
37.1333333333333,38.1981457657196,36.8453201876923
24.35,46.2203248548614,30.164692108034
23.7,24.4989261226156,20.0361132759127
18.55,24.6706570661448,19.4428873271579
118.5,43.7359788735511,41.1297613210456
15.9,19.9217835531496,17.092021272055
32.1666666666667,30.564768674939,29.7893614307497
17.5,15.0560742234467,12.1901418658705
12.5666666666667,20.1335398250028,17.1562232756572
48.9666666666667,40.5362247682353,44.9380937655753
21.6666666666667,20.8826273789073,22.5275147024306
26.0333333333333,19.7383514438291,25.6643505316717
18.8666666666667,17.7230697316282,21.06052602264
72.75,46.326011157728,42.0469831105464
40.5,26.9177557325292,27.239641505809
22.1666666666667,24.3288004857097,28.7752670873999
9.3,12.7547552215304,12.7629134338336
19.4,20.2071090527273,23.7368289329636
17.6333333333333,16.6963397578346,23.7434770235133
18.3333333333333,16.4773733075584,24.24963189037
31,18.5201021454036,20.9569331290145
31.8333333333333,16.5038876833352,19.8013074153583
32.5333333333333,18.9313153298634,19.1469132404396
10.05,17.8135478528171,29.8998273032428
23.7,25.5664597122055,25.1514429638612
13.6666666666667,15.6486673848463,12.2102565327315
15.2,19.015890484614,26.2936450751194
25.4,24.9200422484901,27.0818523973912
29.4666666666667,20.1345152628359,21.882351570277
30.1,27.4314288901809,31.2704477751669
24.7333333333333,15.2895223762922,14.4807528253555
18.55,26.5933683585304,25.7454277595489
28.3333333333333,16.3498811961343,18.6098130759293
20.6666666666667,14.0777071830858,14.910835580989
9.5,13.9693489988378,17.7794325395087
15.55,23.5203544780284,38.3966015925918
9.7,11.3248763187486,13.3956437406575
9.65,20.3889666502539,18.7021746532997
11.9,12.5195081935727,11.7750652870373
22.15,29.7903220996023,23.5965775586263
14.75,17.0407980381612,11.9432278729661
25.2,41.8938753032761,23.7924612514499
37.05,18.3211059286011,13.0516001767302
18.6,9.20516194502638,8.14207604070369
11.1,22.8389437878426,34.059602127169
24.1,19.1932131322051,22.4816766989096
40.65,39.0640528534497,43.000014959011
10.15,18.9018978537686,13.3795360138999
27.05,15.7670746000541,12.03350675366
28.55,35.0565110806311,36.1192481249426
18,15.0559572031423,17.3616563093889
10.05,12.819494108713,17.2914486345247
28.5,16.354441579052,14.4079530761884
13.55,10.7564185550505,20.609719497786
48,14.1981973420188,13.1012703035592
24.3333333333333,27.6684320156874,28.5649773529254
21.5666666666667,18.943239397701,20.0547661812846
10.4,14.0298576256697,12.4760961974178
14.55,25.2431993095054,21.1489936973407
9.6,15.9504373461351,11.4232329743119
48.15,17.7272111575534,16.2420372651067
18.5,18.3260570856922,20.1215737585356
11.2333333333333,21.4512395855892,22.574998295632
28.6,18.7401004444442,22.0295244517157
17.85,29.5582415246307,21.9155197241772
27.5,22.7146786770996,27.6031512433471
11.1666666666667,14.4383598920119,14.9784466097213
11.55,13.4602150379348,20.446145534038
24.65,24.6342652729249,27.6576267615891
18.6333333333333,19.5864555568316,18.8029064590802
27.95,24.6622748147278,32.6497796810472
13.45,11.3524193339056,13.0245574606408
12.05,17.2624177473506,15.9707608925807
12.6,18.5268047374107,16.7713513181577
18.75,21.1293389576605,25.7583466444457
41.2,44.3458924285957,40.5370766559547
29,32.4441838849897,28.2880395816223
28.3,39.4924001414566,37.6118067613804
48.95,18.3258725346146,21.388240615257
10.2,23.2591251074446,13.9717725465803
20.2,18.1520571991696,17.7011908904285
22.8,29.7319955986465,28.3797595358355
15.1,20.5594915947198,17.629832042587
35.45,18.8915453845934,17.933267160377
30,23.537548188504,20.6462544584286
12.45,18.8489623158204,12.9605088093936
54.15,55.7575246003158,43.9540060781938
21,18.0746810532068,23.2940204607605
18.2333333333333,18.223052480945,18.4346191232849
15.95,21.5259566806206,18.6995467288067
17.75,28.9142599883319,17.0178295725524
18.6,30.5888413656106,42.6676545437141
12,15.5001599286476,14.0832609785598
15.3,9.50545983078934,19.3215577909867
39.1,15.8854697777121,18.0391681855702
18.25,19.4913528539345,19.791046027898
7.26666666666667,20.9409117980797,14.4062302550604
21.5,21.4979994857308,27.3077339537513
15.3,15.0443876647814,16.4172023575591
14.85,17.5528592015532,16.1776393402149
31.05,53.2005604583038,31.1542118374983
11.45,17.8509097139911,12.0999789581682
14,16.1777297032846,15.4969756015703
6.8,13.367795911822,19.6655595233451
16.3,18.4688030987476,17.2571749257896
31.7,45.5556770263321,33.2375214158678
16.1,16.9793378917662,14.7847856577022
26.3,28.5212397297375,34.9172090598848
23.35,21.285913038236,20.0111713750307
56.7,44.3799210063995,30.7975592045246
13.2,16.8398784564734,18.1178935999348
9.85,19.6729939186198,16.4800089546435
10.35,17.8838788242869,21.2646741671688
11.35,22.4065247730484,12.2712364570225
9.1,9.84202826020516,11.3017060651328
12.4333333333333,12.7947030184934,16.0938888404337
41.35,11.9139101803003,15.4127818183339
21.2,19.4207712748822,18.8608927077649
11.9,12.6277418082083,17.4010958117421
26.85,29.1189891356302,31.511587840787
11.2,12.1835963525155,16.020986749505
15.15,18.001435332818,15.8090949905866
18.6,10.3966002126878,15.3029323238599
25.15,30.0974397989314,27.2275370023923
18.8666666666667,22.0314578972897,21.7826984542992
29.6666666666667,29.7381089185236,28.726943472467
11.4,18.2666712219207,14.1374491904634
30,13.8069142474977,15.659253511733
15.8666666666667,15.2824324474842,23.0770956909385
18.4666666666667,12.2037774889175,13.2132911123683
27.6,20.8400650627853,20.223898557362
16.95,14.7957946425579,20.3427482910307
16,25.2333132648838,23.7514169879002
9.33333333333333,14.2617754957853,21.926194058559
18.2,23.78667183369,27.9363561902734
39.35,63.452380576764,24.5967511324579
25.55,17.6910111006752,25.3153468407907
28.8,31.2884987412213,30.6852544059347
36.2,17.5787114953927,21.8955938977418
23.8,12.5902816892408,12.1796395340545
22.8,19.057883311684,19.8831596797112
11.1666666666667,16.6238380582797,14.9731988640661
27.1666666666667,9.46652045701375,17.4069081784653
11.25,16.7343598300027,20.2753675108264
12.8,13.9392788469091,12.7429876653575
47.1666666666667,9.63320787141933,15.4613978013145
46.4666666666667,27.9333722558001,36.5021777666805
17.9,21.4421302442128,21.9911563469548
29.3,25.4887760654277,20.0308332591497
23.5,20.3926715794237,22.0553189405237
27.9,24.0774048720247,23.7575007458202
19.0333333333333,13.0978321903156,14.6904432777606
17.1,20.3354386551093,19.1961783116027
21.7,17.6502673702577,20.5565608953086
15.9666666666667,28.4513517641298,14.097258023724
44.75,36.3901826133463,29.1698872849198
13.2333333333333,13.5275104445029,12.385013429062
37.45,18.2683651505921,23.1888935420253
20.1,13.951384070028,16.0702527970031
33.7,13.2027126303415,16.5652234120435
13.3,11.2240926578423,13.2574577541961
15.85,20.6945654651738,13.0767950508863
28.55,10.2037371166616,17.3217920095877
12.1,13.734220257783,17.5237932921181
9.9,18.8220760004111,17.1481290658547
14.45,13.0118362312776,14.9308719863333
33.5,23.7452334944557,14.7628523999216
17.95,17.2244854592594,17.1785686469232
44.3,39.1767853423357,32.3730229917193
12.85,30.7000262177764,22.0901557802373
11.8,29.6100121136716,15.1884737943288
12.45,16.7313423230463,20.7815274820606
14.05,15.3848292506032,13.5638454929158
14.55,22.7640037041072,27.4483443306246
19.9,18.7680792849832,19.6127509764596
16.4,16.3995354218961,20.2853395879778
35.75,17.0452965077744,18.5590875040179
54.65,40.0462663263124,34.3614445136752
13.3333333333333,17.064912021188,13.9277202344557
23.95,19.6635813335003,17.6136226406228
27.6,14.0551865183728,13.9656962677432
32.1,30.1738790423666,28.15509583242
36.6666666666667,19.6697096393517,23.2047399327218
22.2,20.1160945561277,21.0655418736621
13.9,24.4683684741114,14.7544969217197
19.1,23.8851562539184,26.3455915278218
16.3,30.1980869304461,33.5873701899668
45.7,15.0895776781284,21.6097499336442
14.35,13.4989883584646,14.9201143277369
34.9666666666667,18.3354124503708,13.2488795232953
10.45,21.355362167912,17.0323702347377
32.4,37.6058668566088,31.9997399562837
30.35,21.3804867883645,23.965447275311
29.7,28.4851307478373,22.8353147908801
12.6,21.6390367018807,24.1963141666899
42.65,44.8779965330958,31.788676136616
30.6333333333333,49.8084130162244,38.8427726702706
18.6,18.5601761026714,20.7000173535277
30.05,17.5240842711849,17.3771609453403
19.1333333333333,13.2295738298263,13.9398564364051
37.4333333333333,17.0803395880377,16.1238881253606
55.5,22.150161999546,23.9792161546698
12,15.1368651243302,16.9431815699858
16.65,14.7136465878114,14.6331548362598
15.35,15.1905152998043,21.8492836629959
40.45,12.0399972356664,14.7253287784321
29.25,18.3474575833176,22.900560724833
13.05,19.0771788223423,21.2103244531004
16.7333333333333,12.4152606020173,17.0403006351123
12,15.6040825078349,15.5167754632495
9.55,14.7502955170957,17.8327295826809
16.55,18.6983457634658,21.0905928203367
16.55,10.4317361418674,17.297780874436
12.7,17.8381393942675,12.5300582835425
11.65,15.2709957228884,15.5711820500677
19.75,20.9363872408443,23.269792708076
32.8,11.5519633636935,10.8424294254981
21.05,22.0415855857503,21.2966644188103
12.75,10.0074708017688,9.87544315134387
27.35,10.8609206162252,16.3265947819134
14.5,22.9231021706582,23.4684572741482
14.2666666666667,15.9211875551135,13.7509165133526
16.1333333333333,19.6644824210705,25.9723706273705
13.6,16.7983320937877,20.4077620603537
48.25,42.697321262555,42.3201400507514
13.8333333333333,10.557797057308,11.3460410701024
21.65,13.6409957908074,13.7414513478747
11.5,16.9698687390754,18.6117189842923
11.15,18.1711521580658,23.0141797346932
20.35,20.8864135183694,16.1183257980281
58.8,22.7113579664874,28.7566038394594
47.65,37.6091154924337,28.0803111340756
30.6,13.9762449596935,10.7747076779194
12.65,10.3397417305309,12.69720482142
12.25,15.664609984394,13.2819017144632
9.5,11.4567784318307,9.0129283385213
21.4333333333333,13.4295973842436,17.8111140963418
12.15,10.5465005112245,10.5065481819188
20.35,17.651955065798,20.5934691366807
15.3666666666667,16.8239980877551,18.0767987992683
11.75,11.9333121111356,9.2977304910648
9.83333333333333,13.8177059637596,14.9294055875401
18.85,17.1398484094174,21.9591532795704
19.15,18.3526130180975,16.7687634407296
14.5,14.0839520494381,22.6492711861718
17.3,10.269533444381,14.2075539190305
9.4,11.4643318565259,12.4919701677336
13.85,11.2075393045025,13.7485288557644
69.75,49.1233560653629,61.9425356837153
17.0666666666667,19.3504640864029,23.5252001530367
12.3333333333333,19.0834730732819,17.6934202759253
15.05,15.2502424558659,20.1761818440959
10.25,11.689985025504,15.6190712699328
40.4,21.200272895106,19.1844018484775
7.8,42.651656952022,30.6422002514641
9.2,13.0834319036804,14.9666825367282
14.55,9.98418468402905,11.134804429334
8.63333333333333,9.84952323082827,7.89837055818526
34.8666666666667,22.1330297055845,19.9373727590564
15.05,13.3055216280072,14.8582547432776
18.75,14.0874107179265,15.381030370442
51.6666666666667,42.3744944040804,42.931605928993
52.3666666666667,24.913903913824,25.3295196763286
21.75,19.2347028212237,19.7094681673892
12.85,14.4667902776184,16.6237482312759
12.5,17.0422739651634,13.5565017373324
60.25,25.6536157642468,32.1138342241063
14.9,28.579748509702,18.3662667914165
10.7,12.8483369108885,16.0243176058378
20.3666666666667,20.8239207513551,19.4918415105025
35.9,31.0534442443911,31.7060234128493
28.95,26.1972528664714,25.0147155353744
24.2,22.5185231766122,31.7610566267761
29.75,25.2707270783956,31.3977500777145
13.65,49.7382702507788,37.8326353759609
36.8,42.7945623327484,38.1240860341112
11.6,12.1493323753999,17.0602467839476
9.65,20.3889724890179,19.337180328865
14.2,23.9133394250597,27.016480809881
12.65,17.9473889719296,16.0919656091172
25.2666666666667,46.656232790412,41.1043592694621
39.8,22.9996378108792,33.4311673703125
19.45,20.8070678029074,22.6466563752622
18.7,29.6591920057551,30.5362731685127
19.75,23.1220527621229,23.7543464889032
14.55,19.5260870512633,25.8342698139793
77,35.7270768614007,34.6489062709512
13.7,7.55342578503126,8.93340833644822
9.33333333333333,11.6852799636935,16.9158010991075
14.3,23.5062006860808,12.0367509820713
18.9666666666667,12.5306080484725,14.5396487226433
11.9,19.8888559955105,20.4588025551493
50.45,56.115304276538,50.4750576401421
12.4,15.2671093406391,21.2627130400719
21.45,14.7022900223724,23.9229811342281
13.45,14.2581654633395,12.975331257587
13.95,14.2402486688255,15.65275359564
14.8,19.0915029399539,20.1626630017116
30.95,43.5373523834862,41.224014667372
10.2,16.8082045379007,13.2880780920897
17.9333333333333,21.9063188180343,10.746932173233
42.25,25.2996929283839,29.0913331686209
23.1,14.0445377286802,16.5449706457759
9.66666666666667,9.64630713796109,11.7392336853514
11.75,31.1799149131231,23.1559727847139
36.65,26.262299132215,27.3351171260093
11.45,16.0664377837475,16.6810177417077
28.6,14.2820867089804,22.3218823290529
33.65,24.0339895831133,48.9604831998108
9.53333333333333,13.7397566771155,13.6321346376381
23.1,13.5852553811408,13.8993237768668
29.65,28.0129888958692,30.3723629320378
16.3,12.5442276883424,13.1150897375197
37,33.8971970565845,45.8393542003972
18,20.9223595258847,19.7045048413624
21.2,22.9972834984105,31.1155684950827
19.65,43.1510801247819,29.9949363662349
9.26666666666667,14.8806739420091,15.9362233437001
14.9333333333333,18.498409433372,15.9944297485197
13.35,17.4929393166791,15.4353714941009
11.5,27.7158959873656,25.0507093602749
7.45,14.9411379571816,15.1799866525396
8.96666666666667,12.1612399351919,13.0246004457981
64.9,23.8356113329996,20.9850422027816
45.4,18.1055193556481,20.9373606474884
13.2,23.8144899929031,20.7889783534425
24.4,28.6755837752723,33.4691745426082
10.6,16.0107939396555,16.1934912116294
12,11.6489943934366,10.1046555260336
12.3333333333333,20.1760681771579,17.5365924468597
12,16.777552685159,13.274087299973
45.8666666666667,16.9647053006884,18.230141199218
10.2,11.7865947921285,13.2705553349177
15.75,15.8903522898065,14.8653215167868
25,14.7310770288736,12.6812343577533
19.2,15.1309909416312,19.909325269174
23.75,18.3090371578571,26.9706484942792
17.3,21.2858590893765,21.4376053441498
11.8,19.6702123721587,16.815106101555
7.2,18.8986083169884,16.6057808937981
10.3333333333333,16.170059784862,13.080277678291
11.2,17.1934396331411,12.6822634529882
27.65,19.002049443959,23.4322963521242
10.85,15.6089477420956,18.7990291078682
8.45,13.1166533302082,19.0189748733228
12.25,15.079433019187,20.2030434966731
13.65,21.1085620110596,19.4321471909691
15.2,14.9665245287426,14.3219459728487
60.1,25.0761056115603,17.1429390196775
18.95,19.5739472537998,15.897663556331
11.1,13.458149229575,15.0805987737548
9.4,13.9303067447935,15.354060369419
7.8,11.2227978234817,10.8755081487327
22.3333333333333,17.5458817126337,22.1280329949225
37.75,19.2499739080623,16.7370325137695
11.85,16.429907868085,17.1054502749309
18.9,26.1026248931432,29.4015640919313
12.05,10.1808522032811,15.0044497504001
8.6,18.2536981035827,16.9391444953404
17.6,14.1721305195663,12.3805805166878
35.1,26.7895512435216,24.715326361146
39.5,20.6015795826126,19.4982749724837
12.0333333333333,27.1428625769726,22.2690080289363
21.1666666666667,19.1988796229869,21.4598420227693
16.3,12.5759417901203,12.7155653383492
20.4666666666667,18.9449509196508,17.2406994675782
20.0666666666667,15.4269730940658,18.1091779241197
17.6333333333333,13.6293663046091,20.3268142695412
15.5333333333333,14.5838212905403,17.2263948506731
13.65,13.2057595748202,13.7070488668729
19.6333333333333,15.3872505163344,15.3255478193264
30.9,12.624671324604,13.7578785940038
14.05,20.0932143771463,12.1881329567672
20.05,24.867834533283,14.8806271987178
13.6,9.14559974154577,10.809084360648
9.05,9.05953312057396,13.5513931523995
12.4,10.1715453701105,9.68358764019191
6.55,9.78719561716005,11.4807345399424
24.1333333333333,29.3692461971024,26.0656126245204
9.35,11.4671550072202,13.6225013026431
29.6,30.3492691810128,47.7666511536528
11.4,12.7231303326651,14.42675557593
27.5,30.2104624044821,31.316846014294
17.85,26.7972443714593,19.623955362968
11.3,16.3322701643304,18.4994526149276
15.9,15.2429607636561,14.9555865128765
149.1,56.7950988583146,64.048312588365
11.6,10.0792356589394,12.7472480781355
17.45,12.4652905298441,15.4450224770049
25.05,28.960645137335,18.3780712731256
12.75,10.7114825508237,9.53786504377494
39.35,19.6255007773751,31.3621809426876
50.45,19.6651011765821,23.3747115694469
15.75,26.6453396128151,25.3837211542164
30.25,25.4667077005134,29.3042398629179
25.25,20.5473689914577,29.0371309859197
9.8,18.0521862698053,12.6565217216658
8.25,10.1209017365699,10.1203343599497
40,19.5488750681143,19.3292401040465
19.1,25.3762630735279,25.2069306159662
19.4,16.5973613200605,17.7790612457143
22.2666666666667,17.1935386042784,16.0016379056906
38.8,28.3336107286567,56.8378600158217
14.5,18.0813107451296,26.9604789069844
19.3666666666667,21.5960879661008,17.4428192708677
33.3666666666667,21.2682528870646,26.0234606278226
19.8,15.7409022985827,17.4341343967088
15.8,13.7611491769737,20.7055875072209
37.1666666666667,14.7090422359687,15.8719279887334
60.9,32.8022023269533,49.0176834415249
8.2,10.3007331469484,9.83100292795874
38.8666666666667,15.7285117745589,16.1567596316552
28.8,23.6094271768635,25.365790069986
10.35,16.6697634060472,18.0771855969567
73.25,42.5408093503304,37.6328761743374
20.7,21.3485347599498,19.759498037093
29.75,31.1511826661223,33.500012739694
16.9666666666667,20.9824508740781,20.4126760277628
31.15,50.7813174227444,42.716922704247
31.5,30.5493836424959,28.1508031988202
18.8,20.1732107431902,21.4390452050565
8.05,10.37878786839,7.95139588822791
12.45,22.0510506160449,12.7722098224298
13.7,14.6366703920172,12.6771347241222
12.2,8.958185681088,10.6668523601512
18.3333333333333,18.1502388152522,20.3583348287416
28.2333333333333,16.3861778753825,15.7128973233016
35.3,19.8876201378316,40.8827894111662
13.4,24.4532234884433,20.2239539871301
11.05,17.9925829316796,15.1219688613618
44.9,17.275247490241,19.3650718080201
9.76666666666667,11.627070691931,9.77777392671223
27.45,14.9213473006162,12.5935915003644
10.6,12.6648892293601,11.5610921690878
26.75,20.4700416398608,21.4249337008682
19,18.3895995369901,18.4984074410616
6.95,8.77501482972142,14.0169197858507
20.2,29.932653740815,35.8976920145914
9.2,21.3012886190316,17.4327065525477
15.2,14.0132781911752,15.0212759091433
24.4333333333333,12.0115275326192,15.3995154361699
11.8666666666667,12.5290317719567,12.971551984913
11.5,13.6590325029105,11.8424341892899
13.8,23.0994849118191,24.3470844950565
8.5,11.3430137539794,10.2276593307349
13.3666666666667,14.1073269427857,15.3709922216908
22.8333333333333,16.4251607715558,23.443890000569
22.4,17.681390769876,29.8639903935982
13.85,9.38464787816224,10.739572930693
5,11.5734071143887,13.2020743511159
135.35,33.3320180611597,28.3673860202468
16.3666666666667,21.2787358255324,18.884612397407
36.35,34.8203776567501,31.9635526500264
27.95,35.9873393449757,29.5701612198499
36,23.0331356581312,21.2162851085992
10.2,14.016212537771,15.0041521268121
20.2,13.8155320403875,10.3658014644083
15.45,18.6748444777643,15.3949597798398
20.95,32.6466906515778,17.6911988911725
9.05,12.4392725823537,15.8711488691692
6.7,11.4570924820087,11.7390161824587
23.05,21.280494021572,28.5683631572324
23.25,23.0522010288082,45.6024229630112
22.5333333333333,37.9414153967705,24.6198266799289
6.46666666666667,15.8446318918131,16.9750479688187
37.9,30.3938411849835,16.3715574875333
10.1666666666667,12.7524102662964,14.2937237791138
59.55,31.8779792077947,52.1494238240696
10.4,19.2232502999176,23.7881938441498
26.7666666666667,19.7449930770063,26.5903773126424
28.55,20.4740973686083,20.6223010777467
70.4,24.9164254846631,46.8617272195355
104.5,52.623658540963,39.6745320801653
11.7666666666667,16.9768769151764,12.8009261324735
14.7666666666667,18.7113600835483,20.4683047137468
33.65,20.6578702843497,21.9492176364035
42.95,21.4599448550963,52.0641259245035
8.05,10.3052644625942,11.3206100872071
26.6,19.3029433557306,37.0832238176101
104.2,39.0312007255416,53.266823604267
18.9333333333333,14.9174546629805,15.1723091418769
12.1,16.9216911550458,12.7949884906525
18.3333333333333,15.3762253936606,17.1792966518045
44.95,22.0279557150255,27.3195472607768
30.95,31.0133874453276,29.4116146820877
30.45,16.9694707061896,17.2457360933818
12.65,14.2186280272285,13.8675519887586
10.95,15.5330183947123,12.7364637513892
23.3333333333333,17.8589702801072,18.7704350232944
34.35,31.3592392317852,23.8219167871866
16.2666666666667,22.6393287212581,20.8954499895547
10.2,12.533664094672,14.4081596214986
8.35,18.7484176870907,14.7460553491079
17,17.9147748241552,19.2092952508967
61.45,45.7291326227429,32.6479163632043
16.75,27.4949870017731,28.2910437094668
6.5,16.5823656408107,11.7656969987352
41.3666666666667,34.4352967484915,28.5316231850135
16.7333333333333,22.1912263213809,18.2428937966472
12.0333333333333,27.1904597939423,20.3806191121081
20.3666666666667,17.5965313079615,21.6656325262853
17.1333333333333,15.1577746180322,20.1870280157398
53.2,20.4085093019471,36.5576902927926
21.9333333333333,28.7682790629685,27.5956798419749
55.4,47.5093282402002,46.739509667129
73,34.1741155685017,27.4066431066009
14.3,17.899493265453,17.5004237631822
11.2333333333333,19.8613673373943,24.9711581422337
14.2333333333333,18.0567502345055,22.6588047509376
11.7666666666667,12.4251081643991,14.3815936388106
67.1,61.257485599986,37.0639450432442
12.7333333333333,14.5081990261212,17.5100320765607
10.3,13.1984116785073,11.6393623423254
19.15,19.996958660575,20.3150830583498
18.4,23.0096831045026,26.0325217383265
34.1666666666667,19.8318417397963,18.3854639006482
7.03333333333333,26.0742285585446,25.1598148411915
11.3,10.6769208775332,9.19715605616702
16.85,21.3099398255509,22.0931265744404
31.3666666666667,15.7596775435069,20.2980986713816
18.2,18.4755619910785,20.388914726091
118.3,29.1801155845046,64.5604666334425
17.9,16.7388942022431,11.9381714397106
7.4,18.1244846746113,16.5778989126939
64.4,29.3207034073589,28.0773835441752
24,16.9507109129384,10.5424312711978
11.6,13.8623379888512,14.3297761881412
11.1,15.7286048005267,17.6707548622545
14.6333333333333,14.635442350826,16.9131094349462
17.6,13.1391119000558,13.7499442880276
27.7333333333333,17.6980569391669,19.898061709666
27.1333333333333,31.8156433867623,23.4047992163066
11.85,19.5489100386813,19.9507055659184
19.2,23.7221557997189,22.5959669033871
19.5666666666667,14.8844494530122,16.2239798730155
15.7333333333333,15.2653897598568,14.7433403663399
19.9333333333333,15.946984253559,17.2111953067305
20.45,46.2212833621708,28.6019884483475
17.5,20.6259890251349,22.5450610256761
14.55,12.8685995122303,12.2533478357157
18.4666666666667,18.0811646521065,15.9396091882617
52.5,15.9308587941012,21.4099616215274
12.2,12.6642864281876,15.6180269417386
18.8,12.7297507237528,15.7838727124738
12.9333333333333,15.6319403159018,17.4647182158799
12.3,16.8163115757464,13.8209025891765
41.1,28.5508711298094,25.4080095653863
18.4666666666667,31.0031585410787,27.8337475720279
20.3,14.2954701976685,13.2569415304305
17.75,20.1387165325148,20.8815324394396
22,20.2594338824313,23.0446425802521
22.6,17.4893643327718,14.0815494018406
9.26666666666667,13.9765080837017,17.608106501073
31.85,20.1333878980156,19.7356433741136
10.975,12.2206447554039,18.5035002641056
15.6,12.2090274694862,19.2580599345186
11.7666666666667,16.4675344164162,15.2292011664734
16.15,19.1745377507956,17.8726019061058
23.1666666666667,11.3546621703449,15.2131586884395
10.8,21.5824470515366,15.1915872331846
14.3,15.7345918409572,16.0442686392327
19.1,15.5262547394851,23.5278706160787
20.7,26.8732420362474,18.0377382968749
15.1,16.590441476836,17.840179542703
25.85,30.4892862637635,26.9055016053567
17.2666666666667,10.3708281864905,9.56314839898553
17.35,19.0056465127311,13.4168464660373
51.4,24.2311857942007,20.616498981972
16.8,14.7919617010097,17.3627541796808
15.7333333333333,15.8434008805801,23.3184495614314
20.2333333333333,22.0343839405805,23.8642552706428
21.9,24.4870382384716,25.7537170406372
11.3666666666667,17.977162177876,20.451036823329
35.7333333333333,23.6573412081776,19.4031899823204
6.65,26.1730800936677,14.8441686261542
5.5,13.2471653450657,16.7738251343181
8.75,13.9095070913891,11.5668835394226
11.35,13.6512111238932,14.9237617662334
37.7,34.4218125857616,54.3073375664472
19.4333333333333,14.8220511474565,12.6248046885228
21.4,19.8060933898223,18.0930184796575
17.4666666666667,10.899598876893,17.3674325695905
24.4666666666667,28.6979896219264,28.83307834367
4.35,11.8633220041717,13.1867331354093
12.3666666666667,15.7589270998983,21.0332450996556
11.8333333333333,17.1880799650211,14.2494740490062
15.5666666666667,15.6996394549648,16.9554882459669
48.3333333333333,18.451223224834,25.0152440240294
17.9,27.5400534146641,34.645721616752
35.5333333333333,15.8126865683738,15.382237373106
16.0333333333333,13.3100466218576,17.9043693510272
12.0666666666667,15.2390453156058,17.9557282473357
17.05,39.6330468284152,21.8001327652819
14.4,10.4171950087808,14.5356849760674
65.6,28.4041148751277,31.6301744115501
12.2,22.5818232448603,21.0971343651374
20.85,21.165218205522,29.6699418475987
29.3,23.0410508226302,24.673260716395
16.4333333333333,19.0476915301846,14.3663814268885
11.0333333333333,16.7140457535231,21.0623812842427
12.3333333333333,20.1300864461168,15.2896298032478
15.4333333333333,18.0201385074443,11.9229953873339
11.9666666666667,10.9967701426652,14.1376564197466
10.7,8.46736947614015,10.6207428688189
11.5333333333333,19.4307098355982,15.2099086952585
26.6666666666667,14.2176938403191,12.0638539153444
19.2666666666667,18.3049153656191,20.4566487855939
12.3,13.3734839239559,20.7407197532719
10.55,11.4032738629986,15.4856223331758
12.1,11.0908047125705,13.6592152307273
7.35,27.4214069423054,15.4269120475445
14.1,14.1756504342264,16.0354979410231
15.1333333333333,11.470984843281,11.8507585314437
9.96666666666667,13.8273506896749,15.9155157823299
13.1,17.8564386425779,19.4924296626798
11.4,18.6720431209948,17.4423654841602
10.1,16.37439273085,12.4729061482405
16.75,17.0016287710652,19.8781557888431
15.3,10.1814212990121,11.7191074861013
15.5,18.7850793200216,14.3984844471824
11.0666666666667,17.653687106696,15.6045752313072
14.4,8.38451265116982,9.64348038919241
8.6,19.2717871462653,22.9779681319924
16.05,27.809073242457,36.2791043299137
19.6333333333333,10.8709115227603,13.3718594521507
10.0333333333333,16.2351233132218,13.4202978235987
14.35,17.394201538137,19.8173140368855
14.9,16.5275149477671,18.2439839002797
32.0666666666667,14.5969760387562,16.8243239585376
13.9333333333333,18.7100144691677,14.4018169787617
10.5666666666667,23.8192618130547,24.1570938211995
11.2,14.2171490658494,20.3461973337973
21.95,17.8368463035431,15.9451576909411
16.5,14.630552077822,16.9646589423722
8.75,17.2291018579921,15.0739144282457
22.8333333333333,15.6617077837677,20.3141236061307
46.65,26.9998416666916,21.0875730143647
24.3333333333333,35.3781414539234,27.7758502065885
10.35,16.6008156504332,10.9646876949289
46.15,20.4011088025739,27.1955337179637
20.1,12.1370275052816,14.9514000250314
44.45,26.1434578147896,25.7684057245686
12.35,19.6652147592367,13.5140333664082
8.83333333333333,9.92182761906125,12.831773114148
11.8,16.9526766109212,20.5305574420126
11.3,15.1060062710301,15.0600170088035
26.3,17.0527535868977,15.8389269698232
16.3666666666667,17.3225173916046,17.477041527302
11.5,18.5576725224526,14.7970896379318
9.35,22.1320395154496,14.7431572412013
8.03333333333333,11.4623415740677,10.2561101535042
12.1333333333333,18.0691936039831,19.6823730216434
10.3333333333333,14.068229192689,11.3061902301154
23.75,16.8735212713251,17.9830795191992
12.25,15.6429423363459,18.6258828934837
9.5,26.7212041696241,31.1647712598039
9.8,13.5854727060897,12.1502653569738
11.2666666666667,9.78732698530938,10.5077017468992
34.2333333333333,19.8503873357099,25.93903781944
12.6,15.6355609027864,13.2120391835797
7.7,8.22750499383449,9.91165384183598
19.2333333333333,15.7686303038751,18.1313871142901
29.1,14.5913414893487,17.8507887924415
9.2,12.4381663706546,12.0531122852131
17.1,15.8481244783926,15.051942866521
64.2,27.6753061295112,26.238980997069
24.7666666666667,14.395499892701,17.2041361371788
14.1333333333333,18.8226944269828,19.58294498074
12.0666666666667,13.6654573882785,15.6049399612356
18.3666666666667,15.9457230506451,14.9696826589252
182.45,115.376924788205,47.0469827357581
14.9666666666667,18.4055572956729,16.8393357315781
87.4666666666667,26.2799467350995,32.7792232231033
25,13.4925679374919,14.7397549429976
22.55,18.8898619897758,20.4777776196843
21.8333333333333,15.0416155156416,17.3963904571458
14.65,21.1754472425618,22.8534483365746
9.05,17.4660573565941,14.6926401125352
13.5,16.3257014102314,20.6115292315087
22.2,40.2346241042434,22.262802459448
7.53333333333333,12.4494501460238,14.7913098657655
11.7,17.6298801690816,17.9010231203025
19.7666666666667,21.3519518542728,19.0652511448953
16.0666666666667,19.4777996482178,22.5313552004809
13,15.0200689860923,23.3674323057965
57.6,23.7934681659297,23.9008132163087
23.65,20.6984851103885,21.8430140140589
37.4666666666667,23.4015557534727,24.2270776533681
17.9666666666667,20.5597414856202,13.6288916246689
6.65,9.73815309627271,13.147363425362
13.3,11.9700625740135,19.0203831110708
7.4,9.28781834884601,13.0268927955014
7.55,12.8871790250889,18.6239399779034
16.85,13.9032117676639,18.4844222689625
15.7666666666667,19.4995272618337,16.828592668591
11,14.5215129014218,11.4724874184803
9.1,12.5822013357848,12.7420705868501
12.05,19.5469673407588,20.3583578774779
8.86666666666667,17.2479807908098,13.3689992762587
10.3,12.9559889606077,18.6893834024694
15.35,20.8220077526526,16.6675258038846
9.4,11.5563043813207,11.4059441916546
7,12.3126359385614,12.866311591963
19.1,12.6824089673119,15.4028412596511
9.86666666666667,11.7776881607897,7.85926154808207
23.85,21.7034460513339,22.4746284975405
19.9666666666667,24.4046988136126,21.5407292600387
10.2,10.6101663080625,11.4966534639201
138.25,32.6134016130449,35.2124678425487
6.36666666666667,14.754433295096,12.4413102116423
26.9,11.6262223706719,14.474498108713
10.3,16.6983930361214,17.1715137592944
22.75,16.164645475072,18.9743280617153
9.8,23.6542389810611,16.4181143370067
19.9,12.7361236959252,10.6740894960978
8.6,26.8518373844762,30.3554273073305
17.7666666666667,21.2514029648149,13.4847040383687
10.05,12.749368746048,11.2031492177852
16.7,16.6999385418782,22.9618047964588
14.8,11.200217543393,12.4425191188235
15.9666666666667,17.9491472870745,18.8684046168565
44.9,25.0011580954312,23.0966047119617
50.7,17.4788497192803,18.0739328199349
8.65,14.2291448657853,15.9491070674185
23.65,22.541917130382,16.6203484062197
39.3333333333333,16.0639051444366,13.8183602271279
15.1666666666667,22.8478830541005,13.8043600362973
16.4666666666667,18.1532229268748,15.7430750653745
13.1,10.8571796124788,14.0006161328781
7,17.0581634656191,21.3130664713536
32.5,15.9824452412993,19.1950214117724
15.8666666666667,12.1850834084643,19.5595865166643
9.73333333333333,24.3651894009995,21.1636409620415
15.6333333333333,12.1096022387608,13.2204174562722
8.9,24.9858224261106,13.2051205519606
18.2,21.8562715513686,16.8158506559677
6.7,11.83166605042,7.07279664166619
18.2,16.4659417485733,19.7995976818631
31.75,23.1753024090502,23.9758898137031
10.2,15.328547145361,12.3974888518378
14.1,10.5859069523019,14.7109197340456
22,20.8367998011249,25.7179450376146
25.5,31.7362835583676,38.5854134686333
13.3333333333333,24.1180528976904,21.9192056144904
10.85,20.5996503924861,14.5571349338837
27.1666666666667,19.181233282015,21.1290355856824
16.6333333333333,21.3868190282558,18.7378307846106
18.45,17.2326069911591,18.4838902668854
89.05,21.3166449074477,46.8394822092516
25.1,38.9984853051775,39.3214365230792
10.6,23.9648353283758,14.4186624339135
13.2333333333333,11.151858500146,12.8923414518856
12.4333333333333,26.0241654033073,27.0514535144086
28.3333333333333,14.9621758031005,17.6366274271974
11.7,12.2642735523003,10.8181296118538
10.8333333333333,7.32046097635617,7.34784153584176
14.1333333333333,15.5880861797385,22.0721429574978
37.4666666666667,22.540663392594,24.5045570289191
19.9,12.9229739534828,17.8044022758015
13.2,25.3499180780924,16.3769699741085
39.2,21.7899652447094,29.4422317844049
16.0666666666667,9.34706563900654,8.83708539520712
11.5,16.887663608593,26.2241665096327
16.05,13.967812281029,14.6079920401686
13.9,19.2503748725721,19.9119356348305
20.2,21.7691339887141,21.6143538835882
19.2333333333333,14.805342731143,22.9226962086175
13.2666666666667,11.3164515861733,12.6417867030988
14.4333333333333,14.5915764815824,18.1700014498235
21.7666666666667,18.617703291475,17.6041998108271
13.8,10.9229112775152,12.1676090214109
13.1666666666667,13.6324137893722,12.2840143685314
25.2,14.0160965163033,15.9144462901999
11.5,11.599380435911,14.0259605660015
11.4666666666667,6.62241602810874,6.96270052184742
5.65,5.7465455156155,8.1028445505204
24.45,18.1702219469327,21.0105527545701
5.6,14.1462545666487,17.9204205374968
11.8666666666667,15.1713863883802,13.1717943224924
16.9,12.4694571427621,9.8304524800685
19.5,19.3232416893124,22.1832344388163
25.55,11.635582867933,13.6049355388942
12.95,26.2091631068365,17.8070704520798
14.2,22.2511815239841,35.7979521209291
15.5333333333333,11.9276416273192,11.23535008985
25,22.2648561997098,24.2254384667339
8.16666666666667,13.9589566242377,12.3668488749681
13.7666666666667,14.5962590904031,10.4980841117237
17.2666666666667,12.3984396298276,17.8546473341027
13.15,15.067089524957,10.4389354202576
30.25,13.6321396101141,14.1076480095083
19.9,13.1730427440297,14.3283950193377
48.1,35.3679078690378,26.9462508808833
15.7,15.4639617050203,18.0185518356391
15,20.5502806129104,13.2257329045534
10.05,9.95332698680248,17.6758169236592
21.5,26.6694991005328,25.4449762576814
18.8333333333333,17.8317144198522,19.5744213153883
15.7333333333333,13.4987820006695,13.4338559765082
22.3333333333333,12.2005873885477,13.4961638320568
16.2,11.2304962687109,13.3209211725325
31.5333333333333,18.3273112483184,20.5795441664323
29.5,14.990628494313,19.0948584841829
28.75,17.7759916197089,23.2410704455232
16.05,12.9977756734991,13.0489941546546
8.5,20.6635994512887,14.5014965883246
13.7333333333333,9.74409260503886,13.5985609962639
40.8,17.6864956410726,25.0343681953676
56.9,25.3184944283452,24.0173819833186
15.0333333333333,11.7171150680406,17.4948913914606
17.6333333333333,17.6610454997021,24.3679511632711
18.6333333333333,15.7716057618232,17.197702157419
15.2333333333333,14.2162955142682,10.4521367354377
14.5333333333333,9.96292364577443,13.2993397549577
23.5,21.6138077103742,24.389014751491
54.25,19.349395350435,18.9146607446941
20.4,14.7080143420486,20.6475334551374
12.25,16.669436066623,27.1964005054724
13.7,8.66468827211489,10.7785082139681
9.63333333333333,10.9173607401056,8.86449726807112
8.25,15.5389178332824,14.2743667620823
12.15,14.4359723333894,11.632868715769
84.85,27.667841227338,31.5347428196166
28.4666666666667,13.145476140713,17.8520714773134
46.35,34.7681986737412,28.480139665862
7.2,13.2188965709095,12.6694466253954
34.05,29.8004555617204,28.4599543400658
17.8333333333333,21.6260319391662,18.6974831534608
21.9,16.252146647019,19.4409428362234
11.25,19.1214304011887,18.3263464528428
14.9333333333333,9.08548790839267,14.9234263801409
105.3,27.7678475622528,35.3133950099302
13.25,15.1159254210999,20.00853796823
22.1,15.4434943953193,17.6720834325637
12,24.2993420932974,13.0816831694551
39.6666666666667,25.0072248837206,37.3237650009973
29.05,32.8990129231706,30.5558782686199
10.55,33.3739806294015,17.0185390525222
7.9,9.39551937673132,8.98529735001809
12.35,13.9031264259687,17.471232314014
18.0333333333333,11.6273396561245,15.7272093732372
31.0333333333333,20.465938245248,28.8343767468628
16.5,12.4194121244023,13.6737348928442
19.7666666666667,13.0285401327912,10.977160132593
15.9,15.561850353659,23.7131014529226
8.1,14.1203872464539,11.2465140492865
9.2,17.3625457627114,14.8264211338057
17.8,16.9180550605553,16.1447707782498
25.5,15.8515135888304,17.6609564112662
13,19.7740123665784,18.798533855621
24.6666666666667,14.8280494456566,18.4667783377384
42.85,40.4619752522518,36.3931980230901
22.65,16.4264513162153,14.8594815126944
11.55,15.9602409779327,13.2683064470144
24.4666666666667,18.5949555566324,24.9242639447302
129.133333333333,27.0478534123284,49.7014613552514
28.3,16.3047272223198,18.8390956701484
16.8,15.3295795817563,19.2710981054151
26.8,21.3527122888119,20.0745430030833
25.75,19.5281552381088,16.0861194864775
10.6333333333333,17.6855650934025,14.084520797639
9.4,19.5748274208871,20.3355184119294
9.7,12.4927344785585,20.8184583833541
28.7666666666667,14.1710260753161,13.4286130449423
20.4,15.2799127157136,15.4858068169723
24.9333333333333,18.5379240188335,20.9730654489662
2.95,21.744207512432,7.48325800451314
37.45,31.5788796533174,24.8021232116947
32.4666666666667,19.584014772918,25.7767969677367
62.6,27.6639097129585,12.8194862262496
26.75,14.4617803267638,17.9553433577804
48.25,23.7955306857962,21.8884082490931
16.95,24.039009368007,23.0530945539103
12.1333333333333,15.3785984414056,13.5243058837996
16.5666666666667,18.0753086568044,14.078916237954
25.3666666666667,16.5921256487093,16.7626722136135
9,10.4062987825283,14.3653434802836
19.1333333333333,12.245754776557,17.3868052868209
11.8666666666667,15.5237667232163,15.1993867772932
24.5,15.326380088561,14.9861170853941
20.7333333333333,15.0236030412209,15.1057392722645
25.8666666666667,14.7532889111724,17.3059807552671
18.6333333333333,21.5442313176185,23.6059510332662
24.3,16.2270890463506,19.1551237766114
19.3333333333333,26.2672770262575,23.9729018296901
12.55,13.098173025764,16.4844717670126
24.75,12.2454370288494,16.9689196825328
21.4,16.1534908888692,19.5665526003204
11.5333333333333,16.94407186603,14.6361311114588
20.2666666666667,11.7138525202142,12.0320214681388
11.65,23.5942672982673,24.3393369994251
11.8666666666667,13.4859721110952,14.1584670829165
29.45,22.0022081980362,19.9854698997225
21.5,19.5939909136831,18.6851325679596
12.45,14.3149328580268,13.5091388006391
23.4333333333333,28.0484980897976,20.4624010065334
32.1333333333333,23.6340181098376,20.4765393211215
17.3666666666667,14.4349113522611,14.0493110025585
39.9,23.8846818219953,23.0505845640386
20.2,14.3303056323378,18.1767381593487
9.6,14.6552972461207,15.1336274217821
40.35,25.603993567006,28.66696273009
10.1666666666667,17.1409787638905,18.0006360224798
39.6,20.6885293558587,18.1039759708566
9.73333333333333,11.6475903731309,15.6576366940514
28.9,14.9924603831159,13.6950436113659
54.9,25.2203121352884,29.9998910013603
9,12.6660643163052,14.8226499191739
10.1,30.0029252716072,28.9557099148342
77.2333333333333,14.6736459402972,15.5649554877205
13.25,16.7129767707807,12.8510871265582
16.7333333333333,13.3498335009292,13.8331907591065
26.85,16.5072398976585,19.0701301020838
66.4333333333333,17.7714096609286,16.1566842589007
14.6333333333333,9.54461368404744,13.576646208242
21,15.9186578751974,15.2843507652739
5.8,7.1815372009176,8.74597833246984
19.8333333333333,15.6674902151078,17.6846669936521
99,25.0593085155993,28.584476638569
13.1666666666667,13.1485480406018,15.7189147729816
20.4,18.1231778125674,15.8629336046228
136.466666666667,18.7369614384971,19.22895801519
7.96666666666667,17.8215399657179,14.2084104666096
33.95,12.9873286337977,13.8092199664861
15.25,16.1124530373634,17.6278377621219
22.0666666666667,18.718509541092,25.8125531446398
12.7333333333333,7.41985061814508,9.41982454432039
15.4,10.2630094267026,13.569810802457
19.6,12.4322581928377,14.8844557344711
7.43333333333333,11.2807748871362,7.06173547770922
11.4,16.8468915619319,14.068189909762
14.8,11.7358242724726,13.8638193076401
7.65,18.7077352480227,21.6228169836353
24.2,20.2007727081995,18.6026708790212
12.3333333333333,13.0032544952454,12.6848684878042
21.6333333333333,18.2859974631826,24.3885076220547
20.5333333333333,23.9518336353521,16.9274896115912
9.65,15.179786750785,10.9584013863401
13.8666666666667,16.1799581483545,18.0045228688035
19.15,15.2953364515924,17.5856309088152
6.25,14.4628473817496,13.3846853416954
21.8,9.77575340671316,13.9454642937548
15.0333333333333,10.5827489448886,12.3457419879663
25.3,16.3314348847036,17.1752958374012
16.7333333333333,11.4592628560641,13.4394057110024
19.3666666666667,12.5103236211588,16.9993308664625
25.1,20.823855135281,17.0309127929598
12.0333333333333,15.5949649726855,16.5259841076004
10.15,12.0297532383877,17.5488285290262
23.7666666666667,11.7091939062369,14.1305814769092
51.2,22.1785922446046,28.5460057578463
11.2,14.228071715154,13.9371546193247
18.4333333333333,13.2082786827851,8.82577486242573
17.7333333333333,15.8076491478721,14.0642327738073
22.75,20.7083788428347,34.5581370299489
22.55,23.132847443679,22.9128248085992
17.1666666666667,10.3982632398423,16.0316142685474
11.0666666666667,12.5157537568591,12.2942711669774
29.3333333333333,19.567715117702,27.0083409076921
7.93333333333333,13.8032479756538,7.62262960606317
34.6333333333333,18.7954714998695,18.5465494382465
25.1,18.9567783011057,21.0091516707606
19.1333333333333,17.3221576132962,16.1647918603853
29.95,23.669775972827,31.1888915961819
16.4666666666667,21.4464745025262,19.0275863828108
12.9,17.8604068883857,15.6298823990255
8.96666666666667,15.8746637117916,8.73347726350236
41.05,15.6118159693036,14.3133942683951
19.6666666666667,13.3233459921199,12.4996523913227
16.7333333333333,11.5316734259882,14.0567481178001
19.45,22.0430802549903,32.3583661596281
17.75,14.6014636769264,16.3077871130754
17.6333333333333,11.4563411069068,9.30906803371365
16.5333333333333,14.9653822931961,17.4872806805643
20.5333333333333,16.2755233013943,16.6004815600739
20.5,20.8686375352296,12.8197780418707
29.3,21.6212811199802,20.4923161170586
21.2,25.7935605884026,24.1688796661111
10.2666666666667,9.06596484527719,13.9276103733723
32.1666666666667,20.2862846872012,32.87771477976
65.75,14.2391391847964,15.8150726970019
8.76666666666667,11.4225947884326,9.0442235821196
18.55,11.1659453723927,14.2215265525222
15.8333333333333,12.6090485168911,15.1029767939758
11.6333333333333,10.2204222337601,12.4905856616423
16.7,15.8956459352875,18.694545689875
20.4666666666667,12.726333688929,15.3875310156014
7.06666666666667,14.7648727794918,13.0124832441632
26.5333333333333,16.6491466558833,18.933765804884
13.0333333333333,15.9980366193905,20.6210432571033
18.1,12.3843592161989,15.6436979113818
11.2333333333333,18.0774604352661,16.7125220242079
17.2333333333333,15.8686086883572,17.4522421060618
9.93333333333333,9.04247908298805,14.1882874496292
6.96666666666667,10.2966433874065,11.3936531980466
19.8333333333333,12.5070715961856,15.1246077375399
21.4,15.8353749510907,12.7640275520765
15.6666666666667,13.5460441433689,13.7455868492676
33.5,18.6047551027065,29.4612722699305
5.7,14.011675488287,18.4009635561977
10.75,13.2876264001946,16.2744249995355
13.15,16.0345456160412,16.5069045182302
41.6,9.34842393650531,10.7777088899537
33.2333333333333,11.8427181263084,14.5275041276791
33.4333333333333,15.8175104394592,11.9577304480935
13.7,13.664636961283,7.67723627241418
17.4666666666667,13.0894233545688,16.7697996439117
17.35,16.114325504216,21.6024831177478
12.15,12.2028701313914,15.1350933597251
22.55,16.2026998801865,12.1628734576251
10.65,5.59023322043778,13.6178249494575
20.5666666666667,18.0254035099411,14.8133589230169
16.7333333333333,11.1412693614568,10.3263304665139
17.4666666666667,13.1987976045374,12.9026058032171
22.5,10.8109302429018,12.6365725811605
12.15,12.9739557806805,13.6592313325829
19.5666666666667,13.3431139504607,16.5674825950153
17,12.5227528055274,15.6673981752528
9.2,8.93692075002122,9.45930365288092
13.3,14.2882064942332,17.6825308882052
56.8,23.6621647951856,22.6848702989569
12.9,11.077520843603,9.81953714459641
10.2,11.9990312669748,12.5148173929639
17.6,17.8733254019583,20.3649305907232
15.5666666666667,13.7366362971492,14.6008355426898
21.6,21.9652975951519,19.5303357819823
13.8666666666667,8.82891065634231,10.578273309637
10.25,14.9879646705033,17.3915224022225
60.0333333333333,17.0367500832594,16.6238558963861
10.5333333333333,10.4694754775187,13.1693927743944
7.46666666666667,15.2005514777556,19.2057967956117
9.7,16.180055763411,17.1801796710002
20.8,16.0794167454754,24.3570745729893
20.4666666666667,16.5957375281271,17.3455756408975
10.8666666666667,9.09574442237128,10.0221010707924
6.93333333333333,13.782526501644,12.2462797068117
5.66666666666667,15.768939603883,11.4787711217136
7.83333333333333,10.2286365813126,10.1794027487033
20.4,38.7364261930211,27.7195022741291
77.5,52.0940612553497,56.0664488543447
18.9,37.2340254242061,28.6616121785562
23.3,44.5733591730764,37.9129728772403
28.75,40.7482689601742,66.4876265222951
44.35,33.0165592695509,32.848448443859
29.05,35.501869658601,35.5655421660867
26.65,21.5678832301908,19.8474987480006
64,28.5629155969605,23.1111529170441
16.25,28.5359209281645,22.4639517859609
28.1,34.9976858194538,33.1333155333679
38.8,50.2155915508886,48.8883406151557
55.35,40.1736468329638,43.6005030577258
25.95,41.0518843585351,30.0874942428708
15.1,22.6022943202955,16.1089308725721
20.6,23.8741773139288,23.6864599849119
51.15,24.8598499552807,44.5302133906827
11.3,26.6662166730785,22.8563433818801
20.7,18.6977084133366,23.9841720566256
14.35,16.7545769008973,20.5697459690107
9.55,13.8682635387395,16.1440409688097
23.7,18.8894847296122,22.3672486736347
22.1,21.0608744022108,18.3016783986336
165.55,68.8147669784241,96.3154075325952
47,18.7199901511198,20.5169793187495
144.6,44.6879739841868,55.9837052416236
78.2,33.3311586405546,25.1303619579661
236.65,54.8444312088709,62.170171356362
124.25,73.6009486067809,63.821191545601
28.4,38.2605390587834,27.4117308664201
15.7,24.8281476477339,14.3610024695715
54.85,35.0035046326006,29.8865854681334
33.45,41.4366458164564,56.1917359482901
20.5,39.4081942980101,45.5669610654034
33.25,36.0459602574122,34.4505663833138
20.25,21.5232065046149,18.5450867121853
17.9,40.3919654114878,32.956342604735
25.15,37.5515373262746,31.8402237075937
78.4,28.3268507237696,29.4166136129388
38.5,16.71267678396,25.1788862412412
8.7,18.5306796366394,28.1199249016287
12.15,24.8910890220594,21.2220662125694
6.8,18.322230761805,16.5407280934336
12.25,17.3830439638616,12.7357113841809
53.1,63.0006392870333,37.4084200431385
20.65,56.0459452598123,38.7134089240429
9.35,30.6131868078704,21.8810029323822
25.65,20.8253102956721,22.3305645964188
11.65,16.6760544396245,17.8587300689739
112.25,36.8502654580882,43.598339110956
30.4,18.9012491809182,15.6347589129176
19.05,13.5380654869887,13.6481281866481
21.4,13.8540714999227,14.5585040147408
20.7,15.0220906347279,23.8016080439513
34.45,19.0808355846696,16.0323681330898
46.25,39.5667428445864,29.9233054792637
27.1,18.9711474952776,24.4278589903141
13.8,14.8220936523968,15.5356703376252
271.05,31.8846813900389,34.4473341259988
14.2,15.9396503682917,16.8566371640163
14.5,17.5720150031694,14.1978298588739
65.7,41.1863980741002,74.310872696618
45.65,39.5267538445726,38.2631342583824
15,18.6020903143036,24.4910974989084
57.15,33.5815811308557,27.2788898241319
69.55,34.8131369139401,59.3727883267303
6.4,16.4816728081071,19.712555311335
15.95,37.0122717388605,25.1131236521763
29.4,32.0397738209604,34.5755855600431
23.75,24.0263737017077,23.7603668566657
25.1,29.7925576438177,20.8803756900235
9.6,19.7658376948241,19.2443761652695
20.55,28.5803284322649,38.9992409461625
15.3,23.7055819174543,19.5442619351243
10.55,17.1839651490975,14.0868012281689
11.8,23.4929950235694,22.7425249689183
30.5,30.6604307666531,24.2885395016633
41.85,22.928499846678,25.0572243900778
21.25,32.8844198754759,27.1825472183665
37.35,33.0963804357532,53.2561982688005
27.1,21.5987584843629,23.0496767355766
13.65,16.0284395832219,15.7512818919803
59.45,25.8118344740788,35.0933444825431
13.95,21.8676766089159,20.6667889445477
10.5,18.7040115364819,16.1097878365975
14.7,11.7363351348087,12.6798198798624
27.3,23.9592261030758,24.5834751576362
20.6,29.5173688284184,25.3585171736617
21.35,18.4174617574255,18.4431537068902
20.85,20.0338744826463,17.3137930812031
6.7,8.79796793785858,10.4559003448532
11.6,16.3974606008195,16.131066824922
32,49.7103586770726,40.4210371284226
8.55,15.0474253239007,13.900512878965
136.55,26.7919719883054,26.7565589952167
15.2,23.3279289176475,26.5811255468435
22.45,34.3995088415863,22.0340699276346
34.55,21.4852530255676,31.8097991061941
24.75,22.0110420354196,19.9044497461747
7.65,22.2718237851196,18.3839174003082
16.75,21.1660771083,24.6845279246437
10.3,16.7403186411412,17.7453480477886
15.85,18.6502714813001,17.8999197835522
27,17.7478794535575,19.4045155675268
18.3,17.563931324481,17.9293726141698
46.55,47.1660592468322,31.4417496189099
11,13.8110707141832,15.2619950167709
19.6,17.1051657958259,18.8046297278625
10,12.5821196197927,15.9696696460524
16.05,20.8066154618957,22.5603132931764
51.85,36.3861419122987,42.6017954935181
67.9,142.809220843025,42.3578046653004
38.85,41.3858481777971,29.4988643483708
10.05,19.7534867892577,22.2908234515199
21.8,46.9773974127626,21.7319556245685
33.35,23.3118284631472,29.1267684265706
41.6,35.7735535472995,23.9970742783918
27.2,15.1729908228337,17.7426739351418
13.3,29.0380203762367,28.2233438740783
138.6,57.3116647191071,70.7237047617639
21.4,32.9828431076196,43.5923640565615
8.7,11.9987646615785,14.8363757658506
10.45,10.875348839703,13.6259355543773
9.95,10.041847895833,13.3647751995633
45.05,34.3790854679454,37.2848518298544
24.25,23.6020285063651,25.0437948870487
64.35,28.8427397834718,24.5166380732347
11.25,17.3249141940682,13.4368973307229
14.2,14.3993551002979,14.1670217785708
9.2,10.4204431410544,13.2559373357007
10.2,18.2637069077898,16.1601168902979
19.6,22.6832048227836,22.2910641331702
67.4,45.2888057989473,41.8704355103062
59.7,31.163723667305,37.2201428823928
86.75,51.8310256686976,58.7245202411942
38.15,23.3364625254507,18.3010711474944
19.05,21.848573763911,28.7898284826643
22.55,19.2254307061897,19.7227726914293
26.4,16.9971590137639,19.0290183370392
29.55,26.4259108975294,27.3051375330421
47.2,48.9783342594431,41.4127022289335
40.15,18.6614109995402,25.7787544963692
7.95,25.352579465997,23.8716580469668
29.1,32.2813141700609,35.7004831051008
370.6,27.5917304875849,23.7591874337069
74.1,51.4418626406595,52.8847964744959
32.6,69.9767759728395,52.6752330393118
17.35,13.7678492683903,23.6818310594038
19.2,13.0030036286545,18.7080428932661
18.15,13.412011224062,16.3418111155774
17.65,15.2361844069629,19.3038718930677
71.75,20.970237120359,24.6810357993989
30.4,25.0135477737623,21.5285493191192
62.15,31.4334406733975,27.6082093586471
71.9,28.7548515569781,29.1945261053219
20.35,24.4976738800877,27.0648565700921
71.6,40.5214596333515,23.8397431991112
38.85,28.3976591431936,30.0895313009662
60.1,34.6820418332093,24.3943098479724
120.15,47.8516368145589,31.5640516591564
32.6,15.323632481876,22.5197451808786
58.55,24.2184730439348,25.4644370695822
30.65,18.2109396441334,24.3975581908547
24.15,17.7507376205307,23.3790983106511
31.5,15.3660708459409,21.5156420273071
26.6,15.7346948523724,17.7761961200093
12.65,25.4301901973199,27.4385149547357
33.9,26.9602950530106,36.317772475009
29.6,16.0620827464312,16.9527552149446
30.75,24.843291258606,23.8716107412121
78.85,33.2988807171607,28.447445312274
22.55,32.0785514913637,34.3652739836611
46.55,29.6419990551541,32.6740482107971
53.9,38.1490166400786,30.1094447873606
93,53.2875268691943,50.3294386207385
52.8,40.0981708768866,39.5272850433262
112.7,62.6209241165672,67.0500749615443
40.1,19.9628116893007,16.6654662683172
153.95,31.9319394449603,34.0149721607115
94.2,59.3395640387146,103.432580382004
47.15,55.9949034582044,41.2346103511079
28.05,25.2129285145772,26.0035640044436
46.5,39.9222949676737,43.6711134981708
53.4,35.8257330012525,45.4391267118286
37.6,50.4556985169518,39.8863668063352
29.05,23.581029021162,25.2509515197005
40.6,32.1407654981983,43.2965099853561
47.8,37.9940011127687,35.2060833668522
51.15,45.9619233060285,44.0795829779585
19.1,25.7708160345962,28.4260851920436
46.2,27.7281437824889,31.2983671552109
168,45.6901441677758,65.4226924514754
42.3,38.6123043621433,36.7526281226368
86.85,33.9031286705684,35.2266559196114
58.85,30.2282741753465,37.0558203864925
103.4,37.6104727481413,32.0725311655547
97.7,59.8782755418248,50.4547106021903
63.75,38.8315799959855,40.3950790486953
111.7,37.7869280140948,47.9489140174698
90.2,36.478642825249,50.2311463201695
144,41.9571290510116,45.2464171033777
17.4,23.3810998847296,22.1905485444615
51,34.3366425138111,34.1198554583942
44.35,25.5272741610069,28.3168103586654
31.6,18.3004776523682,21.2124798701448
53.1,29.0955542092469,31.5207539889753
51.25,36.4622721700757,50.6974895198258
39.3,26.0265361757622,20.2588415114639
31.8,25.0911244243137,35.3993425847694
111.15,34.9380898771417,43.3853372928943
29.7,48.6072931157902,45.3616374908817
21.6,16.9407745233872,17.8641912576852
26.65,36.3414599207301,38.3366126454883
266.2,59.6857385718468,75.3520850227308
25,18.2706791332137,18.1242701685022
27.65,43.8853929645155,50.5391764936667
50.05,38.2042387481412,30.4102087321642
67,56.8884154285063,64.2501698351733
147.55,39.1271976093531,55.7234954363002
27.35,28.2170797653609,19.3978750673088
46,57.9576824766173,37.6999168890543
13.55,14.1272541901533,11.5989698120024
143.3,67.0181486675733,91.5336028378564
3.8,11.5525108634467,10.0606402352263
29.4,33.586367147274,29.3772480082594
6.65,9.10950869076498,11.6326556656256
19.15,12.5923017784294,11.256007419353
37.45,40.6230544626388,36.8610869058128
35.6,33.2634746322071,32.6614642520967
29.05,29.4642474202452,31.3758625145454
94.25,35.9658214836133,29.7183006234065
88.6,44.1729363320986,66.9572416913461
39.45,29.4835111966852,36.3173394259747
15.25,10.9251622719741,11.6559657996259
62.95,21.858961701485,26.2992060085773
21.9,22.3663309721864,24.5086318644147
81.5,36.0026882719763,51.0777358054502
105.8,26.8754141882365,40.9111416885529
111.35,36.6283596290486,26.0198410079843
94.2,23.1950283809978,26.8903633320578
118.1,29.6122343272225,73.7925055792223
62.85,24.9741260808343,25.8092374714109
50.6,27.89484264167,22.8881502986861
54.8,51.3222522338561,49.4982045580801
61.65,16.9462687929848,18.2463833845593
16.3,18.6510987301737,18.7033500269145
12.25,31.2496557437216,16.3224525492136
81.05,46.9324133861036,52.2208162410762
8.3,16.825707826266,13.2733392257607
45.25,31.5272681546637,35.5919382705038
19.05,43.2526842618282,25.1921325704592
21.3,34.193500444466,10.6649588868526
0.40005,10.4439043435974,6.02044725833065
19.5,37.2105071541299,14.8456633248152
15.4,37.7351320031955,21.354322277852
9.6,33.6866158167913,15.9762021537586
25.35,32.1107570149692,15.6519310035719
8.95,25.9180395854939,11.9186538601834
5.75,16.8958721012683,9.35181749829363
14.75,11.3934270715992,14.0658784633164
12.6,20.1086707276898,15.8906571470944
5.3,12.4140222379987,14.4004805337818
13.6,14.9337979249845,12.6962813496507
19.55,18.2310294936784,13.9831170114161
9.05,14.5138951341184,13.5875426985047
10.2,12.4436676709033,8.20074442123459
17.05,23.0406446515446,21.1886989369793
8.55,16.2209667389192,16.0601677906093
16.7,20.4712343701541,21.2106110202733
33.05,38.7351269992787,38.6912277379461
5.2,19.0773237535516,18.3281786051967
17.35,15.0569940337966,20.8878968436138
33.45,15.5249336800873,14.0811557502488
11.9,22.4918773979731,15.9295197461459
21.5,28.8714716170316,17.5334037528327
22.35,18.0965081003617,16.544765552681
27.6,22.436363042523,29.4144692671601
48.15,24.6162152091118,36.2801767339838
7.4,11.6894881602149,11.5193025832164
20.55,15.4003046125388,13.4831778483427
15.45,21.4902074215655,20.4350821368739
20.2,23.7693016102846,16.0340564318503
15.55,17.7976971253,10.8543254554429
10.8,19.6275179893082,14.3606028541836
9,11.8127242797507,12.7444494863449
21.9,27.0315512151456,26.3770124214075
11.6,13.0538568318865,9.37941989665703
30.05,20.461454617018,20.5431056661157
24.45,32.4599662107374,19.3192116613095
40.95,31.1762010172651,28.7711246581132
11.2,12.0483872713512,11.9997154936532
8,10.0735525453787,8.6078416895239
10.1,16.6333060265609,14.3501516625198
8.55,11.319062640791,12.2261875412318
10.75,13.6262952087798,14.3408383450373
57.55,21.0484667604736,26.3853468382335
89.3,27.9272890790994,32.9386806842571
22.25,13.7683786914626,11.8657502463283
17.85,14.7356745591239,16.9965592201343
37.75,23.1506523781321,27.8512308277617
15,21.1197518006766,19.7647791956863
7.05,24.9857578814013,14.52212778094
37.55,21.8014164591521,18.3373983899441
13.5,28.289163405578,19.8574561200576
20.3,23.2634410435122,22.0214384075893
8.4,15.7934116450645,12.8379941075278
20.15,25.0753267026458,31.4817488147409
37.45,37.654522008307,37.8115553518345
6.4,9.70773336140887,11.4952150146843
6.8,12.5464995625585,11.308576985039
27.3,7.732739765299,11.4847015217065
10.2,13.4129687111053,14.5172012754957
23.5,29.489256337101,25.3876400747341
66.3,41.3251381190784,37.6094757511795
41.1,29.2605716357089,30.2588468795426
36.95,42.4185246422247,38.9029602944073
37.5,50.0045754499302,33.1232502420975
14.2,10.7730512454606,10.4195994272052
20.45,17.914282805417,15.4088369611994
8.9,14.0133853180262,12.7845076375094
8.85,12.6882088255628,12.4861104271423
10.3,13.8586466505222,10.6791450380935
46.85,27.2003698365029,35.4806742611748
82.8,48.0808566475139,35.4689296926382
77,30.6153807195752,48.5973184897269
129.45,41.0539213861946,50.1414182563248
26.45,19.023341466128,13.52237834302
42.05,28.3096686294269,29.553962546648
108.15,25.9135566407065,30.5843252980198
45.6,22.5057419841181,17.9336457611735
146.8,30.2123451145266,77.1111855075987
15.75,43.7325579988222,35.544283253042
24.65,36.8616160397019,34.6187976751705
15.55,32.3339939057649,31.2053280621463
17.5,23.3684267738998,25.9830718366549
47.5,18.0861981685655,25.0144608561764
15.9,27.6169506082475,18.6236318284655
33.75,35.0526531244082,40.7727338429931
22.6,18.9937594079727,17.5822581554767
20.7,19.6714309002605,20.6888226862323
18.65,32.3399523460369,27.3424373326603
75.95,21.4376979863058,19.291251212664
32.2,12.0224409107987,11.0012885680972
28.95,12.8083182227137,15.799773733408
116.95,19.5582934225305,35.5990037848281
28.65,21.7030463002553,25.0747829245342
13.9,13.5393315930455,13.5222773744084
19.9,26.8458642899436,15.3008366167437
11.6,14.9400871492372,14.1328152621094
36.15,23.8579856311217,20.4551105250834
33.35,21.2388867738243,24.1176920839352
27.45,41.1449438760426,29.4218128901012
24.7,33.8952744622276,29.8604703110818
13.1,11.0968493759502,11.0156071409436
22.1,16.0177936317211,13.2154795724071
20,29.4526268971338,21.5377744957073
39.25,17.416354978559,12.8771508944954
33.75,27.8129517596642,24.2622984615199
9.35,13.7973916014739,10.4868528564139
61.05,24.2138811001383,34.9467000456079
33.45,27.9726014077249,29.295607180474
9.9,12.581961294593,9.28036039856052
13.9,19.4045111170617,17.6401529297645
36.05,26.687774948231,24.8450051002884
4.05,7.71680107204249,6.80425940683306
19.4,22.1433959351543,20.702959771813
28.05,13.0846238214336,13.9439251396959
10.45,12.6037515945369,12.7811683985675
23.35,20.2340116922828,24.2818659936573
38.9,23.7028735289036,41.7519178835575
33.05,18.6297821912808,13.599142153298
11.05,13.5403158242359,18.8350314557783
9.9,8.97555653362354,8.69233387603379
17.6,24.2434150903624,29.0447703347682
5.7,9.41593924102386,10.2920185617037
22.5,22.4033295055604,19.5155542014003
5.8,8.73988025977079,11.7010901839522
8,12.7759942322346,12.2283019557073
10.65,12.7228633476589,13.9060114623825
11.35,14.7120370331841,13.4264095764607
14.25,14.1234269598831,11.1952564023959
29.85,23.1768012051478,21.971919665779
3.25,6.48127235642054,6.98378295771935
16.55,15.4157463371509,16.7272332406488
19.15,14.6076814388414,15.2005330268965
18.75,11.4085649183628,15.3223820644839
24.95,21.5520205610944,24.3402184162759
11.6,15.0327543134771,9.30280437535457
29.6,17.665866022425,18.3962273267217
12.25,26.6312119748171,29.4115249212253
13,16.0255411628982,17.5311580606928
51.45,23.9756617032652,25.1617635123328
35.4,17.7381899945394,19.4026022379116
8.35,12.732226159824,10.1390420246435
13,15.5617588084419,16.7867013185224
73.9,25.6390762136493,23.7945483396673
11.8,9.35848335858746,10.0362809896904
13.7,18.5697842355291,19.1474297221499
25.65,17.3343030137581,17.9257236377251
38.5,14.0488126659589,17.2118701943222
81.1,23.0204471351869,22.6297989763596
5.6,18.5953867479375,13.4542894733582
17.35,16.8472063894687,12.1634709170417
55.4,30.0121043682591,31.2132881629316
38.45,22.2497492200894,16.2533412053277
18.85,17.9033612571609,15.6465109815417
25.35,15.6325815848479,14.6018185019447
51.4,17.4829252092451,16.7168491968719
30.9,18.9987547400874,17.3133187840489
22.65,12.7400260513618,10.7379333993693
27.9,23.814548830491,17.6741031973459
12.65,17.7314325224851,13.5286283412122
94.9,28.7517654550394,37.6938105014027
12.9,16.8896370185667,15.0857825720669
18.95,15.9947760868152,12.4867731667012
19.5,15.4067394463338,17.2454703811643
18.6,13.1552356391935,14.4616759762397
32.5,20.641015533796,18.2726103790228
53.8,24.4391866385922,38.1842903181268
45.15,25.3921364539682,26.5520746823456
13.2,14.1917732806312,12.1505623530698
67.85,23.3928576781467,43.6932707373237
103.75,30.4075948069843,53.0527685148145
33.65,26.6057579737046,46.6023703850961
57.5,38.3966129794988,50.8895923144623
54.2,15.5511661931143,14.3326967841507
17.6,15.6996297400596,12.6202143562869
22.15,19.1822886776818,12.7164610200716
25.5,20.3030259239271,27.3623162791907
34.3,23.4452584703434,22.9968561209797
16.95,13.2265600816625,10.8825786336126
17,16.6353543726426,17.3102534927548
29.75,21.3639711363583,15.0768602937623
39.8,24.576496144066,19.2935345804458
42.6,30.650968872389,29.1517790220333
39.65,21.3909368307682,19.8941619055471
54.2,29.5241381705137,31.9489873169899
14.15,16.530490392942,13.5532636650941
6.75,13.2828902540729,10.7248009222014
19.8,8.86385597687785,12.6396669367032
21.35,19.2351305837064,20.3383854422967
42,22.7252012370559,22.9744088685088
18.15,25.6386550384764,22.7798716046576
4.2,10.5174683976721,10.7748971771724
26.7,20.5316180119794,22.7647077783971
7.9,11.4790152165298,11.4238286774631
13.65,18.0620398218075,14.7567439176941
33.9,33.461137108152,28.4266686836343
15.1,12.2323711951809,7.65994144464036
26.85,20.8066041567679,21.0522043577247
24.8,14.3270016604336,13.9640677258901
19,11.8075093897441,13.3231611485502
37.4,17.6641521499932,17.6134873405987
54.3,21.1299782789081,21.7795838888401
84.35,32.7423319151382,36.0155340441944
82.4,25.4836291503919,23.3841007309138
59.55,23.0188934438095,22.4537138523069
9.9,15.419940579807,15.6445596945908
13.65,14.2220938658036,11.0611044712163
32.45,25.0442383446455,26.8906379589849
15.1,14.7819423316149,11.2516690380075
6.05,10.1028250322697,6.8245560038255
6.45,21.3223628804176,16.1827382595368
26.5,24.1232781386646,20.2698119713835
9.6,12.7884110751705,10.2429073682675
67.35,24.4516612538164,30.1065011124756
12.55,19.013206630145,15.483852610023
31.3,18.4257374450405,16.6013896318967
12.95,15.9476782678352,16.5236261680755
15.75,19.0684235665446,17.9847858546157
31.2,20.0276380578105,15.7994422366919
30.3,15.6302072479467,12.4959777139861
24.55,15.12492297059,15.4289346129502
26,16.1237715528509,20.3375112850345
17.6,21.8844825627088,16.4924322019057
66.35,19.6833006938995,34.1125114761151
4.45,12.8951180283598,8.2506670997204
8.75,21.5476273925754,28.6598333954056
23.8,24.302051771193,31.023783613409
18.25,17.8328540533029,13.3139134425679
16.6,31.8463505957342,26.6255775510237
12.65,15.3899352317717,12.9941876537095
112.15,10.9309499640666,11.5782666238779
11.05,8.4967923907404,12.259671379949
1.20005,25.0420672027741,18.6694251647385
43.55,22.9447919626462,19.6592087428206
5.65,16.4107928096238,10.9955070280866
14.7,15.5053846405882,16.4695772570214
36.85,26.9939358261143,33.4397281861733
14.45,14.8826886244594,12.7192952638337
29.85,18.3666081709732,18.1322931913316
48.45,22.2795745324385,23.4755578790539
8.85,14.578549026105,13.2735080648874
14.35,15.6012718658715,15.3217727418081
21.85,17.9387916353283,15.5958619830055
13.25,15.4176536336612,14.8523516605
11.25,14.0840753019155,12.7705438427379
16.95,20.5267510216266,14.8135903383067
17.65,23.4648934237026,18.4810279999899
19.6,19.728261534776,21.6622055107189
9.2,18.3079156514501,21.3846197495957
100.85,22.3075070903586,22.6160755660482
14,11.0068165279434,13.7541205017958
67.7,23.9747180141662,26.6315893030418
16.45,18.0256757595577,18.5004738564164
11.6,16.2960025563704,15.4044220811913
71.35,16.4295532193761,18.0753097587614
15.7,16.3235513242504,17.145554007764
22.15,13.7732053502015,16.0737311503825
9.7,15.936234593852,11.6064121908894
11.25,11.024951114469,9.65476016192805
14.8,17.5321423732859,17.4483263494136
31.35,34.0990555488258,30.9678238750476
26.8,23.6197870772671,26.0244749161866
51.95,22.9257454241678,29.501894177666
98.8,26.383721891996,36.1795391116253
14,26.138509097368,17.2722744868675
80.85,14.8731882186939,15.4428680756788
17.7,14.5246651784135,11.1794052219012
62.1,35.4033149913657,33.5554704465649
16.8,15.9569307840903,14.1273050501609
13.65,16.6010403823589,12.9763030714525
25.2,28.5706936140625,22.7574001735596
7.35,12.5506164335121,11.203101128494
23.45,23.961138346858,18.3655504452055
21.95,21.8251636897487,20.9662206869888
21.45,39.8205165591011,29.7726381988662
38.85,43.233503061623,36.5306671913534
26.45,31.4364649910853,28.555485548566
110.6,29.4785094219391,17.8766388471601
17.3,14.9612189035118,9.97775512552608
64.9,21.3339667171506,31.2120434889922
20.6,37.3237240629372,22.0073065730153
4.9,8.98984216748006,9.78453649048525
60.55,19.5571705870254,21.7910131247673
31.35,16.2659592083753,16.0180235264728
14.1,16.7982820706086,11.2719836548855
17.75,13.7194848892217,12.5946823115836
18.7,35.7624883291568,24.6714204653155
37.15,20.6862161586519,24.5131777293871
9.55,15.6284649546987,16.1804259515796
22,21.2456783896511,14.2821641596591
60.05,26.1148250808676,34.8423309757256
5.5,9.48207556701801,9.81606611079333
6.5,14.0449549569284,10.2783716491634
36.9,27.5666928385557,28.4374691895287
16.25,26.5703625028435,16.3744474403842
38.6,23.2191923329747,18.3459288944064
13.6,15.9355357027811,12.435291449677
10.6,26.8201644736496,16.4087755648719
52.6,22.4116149329279,25.1337475077916
45.9,30.6036050113844,29.0717848643981
34.85,17.0171804482658,12.3423882572988
14.25,13.0957274047628,10.5383459304038
13.45,15.7942584302646,12.5637264593625
20.45,22.8892607215947,26.4778347323003
16.6,15.424912119038,15.1689743956883
10.95,19.0219924630725,17.2055630045796
6.8,13.1992263790595,12.053094926672
55,32.8839136948709,34.8823754709433
26.7,29.2531681402179,26.9938730693778
5.9,5.89019277247225,7.34833856541386
7.75,18.4433259998389,21.4236002469438
7.8,27.1135971364653,11.7248677091193
11.9,29.5146523481996,19.0282447238881
14.35,23.9091634752377,18.9644116113888
7.9,19.6752614337264,14.6467306265415
6.1,30.4613414655703,15.5461819629704
13.3,15.5745227932117,11.4242010318192
11.95,27.006810547454,18.1915046679895
15.25,13.3421279809873,9.99568024211157
86.9,18.5793302158968,21.6996484409366
30.65,20.8159521271879,15.6356043926665
11.65,18.9526004665941,15.4927476420911
44.7,38.8678141938863,37.8372221625228
35.75,56.2581757257816,44.414882594081
13.65,20.7849785312969,14.6867594023637
39.95,28.2673028680394,31.0114746226211
40.1,35.1877463954669,25.5907224318969
46.7,72.2774416341918,59.2490542204866
19.2,29.5089513641702,29.5799779510565
126.75,47.5026168668895,56.15159876757
48.5,36.4255642239511,36.134211937017
31.25,33.3084155023465,33.96852866885
7.8,12.3453345718314,11.4291247241901
17,18.8534780458831,14.4742400004014
5.55,10.8630088325541,11.3088893782581
11.25,17.9386902213526,17.8475329973553
7.65,15.8891942345444,11.798061873886
15.25,18.2091636588414,17.1822729176746
33.7,25.1527937147248,23.9512948194573
10.85,11.7388544174692,10.2667063121175
10.65,16.9858694892708,18.9898774933055
16.95,18.6185706432664,18.6253939764337
30.45,26.3060843811523,18.5952975809297
14.1,15.3134302551418,15.6712635474149
7.25,17.6767462410405,19.0314845352668
8.8,16.5072938815439,14.2553642049057
6.95,9.88451286225861,7.23791138956893
18.1,25.8968415589161,15.7915687883143
12.35,12.5289912857768,13.375038663099
7.5,13.5645570352562,11.0997119903227
10.3,10.3867226962217,11.172545655532
15.25,14.7235035036213,15.4293622592106
35.75,21.4443968852363,17.1791842009912
4.95,11.4585007918491,13.3770863440624
15.75,20.3808208086796,19.2793465702256
20.25,19.5777080198189,21.0303018191606
16.4,26.21748292325,20.5986141789717
9.6,18.4936828687645,18.8182563588076
13.8,21.2911886366703,18.8688342917781
23.95,20.1587514954259,19.6253274407431
15.05,16.8305598885601,19.0543081644816
9.55,14.0877608285032,13.1100548661187
8.5,12.2065445868363,13.2914590343227
20.9,24.1429599516732,26.9664964066578
7.85,14.179231990146,11.4479661498057
12.7,15.2751309334098,15.0544187950185
13.3,21.5938987187316,14.7195395483852
16.6,21.8179440826351,14.5768041858867
14.4,18.6139036085462,20.9797218619663
26,26.5797347317063,25.1519987263717
25.1,21.0479741286085,24.5673556261995
16.55,15.4318137315088,15.7844143645961
19.2,19.302144310121,18.4982349378229
6.45,10.2672169472128,10.0504896423276
10.45,14.2309519215767,15.7048366810548
11.8,15.8578064455333,15.0777979344361
61.1,27.5848114091928,27.1980671850325
12.15,24.3811104797602,18.3920245954161
14.8,27.5164607969397,19.5308292324163
47.15,22.1481242962904,21.5693431487077
24.5,24.3757472668064,25.7384709199426
18.5,11.6152967123404,11.1038319408494
57.9,39.111792203197,39.2919856433468
21.05,18.3855951632815,22.3599211133195
12.2,18.9888480750506,17.3968025398933
2.55,12.1600113134005,7.71845087392629
11.65,20.6626120307151,14.3555549887672
15.15,21.9378569505855,15.173714516249
14.9,14.1725572651734,14.1195058613912
38.95,16.38451025873,12.8252005263333
115.05,29.1085981422743,42.2679659213743
31.9,27.3427665767802,24.6396538661092
5.1,15.4960622840047,12.2749461590287
44.1,21.5124389590523,31.1716263977939
13.1,18.0019168272958,19.9966337949898
92.7,23.9667557200481,47.3588421459083
19.15,23.3630513777215,21.1153635625558
5.6,18.2522063000037,13.9086648371857
61,16.0161238307389,13.5196701615013
102.75,19.7473751772969,17.7710869785772
8.3,4.0341153251041,13.3796607098445
28.5,43.2643965471995,29.819682818172
67.2,25.6576398188597,26.8960384396202
7.65,14.1104520435315,11.3589619439795
13.45,21.1012066118771,15.0171905720794
5.55,8.36613404403572,6.90335551909182
7,12.8491992542153,12.671680263648
4.25,9.31265750889874,9.69556706912266
12.45,10.5323442570874,9.6897713686706
13.8,21.2906409367327,15.0420287471615
16.35,11.3462084372273,10.090151177019
18.45,21.0875618744908,20.154075277575
6.15,10.3068355106723,10.2429725276707
92.7,24.8522481325739,33.219459731058
6.8,10.2027062421129,15.8358402245565
44.2,18.537612668835,21.3815217884805
4.05,19.1143734479496,12.3527072234146
3.4,36.1417221239587,16.7326848344521
24.3,20.3596507961064,15.2621990475987
16.6,27.0923461858396,22.9108147364063
9.45,16.5367666902135,18.8798719211252
9.55,22.2082229614225,14.7347886855907
9.65,9.30297235271507,8.59023096178473
45.85,31.963907617358,36.3783708016993
8.45,25.6745916491031,13.0785324818632
9.45,13.6156763923726,13.8311518244348
19.1,34.6124387792012,31.3724306179311
50.5,36.251576445771,26.1503247112683
13.6,21.8482534808208,22.5538993367864
33.25,30.7641911107135,38.4567867575576
3.55,7.97624852609838,9.02442888380534
23.9,20.1323896116277,18.9291586713403
36.95,30.2238891473018,34.0777821149331
57.25,29.5459463314603,34.3170774030728
16.65,16.6586636639826,16.5076796074855
50.8,33.5724649827164,35.6305160784348
17.9,13.5184620306068,13.100587860446
41.2,26.3570059110607,24.8164669880155
25.15,32.5968932969255,25.3537611253595
65,27.9863470380756,27.5203473569918
28.85,46.2583478250609,24.9624167148087
2.3,10.119072677756,8.17375930867044
47.2,28.753531375017,36.7898682263402
44,23.3153846707306,31.6968946410123
35.6,16.8165496785085,16.2124841896547
7.75,20.0986828597288,9.68485037464266
9.55,14.6917098205495,13.3248315418281
33.7,22.3108829202983,26.9829786946035
90.85,44.6475776582677,48.2648169351263
43.15,66.1656541736832,54.3401093638307
66.35,19.176891476492,21.9050624207334
17.1,23.1173530522389,12.6974817446013
19.45,16.4405652030542,17.3867954961107
13,18.0923721335458,22.6549805803495
12.8,14.1499301662909,14.3961229828624
12.2,13.4665988734171,12.9764646301039
12.25,13.3753440170921,9.48437314914146
6.85,12.4523583246923,10.8948760343485
23.3,16.8298830730308,13.1942377272233
51.3,25.4887269978058,22.6293184945309
7,20.4887820230379,14.1703680567267
8.65,25.748170603161,10.9854161152543
30.4,9.93736582048882,11.1573273632227
69.8,14.0099696844189,16.0735125790031
30.2,15.7625414255116,18.4501945371925
4.3,14.356429064551,10.4936476214758
31.1,21.6606156693646,21.0730319536376
3.8,11.8716647180496,10.4484353028151
14.85,11.5860239424562,9.85362387375943
16.55,12.9307584995805,13.6325716274977
16.65,11.0678046788327,14.3353008157204
24.3,17.786656244368,13.99687131699
34.05,33.4665544960113,21.0923440354769
20.25,31.9899292944338,24.1435970820143
8.5,13.3109789825276,15.6639553096781
16.1,13.21940438485,12.7469973415017
35.25,27.9744627560802,23.236266180949
3.4,8.86205244328479,6.79162017146155
6.45,9.28378094245912,8.443514236049
18.65,11.3553614390019,13.1191010776016
13.4,9.62664359546407,8.87421440150615
65.1,39.4090868427235,41.0565297860813
17.75,22.687257184717,15.3517798431173
36.9,18.5771084714572,15.5191056091481
105.25,28.6729107520067,35.5911814113247
118.9,16.774432635074,17.5211850272638
17,19.0937437407711,22.4839776771699
11.75,19.9452028066489,30.5059093043968
46.45,26.2718418365407,20.7714690132941
48.2,48.7236012332288,33.5641271765841
16.05,33.1552063861689,27.2396721308023
34.35,21.6642352321567,26.4970864056292
25.7,49.494474293609,36.5308650058404
29.2,40.2409462742885,38.8796238256919
12.2,23.8459405705625,18.2773853521003
15.6,19.6763181130238,13.9882589922646
10.3,15.7754650563912,13.0307909403705
35.85,38.2405978599314,28.0169472803853
13.1,31.1358727811053,15.589851574024
10.1,15.4785236757765,15.1726952708094
41.65,36.6140783082724,26.0909668018475
71.45,37.220151874137,44.6607508171585
24.55,34.3964540945171,21.1693065168464
14.2,22.419327113212,19.4719613237692
6.2,10.7134544111778,9.05458936399393
28.25,18.5912675379736,21.897749805111
9.5,11.162404165738,9.3331462152521
31.55,18.0330821634827,19.129146751301
17.8,24.6402293236991,23.3407307389096
11.85,16.5780365521233,13.4378104621725
15.85,15.5090159597308,14.4244622037035
6.75,15.2168235736107,15.2005012140629
18,18.4331806760095,14.1476690654831
25.45,28.054823501397,26.9916449290809
24.6,22.7548537840663,23.269017996138
87.4,26.0520537465376,26.7385303231818
9.9,15.0091876756573,12.5059686946207
10.5,10.6011359275722,11.0940821398718
13.55,20.1531341638771,17.1084201869443
21.15,25.970242573713,28.9818638244193
9.25,16.6714646983097,18.5659689313518
5.55,10.5309317155712,12.3035077862492
42.95,18.6762453669451,23.761749392133
17.95,19.7482933315691,18.8849498303364
36.1,33.1799984460522,35.8716777422201
6.8,15.8738374630534,15.686204267758
32.8,50.642275458426,38.8137169978739
23,13.5302239197019,15.3486017581219
7.2,11.6880922198399,10.9556897460776
7.5,11.6808169008487,14.435649170018
5.65,11.6800276762189,14.8739080240992
14.3,16.8156252674144,20.4096201506575
48.85,22.3441885949226,20.1225647028596
21.3,17.5528873990108,14.1174203780935
7.15,10.5329459797318,17.691287978845
27.55,14.5183635985436,15.5962447279274
46.05,36.6970936043742,33.3257886163331
18.4,17.1435604588738,26.1877724015515
18.3,17.2482207404092,13.8902115418797
18.25,14.424726342505,10.4548196132685
18.3,17.394757157502,10.9411652947695
21.55,37.1082417075908,25.2550448764805
39.4,20.315314137424,23.1787536427265
20.4,23.667010606923,19.269849286616
63.35,34.4925041503423,33.3923932353466
12.85,13.3060856833148,12.6656738672331
16,12.997323288151,12.1528392822818
31.55,37.649568763559,29.7931288981093
30.75,35.914510306336,36.631586839837
46,29.3347505778749,29.1679059607558
27.25,39.6070442559068,32.688257612172
25.3,19.9123623709015,15.4430647342402
21.7,22.4384493766172,24.3387292018752
25.7,13.6874560561775,14.8444923170257
105,31.6284286791395,77.5276296664195
11,14.1931859668598,14.07635473299
13.2,15.4701797712061,16.1558718847653
11.2,21.6863084269572,23.7435914177675
12.65,16.4596318055241,15.3077189954785
9.9,13.8261669939926,13.6358652982728
14.55,18.7702671257737,25.1198474552619
15.05,16.3956802010978,19.9096733548273
12.3,13.4744339593813,12.3914979187753
0.90005,4.36574058266483,8.95669955304348
38.7,20.8863736026913,19.2708407308006
11,11.773637730521,9.58712881651209
12.70005,16.1253152042203,10.7958212523467
6.05,8.73201362954508,9.89597117789351
10.1,12.8460615906651,9.99937415271736
22.55,19.3923150662711,17.8564384343652
34.4,27.9538387747362,24.2272891479276
14.95,11.9096826731958,14.4630332450595
13.95,15.0138636982107,15.4393378044438
11.15,8.91455650619962,10.0431581838633
8.25,18.8908249216426,13.8897164523941
17.1,25.774338371704,20.5445605406051
6.35,9.97092764425731,9.93886692156637
61.8,35.2499780504093,23.3310794689601
13.5,20.2589356734297,19.7055834433491
17.95,15.0137178065643,13.3969865887603
16,12.5761684422064,14.6560992994466
30.9,16.7056145858512,19.9139351456861
32.35,24.5963887676632,30.4035760901045
17.05,24.0221579044377,25.0686079726572
8.55,20.0656152804775,19.5650735176353
12.8,13.4096177683185,12.81576785595
23.6,19.9967124174264,14.1101205382693
10.55,13.8252157869961,13.9078822048094
13.25,17.1008138275286,18.9852945360137
19.1,22.0497689614009,24.2388806231949
30.55,21.4402852426807,17.9338869987808
17.35,18.0703975307683,18.6687356959184
8.75,16.5216321896966,17.7824313629928
9.35,13.7934135215619,13.6595168622266
11.6,21.8024823741992,27.4676808302571
15.75,14.3726848410076,13.1823251628386
16.25,10.857417768344,15.7857045587065
10.5,16.1091905128108,22.8578898807677
10,15.8125322184429,13.3511528199185
11.25,14.6036154203537,16.1145878371713
25.45,15.560907671428,18.1314353878525
15.85,16.0273548200386,15.141085101312
9.9,11.0986782790446,14.4930299618678
10.65,16.6346972130835,15.2070914535487
26.25,14.4212353071635,15.5445795106309
9.05,12.5695707376505,16.2998204697473
10.1,14.2549108795434,19.2172107456377
11.65,11.7387213001408,15.2395107240922
16.45,19.9934690510047,27.5706981538011
40.6,74.4618088690821,41.8273096531827
26.15,32.1149075215815,64.0763212783823
33.4,15.5554340346433,19.8147895098956
81.05,54.1887431793599,76.4016016310868
151.8,36.9340150141016,75.1168036484977
102.2,41.2163636783877,50.2793489322422
154.7,31.7118931906855,84.6019728236478
65.2,37.1467481172638,34.5742201970276
30.55,33.3669627961213,26.9021190556088
33.1,25.6780101064741,31.3719205213423
62.15,41.3458528116451,50.5997738990154
33.15,36.4614534205948,51.5892901028419
28.95,46.0530758938182,44.9868018190375
93.7,60.9181570841184,66.3726184391498
72.65,38.5895953626972,33.6607250563385
55.1,32.5226081188463,36.0640437613176
30.7,37.9146288183986,43.0091752009021
73.15,26.2463534964221,33.160947433427
30.25,31.5508849420194,41.0851405574788
72.1,49.3306128333322,52.6052641250406
17.1,30.5341352157154,16.18329200877
31.05,24.986153971146,45.8516674222849
17.85,23.3462323638294,24.0273126587872
37.5,23.3801870516957,23.0289554138141
11.3,21.3543393811436,23.5483991231797
16.6,27.3106772244832,27.9841204236065
8.9,12.8627339208387,15.4874596269624
24.55,25.3685921251807,28.2042916797623
29.05,23.7156248905053,17.4719026650731
10.05,12.1301422212259,16.1999884936087
18.1,22.4185722853345,24.3757551003779
15.8,19.75357824035,19.4846238067595
20.85,17.7807850547051,21.4841922945118
12.05,19.4133213170295,13.0989130218015
17.35,21.0536900354626,24.1570422195359
7.3,17.7950679660001,15.5749764851659
10.65,12.2694967262263,10.4778233851338
37.7,13.1889591900584,20.709339139959
12.3,18.2220171133236,20.4828305874567
9.45,12.4604888636105,12.9376912397008
25.9,18.0529178172886,19.142217123701
31.35,34.5058350266801,38.9189238660685
23.15,15.1206547361908,16.2856735560144
16.25,16.0002560173102,16.9301688203004
14.65,24.1366665427667,19.1027723061642
16.35,21.8828195349456,23.1544350612296
14.55,16.8266640990236,19.824538310996
18.25,18.6615424411201,17.763833938117
27.1,22.9179910365374,23.3435341971016
18.65,29.0154886148689,27.9711374130145
40.8,27.0104133002315,20.4742938272663
16.6,19.8966944372236,18.6482702762943
20.5,20.6621330897875,17.9750450126571
41.3,23.8751185539786,21.9560850357378
8.75,12.7801791313411,11.7081545820998
15.05,23.2143791365503,20.0199074884334
11.75,19.8615805435095,16.9852054826753
19.2,18.6175804306636,23.7223181619703
14.15,14.498081605513,21.1458245420425
30.3,26.6039776197097,24.9273363342061
18.45,12.2323488154639,14.7100970920239
28.8,51.8493666560988,47.2693521483346
22.95,26.7092092733215,40.1374663401589
17.05,15.4864188466269,17.1992180246707
23.95,20.4546155311924,16.1941336437221
13.45,15.9940959834619,21.894469403594
24.5,34.5837735327276,28.9805527746207
20.95,26.5429867584194,24.3951132260583
13.1,13.098721508948,15.6224932805315
14.1,17.0932061446969,18.5010903593517
15.3,21.1092360517777,23.0214220954237
17.9,25.0694382113906,16.9772893098972
16.5,15.9983029470904,15.4976265496898
23,28.1765178729606,26.2846734129537
24.9,25.6878599121117,25.1552538792682
24.5,23.3490037225672,20.0960166440619
18.3,51.5888711309454,29.7905260178911
19.4,21.1737200283126,18.7667937024364
9.5,11.3980125763773,12.0034440345801
32.7,19.8536461224063,22.7637247722903
30.1,20.4826101700161,27.5256631101641
17.85,17.9735904724073,13.4820197722776
17.3,22.3285619203845,18.5332306818711
33.7,16.7585773759605,19.4183964091492
27.65,16.0985483754829,18.0194113533373
20.3,11.9307872110014,11.5377439199147
29.15,30.3071256797482,32.219539817329
30.7,19.3136091975935,24.4712033694471
41.55,22.1007350115634,24.9688235751484
29.4,16.1390718059225,21.0861851624174
36,28.678302036277,23.8744672998125
24.3,14.1831484962772,18.9572845251738
12.6,16.7670141724092,20.8174950035392
26.2,22.624982679905,17.956376391812
24.7,25.8977049752937,27.6837887695763
11.95,19.8094781678515,16.0130617275713
17.4,22.1469994327218,20.1629922918634
12.5,25.8373245071294,24.295852936422
21.15,21.6995505832652,20.4862671077271
14,19.5768945654772,19.4172361540466
25.1,27.8992752389372,21.3579271272048
14.25,11.8563705530292,15.1675932924873
12.45,11.5988879855992,10.9224940129172
17.15,11.5781721630934,14.1091655202118
25.25,16.6577017123751,26.8422619721199
19.4,20.3444987027612,22.930059305423
23.25,19.8854283805595,28.3767710448836
19.95,23.4787217769174,15.8775906525599
25.05,17.6347952421501,16.8649448133679
17.15,23.5129042694372,20.5410466858183
13.9,12.844684887188,11.5136038407437
74.45,31.8777088161238,26.1484695416625
20.25,16.0580026400851,21.4742740774122
23.8,29.3484217368685,29.3224868506928
22.9,18.3118611791643,21.1826719750831
10.4,13.9661723396128,15.7553922562515
28.4,23.9658513434251,28.1125692638202
9.25,9.46605375134218,12.2533483644638
19.65,39.5077670772175,36.3941869724515
9.5,15.1396624157421,16.0353740049491
12.05,14.9305507594062,12.9220681218397
12.7,22.0969100895757,21.508050602363
14.8,14.5378213095284,16.939146683891
21.6,15.9855380784074,16.6412277016782
32.75,21.8311482032408,18.9437348339922
50,36.6521776902309,31.4109906094154
35.65,14.3112391134833,17.7730073327835
11.2,13.8763946053449,12.0576440845359
18.75,14.2914146732464,15.7964969918377
23.25,23.0277980118822,15.5952682090285
23.25,23.4630021529445,17.6094154152827
7.85,13.3189112783588,14.3757929701218
18.3,15.763044845185,21.811167018878
8.8,12.7583509679345,14.9493492574035
10.35,11.9838144422468,9.44449066070549
15.4,14.0435419721573,19.1861095979169
12.45,11.7193636488594,12.2628351048818
15.3,19.8595806146771,19.7320541355524
22.65,22.2470986696465,20.4687744029828
16.3,18.6690527832449,18.3031849750745
20.7,18.727332244639,18.8129723492829
10.55,17.93127022147,15.2605912010626
6.25,8.30805418976384,9.40110187911067
13.85,29.0286974619531,28.974694764974
22.6,12.6383934194738,15.2866320701675
25.5,16.6810678358097,17.5345068387602
13.9,11.9528018979297,12.9100478932564
20.45,22.7964477473136,22.6185424829222
14.4,13.5021261382455,15.3179532445831
8.1,10.8957340625621,13.545326485011
32.25,16.3616328531351,15.2306122644058
24.25,20.912933682412,32.9696108360545
32.3,18.3952884024412,26.7980471156879
12.85,10.1690869033229,11.3322701011614
21.1,17.9829143341659,19.0542011278306
15.9,20.5430589160433,26.3218546984615
7.4,20.0587067903048,19.8854155650064
21.7,22.8279383080229,25.9499779268025
6.25,9.59014512011467,12.1892468541546
12.15,7.98744608239994,8.62813302026671
11.35,15.5200827125452,16.0434452759198
17.15,20.2153234402864,26.0107239978959
27.6,26.36365837925,23.9934829843503
9.6,12.6410159416976,10.5738683711999
17.35,16.0594363338451,16.4250778838838
15.55,6.38466190612185,14.2198421703469
26.35,19.7841211822033,18.6312637067104
23.05,17.3021228401334,14.2052170390926
16.05,10.916014109402,10.8047907434002
28.2,20.915795400747,18.85660814569
19.9,12.6469736776137,16.1818873574912
5.5,6.3194024922168,8.80707626277856
7.85,14.0062806157932,12.1686291587453
22.95,19.2806348496736,22.4650639924855
15.25,13.5537984690227,18.2028661690391
7.8,22.0729020367865,29.706917409043
9.95,20.7449173254421,21.3709232132605
23.45,14.2853448722905,17.1596138273163
30.55,17.6893390587206,14.6234704025667
29.25,15.564498363489,13.3689250434542
12.8,18.9974172426118,15.181410986842
10.8,17.8979941174895,14.1855440859397
10.25,15.5367740944466,15.0802572055035
18.35,19.6345225398942,21.9707413945014
21.4,23.5774361878473,22.5516302089027
9.45,15.9935650156973,14.1085731388076
9.75,18.3050303635857,14.2413365109751
63.1,37.8093344648166,29.6363079670456
33.3,20.8852074425969,23.264716490909
18.55,15.8302290849307,21.0382129846756
17.1,19.9546697031637,25.6517738395098
29.4,29.1591904117724,19.955450765377
33.85,25.0422222318553,27.1884915660487
24.6,16.5650824873228,19.2992940128991
18.95,22.514670760098,26.6323021627086
33.3,17.5626833558338,21.0923281829066
35.6,23.2992832928118,23.6320560756342
21.6,17.1068428151799,14.7405537783072
22.7,18.5079026729173,22.5188069394569
20.25,19.0206189425098,20.1105853725369
20.7,18.3019834892705,17.4781665899879
28.3,25.1101059407746,23.9257851694831
11.45,15.7134663411936,12.4812169441815
12.95,16.9063044672765,14.6665538355053
14.65,17.4351999329042,17.8764199279979
22.25,34.5877955335998,27.2690637621537
11.95,15.4402460641593,19.9631117102293
13.8,28.8653463386802,15.6394532744154
36.9,22.8430049576782,23.4978045896582
7.7,21.5291397367753,16.994769492259
9.35,14.3938255513373,12.8462805560258
12.3,19.2021669483566,12.6149396352147
17.3,16.9491009944558,23.1075033259428
10.65,14.1435646436042,13.529895594565
9.1,16.373178752086,13.45851468325
16.65,20.29394735614,21.54530309896
10.35,12.6382308658413,14.0508795896922
12.25,28.3512177892107,24.6859178475351
18.65,18.6123081737336,16.0472289281277
11.35,15.0298017990544,15.419567033873
10.35,16.0725679975203,12.4769286663505
14.25,14.044549428514,15.116131294593
8.15,9.58153070296995,10.2860264987476
53.75,34.9198793077878,35.7683195625144
85.25,36.9425855776222,38.4182494664568
49.75,23.035026834255,41.9474821631986
8.15,8.26743376181974,8.37459701737786
10.1,10.8211447073392,12.2760952695689
6.3,9.17352108540025,8.14147005310915
19.3,14.8645752731456,14.1917249967565
11.4,15.0076135468162,13.8338376760227
15.45,14.1901458227185,14.0992564779123
6.6,13.6579944523386,16.5336141883035
18.45,19.5847664356093,23.2970370025415
16.35,11.4370187063893,20.039936071118
65.65,21.08508260362,32.9194183948463
15.7,12.6368327789907,12.3794020156776
8.9,8.97977988267187,9.79736025105649
12.05,14.470611535333,13.3492752032253
8.1,12.467170592495,11.0701525845596
9.15,7.74613526300802,14.1311554276292
12.6,20.4117875491805,17.9488475259208
9.05,16.3647925112654,15.8079736331128
53.75,20.4074837938961,21.0791809883227
30.55,18.7786304857503,17.0183984148131
11.4,18.5673271835391,17.4126310593651
91.65,37.2224295191245,48.220032606004
6.15,12.5691758646944,12.196680183292
6.7,11.3060949524712,8.67143736575651
8.05,11.0480228465398,12.2642204789241
9.9,13.9236793457015,13.6374816943997
11.35,16.176640210226,16.3201666205314
15.85,8.52621474948789,13.3687306739651
11.4,16.2630923530988,18.7831143131027
15.55,15.6221961816397,13.5796553285868
3.7,26.9589852810889,18.7552122926213
13.2,11.7652226992114,14.5506368783591
19.6,12.2515082740924,10.2663480982939
21.45,19.8961397264711,20.1390097256924
21.5,14.129916796422,13.565399619911
10.95,13.0447081152317,13.6126308239651
18.4,14.9106978876699,14.2285331873755
16.8,9.86153168944135,12.8773837766004
24.2,17.2202670233621,20.1692058274891
10.05,18.6617902229542,17.2604903662554
11.65,14.6076117370957,15.9734085800851
12.3,14.6121640512447,15.1203313727923
17.6,20.8513861946172,12.8537350204501
11.85,12.0941203670793,10.9988417363206
9.45,20.0451249809098,19.9607272390915
8.9,16.2779473335144,17.870341842652
17.35,13.3877645162462,18.9275959743851
18.95,24.395048017174,21.5836349873375
14.85,24.6390135928215,15.9466655182853
18.85,16.0896832663064,22.0870955214624
19.5,11.7304812830964,14.1411286057552
23.85,15.6549655559809,20.2009542943914
19.85,17.142737856034,18.122768635541
17.3,16.414298896367,16.8212747646583
15.3,20.3566912719231,18.0339190730098
18.75,17.6084426746558,22.1008748799744
23.3,19.0140040463021,20.0898231125213
21.95,12.205802074302,14.3317868072312
17.9,15.3439823163245,13.2328021486779
14.2,19.1594243869128,23.8618888080713
18.4,13.3219884761193,16.9837892822579
7.2,10.727097109036,13.0634225419687
16.3,21.1985337159644,25.2701523040399
7.6,9.96146043719694,9.57224099436347
6.35,13.0163336331934,10.8871319650426
21.05,10.6354990699381,19.9095010212359
17.9,18.848111769639,21.4038811528182
8.1,14.0482582873352,18.3425974027717
11.55,19.634740698668,15.7020813318352
27.05,26.691680845531,22.8922776811974
16.5,11.2119199143778,12.6977758033686
51.2,57.0106394141473,26.2643961122533
16.9,14.2753692609159,18.3379924098004
34.7,35.7847655497548,28.8862527961126
13.95,11.3488508442638,14.8674258003257
20.65,17.58969443507,17.3700908512362
16.4,15.4864895101575,14.9575040229948
15.05,13.9099608679634,19.3505068909204
17.1,16.250555006622,20.0630108554432
16.6,14.926183508075,18.1012411784376
21.85,18.2604151048294,13.9836370659484
19.35,12.212766347103,15.939698310992
15.2,9.80317976981948,15.6979408537186
15.6,15.1598104193668,15.7558643024628
15.6,20.8901296194957,18.3259624000331
19,14.9134277162761,18.3351248046415
15.55,21.1712737342549,18.0900744057668
13.55,26.7676154053247,20.8799372292356
37.25,19.7658915656012,19.6656829186347
21.5,17.246952186215,17.7800381947511
17.1,12.1174052551357,21.9441968385585
14,20.901347495639,22.2877624838894
63.75,51.3698095989736,28.4964802132617
15.45,15.8437469122004,16.4187120003817
26.85,33.1506362615792,26.7678476515338
16.65,13.86432929657,15.65953761648
30.35,21.996024467213,23.8171692595559
7.45,11.2752176772842,16.0667031206431
16.35,20.133384929492,17.2551477633637
41.6,13.9315690768534,14.1207210984899
14.65,24.9946045042065,21.0954167729799
17.55,18.7711563609226,17.9804106709022
17.4,14.2629721190302,17.9389735165521
18.25,15.9258815922133,21.716114164114
20.1,19.9509508773119,19.0093281708095
12.75,16.2224533965238,17.2821932006098
17,17.3535273232211,15.9253383582192
14.9,18.0700808765588,14.9529367483259
20.55,27.7874574462564,26.2672340340872
39.25,17.1316126596802,23.1343228507391
47.8,28.0062960212415,26.3050702907617
18.65,10.6634823691099,17.9242626548044
15.95,22.4898862051174,20.4154418372102
31.1,41.0805722945035,33.2910589148208
30.45,17.1348570789797,16.0647605885292
28.8,27.0018643711737,26.4188387740578
34,26.4787432925637,21.3528749966358
21.45,18.7506100239274,29.0161006278062
13.5,17.2323736298011,16.7470049036414
20.85,19.8002335606747,17.9703087173987
23.55,19.0983233016228,24.4986757100754
12.45,12.334196146839,15.9257593227284
9.65,19.0283548462823,18.830115566701
13.35,21.8850903071555,19.445138660555
14,38.2053159076774,24.109493836184
19.2,23.6308837061251,21.6208051181584
42,30.7252173324469,24.9404540708788
14.8,18.1414049324679,14.644462992014
40.2,21.6033192541014,23.6005707410798
20.7,16.7928796324146,17.6770204991197
55.45,27.4046254783154,17.8045542377024
19.45,10.1793785316043,9.24646485748288
11.65,14.2791356144624,18.2236903591119
