Observed,PhysicsInverse,RandomForest
13.5,0.65384104374822,3.47828245779251
45.9666666666667,0.0428994871420571,8.57594867362417
16.2,0.00237701597422242,0.000141549241919261
16.9,0.598713116637646,40.8529068050801
5e-05,1.43164417869772,0.0594739074195284
2.2250738585072e-308,0.65384104374822,0.106250403393381
16.5333333333333,0.320642073462975,14.9317342635145
12.5000333333333,0.598713116637646,2.39748892057436
15.9666666666667,0.598713116637646,0.0012541826939989
5e-05,2.52544826459886e-05,0.000878247282789624
13.75,0.598713116637646,6.76197796050147e-13
2.2250738585072e-308,0.65384104374822,0.0102708774433365
3.33333333333333e-05,1.43164417869772,1.47974333655124
14.1,1.43164417869772,3.84616222653561
62.7,1.43164417869772,20.958355930747
46.3,0.598713116637646,0.153580733721352
25.2000333333333,1.43164417869772,4.78330775417893
21.1000333333333,0.65384104374822,4.53285394146862e-06
20.3,2.85013425191502,1.88084660607054
13.2000333333333,1.43164417869772,21.9718308778559
12.7500333333333,0.65384104374822,7.93743909324905
14.7,0.320642073462975,6.33349733486431
20.9000333333333,0.320642073462975,0.0430245157315443
3.33333333333333e-05,1.37386557106036,0.762569677585339
65.9333333333333,1.43164417869772,0.00953092955193848
15.3,0.320642073462975,21.5625082945482
18.3333333333333,0.598713116637646,0.0335925460929512
44.3666666666667,0.320642073462975,16.7413823454871
15.3,1.00664335993731,16.5341697521395
14.6,1.43164417869772,10.9523184314385
3.33333333333333e-05,5.31812204245563e-07,2.62201988703925e-38
13.3,0.598713116637646,4.54600764512234
2.2250738585072e-308,1.43164417869772,10.7027968109396
19.9,0.65384104374822,10.1113234824048
13.4666666666667,0.320642073462975,0.495892591001419
12.8,0.320642073462975,5.17896419947119
18.9000333333333,0.65384104374822,14.7547717182614
38.75,1.43164417869772,22.9834104084537
23.7,0.320642073462975,17.6686364659283
18.6000333333333,0.598713116637646,18.6888502162312
28.2666666666667,0.65384104374822,2.18107880781335
12.2000333333333,1.43164417869772,2.47420283496408
14.4333333333333,0.598713116637646,2.66735991759042
16.75,1.43164417869772,2.77594800627344
9.70003333333333,0.598713116637646,1.07269878569052e-06
25,0.65384104374822,4.58174576919924
25.8333333333333,0.001614759328833,0.0502571112737518
46.25,0.598713116637646,0.104379943881272
15.0333333333333,0.320642073462975,2.26331502061898
3.33333333333333e-05,0.65384104374822,8.5195427988362
48.3,0.000149623732699881,0.016012112795087
40.2,0.598713116637646,0.245101298275847
31.9333333333333,0.0204262251094727,11.7286023600893
5e-05,0.0228875855024847,7.81432355951095e-07
76.0333333333333,0.320642073462975,9.03865993560004
14.0666666666667,0.598713116637646,4.6709920960371e-05
16.9,1.43164417869772,32.8144139734784
47.1333333333333,1.43164417869772,10.4641621811346
37.0666666666667,0.65384104374822,4.70236335105825
12.7666666666667,0.0440876888303242,6.39361284572234
5e-05,0.598713116637646,3.42194047786378e-26
36.8666666666667,0.320642073462975,0.0272067187983635
13.2500333333333,0.598713116637646,1.91088475111517
27.55,0.320642073462975,0.443489820231521
3.33333333333333e-05,0.15115070987191,2.86382096644637e-07
3.33333333333333e-05,0.0167551305639099,0.686622391078256
20.0333333333333,1.43164417869772,1.97394134039426
9.30003333333333,0.320642073462975,0.0120346854148163
17.9500333333333,0.320642073462975,2.31055062808085
12.8000333333333,1.43164417869772,9.44055430283121
34.5333333333333,1.43164417869772,0.634936938045762
3.33333333333333e-05,0.65384104374822,0.10720193242815
11.1500333333333,1.43164417869772,2.43117110458161
19.6,0.65384104374822,9.12561897553087
16.0666666666667,170.08366989578,2.95678373393059
21.7,1.17586677796068e-05,0.0111259329956414
15.1333333333333,0.65384104374822,0.130963080424711
14.7500333333333,0.320642073462975,0.82174370931877
32.7,5.23821201317801,4.6389571082776
23.5,0.320642073462975,9.64267609817352
30.45,0.65384104374822,10.9984487798033
14.6000333333333,0.284100854396506,0.0375921964901861
20.5,1.43164417869772,0.702906093273746
41,1.43164417869772,15.0521040994625
13.2,0.000320373052788278,0.840642869095648
31.4666666666667,0.320642073462975,1.55813236245072e-12
22.85,1.43164417869772,19.5225103936565
3.33333333333333e-05,0.000134781567601314,0.505862955078899
11.7000333333333,0.320642073462975,6.79114140592833
36.45,1.43164417869772,0.0236086319315381
29.2333333333333,0.320642073462975,3.85816118641073
3.33333333333333e-05,0.320642073462975,0.276481752578923
14.5666666666667,0.320642073462975,9.60238861410691
19.3333333333333,0.320642073462975,4.18760435819592
3.33333333333333e-05,0.65384104374822,7.43206705468261
13.15,0.65384104374822,0.00251395053683752
11.0000333333333,1.43164417869772,1.02796729051701
21.6,0.65384104374822,4.05024578810013
5e-05,0.65384104374822,2.83536471593472
45.7666666666667,0.320642073462975,19.9775948171153
35.2666666666667,0.598713116637646,0.24755876033525
86.9,0.65384104374822,0.507635783553977
3.33333333333333e-05,0.0020223893724721,0.0108661915824919
41.8,0.00374470634634747,28.6675511207011
37.8333333333333,1.43164417869772,9.3082945476576e-10
17.2,1.43164417869772,0.0734120596501794
51.4333333333333,0.598713116637646,28.6905676562387
24.7,0.320642073462975,1.57809736101286e-11
15.4000333333333,0.598713116637646,8.21726939387191
3.33333333333333e-05,0.320642073462975,4.69865880147527e-15
20.8333333333333,0.598713116637646,4.00012423668751
57.4,0.65384104374822,0.0227094410082397
13.7666666666667,0.598713116637646,0.00657610143334188
14.10005,1.43164417869772,4.48335825673354e-09
12.1,3.28469190801066,9.03763690554334
46.3666666666667,0.598713116637646,0.893143082009771
73.95,0.598713116637646,7.20558717897629
20.8666666666667,0.65384104374822,4.33355238022103
3.33333333333333e-05,0.65384104374822,14.3140477098152
3.33333333333333e-05,0.143708364126679,1.37587368792678
11.2,0.598713116637646,7.52455140449011
35.1,0.65384104374822,9.00326071300224
33.3,0.598713116637646,0.000246010035397364
16.5000333333333,1.43164417869772,1.43941912630892
30.1333333333333,0.320642073462975,7.45236040097781
2.2250738585072e-308,0.598713116637646,0.040042367757987
31.7,0.320642073462975,2.4600197630136
25.3666666666667,1.43164417869772,7.28847460205468
34.9666666666667,0.598713116637646,6.20774763283869
35.7,0.598713116637646,3.72182328625951
15.0666666666667,0.0155842370695375,5.93465391787908e-05
180.6,0.167636056888176,9.69637806215532
23.6,1.43164417869772,2.66906545671346
17.5666666666667,1.03905469863684,3.53857727403038
19.1,0.320642073462975,0.340034337688469
11.4333333333333,0.00820313453276437,1.35671006307377
48,0.65384104374822,4.75161599079513
11.5,0.598713116637646,6.57313495863278
14.5666666666667,6.2542552268243,2.97537434730916
40.45,0.65384104374822,0.0504454749125631
35.4333333333333,0.320642073462975,1.11769583075938
12.2333333333333,1.43164417869772,4.11253062680019
17.7500333333333,0.320642073462975,2.40025753189004
23,0.320642073462975,0.0658707141095172
11.2333333333333,0.65384104374822,1.42342717472799e-05
18.5666666666667,1.43164417869772,4.09139167204983
11.8000333333333,1.00479429197521,2.70751373153057
13.4666666666667,0.598713116637646,2.27115955203865e-09
22.3333333333333,0.320642073462975,0.00803566358288931
24.4,0.65384104374822,0.00113452375068054
25.6333333333333,2.57270548153821,16.4476288683082
13.1,0.65384104374822,1.1889049036761
28.8,0.331696081729515,3.9302048203465e-13
5e-05,1.43164417869772,0.180012451055486
3.33333333333333e-05,0.65384104374822,1.62428786709433e-07
5e-05,0.0025887272699231,0.00136299067740261
96.9666666666667,1.43164417869772,4.43650210927763
9.55003333333333,0.65384104374822,3.48485388877089e-49
3.33333333333333e-05,1.43164417869772,7.19936733001263
29.2,0.598713116637646,1.7275912812678
10,1.43164417869772,6.58879708619568
3.33333333333333e-05,0.598713116637646,0.0854564868229395
18.2,0.320642073462975,0.00462882555219962
14.6,0.320642073462975,0.315726287064163
21.2666666666667,0.598713116637646,1.30000512082603
17.7666666666667,0.65384104374822,3.52667282588499e-17
13.4333333333333,0.598713116637646,2.05119476612003
34.9666666666667,1.43164417869772,4.45608725522496e-06
13.3333333333333,0.65384104374822,0.109257473069324
12.1666666666667,1.43164417869772,1.32756102303453
13.8,2.04429780497713,2.2664798051064
11.3,0.65384104374822,3.09695666195932
14.7666666666667,0.598713116637646,0.086673897075871
17.4333333333333,7.94470878797046,5.96234726116112
3.33333333333333e-05,0.147713176694812,5.98219194102664
3.33333333333333e-05,0.00163615940014686,0.0367130517653025
18.8666666666667,24948.1916709203,3.31195636847645e-10
16.6,0.320642073462975,4.51740706861701
41.9333333333333,0.320642073462975,12.7685885765684
20.8666666666667,0.320642073462975,7.49286602350691
33.4,0.65384104374822,14.4169531160512
62.8,1.43164417869772,0.0373403351155049
25.9333333333333,0.65384104374822,11.549466012186
69.1333333333333,0.598713116637646,0.118689776910333
13.5333333333333,0.598713116637646,3.2486457906467
17.2666666666667,1.09410020054674,16.029222592308
14.8,1.43164417869772,12.0729029665125
3.33333333333333e-05,0.320642073462975,2.94588125658007e-25
11.3,0.598713116637646,1.37217786488916e-24
47.8666666666667,0.320642073462975,2.71654746887905e-05
18.9333333333333,0.65384104374822,2.48618775940536
20.0333333333333,0.65384104374822,2.83458419736314
20.05,0.320642073462975,2.33873764955865
3.33333333333333e-05,0.65384104374822,0.28739695246609
3.33333333333333e-05,0.65384104374822,0.237650226805573
11.0500333333333,0.028068862546127,6.82241105514404
28.2666666666667,0.598713116637646,6.08456891878578
12.4666666666667,0.65384104374822,0.0139685321622357
10.8,0.191699668712465,1.2411812298374
3.33333333333333e-05,0.598713116637646,0.0134742390133957
14.9500333333333,0.598713116637646,4.55739176358749
55.5,1.43164417869772,1.16902339974881
16.3000333333333,0.598713116637646,1.73739504493168
19.4666666666667,0.65384104374822,0.212896651265064
39.6333333333333,1.43164417869772,20.1203717825377
3.33333333333333e-05,0.65384104374822,0.0283562654689921
19.3333333333333,0.0098539234780212,1.07134132366291
24.0666666666667,1.43164417869772,1.10691774820922e-11
16.3333333333333,0.65384104374822,0.59856799542049
23.7333333333333,0.598713116637646,0.0082754633092709
16.8000333333333,0.598713116637646,7.18715682552982
21.3666666666667,2.56196749765739,3.25866121316128
15.2666666666667,1.43164417869772,2.09854014371928
18.8000333333333,0.598713116637646,0.0163651398918888
19.4333333333333,0.598713116637646,4.95881354789703
25.9333333333333,0.320642073462975,4.28288811580553
14.8,0.0172537037115442,0.0703625610296853
17.3333333333333,1.43164417869772,10.3871500781472
21.7333333333333,0.65384104374822,0.00965330096629941
15.0666666666667,0.320642073462975,0.202929697338201
12.5000333333333,0.65384104374822,0.929457094384858
16.0666666666667,0.65384104374822,1.97965995033917
18.9500333333333,0.65384104374822,0.728586781667461
5e-05,0.598713116637646,0.0217020559257542
14.0500333333333,0.65384104374822,1.88119845848964
62.9666666666667,0.598713116637646,0.0622799392334549
26.45,0.65384104374822,4.86419092578446e-05
33.4333333333333,0.65384104374822,0.299459606151948
19.9333333333333,0.320642073462975,3.28387906176174
17.9333333333333,0.598713116637646,7.31140180612745
15.35,0.598713116637646,3.81999539840323
39.4,0.320642073462975,3.47412866121691
3.33333333333333e-05,0.65384104374822,0.29581081433038
3.33333333333333e-05,0.320642073462975,0.00604989019043926
20.3000333333333,0.598713116637646,5.90776176619341
15.8666666666667,0.320642073462975,3.16709695326132
48.7,3.06555459002425,7.00143510918893
15.8333333333333,0.65384104374822,2.9446879999266
10.9333333333333,0.0286948506280086,2.97982498295706e-09
44.5666666666667,1.43164417869772,4.34808904076465e-05
3.33333333333333e-05,0.65384104374822,3.71876664311837
16.1500333333333,1.43164417869772,1.19183160842207
5e-05,0.598713116637646,22.7124107236591
3.33333333333333e-05,1.43164417869772,0.527838744960193
26.75,0.598713116637646,6.85963421705884
2.2250738585072e-308,1.43164417869772,0.0155901404202783
33.3333333333333,1.43164417869772,0.600324824768565
17.1,1.43164417869772,5.63376833472879
5e-05,0.000316925813981256,0.0422343692688259
41.1,0.128532670948513,40.5766446677968
19.5,0.65384104374822,5.58657886063574e-06
30.95,0.320642073462975,0.169112750076459
13.3,0.320642073462975,0.341291847911094
59,5.38834002375155,19.6634135009515
25.5,0.320642073462975,2.69795171435656
21.4333333333333,0.65384104374822,0.40818476771496
28.9,0.0109607461480274,15.7057515754291
30.8,0.598713116637646,5.18158518282076
105.833333333333,0.960721765659887,4.69501418969708
17.8333333333333,3.58460446858503,4.21858874745296
19.1,1.43164417869772,0.00110565020025223
21.9333333333333,1.43164417869772,4.95070897743715
3.33333333333333e-05,0.598713116637646,0.563819414566356
16.3666666666667,0.0105593734966422,2.23709327263025
14.1500333333333,0.65384104374822,9.02422301775585
23.6333333333333,0.320642073462975,0.37828407412594
19.6333333333333,0.598713116637646,0.626964524238703
10.3500333333333,0.974394394264452,3.30363218307719
16.55,0.65384104374822,7.85941551589391
33.8333333333333,1.43164417869772,3.35436764103082
39.1000333333333,0.21687466612064,0.578789098576193
5e-05,0.65384104374822,7.545727602318
45.1666666666667,0.0267815616879639,2.56579559507299
15.4,1.43164417869772,13.4180387474127
61.3666666666667,1.43164417869772,34.2137707457562
18.5666666666667,0.320642073462975,7.57717199967818e-09
50.25,0.320642073462975,0.394486005175772
18.3,0.65384104374822,4.85422469563911
16.5,0.598713116637646,1.22321356660286
3.33333333333333e-05,0.65384104374822,0.142216837143432
16.7666666666667,0.320642073462975,9.00559420934162
85.2666666666667,0.389563654380507,2.62307491580759
17.2333333333333,1.43164417869772,8.4344103960934
16.1666666666667,1.43164417869772,32.8688351800356
41.9666666666667,21.7260260386942,3.27509582463746
18.7333333333333,0.65384104374822,7.49119839463661
14.2333333333333,0.65384104374822,8.0303124586538
17.3,1.43164417869772,2.09541294445639
21.5333333333333,0.207388248630136,0.00443201940403249
34.05,0.320642073462975,3.6635002014579e-17
18.8,1.43164417869772,0.317328701766081
13.9666666666667,0.65384104374822,0.000210979927099863
26.4,1.43164417869772,0.282918309959984
55.9333333333333,0.598713116637646,3.44165686525351
25.1333333333333,1.43164417869772,0.572668227454933
25.1666666666667,0.598713116637646,8.97867512487688
25.0333333333333,0.598713116637646,3.1058361575628
3.33333333333333e-05,0.00117565474809847,0.819298083160134
13.1,0.65384104374822,22.0959000334053
29.35,1.43164417869772,0.00515694016798589
33.3333333333333,0.65384104374822,6.66106732134075
32,0.0536091069339967,19.9898433719652
24.9333333333333,1.43164417869772,1.1221400441166
58.2333333333333,0.65384104374822,2.5015122106744e-05
15.5333333333333,0.598713116637646,0.503632635023716
33.9,1.43164417869772,0.132927842240032
19.9333333333333,0.598713116637646,1.09875700527032
11.3333333333333,0.598713116637646,6.4306182079194e-05
3.33333333333333e-05,0.320642073462975,9.26621803885115e-05
20.8,1.43164417869772,6.72503638533908
16.5333333333333,0.65384104374822,6.12380263412942
23.5666666666667,0.65384104374822,0.358490682457965
36.4,0.598713116637646,11.7234813872658
35.25,0.320642073462975,0.108311572317005
46,0.65384104374822,21.8346900375997
74.7333333333333,0.0996586043951046,17.7138781646364
5e-05,0.598713116637646,4.74229767464296
57.0666666666667,0.65384104374822,36.0585709238528
29.3333333333333,0.00175795135736527,3.67651224417797
20.9666666666667,0.598713116637646,1.41012503512891e-21
27.2666666666667,0.00113613282714609,0.0829083169325399
44.4,0.320642073462975,3.70028230554545
10.95,1.43164417869772,0.231744892454267
11.7500333333333,0.598713116637646,9.76280861332543
43.9,0.65384104374822,1.09611125768007e-06
31.1,0.65384104374822,1.9198371649298e-05
32.8,0.885183757647363,22.2258039650026
13.9333333333333,1.43164417869772,0.00432769874476993
36.95,0.066647957366956,2.64150653321448
60.9333333333333,0.320642073462975,1.70425025404302
12.7,1.43164417869772,3.24764583396193
23.9,0.000451047309578127,3.86343722101854e-21
131.2,1.43164417869772,45.502484612791
26.7333333333333,0.65384104374822,1.47354104645837
14.0333333333333,0.598713116637646,5.16384843553309
2.2250738585072e-308,7.49802674983959,10.6840459604183
19.1666666666667,0.598713116637646,2.25555840185313
14.9,0.598713116637646,3.40246975213778
32.1,0.320642073462975,39.5217619718478
44.2666666666667,0.320642073462975,6.17877574121651
19.2,0.65384104374822,4.13539650518904e-06
153.333333333333,0.781308431235289,13.2452766064189
3.33333333333333e-05,0.320642073462975,5.14978998170328
15.4500333333333,0.65384104374822,0.000249944562917562
13.8,0.598713116637646,12.0262167051317
14.55,1.43164417869772,6.140116653127
14.1,0.65384104374822,0.0091437679272687
17.1,0.320642073462975,0.071268087729772
28.7,0.598713116637646,12.9536871699348
37.2666666666667,0.598713116637646,10.381863512227
25.5666666666667,1.43164417869772,24.4007913270362
12.7500333333333,0.598713116637646,3.13433100726111
50.1,0.598713116637646,31.4342267006491
35.1666666666667,1.43164417869772,1.22924839080117e-06
34.6333333333333,0.598713116637646,1.15391375134072
33.9333333333333,1.43164417869772,19.4004590790594
55.6,0.320642073462975,3.39844510437444e-07
60.4,0.598713116637646,13.9893244937655
39.1,0.65384104374822,21.3344783894891
30.6,0.320642073462975,40.0911739800838
3.33333333333333e-05,1.43164417869772,4.70744258580115
55.9333333333333,0.65384104374822,4.65433996443576
46.7,0.320642073462975,4.34689226483537e-05
18.0666666666667,1.43164417869772,7.66600128510821
19.6000333333333,1.43164417869772,2.27660123212706e-12
66.2,0.598713116637646,29.5744609776573
14.8,1.43164417869772,0.00241030558612585
13.6666666666667,0.598713116637646,0.820385859131009
26.1,0.320642073462975,0.237408138443368
47.6,1.43164417869772,42.0706126140814
66,0.598713116637646,11.2200331504498
15.5666666666667,0.320642073462975,0.0065001890834574
75.85,1160.09252038195,4.54415045832006e-06
3.33333333333333e-05,0.0327773397907797,0.0215671264486579
21.6333333333333,0.598713116637646,7.41717812719733
27.8,1.43164417869772,0.00184141284052307
31.5666666666667,1.43164417869772,43.9794792571994
34.5,1.43164417869772,38.1636522706425
26.1333333333333,0.598713116637646,5.65990327255484
23.2666666666667,0.320642073462975,0.0212832886863747
38.3,0.65384104374822,2.26363274684178
87.9333333333333,0.320642073462975,5.37290835714782
46.9,0.320642073462975,0.0549465321643834
39.5333333333333,0.65384104374822,43.8602883478343
17.6,1108.61763554761,11.9933550838709
48.2666666666667,1.43164417869772,38.5883473613295
14.1,0.598713116637646,0.00291892311969968
22.7333333333333,0.65384104374822,11.8733297416383
21.7666666666667,3.59248217776967,15.9824075466629
73.6333333333333,0.598713116637646,0.0583626459691004
16.3,1.43164417869772,5.22303953325055
17.1333333333333,0.00138033853354453,0.187678365523319
121.75,0.203415696406166,1.7365299038022
10.8000333333333,0.598713116637646,0.164905935559161
24.7333333333333,0.598713116637646,2.44755444548987e-52
40.7333333333333,0.598713116637646,0.00580615455344908
19.6,0.320642073462975,7.94050643247879
20,0.320642073462975,14.7884782393835
62.5,0.320642073462975,0.242114664646354
47.25,0.0014282744438626,42.025145469541
13.8,0.65384104374822,16.2733263371699
12.6666666666667,0.598713116637646,4.72460419880509e-12
44.1,0.598713116637646,0.000190740558367875
34.9666666666667,0.598713116637646,3.55446604152478
43.7,1.43164417869772,22.0067673460686
50.1666666666667,32.4674820465355,27.8769369927553
29.3,1.43164417869772,19.0612381666333
126.4,1.6649675898482,2.55813159658559
11.6666666666667,0.00791534592839305,0.00511411825436402
18.8,0.598713116637646,1.10817987878609
19.7,1.41109846268999,1.65901409256475e-06
45.05,0.65384104374822,4.89467441954372e-05
37.8,0.320642073462975,0.00849178079839103
15.2500333333333,0.598713116637646,2.83193456120707
39.35,1.3148088385428,36.2923886336438
49.9,0.0433924094822648,0.564736972256271
40.25,0.65384104374822,21.5820874658563
28.35,1.43164417869772,21.2266114885272
53.35,0.598713116637646,26.0396429944116
61.35,0.598713116637646,36.1750120838191
31.8666666666667,0.598713116637646,0.993349843362653
78.8,0.65384104374822,2.09085234507849
76.6,1.43164417869772,33.696161663643
67.35,0.598713116637646,8.71413013751189
13.9000333333333,0.598713116637646,4.07703539208573
100.3,467.130855931085,2.30638992416001
48.3333333333333,1.43164417869772,4.68873029932313
73.15,0.598713116637646,21.7160931541911
104.85,27.1449110098211,20.824759838994
16.0500333333333,0.598713116637646,2.29351935583688
20.2,0.598713116637646,1.44271960059895
49.7,0.65384104374822,2.18305079342007e-09
58.6,1.43164417869772,32.1438145966376
11.0666666666667,1.43164417869772,17.2316630843999
19.5,0.320642073462975,1.72479645740877
33.35,0.320642073462975,23.5273493040465
14.5333333333333,0.742287960340665,6.50430732015167
33.3,0.320642073462975,8.16453866852236
44.45,1.43164417869772,43.9589867770151
68.3666666666667,0.598713116637646,11.2397761662213
17,0.65384104374822,2.28628913863954
28.6666666666667,0.65384104374822,6.00848725530714
21.7333333333333,0.65384104374822,12.9244501833653
28.5333333333333,0.0757979508294881,19.6502729298717
80.3333333333333,0.65384104374822,31.3738842337597
45.85,0.320642073462975,24.2028637993472
17.9333333333333,0.598713116637646,0.0818110485610459
31.3666666666667,27.5991581158574,36.6890120568317
35.3666666666667,82.1417337750338,0.0063710517884681
36.7666666666667,0.65384104374822,1.00802468803062
25.8,0.65384104374822,1.84641907260304
5e-05,0.65384104374822,0.00590499532983857
12.8000333333333,1.43164417869772,0.0050521178103398
33.8666666666667,17.4510524663256,13.3737225014503
37.55,0.65384104374822,1.13477364298083
27.7333333333333,0.598713116637646,28.9807041207714
17.7,1.43164417869772,12.1303492305307
33.95,1.43164417869772,34.5390197945078
55.55,0.320642073462975,38.9954034834374
61.95,0.65384104374822,0.022380471319556
37.2333333333333,0.65384104374822,25.3610461331717
18,705.859014956121,0.466485601390636
29.65,0.65384104374822,12.7128367920405
24.2,0.65384104374822,0.920635895048542
32.65,0.598713116637646,38.5635637261448
58.2333333333333,0.320642073462975,14.9083713935598
62.2333333333333,0.320642073462975,0.984858799293686
56.3,0.65384104374822,0.726194185729458
60.45,1.43164417869772,25.5027956205153
35.7,0.598713116637646,16.8818223767194
18.8666666666667,0.0342237369525291,1.82645016773383
23.1666666666667,0.598713116637646,14.3543689306435
54.85,0.598713116637646,35.6820738493285
19,0.320642073462975,1.66445992522081e-11
60.0666666666667,0.320642073462975,34.0432500914272
14.9,0.0162806219359222,39.0070953222728
32.3333333333333,1.43164417869772,10.6445691694381
39.5,0.320642073462975,13.2713648600922
35.5,0.320642073462975,6.40185937084896
59.1,0.65384104374822,0.458101673058424
16.6,0.65384104374822,40.4429707576163
57.45,0.598713116637646,40.0126110947543
67.1666666666667,1.43164417869772,2.54520884332115
28.3,0.65384104374822,0.00464002130778982
20.6,0.598713116637646,11.5393875655299
25.9,1.43164417869772,15.9486342721781
73.7666666666667,1.43164417869772,2.87983321531743
66.1333333333333,0.598713116637646,4.4990797054788
15.0666666666667,1.43164417869772,22.3444683835552
121.3,0.598713116637646,25.8401963040738
68,1.43164417869772,40.1068729490805
25.05,0.0803962929755984,19.5324856744747
32.2666666666667,12.2533285306301,4.67896956481272
9.6,0.598713116637646,1.4135412327699
18.3,0.424295810380169,0.737264277203228
32.0666666666667,0.598713116637646,12.6229958804466
35.25,0.320642073462975,23.7796544099609
29.75,0.65384104374822,34.3339126681968
84.25,0.320642073462975,29.7165398113584
32.55,1.43164417869772,40.7788720045409
15.1000333333333,1.43164417869772,8.12544708986451
12.0000333333333,0.65384104374822,5.85123748354055
13.1666666666667,0.320642073462975,16.8448212787548
20.8,5.54588334015808,15.744192900351
36.75,0.598713116637646,2.55910295121143
26,0.320642073462975,0.000108256277488295
51.6666666666667,0.598713116637646,25.1335002973214
30.55,0.598713116637646,1.18870162675861
47.65,0.320642073462975,41.3394124811919
38.55,1.43164417869772,41.972177200484
62.7333333333333,1.43164417869772,31.970926221384
3.33333333333333e-05,0.598713116637646,2.28694715240374
20.9,10.7272417536123,12.7216751681595
12,0.65384104374822,6.89989101928542
95.2,1.43164417869772,0.235527179953693
33.35,25.2420515435425,0.0419886072641052
106.1,5.60006690417708,5.54177033361966
46.4,0.320642073462975,12.0688840839214
30.2333333333333,0.598713116637646,8.90226460343994
12.1500333333333,1.77582713559862,4.51379172197311
13.35,0.65384104374822,16.8819608215068
17.15,5.27431710147049,7.14494389430161
55.1,0.65384104374822,43.5952571454936
25.2333333333333,0.65384104374822,0.212369430621941
56.95,0.598713116637646,14.0825950278798
35.15,0.184169446761851,35.3101717576265
60.8,0.598713116637646,31.4783873440282
30.5666666666667,1.43164417869772,9.01053394999268
28.6,0.598713116637646,4.89019442643161
234.7,0.65384104374822,24.1821445392062
16.35,0.598713116637646,4.53172988107705
20.5,0.320642073462975,18.0618463020644
38.55,0.598713116637646,58.4415227255416
87.85,0.320642073462975,0.00018921542748576
20.1,1.43164417869772,25.3323526821297
105.733333333333,0.901767194173356,0.257172375613248
56.2,1.43164417869772,27.872981965527
3.33333333333333e-05,0.320642073462975,8.38185108968189
28.4666666666667,5.36622838107316,15.5887399998045
38.85,0.564335039342222,17.943980516662
30.1333333333333,0.320642073462975,1.42297018486862
66.5333333333333,0.598713116637646,19.2435868583784
45.45,1.43164417869772,33.44702648076
50.8666666666667,0.65384104374822,0.769027180444749
42.2,12408.1852261613,38.1264553704646
21.1,1.43164417869772,39.2247311012528
43.5333333333333,0.000396100191979526,15.1724444762849
13.6500333333333,0.65384104374822,0.583434526928994
17.1333333333333,0.65384104374822,0.348723122873089
33.4,0.320642073462975,15.2451324757688
19.95,0.320642073462975,4.40480944146392
20.7000333333333,0.512498129917679,11.019384326104
12.3000333333333,0.65384104374822,1.48451859331796
32.8,0.598713116637646,26.7586924477548
20,1978590.83309585,4.38635273201535
16.65,0.65384104374822,0.00015772232770374
42.2666666666667,1.43164417869772,2.7007057241537
46.5666666666667,0.320642073462975,3.9487135215224
31.05,0.320642073462975,10.7679788658127
60.15,0.320642073462975,6.78221378677308
50.35,0.65384104374822,0.0479799119334332
26.2666666666667,0.65384104374822,16.1477464549588
41.9,0.00812524738702014,0.184382233623493
22.6666666666667,1.43164417869772,26.9541536119138
19.7,0.65384104374822,5.1972457649199
16.0500333333333,0.598713116637646,0.330507677827812
20.35,0.65384104374822,4.32981923470593
20.7,0.320642073462975,0.107031800740067
34.0333333333333,0.65384104374822,0.00927694726868242
40.6666666666667,0.598713116637646,21.0346596363444
18.5,0.320642073462975,1.79155758912409
34.3,1.43164417869772,33.1027032483892
36.3666666666667,1.43164417869772,29.6447864431339
46.85,0.320642073462975,0.395641286132491
37.75,1.43164417869772,40.0775923600376
30.55,0.320642073462975,44.1915315725122
33.5666666666667,0.65384104374822,8.34296921297354e-05
42.2,1.43164417869772,24.6663173449472
22.6,0.598713116637646,0.11411188730068
20.3,11.7898853463148,0.101827047200773
11.9500333333333,0.598713116637646,9.4223652355812
53.4,0.598713116637646,0.0745582258680982
56.6,11.5938321731903,26.134885247386
19.6,0.598713116637646,2.05331435157022
94.85,0.65384104374822,7.7749031021343
60.7,0.320642073462975,3.7885005859883
73.2,0.320642073462975,37.8446854038706
18.5333333333333,0.65384104374822,36.9581740466737
61.8,0.320642073462975,0.169919292286775
13,0.320642073462975,16.4767373441297
53.55,0.65384104374822,36.3518530424424
21.55,0.320642073462975,32.7386521025041
55.3666666666667,0.65384104374822,2.51076053781959
40.2,0.598713116637646,38.4729540311103
85.55,1.43164417869772,23.4449261461081
76.0666666666667,1.43164417869772,18.2219623812582
25.7333333333333,0.598713116637646,9.86763272169172
39.65,1.43164417869772,42.9687257553747
64.65,0.65384104374822,4.67012890680148
47.9666666666667,0.65384104374822,13.8210930577984
97.6,1.43164417869772,41.5864652721621
22.6,0.598713116637646,7.26057944709238
21.5,0.65384104374822,1.46887172655152
25.25,0.0770847155472155,29.5950736610851
74.35,0.598713116637646,2.07627399583092
24.7,0.598713116637646,15.4602383653007
30.55,0.598713116637646,2.86595646034052
44.45,137.80924689498,7.43732994717098
40.5666666666667,0.65384104374822,22.0913132434699
42.5,0.320642073462975,3.25609854311392
44.85,0.598713116637646,12.3714866891014
31.7,0.598713116637646,45.9457905876095
27.45,0.320642073462975,25.3706258949917
16.3,0.65384104374822,35.5973749843215
37.4666666666667,0.320642073462975,3.64790073515773
71.55,0.598713116637646,7.01093816344713
28.3333333333333,0.598713116637646,0.502061610038728
54.9,0.000412052543332277,22.95561032452
33.3333333333333,1.43164417869772,21.1642689959338
42.3666666666667,0.65384104374822,7.73013746687349
50.3333333333333,0.598713116637646,11.5352618693979
18.05,0.65384104374822,17.9278800915301
26.7,0.583774195447388,22.4037579682418
41.5333333333333,0.65384104374822,0.042341496598535
29.1666666666667,31.4689089986108,8.55889392020428
24.1,0.361410741252356,27.5463115770579
22.0666666666667,0.118219828639611,29.1334497150495
32.2666666666667,1.43164417869772,6.12477972963722
44.3333333333333,0.598713116637646,1.30026325053917
48.1,0.598713116637646,6.3207163936912
45.15,0.65384104374822,0.0773253790067221
36.5666666666667,0.361450385352585,30.8639610759728
68.9,0.320642073462975,7.75817644116437
19.7333333333333,0.1010586431356,0.32640171572005
70.8,0.320642073462975,12.1968960721086
40.75,1.43164417869772,13.1572091607793
155.45,0.320642073462975,27.34820240591
19.35,0.598713116637646,9.84952150076053e-09
20.5,0.65384104374822,9.56413895807224
68.45,0.320642073462975,20.5083869678364
62.8666666666667,0.598713116637646,23.4100438312273
40.95,1.43164417869772,37.5322463243837
33.1,0.320642073462975,1.39482005221209e-05
63.7333333333333,0.65384104374822,6.98411900358563
31.8333333333333,0.158313099298595,5.10407078452218
44.6,0.598713116637646,3.10366780737205
126.366666666667,0.320642073462975,15.416662055299
40,0.65384104374822,6.17936608653335
38.3,1.43164417869772,28.6716622523212
34.4,1.43164417869772,40.0163432210147
46.7666666666667,0.320642073462975,11.5541813089132
51.45,0.320642073462975,36.1638692638918
14.8333333333333,0.65384104374822,1.99150103959696
81.7666666666667,0.320642073462975,42.4543343337514
37.1,210.410903945014,0.00118154921968135
29.9666666666667,1.43164417869772,6.01126504591613
38.1666666666667,1.8953182759147,38.1228066432962
39.2,1.43164417869772,25.4106950130225
94.9,2.42078309130308,18.1575680944348
36,0.65384104374822,24.7128999922562
44.95,1.43164417869772,27.1000312216581
68.65,1.43164417869772,4.86550053245658
58.1,0.65384104374822,22.0003395302791
102.8,0.598713116637646,2.41223667704127
32.8,0.65384104374822,0.236784581579097
45.2,0.320642073462975,8.40602831371665
53.75,0.320642073462975,0.244525444084151
48.55,0.65384104374822,0.139313755232852
112.55,0.320642073462975,23.2125157382158
55.95,0.598713116637646,0.256408337038098
45.55,1.43164417869772,15.265198119005
43.3,1.43164417869772,1.21501280163099e-05
36.1,1.43164417869772,32.6566120769117
60.8,1.43164417869772,17.5415454464955
30.6,0.598713116637646,0.520519851498553
23.6,0.320642073462975,0.0312648919659719
22.25,0.65384104374822,20.3532017096695
41.0666666666667,0.598713116637646,3.21987654691407
65.7,0.65384104374822,0.000238044663881
43.45,1.46509296320983,23.4158944380459
13.0500333333333,1.43164417869772,0.73548920661124
32,0.598713116637646,3.64195451486983
55.9666666666667,0.598713116637646,5.78090652779176
80.65,0.65384104374822,3.1348275864638
62.05,1.1512180709054,9.58001110443326
66.9,0.598713116637646,48.3197002002861
31.55,1.43164417869772,0.26091032498007
42.8,1.43164417869772,9.71131047105237
26.1666666666667,1.23767978221888,4.62092225698144
44.8,0.0591683286261126,0.197184485054054
82.7333333333333,0.598713116637646,0.46866749269201
17.6,1.43164417869772,0.365157324976488
27.3666666666667,2.24373586332208,37.502713264834
47.3333333333333,0.65384104374822,21.6719406991272
65.3,0.320642073462975,6.24761914533188
43.4,0.598713116637646,15.5672996021043
21.75,70.5895919030263,0.337472425666147
31.9,0.183613380184211,7.4882640209668
72.6,0.320642073462975,13.6147039816748
23.9,0.65384104374822,0.0905786473835801
41.0333333333333,1.43164417869772,38.0389769769575
70.8,0.320642073462975,27.9866371551408
56.2333333333333,0.65384104374822,0.246634057566018
72.9,0.65384104374822,0.767444794795955
44.7666666666667,0.320642073462975,5.64735561383137
49.95,0.231658486778554,3.63766438099024
47.8333333333333,1.43164417869772,33.5082055637544
21.9,0.65384104374822,20.4762449401477
80.9,0.65384104374822,25.2936920507757
37.9666666666667,0.320642073462975,0.366235719313471
107.8,1.43164417869772,7.57519067154311
43.0666666666667,1.43164417869772,36.9294629087991
44.3,2.58837286956141,6.72674406701441
16.7,0.320642073462975,0.106353584595976
27.6333333333333,1.43164417869772,23.917985229344
26.4,1.43164417869772,3.38741181527051
31.8666666666667,0.720125467745837,0.50815069789465
49.6333333333333,0.598713116637646,26.80518451864
92.85,107.607863607551,9.75328617121649
34.2,1.43164417869772,26.2720536681542
42.4,1850.76680501837,2.09745481548927
53.55,0.65384104374822,4.60434387125072
11,0.65384104374822,12.5332207371139
16.2333333333333,0.598713116637646,14.2725636685743
54.6333333333333,0.598713116637646,0.791669292489448
51.8,0.320642073462975,1.77516408358558
29.6333333333333,0.65384104374822,35.033436106274
77.05,1.43164417869772,18.8226270600878
14.6000333333333,0.65384104374822,15.8713452086387
103.45,0.598713116637646,4.54031191335884
54.5,0.598713116637646,30.8416983750494
101.55,45.4477257997257,11.2302137647178
32.9,0.598713116637646,10.0945179415218
64.1666666666667,0.598713116637646,41.4320880769095
87.2,0.65384104374822,2.36894694286158
23.6333333333333,0.320642073462975,14.8392128123368
20.3,1.43164417869772,6.90085643652941
41.7333333333333,0.65384104374822,39.0295823265157
44.5,0.598713116637646,27.7594765468943
17.1500333333333,0.65384104374822,17.5501394835319
120.166666666667,0.65384104374822,13.5494761865241
23.6333333333333,0.320642073462975,31.4762975112813
91.95,0.320642073462975,43.1889304267202
58.95,0.65384104374822,1.44063315000596
30.9333333333333,0.320642073462975,8.76476714191421
14.4333333333333,0.65384104374822,9.32516691151355
41.2333333333333,0.65384104374822,14.9321066061568
46.9,0.65384104374822,1.95354061144142
23.8,1.02228213906992,10.1215638477467
11.2,0.320642073462975,15.0797426557049
25.6,0.598713116637646,38.5644557690849
17.4666666666667,0.65384104374822,5.77425603277186
13.1,0.320642073462975,1.70981553791044
13.3666666666667,31.0380097926371,0.233074459928969
18.4,0.598713116637646,4.56657430200968
27.4333333333333,1.43164417869772,16.6998997735465
42.1333333333333,0.226396282847181,44.2876786747772
3.33333333333333e-05,0.00251909018569146,3.91900858258476
34,0.65384104374822,4.75246555849419
37.8333333333333,0.320642073462975,13.4470395561106
28.6666666666667,0.65384104374822,10.5451792871349
69.6666666666667,0.65384104374822,27.519570221195
25.75,0.65384104374822,1.59458578555838
11.55,0.65384104374822,1.62938107187685
11.4500333333333,0.598713116637646,1.79050190858012
40.25,1.43164417869772,36.1649595747379
3.33333333333333e-05,1.43164417869772,17.1270033727792
32.5,102.969318989192,8.52251273025993
14.3666666666667,0.65384104374822,0.0132548738334872
75.3666666666667,0.598713116637646,18.9846612966795
10.7000333333333,0.65384104374822,26.0500137794821
16.4,0.65384104374822,23.9608684029943
79.95,0.320642073462975,0.373305739213166
84.3666666666667,0.65384104374822,18.0073201942274
18.2333333333333,0.320642073462975,11.5100670774405
57.4666666666667,0.098433005919295,8.47823529069387
21.2333333333333,1.43164417869772,16.870249935712
43.0666666666667,9.32086161160118,7.35357579037747
85.2,0.65384104374822,35.2332804667847
41.4666666666667,0.65384104374822,1.4385918136302
54,3.76871281543676,0.0099965111847834
29.8333333333333,1.43164417869772,22.8048105818543
35.5666666666667,0.00279756335221773,6.56009467213104
109.7,0.00108919752848176,16.5493235001613
138,350.437692215512,14.3961253608009
44.35,0.598713116637646,43.7672992679138
85.2,0.882060661531415,50.0427745450169
94.3,0.65384104374822,6.51401882645349
39.35,1.43164417869772,14.3938350272401
48.3,0.598713116637646,45.1128532462455
121.4,0.320642073462975,4.11403722920488
134.85,1.43164417869772,32.4209130086547
45.75,0.000450566031665639,2.00754761491489
90.7,3.72375489281668,4.16957337653318
100.95,0.598713116637646,65.9508346431049
152.2,0.65384104374822,0.0468093234289252
47.9,0.320642073462975,17.0174720138191
123.95,0.399118864002175,35.0539682935944
100.8,0.320642073462975,72.6157002506562
105.7,0.320642073462975,44.5760721496527
46.6,0.65384104374822,1.784236101328
20.7,0.000279906579174876,0.000939792567646746
120.1,0.598713116637646,57.3245342778293
142.5,0.00326447030551458,36.2160451260138
19.3666666666667,0.65384104374822,38.7881296765841
63.7666666666667,0.00412977044307095,10.8327539205829
80.5,0.320642073462975,11.2954862708007
15.6,0.000175009952596345,3.20219532945869e-05
75.55,0.320642073462975,3.17701004176246
127.9,0.320642073462975,19.4111781268983
13.35,3.56132686206581,6.89890882989298e-09
40.5666666666667,0.598713116637646,24.9733515924351
152.2,0.320642073462975,0.0504764638984024
55.85,0.128958470208165,36.854563811915
144.85,0.320642073462975,56.4812494205723
43.7,0.65384104374822,2.93582483786242
26.65,0.65384104374822,27.4534962236955
114.05,0.598713116637646,69.0554981738982
27.5666666666667,0.65384104374822,0.927330260716402
25.25,1.43164417869772,22.3703067974457
66.85,0.320642073462975,28.2430282923098
36.15,0.320642073462975,1.03510264258828
59.8,0.598713116637646,54.308198616127
34.75,0.598713116637646,4.64713846585493
35,0.598713116637646,10.9040216103809
41.65,1.43164417869772,1.451822322632
69,0.65384104374822,2.16140178290307
99.8,0.65384104374822,59.9624595465364
29.4,0.65384104374822,32.4139492887423
37.25,0.598713116637646,36.1327532359661
16.2,0.65384104374822,17.653671838741
77.8,0.598713116637646,3.47195488534081
134.95,0.0721523620147209,35.7013533834803
15.7,0.320642073462975,0.00690891747617587
37.35,0.598713116637646,1.43077192228245
39.65,0.598713116637646,58.2781621571645
133.75,0.598713116637646,57.7402269315913
53.3,0.320642073462975,4.80796234306519
97.8,1.43164417869772,41.7556679263522
100.6,18.7183938825959,62.4981721647566
75.5,0.65384104374822,8.252863470453
5e-05,0.598713116637646,1.17851031023862
70.15,0.320642073462975,1.38988771058617
84.15,0.598713116637646,0.0031912888059667
60.85,0.598713116637646,0.282388910682496
17.4666666666667,0.0638477851994526,45.3044905427078
48.7,0.320642073462975,3.60411375652849
39.95,0.320642073462975,2.55938877914009
23.4,0.320642073462975,0.0379574581023495
130,0.869730403960609,4.94831550820749
69.95,0.598713116637646,50.1862353952885
23.8333333333333,2.01843564528095,19.8935136708984
69.2333333333333,1.43164417869772,26.6261572496896
43.7,0.598713116637646,14.8531383626073
115,1020.84392306716,1.09030850654227e-15
30.85,0.65384104374822,0.00778531536048885
67.35,0.598713116637646,0.00926634043405043
27.05,0.320642073462975,0.00352089768448129
113.15,0.598713116637646,0.183179349035419
31.7333333333333,0.320642073462975,31.1334021611756
78.7,1.43164417869772,5.43171389919373
22.9,1.43164417869772,8.12053655329751
60.8,0.320642073462975,39.5583371998145
54.2,0.598713116637646,13.5234206501147
56.6333333333333,1.43164417869772,11.282280000439
63.7,1.91424317338699,27.7937629698562
44.7,1.43164417869772,22.812520150113
14.2,0.598713116637646,0.339569754546426
118.25,1.43164417869772,0.058315298580782
11.6,0.320642073462975,14.1856112937219
83.5,3.14696688476956,37.6392593435461
62.35,0.598713116637646,29.4381164509903
42.7,0.320642073462975,0.987624914185756
55.9,0.65384104374822,0.264723634249529
22,0.65384104374822,1.04016383998176
58.75,1.43164417869772,49.8806634099969
77.45,0.320642073462975,35.641900925619
43.2333333333333,1.43164417869772,0.175657242361828
76.7333333333333,1.43164417869772,37.3343015563536
66.0333333333333,0.320642073462975,41.7274415017839
57.85,3.51267593709281,46.5400780062495
17.9,0.598713116637646,13.6318310573655
12.3666666666667,0.598713116637646,3.79658734534588
16.65,0.320642073462975,0.51891379814552
5e-05,1.43164417869772,0.0972456996062552
46.9,0.320642073462975,0.0051188458069625
59.4,0.65384104374822,0.510628172416596
82.6,0.65384104374822,52.9932557831603
55.5333333333333,1.43164417869772,8.19278623327557
55.4,1.43164417869772,2.36253573333153
55.8,1.43164417869772,16.3173684416386
63.0333333333333,0.320642073462975,65.1614593299496
19.85,1.43164417869772,28.178741300535
47.5,0.598713116637646,44.2461188950821
68.9333333333333,0.598713116637646,60.8559338460707
18.4666666666667,1.43164417869772,15.0131791001443
28.4,2.44239128259154,56.5488736721878
30.7,96.454064130197,35.522482134621
53.35,1.43164417869772,28.8132159354489
58.5,1.43164417869772,50.4037607336342
75.8666666666667,0.320642073462975,1.26877925137222e-16
62,0.289451380610874,54.0462365073363
101.733333333333,1.43164417869772,49.0881195658225
14.1500333333333,0.320642073462975,0.0035487548262357
31.3,1.43164417869772,36.7646267398295
24.8333333333333,0.083430229452664,30.5324889473224
14.65,1.43164417869772,8.1278638593677
46.8,2.01425153233711,14.406982105525
62.65,0.65384104374822,50.6448267152227
47.3,0.320642073462975,52.4962654920997
65.05,1.43164417869772,33.9395757224902
74.35,1.43164417869772,1.86198982189878
29.6,0.320642073462975,10.5224832819184
10.9500333333333,47.2416886130602,13.801535494726
52.8,1.43164417869772,39.999519800883
45.7333333333333,1.43164417869772,18.8552045779936
49.5,1.43164417869772,33.6205270553263
48.9,0.722608034332149,7.39867995621591
47.7,0.320642073462975,11.7949237341176
65.45,0.320642073462975,45.4134481455794
104.8,0.598713116637646,5.55640524819651
37.4,0.598713116637646,3.06533088914528
35.2,0.320642073462975,39.1219137506068
61.4333333333333,0.320642073462975,17.6764285589537
70.55,58.945649303166,0.0339619774079691
129,0.598713116637646,61.5164217858779
90.7,15629.6197353729,0.471064363153126
68.7,0.65384104374822,44.4684310979157
22.8,0.320642073462975,4.75230079895446
69.55,0.320642073462975,39.7131177183933
30.95,0.65384104374822,31.182566295038
42.0333333333333,21.8846714147028,0.0228858627736605
50.25,23.0551401690834,16.7370588664783
43.85,0.598713116637646,14.0752813087705
2.2250738585072e-308,1.43164417869772,25.4480441158003
40.65,0.65384104374822,19.5462378377317
28.1,0.598713116637646,25.9923035130816
59.75,0.320642073462975,10.7600608850819
86.9,1.43164417869772,28.3676466164006
32.8,0.65384104374822,0.0113473557664446
36.4,0.65384104374822,6.28776863838828
28,0.598713116637646,1.26662168296934
22.3666666666667,0.0712197404919596,0.992756648846686
30.95,1.43164417869772,10.1031816301671
62.5,0.65384104374822,31.9386221548328
58.7666666666667,0.598713116637646,11.2466423009096
63.9,0.598713116637646,1.58910138641109
150.2,0.598713116637646,11.0405329651628
22.5666666666667,0.320642073462975,18.7337361194119
59.7,1.77208034520877,56.6802958194708
21.95,0.598713116637646,25.3671401759508
56.2,1.43164417869772,24.7757029482998
28.2,1.43164417869772,0.908328534289811
38.5,4.67620365142606,36.2605517450846
36.1,0.65384104374822,38.5892301277697
19.7,1.43164417869772,9.96211598955961
16.15,0.598713116637646,4.08988123281516
46.9,0.320642073462975,29.4028449683238
29.05,0.598713116637646,25.9511870381114
79.1,13.3677153665061,32.8690007944171
46.3,0.320642073462975,24.7389143746448
36.4,0.320642073462975,5.14591514198424
43.95,1.89338172601613,2.28605340053766
30.55,0.598713116637646,33.7903159920863
40.2,434.152508412103,25.5804434304676
50,0.320642073462975,39.6985152009244
18.85,0.598713116637646,39.4173148625122
70.2,0.598713116637646,45.8718931733355
134.1,0.598713116637646,57.1203386034347
15.45,1.43164417869772,19.024015592296
66.8,1.43164417869772,28.8364932461212
40.7333333333333,0.65384104374822,0.00224582641189948
28.95,2.32783325397909,16.3190300027501
51.05,0.65384104374822,0.175037522885579
62.2333333333333,1.43164417869772,20.3855013638004
45.6,0.65384104374822,45.7802438960835
53.25,1.43164417869772,35.0971716924173
15.75,0.81826231774968,15.0307634955676
21.2,2098.32488686698,43.2115179844123
45.05,0.320642073462975,0.0434708589441892
12.3,0.320642073462975,0.0670532028205733
69.2666666666667,0.320642073462975,48.3116345542123
61.65,0.320642073462975,24.9469341834622
72.1,2.87425742018583,41.6595029634724
37.25,0.65384104374822,36.9757309254967
70.8,0.65384104374822,32.4921120104833
95.2,0.65384104374822,12.627756093924
86.75,0.65384104374822,0.36581095571209
18,0.102099261372156,17.7695043666135
54.1,0.598713116637646,30.4807270334404
54.7333333333333,0.598713116637646,38.9705003477313
28.1,0.65384104374822,3.9003562192724e-06
54.1,0.320642073462975,37.4487277355404
51.4,1.43164417869772,22.3705552448789
20.65,0.65384104374822,10.2307668409419
51.05,14.3256718918615,34.6610680400908
52.65,2.53759143300033,25.5965489663393
77.05,1.43164417869772,29.0459730856118
17.3000333333333,0.320642073462975,12.6882104606986
15.5333333333333,0.598713116637646,1.80959147391676
11.5,0.598713116637646,54.5325148351494
19.75,0.598713116637646,0.175765643135438
27.5,0.65384104374822,14.994624963172
106.4,0.320642073462975,25.761837021815
20.1333333333333,0.320642073462975,39.548135268929
64.15,0.598713116637646,41.5173090908488
44.9666666666667,0.290262251773589,14.6351929886187
64.8666666666667,0.65384104374822,15.2691251778362
77.9,0.320642073462975,38.7548930741808
23.65,0.598713116637646,17.4439397334831
25,0.598713116637646,3.65660206255165
54.8333333333333,0.65384104374822,5.23773104299699
26.6,0.598713116637646,23.3487668933526
69.25,1.43164417869772,32.9461197014875
21,1.43164417869772,2.60297124674234
23.35,0.320642073462975,7.6278977902172
47.9,34.0779362031894,12.2513444676786
38.25,1.43164417869772,45.461879895095
33.1333333333333,1.43164417869772,14.0042603341795
80,1221.18561916622,13.6942001233049
43.25,18.96440763371,1.9983670349032
84.35,0.320642073462975,6.91421495150765
65.4,0.65384104374822,0.235499013459419
12.55,0.598713116637646,17.6983067440965
103.75,0.598713116637646,28.9000363234251
35.25,0.598713116637646,34.8523913205207
59.15,0.598713116637646,2.75729189656415
12.0666666666667,0.320642073462975,8.60792901002131
56.7,1.43164417869772,38.1262337706433
26.8333333333333,0.0816559528389782,2.76332971648976
60.15,0.598713116637646,3.62195159431181
18.55,1.43164417869772,35.6056235390128
88.55,8.39613077799217,3.38028741143669
46.7,0.320642073462975,24.4478552796615
11.4,4244.53871612328,20.1946452234727
89.9,0.320642073462975,26.8627775849464
58.4,1.43164417869772,17.2298116504273
25.2666666666667,0.320642073462975,9.36932024536866
38.6,20.1955576293407,25.6139355367888
27.7333333333333,0.65384104374822,27.414212555284
26,9.37172359390721,14.6164479028447
42.75,0.65384104374822,41.0813815424058
86.3,0.598713116637646,39.264665061277
75.35,0.65384104374822,5.62530172597793
71.85,0.320642073462975,8.84035162457891
25,0.65384104374822,21.1602583770939
17.25,0.598713116637646,11.6825234981079
26.15,0.320642073462975,0.034521859149147
51.25,0.598713116637646,25.3073629066635
39.6333333333333,0.65384104374822,13.2697029076072
136.85,0.320642073462975,0.000735490848414484
22.6,0.320642073462975,7.40236232085233e-09
46.9666666666667,1.78629109203451,29.8054413597156
40.85,0.320642073462975,4.13340629575328
45.65,0.65384104374822,6.66002483606651
51.5,0.598713116637646,0.000580626350622368
53.4,0.598713116637646,18.8929331629685
21.85,1.43164417869772,28.5948295834988
12.9,0.320642073462975,0.0817620158013498
119.25,0.598713116637646,39.9636101239414
17.8,0.598713116637646,0.129383354669834
25,0.598713116637646,24.676177903833
41.65,0.21581083810575,20.387190829819
41.15,1.43164417869772,22.0115421068248
42.9,0.320642073462975,18.4596301310746
30.55,0.65384104374822,0.000747199534403316
10.6000333333333,0.598713116637646,2.67808119385909
55.2,0.65384104374822,16.8152989067853
43.65,0.598713116637646,43.7374880077153
67.5,0.65384104374822,37.9990675611194
26.95,493.090215997608,51.6750897948759
12.4000333333333,0.320642073462975,1.74148174528933
16.55,0.65384104374822,0.038106492091261
20.6666666666667,0.320642073462975,0.0315473499507906
54.1,0.65384104374822,0.233191811143157
79.85,33.2297975444281,14.5054687977097
53.9,0.598713116637646,43.8939316699136
12.4,1.43164417869772,4.10618701607197e-11
13.6666666666667,0.320642073462975,14.5688058984866
28.1,5.0796580680701,7.80183807579117
80.8,1.43164417869772,33.2928490623104
55.3,1.43164417869772,29.1101381422061
53.95,1.43164417869772,17.6876734156967
45.65,1.43164417869772,10.7047896949054
41.2,0.598713116637646,24.9809519358163
19.25,1.43164417869772,2.79608428742548e-17
95.6,0.65384104374822,7.30082367087286
19.05,0.598713116637646,6.87408398650175
74.55,1.43164417869772,25.7310799188259
26.5,0.320642073462975,7.24398531356474
61.2,1.43164417869772,38.6475829496394
2.2250738585072e-308,0.598713116637646,5.76822701542895
37.8,1.43164417869772,16.7492326312884
54.85,0.0503256795417001,56.3161992855483
45.35,0.65384104374822,2.25937293125719
50.8,0.598713116637646,3.82161396190816
58.35,1.43164417869772,13.1747605450596
32.5,0.598713116637646,49.7871255980203
24.65,1.43164417869772,45.5953227871828
47.95,1.50964151406878,0.262317074787776
55.7,1.38432101715514,41.880727655395
37.2666666666667,0.598713116637646,43.0401743949669
40.7,0.65384104374822,35.4644724999526
78.9,0.598713116637646,0.781609639986766
47.4,1.43164417869772,16.5713308410912
125.55,0.50380788900974,37.1759540992906
39.75,0.65384104374822,27.3509817702695
50.65,0.598713116637646,16.3620644573565
50.75,0.598713116637646,4.6417775703562
33.65,0.65384104374822,40.0540845014208
37.6666666666667,0.598713116637646,16.382548577415
69.9,1.43164417869772,13.7768092277245
19.0666666666667,0.598713116637646,21.1769067078917
104,1.43164417869772,40.2857062894091
8.25003333333333,0.320642073462975,17.4589793074416
27.3333333333333,13.327577784712,37.8246081450476
14.9,0.320642073462975,20.4092265117886
13.1000333333333,0.320642073462975,4.91659225331606
80.75,10.5790540439951,25.3088216866373
34.5,0.65384104374822,11.9292758659895
17.7666666666667,1.43164417869772,0.293309142266168
65.85,261.488992276858,53.3593261717996
48.4,0.598713116637646,9.89659120742775
22.9,0.601194897411077,12.400141138232
57.15,0.65384104374822,40.5376643906843
45.1,0.320642073462975,15.1487375950514
31.8,1.43164417869772,1.60266815350934
44.1333333333333,0.320642073462975,15.1610420453742
21.4,0.659228170983622,40.0612929922618
21.9,0.598713116637646,8.51262969318768
30.35,0.598713116637646,15.8849178064262
18.95,1.43164417869772,32.980128598221
60.25,0.65384104374822,3.02185706910185
15.7,0.65384104374822,17.8647061674812
122.8,0.65384104374822,0.628015089400724
63.2,0.65384104374822,0.000724080810788759
18.6333333333333,0.65384104374822,5.62889758330042e-10
16.1,0.65384104374822,1.91860649429427e-07
18.8,0.65384104374822,2.42269689632664
60.6,0.65384104374822,23.813194738312
25.2,0.598713116637646,28.1800464580116
90.7,19.8719307224108,14.0189447689271
35.6,1.43164417869772,0.477322813366391
61,0.701761651446134,21.4139342349952
20.15,0.320642073462975,3.8115986431452e-09
60.85,3.14405332691538,13.7387781589751
56.5,1.43164417869772,0.347062747911097
18.2666666666667,1.43164417869772,0.313878107605842
18.1,9.9519461699904,44.8618827187869
42.1,0.0243543482415576,0.259644145139731
25.1,0.65384104374822,1.28494877003159e-06
13.8,1.43164417869772,23.6858523848027
57.15,138.496917184926,31.8603528355639
40.2,0.320642073462975,19.6194736552384
28.7333333333333,0.320642073462975,20.6690191218478
76.3666666666667,1.43164417869772,43.7556619305842
68,0.320642073462975,0.940175477878535
11.7000333333333,2.09819164379533,7.99628966146303
28.5,1.8042548407465,0.132754059451875
56.75,0.598713116637646,10.5032212419292
45.0333333333333,1.43164417869772,2.77984796921951
45.2333333333333,0.598713116637646,37.3246868694461
57.75,0.320642073462975,46.0646504440086
17.5,1.43164417869772,16.0153566973928
2.2250738585072e-308,1.43164417869772,25.1806671203282
10.80005,1.43164417869772,0.0596464516533091
40.0333333333333,0.320642073462975,0.00117691292524066
63.65,1.43164417869772,47.3847072602746
88.1333333333333,0.65384104374822,13.4747690561822
49.6333333333333,0.65384104374822,1.60308785791798
47.35,0.320642073462975,0.00105712293860573
44.5,87.1940340066334,41.692876041011
11.3500333333333,0.598713116637646,0.491679379409945
12.3000333333333,1.43164417869772,0.442585032362089
30.7666666666667,0.320642073462975,26.2056474006436
22,0.320642073462975,2.84788765771019
20,1.43164417869772,2.0638878355892
59.55,0.65384104374822,29.3259326732957
21.95,1.43164417869772,0.218465820155195
47.25,0.320642073462975,2.17752004227811e-13
9.60003333333333,1.43164417869772,7.92385262059222
65.6,0.598713116637646,43.2309223231813
12.1,8.92035111846191,0.00917435057537529
95,7.10753133822406,0.0544986157149996
17.2,0.000116237032181579,1.39775074500984e-13
49.45,0.598713116637646,48.475698910068
19.4,19.9334613438396,17.9486328669995
37.4,1.43164417869772,16.6075444879854
32.25,0.65384104374822,33.2061280603847
55.6666666666667,0.598713116637646,0.00818919232416783
98.7333333333333,0.598713116637646,49.1245693220247
9.05,0.598713116637646,7.32766698627001
65.4333333333333,0.598713116637646,36.0714425256198
54.25,0.598713116637646,15.6313090053453
64.0666666666667,0.320642073462975,36.4003797628768
26.4,2.65128780365183,19.9418324093444
25.4,1.43164417869772,1.1043335925848
25.2,73.5820383951039,35.3856445884563
22.65,0.818012780532111,51.8396946271505
12.85,2.82928394814664e-09,0.000419013467309176
48,0.320642073462975,9.10653266560127
57.95,1.43164417869772,39.5567131324659
31.5,0.598713116637646,15.7511046341621
22.0000333333333,0.65384104374822,10.8614381228561
13.45,1.43164417869772,12.4674168816655
38.6,0.598713116637646,31.2789101124401
64.4,0.320642073462975,10.6126309412677
5e-05,0.320642073462975,0.904846981886914
9.7,1.43164417869772,8.11610019849708
32.9,1.43164417869772,36.2723020183899
138.6,32.4451829135915,0.102543513763179
14,0.320642073462975,7.071034610645
25.6666666666667,1.43164417869772,4.97099502897806
28.9333333333333,0.320642073462975,0.977927506184628
13.7,0.0341382528566598,4.34666849122664
15.7666666666667,0.320642073462975,10.8998739307062
41.25,1.43164417869772,3.18796346844754
33.0666666666667,0.65384104374822,1.27823422681606
27.8333333333333,0.320642073462975,8.2957764313213
25.55,0.320642073462975,0.540798593871709
21.2,0.000127951874776037,20.3561291024225
12.7,0.598713116637646,0.00141365329656629
53.9666666666667,0.598713116637646,43.5178634792711
23.7666666666667,0.0113439549398722,19.0729689824878
30.85,0.000697133315644296,1.16949409387717e-17
5e-05,0.65384104374822,1.67556439371805
47.05,1.43164417869772,17.48351490403
24.70005,0.65384104374822,2.59706212420555
22.15,0.598713116637646,8.18145651254343
58.0333333333333,0.598713116637646,9.1805842240126
49.05,0.320642073462975,44.3488316030808
34.7333333333333,0.598713116637646,1.41857436085899
28.05,0.320642073462975,0.0107155707873292
76.75,1.43164417869772,2.26471990465702
14.95,3.00285825689709,11.0727230025606
56.65,0.598713116637646,5.86024837189982
14.45,4.9465840186708,7.18095481362559
50.9,0.598713116637646,14.9668725108313
35.35,1.43164417869772,15.5641084919662
60.3666666666667,0.65384104374822,39.0938367175886
58.7666666666667,0.758164674768934,26.8141403252766
51.85,0.580897593105646,0.692612020648134
58.75,1.43164417869772,8.29492577226446
22.6,0.598713116637646,2.7852057831817
26.95,0.65384104374822,63.8894116589689
59.6333333333333,0.65384104374822,31.3453076042848
21.8,7.08247537071609,0.000182278902574552
62.0333333333333,0.840364575989011,38.8552201318341
28.8333333333333,1.93658450458559,23.0168390389577
24.1333333333333,0.65384104374822,4.54401109963866
17.5,0.320642073462975,26.8254239981626
25.75,1.43164417869772,6.9967081849952
21.5333333333333,0.320642073462975,16.9940909127682
32.6,0.320642073462975,1.60427274980229
23.1,0.320642073462975,0.00268940418507182
25.3,1.43164417869772,31.1586829373436
3.33333333333333e-05,0.00106262582177948,9.22928874111753
33.2333333333333,111.990007751522,40.6200254460843
32.5333333333333,1.43164417869772,30.5216962682955
22.5,0.320642073462975,11.8157779868794
34.2,0.0719350041107848,17.3945088673127
40.5333333333333,0.444235988479943,36.084167203603
28.55,0.65384104374822,38.6517434154103
22.5333333333333,0.320642073462975,8.97484479813961
30.5,1.43164417869772,25.5029598213138
112.9,0.598713116637646,31.6003577470501
71.9,0.598713116637646,12.4193412402067
84.55,0.123666216672364,39.4499078277321
17.9666666666667,0.598713116637646,21.9163705488514
68.2,1.43164417869772,34.6442456489541
70.15,0.320642073462975,27.6750865967687
39,0.320642073462975,37.9246911805441
44,0.320642073462975,22.7341608347497
58.75,0.320642073462975,8.49404222239674e-15
49.2,3.0026648177752,0.811529362994406
28.2,0.65384104374822,22.0604888771423
17.25,0.65384104374822,0.0995831955970822
35.4666666666667,0.598713116637646,0.724023972936816
25.6,1.43164417869772,8.03861965332666
14.8333333333333,0.65384104374822,19.383480923666
10.9000333333333,1.43164417869772,21.189255922962
21.35,1.43164417869772,34.2869200378432
19.6666666666667,0.320642073462975,15.7143691384438
30.7666666666667,0.607733026682481,28.713252630451
18.5000333333333,0.320642073462975,15.528158944318
19.6333333333333,0.320642073462975,11.2238182411323
3.33333333333333e-05,0.0148565665486242,0.0883981425868926
43.3,1.43164417869772,41.2864023303279
24.5,0.0258997073689897,5.70980144063158
32.1333333333333,0.371918884356433,17.99140883913
18.4,0.598713116637646,10.0082367264992
29.95,1.43164417869772,13.3729296790049
57.65,0.65384104374822,0.00569278952333343
43.2333333333333,0.320642073462975,14.3134109435848
3.33333333333333e-05,0.0719475036632985,1.69462107078171e-05
17.3666666666667,9.22799072228456,1.72738928530493
125.5,1.43164417869772,51.1334175381912
51.0666666666667,0.65384104374822,21.5239069863667
16.3,1.43164417869772,13.3200492103909
34.65,0.598713116637646,16.1230332902478
12.0666666666667,1.43164417869772,29.8975219338264
21.3666666666667,1.43164417869772,32.063260851283
28.4,0.598713116637646,3.16346212699538
25.4,0.320642073462975,16.0766577628548
44.1,0.00108437575928519,32.4348247530601
33.3333333333333,1.43164417869772,33.2095086911599
16,0.320642073462975,21.8862948525552
13.7333333333333,1.43164417869772,27.1106519371953
27.55,0.598713116637646,53.330429682681
25.05,0.320642073462975,15.2992979942917
25.8333333333333,0.65384104374822,12.0535399593919
12.8,1.43164417869772,0.218433440287693
41.5,0.598713116637646,55.383720162695
25.15,0.320642073462975,10.9312701168065
24.3666666666667,0.320642073462975,0.296113794106766
72.25,0.598713116637646,42.876221955791
12.15,0.65384104374822,0.758517076404819
21.4,1.43164417869772,13.4077171198391
31.9500333333333,0.598713116637646,12.246705362428
49.4333333333333,0.320642073462975,13.0779423316593
14.0500333333333,11.5826607945846,0.156889666579982
62.2666666666667,0.65384104374822,29.9459335415534
12.8666666666667,0.598713116637646,26.5850324157666
36.4,0.320642073462975,29.5212154577783
34,0.598713116637646,12.2893373112334
22.4,0.598713116637646,40.8840003126262
49.15,44.454027948435,51.2650267472831
36.95,0.320642073462975,3.68523592731189
67.8,5.77457593064857,0.00450039182036228
47.7666666666667,0.598713116637646,16.3032639584306
14.5333333333333,1.72285316149796,1.24126168711847
20.9666666666667,0.598713116637646,23.137256657467
18.2,0.65384104374822,2.15788277525889
3.33333333333333e-05,1.43164417869772,0.222879638640481
63.5333333333333,0.341349643053265,57.1362307520259
46.0333333333333,0.65384104374822,7.20689535629918e-05
14.6333333333333,0.65384104374822,26.9469273708989
12.7500333333333,0.65384104374822,15.775308834199
25.7500333333333,0.65384104374822,0.849580902006938
13.3666666666667,1.57911699078949,9.26643996537027
9.25003333333333,1.43164417869772,13.3019054326716
148.45,0.598713116637646,14.0776425662171
31.4333333333333,0.320642073462975,18.0962065721373
16.75,0.65384104374822,3.41150194005011
71.1,0.320642073462975,33.5975620402981
25.1,0.320642073462975,0.00095477651592253
24.5,0.598713116637646,2.44186072702114
17.1333333333333,0.320642073462975,8.07010672409695
41.2333333333333,1.43164417869772,27.1362849504572
59.1333333333333,0.65384104374822,0.0690059553213584
12.6,0.65384104374822,1.46619717186062
20.5000333333333,0.65384104374822,6.40567059418548e-09
17.9,0.320642073462975,0.216730432805812
29.5666666666667,0.598713116637646,20.3380571817855
16.6,2.96245825451739,7.51059069601705
29.0333333333333,0.598713116637646,11.8895160954383
107.85,0.65384104374822,11.4669797345697
10.6,0.65384104374822,1.00704573405554
13.6333333333333,0.598713116637646,0.0236941529701953
34.95,0.65384104374822,23.7980634135117
10.5500333333333,1.43164417869772,12.7647421044604
41.5666666666667,0.598713116637646,37.1982708266579
18.5666666666667,0.320642073462975,3.87934635837406
14.7333333333333,1.43164417869772,17.0071923450052
49.7,0.571452330579911,0.239619527017282
58.9666666666667,0.598713116637646,12.0557581190394
72.45,1.43164417869772,38.1435200083408
16.8333333333333,0.320642073462975,0.39722555928804
22.6,1.43164417869772,30.7129988090362
60.5,1.43164417869772,58.333511074672
28.6000333333333,0.65384104374822,1.24403554405442
26.65,0.65384104374822,4.53546806150882
18.7,1.43164417869772,3.16856631085952e-10
11.7500333333333,1.43164417869772,0.227639159173637
44.9,0.65384104374822,34.3922886269343
24.55,1.43164417869772,4.48231137396498
20.1,1.43164417869772,13.1283541366838
46.4,0.65384104374822,17.5838392265358
54.7333333333333,0.65384104374822,26.0641415547121
12.4,16.2856830889288,2.84767660656114
18.6,1.43164417869772,25.0673937365603
35.4,50.3633531214775,36.5754588593051
16.3666666666667,0.320642073462975,0.138693803338643
24.6,0.598713116637646,15.2020177922611
11.8000333333333,0.320642073462975,14.5633984181902
5e-05,0.65384104374822,4.88431369663777
18.2666666666667,0.598713116637646,2.20530587783158
47.45,0.65384104374822,39.2690123243498
14.5,0.65384104374822,5.58546736657308
22.5333333333333,0.00470341062157431,0.00169261820062639
27.45,0.566275653589593,4.72554589401609
28.8,0.320642073462975,33.2655045073479
47.9333333333333,113.349379421765,32.4459477535557
18,0.598713116637646,39.3492281440795
66.3,1.43164417869772,28.441009588994
38.8333333333333,1.43164417869772,21.4633103658236
61.3333333333333,0.320642073462975,6.56962828552922
71.6,1.43164417869772,39.4314224334421
43.1,1.43164417869772,37.8483906714394
53.8,1.43164417869772,34.3594353434178
42.3,0.65384104374822,36.5021423621127
20.1666666666667,1.43164417869772,18.4333902690423
34.85,0.0358233024888141,13.6266969067291
37.3,0.65384104374822,12.3254177973307
28.25,0.320642073462975,0.07194931294726
39.2666666666667,0.0489513362985147,2.00742792219375
11.0000333333333,0.066135933744632,5.09682209897289
79.3333333333333,0.598713116637646,3.73547578330627
19.6333333333333,0.598713116637646,11.6251772676812
21.3,0.598713116637646,3.62920288365053
10.1500333333333,0.320642073462975,23.3005157477988
24.8,0.320642073462975,16.4912641693161
62.2333333333333,0.320642073462975,1.32226446994048
69.25,0.320642073462975,0.918665233088547
10.90005,0.320642073462975,3.32033805895173
11.2000333333333,0.598713116637646,3.42789817846054
16.5333333333333,40.4523272051636,16.4559060100789
47.6333333333333,3.87607307323586,49.0518554864181
42,0.320642073462975,32.2776829554856
43.35,0.00284701883258394,1.89201252359704
107.2,1.43164417869772,5.1588149121069
32.7333333333333,0.320642073462975,23.0066782174832
40.1,0.65384104374822,13.1750943096608
170.85,2.34792291461416,20.3839847681927
97.5666666666667,1.43164417869772,23.7715165898294
29.8,0.598713116637646,37.257838328762
12,0.0479305864252183,0.509303157384595
49.3666666666667,1.43164417869772,23.8283548539697
33.95,0.344366628300195,2.15450656577802
70.6333333333333,1.09332999427261,34.968549028144
3.33333333333333e-05,0.533213220822154,0.947528224315309
28.3,0.65384104374822,16.1487732955378
22.7666666666667,1.43164417869772,29.3706333998427
14.05,0.320642073462975,3.21449376240581
55.0333333333333,0.320642073462975,63.9112666551789
2.2250738585072e-308,0.90584835404192,27.3381273929797
12.1666666666667,0.320642073462975,12.7088519834487
14.5333333333333,0.598713116637646,1.08772949916172
2.2250738585072e-308,1.43164417869772,0.132913935179742
59.75,1.43164417869772,12.3222086308635
39.6,0.320642073462975,44.9834426031487
44.9,0.320642073462975,61.7181110833606
61.3,2.76381360177336,22.6692637731907
78.5,0.320642073462975,2.75406169820099
85.4,0.65384104374822,35.8682227846574
29.5666666666667,1.43164417869772,37.4757718872505
53.7,0.598713116637646,39.4377558421288
56.0333333333333,0.65384104374822,42.9140994238498
22.3666666666667,0.598713116637646,14.5534948396272
16.45,0.598713116637646,39.6428943902302
53.8,0.320642073462975,0.949970941964259
14.35,1.43164417869772,6.8286759584604
25.8,0.102023889916042,18.9329366100229
31.3666666666667,0.320642073462975,29.4703586829248
11.1,0.598713116637646,4.44628384061577
13.5500333333333,1.43164417869772,16.2004623253697
10.3333333333333,0.598713116637646,0.17381401223605
21.7,1.43164417869772,46.180005786092
31.4,0.0490872995428153,1.21750545646938e-09
95.8333333333333,1.43164417869772,24.8926292506767
42.45,1.43164417869772,52.2437525033744
44.45,0.598713116637646,0.402253637416395
38.2333333333333,10.9540330073417,18.571532416945
66.9,0.65384104374822,1.75444220028568e-21
73.9,1.43164417869772,0.673454335621591
59.6333333333333,1.43164417869772,49.5457960688968
26.15,0.65384104374822,25.8273698876795
32.9666666666667,0.598713116637646,10.4069647051865
20.35,1.43164417869772,14.068320163949
39.2666666666667,0.65384104374822,7.43946638755181
46.8,1.43164417869772,38.2508140013097
20.3500333333333,0.65384104374822,2.7219071213779
61.8,1.43164417869772,18.9677790612792
15.9,0.320642073462975,0.0192966840702888
50.9333333333333,5.60209869820428,38.7501837694985
88.7333333333333,0.65384104374822,32.1569945850653
14.7666666666667,0.65384104374822,11.944100899821
36.8,0.320642073462975,0.00914689666692399
101,0.0191938703898318,3.39550471041218e-20
75.6,1.43164417869772,33.9821982156495
42.7666666666667,0.598713116637646,0.502065185606117
17.2666666666667,1.51792018652341,4.82942413085723
17.1,0.65384104374822,7.30252504387917
57.9,0.320642073462975,34.5282245864163
31.95,0.598713116637646,36.763959846145
5e-05,1.43164417869772,9.62122827664164e-05
57.8,0.65384104374822,34.3702161537808
83.45,0.320642073462975,42.1804084903758
45.2,0.65384104374822,45.0982537313113
14.9,0.320642073462975,20.9664808142303
121.05,1.43164417869772,53.5473202617747
16.95,0.65384104374822,3.02049289895391
25.9,0.320642073462975,39.8255613469703
33.35,0.598713116637646,26.1130484102698
82.1,1.43164417869772,17.4097987736533
16.0666666666667,36797.3432752121,20.2717365962097
42.85,1.43164417869772,29.0385869420759
29.15,0.65384104374822,0.0787412746788778
53.1,0.65384104374822,16.3322730437291
173.966666666667,0.65384104374822,53.1887811657544
26.3333333333333,0.598713116637646,2.74161824756185
62.9333333333333,0.65384104374822,30.3096225402185
16.7500333333333,1.43164417869772,25.1536948321426
31.45,1.43164417869772,47.5439880518956
54.3666666666667,0.598713116637646,2.27106657224779
11.9,0.65384104374822,0.00505853800820481
51.4,0.320642073462975,5.82624418914277
10.5500333333333,100.092034079966,1.89784057601368
43.9,1.43164417869772,0.558139635777565
30.25,0.65384104374822,12.8016017075862
25.0666666666667,0.598713116637646,0.852055728271503
35.6,1.43164417869772,23.3760037768116
49.95,1.43164417869772,2.49326575218407
38.3333333333333,1.43164417869772,20.5607330766852
34.1333333333333,0.598713116637646,12.8711845119735
27.8666666666667,94.9609503381674,11.1785069168457
12.3333333333333,0.598713116637646,2.65359930729755
38.1666666666667,0.412516091413258,21.8102259868651
25.1666666666667,1.43164417869772,12.4734463409536
26.6333333333333,1.43164417869772,11.6372173432773
12.0333333333333,0.65384104374822,2.46829043110175
23.5000333333333,0.598713116637646,13.3259804071937
14.2666666666667,0.320642073462975,19.0333895061609
10.3500333333333,0.320642073462975,0.00778958552390819
11.9,0.598713116637646,5.98442410799725
21.85,6.45971545725256,29.9258534404626
33.8666666666667,0.65384104374822,45.2839545804947
30.3,0.598713116637646,28.6911465921789
19.9500333333333,0.320642073462975,27.2916012406876
52.2,1.26857281698142,8.92596669535704
39.6,0.222965882949131,4.36593976668162
19.7,0.65384104374822,20.5116514781276
29.9333333333333,1.43164417869772,25.2745490109944
12.9333333333333,0.320642073462975,16.7530778376874
33.85,0.598713116637646,0.0116804249118862
27.2333333333333,151.41469105859,22.1404284515399
21.7666666666667,0.320642073462975,0.543791529970666
30.9,0.320642073462975,5.36408050594786
62.85,1.43164417869772,1.89399414233758
19.85,0.65384104374822,7.41266455872543
12.4,18.028024622578,22.7639892801836
19.0333333333333,0.598713116637646,13.4152700609053
88.4333333333333,0.598713116637646,4.94101290690813
55.0333333333333,0.65384104374822,34.0361026232512
63.8,0.320642073462975,50.5605186101336
29.8,0.65384104374822,2.6617849300998
9.85003333333333,0.320642073462975,14.8018803561894
18.8,0.320642073462975,7.93259592039829
14.4666666666667,0.65384104374822,6.92034812210071
68.3,0.598713116637646,50.2373776063125
10.3000333333333,1.43164417869772,4.51123939877576
14.35,1.43164417869772,2.01824990649609
34.3,0.598713116637646,4.75777562866386
15.25,0.000182663950294525,11.5590132678431
20.8,1.43164417869772,15.887974143537
19.6666666666667,1.43164417869772,18.6575836104877
15.45,0.598713116637646,19.651997386141
18.8,0.65384104374822,1.94384329391547
54.9666666666667,0.320642073462975,15.253596603522
71.4666666666667,0.65384104374822,16.6589266082339
11.0000333333333,0.0558070972665722,19.7680296729188
22.6666666666667,0.320642073462975,21.2476583496641
16.5000333333333,0.320642073462975,23.2943893495029
13.2,0.320642073462975,0.0540242829335323
28.15,0.65384104374822,0.0733072761674226
17.8,0.598713116637646,2.3852982496506
67.8,0.320642073462975,0.472661619521719
13.00005,0.598713116637646,3.02195020094955
13.0333333333333,0.320642073462975,15.975235143192
47.95,0.65384104374822,37.400580502161
52.55,0.0110203452440888,7.9663329286907
15.8,0.65384104374822,10.9051047399158
20.2333333333333,0.320642073462975,0.534713153466542
14.6,0.320642073462975,5.64043226715012e-10
23.75,0.65384104374822,29.7738002143783
49.35,0.320642073462975,1.3651126224963e-06
14.0666666666667,1.43164417869772,11.9225898003472
22.2500333333333,1.84750011878331,15.696359729639
31.8,0.65384104374822,26.2999453567313
16.4333333333333,502.328227804845,0.0184232108625799
365.5,1.43164417869772,0.0680701662964708
54.2,0.65384104374822,22.4184607921947
41.9666666666667,1.43164417869772,24.3651682662624
62.75,0.209375485026952,8.19570405231463
13,1.43164417869772,21.1441024025434
13.4,0.165321643608895,3.20916772519062e-09
28.3,0.320642073462975,0.13578634483175
41,0.320642073462975,0.0416439105035788
60.6,1.43164417869772,31.8584756302825
21.3333333333333,1161.75469363026,4.24745617272173
15.4,0.320642073462975,0.230231343574032
29.0333333333333,0.598713116637646,0.154310560567474
28.5666666666667,0.65384104374822,17.1399358844085
36.4666666666667,0.320642073462975,6.58154292170211
104.9,0.320642073462975,2.16958773026223
33.6,0.320642073462975,41.1951446418982
16.5,1.43164417869772,18.8850544353106
18.3,9.54677310046344,0.0110786340418211
91.7,1.43164417869772,0.194878989241385
27.8333333333333,0.598713116637646,2.7803018609377
23.5,0.320642073462975,2.30953913021618e-05
12.9,0.320642073462975,0.350350278506765
22.3,1.43164417869772,0.293723976849773
36.8666666666667,21.338342230593,15.3833763642258
55.3,0.320642073462975,7.99644792545001
12.30005,0.598713116637646,32.2000292161328
22.8666666666667,11.6304382771624,12.0021398203274
15.95,96.0132480610504,14.4028458546442
13.55,0.65384104374822,4.09252000059517
18.0333333333333,0.598713116637646,38.6103870806461
46.2,1.43164417869772,7.36265702350039
66.8333333333333,0.320642073462975,0.0107228100649149
16.9,0.598713116637646,13.4571865239727
46.9,1.43164417869772,8.43788369032441
43.7,0.598713116637646,23.9850015576847
13.80005,0.320642073462975,1.2814117522463e-06
77.5,0.320642073462975,0.372780537967903
33.8666666666667,1.41384247486853,9.26029741799142
40,0.320642073462975,1.94861550922508e-09
25.25,0.598713116637646,21.1916281074035
163.8,0.65384104374822,16.9833794097951
106.2,1.43164417869772,46.7820273375581
14.8333333333333,0.598713116637646,0.120609077670732
23.1333333333333,0.320642073462975,21.6695409907849
19.1666666666667,1.18217406085825,5.21126870374666
74.7,1.43164417869772,25.9127719756242
27.1000333333333,0.320642073462975,1.55439130858537
45.5333333333333,0.65384104374822,23.0670419491116
10.3,0.598713116637646,10.1964666251518
22.2,1.43164417869772,19.6198551860574
34.2,1.43164417869772,16.7367601543253
32.3,0.598713116637646,23.7565326086187
12.1500333333333,0.320642073462975,30.8139683134101
44.9333333333333,0.320642073462975,11.0904732865411
59.45,3757.37686084396,7.40908035501103
18.45,0.320642073462975,16.5576188360346
19.75,0.598713116637646,31.7443917241533
26.0333333333333,1.43164417869772,36.5798570970137
16.9666666666667,0.320642073462975,19.8383254630144
74.85,0.598713116637646,10.5640785334108
11.2500333333333,0.473042819646964,1.67823950213115
41,0.598713116637646,0.0618155317600694
65.4,1.43164417869772,11.9151103503316
72.65,0.320642073462975,15.6442602507349
83.1333333333333,0.598713116637646,9.37801265478393
30.9666666666667,0.598713116637646,17.1759873007562
83.2666666666667,0.320642073462975,15.9501758107951
41.1,0.320642073462975,21.7627086535648
27.2,0.598713116637646,31.8695442872059
41.3,0.65384104374822,7.26694339166354
34.25,1.43164417869772,41.0533010467972
14.8666666666667,0.320642073462975,0.0459505271724225
22.6666666666667,0.65384104374822,13.7772380054401
29.0666666666667,0.320642073462975,44.6447964578978
32.2,0.992762771803801,11.3116910697714
19.1333333333333,0.320642073462975,0.77049860430468
42.1,0.65384104374822,28.174332313382
20.8,0.219294845466905,11.9754853676035
28.8,186.238178169958,8.00070989226659
15.95,0.598713116637646,4.91735188603277
53.2,0.65384104374822,22.0460714361665
27,0.320642073462975,39.3349822054271
24.6333333333333,0.65384104374822,14.3040971565657
92.3333333333333,0.320642073462975,0.000136861425413855
5e-05,0.320642073462975,18.5812500248156
30.2333333333333,0.65384104374822,27.6827653648807
20.6333333333333,0.598713116637646,15.7605284351161
26.6666666666667,1.43164417869772,10.7606577984319
44.5333333333333,0.598713116637646,8.17446669902554
5e-05,0.320642073462975,8.56769234099479
16.8,2.95742488226801,40.9033080056892
59.9,0.320642073462975,8.72169183855226
19.20005,108.003934888498,0.282425859015196
25.8,0.598713116637646,23.2240392598398
14.6,1.43164417869772,12.6790518351094
35.3666666666667,1.43164417869772,6.96278942930301
30.0666666666667,0.320642073462975,16.7193546581895
25.0333333333333,0.65384104374822,36.5703368318298
63.7333333333333,0.65384104374822,0.0903300685720825
24.0666666666667,1.43164417869772,10.6295443946311
49.5,0.598713116637646,19.416407756691
44.4,0.320642073462975,8.01864964684192
21.6,1.43164417869772,0.293293427360131
10.4000333333333,0.65384104374822,7.83818495472659
28.5333333333333,1.43164417869772,11.7103736969156
25.5666666666667,86.274547505283,0.787240050409163
12.70005,1.43164417869772,0.0544499866938459
14.5666666666667,0.598713116637646,26.7783928970723
12.7,0.320642073462975,18.3959063016148
12.40005,0.65384104374822,6.18865613859826
46.15,0.598713116637646,1.49577204659501
51.2,0.65384104374822,16.6469047515533
55.1,0.320642073462975,34.6255643812156
17.2666666666667,0.65384104374822,16.8057431820056
30.4,0.431925664814703,17.2585277143401
17.05,0.598713116637646,41.1691513013407
18.4,1.43164417869772,9.11303976769314
42.95,1.43164417869772,7.63403939545235
39.6,0.598713116637646,50.1263801906168
29.6,0.598713116637646,3.08363775864684
19.5,0.320642073462975,21.1765898335428
51.3666666666667,0.598713116637646,3.52559625054762
32.1333333333333,0.65384104374822,1.86950589354707e-05
55.55,1.43164417869772,12.368515688685
23.8,0.65384104374822,18.4583512579184
43.4,0.65384104374822,16.4966100071697
24.9,0.65384104374822,6.17234594428186
23.0333333333333,0.320642073462975,0.0276089473463441
15.5333333333333,0.544015019394882,29.4584922346347
17.0333333333333,1.43164417869772,40.4751659754342
20.7,0.65384104374822,0.00293103838724848
13.6666666666667,0.65384104374822,19.669697695788
17.15,0.320642073462975,21.4772754136109
59.4333333333333,0.65384104374822,0.59397219528118
26.35,1.86606486423244,33.2056254244356
88.8,0.320642073462975,2.18538370931934e-15
32.45,0.598713116637646,0.000874096324624518
11.8666666666667,1.43164417869772,22.0277159662519
34.7666666666667,0.65384104374822,25.1805150786632
11.05,1.43164417869772,17.8249884767669
25.35,0.320642073462975,0.165239043906344
19.3666666666667,0.65384104374822,4.86415136917525
16.4666666666667,0.598713116637646,9.47671040932672
10.8500333333333,145.10285239034,7.37562057415596
61.2666666666667,1.43164417869772,27.7636092135205
10.0500333333333,0.598713116637646,0.986557512532376
41.5,0.65384104374822,0.717410604804282
18.2666666666667,0.65384104374822,7.24424630135224
17,1.08668504489935,15.5839687225322
5e-05,0.65384104374822,40.3092027371388
36.5333333333333,0.598713116637646,38.771167911065
21.3,12.7433444132006,11.1863413763397
24.9,1.43164417869772,21.1246847601108
9.95003333333333,0.131260591524342,27.0786344496646
48.0333333333333,3.17916825532702,28.3923947392622
22.8,1.43164417869772,14.5266939501549
22.9,0.00143276408278976,2.44792718970456e-12
11.6,0.598713116637646,20.7475629135968
42.1333333333333,1.43164417869772,21.7519917840513
14.2000333333333,1.43164417869772,22.0012373085499
13.9666666666667,0.320642073462975,0.492992542747566
22.2666666666667,0.320642073462975,13.9993273081094
37.7333333333333,0.65384104374822,7.22402579735544
13.1666666666667,0.00539291221457512,1.06335831643571
29.0333333333333,0.65384104374822,25.1976541947033
27.6333333333333,0.873707450826867,12.0916859441124
44.1,0.320642073462975,35.3671468673048
19.75,0.598713116637646,32.8917053161341
5e-05,0.65384104374822,2.09737983082428e-20
14.05,0.754997391575999,0.0789761272958205
14,1.43164417869772,8.58303435319695
29.8,0.598713116637646,52.4225691213469
20,22.0102516173481,53.440625879008
17.5333333333333,0.408688894134685,45.2145459588338
17.7333333333333,0.65384104374822,6.2067911209692
39.5333333333333,0.65384104374822,39.9248695997365
13.05,0.161394245859148,28.0761648328824
22,0.65384104374822,5.44938967169505e-07
17.35,0.433539623369996,4.19779159855589
14.55,1.43164417869772,1.55766464863923e-12
26.8000333333333,1.69128825733168,6.16196935665071
14.9500333333333,0.320642073462975,12.6654849716744
17.0000333333333,0.598713116637646,3.6111591192779
23.2,3.48427787843163,7.81683186603011
11.7,0.65384104374822,13.2687265551261
18.1000333333333,0.169691678546506,4.7396312260882
5e-05,0.598713116637646,1.66366115516617
23.1666666666667,0.320642073462975,1.23933857917124e-06
12.5500333333333,0.320642073462975,0.341487217369137
85.25,0.65384104374822,0.678550094149378
12.8500333333333,0.598713116637646,0.815835543236802
12.4000333333333,0.0337661258841556,1.60073891432195e-07
20.35,0.069640183333785,30.1704287393347
23.5666666666667,0.320642073462975,0.0193727384074505
121.566666666667,0.0563632309797103,18.5812248918742
11.2000333333333,1.43164417869772,3.6943060133913
17.25,0.000416924224464994,3.99747973117217e-06
17.8666666666667,0.598713116637646,1.21442577923134e-13
12.6500333333333,0.598713116637646,6.96771120272652e-13
25.5666666666667,0.598713116637646,0.553637345363316
17.4,1.43164417869772,16.2942268669118
5e-05,0.598713116637646,9.634829505981
21.3666666666667,1.43164417869772,10.5271886656035
11.9500333333333,0.65384104374822,2.3507993970586e-05
16.4,0.0168802871737384,11.8189499980437
12.2500333333333,0.598713116637646,6.17510961668614e-06
11.9,0.320642073462975,9.44068771343032
21,1.43164417869772,14.1418772696851
20.10005,0.0677644593351784,16.8968005631418
50.35,1.43164417869772,13.0696425290518
18.95,0.320642073462975,20.274859788037
45.25,1.43164417869772,16.3452294792265
15.8,0.320642073462975,1.0454027054796
55.8,0.598713116637646,10.6725495166012
39.6,0.65384104374822,7.80854321694057
21.7,0.320642073462975,12.857055310246
34.35,8.62799511741007,11.2252383561676
64.6,0.320642073462975,14.2509552642947
24.8,1.43164417869772,25.4654419896686
72.45,0.320642073462975,8.17401569734341
8.90005,0.65384104374822,0.139780064228487
65.35,0.445953841567945,0.0972742651854535
27.95,0.320642073462975,6.28757560754685
13.8,0.320642073462975,6.64529440605761
27.25,0.598713116637646,2.36059026904791
8.60005,0.598713116637646,2.37659339747066
9.8,0.045339942552763,1.98098791320346
21.7,0.126452335592363,1.80682603888862
10.9,1.43164417869772,18.4213305294765
7.80005,0.320642073462975,1.3136386524031
27.75,0.598713116637646,16.6810095063171
8.30005,0.1534786378768,13.3555852102852
11.30005,0.320642073462975,0.750642038183409
7.90005,1.43164417869772,11.40122072766
20.4,0.320642073462975,0.0189484901831837
10.30005,7.2910499997197,0.816803730499797
26.4,0.320642073462975,1.91879836614633e-15
12.40005,1.43164417869772,0.00546373899713134
6.30005,0.65384104374822,0.00726639700025827
5.60005,0.65384104374822,0.00279458900436028
5e-05,0.00143342690136582,0.634896028572242
14.3,1.43164417869772,15.2867028023922
18.75,29.6049459519731,0.488715576401182
43.8,0.598713116637646,14.8850787461209
9,0.320642073462975,14.2700824458592
21.45,0.65384104374822,5.96635041465955
94.25,5.63870727070812e-06,1.06697968968274e-19
91.8,1.43164417869772,18.458416877014
21.2,0.320642073462975,22.5508394822713
66.25,0.320642073462975,27.116273513582
10.10005,1385.00530548712,3.62762006691262
9.70005,0.65384104374822,1.52881551783717
22.4,0.320642073462975,10.1130156884409
59.2,0.320642073462975,7.54880812133677
29.35,0.65384104374822,5.45081507952189
78.9,0.598713116637646,35.5982069318418
43.05,0.598713116637646,36.7785576319008
80.45,0.65384104374822,29.1400022287372
115.45,0.65384104374822,26.7604642121015
24.3,0.320642073462975,0.791363960624214
17.75,0.65384104374822,12.4434148630491
10.60005,0.598713116637646,46.8330509146277
8.50005,0.65384104374822,2.98472476891729e-19
87.15,1.43164417869772,13.5208421868144
7.10005,0.188310958841731,0.362371743353567
33.35,0.320642073462975,7.26179181528336
12.90005,0.320642073462975,0.229707741489332
13.55,0.320642073462975,0.817725490642801
6.70005,0.598713116637646,6.10961552317465
168.5,0.65384104374822,12.88124148995
35.45,0.65384104374822,1.02447992001812
13.30005,840.097118729982,10.3345659832186
60.3,0.598713116637646,16.9728962548613
5e-05,0.65384104374822,7.11546845643603
4.80005,0.131721398444848,0.0100369676321307
4.80005,0.65384104374822,1.61587006162111
26.5,0.320642073462975,15.6273849274875
47.05,1.43164417869772,0.00461141063200027
21.45,0.598713116637646,6.41785509487626
13.55,0.598713116637646,12.2038114859705
10.80005,0.65384104374822,11.1614115502122
17.4,0.65384104374822,0.309673579473224
8.80005,0.137465592683284,4.48998704029486
43.45,0.320642073462975,29.0191912765245
13.80005,0.0152802559803974,2.77840281154735
36.1,0.65384104374822,6.14054669358754
57.9,0.320642073462975,0.000674513944247794
7.10005,0.598713116637646,17.2928307759894
6.00005,1.43164417869772,0.768903342877133
8.80005,0.65384104374822,16.2171722246873
5e-05,266.204725440973,13.093663879076
6.20005,0.320642073462975,1.76078285694168
24.2,1.43164417869772,0.620793464709141
9.25,2984.29888912535,8.5887527320412
10.00005,0.598713116637646,3.34044845010403
11.70005,15528.8554427808,4.09629666881956
10.3,0.320642073462975,5.16527564493729
12.30005,0.598713116637646,4.81323688804678
10.3,0.450206809576464,2.46411396723727
10.50005,1.43164417869772,10.5453320711706
6.80005,0.65384104374822,2.86334408083677
11.70005,0.65384104374822,1.65063698372482
14.65,1.43164417869772,17.8040110013746
7.80005,1.43164417869772,12.784882478465
8.20005,0.598713116637646,18.7979715614197
8.20005,0.320642073462975,1.16333708056161
43.8,1.43164417869772,21.040112296654
6.50005,1.43164417869772,0.479628597951085
9.20005,0.320642073462975,11.7163027437161
30.60005,1.43164417869772,0.0975056878701092
16.5,0.65384104374822,4.40749706060735
6.80005,0.65384104374822,21.7458086547934
10.10005,0.320642073462975,1.52499913124164
5.40005,0.951564665788716,14.6093810753784
21.4,0.65384104374822,0.0120796830884762
17.70005,1.43164417869772,0.89410905266877
8.50005,0.320642073462975,6.16213434637312
10.90005,1.43164417869772,6.87102029627364
24.65,4677.91469639304,5.81492949422646
9.10005,0.65384104374822,2.65417186253038
10.20005,1.43164417869772,7.88265637009297
5e-05,412498.699915128,3.94039560631797
12.50005,1.43164417869772,6.56305231529241
5e-05,1.43164417869772,1.94934377583639
7.30005,0.598713116637646,23.8520970498539
4.30005,0.65384104374822,4.4492363948313
60.5,0.469184182360982,0.132803337200323
7.30005,0.971541184264901,12.6097327986802
9.40005,0.320642073462975,4.3174767526692
18.7,13.913232830073,5.57770313332592
9.80005,0.65384104374822,1.03159706662189e-10
7.90005,225.376931971354,8.96833570105273
6.70005,0.598713116637646,1.59392863286263
11.30005,1.43164417869772,13.5416174775747
6.00005,1.43164417869772,2.11320410898065
10.00005,1.43164417869772,6.02345740148122
46.9,75.6508307329936,0.384743062132551
7.70005,1.43164417869772,0.331909036891601
5e-05,105.237962070635,20.2843907490176
12.20005,0.65384104374822,25.9514570007623
26.4,0.598713116637646,26.4334484037287
15.25,1.43164417869772,16.0899752890095
5.40005,0.320642073462975,40.0852002871516
8.35,1.43164417869772,12.7623646380372
7.50005,0.65384104374822,37.1492474608587
110.5,1.43164417869772,18.8911596753336
6.10005,1.43164417869772,10.4691816878684
65.7,0.598713116637646,26.9709755245943
68.00005,0.320642073462975,24.2971017696916
7.50005,432.831524851382,0.675293749144398
31.8,0.65384104374822,3.06132483445865
41.3,0.00179427266315791,3.85256295882093e-09
66.65,0.320642073462975,0.257441053554631
19.3,0.598713116637646,0.61314618771045
36.9,0.00315345795212645,15.6902700331663
23.65,0.65384104374822,4.22861017549545
32.75,1.87690174953771e-06,7.20734159598487
23.8,1.43164417869772,0.072523511053124
5e-05,1.43164417869772,10.5814778175392
5e-05,93750.0479839082,0.00113928517126416
8.80005,0.65384104374822,0.000477594853280585
5.70005,16155.3065135722,20.9875092245626
5.90005,4659149.70001688,19.4646179171934
5e-05,0.65384104374822,10.6450928591244
6.50005,0.320642073462975,1.52021205642219
7.00005,0.65384104374822,5.67263881443821
18.10005,1.43164417869772,10.8549420110473
5e-05,0.598713116637646,14.3645441582238
5e-05,0.598713116637646,12.4074596700883
6.60005,0.65384104374822,5.66796938238242
21.45,0.320642073462975,4.79717761292512
6.30005,0.65384104374822,2.88689258647566
6.10005,1.43164417869772,7.04224241142316
28.8,153.218541894046,1.11767892971682
13.50005,0.598713116637646,6.46767144353236
29.60005,0.320642073462975,29.4821974768504
11.75,0.65384104374822,2.36381231763597
16.5,0.598713116637646,4.48947132871356
66.05,1.43164417869772,14.8237412621952
94.85,0.65384104374822,2.91276509256116
13.60005,0.320642073462975,0.186574106092511
22.20005,1.43164417869772,2.38135022344368
10.25,0.320642073462975,6.48072032404664
42.9,0.320642073462975,2.54234230105161
23.3,0.598713116637646,7.38386612036424
9.70005,1.43164417869772,26.9202393894863
43.6,1.43164417869772,2.34735768012375e-18
16.4,0.320642073462975,1.75645567094846
7.50005,0.598713116637646,2.33860255996793
10.10005,56.5339678280063,30.129266080015
7.60005,2.71843875617725,9.24273065224582
10.85,1.43164417869772,6.2519327838115
6.70005,0.0193448722553397,0.321624553592655
6.10005,16.0448200641406,1.73302577677881
4.40005,0.598713116637646,0.0395507358427912
13.65,0.65384104374822,0.170610332933795
67.25,0.954878141842564,0.170001222884629
40.1,0.598713116637646,18.784545725945
22.25,0.015396243789743,0.0232310617532567
23.65,2.41697085436356,5.09535246418141
13.15,0.598713116637646,0.296456766427889
43.1,0.65384104374822,3.54338889751007e-09
14.85,0.65384104374822,0.00943812962431795
24.7,0.320642073462975,14.1099549910159
12,0.598713116637646,0.0780663428720806
20.5,0.000323364478553058,5.33689875260992
18.75,0.320642073462975,1.81346644074639
25.9,1.43164417869772,12.9623944788202
20,0.320642073462975,18.6308479995223
20.55,0.598713116637646,0.190668938552983
16.4,1.43164417869772,12.6120244741645
11.50005,0.598713116637646,0.0877429353566962
47.75,0.320642073462975,19.9607604691543
12.80005,0.320642073462975,1.61246109629691
8.50005,0.598713116637646,7.75194131867854e-08
17.1,1.43164417869772,4.26579865747321
12.30005,0.65384104374822,0.0727200209016615
4.80005,17.797042510251,3.29981718796456
35.95,0.65384104374822,9.50347475555377
13.1,1.43164417869772,1.46970338268766
28.2,0.598713116637646,25.0897374697273
69.4,0.65384104374822,13.3647860915056
7.50005,0.598713116637646,13.7765494093825
8.50005,1.43164417869772,0.173202666729743
7.50005,0.65384104374822,0.0601376908489546
16.4,1.43164417869772,5.83627938516574
7.80005,0.133769444901953,3.73886954509276
7.20005,0.320642073462975,0.25848853152015
38.65,0.65384104374822,3.02745053552592
28,0.65384104374822,1.0406961488286
7.80005,0.598713116637646,0.15128237765415
9.80005,1.43164417869772,2.0256921700938
17.75,0.598713116637646,0.727218832903207
9.70005,0.598713116637646,0.0628657448742424
6.80005,0.320642073462975,0.614814473696286
8.10005,0.320642073462975,1.51548102478408
5.70005,1.43164417869772,27.4065341356379
11.20005,1.43164417869772,0.655128142776265
12.3,0.65384104374822,0.19398575678399
27.05,1.43164417869772,13.998813756435
9.25,1.43164417869772,17.8964527088182
22.55,0.000365750520111874,17.4097438259024
26.95,0.65384104374822,14.9414267888389
44.2,1.43164417869772,0.0424087732500633
16.45,1.43164417869772,10.5126923094837
28.9,0.598713116637646,28.5659330338152
12.20005,0.598713116637646,0.000738754917985484
31.75,0.65384104374822,3.58966642511895
15.8,1.43164417869772,9.85797498062125
5.20005,0.598713116637646,4.11189000984754
9.90005,0.65384104374822,2.649350437378
13.7,0.314300926049764,0.0589135569811115
9.60005,0.598713116637646,8.52595452289225e-11
6.30005,1.43164417869772,8.86099492690404e-06
30.2,0.320642073462975,0.64914080090827
5e-05,1.43164417869772,0.0557473316355634
5.00005,0.320642073462975,4.31711137578159e-10
25.70005,0.598713116637646,7.71292216365401e-12
5e-05,1.43164417869772,1.37644981556199e-07
5e-05,0.730471075594884,1.26308856381314e-15
8.90005,0.598713116637646,6.82691266342064e-13
5e-05,0.598713116637646,9.73147882631693e-06
5e-05,0.598713116637646,0.00895243471107512
5e-05,0.320642073462975,0.0301632901263566
5.60005,0.65384104374822,0.0867739322852536
5e-05,0.598713116637646,0.0105105308657802
46.5,0.000665299457195194,3.52237055517566
11.95,0.0165152585440521,0.0911500219370712
10.60005,0.416395266637003,8.54034095835854e-08
12.40005,0.65384104374822,3.35114006189101
9.40005,0.65384104374822,1.5777773043747
25.55,0.65384104374822,6.8677211062607
29.7,0.296866540285172,6.2035728798774
12.7,0.555741599553961,0.187788174228613
36.85,0.65384104374822,0.0956390671079127
14.75,0.772488772222891,17.469350841956
12.5,1.43164417869772,38.9599591134478
16.9,1.43164417869772,0.0538436704208527
53.9,0.00619440925449941,0.131190058438215
5e-05,5.61358584005306e-05,0.0200807402338985
5e-05,0.598713116637646,1.67584630290028e-10
5e-05,0.000156542421249696,4.07309862560953e-14
5e-05,0.598713116637646,0.190377589295334
5e-05,0.598713116637646,0.00180000222831584
11.20005,0.320642073462975,0.585803464859354
11.45,0.65384104374822,2.46925255932052
11.35,0.320642073462975,0.15515809452786
33.55,1.43164417869772,6.8459135016357
7.00005,0.00106544851890577,0.490715453657481
9.70005,0.65384104374822,0.714065569920635
59.55,0.320642073462975,0.503477820517466
5e-05,0.65384104374822,8.79847903158926
5e-05,0.320642073462975,0.189979526246271
5e-05,0.65384104374822,0.272770036186087
30.75,0.320642073462975,0.502774351689531
5e-05,0.0179009078739972,2.61360933888621e-06
8.90005,0.598713116637646,6.33127935865384
14,0.65384104374822,1.39858244956328
10.7,0.598713116637646,0.00604575121796786
5e-05,0.598713116637646,0.123775416717503
5e-05,0.598713116637646,4.26344478227846e-08
14.15,0.121115572463727,2.43251244900266
7.50005,0.65384104374822,1.84199024320453
7.90005,0.320642073462975,0.00296627090500386
16.05,0.598713116637646,7.03466801686559
48.05,0.274761666881627,9.51721010675433
49.4,0.0666845995906323,11.5205288294418
5e-05,1.43164417869772,1.19487871679897
12.25,1.43164417869772,0.450995946789877
5e-05,0.320642073462975,4.95917444563515
18,0.598713116637646,2.97426331157663e-08
12.95,0.65384104374822,5.68899962563925
5e-05,0.320642073462975,1.70345758787369e-24
5e-05,0.0737218278114648,5.26656849779579
5e-05,0.598713116637646,9.32472363191372
4.80005,0.598713116637646,13.4494254031837
8.70005,0.26937576008769,6.67855974478656
22.55,0.320642073462975,3.75631988869809e-61
4.80005,0.598713116637646,5.30440517599168e-05
5e-05,1.43164417869772,0.195852675117819
4.70005,0.598713116637646,2.10202275758304
7.00005,0.65384104374822,3.09800499602875
5e-05,0.65384104374822,8.23140521919083
9.10005,0.598713116637646,0.508431648924556
17.95,1.43164417869772,10.4039466814784
24.35,1.43164417869772,8.52066531595113e-07
11.4,0.320642073462975,0.0186256555791015
12,0.174419099424862,8.81116626557911
10.95,0.320642073462975,15.1490981203198
9.60005,0.102795016166793,5.76300931514766
11.80005,1.43164417869772,1.13002841106738
9.80005,0.598713116637646,0.376927630143872
20.55,19542.9417751547,11.4076278058385
4.70005,0.65384104374822,0.0333192816958995
7.20005,0.65384104374822,7.53356721597127e-05
5e-05,0.598713116637646,0.298684202763154
9.90005,260.303732300189,21.4851539693774
19,0.000687532482495453,8.17072929439497
17.6,0.598713116637646,1.54656386866902
9.70005,0.65384104374822,0.491767794003342
11,0.65384104374822,0.463417161417774
37.35,0.320642073462975,3.4798691897465
8.10005,0.598713116637646,1.34898456146068e-16
6.70005,1.43164417869772,12.8386526551726
24.05,0.320642073462975,4.46338612995818
14.65,0.598713116637646,4.86328013639334
5.50005,0.320642073462975,1.17160636265553e-12
8.40005,0.65384104374822,30.0544268459996
5e-05,0.65384104374822,0.0110305152011424
7.60005,0.0212802094134688,0.172661317161803
5e-05,0.334334577354988,7.50375398364105
5e-05,1.43164417869772,0.66119807987588
36.15,0.598713116637646,3.5158614238001
13.5,0.00544148724675657,3.43287091029915
5e-05,0.0592628108025487,0.0030794114308053
40.55,1.43164417869772,2.06089222624869
10.90005,0.65384104374822,3.94765901741374
15.30005,1.43164417869772,0.579242548207102
10.60005,1.43164417869772,2.76873762212531
54.95,0.598713116637646,28.9553904219847
6.20005,0.320642073462975,0.00257384449966291
17.05,0.65384104374822,9.14301857666117
7.20005,0.598713116637646,0.888287568011655
5.70005,0.65384104374822,0.000212775924937955
7.30005,0.312920543175787,0.901156789486257
5.90005,0.598713116637646,0.638808825359677
8.10005,0.182003347344774,12.3895630557494
7.30005,1.43164417869772,6.77265894631054
4.80005,0.65384104374822,0.512384020143329
16.00005,0.446663830963396,5.60004460163807
6.10005,1.43164417869772,0.325157573033611
5e-05,1.43164417869772,1.13805401547791e-06
41.35,0.320642073462975,0.0656458514580838
18.4,0.320642073462975,2.80026519952512
11.60005,0.320642073462975,1.27914778113506
5.50005,0.0206746236989996,0.0792169316966713
9.70005,0.048578485926994,6.01283724245738
5e-05,1.43164417869772,0.050989255828925
11.50005,0.598713116637646,1.39967655527288
8.35,0.65384104374822,13.113941800449
270.8,0.65384104374822,11.7929320397538
13.50005,0.291536640232146,0.512578916007017
5e-05,0.598713116637646,0.0389352181384084
9.10005,0.598713116637646,34.4731997074643
23.15,1.43164417869772,1.01420398041276
40.35,1.43164417869772,10.651478183929
14.95,0.598713116637646,0.638319161784375
5e-05,8.71382976253154,0.144195135015261
5e-05,1.43164417869772,0.476357371754124
11.60005,0.598713116637646,0.240111085063757
44.1,0.444045394125611,22.1950315717392
13.95,6.4323746596228,5.5793582939947
5e-05,0.65384104374822,1.0584577681164
63.05,1.43164417869772,13.2875997585489
14.1,0.65384104374822,3.01195615728504
7.30005,0.320642073462975,0.103642933574318
15.70005,1.75517854345372,2.00968015988915
8.30005,0.598713116637646,2.65058024461612
7.10005,0.320642073462975,2.98844797815024
8.60005,0.598713116637646,1.76883948130898
25.75,0.598713116637646,2.40439610322791
25.3,0.598713116637646,0.113173146451633
11.80005,0.320642073462975,6.4525899733831
12.45,1.43164417869772,0.00418929244520531
38.25,0.0607861740513254,1.50028395792228
56.7,0.0648218189611776,0.413852192890671
6.80005,1.43164417869772,3.30965630340536
9.10005,0.320642073462975,0.0830489043777622
42.65,0.65384104374822,1.95130493908679e-08
23.5,0.320642073462975,1.49775402063901
8.20005,161.462764980978,0.488456019990062
6.20005,0.65384104374822,0.00898448668513168
12.6,0.00447071169749475,0.313803259950296
8.70005,0.65384104374822,12.3092428621659
12.65,0.320642073462975,0.921210194714285
10.90005,0.320642073462975,0.0270349825961665
5e-05,0.65384104374822,0.00582950527894342
5e-05,0.65384104374822,0.0222126772674954
22.55,1.43164417869772,2.0187868891837
9.20005,1.43164417869772,8.3149085870463
34.35,1.43164417869772,3.55546426724852
5e-05,0.141905648498665,0.164110664276405
86.4,0.65384104374822,0.0109124179833374
28.45,1.43164417869772,11.3287902321903
5e-05,0.65384104374822,1.62424697786492
5e-05,0.320642073462975,0.0532973668567453
5e-05,0.598713116637646,0.394544728627115
5e-05,0.65384104374822,0.0484291318055124
5e-05,0.65384104374822,1.27543659187151
22.80005,0.0204356844439141,0.241772551622242
14.3,0.65384104374822,25.1069990409055
28.9,1548.37637586889,4.95776571562902
13.60005,0.598713116637646,1.46433115177839e-12
23,1.43164417869772,2.22805762835879
7.00005,0.65384104374822,0.0145529562067593
57.2,1.23946341905785,9.33215574378587
7.60005,0.65384104374822,0.278307333194739
5e-05,0.0116807528939244,0.0223377077969348
12.55,0.231518841195309,0.691665290472346
5e-05,0.65384104374822,0.0584498328433454
5e-05,0.320642073462975,0.0832048054163126
5e-05,0.65384104374822,9.70521015825938
11.3,1.43164417869772,12.0775908329251
5.60005,20.5457852430309,0.800994823379763
13.65,0.320642073462975,0.755187590041497
6.70005,0.00930347846639291,0.000394147412262225
8.40005,0.65384104374822,0.0163081671431302
13.00005,0.598713116637646,0.000184208569741141
5.40005,1.43164417869772,13.1135125352657
8.30005,1.43164417869772,0.02541348978787
8.20005,1.43164417869772,0.936824615955912
17.45,0.320642073462975,0.00221485917758577
5.40005,1.43164417869772,0.0195962495075331
11.25,1.43164417869772,1.65671290818655
5.20005,0.598713116637646,4.37886921806724
5e-05,0.598713116637646,0.830298048071882
6.50005,0.598713116637646,0.112743321820813
6.20005,308.456890734099,24.9562033711541
21.4,0.320642073462975,0.0194331531244033
6.50005,0.65384104374822,1.07619878947543
7.20005,2.48410682938372,10.074891727014
10.9,265.294768030304,0.31879808889133
11.3,0.65384104374822,16.2154121362084
9.95,17.864181214118,11.7253642886845
5.90005,0.320642073462975,0.765561924558192
5e-05,0.320642073462975,3.62757393097208
7.30005,0.320642073462975,1.36182076138121
31.00005,0.65384104374822,3.36562076717671
5e-05,1.43164417869772,6.0772496085123e-07
65.55,0.320642073462975,0.103372409386168
5e-05,1.04122089790129,0.11347418603197
33.05,0.65384104374822,8.49946279987586
10.20005,1.43164417869772,1.1304462293539
57.3,1.43164417869772,9.79613694052466
86.6,0.65384104374822,16.8148030251359
22.4,0.65384104374822,0.694638399365859
70.95,0.598713116637646,0.387035205439163
7.60005,5.53054528834438,0.103022661006719
25.4,0.167392552538613,3.86110761266677
5.40005,1.43164417869772,13.8845331649536
5.20005,0.320642073462975,6.7346558433525
31.5,0.31066350891427,6.21370005346489
16.10005,0.320642073462975,2.25837216456113
39.25,3.95767654981231e-05,1.20081138669962e-07
7.00005,0.65384104374822,0.194296097874555
3.10005,0.320642073462975,0.00208521911209131
17.45,0.65384104374822,1.02639593327192e-09
20.65,0.598713116637646,0.858580810099362
20.75,1.43164417869772,6.75492651006952
2.50005,0.0625922069851554,0.155938061138447
6.70005,0.598713116637646,8.01321941710708e-12
5e-05,0.320642073462975,6.41743347895912e-17
4.20005,0.320642073462975,0.318613696609513
8.70005,0.65384104374822,0.0895680635451843
11.90005,0.00262549567234913,2.89216710715534
6.60005,0.65384104374822,0.289989454264494
18.25,0.598713116637646,0.590156750520475
4.60005,0.0733791399291392,3.46300289903543
2.60005,0.613747674412583,2.95380343815361
7.10005,0.65384104374822,3.40652404131875e-17
18.6,0.65384104374822,9.67829465284947
14.4,0.65384104374822,13.1827719961505
7.30005,0.598713116637646,14.9461902129986
11.90005,0.65384104374822,7.88786247434658
5e-05,2.5048220691288,0.256512627931583
11.9,0.963968201794325,2.91029275021441
33.05,0.123260988091399,0.863414480752305
27.25,0.598713116637646,0.120561977441794
8.90005,1.43164417869772,9.01362350084271
7.60005,0.320642073462975,0.0257762602210227
10.9,0.320642073462975,0.21104170246812
14.6,0.598713116637646,0.0788751220170248
6.80005,0.65384104374822,1.01388847520898
5e-05,0.65384104374822,0.23619394315894
8.80005,0.320642073462975,2.97239839231906
6.70005,0.042356265086728,0.523252847893239
10.20005,0.598713116637646,12.882633469394
5.00005,1.43164417869772,2.9829077528912
18.80005,0.65384104374822,1.6909031398348
12.45,0.65384104374822,3.15080548106069
2.30005,1.43164417869772,8.0226387525911
10.60005,0.320642073462975,1.94226840051792
7.40005,0.320642073462975,0.191135785648034
6.00005,0.773849242080491,0.335994539696396
11.90005,0.0449417114041308,6.25954718778324
3.70005,0.320642073462975,0.204539746509411
5.70005,1.43164417869772,0.242385639591503
20.95,0.598713116637646,4.37764447628695e-09
5e-05,0.320642073462975,0.00665339942450777
5e-05,0.65384104374822,7.90920750670507
16.05,0.598713116637646,6.13427457426536
41.4,48.6884420804099,7.07475677678628
20.75,0.252738819293771,6.27780493412927
11.60005,0.65384104374822,11.471124132377
6.50005,0.65384104374822,9.83946941802327
4.60005,2.99167842243574,0.0553208657600915
3.40005,0.65384104374822,0.345764699500434
18.50005,0.65384104374822,0.0263189258300966
3.50005,0.320642073462975,6.66545739295117
5e-05,0.320642073462975,0.105560414628578
2.50005,1.43164417869772,1.95318470640442
24.1,0.598713116637646,6.20524505106724
13.45,1.43164417869772,4.65511650301194
3.10005,0.598713116637646,0.00293107275274722
4.30005,0.320642073462975,0.300400343075948
2.80005,0.320642073462975,0.0389317448302408
3.00005,1.43164417869772,2.26746359645388
22.6,0.598713116637646,13.2595487587083
36.95,1.43164417869772,6.77355605569525
6.30005,0.598713116637646,0.429881210549666
7.10005,0.320642073462975,6.94337604043044e-09
9.30005,0.320642073462975,9.9472762846489
4.10005,0.598713116637646,1.54736434654738
13.35,0.65384104374822,1.51628786229571
28.8,0.598713116637646,1.41577631761235
19.1,0.65384104374822,2.18222783576432
8.00005,0.598713116637646,1.15103431053283e-10
5e-05,0.320642073462975,9.12717503838843
5e-05,0.598713116637646,2.82246994990459
4.30005,0.320642073462975,3.63728020642776e-06
11.30005,0.136810695713356,0.00232023860232297
26.55,0.598713116637646,10.6960557725777
75.3,0.0405571625668329,1.14472460934862
12.45,0.320642073462975,16.8861539913077
17.8,0.65384104374822,13.1194529397702
5.90005,0.598713116637646,0.135565708323945
9.90005,0.598713116637646,1.06030627489452
5.00005,0.320642073462975,2.4189553075556
26.55,0.598713116637646,6.84284212575795e-09
6.40005,0.65384104374822,0.000730897374755605
14.75,0.320642073462975,0.246228932543738
12.4,20.0015031332507,8.10586800743509
10.00005,0.598713116637646,3.27534124796038
14.2,0.320642073462975,1.44603766376076
19.05,1.43164417869772,0.116603001631866
28.55,0.320642073462975,0.000476112122960203
13.85,1.43164417869772,0.00519130016874753
37.75,0.0355826754058273,3.39434179499849e-07
11.8,0.0248761731281605,0.323327747149361
5.20005,0.598713116637646,1.02680514256362
5e-05,0.65384104374822,6.01032958431381
5.90005,0.598713116637646,1.82995879439153
55.7,1.43164417869772,6.57448010999783
4.70005,0.598713116637646,0.0232353579899594
7.50005,1.43164417869772,9.26461161266993
6.70005,0.320642073462975,3.11560576444291
16.45,1.43164417869772,18.9966186991274
5.30005,0.320642073462975,6.73699631709464
16.20005,1.43164417869772,22.2078751050834
8.50005,0.65384104374822,0.10181084983927
10.9,0.598713116637646,12.9680010681805
12.1,0.598713116637646,6.56135419151592
14.25,1.43164417869772,12.585732283372
10.55,1.43164417869772,1.08313067671172
13.15,0.464770145156906,6.4964485601181
6.10005,0.0969930704366156,0.67145050297258
14.9,0.182731085526229,6.91807650647452
5e-05,0.65384104374822,0.84180194591323
9.40005,0.65384104374822,0.000941318276738164
16.15,0.0622896131523306,4.85789559514369
32,1.43164417869772,0.0163788041017559
5e-05,0.598713116637646,0.128729490014755
5e-05,1.28702354540943,1.77138169117213
10.25,0.65384104374822,7.18907568613048
13.5,0.320642073462975,2.63304611332333
6.20005,0.320642073462975,0.0154788896020666
5e-05,0.598713116637646,2.8057548678354
17.1,0.598713116637646,6.72723739446671
5e-05,0.65384104374822,4.3158905954591
5e-05,1.43164417869772,6.39102839298662
16.1,0.598713116637646,1.22578400936913
6.80005,1.43164417869772,0.257134461607677
5e-05,1.43164417869772,0.14651791241474
14.15,1.43164417869772,16.4580777015751
43.2,1.43164417869772,4.44823112643482
5e-05,1.43164417869772,0.00439213337407555
5e-05,0.320642073462975,3.35142074637785
15.9,1.43164417869772,10.6156856481246
10.6,0.0633445587408638,4.28665727444621
13.75,0.598713116637646,0.118443345157422
18.45,0.598713116637646,5.01129454505453
9.6,0.65384104374822,3.8329850435635
17.85,0.0367321131704656,0.00935735914901651
13.25,0.320642073462975,0.936715627258246
9.00005,0.320642073462975,0.0279165320758954
27,1.43164417869772,1.80128078827965
16.95,0.320642073462975,3.80895114021963
5.80005,0.65384104374822,1.58241692216331
5e-05,0.320642073462975,2.93182935335227
5e-05,0.0307464719178768,0.240960915988698
16.00005,0.65384104374822,0.371938105023503
29.15,1.43164417869772,1.60355192414169
7.60005,0.0324983437692953,9.6829560919397
33.05,1.43164417869772,0.415047250843078
15.45,0.598713116637646,2.23512395365077
9,0.65384104374822,2.85816405746304
10.00005,0.00313494593600016,0.0380548792477129
15.90005,1.07233288536593,12.8030349612552
9.70005,0.65384104374822,5.40588816498583
7.40005,1.43164417869772,5.33211458898223
7.20005,1.43164417869772,14.4758946304972
24.05,1.43164417869772,26.7376214888633
5.20005,1.43164417869772,6.11042403284643
55.75,1.43164417869772,12.3602463154839
16.5,0.0149577865477653,0.203250677586924
15.15,0.598713116637646,2.09191150908191
43.6,364.961462701326,4.68757916320007
5e-05,1.43164417869772,11.7576702542331
5e-05,0.65384104374822,5.53239960259927
6.00005,0.320642073462975,0.4632917035547
5.30005,0.598713116637646,3.30110396191929
15.70005,0.228970097195738,0.713400159171255
5e-05,0.65384104374822,9.65247647690898
5e-05,0.320642073462975,0.00686836794309842
15.90005,0.00170976061448886,0.00344920276360106
5e-05,0.320642073462975,0.528651910039556
4.60005,0.598713116637646,7.12343865304823
5e-05,0.0105336989210378,1.61463116381268
5e-05,0.506783981475219,0.00378275850301061
5e-05,0.211298570727747,7.02744636130715e-24
8.30005,0.320642073462975,0.176813411201339
17.55,0.320642073462975,1.40562535561354
5e-05,0.598713116637646,0.00160148489043242
16.95,0.598713116637646,0.910183564048237
5e-05,1.43164417869772,0.239794346247935
5e-05,0.65384104374822,0.000320284615583293
5e-05,1.43164417869772,0.631965607345929
4.40005,0.320642073462975,0.00031834244442556
14.55,0.320642073462975,1.63704852106745
5.10005,0.598713116637646,0.0420604086507576
11.45,1.43164417869772,4.66559063516745
5e-05,0.65384104374822,3.28294642433697e-05
5e-05,0.65384104374822,1.90637209969225
4.60005,0.65384104374822,4.02149426782556e-07
14.95,1.43164417869772,14.1466966964003
6.20005,0.320642073462975,0.10491736773473
25.05,14566.3394608977,0.0309285112540387
5e-05,1.43164417869772,11.5196651755357
7.30005,0.320642073462975,17.7477910170704
16.3,1.43164417869772,7.79602141428055
21.65,0.65384104374822,1.65489365025031
20.5,0.0192779505222765,2.39697769632669
6.90005,0.65384104374822,10.5069992741563
5e-05,0.65384104374822,0.305421362304008
10.8,0.598713116637646,1.94857608735685
5e-05,0.598713116637646,1.14346071073631
6.80005,1134.92171009154,0.390032402324418
17.85,0.65384104374822,1.44436706809286
7.70005,0.320642073462975,1.07902451846202
5e-05,0.320642073462975,5.95056051624771e-05
22.90005,1.43164417869772,9.69040185803849
6.20005,0.320642073462975,9.63860566759404
12.2,18.8285675397849,6.20558433711076
5e-05,1.43164417869772,2.90239293851766
5e-05,0.598713116637646,9.53542547847942
5e-05,0.320642073462975,0.0249837900830473
10,0.598713116637646,1.11190436466507
5e-05,0.598713116637646,0.220044529272267
9.70005,0.65384104374822,2.01926921375074
5e-05,0.598713116637646,0.16843334337715
5e-05,0.65384104374822,2.61296845621472e-26
14.15,0.320642073462975,0.008713218734039
8.00005,1.43164417869772,4.69943096618266
5e-05,0.598713116637646,7.09324317093466
13.4,1.43164417869772,0.326303692312908
5e-05,0.320642073462975,0.113476534487934
63.7,1.43164417869772,0.0365498679087115
12.15,1.43164417869772,13.5497529105685
10.00005,0.65384104374822,3.64396149310613
9.90005,0.320642073462975,1.18672310138368
6.60005,1.43164417869772,0.572964934689914
5e-05,3.32010124820487,1.81415161698571
9.90005,0.65384104374822,0.105111274708893
12.7,1.43164417869772,2.85369339419594
4.70005,1.43164417869772,6.56918511657243
8.75,0.320642073462975,0.158645551371534
7.30005,0.598713116637646,3.01070645829523
9.30005,0.15793187579631,2.23802930505377
6.30005,638.968770365918,7.84381668172242
11.80005,908.463478798499,2.72265505449386
12.55,0.598713116637646,0.938919446079295
9.60005,1.43164417869772,1.2482709787112
5e-05,1.43164417869772,6.77026900904115
8.20005,0.65384104374822,6.7026973945567
5e-05,0.598713116637646,0.0147129592687822
6.20005,0.598713116637646,0.356417647221211
5e-05,1.43164417869772,1.40845457715011
9.8,0.598713116637646,1.57315789373694
5e-05,411.034184358643,3.28874114074219
5e-05,0.00786200773025923,4.05402497181082e-24
13.1,1.43164417869772,2.93828424654821
5.60005,0.320642073462975,0.972841772107361
5e-05,0.65384104374822,0.647678578154584
4.70005,0.598713116637646,2.39234486951523
5e-05,0.320642073462975,4.21214624917562
6.00005,1.43164417869772,3.3051628405426
5e-05,0.000944529433296091,0.000451597745552451
5e-05,0.65384104374822,1.56252903846714e-14
11.10005,1.43164417869772,2.46347399288719
5e-05,0.320642073462975,5.06118821157602e-06
6.20005,1.43164417869772,3.55717687087173
35.5,1.43164417869772,1.38249544366694
13.6,0.320642073462975,13.5594045306979
5e-05,0.65384104374822,8.05616280381884
5e-05,0.65384104374822,0.50203024450635
9.45,0.65384104374822,0.935512059108557
11.25,1.43164417869772,6.03100632497604
9.10005,0.65384104374822,0.00160913116309275
10.2,27.7422829785036,0.00459239701336188
5e-05,0.65384104374822,0.016641820762499
47.6,0.598713116637646,3.75311318268843
5e-05,0.65384104374822,0.340226827189841
12.70005,1.43164417869772,17.4049131639852
5e-05,1.43164417869772,5.79747331184526
9.50005,0.65384104374822,0.229137683345481
5e-05,0.0203160535268835,0.566508700075873
7.60005,0.320642073462975,1.19140603388746
41.2,0.598713116637646,0.077809474207361
5e-05,0.0394226760198494,0.535218963707304
7.70005,1.43164417869772,0.0184041355161844
9.00005,0.320642073462975,0.000630759331139922
10.35,0.65384104374822,6.50876022103706
14.7,0.320642073462975,1.31306768979147
8.50005,0.320642073462975,2.7307337041103
6.20005,1.43164417869772,2.73060326047366
9.50005,0.320642073462975,9.16083368388078
11.20005,0.598713116637646,3.30353456266258
15.4,0.598713116637646,2.21868297031694
14.6,0.320642073462975,2.29588274815557
8.20005,0.66334189102034,12.1490698716263
5e-05,1.43164417869772,0.0549005058447733
6.20005,0.598713116637646,6.02630135077752
37.2,0.320642073462975,13.9003150171245
11.9,1.43164417869772,18.3267357599763
15.20005,2.72949167542943,1.75129393701519e-05
5e-05,0.0192953056067381,0.382782387449914
6.80005,0.598713116637646,0.864511303513559
5e-05,0.65384104374822,3.47853436748752
11.80005,0.320642073462975,2.43527803464794
5e-05,0.598713116637646,2.07313393100211
19.9,0.65384104374822,22.3884169738324
5e-05,0.65384104374822,0.316289993056106
6.20005,1.43164417869772,13.2191398143237
6.7,13.1092505544552,1.41817665606103
51.3,1.43164417869772,14.9621453971156
11.60005,1.43164417869772,4.61859296120883
15.35,1.43164417869772,5.19954262108887
13.25,0.598713116637646,1.1005437247882
24.75,1.43164417869772,16.4360840407093
6.80005,0.65384104374822,0.0505683008342053
10.65,1.43164417869772,0.853326932792674
11.95,0.933309150845027,3.67349253921946
5e-05,1.43164417869772,13.7538550456318
9.10005,1.43164417869772,10.5711515184045
5.20005,0.00136990428102148,1.96332791577109
9.65,0.65384104374822,6.76687007910054
5e-05,0.320642073462975,1.52245101560202
11.70005,0.65384104374822,10.3046949720465
6.90005,4.58141832863558,0.0783986803063643
5e-05,5.92222862316878,0.0515836031641923
10.80005,0.598713116637646,0.781895072413026
5e-05,0.65384104374822,10.9459775158721
7.20005,0.598713116637646,4.52348347532358e-11
10.3,0.320642073462975,9.20852123819947
19.1,1.43164417869772,2.30508246775061
72.6,1.43164417869772,17.2025501746439
15.60005,0.598713116637646,3.12449572780554
11.30005,1.43164417869772,7.40115440537762
6.10005,2.93783658362255,0.00244591720517279
7.00005,0.320642073462975,1.30470509904916e-23
6.00005,0.65384104374822,1.96872323845283
62.40005,0.598713116637646,9.11583770451597
22.25,0.320642073462975,3.45012747317182
35.1,0.598713116637646,10.2835974910862
8.90005,0.65384104374822,0.663428613114712
44.4,0.320642073462975,0.117969733567094
24.15,0.598713116637646,27.9872609842297
12.5,1.43164417869772,11.474750552679
18,0.0170191154941803,1.08105522988511
5e-05,0.00100524213086504,2.15699152932154
15.05,0.0106677778577746,0.856506748746673
5e-05,0.320642073462975,5.48596714104638
5e-05,0.65384104374822,8.25690379246618e-25
5e-05,1.43164417869772,14.4911203145316
6.10005,0.65384104374822,0.117035227622111
5e-05,0.65384104374822,3.35684307090901e-08
5e-05,20.314366080867,0.168610294681075
5e-05,0.598713116637646,1.51620646353581e-07
5e-05,0.598713116637646,0.692552187804096
5e-05,0.65384104374822,0.776599109629512
39.35,0.598713116637646,2.60632101114037
24.8,0.0908660914347081,12.8894724740113
5e-05,1.43164417869772,3.81366914508372
13.35,0.320642073462975,7.68912821716503
6.70005,0.598713116637646,0.466650646697433
5e-05,0.320642073462975,9.90025950419976e-06
11.9,0.65384104374822,0.00330949610581596
6.80005,0.598713116637646,0.120859024029971
5e-05,0.65384104374822,8.74384093533943
6.10005,0.598713116637646,3.93083888577302
5e-05,1.43164417869772,9.82774433355788
10.30005,1.43164417869772,2.77831441293837
6.40005,0.320642073462975,0.462279305471877
39.45,0.869771480148044,11.1753913701535
45.95,1.43164417869772,24.8895518834039
150.65,0.598713116637646,53.1836476121444
32.25,0.65384104374822,0.74002930463274
37.55,0.65384104374822,24.0638268845921
58.05,0.65384104374822,36.559093455148
59.75,0.320642073462975,19.10633252976
81.95,0.320642073462975,1.05085224540777
100.65,1.43164417869772,45.8907301866096
47.05,0.65384104374822,20.5263777250303
116,0.598713116637646,0.125349500319858
85.95,0.0190304490249826,0.409050025337875
86.7,0.65384104374822,37.9516871696776
82,0.320642073462975,2.1265984894312
46.8,0.0568386780382719,40.2459361668632
43.95,0.0159176735990534,33.2588629875047
118.7,0.00098671936215158,28.9693139230303
51.25,0.65384104374822,37.7860222879567
64.2,0.598713116637646,6.42428909422792
102.05,1.43164417869772,39.4105456824179
26.5,1.43164417869772,20.6752830006523
92.25,0.65384104374822,36.3162609255925
123.35,2.00531881520537,24.0119767796523
120.25,0.300485835745277,31.3852949790915
97.6,0.65384104374822,7.65697519561721
12.3,1111.29099317742,0.341041418371965
45.95,1.43164417869772,22.0170529310422
15.4,1.43164417869772,11.4904197030019
37.3,1.43164417869772,7.07112327302436
17.15,0.150845616475521,0.0165144591986335
22.60005,0.598713116637646,0.923777998529028
41,0.320642073462975,0.0400274584475617
7.50005,0.320642073462975,4.92649012638361
31.35,0.320642073462975,0.20125061285475
12,0.598713116637646,13.6119516536693
22.1,0.320642073462975,7.67933678432053
29.45,0.598713116637646,17.8257723243784
15.9,0.65384104374822,23.5829973845549
16.95,11.7075512037019,16.0380440349518
23.2,0.598713116637646,12.7418505991659
18.7,1.43164417869772,15.9962007017734
21.1,0.65384104374822,4.9014637025632
70.05,0.598713116637646,0.103086980435583
14.8,14.0216191602941,22.6460806447558
21.05,0.000321466951749774,0.139141424829762
99.55,1.43164417869772,30.6356525516726
12.60005,0.598713116637646,11.9407967782009
7.45,0.598713116637646,1.57810690230853
9.40005,0.320642073462975,5.22467206920053
24.6,5.78032936540994,7.64958903874879
5.45,0.0288318973737471,1.08469696439233
4.80005,0.000193372330048244,3.08475181670677
18.3,0.598713116637646,17.6910547246979
6.00005,0.320642073462975,4.29111645903297
8.50005,0.0710987042135105,1.05800778416956
9.50005,0.65384104374822,0.00613330332720558
38.55,0.320642073462975,2.95932355635144
35.2,1.43164417869772,0.0312763803672954
9.7,0.598713116637646,1.28848877777157
13.85,0.65384104374822,4.16875805147931
12.65,0.65384104374822,0.746685293636864
16.5,298.103608060797,1.41527749270693
5.90005,0.00278399377519718,4.49456781837528
14.3,4.51313036579346,0.539909500375196
34.05,0.65384104374822,7.62084763555131e-10
5.20005,0.320642073462975,11.1563043258686
54.15,0.598713116637646,1.05791798845504
5e-05,0.598713116637646,2.78422973264085
10.25,0.320642073462975,15.3774384803012
5.80005,1.43164417869772,0.0560829946912652
9.75,0.00355951073140655,3.29202371788434
16.4,0.65384104374822,1.81136952753576
12.15,0.320642073462975,3.42162976024794
8.4,0.598713116637646,19.6501398931178
6.20005,1.43164417869772,7.83971067789455
5e-05,0.320642073462975,0.188303961404961
31.45,0.598713116637646,3.1797897342385
23.8,0.320642073462975,1.18298011402187
4.60005,0.320642073462975,11.0961895645736
7.00005,9.17937671264357,0.0149371656079796
15.5,0.598713116637646,3.22811389867493
6.00005,0.320642073462975,0.0956818699980871
43.35,0.65384104374822,0.0976332734410508
4.70005,0.320642073462975,10.3800347341483
7.65,0.65384104374822,0.95556055372551
4.50005,0.598713116637646,8.92817061694393
24.1,0.320642073462975,5.87244705836419e-06
5.70005,0.598713116637646,0.823652177132868
5.80005,0.0485989892583493,0.637262719312003
4.90005,0.65384104374822,1.97203617874604
56.7,0.65384104374822,7.77288248683932
6.10005,0.0421017387287648,4.40115569943712
25.15,0.320642073462975,14.693838831846
9.35,0.598713116637646,4.39053203938958
15.5,1.43164417869772,3.79459925485067
27.6,0.65384104374822,1.1364737363759
14.05,0.320642073462975,1.77424538493086
5e-05,0.598713116637646,10.3643070321404
35.6,0.598713116637646,0.722646090089444
5e-05,1.43164417869772,10.7715156323591
27.1,0.320642073462975,0.00246932794755731
17.3,1.43164417869772,16.7754744294996
14.15,575.726172884018,4.62269819620316
12.15,38.511253721712,0.091536383020114
5.30005,0.65384104374822,0.430336024168852
9.75,0.320642073462975,0.482557990249531
19.25,0.320642073462975,0.00640255697955109
7.55,1.43164417869772,10.6443571019434
4.80005,0.65384104374822,9.86151788140491
5e-05,0.320642073462975,8.41546079561054
6.00005,1.43164417869772,12.1912815516653
42.3,0.598713116637646,0.333928372833207
9.40005,0.320642073462975,0.0413301130482465
8.80005,1.43164417869772,12.7583608015096
40.55,0.65384104374822,1.81653135191292
8.40005,0.598713116637646,2.04116599298414
5.00005,0.65384104374822,0.88998435772225
53.9,0.65384104374822,4.78257616407064
11.3,1.43164417869772,7.23012921701777
7.80005,0.598713116637646,9.09885578760704
7.60005,0.598713116637646,30.5119310152214
12,0.598713116637646,5.50187184695575
8.90005,0.65384104374822,1.59027192239828
86.1,2365.94320948826,1.15515671381057
15.65,1.43164417869772,6.56833678297049
12.90005,0.598713116637646,0.00888633367555888
5.5,1.43164417869772,7.02810930712335
5.90005,0.65384104374822,1.52209917089445
11.85,0.320642073462975,5.83055577728832
30.35,0.598713116637646,0.0204065854217353
12.10005,0.65384104374822,8.43500317864787
8.10005,8.4537178782973,14.3263147713769
5e-05,0.00219658617337651,2.97673300636863e-13
5.90005,0.0206194551543979,0.0883052114253906
60.5,0.320642073462975,0.000867634778245102
4.8,65.4848640955986,9.43376196610924
11.2,0.320642073462975,0.0127181380231409
11.85,0.320642073462975,10.8603480616485
15.10005,0.598713116637646,0.1932006929052
5e-05,0.320642073462975,1.22661013582737
7.3,1.43164417869772,2.97006897110225
21.05,0.598713116637646,8.93004806266455
13.80005,0.598713116637646,2.39244258345075
12.7,0.320642073462975,1.28882822925132
15.45,1.43164417869772,6.59083906889985
6.70005,0.65384104374822,5.00842246712445
16.30005,0.598713116637646,6.64056196823833
11,0.598713116637646,0.433363164749739
5e-05,0.598713116637646,2.91672958959252
6.90005,1.34877571236998,3.30285176417193
9.10005,0.65384104374822,0.538636569501489
15.65,0.598713116637646,13.9846366097084
69.35,0.65384104374822,45.985910258985
10.80005,110.803570494827,56.3405264285089
46,0.320642073462975,38.0096249972056
50.45,0.65384104374822,0.000674503116713099
8.60005,1.43164417869772,20.9993618657758
20.50005,0.320642073462975,24.1665765257775
4.80005,0.000528909669024958,8.63594715596805
9.90005,0.320642073462975,8.48478298128161
67.6,0.65384104374822,0.367383716343331
5.70005,0.598713116637646,0.273290279266107
30.9,0.0553413310352255,12.6792932001552
6.10005,0.320642073462975,0.0599407031335658
11.60005,0.65384104374822,4.11176526114788
5.50005,0.598713116637646,11.5393250554321
10.85,0.320642073462975,1.41164895409723
8.20005,1.43164417869772,24.1658302074594
30.6,0.598713116637646,25.9990887383081
13.35,0.65384104374822,24.5146181216466
6.30005,0.320642073462975,22.4179535380712
23.15,0.65384104374822,10.5278132608894
32.15,0.65384104374822,1.23858855957333
74.05,0.320642073462975,2.9560350805939
32.2,1.37124593479213,0.00121933283807479
60.45,1.43164417869772,5.70746708236391
11.10005,0.65384104374822,32.6933447332556
6.40005,0.598713116637646,0.00797480676443733
5e-05,1.43164417869772,0.658640619120318
8.70005,0.598713116637646,1.72036358286587
3.40005,0.254980000342998,2.77088348308508
8.60005,0.320642073462975,1.11632819207226e-05
6.40005,0.320642073462975,11.5781414426037
48.5,286.050551295815,9.71943475889672
4.20005,204.722543888944,1.91218119023928
14.55,1.36322920029451,1.33947915021438
17.5,1.43164417869772,13.2828501072133
8.80005,1.43164417869772,6.02957316561122
19.45,1.43164417869772,28.5894758987049
24.25,0.65384104374822,11.7578907330103
25.4,0.65384104374822,4.20459545487953e-44
12.3,0.598713116637646,6.29606224213357
18.3,10.3071242380269,0.00272227603771233
25.05,0.320642073462975,0.263060821048992
91.7,0.839800222709023,26.0288395229843
16.45,0.320642073462975,5.89954349551393
19.55,0.560973278758206,4.14300010748566
49.45,276.468550865942,17.0155593731027
35.05,0.320642073462975,11.946083369533
23.25,0.65384104374822,6.32104473348388
30.8,0.946155690804849,7.26193287349333
30.85,0.320642073462975,0.0272978473661192
24.1,1.43164417869772,10.2393531663237
7.85,0.598713116637646,11.0777201216224
20.9,1.43164417869772,18.9961988786979
28.95,0.320642073462975,3.75477621776616
12.75,0.65384104374822,22.4368101446673
42.15,0.320642073462975,33.7622333569827
78,36.78542801202,0.306003138914105
64.45,0.320642073462975,4.40650795266383
26.45,16.8995289860912,10.1701055489332
39.9,0.65384104374822,29.9589326728849
46.35,1.43164417869772,19.788728417275
17.30005,0.320642073462975,17.9931367076222
60.15,0.65384104374822,1.56001635079575
27.4,0.00181316880989357,3.08148785179963
24.85,142.624771612679,2.31294198069739
14.15,0.65384104374822,0.466308955159449
17.5,0.65384104374822,1.39735501928143
25,0.598713116637646,0.406763271156343
20.45,0.320642073462975,13.9739126783422
19,2.13611596605285,5.53172044715667
18.55,0.598713116637646,0.755521862940228
31.65,1.43164417869772,12.7403509467735
49.45,0.65384104374822,5.40553857187468
56.2,0.598713116637646,0.324821582290747
42.45,0.598713116637646,19.1710156711048
32.45,267.122477639629,10.0090783203427
33.7,0.65384104374822,42.932113912071
39.4,0.320642073462975,28.6237937635564
25.55,1.49166015536795,0.740452923074389
7.30005,0.320642073462975,9.36394929135957
37.6,1.43164417869772,15.8593684353726
17.55,0.65384104374822,31.5233712857581
23,0.3584572083292,0.0689911970317406
32.75,0.598713116637646,8.48406422771815
42.35,0.598713116637646,49.2719962790002
39.9,0.65384104374822,8.45645258445685
72.55,0.65384104374822,31.673771481502
54.55,0.320642073462975,28.8852574382804
14.4,0.320642073462975,22.2785752286614
29.2,0.598713116637646,0.01249777877627
38,0.598713116637646,25.7293490251182
11.10005,0.65384104374822,24.8670209199497
59.9,0.320642073462975,0.281719524558474
49.75,0.320642073462975,33.1812896938124
16.7,1.43164417869772,5.2160522768545
28.5,0.598713116637646,31.07572601949
17.75,0.320642073462975,2.06287116502995
19.5,71.2621205946526,10.9187869332304
23.45,0.65384104374822,17.5513880244247
13.2,0.65384104374822,0.0391163183726685
48.9,0.65384104374822,2.38717826732593e-09
10.40005,0.598713116637646,1.67951274544765
52.45,0.0568412631515432,12.3007115317418
9.90005,0.320642073462975,0.00137466597508018
12.90005,1.43164417869772,3.64405341383367
59.75,55.84701687563,16.9127304485911
5e-05,1.43164417869772,13.6092029752748
12,293256.521756566,1.81414359881116
14.00005,1.43164417869772,10.2936434881665
53.05,1.43164417869772,13.76287116958
6.00005,0.385681937263298,7.93877972886524
15.9,0.320642073462975,0.150665184078967
8.10005,0.320642073462975,7.03736135608976
26.7,0.0703028508805018,3.84215819517507
30.95,0.320642073462975,0.914312259425198
11.35,0.0967433266993726,0.501104138355755
7.60005,0.0293803773941038,11.853973315266
13.25,0.598713116637646,1.99217524362013
16.65,0.320642073462975,1.54593473658215e-15
11.25,1.67715070655785,1.98439033852052
9.90005,0.00813873325558497,0.376604675446508
5e-05,0.65384104374822,0.142746833476401
11.90005,1.43164417869772,1.65518114070063
15.35,0.320642073462975,0.0746793130244515
10.35,1.43164417869772,0.14720972717975
125.55,0.0282365579902602,9.71487236406337e-28
24.1,0.0419517346471463,16.2989199231519
15.50005,0.320642073462975,0.0459537633523327
7.50005,0.65384104374822,19.7282379882946
8.40005,0.320642073462975,0.00927008098831778
24.55,0.320642073462975,5.28227639283399
94.35,0.320642073462975,26.2683625587803
40.45,0.598713116637646,34.7070418385268
59,0.19682294488252,29.4705781654259
75.35,0.320642073462975,32.785391907035
32.6,0.65384104374822,29.0641129053321
23.4,0.263009027001129,6.95979185336735
62.3,0.817162066235415,48.5896097460588
56.1,0.320642073462975,23.0991840582337
48,0.320642073462975,8.52863713107177
66.7,3.05116959630773,27.3013092048203
116.7,0.598713116637646,39.8137037806645
14.65,21.9029404120015,4.21306214154303e-06
94.75,1.43164417869772,43.2898027661833
28.4,0.598713116637646,17.0345781944896
43.25,0.320642073462975,30.0965282154568
18.75,0.320642073462975,10.0554238982975
42.15,0.320642073462975,19.5777732780787
31,0.598713116637646,13.3152028470652
21.3,1.43164417869772,14.8790757836973
41.15,0.320642073462975,7.28087051734656
45.5,1.43164417869772,40.3449072577467
56.80005,0.598713116637646,31.2459116052872
37.1,1.43164417869772,12.9071293394788
15.6,1.43164417869772,30.7102567768959
123.1,1.43164417869772,15.7358440286699
5e-05,0.040309849491698,2.36182766471045
21.35,0.320642073462975,18.6817597852917
14.15,1.43164417869772,4.93427507033162
37.3,0.65384104374822,9.22728325916741
33.8,0.65384104374822,13.7893851178539
4.10005,0.598713116637646,11.9125273803065
14.05,23.1326310183691,14.5074369914827
4.70005,0.598713116637646,0.00403708826395812
29.7,0.0180913845223015,3.41742864405424
3.00005,0.320642073462975,0.0227741148618496
14.55,0.320642073462975,8.59706238229836e-05
19.20005,0.184991991848044,0.339806537332494
36.05,31.0129808081698,1.02291038287508
24.00005,1.43164417869772,3.96025297399253
13.80005,1.43164417869772,5.16619285284304
7.90005,0.65384104374822,11.9340028435127
9.60005,0.158011502351669,4.30203732653362
6.50005,1.43164417869772,6.61947157566069
5.40005,0.235109900469853,1.55379183755664
16.35,0.65384104374822,13.3479583212643
30.6,0.320642073462975,7.37703050130182
18.9,0.320642073462975,11.8782039071495
5.00005,0.65384104374822,1.35666051319829
6.10005,0.0966369507696143,2.91673465107334
14.90005,0.598713116637646,3.74889887941649e-05
12.15,0.598713116637646,8.63308921737859
20.4,0.000254451956041246,2.79876403416739
9.20005,1.43164417869772,1.20021669913343
45.55,1.43164417869772,5.52140687484268
14.30005,0.00427768979280225,0.177573313583093
6.00005,0.320642073462975,6.17398088184714
6.90005,0.320642073462975,7.94969766338931
7.80005,0.65384104374822,9.92751145822678
38.65,0.598713116637646,7.32122643652175e-08
13.10005,0.598713116637646,0.674367425925947
19.3,0.320642073462975,0.000229924152550977
7.50005,1.43164417869772,11.2301058952253
19.9,0.598713116637646,2.29884303703946
7.30005,0.108410128746207,2.25011933154969
7.30005,1.43164417869772,8.61549311117602
8.40005,0.320642073462975,2.22191643233611e-06
18.4,0.65384104374822,0.567026660623421
31.2,1.43164417869772,5.49564172029634
37.45,0.65384104374822,2.94160958786356
11.10005,1.43164417869772,0.908690660080173
6.20005,0.320642073462975,17.0014980553956
10.20005,1.43164417869772,4.46017706554171
8.70005,0.65384104374822,8.24739775151203
6.50005,0.000293471143949113,0.00783939212989457
59.35,0.320642073462975,3.20623280073064
13.6,0.598713116637646,18.498684751129
28.8,1.43164417869772,15.354217797576
7.00005,1.43164417869772,18.5385599284322
16.55,79.5682046271619,2.56925816870668
48.4,217.761651347677,3.05965144502764
6.90005,0.65384104374822,0.29107004033329
8.80005,0.65384104374822,27.8490855130351
13.9,0.65384104374822,1.69488375493013
15.75,0.320642073462975,0.494524568267546
27.65,0.598713116637646,0.0666595649691042
55.75,1.43164417869772,1.61777556631285
7.50005,0.000942230396618158,1.00119237582635
20.00005,0.320642073462975,0.135035558148605
8.50005,1.22274253463055e-05,0.022934789973716
4.60005,1.43164417869772,1.87492038315396
11.10005,1.43164417869772,6.21810274200445
41.45,2.73419281854579,12.2563428528143
11.10005,0.598713116637646,2.53029098485041
114.5,0.598713116637646,12.616946741474
16.65,0.65384104374822,16.6912909777818
11.9,10.8486846623957,26.8521084580126
7.10005,0.65384104374822,0.609840838587234
19.20005,65.3647628031938,0.542801373385087
10.75,0.65384104374822,3.32677039986487e-06
14.80005,0.65384104374822,48.8093571701884
