Observed,PhysicsInverse,RandomForest
245.1,338.99719493295,330.147314782607
752.766666666667,282.991674858625,329.367371838635
161,170.860410776687,165.261223474955
30.7,169.792311576555,161.92217251435
111.45,206.677339286817,171.892742293967
47.2,84.9828117254223,65.2697749258315
61.4333333333333,107.749067306676,116.913189993942
182.3,239.764597062691,233.922832447635
112.5,199.491777480724,177.973032062914
40.6,79.2323405460838,49.3208294776462
45.35,73.9218999879486,50.9624967166932
44.3,86.2487541844502,59.1290883280138
44.7333333333333,89.361064377683,75.9428398877902
234.8,218.922377763739,203.459254696359
241.933333333333,105.753087048553,135.95915865768
414.8,248.495969296715,213.973609161336
607.266666666667,361.920819730631,416.222415227934
144.333333333333,86.1382941832417,71.2858911728536
773.166666666667,349.849558694577,479.307363484114
66.4,77.4009907429505,72.4704828707235
579.033333333333,375.326424071155,434.228986370002
220.75,212.705356311906,180.543536760736
347.633333333333,240.012060509846,264.829083693367
160.5,199.576343294426,165.902404264534
73.9666666666667,63.4172732393746,48.8772329893722
292.4,205.375609653905,260.343252916582
96.0666666666667,72.4069958248645,51.8756596879498
146.833333333333,95.9034257350623,104.641050736953
311,312.827404640706,315.390538453983
578.766666666667,343.493275351026,296.924382396023
40.3,88.4609321013322,58.5863938291468
409.133333333333,410.988243385875,432.441742970817
31.3,143.952379654204,159.714295176343
577.133333333333,327.839362884914,338.050760689688
632.166666666667,293.873488205288,363.818510850488
661,464.994710013206,507.389017137998
302.533333333333,283.878634711965,353.746446815008
285,237.593627303082,227.199369217185
425.966666666667,285.976468092793,307.403734244259
348.433333333333,260.807413727429,335.850429765693
112.866666666667,97.7044451903471,88.893157575866
636.266666666667,575.524664325122,467.182668204179
361.4,317.532764681917,261.621899490189
601.3,265.119871914337,331.527901334027
64.2,85.6212022672845,71.3354227845673
255.85,122.145662227836,144.248578516373
103.766666666667,75.5202455515619,78.1813317247825
597.3,315.174359569739,286.873134508826
619.233333333333,399.562360500564,381.856994852392
64.3,110.43973098716,84.7304382385838
106.466666666667,71.4831651043756,82.507086943753
117.966666666667,119.818821580074,133.743450584988
591.966666666667,305.920238763818,299.649532096974
104.3,143.579683010764,156.149544384193
882.133333333333,214.177127603282,203.324081537836
73.1333333333333,101.473153124669,89.0707309828164
134.733333333333,235.983102211027,220.442251037279
157.133333333333,230.29543127844,228.810152707528
121.333333333333,165.125971033361,126.635330302179
104.433333333333,102.222542345358,124.141129065311
175.7,96.6362250240695,78.3445010440631
117.5,143.955650648184,128.533599946983
518.766666666667,309.87532017533,349.495041284359
159.85,112.247935133905,118.750570638055
89.4666666666667,250.358464779007,239.051331663263
405.333333333333,287.718593447608,314.321094396481
377.2,290.703265414451,306.178319283229
71.8666666666667,80.9085256337496,82.749035765203
571.533333333333,459.785754826329,406.70693973132
422.866666666667,342.975929068012,315.45277789477
358.933333333333,195.272259732862,192.791133412632
152.366666666667,204.20266656762,176.049818677697
538.133333333333,462.846705730085,597.032230421066
1003.4,442.184458748291,556.972492595357
639.7,462.639328911394,550.608280943417
69.45,75.5392221536317,87.869996994273
211.466666666667,203.007399408881,163.853117454559
402.7,323.504837947702,245.811884620828
247.433333333333,140.290291007127,154.331395468512
618.266666666667,261.23469891573,318.301890828299
363.65,218.67230106322,240.77970548672
183.766666666667,236.770260738879,249.069354452583
360,315.613896974182,378.894555993579
170.133333333333,175.266022368118,136.751331343953
92.8666666666667,166.493882830816,120.770368762343
139.833333333333,245.33272996999,179.070100523589
140.95,166.675348626336,174.495225753357
169.633333333333,244.060956502733,171.448915930132
90.1666666666667,131.527657507317,137.828665035289
522.85,404.008478120777,581.806013371887
242.566666666667,202.904569559669,175.051262089325
134.833333333333,213.119966867267,183.407605614766
154.6,172.171567210947,123.778413992608
376.466666666667,258.264973231436,237.57858366205
401.666666666667,383.349170687655,410.897003743002
326.55,220.580101376401,253.62887305022
212.933333333333,222.321463870388,203.962257200004
238,281.698013740783,272.243058823924
118.05,170.360668902765,146.017518215654
288.4,142.631587680973,124.079569250355
85.6666666666667,82.2762601583424,78.5972018561917
161.033333333333,155.370495858277,135.767143918102
105.533333333333,224.901833855114,168.199447711699
118.266666666667,83.7245288699269,93.1419380593169
835.5,356.293459184906,381.050682351171
188.7,302.616376845986,263.884698203101
236.7,157.877133882049,158.464904689384
87.05,90.7753896961765,87.2211624098216
610.966666666667,380.772225999821,551.565867616079
731.333333333333,448.640117213453,466.394102340329
256.733333333333,241.020692040204,241.385115871256
615.966666666667,261.877272898672,273.70346831451
183.533333333333,312.398843502411,286.902650662992
55.35,99.6431721662749,71.3909764167394
334.7,295.278489621153,346.855389759781
608.3,238.675846398789,259.332546403389
76.25,210.186444051515,158.133296052293
159.233333333333,170.43803839231,162.793055761465
123.4,150.375488880899,150.849017972275
95.7333333333333,249.432918486811,226.660097285066
307.45,338.381156455853,362.043848466769
327.333333333333,335.697282977137,373.477084705398
511.3,405.547097957095,334.108561108626
300.366666666667,252.395248347316,254.708453114879
53.5333333333333,59.1626647433708,35.4779796198231
489.033333333333,385.052853253384,419.714807087166
291.45,239.715588991052,232.140058045788
697.533333333333,321.785106537562,295.056898293093
91.5333333333333,134.897686030563,154.53157833721
124.45,116.720711555992,88.4152820917867
269.633333333333,271.699473566707,264.20248996598
800.033333333333,195.376298382233,226.463296961201
170.566666666667,336.006727850349,464.43951771104
329.1,329.541770155353,349.282167046297
87.5,159.753665430118,134.537672447748
262.533333333333,217.320721714231,197.125167354467
591.066666666667,420.824433255213,461.063070066639
119.45,245.478068777929,218.996527556571
135.6,179.440923154154,173.264799368966
68.9,82.0370160957838,91.6737988808551
340.566666666667,234.541887906999,309.131693518982
288.166666666667,307.452923959948,271.859537237074
493.133333333333,363.673647868703,355.166087720808
330.366666666667,192.107979816294,181.785205857027
172.333333333333,183.666383978664,187.701599186036
197.7,246.906018851233,253.366896945347
379.266666666667,337.79863530467,358.197839274772
1163.7,404.504923531068,266.451801330803
299.166666666667,201.168112005381,131.42492255692
262.1,174.439055915926,155.454749286863
416.633333333333,245.351826070793,251.797632748249
196.7,206.562120190971,229.727697804262
188.833333333333,253.130918714073,178.608492098598
270.3,307.318327478595,230.543480753579
54.3,231.443280036534,230.609789150718
247.95,211.416005912339,155.945101890325
546.633333333333,361.941179688246,417.138814205871
407.633333333333,450.894109242387,430.706537799977
156.966666666667,204.130262268442,183.050836200137
213.066666666667,177.293663527531,191.576593917507
160.6,210.034256447117,166.459085072888
143.533333333333,224.844844240636,119.96884787246
352.866666666667,224.67628003973,241.31823694214
280.366666666667,236.898936359039,206.483054956862
171.7,182.195716108473,190.961953875985
398.7,317.358536954312,282.197786517979
231.033333333333,198.475008874416,207.18555528407
379.533333333333,268.409305703043,184.798022992859
299.266666666667,259.104430336146,195.46836947724
308.533333333333,317.420728983158,279.290155422766
332.266666666667,265.484519115646,235.577206378445
298.533333333333,392.004237594514,310.444917470654
206,171.859574767957,161.30351488663
172.566666666667,180.600641589315,170.084888665828
343.8,276.708922332359,278.953338019142
444,240.26814478556,239.248262057724
346.6,173.461719038614,157.566117398163
271.766666666667,405.110795539183,433.341187619155
263.7,248.223903824958,209.903484065307
142.566666666667,213.647622059154,206.42117019543
191.6,194.935350335355,231.509358961866
539.3,192.189124792277,254.884595700697
226.466666666667,235.990437439427,266.739323717398
390.766666666667,178.535866237666,177.446551764907
258.4,229.739757060326,284.820220577906
193.7,263.260630089987,223.987202981526
268.933333333333,269.278717554622,251.656152892636
448.733333333333,342.953737525915,327.899618510611
217.4,188.291463137642,170.221968913799
362.333333333333,167.650535556113,344.184311123615
215.833333333333,232.594096994065,206.676735355113
125.733333333333,148.868775970096,134.291236487336
389.35,281.994566966048,329.719710153325
249.633333333333,285.994648250759,243.999418676884
218.533333333333,274.997713763813,375.842268052922
307.266666666667,261.535469407343,249.778869874234
404.266666666667,367.783914188256,367.197550144695
618.066666666667,300.8270424946,261.47831464523
424.9,180.79571083539,175.983417482474
155.833333333333,271.521905966542,220.07851253229
155.3,208.984035751633,209.163265365815
279.95,316.156794912711,235.549836490852
263.366666666667,261.754352368441,282.504266637404
423.466666666667,320.786451610745,314.27103486583
292.433333333333,267.451235252681,295.464282027128
154.366666666667,208.650878854066,161.898413704275
123,182.436114376878,156.625000280975
240.533333333333,208.21035443623,136.323476991236
395.933333333333,173.67907095923,167.622789894455
175,230.389786793335,196.042685131535
166.633333333333,229.634338629559,211.526447578562
327.233333333333,251.378685391472,311.212881494569
124.033333333333,203.79084583987,179.320058994471
181.533333333333,180.822635006825,133.636364234927
428.033333333333,361.115887137368,371.106889968359
311.766666666667,323.557544122233,412.071033050698
149,235.395189417819,232.655983296098
220.666666666667,233.663742229781,262.864403716987
247.066666666667,263.081368811698,380.664852479679
229.066666666667,197.73911215468,177.382252928418
169.8,241.244642751514,200.990692661469
225.433333333333,234.058589277657,218.023196416306
413.933333333333,248.337051152024,189.563172556859
209.35,238.111695271702,246.906990230742
116.233333333333,183.357910264771,180.717011336293
527.4,219.716920214505,210.437823406658
234.75,257.230412363924,312.321130824884
573.6,248.36561938202,206.475270355482
376.366666666667,269.203385516139,270.526435452559
236.033333333333,173.297566917503,186.943109722648
174.2,206.957832084257,202.643500236862
344.566666666667,309.64339695906,341.871512131224
116.733333333333,241.085897342764,196.842133506989
75.7,253.538198132042,153.055118626321
492.333333333333,241.012944116807,228.128086185096
233.6,220.258578605277,206.069304074202
415.266666666667,238.357785419006,221.335962043234
431.866666666667,233.015908572179,209.464738536223
234.533333333333,319.785026447618,283.962180420555
631.233333333333,449.329138129271,419.025489246303
99.5666666666667,201.20809770737,222.543421577422
184.233333333333,160.250175837024,125.918462555637
72.5,75.8423863100054,97.8302261561981
175.666666666667,160.156764897102,138.320175099845
92.35,123.503473813694,136.317095762234
71.05,191.383007361624,142.980451007213
247.5,237.516537259859,228.426896249055
267.05,277.190690786224,406.378987187036
292.05,219.316470900333,184.345242822164
96.2,211.565352931059,170.18893134525
333.4,146.339651040652,118.683615227937
183.6,185.583814099825,259.109910385436
306.933333333333,180.14626549102,166.440260257987
212.3,220.504200451337,263.612264578078
303.4,274.407310793406,289.871151079501
485.7,267.027791441031,302.185179980121
162.5,232.604241173395,316.393396341994
340.5,211.517181956235,194.036628630007
903.166666666667,729.054537416076,196.352648230754
644.866666666667,397.419295281234,476.409382375216
388.266666666667,309.07399335018,386.030797451602
276.966666666667,253.154841980166,251.600593965053
115.066666666667,155.12561087161,111.747300275384
189.566666666667,189.004462566411,183.180019145223
429.133333333333,254.260152358661,298.676531500897
733.133333333333,317.374594707487,341.666563392262
262.033333333333,248.608560414567,203.186380402617
613.766666666667,374.109579246027,358.01815846909
629.6,364.492007205002,406.902381145441
338.166666666667,257.141829592173,220.171803646178
364.733333333333,271.062709038322,275.712034859891
300.8,197.189303421889,235.144065556727
531.466666666667,204.561046769772,200.970451228847
276.766666666667,247.805245492382,284.538400307189
90.3333333333333,145.882464795402,147.33145961866
163.6,207.605533727859,163.538979505675
240.1,120.392931648887,145.523776075615
378.7,252.583416582605,257.888274427297
110.45,160.018811397852,133.010634069624
370.3,292.107388455897,290.170354940775
184.233333333333,180.753281370752,218.954829233018
279.266666666667,166.956151883878,122.733854410449
257.8,217.199913962872,225.176100260355
73.3,249.623746393536,340.737738083058
382.8,273.436849825497,253.503458342218
194.166666666667,183.569300148963,196.593985215046
168.366666666667,219.399092039649,197.927536628203
376.8,263.663841819801,282.437548819424
266.066666666667,175.544778292305,171.802497968901
759.6,300.165084593851,353.571148472798
397.733333333333,293.233630784056,350.404208024239
296.033333333333,238.636999100189,266.022038419041
264.4,281.881541726026,273.418278820915
820.233333333333,226.099508433151,239.119433692983
222.533333333333,213.941175768061,304.45599331733
326.766666666667,267.39692033171,329.272681360516
106.133333333333,166.062149396313,128.210440124411
204.033333333333,240.701342896616,262.896948804768
249.6,293.749017820288,318.851326980071
493.2,281.840466311656,209.921757938283
132.933333333333,208.900840741016,174.115373147253
324,356.921366701188,350.835424187477
234.1,337.701212499099,343.179458083482
641.733333333333,377.649973496956,377.088313281924
135.066666666667,159.787143319634,179.150727995602
291.633333333333,172.359136842406,143.470110006941
208.666666666667,239.232780973904,189.94535830693
182.666666666667,193.719519432835,223.838431681015
68.8333333333333,141.914418261101,96.0188770584191
158.2,223.410836277339,214.9153734528
221.433333333333,207.721523837834,208.543994116746
178.4,182.360071368042,214.464217572497
249.05,98.9808311567381,120.401547680364
282.75,192.176300020517,210.541456683659
261.5,112.771858388242,125.874435222259
558.3,336.726556846886,371.776051451896
165.75,224.162867903021,177.448890982667
151.4,138.226055465854,140.583236276839
321.9,226.457662990913,206.066229466516
313.666666666667,267.666411835595,332.543345929736
282.533333333333,191.8820975847,201.153525107002
383,295.700318424227,270.173611269498
83.05,181.982190010934,242.234535888311
91.5666666666667,178.796238684229,213.468941140445
419.066666666667,345.968814677068,354.285780472154
747.2,354.077935379918,444.684863884471
365.366666666667,238.35740157985,216.976717587115
101.933333333333,232.886469159853,164.334740511453
403.95,251.641347814569,259.962016053648
310.8,209.286402691526,242.098369901574
259.733333333333,326.228423603378,364.470948610144
163.1,198.561639361429,167.106306747441
549.833333333333,181.746071481073,181.58600153573
151.066666666667,214.826057197628,207.41050994976
233.266666666667,365.154121846006,331.30141781656
136.15,276.089212034179,291.37623111576
170.1,243.645487777601,257.089992074874
131.166666666667,194.643239206385,198.796571192165
209.7,154.074657955878,157.23867194154
227.3,267.525594781663,278.979016186442
400.666666666667,384.813189011564,382.139075503057
211.5,122.814968256519,109.395797501681
297.733333333333,263.754282309836,240.931128355343
173,232.429471348622,241.965252016776
154.833333333333,256.253842093994,286.727157690847
178.6,218.28687659203,202.65557472054
236.333333333333,210.057423512321,201.129690608148
187.866666666667,276.331341781058,286.515250062069
110.766666666667,224.699018877611,225.486574265456
198.4,258.429223965808,210.715859570262
259.7,250.849531249951,297.231363442945
182.733333333333,392.246692211343,338.150577018654
334.9,234.266050584486,298.854667866416
246.133333333333,327.123690431518,381.914338426537
574.933333333333,317.131512214028,317.284350564408
368.2,297.293086156869,361.624088589859
50.3,73.310657671074,62.0823276739025
429.4,227.040266681128,245.130121852409
272.1,208.939231805952,228.52457628431
104.1,188.755469424661,145.032243852358
147.766666666667,182.398241365835,176.335760471794
450.866666666667,207.29379097571,220.023293156208
385.85,183.06788424676,133.446971372582
177.2,371.293868830129,393.010262690368
348.233333333333,347.795017968131,311.384065711053
103.633333333333,91.4659893960865,128.368306357027
362.266666666667,239.040878713538,256.262310951899
112,240.921969169857,278.685848131791
109.5,95.0376867993814,115.829069476968
204.8,193.711519592473,160.955196570073
278.05,219.851364569035,231.136546260142
134.4,255.350535844704,229.680113837626
151.65,164.43518161517,214.311431860715
310.833333333333,189.638120377295,163.193575318639
84.1333333333333,209.429030557599,213.907464160389
386.066666666667,323.48752067857,301.052449390496
82.2666666666667,109.287886808521,124.493572669021
141.85,187.517381645622,133.510040980338
152.033333333333,205.437049118313,201.077438465423
250.366666666667,279.864838998934,310.713721733009
233.9,222.284566805736,275.545260727959
478.566666666667,318.147741462114,286.756847781939
666.2,262.293911587186,276.634889248704
210.466666666667,159.281215948464,172.101374412856
383.833333333333,262.069865913783,224.806175304667
119.633333333333,159.06217696367,146.402490491702
301.35,327.921520517182,318.124298718223
265.366666666667,217.666889640316,236.618146776281
316.633333333333,241.18703644641,272.845445533947
581.866666666667,404.86436986621,385.99280119489
116.05,232.126376306462,201.044620390097
148.4,169.153593964097,209.385084612556
405.2,283.69465992853,250.126869834918
107.833333333333,214.82301762545,163.922294241771
357.8,323.164094783348,334.305121530042
747.133333333333,365.382844955706,377.701403104788
372.5,235.724203421376,221.170981133472
620.633333333333,409.341859463713,393.02498627212
133.2,187.653199500309,223.985960070747
293.45,166.993863074821,136.851425524873
241.666666666667,261.967750289749,291.116330015047
497.933333333333,315.602654243968,277.507162968622
253.3,327.639590927525,380.176278369586
243.833333333333,174.800072410668,283.625690083822
151.866666666667,123.616571582193,124.379829270907
277.5,188.131182774713,142.097732911992
471.733333333333,344.720842581532,343.605719636668
1373.4,327.349021364675,334.220478043923
176.033333333333,186.110029083986,179.203419702719
132.333333333333,248.51485644457,231.545844729706
265.4,337.694534775344,360.879183725996
142.7,225.383698935785,206.316333823292
293.8,319.73396939443,303.620173178435
147.866666666667,188.544699939206,218.095908658929
128.75,136.401217129294,154.559667755733
77.95,106.180652495801,108.387830517225
295.15,159.736391460228,168.538988939014
408.45,306.704644885004,269.079588901733
186.15,267.807653566334,271.071020722317
277,192.953710286044,187.774722750097
415.9,290.013990124687,314.135561669548
93.15,140.914493626611,150.899938860824
616.8,143.467285269225,120.355577172953
294.55,133.725828191454,174.805932481803
192.8,215.889839863646,183.310036582219
422.1,139.146065102534,138.724918960044
233.766666666667,191.670502828966,188.990539499838
290.65,176.653102232829,144.290095185731
556.8,314.16965526079,134.170948963732
86.2333333333333,195.388252210287,221.589053167516
280.033333333333,233.945594939581,193.944347695559
347.5,320.131067607128,254.814814133927
116.033333333333,136.267600442489,160.776471458266
170.133333333333,231.040296697367,261.128827884447
403.4,340.243328056349,323.031137283736
177.1,267.851806144577,237.368437895617
177.066666666667,213.133450547471,187.377540545252
149.55,241.589186536949,235.688379906569
241.5,159.684073532478,164.794645317838
1299.5,363.405952421273,492.193168384053
131.65,233.686621231973,218.499724871002
97,132.583878050218,130.943611264317
260.766666666667,212.151372570049,199.699263238873
367,245.301897997619,326.597706344076
469.333333333333,138.621316926826,136.557752589467
90.05,152.859854420936,124.800074636644
165,188.393440012864,155.537009349331
132.266666666667,79.9151553641397,103.930091783974
796.833333333333,545.597969524041,570.1709729229
487.566666666667,312.373221137302,350.08892110828
82.05,112.731844834486,123.11568846599
311.4,284.845537414467,194.476971272373
129.166666666667,281.286574264627,233.213427209966
202.9,150.119721887361,165.469899452405
125.2,139.625194435036,136.753033963657
310.633333333333,124.260742785039,127.215422380035
61.45,131.510822092959,131.690392930423
114.65,164.131344844318,138.415560158727
180.7,146.96650214919,149.573555942786
388.9,228.167879782716,166.237835151192
137.133333333333,127.214981789001,122.070770380001
250.45,418.857646986877,395.245027193823
783.75,410.662295043424,516.006772034668
95.8333333333333,122.049206056774,125.501785011369
173.2,124.951916478752,157.185608519817
57.7,184.436495501223,162.575876230601
903.5,398.913112578111,557.819703240791
539.95,340.112001588568,389.159303207237
403.2,125.700983912663,119.734927992639
98.9,164.25990024044,128.180492921958
469.766666666667,359.731733251717,383.96948861341
234.366666666667,186.129866231226,247.892689510839
251.45,132.231499813194,144.406637775874
43.5,44.7762954260746,38.8026088526797
113.8,85.2273005738609,101.424873312838
90.55,145.707308868247,145.976689939064
494.233333333333,322.564324573807,286.049265977547
764.966666666667,417.920335260118,438.904037203434
246.866666666667,344.39744284796,358.728662406021
148.05,195.501940615569,167.863774253084
118.05,123.088079583442,134.275217612715
180.2,110.198099761284,140.896457718604
375.166666666667,264.50850830474,278.207560473313
197.933333333333,217.571692361377,219.13242888416
456.7,329.605223642293,410.901911071973
169.7,198.436501408054,191.434756591478
48.9,104.957305525256,122.664551680795
359.466666666667,205.17677401855,232.399245739402
286.4,256.936915852761,288.332113621829
722.9,359.230968866201,155.032069370975
194.3,123.109052335003,168.52248666923
310.75,263.485616070825,262.320047387201
83.2666666666667,170.081556698568,138.171284026641
177.333333333333,327.188123158909,384.448308853126
318.1,280.010801718542,255.842547909063
240.566666666667,225.532969090515,228.698670065124
109.55,187.352432017403,195.230257491899
74.25,146.129270303311,135.695134305805
427.95,211.348509716522,174.458957996353
102.45,170.048663429793,126.907166056241
156.2,285.68541279609,333.94178531921
115.566666666667,229.8153564441,206.35920600188
116.7,204.899400581257,209.596299101989
423.35,257.971816840391,318.327442258749
130.15,184.012402088493,220.736932246093
122.85,107.806945591489,118.091373197355
257.766666666667,240.771809652308,287.371446195218
195.05,289.570455692638,278.656274543069
61.7,130.97366860308,178.971773935836
126,147.837361262427,172.637782635363
200.366666666667,131.455534019399,140.075713060643
147.033333333333,338.19617747363,400.077540548554
124.9,292.977313614509,345.820585816189
126.6,238.067812650726,234.032290212804
538.3,511.251399435003,341.517929947994
99.25,172.103029147414,137.274151825548
350.6,238.773189414922,280.272617422146
229.15,147.018620118947,159.183198125096
312.866666666667,418.493136610407,526.216513784966
167.3,318.214376790771,338.524688597052
308,315.523424073557,291.509575558043
499.1,364.828282445394,403.486993180927
106.3,156.511926418771,156.543721986602
169.3,177.926887145883,159.258405139953
219.6,107.923873850564,147.703803409804
145.35,129.559708649857,110.381246436941
194.95,268.582693692333,201.569683833813
257.266666666667,280.479989430573,267.276236074432
108.6,122.911255574066,128.113000026441
844.066666666667,225.122994106,282.405336284956
240.75,391.600518485698,404.445676349367
781.7,247.852262498223,255.89324465734
193.15,137.368702855501,136.447042434246
575.8,306.366693223098,312.718655101165
277.05,230.775896901499,171.016257913259
677.4,258.097842100946,308.174785072313
139.6,111.127265002756,122.150079778028
119.4,181.770910614771,217.389211614846
154.133333333333,154.812589892192,156.122433781741
195.95,152.273030368464,117.245743404814
265.233333333333,343.879985602267,489.484451896437
298.4,152.730654366397,153.93468919921
107.4,113.364735115433,146.889960637782
388.9,231.269687838916,242.58154380971
104.45,117.435711655683,158.507633426853
85.35,96.3550306071825,112.48221418432
82.2,86.9561598427209,90.1504620881166
104.066666666667,244.197667749353,225.752273939241
270.4,260.482024271123,254.572258901279
329.45,216.044983096523,214.836486084402
281.75,242.908501442814,288.159398855606
255.266666666667,216.698557930317,239.249269170647
150.766666666667,253.486699456278,230.723507827842
229.75,243.468484059801,313.348652041293
401.05,201.153799341334,187.615716384677
252.6,359.306113680503,412.573566820805
330.3,251.524981513537,244.76766239084
219.033333333333,113.473006823849,131.187747370497
76,115.426259970841,133.622237376546
308.8,143.234453420889,164.658747925553
171.65,119.764107681892,125.083394320326
384.7,426.249859638185,317.360168330526
275.033333333333,308.609293538162,339.41025613785
65.6,130.78487841745,130.654652271942
223.2,136.104827981931,154.344138029359
207.333333333333,335.12809346597,346.893850585153
116.15,239.063065917307,306.486562582286
139.75,250.447713822591,222.598134117645
166.666666666667,154.239590099136,152.557421937773
87.8333333333333,129.151256196096,136.76987074234
225.05,347.613663482335,407.944843432715
196.066666666667,160.948485288307,151.029596621177
201.366666666667,155.63282186673,149.590060525873
449.45,349.754145042751,337.411683174392
268.45,220.314999565357,189.952616778058
127.2,193.213875542534,194.25773283139
142.5,226.67464858772,219.458641090689
215.15,284.44135357924,275.652767481447
81.4,93.3116560114554,88.4580118387124
131.45,194.296418470057,247.993368509428
147.633333333333,192.117555826646,177.962679062306
323.9,354.838133430666,331.22920769414
106.666666666667,149.813525543341,135.693233277108
344.5,367.904300967416,440.459455327966
156.4,157.44441577002,147.097200032784
1024.95,347.278219479697,452.205383173663
242,164.331874354466,141.91760399457
63.6666666666667,69.0438011396376,82.2033903870862
202.25,297.905759811268,316.429684696351
181.8,109.021940002009,120.390431056202
210.7,154.62257962452,159.606354893282
154.55,120.651028914133,134.506260397865
299.333333333333,244.189732919522,236.858589125971
254.25,111.027060569292,127.88948803969
93.65,128.657778764438,196.707781796733
169.466666666667,99.3804100492532,108.849574221691
168.266666666667,235.370887629995,207.355661402557
98.7,150.18445739652,132.831428327212
320.45,135.481099523086,135.432407505179
181.266666666667,180.692591232284,171.122082500101
191.633333333333,257.726134390095,253.612678286708
220.133333333333,247.492920020779,269.317607467405
115.95,184.773917012482,211.707413816835
175.8,179.589369859435,206.467179333754
285.15,278.816304912057,249.480193130424
88.45,135.107284449248,128.189999301848
247.25,215.081980064371,189.945854216145
196.9,169.939248792612,291.086534786558
318.233333333333,286.286039175087,378.79239422141
204.5,230.697074662632,221.105039910078
179.5,130.665570316818,173.744683117192
167.6,234.261874268158,189.651354882171
122,122.176255635802,128.381260423587
137.6,172.107891336376,119.453956602301
308.533333333333,331.014404617646,346.714752195315
144.6,132.157498165595,164.957698408799
178.066666666667,154.080290244616,110.20694091081
166.466666666667,107.228641501081,135.164405590786
175.5,231.989216825116,207.978960002274
757.3,352.215600116219,529.733360241022
264.633333333333,162.225261880891,162.757174931298
78.15,139.788348064792,144.467486096934
256.4,287.088571870604,314.293909525058
193.833333333333,228.426481577859,174.346094920958
146.066666666667,264.442970700981,230.266638541075
474.5,368.610388185519,383.260494354073
746.733333333333,393.50967252793,589.794108794149
294.266666666667,186.767383271485,219.62052712983
643.966666666667,309.464794923752,428.528090923191
402.033333333333,309.537350818535,372.240203383745
311.7,267.187609470073,294.214599730976
240.066666666667,280.27790442644,276.030305139224
596.5,363.107291108071,472.899583545405
153.533333333333,81.5636043255316,93.8051783995315
333.466666666667,214.639853405767,214.251037562362
134.65,136.189858233912,163.376600757431
441.65,213.949540045032,174.701026941165
368.05,335.265348894597,407.927374412287
194.433333333333,207.6468494559,309.40043689944
282.9,205.242963750459,210.404619932307
216.9,150.469846460293,168.308871554367
209.95,214.516995252715,213.96814912705
205.65,79.8885846069475,82.5406707535445
518.666666666667,332.82680346732,501.416246897844
795.266666666667,410.787975805449,512.553900567078
204.033333333333,264.818867502325,217.165260659643
226.4,167.237152751925,189.662388796001
665.333333333333,400.52721580419,424.861917504719
160.65,122.22313087525,142.984885485497
114.75,168.497331116315,195.94454814989
303.233333333333,97.1733133989587,120.852749413525
98.95,117.093234967945,151.436073747256
178.5,180.745591576001,206.657456045705
185.5,182.839742938462,184.10961396078
334.133333333333,249.126322941303,295.567658759056
209.2,222.858748496891,225.373175313919
169.033333333333,235.305339854217,216.817323107461
172.233333333333,176.286301647779,172.093639248022
357.75,240.923785530273,300.394068903045
310.6,317.426941366329,365.583998873144
358.7,114.240479243587,144.693472717562
307.35,275.491028452069,287.678888381812
360.1,263.355298416752,288.783497215431
195.5,131.734535692877,110.707511411033
234.633333333333,241.503722091773,232.395212708728
371.1,255.608867434762,317.276981788588
362.4,244.825252467148,322.260987191287
358.95,282.526627626869,255.658214180618
343.4,224.649485231156,244.038840605523
250.1,262.826984859608,262.340827388552
333.7,255.659739355303,299.413188882846
377.55,342.568368738126,468.146610570948
112.05,110.164627330288,133.42912065936
222.9,353.242903501157,522.364290745546
142.95,301.875829641839,223.285443907516
77.9,206.598494243061,205.444744458592
110.25,149.332076705981,202.124987090153
488.2,356.505874295177,361.871291109881
362.766666666667,240.526466459489,246.558117028349
186.2,326.621102930232,293.326193942376
146.4,131.620049207403,84.6188762243725
250.966666666667,239.388955206385,245.334816419119
360.566666666667,222.277599305669,214.371076753066
339.9,249.23878647355,267.141274084618
247.05,280.352903876079,303.107263939961
210.133333333333,193.330016360354,182.529763251134
246,289.696397489635,244.492681223815
337.45,245.618677833744,245.001639767157
159.533333333333,225.5875896812,217.592251554137
313.3,240.61031063501,272.977864813557
463.733333333333,242.151022846459,227.422242547779
117.666666666667,109.624002827535,95.0892727827523
111.733333333333,169.21716116813,206.50149803646
199.766666666667,215.475038913813,231.248869501103
355.25,267.272653040194,235.111596658428
199.066666666667,230.985343585754,223.539852334473
152.65,202.031787514074,208.580212526087
122.766666666667,263.599697082695,274.710618667432
377.9,259.199626644602,275.976650094189
143.15,263.279386100211,280.868764275302
447.233333333333,103.099131539029,141.01807302004
218.933333333333,203.125589948004,192.54621021491
244.666666666667,249.179313341798,282.972862385745
249.7,289.423611106653,216.679670976242
458.6,241.547405047135,242.358712104647
309.4,209.14929886611,235.509972884313
274.366666666667,98.4412611984309,130.592869500644
389.75,240.059837701529,268.069790386803
291.9,217.274631446526,226.804428651314
332.4,260.804340154785,229.447640296846
144.1,229.793577679621,164.326008468541
159.333333333333,109.579264036286,145.098849694064
210.833333333333,146.941259495529,191.850730573502
102.733333333333,110.375609270637,73.2418464826507
458.766666666667,296.079354538557,338.171469926141
160.1,256.17635002912,294.042305892497
125.6,300.970643706106,257.117083553313
108.6,126.036466760839,118.034977206261
216.1,185.090077103277,163.564398162764
103.566666666667,140.023538972027,148.7460828092
203.65,253.279122871714,257.973102928737
161.9,119.622729820682,146.149906843655
375.4,257.132224101379,238.540937446829
95.6333333333333,125.930718523939,114.605979955297
184.033333333333,181.949230676602,127.413817844256
199.5,234.017830825196,299.71637831461
57.8333333333333,121.670452947073,159.91849026345
213.2,238.237834438321,244.209059727719
104.633333333333,110.396755142788,104.436598182224
541.05,354.99114877831,524.505541026492
176.533333333333,170.697541677169,151.510335594778
154.65,228.675658130609,209.090761347756
75.3333333333333,112.742817944486,101.384939993816
136.666666666667,190.218039524301,179.680435452519
204.75,251.527731478609,245.641236591764
428.133333333333,350.631760736545,401.82230254195
129.9,198.312993851287,172.468610686706
195.833333333333,163.905274332099,150.294873045966
156.766666666667,127.569370319706,118.277017240861
613.066666666667,279.330096495197,308.293056188204
467.033333333333,300.575761278412,375.840816061147
126.666666666667,129.061553957774,127.97489258709
153.95,208.399216427205,274.084774902956
147.75,286.612016618914,271.949514410737
156.966666666667,268.5536055897,279.224812833596
214.233333333333,281.939352613829,232.376156893533
477.333333333333,274.949239717227,280.130117834325
206.05,242.405774159974,250.166275965285
448.733333333333,408.650039585634,347.047311226104
265.6,277.540769878041,291.034697516345
348.7,135.020360221645,145.891589136376
245.166666666667,295.371778309944,343.858842025717
257.25,347.76587966062,388.811442886233
129.733333333333,331.369801720852,367.901421234711
387.666666666667,378.606465816143,320.898275152698
506.266666666667,301.835931857453,317.784379386803
122.366666666667,193.677153242216,183.263323721198
145.6,269.661778816973,218.093612777777
111.266666666667,310.459148463485,312.041597516875
205.7,272.265546011686,246.821198293188
424.166666666667,398.29098130879,395.364520042154
390.5,316.789631592941,333.884083457757
234.8,405.2693022142,477.851216991471
105.75,210.717614600108,217.666616579702
197.4,279.431005771911,361.031446801416
103.1,117.664153481117,117.748367557882
59.6666666666667,100.24819484219,110.354426678273
403.7,383.474708152235,367.292647328685
240.133333333333,352.702176228816,452.538140729472
450.866666666667,386.704074249199,418.52077163939
87.8333333333333,145.487220348372,150.349730284347
99.9,186.915800448629,165.512482914855
149.55,190.906765838848,187.23855835361
416.766666666667,273.997099622073,323.567665408547
132.833333333333,159.185811120843,183.345406293748
218.133333333333,232.340533362011,281.310993978093
332.833333333333,414.610485835913,407.690282436721
217.233333333333,289.281242014464,309.504213044803
279.8,243.892077252923,197.791921962797
400.833333333333,351.461556846695,373.876648553497
93.7,165.386551842546,142.708683917569
274.666666666667,130.022817560242,139.408221158803
625.3,428.764848313182,452.931865436199
104.35,66.5324945764092,71.3879654603722
179.25,188.781963285972,149.349403436636
47.4,54.5020675935495,59.3954829246312
182.55,202.565180918537,228.136908231482
69.8,153.485866936282,146.41717865093
106.9,176.781020558526,215.613944939592
232.55,146.929811541018,172.11900182624
69.7,94.299442513435,100.146980170615
87.85,79.4071226914769,110.305461878944
55.1,53.0204748118813,44.9840793938505
129.7,231.624933751546,170.428476195201
109.45,111.618708648542,115.082987788245
178.45,281.137428284876,248.354804946106
159.7,145.396633306042,180.220279080011
154.85,70.7836990770892,89.4386288458459
48.9,117.922782438971,87.5025261172417
230.166666666667,100.238378252307,115.586095592183
106.25,205.93480063504,183.231680636589
80.65,66.1481832983309,59.6652367242282
82.45,54.4323267637684,70.1062681466749
225.9,71.8564283626394,86.8712502239378
53.9333333333333,158.388643268262,136.673922371796
184.366666666667,129.576688460426,116.42423498621
102.25,127.007221429766,97.5157924545557
169.75,145.742042684687,132.162835859679
63.35,70.0301055987525,80.9195722813923
49.6,57.0298180618584,49.6458346495306
62.75,122.238097832189,108.162453386904
123.166666666667,135.681042970294,142.253104610998
124.2,73.6840823852925,70.0365832305628
101.55,89.5633225040212,94.3201512310603
65.7,60.864590384377,58.5914210371383
164.4,138.894042985271,135.277669368026
122,134.261592005894,158.820172592888
98.85,109.339617241197,78.9522834493806
122.233333333333,224.007036145235,294.256537443784
705.05,229.741851671492,213.074827555503
85.85,84.9771359004599,103.88753882099
101.35,216.847392292153,228.908228177069
291.15,245.302532152832,247.439211815245
179.45,313.626904828248,288.918301678732
120,141.06431172359,168.669596419207
107.15,167.306856182606,155.342730025765
128.5,144.063931715219,135.778018162696
184.4,107.416200865639,108.702218865598
108.033333333333,119.366300903067,149.755749196006
29.85,85.918209006049,97.984143223711
75.4,168.349363163316,152.612564797686
292.25,189.12912966362,191.823239751101
73.45,74.4067120502651,70.7398519612266
100.55,142.859202028307,170.721448268137
147,157.233160896031,177.074052490538
52.6,151.304449301543,89.8863650429696
99.5,67.8381085570966,57.1916327750058
820.4,356.927977830203,513.746018038927
358.25,285.415974409425,245.756911378326
143.5,98.4971210441318,115.389469225965
413.5,310.203728013371,237.420070478447
261.5,348.990368495496,307.615834937696
175.3,54.2453391352843,55.0337425201794
859.65,254.84760808437,288.818640135106
392.2,264.104154244016,304.819864208278
72.4,185.821261176128,173.190951333973
546.25,250.692386930941,245.558832740997
359.45,265.234268739279,234.611687099721
644,247.358662216663,195.405747188668
145.6,121.927073805383,127.652019526645
335.9,174.537637742301,178.695616772704
327.666666666667,234.27349511146,233.095422138057
150.533333333333,103.980471179859,104.910109875798
317.45,200.970926105424,228.399702612015
137.25,125.37102116506,116.312350705537
268.2,354.763875117333,464.913249531466
453.5,254.234580572945,193.500747658624
258.45,330.591169275705,350.766988246129
597.25,263.012472902209,220.903314384287
206.833333333333,224.954141048049,246.482931992977
92.75,74.0572842463896,91.9723458436764
266.85,118.78757518388,132.056972321356
284.85,208.564506742347,201.095476780216
210.85,218.889792171763,198.081158648854
441.566666666667,206.482623135456,205.908870179232
105.6,83.201186075646,97.5972067519429
176.65,151.525122444678,191.6598051355
324.75,434.753448495701,383.858440034325
83.9,72.0416523419428,79.1496340161545
227.75,386.117760238198,331.189817407003
390.85,271.803287519066,230.442887162193
36.95,63.5025453155132,75.1951306423447
91.1,259.642885575104,282.212959352322
194.366666666667,189.482643162261,149.970423022537
92.2,127.01857027,130.32421229592
257.95,212.86394320352,299.621574189716
70.8,75.8809640283934,81.4085972964721
33.1666666666667,59.8654806666075,65.5883860196414
140.2,84.7015920313174,92.7607956418723
95.4333333333333,104.412219337572,124.065093252611
127.6,164.45700168726,176.870347941637
406.85,389.852243562829,481.744013382701
87.7,169.946430290827,127.10843822676
127.95,244.143447643802,236.973248185445
191.85,132.365200331824,151.784877436729
393.75,355.624384346641,404.252734008644
148.05,185.835335270739,211.795077757975
335.633333333333,129.061934271888,109.879283687312
82.9333333333333,78.5894031541919,89.3899529119127
725.2,351.906125875143,338.844587372426
190.866666666667,152.606125256096,154.861096910688
78.2666666666667,64.2130627773662,82.137983727346
60.65,119.950256285904,124.431537739036
223.05,222.821911867327,214.31052208633
98,56.2609106199486,70.8660642219138
666.533333333333,351.547833361614,480.114981428034
125.4,102.616223365282,123.026389375884
93.4333333333333,171.737657330841,135.144480790652
61.65,119.003545485454,155.546601209367
111.15,119.663982142852,119.841530822322
32.2333333333333,47.1605561968579,50.2380860335726
126.95,103.820923719792,117.534428895688
109.033333333333,77.1283257253219,104.662681571519
29.1333333333333,54.0936381520699,38.7239882655275
102.3,178.87145498201,186.486713175137
144.833333333333,131.42310436638,138.174232452896
117.05,140.976983374298,142.877176510485
48.2,59.2476376872842,64.4944570445358
68.3,72.7192489757558,68.0270378409291
60.6,77.1056647073987,88.9599285056389
292.55,158.798625495869,165.611157553994
30.65,55.4566871464653,51.7344438548451
34,66.6843920821802,70.7410926222089
229.5,305.707684744241,263.342062050395
235.55,129.944460301058,177.459877961515
94.7333333333333,162.22553073886,138.860070945142
79.9,58.5358863656845,47.0676930767032
92.35,159.377749894939,144.049839028411
269.5,147.173060986754,129.210137573695
237.7,197.621368742698,217.231930410656
207.35,152.886006398223,163.018437767974
188.6,153.162144383702,184.817461385189
130.7,126.880841082909,175.277699151222
275.033333333333,256.719444910924,225.221269401891
303.25,219.947817768361,212.013784532766
159.85,113.629195576164,119.724550013616
337,187.089288766859,161.391869252433
345.8,137.309226108714,188.2257315299
356.8,376.063555219735,365.973128586423
100.95,100.490766820032,122.801120554154
147.4,298.418652699141,317.257448165673
81.8,171.471090363964,181.59199313043
296.4,272.717425491098,230.018978475791
283.3,194.270536591651,237.543860603661
210.3,253.22316850031,226.99853851806
378.75,365.455859888608,291.077141317802
50.9,36.6296004435928,37.5648754023038
163,126.434252564918,131.506788487346
231,96.6624809000968,129.36481163293
195.9,272.855683837413,290.352759512383
94.3,206.469803077793,174.524151846474
283.85,271.858016389651,280.874697452792
143.2,143.061730181993,150.159013635598
320.55,318.256104054653,338.021577742812
361.05,351.246104973325,303.589534873145
76.0333333333333,68.8733716717254,65.7155613909743
551.333333333333,352.023565221603,339.707769085329
50.85,47.1363770287841,46.7329410737506
168.833333333333,122.008919004571,129.247923898154
68.8666666666667,85.6292978443715,123.592958782382
206,168.89340113901,179.984488306439
240.55,145.143614266461,135.718774903215
362.65,390.489145453762,410.711585333815
45.45,69.7749092514554,76.5746611001371
119.45,95.038961484731,113.860714522863
521,303.570883122668,276.440132287404
232.55,293.023290403798,276.305401825284
120.566666666667,141.123656725115,135.6931585583
293.5,296.15616511152,310.383202397256
37.6,44.8488284055737,44.4697919776501
335.75,324.930305248895,433.349164580688
220.5,251.844218714179,231.783789073203
240.7,207.512799905558,196.149256942112
173.6,245.496652824179,266.057581366437
259.25,254.035424204382,228.179263199493
63.75,81.4364326365048,88.6614652856436
56.6,147.714129395537,139.206229675962
114,53.1330256893963,53.1754092236693
83,59.8120582919325,75.6478613457089
168.75,287.775712348593,307.716289891014
205.1,118.097771959234,153.175844233788
417.933333333333,291.249922193505,278.74015550609
126.25,286.057390991673,280.890114330047
515.6,299.773460123738,282.916816288727
135.466666666667,81.2499281449528,89.8469219056583
82.65,96.3190000094988,118.722687972164
226.05,190.303227541787,162.953824182093
125.35,244.992530306036,252.070908008922
204.9,260.588587986262,268.25997170951
149.25,266.072975036213,280.848922580452
168.3,280.732532099113,255.121987773628
131.766666666667,98.1852527573592,108.876823290972
109.55,74.8575344671243,91.6889240358152
322.65,117.461228969036,146.051641440086
76,68.5305743715788,86.241913807226
139.433333333333,142.307311384826,136.366953766138
256.4,125.310608244594,93.1831265356218
590.45,333.225691144594,409.117761976545
255,272.347038305945,292.924525980068
201.2,84.3730580745291,97.1313957683277
226.1,127.561026379484,118.338260542591
688.4,383.593518976509,461.846495191458
582.55,275.285830639451,258.070598105081
463.15,238.276678255312,277.085916908047
296.8,460.449585639324,424.558681085964
148.8,121.159702335583,119.980511517572
188.3,124.164660675365,132.988785564221
312,308.848973361242,250.827722353112
232.166666666667,252.940201922159,273.73856584029
366.733333333333,240.497165995249,262.772438703481
75.1,127.528866001672,130.292661502436
227.05,164.73744166209,159.707136472535
762.25,243.275346845866,267.371647071831
144.1,108.498822322387,121.177939251211
149.233333333333,147.68546761943,147.817862012462
129.65,88.2512965550146,95.7363809725237
89.3333333333333,91.8559053198293,86.1756307051683
152.3,178.957272206035,157.343227127918
215.6,121.054419111343,151.003309816616
56.6,132.441592786574,157.100759304621
139.166666666667,260.899893333368,185.229432782743
143.266666666667,215.760308448308,279.310160780743
81.5,177.116027271703,175.186415225205
175.35,95.3025560831033,105.611765171657
160.05,251.214098255608,222.146630919281
107.45,277.36885264828,335.599592770194
165.75,162.163623655558,123.754563479126
165.75,122.848167821148,148.778895510141
582.266666666667,471.460914127443,522.247692497246
150.4,245.777873757702,199.495180768387
59.45,256.598907030414,270.760045875691
482.95,273.413228638915,343.991376224214
644.2,484.103429522599,432.639837026329
53.15,131.699729796365,136.85650602738
45.5,200.988057562004,148.417332523626
118.25,104.680823245619,116.555531856617
139.85,116.190059987845,149.633627419778
190.4,281.684605048428,312.152347710997
243.35,183.473848822672,182.286885857233
66.4,69.2827230364804,84.1391191951009
857.2,375.643990650893,373.671847916953
248.65,248.576427785149,258.725919856466
560.8,306.281225117991,235.692001221852
345.75,258.415173859051,249.10608418918
136.15,238.982138910364,224.848712134319
473.2,255.043199967492,278.704320081781
113.8,73.4818995673675,89.4430248162127
75.9,126.815920885096,148.381037816184
215.75,157.946266798759,162.430453654035
98.7,171.844356404637,130.550204726259
197.1,367.86989937033,318.416644900895
79.85,198.575657893604,161.301902835838
251.3,176.242916335476,150.260387158878
560.55,246.816791093331,239.54847514473
183.45,124.88128092241,115.043919225205
267.55,251.726587531961,224.60270485689
116.9,134.598228196708,151.629270481122
540.2,422.207371204916,360.381875764108
196.45,177.281551148637,169.333084433373
171.966666666667,69.7508467387649,73.1466755367401
716.55,347.597961794052,459.761626274647
289.55,229.114088023595,245.619844691087
97.8666666666667,125.823314313282,134.41300224027
169.25,150.189145151587,192.121029307587
289.1,248.925564880955,266.136722092364
155.1,139.756068268822,159.979952453555
132.8,75.6334874458606,69.3833548740252
167.7,297.344919254313,256.662762154159
158.433333333333,235.113142100227,244.539880767331
346.3,81.7587749450095,88.9700198319605
205.5,177.657684456384,181.412361894697
191.5,189.468843179088,178.640886067363
398.15,239.398447741349,243.523754631832
210.5,177.802992856873,179.253504629988
251.55,245.363461746583,249.188610309772
119.95,128.864041267091,119.914936427904
209.8,288.541558235661,260.950217722406
249.533333333333,144.887224916933,160.514285297604
89.1,98.0092711656917,115.318781739469
176.6,131.642139355743,129.669371722793
123.9,76.4242117226122,95.9436018639424
235.466666666667,311.419339197837,379.008207887439
120.55,350.868219396797,343.345183174232
111.6,231.406369832877,220.21789255096
317.2,236.815471096847,244.276147227611
241.95,212.82350894131,221.201746733699
113.4,113.884927782238,130.789676339119
3697.05,140.739561056986,106.558779081837
326.166666666667,273.004737941501,296.06335045077
226.45,173.09943327258,159.712985173181
72.6,141.834409464539,162.941363553243
112.666666666667,96.9376792054492,102.648100841028
126.1,164.056538281457,161.041459850382
47.5,83.6437482523737,116.803825685718
195.95,199.439640252092,216.953354732728
35.75,56.3036627968477,39.2813723739015
264,242.88255588887,249.101720822154
134.35,254.571024696086,294.698188667516
60.15,60.6420280709379,76.2110915265322
135.133333333333,269.264003648407,250.641221521567
173.5,192.693404132167,198.757438511494
29.95,57.2679205752389,68.1304857835976
206.15,257.734803190493,205.279377935198
108.85,77.0426935705219,77.4842233105953
198.45,211.510858888973,199.30450369293
285.9,164.734015836112,169.645985356673
134.65,134.916149239524,168.736493611846
28.7,63.1771322813349,63.2051227209394
138.3,93.4117265784403,89.6343214111893
211.65,122.221143199242,126.18153483493
331.1,103.631421287735,128.026329811364
87.9666666666667,90.2399833594571,93.5688832552975
164.7,172.884066691976,152.761504160277
74.7,101.888750760324,102.646360885306
190.7,150.617981121611,154.274378783088
275.55,162.292312741469,167.913227735373
57.95,159.805064056557,146.679163884887
681.5,92.8016850990135,95.0030246261021
310.65,168.935485305234,166.262866752248
38.75,99.1233436854673,96.1197478294492
125.533333333333,230.593747180589,289.132177840535
223.4,137.506508275413,154.821540339416
135.633333333333,240.125672408523,212.40170431355
337.1,103.668748084105,118.408146241244
220.166666666667,265.107798471746,242.779119266072
96.6333333333333,140.45581191951,169.982673039572
151.7,264.847647577884,224.364310901766
276.433333333333,428.750530880245,446.713321141679
92.1,68.4635042735732,85.8755306809978
553.2,426.392862090808,521.356934302966
175.666666666667,280.539944683721,229.056767900013
143.15,190.115922889885,200.024405544484
116.35,89.5284167932225,111.48940131971
101.15,95.5842024574584,95.5305121288919
88.65,75.4487819907433,101.065329856533
111.95,63.7956953842633,85.8596903942085
58.35,68.6739033304847,86.3849644903234
50,102.897969960947,175.673264492343
129.9,116.027866349589,122.71721676723
101.55,95.4766719183822,94.1362569235248
144,156.573531300198,135.889027802112
62.65,141.200413877582,132.556208008773
216,140.414394634337,139.826792895198
73.25,116.187643293792,112.932875728424
506.45,130.847653488565,133.872378613239
100.15,114.838190250197,117.345728444561
289.866666666667,334.885081280021,376.169973893274
54.35,133.365130817036,114.058068281727
107.9,253.401745748327,195.832935981482
144.45,94.5729317885399,90.711065908453
46.9,42.8525504522749,41.6054621007776
231.55,217.16485362114,297.499296752796
45.25,58.2218628360151,57.2443192905563
724.7,184.219001478954,144.140071025241
28.75,57.0504706996628,36.7645923836469
297.6,213.723222787386,212.056459493709
35.85,58.1335840546003,55.6942101472435
210.266666666667,319.75141384824,312.26868163988
100.35,184.266572962269,181.578328965935
183.933333333333,179.723125539487,163.204058246751
225.266666666667,98.4014153252234,94.3296537296553
43.5333333333333,64.3325793976187,90.8051461399411
269.25,169.366138778501,128.294455030317
48.5333333333333,91.9068094612094,114.45896654587
170.933333333333,255.179686088093,224.662142551109
70.7666666666667,96.0522370784323,116.055702909403
390.3,289.480188287985,287.634507051221
134.233333333333,252.635742779246,254.386615370038
61.65,74.227280560146,93.1239525410726
41.5,54.1621141892825,52.6746119477513
122.733333333333,318.480373822357,251.806665136384
166.8,142.152785888405,143.90589994045
153.5,96.8242303680482,106.322822885834
214.2,142.007466984713,120.924305312814
79.55,127.379838015327,161.664132422734
52.3,101.796277047607,70.5369624043302
215.3,118.442290881382,129.899382161886
126.15,191.469429009089,161.945247497926
69.6,104.279889183822,104.873417195671
267.8,135.931942321313,145.865025264555
46.95,65.2485797453049,82.8672141693088
85.65,162.388414646236,176.827241181986
24,49.158728972636,28.8981674523527
435.4,368.541473264401,410.526220505967
167.2,155.472230984429,131.980586581983
156.9,274.720673381531,273.948839865546
71.4,69.388279866614,59.1809293843663
131.3,221.330923705334,223.069485854713
15.4,43.2530174154295,36.0068065452224
52.1,56.6241265954006,37.3789341957282
252.333333333333,203.573059771221,194.006728907668
117.9,89.7961772726039,111.222638711797
198.45,307.601158491455,329.192639740062
562.65,309.699824204883,321.105435541989
26.25,39.928938498479,27.343833510154
107.4,65.3998267832939,89.0394907888955
148.4,200.995778766981,214.456050867616
112.65,141.362241657526,175.194255248533
176.2,208.123236026937,201.707680380349
989.533333333333,307.721399076336,318.821554490408
146.233333333333,109.857250846926,112.285446127551
242.6,327.335862901238,339.027684787192
125.4,126.266347399499,125.92261111157
77.5,59.6928955913706,52.6473604604484
135.666666666667,130.183456851269,154.514699840956
415.466666666667,227.297574711371,265.128032618431
54.55,58.0821884414812,50.9859437114802
104,106.602146381436,129.998561834629
63.15,80.8509137782169,94.5950403099304
57.75,64.4179472609366,62.8224273545734
190.6,216.833659396161,192.493160572734
120.85,114.417164176976,150.876525499113
88.7,121.43027274194,131.939014422372
1207.83333333333,492.5513753572,490.512536147927
151.75,181.752753461614,169.539395611308
82.2,77.0279850477938,86.9945232719676
111.75,122.531088670868,142.962592294819
359.15,291.475621307743,317.456195466144
170.1,320.449716630418,278.513458587122
72.2,92.0917339130355,93.3628875569716
285.9,411.104299619077,390.947683610275
54.7,60.0882237237002,74.7652628377291
693.866666666667,379.804148777615,470.704896031696
89.3666666666667,71.376720328589,83.12238531945
74.6,70.0036720969999,62.257456576207
117.1,119.350072412303,118.001623461044
71,70.5724790331408,63.4048395308602
169.066666666667,202.605738510112,266.035099544859
618.066666666667,270.324539445502,316.178070917576
390,251.024235726396,300.893022665479
60.5,56.3087979040598,70.766545292423
70.2,184.11854508153,136.393274525673
162.366666666667,176.779332237846,170.193148305812
167.466666666667,123.138930141873,112.53463595249
45.05,43.5206979668698,33.5490822354642
57.1,59.6714467450238,63.060732839495
88.4,115.875458267631,94.5072534991355
32.95,81.4019441369295,87.082214624534
99.45,107.787496506026,117.905964179521
225.7,96.844839296959,84.4407070856728
299.15,149.936582493663,189.174534181687
275.3,126.761841984637,125.326268950828
171.1,177.772252443983,132.818321019234
782.1,298.379058416845,441.58327199723
91.8,111.086998080077,103.598146621949
120.4,93.7872714591687,117.491960167792
174.8,236.568859529118,195.700907424924
319.5,107.292450418627,115.54895704794
473.6,241.697463425726,300.651887915878
243.766666666667,110.426449452162,137.57696360594
187,144.873142410582,151.871703319859
127.2,73.7108975625264,94.6812280363954
87.65,82.2704669341063,82.1446442829718
79.8,225.785131954923,194.476757802514
165.3,106.510374940356,88.8187090771714
44.1,57.6468413589468,50.9814390523693
342.466666666667,115.64986310638,140.091492158768
300.133333333333,98.9645922603362,152.816953152017
120.2,108.895917496481,126.719735881682
131.133333333333,159.224114386473,168.16233953758
89.4666666666667,167.143949282861,158.112685395204
68.5,74.4909850314007,61.3985746450439
165.6,185.042845651405,154.723610871112
76.35,166.098571576297,150.622861297409
581.8,437.395200632077,490.741303602386
193.866666666667,131.721338646598,138.669401360512
22,49.8019802167637,33.1990949503368
170.733333333333,171.670581264743,170.154791799689
80.6333333333333,103.948081563041,145.907211315874
494.05,331.248388733656,391.130657344708
151.366666666667,171.410893914659,166.475899801443
130.733333333333,94.9221239001093,118.055025123567
86.6,108.565071193236,144.400553227476
107.066666666667,172.720167152184,150.44160407323
77.6666666666667,129.196336423314,141.900713776972
25.3,50.829459383963,54.1421900460609
153.833333333333,80.3900144100936,99.9906148271432
1398.2,190.028202011648,180.777209326256
84.2666666666667,215.637690416728,215.954774140083
554,137.717352808542,144.286932343526
238.4,62.548697306815,74.7531213717627
302.033333333333,165.848045396215,143.624585963557
87.25,64.1454454108692,75.2356518351696
135.75,97.454169267808,136.143030350473
82.5666666666667,140.319736120861,115.668058217234
486.85,295.695222776601,447.675835976385
642.3,272.114296916269,264.126908031129
169.2,206.234611832531,180.734227419246
693.15,412.237536426511,365.760557806397
155.233333333333,162.505217373449,168.801863889511
849.233333333333,352.467493084343,458.807375104119
140.85,151.679053718864,180.310324285795
99.1666666666667,117.064442182129,125.220468848758
230.7,130.864594727161,150.870327978524
94.6,71.1532943036855,70.035437693492
157.366666666667,130.895067336374,132.690125044345
96.5833333333333,112.745190275669,113.106467706295
116.4,164.097423930661,137.549435367582
451.15,230.856430008605,266.942603592107
111.566666666667,111.760655431427,99.4775137384594
67.0666666666667,75.5875959606622,72.8618451901831
193.65,237.194217752101,193.329964627629
270.95,214.370633817303,195.802647415583
172.566666666667,167.488306207174,161.867130796335
335.8,724.334479635179,516.660217513134
58.8333333333333,166.314704977214,132.746459922832
355.133333333333,107.832811332379,112.415267995415
103.666666666667,61.2911959721215,64.6648457957761
367,275.680452589041,329.57287334554
215.5,201.605168426726,215.245884943437
67.4,122.809319552134,135.978013166179
91.8,101.208338927162,124.754599468317
108.9,101.396833584914,106.795650152889
82.15,104.57453597921,105.991260507008
1122.45,282.461738249933,234.298142842731
184.966666666667,171.303834643957,158.554037444906
159.15,226.353379678378,270.420686595827
31.5333333333333,76.7728801665291,88.4009045851903
135.6,191.97798858105,222.263174712181
621.85,261.221652308601,293.797269163328
172.366666666667,177.85273204096,185.181991802113
214.8,312.543380068562,309.418862477267
138.05,99.4742214272763,126.0851515462
358.75,321.767992964387,524.535627207551
368.433333333333,286.460439391425,285.053048458298
87,83.056540441531,90.3723624841294
181.25,211.843631668018,237.046374528078
927.15,245.020295433489,271.417774970065
200.633333333333,276.951697908994,289.135501588914
154.566666666667,254.104789619146,316.85119524607
284.966666666667,265.252318594321,312.854450935667
193.366666666667,192.832445850299,192.284720269151
143.4,131.740930894155,122.07811573829
168.4,75.679125234867,95.6266307380187
174.15,144.925656683344,120.343768573407
60.05,85.6233330656713,109.828335029462
108.7,81.2917845146364,86.4032758553245
523.4,361.81449547654,343.3197357197
426.433333333333,173.110002380552,122.765750743114
127.433333333333,179.242567218996,161.638026083699
1709.8,286.444102191919,284.615539145339
82.6,162.911654231552,158.51814780913
92.8,173.245105077929,185.529263777698
320.9,391.489760673741,334.778667252479
230.3,184.683382053419,201.564046504771
101.466666666667,121.228616813692,105.024592223359
64.7,60.4536358921493,58.4557530158236
65.6333333333333,80.8904364515098,78.7983042026017
603.033333333333,353.69528194511,405.146887822748
240.333333333333,272.59734428327,247.04852187175
116.033333333333,228.553952656957,212.435777041611
46.35,59.3056476486562,50.505754815502
207.3,181.817788127747,157.376408936623
58.5,217.498838040968,214.282392150234
137.95,118.064369106404,157.243513088757
269.55,254.543065170899,235.67766844088
341.55,270.0784237117,276.50899875078
280.866666666667,122.114431747513,129.449383139016
113.233333333333,114.36634637468,130.53898423293
294.1,157.404296527029,201.15598457083
34.9333333333333,45.3179907757618,23.7918526668196
1232.83333333333,374.1145432221,521.914606103716
119.85,121.549996923743,82.4676721451359
127.433333333333,158.855097863932,151.909487808221
270.866666666667,214.341377913617,233.382591157412
323.533333333333,237.481201161952,269.522422903783
426.9,157.859697758707,126.034403144036
487.75,209.516128273444,169.660289993693
2169.73333333333,307.293498607675,374.388748715392
105.45,94.4895350838239,124.78278826769
129.7,224.230137320897,228.945143934725
128.233333333333,159.253251596106,145.407499051781
174.033333333333,293.593902700393,308.484490846745
208.6,305.024907338273,320.31825930015
201.433333333333,153.28263531952,179.98891435024
172.066666666667,115.510237143035,139.559145785922
273.45,149.906206613371,131.712658907477
147.366666666667,166.585775151251,143.515720096162
121.866666666667,129.724650248201,147.520178162815
51.0666666666667,53.3605726518948,52.3299138798537
210.6,245.023490160287,299.902894220367
105.95,98.3358903209729,117.559274435067
91.9,110.616225742135,103.220244659213
546.9,172.141988537661,164.305210146911
159.9,171.471143955617,182.704398737575
251.6,127.384788119275,102.224473403869
211.85,247.794878745851,218.279289363535
339.933333333333,231.07614639682,284.181736971065
84.0666666666667,172.736532511186,170.226270344914
90.0666666666667,113.814777881159,120.639608141844
89.0666666666667,101.425206104565,106.809797152237
61.7,105.471240993796,124.502471973716
771.133333333333,280.976539281788,355.122533120612
107.95,115.427424202072,117.584226437939
240.033333333333,171.61048168305,190.393083615358
27.75,256.05520644071,298.363587860528
98.3666666666667,96.7348922944204,106.358364023711
110.05,71.3531855667715,92.9353771045501
245.85,252.367701735983,288.933301965926
237.8,234.982022732384,271.014393962951
247.15,283.956393851229,253.885979227789
189.05,135.826400977149,163.60802765153
111.633333333333,96.1690967106951,115.184377521923
198.9,268.330170585204,258.769802505889
268.85,157.075351155454,156.765621883586
301.366666666667,271.028652137739,284.134780325769
311.9,194.47943139052,176.448444746274
49.3666666666667,65.0404775338582,77.3961048649867
119.35,100.863164837037,135.931638710946
116.8,83.6652853839835,99.8730562069837
161.2,102.384159718529,111.883778406491
51.9,80.2365094018859,96.1919306502679
386.85,232.256680793787,270.716892164058
178.8,218.321883597895,305.473569880765
131.15,169.504245705037,175.973765318322
77.1666666666667,81.1403462696728,100.905670592043
493.9,330.023716888358,339.49918568878
329.933333333333,293.865134546529,309.926527931108
105.6,153.806110541938,152.770491422745
68.75,67.7219460384551,68.9603510108329
181.966666666667,257.075824564234,255.543971556588
131.233333333333,235.726167791589,247.168329662983
102.466666666667,76.4374432929808,81.1621911198273
390.95,117.297642246453,145.054833167436
183.45,301.468266778573,393.592109056143
148.366666666667,266.285547725686,252.327203296484
220.966666666667,225.094984690535,242.143911600876
72.7666666666667,90.8378008327775,102.18030724518
111.433333333333,168.747887373746,170.876578381928
70.95,161.576965496976,70.098041181768
124.5,57.7005046914512,55.7190238251601
79.0333333333333,341.971029731357,302.076364036958
272.166666666667,212.697981063242,232.506515322252
674.35,288.131451740891,317.574827458068
354.433333333333,180.90516963764,136.6523674038
51.1,80.4217271606612,95.5747385155924
311.2,329.690879044177,292.480829181769
223.433333333333,269.761109279132,271.64453208456
105.75,102.268855549838,109.056683592777
113.5,131.996265786988,140.129331966574
275.433333333333,370.836586204302,439.986060827446
256.4,231.432511146466,239.84882109354
58.1666666666667,130.734927666257,140.216851788337
403.7,260.57083729061,279.70408323035
82.1,95.0501507061013,70.7392841706766
263.9,313.562684386535,322.826096228218
212.6,219.580985456705,210.799597203296
113.3,147.980340692978,160.208395200651
283,334.443562661863,487.762935121226
283.3,111.68208829049,109.862964691551
91.25,91.7906361085794,112.23046956287
108.6,66.2002328428402,77.3548386139757
331.7,287.265596863376,275.630723429216
373.966666666667,173.005141557665,161.040939086388
45.1,45.9917097812793,40.2417289621163
46.7333333333333,87.5044253419227,105.566953106021
36.7,44.5652722029469,40.8140106694367
113.866666666667,75.4790831234625,80.8459104264694
155.633333333333,313.028644715671,295.745648456952
204.2,245.231420456414,229.525761165205
107.45,116.529708111481,124.932824796892
320.8,242.144501189737,285.418910263208
346.133333333333,252.79809398761,261.679592826104
73.6,87.0962445492941,105.46868353078
114.1,121.125164926948,126.052975274472
95.3333333333333,120.064586180025,123.702605233132
523.3,371.542137570868,414.482430941023
66.15,195.507745413376,178.464746780964
17.6333333333333,30.8639296975103,31.2634580473487
64.3,70.1515475760106,86.6370117672042
146.9,90.3155590250435,98.2636974033878
144.85,121.545313428043,158.6656097191
167.4,227.588523203014,242.245472939177
50,36.0039082223228,39.8536317985441
76.5,61.574403811267,74.5357108213419
255.3,183.057146549054,191.99421499988
336.75,130.359690851668,140.185522523143
508.366666666667,259.825404152208,303.045118309754
131.5,184.568497101529,165.236409031047
130.333333333333,243.210136967974,220.246356936367
63.25,170.642927163537,179.436559543357
190.833333333333,274.533079449492,453.898145106029
137.7,59.6642468997899,59.8726634328774
98.75,146.141305256619,160.333758972992
42.2666666666667,59.0717974383765,60.0629888859394
319.433333333333,210.41334853172,220.05298045644
125.066666666667,253.039415758433,217.143915883402
154,181.224484834795,195.872874836245
82.3,45.0569630454979,39.3292361705816
297.75,161.409497542378,163.288176929377
864.666666666667,412.639301948818,388.524602446583
160.933333333333,96.7687707694218,125.959513006829
185.733333333333,189.59079924036,183.837078175204
85.75,64.0523156075338,73.344385285327
135.15,120.922311015336,138.118295996709
36.90005,46.8807811024624,30.7075502894822
158,232.38628696697,219.067666955089
182.1,129.433668244312,111.431787305483
183.4,165.247125649618,199.772778873555
122.4,132.930196424806,137.909706385603
33.8,148.371635286547,146.802673586187
139.45,108.469607270863,116.658332597897
111.533333333333,110.145018820892,141.806576992941
153.3,151.279751066644,158.08306814948
324.533333333333,175.951984672734,155.136605955036
199.033333333333,183.866040517052,173.723614751899
113.4,128.166274555378,135.337988092078
127.15,91.1563604557633,99.5022832130894
129.85,133.192334602195,131.045534385057
365.266666666667,196.701441812652,213.591586046846
128.433333333333,182.824679280033,161.957876718743
175.533333333333,124.475587463352,134.420951743601
82.6333333333333,144.354768061098,144.116366370364
69.7,62.6875184572503,87.2811051465861
40.2,46.8998241111685,37.0783504776714
228.466666666667,123.89697601302,114.855537636636
300.633333333333,302.280359039108,265.0790213525
191.966666666667,213.93636376643,215.899527574946
144.75,153.789408151839,121.280376809042
168.4,308.927667571674,267.841947054239
213.466666666667,181.198540424538,152.44238991933
78.65,194.277931058388,143.351263682932
565.05,291.247926723045,260.656991479516
82.8333333333333,153.685036743685,179.807333374011
210.7,138.710894123592,134.458222005397
222.466666666667,228.890251183679,224.886683976033
80.2,100.051207083097,77.5380723906754
226.566666666667,207.6046891469,187.62630842541
305.266666666667,228.559605568079,192.579401556151
102.166666666667,107.065381627203,100.022108914269
91.5666666666667,114.080456614215,87.4069297762151
371.1,262.985731967415,213.895881841058
97.2666666666667,96.0940228278394,88.6884648530159
78.0333333333333,141.205525958105,136.595251218582
89.6,102.520222296433,107.144169790278
116.8,289.467221773391,263.5125251293
79.0333333333333,75.9222064249329,92.2812609743821
38.6,50.4013455648896,45.4313856269662
86.8333333333333,110.090037249856,104.759982702931
236.233333333333,188.87621477947,185.172850195245
949.5,325.117001884699,295.055764542433
118.5,93.0154532223761,94.2363089684193
112.133333333333,87.5502657447976,94.0543301387551
143.666666666667,123.060684741934,141.419676192799
539.6,299.853832374829,334.986894698024
39.1333333333333,42.9846778368617,45.4115060151579
99.0666666666667,147.502538801391,127.772140330833
460.533333333333,461.95995033843,412.320935208903
86.55,51.4365257245115,28.0175846297059
83,81.135401777939,92.2624942544231
50.5,90.2619210697,92.9754918063093
81.9666666666667,183.50574025381,138.164218414849
224.233333333333,132.022731869153,128.038477676933
184.866666666667,125.980259102417,125.70505173405
61.4,108.926351756706,116.386703880021
413.1,382.284615755618,299.474515313018
477.966666666667,300.78724935638,323.777291790751
96.2666666666667,112.30861346895,97.8837378593708
45.0666666666667,90.0420488741458,84.0623901181314
99.95,98.5769392197565,108.232639763816
95.6,261.828288428442,294.750535168234
516.25,370.173184244755,301.831328402477
482.1,421.277145489393,377.652022871306
141.7,69.7844874934273,93.5867248029244
123.4,120.50266588547,155.667901732908
86.0666666666667,102.11512760492,97.3888671264506
89.6,212.0673931802,267.685761058947
161.75,220.624564530162,313.968799046734
454.633333333333,198.636318509477,181.370711248227
365.3,213.943170819173,219.955463227887
299.6,310.360150013526,269.658189260226
17.0666666666667,45.4721883002838,39.913920115437
132.366666666667,115.51470655328,117.003274382118
278,291.119528185424,256.826172172844
130.6,106.979844108951,113.916060039941
464.433333333333,431.405129202515,376.664326351556
113.45,76.2334270869761,79.2054374294399
191.3,132.425209712271,127.646066699469
38.7,49.5666534977374,34.9377135116016
37.5,64.8521454903946,76.1742936123995
52.45,55.2204582789451,56.3512004017626
87.85,212.802296914136,199.256783453404
490.6,397.771741913978,308.088776880304
101.85,100.15062860713,133.246186496606
50.25,61.2863587187401,47.6582818589991
204.55,139.952697837884,206.400706020768
239.7,235.922228134473,230.066938229718
221.933333333333,208.161106010978,198.201233382078
66.45,66.9839996914546,68.6326785317765
58.2333333333333,126.034553232135,136.186312753541
59.9333333333333,319.350058249506,379.332099954165
139.05,89.038083191638,97.053235731958
420.266666666667,299.071032319051,291.424584379414
66.1,62.3381747594113,53.3463193492667
75.8,93.655857791954,99.433402060799
207.75,154.12669020967,129.182813936025
129.8,128.877857885396,148.953097293587
29.45,58.8888969287704,56.5880020549554
174.95,202.028213329045,201.498101616155
102.933333333333,122.615303539559,126.883922113916
82.5666666666667,83.7843793708565,85.6591929171308
128.9,118.820689938449,113.914814568431
77.4333333333333,103.837370578954,103.837951354509
398.566666666667,341.851927049224,316.007075498882
45.55,52.8690320761084,40.9615904402672
82.3,74.3234052094131,105.121233394418
140.066666666667,192.632007307833,154.354642046385
303.2,274.35018362497,258.413221422247
87.00005,60.1136522144398,72.3433653465312
129.166666666667,231.290105997764,224.631337464658
117.65,155.478626580209,137.820215996015
282.15,315.975868822505,243.880227957885
59.65,100.507989252407,101.296082433705
364.366666666667,276.379162723826,227.5512998223
143.9,71.8279972109929,90.96930149686
36.45,138.523387003075,140.888215035837
75.2333333333333,160.211758723442,125.340452459049
332.6,341.475401134591,342.263653800722
127.9,167.19310784088,172.481236734485
82.3666666666667,130.683123654521,152.106199712419
75.05,58.9595209892141,67.5124806147303
77.0666666666667,51.8422157192953,45.3205343237816
81.9,133.914399073153,100.05599470552
122.15,111.365244628404,105.405738388868
626.033333333333,314.29273098228,343.590259407027
19.25,28.9236939165849,25.6451280657195
660.85,324.079088029689,270.769772007375
570.233333333333,317.613120235869,273.983644093228
85.15,62.5016759074022,40.2912326683997
335.5,307.877540030641,283.001334861223
1008.05,222.551380050259,193.764759664389
58.6,81.0324045337476,90.1014264811926
82.0333333333333,88.9368003470468,64.9001539785156
142.733333333333,165.558572629931,132.269948328811
336.366666666667,266.596362059361,336.905589679257
109.3,54.9377883469392,74.9047394820711
276.566666666667,415.056304511766,369.082076433173
124.033333333333,116.594641026652,124.904398446658
68.2,145.378327099769,110.72523459023
104.2,145.563346764055,176.397338033379
246.1,340.432284957518,320.008450118767
199.233333333333,202.327465195352,269.050009278698
75.1,124.141165733196,143.393208576046
425.033333333333,155.813502310361,128.382902091847
82.8,148.87233332522,130.756368607694
576.5,275.601034848942,249.346935700366
236.2,335.624329706827,319.236150636823
142.1,232.41807036324,233.109365473303
120.133333333333,158.950082115818,132.921949368829
176.15,91.0109413680361,93.1419286002431
105.1,174.872235580228,151.401130555885
407.65,157.60291171472,171.520202562079
306,157.076866506441,199.975851505611
64.05,51.6707733443652,41.3956322647907
314.266666666667,228.558404245788,226.198914949765
50.8333333333333,163.72646613875,142.602555969973
549.633333333333,179.155250088347,164.485005143487
398.8,274.967292684277,240.244639161694
244.533333333333,233.305892010621,231.469483989548
101.5,68.7870769990647,53.9592153060692
127.35,103.474328895609,90.4145148057873
22,48.2948830379976,27.4694191623667
65.8333333333333,169.273376106259,141.396410182365
117.666666666667,98.6497787032937,104.601136741944
198.5,211.739430487001,234.397004990242
324.033333333333,192.796363980513,214.367575155305
205.6,119.699212809829,116.674717490015
81.15,78.2792287699296,118.51581281811
96.6,125.218980995489,133.066461162899
108.25,185.748572157901,183.100463108712
220.333333333333,157.848933869757,119.880642640407
200,133.244555720285,153.529298686937
71.8666666666667,98.9481861380745,106.042759325464
596.6,324.975458924059,290.377885825452
117.8,148.243539247002,142.87082590736
65.9666666666667,67.0201753185276,57.1158765004146
148.666666666667,235.602681989358,204.371317312461
105.333333333333,206.068552376887,224.036364943162
88.1,75.5596209882016,75.0913557933069
80.75,123.828574145647,148.144818921033
86.6,143.803362824179,150.180004894329
151.133333333333,132.702511710799,135.379541251008
107.2,237.845835666237,278.194063660178
53.65,99.140186767018,111.338090476803
132.2,242.265485855423,266.162829891285
80.8333333333333,58.7058609436631,57.5682091479763
90.9333333333333,161.573119915208,154.166222822339
73.7333333333333,75.3141300845811,86.7878225206747
29.0666666666667,43.7010976386635,36.1324498366461
32.7333333333333,54.0800992853318,63.4972748182049
264.95,203.43556269018,181.736362444589
35.55,91.9094716087384,98.9141684041158
17.3,55.4870962575932,51.5464453428764
56.0666666666667,118.500716002778,106.294005109993
169.466666666667,282.464189960957,269.530305932995
165.666666666667,149.015813832504,109.795423050736
33.95,57.3194009981175,42.69900133517
179.4,208.617389562383,181.138698113151
153.05,210.896037027122,197.945417952883
78.75,88.4161533642661,82.295258682032
134.45,118.534706757886,96.414847303867
103.533333333333,86.6549690455356,82.3703802203464
116.1,89.0836481038967,85.5672842758644
73.7333333333333,98.5979672215323,93.0460268951225
81.5666666666667,100.063226019608,96.6228482208461
46.4,144.46575679016,174.66887269609
90.6666666666667,88.3467701111829,84.6695682759932
117.5,93.952257072003,121.929040497959
115.966666666667,72.4752622868693,87.2240097094125
76.6333333333333,85.486904056274,79.8271681854571
114.85,141.804983967743,160.414794201242
56.6333333333333,56.2727305399474,49.8148591118696
79.1,148.672245086275,158.431824283726
325.1,209.342038945483,202.300360882618
88.05,215.533368360616,215.617030988627
291.7,205.929549494153,193.777069818916
191.333333333333,129.821575025456,124.41848530946
52.8666666666667,51.0547287258214,37.8866124938976
17.3333333333333,51.1041468839529,49.2860052385521
89.2,181.205532335116,185.844324373184
270.75,186.750911979095,188.277157141933
65.1,194.556799795782,170.506134473235
144,203.914396345533,236.37446718783
274.5,194.247759168573,211.364005160837
194.85,153.215174834489,144.466096699768
103.166666666667,76.2218338370148,62.1918649954725
48.15,56.5680992714766,41.2508715734885
99.6,157.620674814759,147.390696267256
39.1,79.9862344569434,88.0023588275279
39.15,65.1649852417391,66.0729696948636
222.55,191.388563725966,180.131417139581
95.1,145.27858762962,106.888578472948
94.4333333333333,181.445477794349,155.080174601564
168.366666666667,169.85673857682,179.326108400121
74.8333333333333,73.4609133314216,89.246874019303
302.133333333333,343.838458423961,479.480273636817
237.6,144.060395298001,148.516745427598
88.1666666666667,83.6892219460196,80.6907429248112
53.6,68.3469954020922,63.930578337892
65.7,151.429379785376,166.656571261515
76.8333333333333,63.906183104784,59.4537437100248
137.5,122.293581768569,132.089802242779
214.333333333333,122.988052570188,123.956124778514
51.2666666666667,88.5654924357075,102.863811207054
100.433333333333,112.079461946939,110.80730058309
110.033333333333,92.939785047976,118.489084195102
37.1333333333333,86.8839877929828,65.5303824750786
150.933333333333,159.960691190993,162.265237363899
144.8,186.664841156676,130.969261413658
83.7333333333333,92.1269511793446,105.424181530751
167.333333333333,254.391508358465,246.2511115453
261.4,370.55989253208,472.146493153374
80.5,92.240285700886,94.3941593721485
159.5,160.722745564163,153.969270903051
120.366666666667,122.350087895238,130.719961562174
30.1666666666667,49.1456393299398,34.3561248988168
92.7666666666667,78.5813870993987,100.899359333963
66.35,76.2352879975088,81.2357884872767
28.7,50.9528649854699,30.6873337729955
58.15,120.713415992079,110.503662439878
326.75,200.914184083268,217.88035315858
31.55,75.6836745574816,105.559684437672
85.5,93.66913324072,116.193295708849
76.6333333333333,80.9646080526446,116.45501793272
19.1333333333333,47.1278400716069,32.4901655002947
99.1,88.7408051038859,103.74795513699
47.7,100.208360874966,111.26060564322
331.3,321.407275245356,321.397273258132
286.65,214.769943383017,205.594933805622
454.35,487.781071761285,416.105115050717
917.7,347.65684389719,316.72165567313
508.466666666667,264.437178542829,276.965047575756
341.966666666667,360.549211257554,313.006108209568
57.95,105.243384564081,96.7670988178781
102.9,135.749952708007,169.705672816665
125.9,185.439069973161,196.70396570891
245.55,328.372721394811,482.177687748243
343.466666666667,286.023676688111,343.090079727804
218.433333333333,288.675814661339,299.228013296405
463.1,329.397713653553,301.687978188491
267.766666666667,179.977743571844,181.43820090821
313.266666666667,506.695415634517,516.961149846402
408.2,259.935438262019,291.020457530977
437.3,339.3855118527,443.07054063822
258.433333333333,247.633485588813,243.697858816975
312.9,471.752647443651,505.533605775468
144.4,158.674862644299,165.276296771354
109.6,289.269452472151,308.887923105007
654.333333333333,359.521478642007,317.935576679792
422.2,220.424161775121,178.967705606945
48.4,205.575768587539,236.187535952462
207.55,171.942791867148,149.348695776205
392.1,256.637750895042,245.129125035746
254.733333333333,346.356880199064,351.244556049154
107.6,122.435654746665,138.537216191562
107.266666666667,109.491717323806,65.4863268916903
349.433333333333,297.621469318522,301.542121757221
93.2,161.42347856698,184.679781153041
105.55,143.634514669886,120.021024699637
156.2,151.430465651511,142.123319397732
82.15,181.044629464908,163.159004209944
101.9,126.161622429316,115.604947185277
81.1,153.081339263618,128.596586257515
607.1,354.587329264221,527.507588072494
192.15,228.559924737257,205.180890322435
171.65,111.350011857847,118.098525164323
51.6,110.732802260467,156.428953143252
267.8,159.173360260065,138.99228044731
73.6,111.509139348112,106.382716776127
109.1,138.264260289379,153.690217864085
78.9,98.1579744255308,85.9126254035895
322.8,182.534177909657,151.279704772749
166.5,156.843810945561,138.993236273619
65.65,70.5949242159482,68.162686503818
141.15,174.037245179567,167.436335738277
51.85,109.392431087385,110.171840665595
168.05,270.736104582533,236.761296799689
124.95,163.696361626593,160.666443633111
47.75,92.3062100366039,112.931088273875
104.55,140.543354110347,143.889344381097
108.15,75.375362772307,124.400749086417
232.45,141.229559647237,152.232978231927
58.6,181.068580260209,114.791562384804
144.5,160.898044761548,151.222160436942
206.15,206.822286549902,190.872784786644
148.4,228.156554862359,165.413170351514
18.9,86.8230887301507,37.8884952253449
20,63.527639246959,42.6740728150934
23.3,74.6385157573464,51.6645326297064
48.45,67.1940770232556,44.2022134160226
29.85,69.2428783939436,55.3502995014962
216,240.905185297516,235.593666563805
114.8,157.335172154409,151.565540683563
288,172.955863985315,182.807852117975
148.15,164.842888872169,175.29126119784
64.75,84.5142661444691,113.566226114046
42.85,72.1542878809433,57.8320277061167
75.1,65.8229374416538,75.4369214838414
95.25,121.595123431097,148.265412351698
97.1,78.5952929270632,97.2371339419211
53.45,121.999034803188,113.415310319167
88.05,105.670913004528,118.797887303422
75.2,121.509006808125,120.894554411096
158.9,106.644449501207,112.485527460848
186.55,271.689648693623,258.325163479183
183.9,186.449164795789,196.188399328061
313.85,179.397044408892,112.001823358249
61.4,95.3198132190199,136.371679423915
131.05,75.0484919299086,101.308640414461
141.6,135.401341671474,120.672550560211
63.3,120.503152544831,111.645731583553
74.45,226.164712620463,222.295203123447
35.55,49.7406293003855,40.3907687180797
117.2,142.369255427252,144.983415411446
76.1,199.509067712956,189.962429156298
105.2,123.98177637172,112.887364302065
90.5,178.137039344929,143.312670755123
127.6,125.564822922692,149.211474644583
60.25,203.623128442153,132.017183450952
233.6,192.400635710222,209.668110773003
164.9,277.978410452944,253.978349202935
67.6,235.362155649756,202.12804586145
207.85,235.486014903759,164.108431880444
202.95,305.225403588253,280.558488641475
258.7,111.516241301917,138.260566921149
214.3,231.334478269643,235.949128634755
556.25,147.693126380144,127.156781518324
505.5,322.292108064584,347.080712318728
346.05,385.615782749659,523.094386175888
517.7,194.718575751197,174.926786401838
124.1,100.114133941229,147.633358161715
98.5,93.4801217050046,109.254264234628
145.25,120.399462839185,131.216284251506
102.3,119.113572609038,128.041648780152
124.6,105.377524036952,97.2981186672464
147.8,250.477167817731,200.00350537238
418.55,216.793270302305,163.914832163716
337.9,280.409127239043,263.998819610817
239.45,319.519566036288,300.691705479107
1169.55,236.834645585401,226.321541377745
167.3,328.831844181647,268.809737969486
164.7,320.428081529915,255.153675155143
1181.75,442.40426183599,417.17807979894
679.5,308.982430786557,391.093600817823
201.8,274.290060317931,257.194199545121
428.05,150.750825177876,177.411204591805
472.25,368.45925189106,473.605789691229
577.35,299.409523762972,312.56451965676
486.25,381.779741320052,404.131906514015
81,145.169455430089,159.265055497297
299.3,420.650896894582,402.50335166243
205.3,143.276989480163,155.607454119754
316,301.216129849767,311.738486901258
126.95,115.616908818152,119.604368443726
14.4,193.661773999346,142.304848136105
52.95,118.761827906657,139.629323861251
87.05,177.23958674939,161.589959315624
35.6,195.359036281565,165.542828286419
211.7,368.583707395468,365.823290933233
258.3,319.357371043699,290.848893097882
288.6,248.890220392211,226.590104050604
95.15,256.301130251973,309.545242819422
310.9,176.491665530003,146.345655587371
153.9,383.788464261476,415.326475149595
298.35,399.374928872592,507.188861494103
357.1,352.393581075961,341.379928388958
450.65,416.214748052459,404.22972971953
371.95,241.349471670591,224.581136666174
329.85,230.39369691074,137.774353229712
90.6,89.7980764887389,70.9335408387871
250.6,282.718371990726,238.682707549601
268.35,343.608502021898,308.520657216451
303.75,217.109958862981,283.474501880405
247.4,130.272631859471,139.272574953117
226.4,179.894412428854,179.6636862948
167.65,262.87776390297,255.372329356543
427.8,223.592006252677,224.140615081278
127.05,239.220604918616,290.855506170303
148.65,182.452452362656,183.465809703693
262.9,200.20260784918,265.012625625668
276.1,338.080168000987,336.892977280202
280.2,225.938337782289,289.611944859067
213.95,253.705677349657,275.350676245699
101.95,178.325920620223,158.518043433309
185.75,300.551486558012,385.488525914326
248.05,384.668204570144,407.516552935841
177,229.011514268143,172.247214899998
195.7,304.963370844042,280.11367403055
65.6,156.697571885054,159.431264909287
134.05,211.809472987529,151.703674633108
262,104.898909182799,137.578676959028
184.45,228.545969229308,200.872987541641
123.9,175.688918218926,170.728456536425
108.8,242.376214909763,237.902365524749
196.95,127.314036203457,152.244794688887
1149.6,172.147111781886,211.950635141058
697.55,263.423016661429,253.935689503341
638,173.918719314608,124.173394516785
397.7,163.537917919714,149.259024437113
553.5,299.816398164847,380.255513078474
49.4,95.4390904861749,92.0557539078797
250.25,71.0967026394919,73.8900717315158
437.4,245.076917081782,124.59867166421
104.65,204.955143110589,171.866496795245
558.5,342.165093532097,377.554124543144
404.45,256.364328608033,208.069611119703
192.65,224.397136517321,206.008049998716
526.3,322.078401381379,307.279577174372
257.85,283.477800735604,282.038669614277
177.15,216.913231270163,213.377194423313
150.6,244.190483457491,266.9043469364
179.05,313.765391699744,321.10650296674
120.55,259.269366797806,253.074994236759
130.8,153.693460261999,148.947510372637
386.9,267.115778466735,366.342851407293
288.7,163.73560881013,165.175002282837
207.75,180.270003848532,189.043659383712
311.1,195.161670990278,185.954990716317
303.5,231.394368240681,239.77519429008
91.1,169.016078102884,177.395144871385
122,380.57899848921,421.100747476371
205.15,253.59781855709,245.042413249621
243.8,180.026111564947,203.967428499166
111.6,134.706412488619,142.310611868197
174.65,333.363708907232,306.123920073658
132.25,203.195304216073,231.045333574702
75.35,160.966204478614,199.895112753116
133.65,93.3829133615417,92.3954960104552
123.5,104.966674776563,130.350087406312
170.35,83.3818747343772,81.9844365137895
86.7,98.6260521012009,101.208552942648
175,83.5356093668745,76.7871922296355
515.4,289.470850963222,345.835119429528
196.15,108.310686285685,113.385375840915
111.8,73.4245117648008,73.579518062128
192.85,241.413837510532,170.631326563699
150.9,64.6946837946066,117.691852783875
182.85,166.042274053788,134.771863405549
55.3,121.551330551049,132.47646669796
192,321.748770399168,324.554083570757
210.95,226.038633220366,247.329444027665
129.55,199.818125127,157.116864605538
108.3,253.510261200678,267.674025217096
52.65,207.789623145283,234.926328884622
77.45,236.323592311416,224.443163860405
67.7,228.762158643855,203.154489794729
109.5,91.5728260639018,121.993528962103
191.05,150.833928687715,138.4534904968
224.35,159.471985588735,179.630036747585
255.25,347.027925235074,390.798513204401
211.85,117.898566481924,132.032981866952
225.95,103.113823718758,130.61854193451
432.85,137.20897324184,169.694562850352
301.5,158.139832718369,179.11739996589
115.95,141.45902384866,177.849416385459
153.35,107.333863796349,127.43254430133
232.1,124.484842368835,179.878696360778
145.95,90.4418997516566,104.289754177216
116.05,94.3709477633407,122.277554630334
245.8,134.242778480427,132.408770769289
178.7,157.067430289492,153.901566234463
157.75,108.596333766131,118.263695945999
228.8,113.19066201502,153.90429970003
155.2,229.667718846613,242.749269347721
83.85,135.117446583763,157.038520819532
66.9,77.5833622186121,98.9834568097904
167.4,208.149085862721,189.744842391474
183.8,220.482806568034,223.202293406282
60.05,100.168605671483,130.431784122431
124.35,227.471550667928,233.208363454833
270.4,73.2664368577036,117.089270499059
322.9,87.5237668328244,108.344177892475
41.9,71.9832471735586,90.4390796615811
151.7,100.278882151823,98.9758109298151
345.45,220.286411473445,209.47276247403
182.7,187.713487913172,111.343126980931
45.3,93.1274014679339,92.13074966126
300.35,247.127158836422,266.060923161349
479.9,202.548273169497,190.997675546701
111.85,68.196034497127,138.596180318837
84.5,218.07209802027,214.855925798779
186.7,188.909028516057,155.63612680131
162.6,151.101594940754,116.5867954181
90.75,95.6996450778639,83.6640989353678
225.35,218.334925940562,191.464577004165
103.55,145.479851378338,135.115303346138
95.4,190.981031603298,182.138857351497
264.9,97.3641097674264,126.092218872974
241.6,297.164170332482,247.657782902346
229.55,120.427136308859,138.011178231229
178.35,140.979515084092,150.15824770822
140.65,76.9056684974162,82.1410179625783
157.6,90.4438401213041,91.7948917980398
464.6,167.465628589216,149.318592031302
475.6,123.736740441314,160.694079453062
253.3,81.3371304728223,94.5247680507684
151.05,186.958987855597,172.956632903521
128.35,72.9403359260138,97.9084980761539
283.85,111.682532097262,138.044491570176
95.3,160.470266194819,133.247708479465
197.7,284.164980124641,281.402307937541
159.2,104.364520967647,93.5715165228598
25.15,59.7422163974271,38.0802965820183
21.75,69.3290096368694,35.5420782728245
57.1,148.424963458831,115.503350415098
24.3,46.7433847137434,26.3898249452828
49.45,74.8849048913442,43.946048967838
22.85,83.5640615157981,45.9958891990013
18.35,54.4498448352127,26.8256280560417
23.35,33.8579422552309,44.9546133617225
26.05,68.6052319649375,31.6576066368456
18.8,63.8836471109004,28.9741401620484
22.7,59.5125783190725,25.2882836984445
31,61.5615192452127,31.1874173015093
19.8,58.0045320727148,34.0609656899561
18.05,66.0275279912563,84.6701293325374
263.45,256.627691328778,253.305856898718
340.55,300.828220415014,271.174129452629
178.35,361.68995969481,345.30434965596
173.15,334.266685081062,420.353593471871
340.25,261.039870365562,218.831404824329
401.65,398.874220886598,450.406898750361
309.5,258.349327846015,264.157806133432
104.75,282.411316486498,264.690586443485
214.7,146.831020369106,143.309147630212
328.35,209.912568626671,289.946283651433
344.2,255.898982849005,258.655751180743
70.15,118.872214498044,157.026466660501
433.15,220.630874943407,219.960404433784
102.7,153.74164238394,140.22336324767
58.05,135.682916395412,105.558783728672
78.2,131.5080697129,95.9680853330517
151.05,157.315430737883,141.319070579715
88.65,102.547563243793,85.5727649531624
217.8,181.274778588077,190.238672486663
106.55,58.6779684554719,92.1862029217892
195.35,134.240990171197,135.294956806596
580.9,285.596290909965,360.395763460915
84.05,111.307269603558,84.9537924392323
410.35,255.234900354568,234.055218607007
186.7,110.147634685596,138.395409665492
104.3,131.255250483801,103.250495117647
436.95,254.244531122873,264.380427205185
175.6,209.071174006832,181.398641044441
342.3,267.606413198707,266.722320492689
130.05,143.659742153261,144.214941359244
268.5,236.584426430988,214.265121732061
104.3,96.4633739565892,83.9137479099754
100.55,69.9880778826109,58.9572492294736
64.25,90.5834168827307,80.8381880120326
67.45,95.0058000854752,64.9558100056453
105,195.936735468026,184.429021520612
210.95,219.758618306032,225.787008876919
503.3,222.485405869106,225.373658545159
272.5,205.354443284625,199.192262053091
388.3,90.9908341767597,110.861900893783
128.3,85.3320643346153,89.4601636995792
582.35,366.149683103205,400.076890331679
242.7,441.731307995654,243.426543921712
361.1,126.456190462219,124.718286024677
581.15,460.194889690629,630.32623789727
183.55,89.8835489311774,102.904200753854
88.25,109.651301875423,72.1291257274929
155.5,204.359503561009,190.036171511801
49.7,214.812160001885,218.178267499698
162.95,222.385043567567,241.067576271755
238.65,246.412628411178,281.067917181415
395,231.767158621976,210.128284075234
301.95,372.696376325135,386.656129542791
308.2,268.43583227053,278.472918035006
479.35,236.420671390226,199.519329897577
67.6,81.6180279342189,60.5094655180028
127.5,222.557618262005,290.15857686083
133.35,145.148715025226,130.468754280158
256.15,202.330255742422,227.956635677848
257.75,418.401041488141,438.609864207831
857.65,544.088094275336,587.497249758903
697.3,437.12070797547,531.791511910623
194.75,230.499451398301,231.284516832897
100.1,87.4005018322436,90.5979789224003
138.15,175.101939394703,168.282304328074
59.3,79.5504297326933,76.6919959200259
128.9,109.856496225212,102.055377582145
38.25,94.9192331183328,56.2494997313498
72.2,87.9093850095812,58.861038260768
148.7,166.889035535194,122.837314807127
54.9,178.344556061622,170.503693712963
90.95,68.4123832475217,70.8706733294334
161.9,108.415792722625,118.462370560382
48.6,97.9349049187182,131.75971318875
66.65,88.7986238385992,108.695841357887
193.95,179.133135102674,152.201000035682
80.5,84.2098616069945,51.4804337872579
79.9,99.1811326860029,151.260806348313
262.35,116.48933346119,157.325328705665
834.75,340.096898689733,382.614853682383
42.1,116.007917115437,89.9689683397445
175.35,153.229093114245,138.276354267171
423.45,238.575002301331,200.857985603521
300.25,338.596343568374,386.541895105316
380.5,279.664082106423,225.405533196308
140.9,165.365794826877,145.21817150556
367.85,263.093303850534,237.725298653538
261.2,261.751718967209,298.738475125816
74.1,104.016104410752,82.897350411714
165.25,259.152330205604,223.337846980765
248.05,189.066239584961,185.794942994546
125.5,162.450543501701,156.87927852293
104.25,105.205492815568,115.964885067642
209.6,145.511047065859,150.70021610408
78.9,71.6623971854556,87.1717417045471
397.15,373.312928559894,356.271165946664
144.7,226.245117472986,207.389951650694
88.1,260.594722036475,221.091669944049
318.25,216.481313222729,240.605875425755
213.8,276.10165506758,290.82818846685
158.35,223.999355482393,210.766657418473
272.55,273.779431071337,311.696217917201
136.75,399.88541727118,249.140476313055
172.45,261.91865997667,283.207514475253
181.25,248.622519181313,214.979168481558
36.25,138.973652498979,90.7128351963166
175.1,308.649444528142,317.485647042682
532.2,349.098763331609,442.215659588076
207.95,295.731033019023,225.381069344551
110.7,155.439322013214,133.496778631649
167.05,185.658780122414,219.998247646599
516.2,312.172619624438,302.67982174106
121.7,339.69702537017,366.998685144817
44.9,67.3922835747322,78.3488430504781
474.45,200.885299657921,248.871528406367
53.65,146.988802692963,116.542488713584
186.6,229.305253364606,182.253425692185
99.95,143.801943960495,112.363788408012
184.55,300.214996640656,306.649842906359
219.55,202.539413823165,261.427540008406
203.6,283.186807971394,257.578445661823
89.15,216.160658723843,155.248772592888
116.65,231.203537508191,227.691171998224
64.45,157.557078194878,116.110712841351
94.9,295.38474869041,361.461723873358
327.85,399.366559432353,397.915717726835
173.75,208.203089884485,201.078350783977
150.15,276.537071665087,285.721859973545
223.95,359.955813114599,244.748458001927
136.65,104.120501685124,79.4501674715739
125.5,131.118316426578,126.996484095755
65.6,135.025101342075,129.188377702852
378.1,271.198511572106,282.200844708506
399.1,317.050288417304,310.758014326378
386.8,264.440554047803,294.488029943868
457.1,329.207211836192,315.743808722949
951.8,241.711842703372,254.952160476182
525.25,443.529290847426,446.522131466909
112.7,121.641877977133,150.63521414915
713.5,341.135828982884,357.803347192323
223.05,162.176116597515,119.353626492137
179.35,199.473959279914,190.828096073517
186.95,290.991786116829,182.228341874342
561.05,318.009039602215,290.069333512255
366.5,186.77495422093,163.857584030936
198.5,157.6030847615,140.471378175249
497.25,339.581828036065,348.908410607113
418,243.016268989406,244.977252538251
387.85,264.517427171499,249.270970772358
541.2,365.237578987004,470.049214874338
351.65,287.653512239129,293.110772795012
573.2,318.46539365794,333.71536021027
712.1,385.399103768993,413.288119488941
588.3,261.924258017488,342.405950941499
182.9,176.131346599099,146.356664277894
460.2,238.488853601152,228.043664548854
377.95,167.836256405457,185.764619538851
397.85,206.849559022301,187.118646267818
865.5,372.062986036908,406.944021179421
72.3,79.3424920417827,64.3015586524506
67,95.7378601803824,78.8748415996302
55.15,109.261447901397,76.2437703732977
59.1,77.1332237483188,67.3040518727584
85.35,73.2023688631179,65.972394107211
98.35,80.3903744215653,103.495377586393
113.85,75.0820796590066,110.956825518703
79.1,68.9726313331114,56.0316549071864
218,282.893551571,264.396272070954
398.3,245.218766772718,195.051379148396
552.05,291.978482864137,372.884159565231
144.95,226.560522273781,200.406487477927
291.95,278.652429364558,250.489913997697
336.65,281.788028528336,286.061113060711
493.4,354.740156396134,343.003276301873
607,321.062683920114,394.561617121876
922.5,284.421389476722,284.247247851858
528,212.557241056812,171.058016098932
241.65,205.202497245872,197.350671339173
281.15,278.574612240619,232.410267884678
168.85,307.893732619023,177.335059324439
127.85,202.09969690727,180.977775561224
67.75,133.466767131589,136.731819699789
184.1,291.392481033949,308.458448264283
148.1,147.968982470104,120.322597082661
229.75,326.78224319954,289.473299722676
178.25,311.156629491602,453.423847586363
92.6,183.411762887766,132.171160872475
479.6,316.474216773019,277.385688109509
201.3,268.673454746154,251.505341174592
100.05,146.0836445653,98.9105112627842
216.55,195.32117650863,159.764293296373
234.2,118.069930511857,132.83019000671
149.45,206.824486751764,169.838182975624
286.4,211.067757895099,200.100674066995
586.9,256.439654452913,269.078263661675
695.7,229.696451201153,242.63469586224
558.25,265.033604315202,318.327348018418
375.6,239.010099092513,273.846137802916
112.75,147.975359238035,152.990539945499
238.95,206.070016384531,185.015584922603
208.05,194.057201790289,214.556215581457
445.35,314.950758248875,256.351176816408
38.3,83.5418458538146,76.5277183270176
141.35,124.210983719906,108.608590701198
183.35,218.094324928019,178.073254088942
241.1,207.338535670599,214.190728160812
470.5,174.458949657003,152.392906191815
124,136.958334657289,146.14906432291
648.6,268.242948227383,338.116645335921
175.15,262.661771129492,239.05070612049
322.35,153.789475911211,154.981486502989
165.35,176.722945699181,157.905112331701
410.6,331.346405421832,380.183918776141
279,220.090614932225,196.314666973266
208.15,294.33158798754,308.300625047625
540.45,386.08422979874,474.151880329593
237.25,188.273698793484,225.291761088399
91.55,77.8359154511821,68.8543600277623
74.4,216.883554699227,218.137334642843
52,214.050975393253,218.444673551759
279.25,390.638773223011,503.162438348124
293.55,266.714056993663,359.520708103808
251.8,259.300991921223,285.817438778096
38.45,127.965164306978,104.778696395955
162.8,305.474219410703,267.663387593712
173.85,116.007687051264,89.8468977630912
290.95,222.499858353864,228.667799961032
130.55,148.450503950869,130.935309601528
233.45,332.589842495229,441.712796855101
541.75,222.826067171434,238.966744657853
299.15,356.225558616784,366.082296797063
155,317.180615232663,346.088787894402
141.75,292.720734099509,278.095453565789
403.55,455.116054985163,406.104625111996
257.85,306.656926951235,369.433545849351
374.2,243.953841643154,247.610538211628
211.85,223.263972890537,284.19729082712
173.6,258.70424986535,288.474793498955
398.2,298.88805352109,323.981630948198
192.95,309.068122045512,261.968768071301
252.25,266.738874042213,258.978652552226
287.6,165.99386028785,143.394274519651
391.15,194.881529067052,209.2789907599
227.15,229.742686956698,212.889535968087
446.45,260.386704880348,275.781999767117
183.45,259.104361622213,287.315275091535
375.75,293.361418019666,308.720742778922
74.05,203.589435243952,198.877667144801
270.55,290.498713243441,267.632406978885
116.7,172.773832762479,165.317908225327
237.9,251.564536102829,292.126881169258
216.45,233.947296781513,208.763058739654
232.15,221.579864165999,288.497096240182
266.45,213.004098345247,189.051875942335
117.05,222.938517678765,183.68016855372
84.75,103.345528600389,106.510990558983
194.9,177.378618986945,122.995638974894
239.2,302.552744526199,245.549736476783
254,188.893219441416,196.152041944412
70.15,101.182934981401,127.105044606357
311.7,245.726814223891,242.92484974451
384.6,404.273294348793,416.808377502303
156.3,308.477407804394,319.296951478731
331,226.003539977586,229.268154527682
304,287.164407180723,405.723472695758
372.55,205.338253702578,206.599849951433
405.55,327.564075241796,412.212939535748
443.25,200.997625277601,195.893883997335
417.4,205.573817689643,208.790486107169
366.75,260.946186579426,254.859605980049
109,138.891028924322,106.780758682687
395.5,349.324536112599,386.805106800241
621.4,267.431868325577,361.295927899502
480.45,299.638410069315,315.584809203962
69.1,121.093118049513,88.1504778221326
254.6,288.415148411582,253.6331121945
474.95,360.679284906996,476.599710168929
63.15,97.9340260260225,90.2904058245173
137.25,193.553613017647,196.916564757334
285.3,196.495391953406,155.491676039531
510.95,328.894193115821,391.760374321242
291.7,287.148826364696,382.140190050329
469.8,386.574420632915,524.318302121458
190.6,183.913709922736,159.46909541289
167.25,306.681486282991,328.82598456799
224.85,219.963173736381,231.815817966622
374.1,247.457694331912,276.874477001428
578.2,319.683335276851,341.93772994122
553.35,299.664048385649,244.357691890437
695.05,473.199874606577,574.555174929635
56.1,119.155773867276,81.7973432150967
121.05,187.519530669771,177.105444408513
173.9,191.532331661843,159.041907578276
60.5,212.766434351902,129.460840757261
339.95,361.560807582117,397.384076454272
170.25,209.400332791111,255.558131786534
992.2,317.427487432314,400.18593005895
135.7,203.085204869235,235.130606801232
376.9,268.91388830247,330.477756057547
83.9,275.478230649047,220.027821546336
336.7,181.571585540913,170.794237548204
313.65,232.106267508224,218.63585093379
190.15,152.838020670404,129.962042634434
68.1,234.738945229473,173.698649278889
124.8,389.54369926815,201.724483126065
167.1,231.35482012522,227.051585729648
540.7,394.790142137453,418.258911372776
295.35,385.188103202718,343.980682195198
311.45,350.210127437516,254.305302145176
157.25,264.761926042678,185.251675819279
359.95,332.750384869007,423.27620248804
106.3,257.026844925677,208.771456992314
83,165.92464389671,144.48927835677
214.7,288.017607035265,283.992653848222
478,463.366567691348,539.549815501167
132.95,190.195679294443,171.428216921005
399.6,291.78415802438,264.07713793259
207.1,299.57786698624,216.507841925118
117.75,194.635064393298,149.414415170688
222.75,229.366534567552,239.230766495026
195.2,178.846601647962,178.118322887846
171.85,276.854089580415,296.222798907134
223.05,287.229724895338,200.313699531913
342.6,189.406068488586,155.539860392586
324.4,221.24900060734,244.786588287284
281.55,373.967195270739,397.045405910186
300.9,362.450995572632,331.028400712292
110.7,175.978377578984,201.337522922851
186.3,230.076329413978,236.839206804338
302.8,345.681354971206,220.75660535252
176.6,255.653833938127,290.653085687022
254.3,223.42980457751,186.944114244286
404.65,315.52131435204,283.506566039681
211.65,201.108249166035,224.154542172258
404.05,327.742246524059,336.19821712958
273,338.441215242285,263.334374110035
199.55,177.162579143782,167.858935504731
263.8,258.954521993977,260.70967758715
255.3,271.272064658837,302.865449265562
150.85,220.030781692647,213.459430072951
105.75,346.857401650985,252.590280400692
183.05,229.423609019719,194.176119993352
182.2,246.199674934659,218.105208932493
110.05,172.24934947407,199.070617301352
136.4,206.756113938078,191.391829539117
185.1,235.533605703966,191.828109777587
102.35,205.668070708657,152.700920127591
300.1,368.811295772233,374.295451710948
342.5,313.416204674982,313.276499203033
139.95,145.539602925885,174.603659770353
94.6,185.338924425262,192.814700225362
167.1,335.273715570354,371.054634833811
243.45,279.600863025376,297.074959194456
161.3,342.414655509462,335.649799322846
173.65,268.586480202538,236.76515169522
145,260.536700582752,273.907034984606
175.6,282.713484788258,322.545446739438
293.75,333.829348074199,310.403597152626
234.2,336.978333899702,346.832629298309
288.1,389.650882928681,304.989792371533
229.3,255.383758371273,295.268191852653
268.9,250.989558301797,321.295325620591
196.85,274.997263296766,286.670578293209
214.3,214.568896466984,179.622454314084
426.95,337.083083842567,390.158271535924
180.7,226.453572266732,200.816484148941
259.4,238.441242035837,250.519822845313
280.45,190.050657237951,244.29599537159
470.7,313.114824661211,344.552030122805
539.9,273.226025746982,301.38548573234
91.5,187.743119052777,182.292256167886
436.7,449.377380920317,524.275491223187
420.45,269.694275512504,216.300939342349
684.1,373.313368279263,454.543180066532
66.3,109.472031396219,101.743873600317
177.45,115.983387410189,161.944914021853
245.25,248.732963250693,267.541896634869
198.45,126.861667805144,116.487496504061
79.4,62.426115993199,55.1503590025347
412,430.739856057763,434.941273199426
402.2,262.731068479334,265.846900488476
275.7,364.252487495989,414.300119106979
392.95,319.048077633048,283.691730192384
168.4,204.267528797992,183.157941070744
197.75,193.749656360734,231.459274368413
177.45,260.938347142626,259.544379838413
652.2,338.647104084824,453.307489448322
86.9,125.768660406157,115.064157084473
50.8,65.3248794756889,67.6630024062577
350.45,305.102532193273,346.788060307297
154.65,203.521014032288,235.647054484569
87.95,172.138399335488,166.401871403274
31.2,121.92803668742,93.6854986138678
113.2,297.905108433064,268.040090280571
137.05,105.094437131792,116.617812972852
227.75,104.9853298817,143.597870449834
53.2,150.544198385583,121.693885050036
202.65,258.074299805231,293.274108879181
154,261.239763558512,194.841958877094
34.6,154.73129556636,101.072788386508
68.9,213.284854607241,134.077565212171
131.2,258.937702085924,207.209681216367
140.3,227.604684293915,178.203639685037
41.35,134.743571955706,99.8768051360708
138,308.608034324677,391.932497061154
42.8,125.044110793866,99.9250090600075
60.5,181.878464663912,148.680346460381
35,177.832987177138,107.454308923146
192.3,132.405101685179,122.86356045686
123.35,127.309482370611,115.104171359594
69.6,74.6601035266588,85.3344073435046
140.8,133.887605600706,151.85493381464
96.25,98.7607664980302,129.744290586738
320.15,263.982253854805,309.541228716934
134.65,321.086381956204,223.540881648633
213.1,189.074620437713,167.01903016604
101.8,255.564449409555,343.095767093567
95.95,277.694496482427,257.740568786437
154.5,321.524875452254,319.58574443045
76.05,244.843208942561,220.515501750999
209,219.379793755204,184.896658808667
339.45,316.785326290684,380.524575588184
123.1,227.069712271444,237.507703181501
112,198.873970965557,124.427889511606
58.1,108.924574675371,116.894272512136
428.1,240.079965665387,227.979849347366
360.2,228.63448825171,244.622663875601
147.8,183.680779222903,187.512731316315
237.25,273.374816878467,305.078847468475
277.1,323.866600216424,319.251983021935
177.65,205.396623624012,193.19332246064
320.4,256.139665467812,259.783537945789
172.65,130.603876796033,133.828376135129
205.1,193.842520712986,158.704569907483
30.6,482.957464646311,213.086260084119
477.9,156.491021990408,172.231131959819
394.15,304.553837578809,327.680078183443
91.4,77.6901354523309,88.78462353789
53.45,92.0399835399583,85.4482237292071
61.9,130.113291274717,105.529662875885
80.95,87.0671350000378,79.7464646236125
229.15,111.13355720909,103.092669513377
82.95,170.263426947375,179.553166273541
219.4,161.800883871541,175.554985658028
538.2,343.176235088712,344.750001722601
150.7,171.724181559405,167.227652099033
60.35,289.067204388903,229.471706288877
105.95,191.687024223025,197.621086277197
213.5,189.663763928867,199.291248915106
336.6,335.755937239838,296.784454867039
529.2,336.367722002024,283.65836698101
296.15,282.028848233818,313.022386250182
116.5,199.811070510309,172.387702101116
554.5,486.938480217435,498.547749704975
219.6,449.112859701483,240.168702322233
140.8,165.666444201673,163.826019775946
143.75,203.322287140186,201.804332983159
201.75,172.287071011126,166.00004117013
137.05,301.876524051133,196.625497461357
114.7,151.974871404213,139.13378489474
86.45,326.072229262089,369.265398513528
140.3,239.261486792109,215.483371417738
253.8,186.564931311058,200.199252362151
115.6,138.811714342669,130.023656255833
448.25,327.958745932763,355.211584659249
226.2,179.071738935662,185.010443756121
266.8,239.090407407012,197.604573100791
78.25,249.080477177638,225.776533831659
277.95,326.112142448977,312.788664089049
439.15,282.201039749925,263.333935952852
119.5,152.03466803945,94.5202213026315
432.65,382.612686508512,363.896254231664
282.5,359.478258672095,325.871046649344
173.65,281.526710149975,226.223278012279
308.45,197.180050218598,221.346709168294
264.05,292.307433070907,218.102852082878
487.8,213.000279059389,250.090023088396
233.25,223.925309110335,212.850974121858
236.15,137.725492314431,117.738794989001
80.75,221.432025057543,246.99605724402
203.45,200.126539214161,181.838058089569
266.8,139.395680445068,129.358371317236
210.3,170.095690206787,127.964380704639
74,241.107875931409,181.87926459164
223.8,237.740978094819,198.834625520802
126.9,162.015191099137,155.340069461059
134.5,126.722953913279,117.558275919547
170.65,145.697363652487,146.837101206833
70.7,98.4075329008079,66.8122704712256
236.9,340.821056086534,340.093607430269
435.45,330.470156058595,454.001138637272
214.2,310.677978891503,222.885561549978
66.65,96.8646281277657,107.592383256371
297.7,257.92737469501,230.106625073855
884.75,257.058717527103,255.119772690347
362.25,234.211968572749,246.394952973767
862.85,356.682345776376,415.580800924485
97.4,187.762391274268,159.657674400943
361.85,244.489477418131,259.925559537025
162.85,260.435079639506,306.86195383122
267.5,240.971749475745,231.090923864304
427.35,330.00120155137,311.771206363308
522.35,454.400560762937,538.290165382014
346.95,226.35661006607,223.015342805044
116.5,291.748320640084,230.92388646105
414.6,375.95438651606,464.188313562729
554.65,265.889902754241,283.703433025057
199.05,286.713439062367,293.261623959742
284.9,172.648063484159,155.479121964324
155.85,274.398834227259,242.197810269585
237.45,418.502734564596,406.555807232209
279.7,325.776441763156,398.057591857262
310.55,309.266618622272,375.962732707315
195.5,323.768372246334,341.041338627048
138.75,148.747065427409,128.455941089423
510.85,339.65811080605,407.391391982425
186.75,202.226088815979,195.202564845937
142.15,189.373909493309,198.539150140581
195.45,145.940985069439,169.637844811026
293.7,256.697460386432,254.209565667249
330.95,101.3218829507,107.856150398576
238.15,239.287255098364,213.585119675764
140.7,252.537737135375,186.103823832124
39.75,107.901999309594,120.615480842411
255.5,280.035061583179,279.992128008127
164.2,128.540762632888,140.741498978132
236.55,195.793052004643,176.51048000174
152.6,290.615706743486,270.538419435225
130.1,196.790523189908,165.494500222845
316.3,227.091879263821,258.500769665991
104.9,173.220910236086,197.811649880542
181.2,252.385230969648,254.911038485873
111.85,103.079019927322,92.1912217882923
96.25,159.656847922143,125.232756696151
109.6,96.3512675145896,85.1431928631378
324.95,356.672056444393,401.114312705951
80.45,126.521302552943,101.155265287939
410.9,288.849632543891,332.039016259681
280.85,194.756284310715,210.987108206188
250.6,141.089152014146,131.091950841978
63.6,123.224002133637,146.946414035524
36.7,78.6358284840228,82.7683154582307
263.35,291.857496044109,270.812608348105
18,46.1813656642031,42.2287158315522
81.2,118.579425474946,97.2988186544081
584.85,311.287435729881,322.385075672888
44.5,126.608575983752,128.824859487204
57.85,58.8807869464616,90.0713161374853
61.1,96.2874532444611,87.436982576169
208.85,208.326563873546,183.213883280644
123.85,215.869084379518,189.178772342403
362.35,342.800173205772,341.07493264539
153.7,212.741216393649,192.166875543278
589.2,372.359756645711,459.482753554794
1370.45,291.445656116433,445.339198795514
351.85,249.257840950815,214.819633065731
204.5,285.462406282307,245.869057024388
468.2,329.656685952287,472.6881977029
183.4,185.782777223105,165.462423046477
132.85,309.8775272582,189.212358715049
916.4,139.736647769282,111.22069303854
205.95,247.150037910336,161.109937988547
184.45,195.373382502066,176.022028973281
435.1,267.37186427067,351.547535478182
1757.9,305.904372837561,345.964372343548
731.45,256.615917822373,321.072656068594
82.35,146.132158119723,131.337365457178
203.6,220.64796468666,211.044125141432
343.2,317.727780313645,378.474243330808
88,124.618038324701,106.558738059658
116.65,239.970389040878,199.080357377781
61.85,120.167797170955,104.89966839027
97.4,81.7477106286827,73.2982857124472
132.05,101.205262970356,96.4121265411166
116.25,95.4587986707231,93.4849905235131
281.45,445.95022080081,493.01083457969
56.8,154.109960282634,136.386745641588
108.1,106.81959887069,153.315999753133
128.65,193.978269456408,151.023865277655
161.4,77.8167959313812,105.160131208902
92.25,147.221799247899,150.65859386208
298.15,150.504046096196,146.000642108714
224.15,277.092906679102,239.466910127841
69.3,103.614352481578,141.596064404736
308.95,231.453767131853,215.416979500676
270.3,213.277927186809,181.499016284656
89.3,155.06532110412,143.78394741022
245.15,197.123458245894,173.099193232776
67.2,65.1193402742422,71.0941284161203
84.5,95.183645997746,122.29478406125
206.85,229.727800616552,205.299951071697
207.1,188.433422793313,154.88999091125
138.8,209.332804160761,203.122052497189
346.95,221.267114321215,196.30350317228
124.45,178.539248791206,171.512818664172
235.25,230.323218057598,203.117269345312
182.7,194.94146296632,173.631026427469
53.2,88.3069978614097,100.379547883776
238,159.508906789356,143.027674530081
304.2,138.131493644602,167.762844294833
179.05,164.445652155014,149.627448748176
294.75,224.513199723339,238.078069564177
166.25,163.158478512186,142.945448926471
191.45,90.3686778579869,93.4038123511031
102.05,99.1939619367201,120.168777029469
78.9,87.5624541325777,107.598027963126
60.8,76.391769442816,88.5757517673909
55.35,193.096846212644,113.305086197682
159.85,75.7686298198389,100.942956281706
165.4,181.24340311317,150.776170838879
88.7,158.915518298964,169.199423834965
90.4,143.190240782817,140.576250688151
118.45,176.434034870144,151.880602434214
83.75,100.380164332922,101.32440693938
190,121.488081191553,114.556568837911
86.65,95.3380029516362,105.097236620869
136.05,73.9092079181081,56.7140167342378
130.55,133.865018513983,140.545656861976
149.35,161.334981649172,148.301763266681
85.85,194.101369858077,182.568357268669
63.2,126.888902754893,132.176800088999
79.25,90.1569569867139,98.9367081143801
203.05,177.313520097907,176.07152234422
116.25,85.6931956620062,84.6336961999489
503.15,200.516572220507,244.803105585256
149.8,189.379407080338,197.786505923569
71.65,407.56495756279,392.407698772534
211.15,279.74304536734,229.668860229346
194.75,237.859230678516,251.877294366996
392.5,216.5716701402,218.255316933621
223,274.641855387563,244.250465256368
78.35,134.508820358183,119.710085569527
214.85,130.157058498705,294.917242840392
223.5,199.470446158507,207.815750660663
354.9,728.502810720028,453.161527325688
154.15,146.962283340625,156.392680192479
204.75,239.747088098495,248.286610869396
122.95,177.216207447142,180.908545967823
176,118.652901356201,121.885855616522
564.6,494.529401355329,374.57311790138
167.55,211.252179190557,183.591024901748
324.45,550.220253846595,499.06660191011
178,173.264625143114,177.142370920375
631.95,232.281346350824,177.718349866887
317.4,282.401529533995,258.889841876813
239.4,246.647913058712,221.36732960911
155.7,150.299685695196,166.543764272652
208.25,158.128626727913,191.00561075393
246.5,328.10753182444,275.503085292641
263,193.551837297709,213.71329609579
266.1,210.640909655062,206.187190307591
489.95,236.217673093413,264.327196074286
287.2,344.286735704268,306.485257209398
224.1,229.723909628725,240.443270033533
217.05,186.347271615313,210.27412424027
320.75,282.429426419913,227.882870047841
138.9,151.281670389997,137.029935169547
170.6,259.543921920851,231.307590984823
90.4,196.28557481836,185.336310775876
124.8,497.911913884827,437.815783950317
169.45,172.74604999216,190.091431393633
579.35,177.369269971074,400.3740980045
176.2,251.237137701399,259.769185688216
104.1,127.489340044807,129.529264079435
416.1,211.111683699012,248.62140932807
210.05,208.259492534788,212.558994931868
201.7,198.58452928225,202.454027293229
330.8,204.757044115503,187.030633666625
266.05,270.314162470367,238.006991600399
265.75,202.656900122964,257.750316827644
181.9,207.922171470423,198.467566527767
239.35,240.666923416976,242.365365084284
206.55,228.823196716663,225.317160905392
83.95,189.662185857421,204.941295139082
122.45,152.773748704738,210.151602791542
142.7,166.483397554516,194.727081379502
294,209.783585474046,237.396523819963
383.65,155.281763374874,253.733725033459
95.55,208.994928001289,200.720752977988
161.8,150.72611288902,196.030875349785
81.85,136.093568801989,149.484934312439
258.45,482.526813214923,388.884304710184
148.8,155.701251025659,118.427912148206
292.5,237.758736953531,213.032760369418
365.1,238.728835358103,257.260423053545
124.05,183.382220896949,183.373127015512
311.75,297.895753162269,262.436463429746
88.65,150.923045325782,179.308721722832
225.25,210.584169773772,483.320253948037
533.8,563.238982024016,456.12083383976
248.7,158.181292298886,379.848425482586
451.7,345.295175738927,274.975515806103
548.55,307.918224286731,278.280073440292
366.45,646.487416966713,502.55340197559
441.5,174.585597493036,194.739848359946
250.6,193.575055552449,198.312746090707
176.9,200.780279501105,202.662755539233
51.65,123.394748882829,145.875609144347
200.85,237.070274455755,235.670727121225
164.1,168.015029815478,164.706055111871
760.5,287.728916725735,286.648529839255
161.45,238.60399424162,227.058615637286
143.15,151.832822381589,167.299533957886
213.75,242.220060371147,193.327937698372
108.15,154.530184375684,165.264353391389
259.05,377.153791951162,390.958248611383
368.25,747.795095868096,461.392981551462
204.6,157.935896090631,181.985258285171
75.6,309.413721566342,296.172231885647
285.7,151.925853725631,139.592601759904
75.65,151.260973136325,158.240511506963
210.85,143.193274548673,165.918089107161
117.45,110.431829370003,150.024088778293
110.45,245.169717987065,250.898746148075
404.6,368.921988677477,315.144527310205
182.5,221.172512381709,185.802555480049
590.95,218.274166545884,290.215985568023
289.95,150.472337946414,118.732662143564
1806.9,199.787905111182,370.258708047938
146.95,258.707870727238,211.35331396661
95.55,193.390713228496,166.311288274538
82.7,229.258754420338,218.138168714661
126.65,134.028349765415,153.021241281565
150.3,170.322616807807,174.038011686357
193.75,149.575869325955,207.796860732985
235.85,237.52850026982,207.841149643524
160.2,180.494369578726,203.93199573434
780.85,187.376448379633,422.5840323126
302.7,274.576650725089,250.450720075457
144.65,80.3242484140299,78.7254777974504
83.85,95.8975654065167,119.525377781576
63.9,71.0929792716703,80.080222575407
141.25,150.775054723795,113.088112030578
129.75,216.096199413878,218.958144998905
204.65,262.918274409301,283.280063223378
583.6,390.25972892957,364.100780251283
127.75,217.615794068934,252.957941179469
642.1,239.097815297558,317.710232796044
385.95,350.826007966202,380.813017290315
190.05,274.018372495961,266.15067882679
189,239.771982763601,264.887219023349
261.25,392.846417670351,424.202852647141
188.85,289.777220779695,295.879823909548
181.95,341.909049736925,313.31093627005
95.65,103.013943498451,103.061303227879
279.75,194.394393160254,141.572141519629
310.05,126.748045381919,140.514281810541
545.1,139.853780102557,150.869059305293
1488.75,309.891768477816,331.593807458017
641.7,411.512595979956,558.503155348584
736.8,261.521448829425,234.210484458889
607.15,272.661831153189,220.525624329166
124.65,201.534635574423,192.334669298571
167.9,242.152576175484,272.289105015781
577.3,317.721446103543,303.944963103632
620.55,538.184546388131,496.780193004627
338.1,298.114826735763,387.819902281459
595.6,303.045354432294,341.649032486419
242.5,284.762764944119,268.554069034178
146.95,176.349708870897,164.182201486791
49.75,94.2977858274481,102.952347439273
35.05,100.117274313804,104.998113808957
183.7,130.8651376634,109.212500662874
118.1,113.179197988918,105.191092492983
237.65,172.723808028133,156.275257729385
174.05,91.7347742907862,100.853095106059
203.7,211.932562962587,184.768197840564
353.75,421.288272299178,334.02376924512
229.3,240.808525728474,240.375008055279
285.2,362.515513492329,384.686080887431
213.5,240.623238705785,210.31920793022
502.7,230.565264571155,244.001139078704
304.8,256.984977390941,265.310712757566
119.95,82.5532703524847,88.1513837686693
130.95,127.686115743042,163.167819955191
457.4,269.492902214474,226.73420384907
110.35,268.496848757406,236.139683419437
118.25,96.6044296576662,95.0327976184603
120.65,132.959249415767,147.595519443481
254.95,225.384456789575,224.553675174436
233.6,159.591292630188,149.006953580074
96.6,121.341077736246,166.229874621861
925,384.852348738828,428.031983574458
98.55,165.35188446279,160.31032370604
160.95,196.112193469623,196.948203870442
353.95,273.500661229332,272.582987909086
141.2,183.074194036298,200.334859339541
121.2,166.454450157562,177.744224365913
97.1,153.451736706738,159.049655275445
183.95,169.940006089214,125.15053236592
96,139.924123234071,135.415556580718
322.8,373.548542889196,431.266629398957
107.7,156.32991317358,171.463127605064
133.85,164.617586056507,163.600568358132
501.3,285.352191229692,261.6624282126
438.35,477.533023268557,397.513900881851
200.8,193.15327393162,204.193353775434
347.75,226.423501501267,241.060053504672
238.75,283.290004571784,368.767478730129
281.3,333.751071747799,336.957647409566
345.5,415.666034004862,434.584918049752
339.15,310.782562086745,459.223228192073
365.9,257.044299755593,253.427429546579
263.9,284.326577541732,251.355570489556
105.2,184.183409566403,168.516724437103
166.85,188.147050669388,167.861144038213
216.05,177.0422075748,143.094358929295
281.25,291.661352179864,289.624638388919
168.45,281.646143650659,282.299058293469
236,130.262116233957,131.426750331064
117.05,221.61186270511,278.160065582235
119.35,162.859031382244,156.341159993008
163.1,194.556657215656,179.846552890509
158.4,207.690977440493,201.249623162459
205.1,318.794613771484,389.62411773334
225.95,186.782967046641,164.125995700272
292.3,246.45082077867,229.01061572512
361.45,293.774828381911,328.582612211574
78.2,158.354430764344,153.469592030391
204.45,233.383125902389,198.112556906734
212.25,117.786128418203,116.407887486823
151.55,148.096366733305,156.984549398296
217.1,231.653181163889,228.315919047926
195.45,166.203798787602,145.906929392095
111.85,77.6958448112079,107.357616897407
498.1,346.575548902319,450.035688960322
68.55,107.809073181754,133.790752863573
79.8,57.7915235524348,60.4657568678412
212.6,227.847713354268,186.242045194566
459.1,296.721793172086,394.624031576033
192.55,267.438990142283,310.860277814274
480.4,191.854786780067,235.564808176212
104.05,208.572464131476,171.570090984243
99.4,244.827077507297,202.704061852526
252.2,147.513866121015,167.42250683011
80,104.647129277796,113.123200134619
471.2,169.728089131562,256.13636823564
51.75,77.9740650089262,67.4210578831252
446.35,206.615192779863,234.28371279318
160.9,166.188316596191,173.789151866662
237.7,293.965718483902,251.180152718951
237.9,216.71066176497,197.231441702659
523.25,388.281932912168,327.380783586697
190.2,179.47091145516,186.290071500941
394,348.338169030832,458.921924821095
49.6,78.0573602048078,74.0632549903687
105,70.6457495840532,71.5648657319115
233.1,266.165094532155,272.514048563202
67.15,104.85538128503,109.043414552607
73.6,117.053650801432,103.104160668204
132.15,303.578036546972,252.613262885247
207.8,229.647767574147,208.017854598877
101,193.705804146239,221.759107025229
219.4,297.440798054747,299.110917073848
787.05,335.197415728331,348.507118777605
102.05,272.622147631998,303.48483009652
153.55,271.313822112188,302.992031037138
37.85,88.1438562224755,97.3853045510398
335.15,300.612571386518,253.998858196958
96.3,86.901996699871,110.138063266283
184.95,109.136957980453,128.932931343235
110.15,117.660003468452,135.709708953241
128.3,101.968768288282,105.108849028103
290.6,183.772219860539,151.702703889704
54.65,113.527148141372,112.944917089406
111.15,126.289852205834,130.987587050479
190.75,86.3962858922251,107.779362738359
243.05,172.952918839556,151.844700159657
204.3,195.862083376438,165.055012858224
278.25,215.141534874164,208.694060210854
103.95,71.1132444249529,99.8132142474964
28,56.2734303068583,41.7404625291386
125.05,78.884100385952,94.3745649193035
531.45,240.094662543634,244.500450387429
277.7,213.322941097631,202.625627258118
118.45,182.298093214996,187.758008149271
108.5,140.822339025967,134.086250998748
134.25,167.413449386305,189.078715003511
106.55,158.29321696545,138.084911494169
349.9,218.775173283882,215.110159045447
276.5,209.285600538423,213.400768345102
316.55,106.689787304287,149.802554889406
103,94.4970434386665,92.3718909426887
221.6,285.679991099944,295.168606182634
1910.45,290.984102435861,377.73853777996
548.85,326.585409227871,366.924243746457
181.25,292.164294608425,234.214851673072
224.15,135.942213265564,192.481936476116
1591.35,137.689926971357,142.595113770326
108.15,84.1209868894267,78.9072288308001
175.4,136.279104560544,160.432529941766
150.65,86.6632059899137,109.670567231583
331.95,631.159390938738,426.571552963343
303.95,215.264262505405,207.810157762413
165.95,178.804482264001,206.636125486681
194.8,220.018182851324,157.031740036863
374.75,155.415853330913,332.710159055901
251.5,340.396219871204,288.036454497077
312.05,205.469434330295,234.012614989284
173.45,187.577678239537,223.149425265027
188.1,202.056067051577,222.770026485457
364.4,236.529357020157,202.058160089056
313.55,167.797335458561,390.617775890602
1139.45,148.732451880556,153.707677689184
323.5,339.776262362704,327.625409581765
274.9,278.023459795016,238.998210223332
493.2,154.395901118368,284.653947323538
122.6,131.653207952385,149.777079074571
419.4,308.22314968497,250.284353690767
441.4,188.083062191841,327.386264394968
295.2,90.3471169308898,109.955443726346
164.6,220.889177831449,199.560209947766
207.3,402.249251720916,395.409300003182
298.7,205.290424536271,201.403695031138
112.35,167.739571837727,185.00987059759
326.65,385.985482428973,372.286267527671
243.45,166.360612086536,351.414554335054
258.5,273.616617967945,241.993054460091
271.45,257.569304658375,261.311888352509
316.05,227.512824020525,249.711326269306
212.2,187.535764907284,141.518929414241
270.65,247.506464364907,265.243378279801
203.8,179.8931975342,154.415580447302
245.95,344.993688651138,304.015804598099
121.05,271.491381749066,201.350174299665
116.3,190.893965082319,174.535218828704
268.25,159.350191175145,158.378343710625
213.3,206.563991849996,247.119418633468
345.2,243.535964871903,222.853644314001
176.55,151.791364128045,155.992484209492
171.3,288.17214364771,272.424402084544
183.05,200.509355641975,317.456434910652
175.3,169.666252315439,169.441471975908
133.65,272.994951367495,207.674808708286
232.6,105.830939070744,160.395661188701
223,321.1787894565,305.54867957959
254.75,299.832817478996,243.665021489946
780.8,186.649389865491,290.070142225203
242.15,331.692542630015,280.812519096003
202.2,282.049652537309,241.43227292706
365.5,182.031290086844,218.666325824563
137.7,140.451438089683,192.296376039982
229.8,177.082724958094,188.203651179513
756.2,223.357287928505,210.786031107373
495.2,143.277676295181,131.567343512955
293.7,208.869538311849,231.753983395175
225.5,218.938201194973,317.757199408658
189.9,205.282532861715,234.506448816236
175.25,96.661161122527,101.920517912486
83.65,171.001299079881,168.297979638134
179.9,283.468205469455,227.329545897138
183.35,162.967201826412,164.389722522961
472.15,218.499781178201,211.471542891618
1169,169.882664956745,435.127565447358
257.2,241.827076722805,226.41378528163
252.2,259.485775324686,275.765792663559
239.95,260.577728555961,206.234354821823
269.65,176.161925884262,164.059133144405
170.95,381.361805047895,367.380632903209
154.3,84.2720463825831,105.154431248235
