Observed,PhysicsInverse,RandomForest
1.13333333333333,1.58431906816875,1.76187811594646
4.3,2.05513676290405,2.28605109734079
3.45,2.02623678621029,2.37701248941515
1.96666666666667,1.50597077161799,1.67283535649351
1.3,1.15373418943158,0.979138135414382
0.55,1.79522561590156,1.2657863307522
1.1,1.57772615879116,1.69332579375342
0.866666666666667,1.1635790923446,1.07165608007472
0.9,1.78355977940284,1.55548488129839
2.6,2.47155943959281,1.71642973199764
1.05,1.39986263979362,0.97382874463918
0.85,1.34772268175455,1.22430673555555
2,2.44313363395919,2.09202774175618
0.933333333333333,1.54657938548892,1.37478992569458
3.2,1.58965483305553,1.60646987218292
1.25,1.27365650212001,1.34380763188116
1.53333333333333,2.06813961385603,1.62780682346382
1.3,1.29356291376497,1.2477808745254
1.5,2.1385393237075,1.90943284343593
3.56666666666667,1.90618551921865,1.92679627884211
1.2,1.2345733946734,1.17492299198478
0.95,1.34050233130335,1.23287096272434
0.733333333333333,0.85475268869492,0.760146404081879
0.9,1.42723105822759,1.48583952923906
0.9,1.11492476280435,0.654976134919291
0.833333333333333,1.09728794717478,1.25736379365563
4.3,1.51093586840631,1.32382098876453
4.16666666666667,5.23764461192915,3.62099500080095
1.15,1.67825737212868,1.85267458399618
1.33333333333333,1.84381220551105,1.66291032999549
0.933333333333333,1.39435788753556,1.20916023245101
1.06666666666667,1.55581186749091,1.36985976040116
1.05,1.91161696315606,1.83767601923543
1.13333333333333,1.78515210384628,1.80375663800191
1.26666666666667,1.75242439438883,1.51936874762445
1.1,1.39540396119566,1.39671611321614
1.26666666666667,1.50417161425133,1.56968208975914
1.15,1.61417744061518,1.91456193068721
1.43333333333333,1.18068412748373,1.3608011182688
0.866666666666667,1.16841554695899,1.15442202138796
1.7,2.28350189726539,2.39526618266926
1.3,1.2273277754584,1.21303881099756
1.83333333333333,1.94083065033481,1.70605015774524
1.2,1.85303134165847,2.11056641899649
1.5,1.21147936906001,1.64832985274376
1.4,1.75098046287841,1.68576518230823
0.633333333333333,1.34028217473133,1.19545765699823
0.85,1.22425290321826,1.11187712063354
1.43333333333333,1.36369523651898,1.1855920035474
1.16666666666667,1.47081670912514,1.130094021058
1.2,1.77497732936831,2.82852775245575
6.53333333333333,5.11631452129839,4.40658927411907
1.1,1.33719029230521,1.41432739672046
1.25,1.80752454374034,1.69943421870791
1.56666666666667,1.48185320793166,1.7395911030185
0.666666666666667,1.4865137127611,1.41032046473907
1.4,1.67077287211167,1.88072226427756
1.46666666666667,1.57888718389065,1.91541996242527
1.4,1.5715425237536,1.67221285413879
1.06666666666667,2.83462304487299,2.32761340877813
1.15,1.1161850117012,1.14801533629931
0.9,1.39144991039992,0.959889062757849
1.1,1.69668586488638,1.56216177201917
1.55,1.28694489338072,1.22495141654329
1.43333333333333,1.54296739683747,1.75614528340778
0.7,1.11659985336151,1.10633678272297
1.26666666666667,0.966518718674281,0.980279476406358
1.63333333333333,1.8183601534455,2.27547614753407
1.13333333333333,1.38814232074206,1.30267774559444
1.2,1.73619804218218,1.68135324789225
0.966666666666667,1.11222668635167,1.22891004246225
1.03333333333333,0.821583160846346,0.903101459480743
1.13333333333333,1.38643701548537,1.3171785584483
1.23333333333333,1.58326496926255,1.30641494667317
0.933333333333333,1.74629209293614,1.25827486859197
0.5,1.15913108415949,1.33691889865156
0.666666666666667,1.18981057373887,1.0033424028825
1.4,1.32463245225964,1.17312660791627
0.8,0.864265570505056,1.0561253124239
1.66666666666667,2.08227397804629,1.95376050060796
1.1,1.38495321593842,1.35723859244229
0.833333333333333,0.895050902184249,0.943306044249705
1.2,1.03241949686227,1.40257488683973
0.7,0.986191153603224,1.17346076373615
0.433333333333333,0.757625310764559,0.767197006671069
1.53333333333333,1.41504406162364,1.01199585605154
1,1.19656358272237,1.27261517838939
0.9,1.05028318677261,1.09068771988615
0.5,0.959724462621353,0.947462570637488
1.55,2.25012135319569,2.61606847520766
1.2,1.09021090126794,1.1373073822984
1.06666666666667,1.0432682307252,1.12951480725422
0.7,1.00511713695708,1.08291323765269
0.966666666666667,1.65458482868313,1.35029967461398
0.966666666666667,1.20972930659294,1.24451569640545
0.85,0.976581489366301,1.30066942304518
1.13333333333333,1.03239636025136,1.18725422349919
1.53333333333333,1.70975630083159,1.72217490027421
1.05,1.1455511001346,1.24164365151611
1.03333333333333,1.03017701888623,1.39044511528601
0.6,1.27086163273621,0.88870968577571
1.1,1.41932354112667,1.80593207758199
1,1.00730671199445,0.943168430305066
0.5,1.17822381677253,1.19586803870023
1.46666666666667,1.29677707728697,1.1448337391644
1.6,1.60965136478182,1.71466163489185
0.866666666666667,1.20371865694435,2.04149378287675
1.55,2.29813559480415,2.32569331374442
2.43333333333333,1.87455312705578,1.47356376073687
1.06666666666667,1.56584440067841,1.62106278912498
1.93333333333333,1.74193038384994,1.881764480914
1.8,1.73016634679401,1.95102145159209
1.1,1.14237879061395,1.0467055534714
1.15,1.10694948484219,0.999365705806329
1.13333333333333,1.14004133411679,1.16694327920885
1.3,1.66482264110178,1.54212390107511
4.05,4.99957348585945,3.67455750024901
1.26666666666667,1.23321689858527,1.39724338233654
0.833333333333333,1.11891877802966,1.0449513281434
1.16666666666667,1.30542318113561,1.28530494259998
1.3,1.43000841917046,1.61733222123325
1.73333333333333,1.75418950700602,1.64315412487534
1.7,1.96922179848041,1.9103805858013
1.06666666666667,1.11557474690591,1.19700046498521
0.333333333333333,1.09568470328054,0.645303797886291
1,1.06064212450814,1.41362597680254
2.25,1.60963174907458,1.46856149568314
1.9,1.94588912795609,1.87519170610813
1.13333333333333,1.73429388803341,1.58471006375283
1.2,1.38171196748938,1.27261666549641
1.56666666666667,1.14321075399787,0.879838899700492
2.33333333333333,1.44502007943794,1.70332435071398
1.96666666666667,1.14435891416512,1.49693612438766
1.76666666666667,1.68949651296034,1.75423783792592
1,1.46862676643608,1.35300174501144
1.16666666666667,1.39307704013877,1.39860809567112
1.86666666666667,1.45649369072853,1.17781209440511
1.1,1.39099758446677,1.46245136379455
1.1,1.2462357938334,1.29680923294013
1.05,1.73435008974841,1.57122495972662
1.96666666666667,1.25461716800532,1.41799459424636
1.4,1.66602773895329,1.58176311062595
1.73333333333333,1.70946495681007,1.64745844643749
1.2,0.969231121600838,0.931481976563054
0.566666666666667,0.688239477262182,0.767425003957186
1.4,1.60955777150761,1.55379369718796
1.23333333333333,1.42297301227379,1.42752990111628
1.9,2.47434415831014,1.9024041833874
0.833333333333333,1.05991786462206,1.0396495517415
0.933333333333333,0.793766649594422,0.911373080875579
1.4,1.34007624383785,1.24987547208449
1.16666666666667,1.24737379110022,1.21873316580017
1.36666666666667,1.1168591417317,1.22842979501344
0.75,2.81003402660135,1.30676324440884
0.966666666666667,2.09852346523254,1.78449477945424
0.9,0.911768901741223,0.879019937447913
1.73333333333333,1.77521680384592,1.95003447922989
2.5,1.85401896630349,1.45991438429649
1.06666666666667,1.67143710072037,1.39905735565928
0.933333333333333,1.19587966994627,1.23233744488271
1,1.06042314545869,1.08514943314857
1.03333333333333,1.64320954548219,1.33626224869613
0.633333333333333,0.821112413057949,0.875474809101375
1.1,1.48007022087211,1.21472883421488
0.8,1.14313139217901,1.24083689873086
1.03333333333333,0.958778280915503,1.04599961330228
1.1,0.953670510735185,1.0521350448983
2.73333333333333,1.94718129784998,1.29084785406247
0.933333333333333,1.24269837912534,1.09904153264195
1.4,1.44963134156232,1.29794273087363
1.3,1.80487808391283,1.53414416506968
1.2,1.53035838815379,1.28012328056654
1.1,1.47846833448888,1.48206305164621
1.1,1.49099123472533,1.63682326799752
0.8,1.35365019494821,1.21019985338125
0.566666666666667,0.829549348142625,0.716396119789271
1.66666666666667,0.861057690792691,1.32448675391989
1.63333333333333,2.05395461867563,1.7826757022872
1.3,1.46155868372332,1.41787674169002
0.9,1.23753122427141,1.23126832810445
1.2,1.08952627889434,1.26237051834551
1.33333333333333,0.881135494882452,1.19854680118764
1.06666666666667,1.2829668445194,1.24243328738133
1.2,0.954901542595604,1.29407337581819
1.6,1.54909358104563,1.63135891565172
1.03333333333333,1.49563690330072,1.60927636651211
1.66666666666667,1.36923785998509,1.59650563329721
0.633333333333333,0.98012672213676,1.08657180365657
0.6,0.586229499702069,0.725334892891672
2.33333333333333,1.35832173393598,1.88011025874998
1.63333333333333,1.5558599500865,1.3752251717266
0.833333333333333,1.28045012893658,1.42631282319036
1.5,2.48382217639483,2.01559241951229
1.26666666666667,1.17169728464606,1.06480371987536
1.96666666666667,2.18116858715983,1.97860995103548
1.36666666666667,1.41656982589331,1.30565630146034
1.86666666666667,1.71648339170895,1.65598004203002
1.33333333333333,1.31681163496176,1.04326386949856
1.45,1.22544325279006,1.22106701219253
1.23333333333333,1.70917839459299,1.41922630505801
1.03333333333333,1.16664766670803,1.16070864237221
9.45,7.01346495879649,5.75519087498896
0.766666666666667,0.96887117665882,0.893254953110044
1.7,1.70217325623788,1.74734374378789
2.8,1.71798379073941,1.91444539376192
0.7,1.14783968522973,1.10055983551507
1.16666666666667,1.12004805964444,1.20645332837671
1.46666666666667,1.83668859680475,1.74848090728379
0.966666666666667,0.857339981049483,0.975772371603156
0.866666666666667,1.51868323709381,1.44088464710878
1,1.54552024445583,1.37165912512492
0.8,1.25687605827947,1.03646598709168
0.7,1.09323566127321,1.11316401648226
0.833333333333333,1.75531362283925,1.69451724246001
1.73333333333333,1.43863873278084,1.50901176653112
1.76666666666667,2.27735443597712,2.22490752518373
0.766666666666667,1.02753627502867,1.12877986420456
0.9,1.25210962485613,1.48436620945996
1.46666666666667,1.2419240196942,1.78837554938733
0.966666666666667,1.14357576490599,0.914355563018071
1.2,1.8314793305761,1.47232105900044
1.33333333333333,1.08052441492409,1.13647598232571
1,1.54481078638224,1.30128320827382
1.15,1.08410684146892,1.1468461052144
1.4,1.51293180074211,1.66260466973441
1.2,2.02149667440002,1.28257964838381
0.85,1.62934443067645,1.55433068075362
1.56666666666667,2.44350215710788,2.04946702094516
2.4,2.22993854804051,2.37392732184046
1.03333333333333,1.01922187763196,1.08538810119176
1.15,1.34416467519118,1.45787299868183
1.83333333333333,1.44768557958321,1.38202438969424
0.933333333333333,2.99918687923663,2.06218279819562
1.06666666666667,2.38181956155553,1.62351713226658
1.53333333333333,1.19263831431238,1.15144152262643
1.3,1.55847155349826,1.36159546707724
0.966666666666667,1.04539144786549,1.08314693294222
1.3,1.24486306291893,1.31341025355039
1,1.06606374200613,1.06836906119336
2.93333333333333,2.05570991067289,2.06460507563072
1.06666666666667,1.13795487306356,1.05078802698352
1.3,1.21778503374713,1.07105570077938
0.8,1.2130449076401,1.33823429318714
1.63333333333333,1.42383779491268,1.47849827714345
5.2,2.56511375633246,2.32795262947905
0.3,0.737482639869635,0.863496747176597
2.06666666666667,1.89448882973614,1.83744852177252
2.25,2.27810494539405,2.37135367966952
2.1,1.36533553662913,1.19557076185541
4.8,5.90099984723097,3.70052348928282
0.466666666666667,0.773995624541863,0.826683606060757
1.3,1.61420843675232,1.77130958847486
0.833333333333333,1.20326984556464,1.09590734055205
1.33333333333333,1.51180700100313,1.5586409421414
1.2,1.30914421243566,1.236214176466
1.53333333333333,2.17794058496107,2.05324301390739
1.26666666666667,0.976763813611299,1.19729132529331
1.43333333333333,1.15553354313369,1.26202203150652
7.96666666666667,56.4092790553017,4.83764084921058
1.2,2.09073942199149,1.87822643945893
0.866666666666667,0.998210715551806,1.01808568052232
1.4,1.54787583036537,1.56535850163934
0.733333333333333,1.08490670455642,0.875640807218826
0.9,1.05003471547413,1.15898706426946
1.23333333333333,1.49811094930554,1.49470752834681
1.06666666666667,1.36006796297964,1.33784098885023
0.833333333333333,1.32399899861286,1.12711955518991
1.36666666666667,1.33118928104485,1.54783420687868
1.05,1.7463615880631,1.51377611904356
1.13333333333333,1.23209966323984,1.26020682026421
1.06666666666667,1.11945515330263,0.977539096907602
2.05,1.81873212670811,1.87001949348175
1.16666666666667,1.30440738940122,1.25029284789207
0.8,1.25236347625095,1.05078064910186
3.23333333333333,2.06395906117213,2.2000786775307
1,1.04163938244564,1.0545239075325
1.15,2.12474618240667,1.38494220746703
0.866666666666667,1.17288394239915,1.08993685784135
0.7,1.08799744864981,0.846629370743666
1.66666666666667,1.80480863748385,1.5640949707951
0.8,1.04228619230936,1.05946136240543
3.3,2.21701095533358,2.71416086530446
1.03333333333333,1.09515830298002,0.905350484802215
2.4,1.42706195456432,1.55061072285042
1.06666666666667,1.48184517375784,1.66203228288441
1.36666666666667,1.11216213092873,0.969118912741625
0.9,1.15906273582694,1.38157066965879
1,1.14150520160794,1.02392196083443
0.566666666666667,0.81191638634043,0.9682135325037
1.5,2.5641982522628,1.68375695382744
1.36666666666667,1.18090971690531,0.981581358437044
0.666666666666667,1.34969221100949,1.01350744731265
1.26666666666667,1.24412476217574,1.35759541164881
1.5,1.0298694995155,1.46380965582264
1.03333333333333,1.23658764453243,1.39048914419698
1.03333333333333,1.26698057352916,1.15859995857956
0.9,0.872408371321659,1.07120637247347
0.933333333333333,1.00277849997792,1.10045598201707
1.43333333333333,1.58877672059519,1.57784427815567
1.55,2.12893510842792,1.45162581934791
1.5,1.58861241731145,1.28243598155425
1.66666666666667,2.31422490617537,2.40228152718289
1.53333333333333,2.15185004521116,1.82291462246805
1.46666666666667,1.27189378512039,1.47198000642926
0.766666666666667,0.865013286853763,0.868411268040228
0.7,0.654189020937989,0.71255217814757
1,1.10445194806502,1.19314970800004
0.3,0.677593941431129,0.793880657029489
0.533333333333333,0.756721845233264,0.671356982616263
1.1,1.16066701635187,1.19146804149289
0.866666666666667,1.18121061134225,0.951645857671095
1.1,0.983314695673002,1.20689638379952
2.6,1.79707118340063,1.61368563770326
1.25,1.10826132251721,1.16107461505683
2.83333333333333,2.18869714573788,2.31758267265903
1.3,1.72014832963861,1.6338456074369
0.5,1.29215096352733,1.25874959473707
3.6,2.54339660529605,2.45674820662111
1.23333333333333,1.22853105598198,1.05953471860066
1.76666666666667,1.10921886616299,1.53443694628524
0.533333333333333,0.642202400553721,0.91624097762018
1.6,2.06518778310229,1.94908533560566
1.35,0.873482847693722,0.987253688546607
0.866666666666667,0.918986070468345,1.00278372231583
1.1,1.32102330242259,1.72538121585735
1.05,1.2587694595003,1.66854873092896
1.86666666666667,1.57548483110553,2.02831039120656
1.23333333333333,1.66159703618213,1.54111240102382
1.3,1.36802839341519,1.66830780867376
0.966666666666667,1.50244159627936,1.44976824252388
1.3,1.36803500308467,1.35550016347746
1.03333333333333,1.05733943366863,1.18010922571891
3.13333333333333,2.5201701553598,1.71144776365897
1.26666666666667,1.32783753689661,1.42655909306582
1.53333333333333,2.47295417007173,1.80881123222661
0.65,1.43033224425487,1.57236271872123
1.43333333333333,1.04991902951896,1.10871937337592
0.966666666666667,1.21469709151516,1.30300990162318
1.6,2.69481581671602,2.50320872584042
0.966666666666667,1.60119798089284,1.85402539709241
1.33333333333333,1.87987749997912,1.61184371820272
2.16666666666667,1.52857257863183,1.86766517559903
1.56666666666667,1.7284016230041,1.73613141593021
1.46666666666667,1.50944409005251,1.85034004218488
1.53333333333333,1.84224888734499,1.71488445724379
1.5,1.77138382907931,1.73668837253655
0.966666666666667,0.88118459183465,1.00266984141798
1.63333333333333,1.48472178829244,1.63683897447343
2.2,2.16229236077368,3.07542090133189
6.3,7.07085100461952,5.15547517294906
2,1.70375788959216,1.87601047767061
1.8,1.74985247542674,1.63360458444525
1.96666666666667,2.26570727756203,2.04997926013446
1.86666666666667,1.4476527777007,1.63982721894233
1.03333333333333,1.41600899451604,1.49627443205765
2.86666666666667,1.83048118640702,1.9730311123437
2,1.45455522723954,1.56400777281027
2.13333333333333,2.59392359418524,3.30902313547904
1.56666666666667,1.65468722994521,1.81203809580587
3.35,4.66882296821099,4.24250463938669
1.06666666666667,0.989837134194887,1.15431689956796
1.66666666666667,1.20017064461976,1.40735236160309
6.75,5.13943544270258,3.96547342810489
1.36666666666667,1.77997541446962,1.60535695440841
1.83333333333333,1.32505827624537,1.56849260307848
1.43333333333333,1.64244081203041,1.73391815123495
1.23333333333333,1.81661938019803,1.59575635922352
1.33333333333333,1.55390273051967,1.63028161538866
1.35,1.554372172422,1.71976819146824
2.05,3.93206803763385,3.59630788257361
1.65,0.901944312161924,1.11445121708303
1.06666666666667,1.63771847104637,1.30742540746853
4.9,3.93095297546924,3.33284741720675
1.73333333333333,1.40346541597415,1.22728162416669
1.43333333333333,1.31511896699169,1.18574380638727
1.8,1.52722374580186,1.7244981168193
1.33333333333333,1.40162660235886,1.45640544052812
1.85,3.28605282989142,3.51457119009465
1,1.13206141207199,1.19816164476206
1.4,1.07411621507702,1.35848392242387
1.56666666666667,1.70467294265522,2.507012089885
2.5,1.59002033036073,1.60996703750603
1.8,1.34833144857418,1.30264847864379
2,2.07598634835061,1.60576476224904
1.56666666666667,1.53380129661075,1.49707504723077
1.33333333333333,1.97006210304558,1.7835210601675
1.85,2.23242584902306,2.02597858900279
1.33333333333333,1.90309254894357,1.93493759893845
1.5,1.94966626821505,2.1183727547607
2.03333333333333,1.59169584057155,1.94377563486501
1,1.13233108192402,1.24863662629119
0.833333333333333,0.711890765985325,1.00716273105154
3.5,4.3365578582397,4.54433367792754
0.633333333333333,2.1063248107088,1.82739886363142
1.86666666666667,1.07941357876861,1.56277330268376
1.63333333333333,1.80946795204961,1.56860670973288
1.43333333333333,1.79342677129532,1.40211565698082
2.03333333333333,1.99474678197056,2.09426884924064
4.35,1.98974148730896,2.40296457494255
3.7,3.72937841756544,3.75430893518604
0.966666666666667,1.37529836328551,1.4203265510295
1.83333333333333,1.43422490813633,1.64322891270132
2.8,2.85121555851451,2.98839047396945
1.26666666666667,1.75042845868327,1.6961660293373
1.96666666666667,1.9164110991827,1.92139699906095
1.83333333333333,2.01116747252022,2.30071016391075
3.33333333333333,2.52375768600111,2.39996823471473
3,2.14155652552441,2.20339511654947
0.8,0.792837314249447,0.986173575051757
1.06666666666667,1.41341363618667,1.43532492042494
1.56666666666667,1.31631422747285,1.34350668890793
4.2,2.44602258714327,2.40654729635765
3.45,3.32438841359837,3.90588317004468
1.03333333333333,1.27078055263866,1.60569513934077
1.3,2.06072661071263,1.65183021973148
1.75,1.45193579772551,1.50989413514143
3.35,3.99805779086573,4.05359708375839
6.2,2.78741097998977,4.64107684723005
1.9,1.66854381668821,2.21359195393368
2.55,2.02549043579657,1.75945374126316
4.1,2.72248787271041,2.88224805929962
1.65,1.66066060297444,1.47048585415416
2.26666666666667,2.17978417608131,1.89369935362891
2.3,2.20062907071725,2.11861962116811
1.53333333333333,1.29539000501843,1.20593722467788
3.35,4.35901279705674,3.63321804724428
1.03333333333333,1.20917963573392,1.16725004029037
1.85,1.35614342999829,1.37934520597246
8.4,25.5253035425306,4.65134436555589
2,1.53934878735244,1.65719037492202
1.43333333333333,1.32708322535027,1.44692675004012
2.33333333333333,1.92133935995664,1.96322864604217
1.2,2.17183082308765,2.30262456712633
1.93333333333333,1.93120850705632,2.28361504216449
2.3,1.70483947717922,1.37918299260153
2.85,1.7481631086869,2.266462425046
1.36666666666667,1.77005667387933,1.60195691238723
3.25,2.1850483176337,2.54316881991973
1.9,2.18285078817539,1.72659671055075
3.63333333333333,3.13293185988032,3.17266051191703
1.95,1.08590503455009,1.17080091174755
1.03333333333333,1.54945153092087,1.56863984790414
1.43333333333333,1.63328689651312,1.86580633364076
3.23333333333333,2.1579475439621,2.72977278575841
2.8,1.46850431932018,1.6185058951231
2.7,3.49243224472843,3.44812746476576
1.43333333333333,1.5455397600131,1.48313617905918
1.16666666666667,0.824177704999581,1.15775697970102
2.86666666666667,3.7049982521632,3.06294256415163
3.86666666666667,2.29091549422009,2.4186070843943
1.7,1.13358569019273,1.21417434303793
1.05,1.45458902506861,1.14535921234127
1.26666666666667,1.9595187002226,1.5776318320699
1.63333333333333,1.87107654277104,1.4834196594748
1.9,1.57620253460266,1.56206791997067
1.93333333333333,1.55822244323083,1.41561592582028
2.95,1.55781888085893,2.2659369723586
2.2,2.69768436094041,2.61701440437438
2.75,1.9045649325623,2.07729541991529
3.6,2.67594290489649,3.5351003162743
1.8,1.55358226820298,1.56067384550831
6.85,3.53717795440556,3.59903757035851
3.55,2.1565583318407,2.5768507618326
1.4,1.91317122354352,1.9545563770165
2.15,2.35359094041193,2.2103101816695
3.4,2.25247898637241,2.59195824447574
3.06666666666667,2.23627660198869,2.24404729495026
2.5,1.78762271007135,1.72348285826499
4.55,1.6156245612814,1.76311061451934
7.35,5.23844293065013,3.94099326452752
1.7,1.46732384189672,1.34629130611989
1.7,1.55488943703849,2.00507460954208
2.35,2.37480094501077,2.18243232761892
1.35,1.07185725565278,1.29235189355081
0.6,0.967949584395074,1.10120062129553
1.75,2.04750535219499,2.13400307077024
3.03333333333333,2.14197303790325,2.20179166421523
3.96666666666667,2.11143339398139,2.10560500136963
2.3,2.12030187126026,2.17033371130729
2.5,4.64754731485712,4.06937226969484
2.1,1.80781151839186,2.09642402849751
1.8,2.11817906485916,2.06215361809692
3,2.3474037915321,2.24882363417185
2.53333333333333,2.44974886383596,2.68863152261098
3.73333333333333,1.87979841019237,2.28950289205907
1.45,1.70239026594399,1.84912129925557
2.93333333333333,3.20715646975914,1.85683685967795
1.56666666666667,1.67341867484528,1.5837888010914
3.93333333333333,2.28344018072101,2.37279224504094
2.85,9.83604136519608,5.01220170956834
2.65,1.95132458806682,2.02036631419991
2.5,2.08189358249165,1.9769082835195
3.73333333333333,2.60309753886158,2.20650373070133
1.7,1.7869366441486,1.93079904676657
3.3,2.45013821861972,2.44058766029298
2.53333333333333,2.47903034711346,3.1665055441172
1.75,2.41354071466405,2.55972907656917
4.3,2.63204318151388,2.42124976547411
2.8,3.00506425444971,4.10261708958725
3.1,5.18829573486705,4.12288690394522
1.66666666666667,1.48028091740666,1.61386298937984
1.23333333333333,1.51363454832163,1.43824296387765
2.36666666666667,1.73586033546749,1.74865892461334
2.3,1.9596607630972,1.77385626526079
1.65,1.82625396479197,2.15718186519163
3.9,1.9823747877449,2.04140286023935
2.1,2.80038872351579,2.68788196411449
2.6,2.7365798359009,2.94787295390306
1.45,2.20168231025836,1.79207728438939
1.7,1.81860269937156,1.94707716803142
1.96666666666667,1.66396017557142,2.04641578250641
1.26666666666667,1.35363343687867,1.34612965348925
2.55,1.53960820739373,1.94895520502582
1.2,1.64644619007938,1.4059012953478
7.55,5.41761634494146,4.35365051711872
2.2,3.34630657450978,3.25710567619954
3.55,2.31659707931208,2.13270064700792
3.65,3.89817505709041,4.79987487091296
1.86666666666667,2.25974551763086,2.27902839181713
1.4,1.94095442924038,1.92987521218546
2.15,2.03903990513815,1.93374294855757
4.8,3.07331961220144,4.06907069656809
2.55,2.03513531238402,2.37495725895723
0.866666666666667,1.06136621108456,1.07229436199143
1.45,1.67482892601433,1.82851753165813
3.7,4.48916505397618,4.68933805845717
4.9,6.36780644381382,4.46495766392473
1.8,2.19814543714953,1.97882407671036
2.5,1.44478859857376,1.74163684101695
4.7,1.63626997776559,1.90333346864342
1.3,1.23485512313697,1.33781042152244
1.7,1.97024803299559,2.23548866437454
3.15,3.33162634772451,3.14555320486761
2.8,3.03857086193823,3.1723801296734
3.5,4.24762603639764,5.00753730522675
3.46666666666667,2.52739702930026,2.71743375828702
1.2,1.63689075710292,1.7277096382102
1.26666666666667,1.02402868645243,1.18087263779473
1.1,1.85502188996678,1.44786943398086
2.85,5.14833028609394,4.59530413874139
2.46666666666667,2.01292118217818,2.60678384846563
3.16666666666667,2.33217176253932,2.34748158218752
1.8,2.00497093282412,2.07286492066211
2,2.06750210203205,2.67431295582129
2.85,3.1484455382163,2.99370152082523
1,1.11738853745013,1.38027115536201
1.56666666666667,1.26714695703277,1.64013321431001
3.9,3.266141861306,3.12096412934324
0.666666666666667,1.30264604479822,1.25103026163031
2.45,2.38331579149887,2.46154694120274
2.4,1.88571334921377,2.07601431438066
1.53333333333333,1.8058724374808,1.66608279970396
1.66666666666667,1.65950838659807,1.51985377302998
2.6,1.98156785152968,1.91372898225059
4.4,2.83100048597114,1.8252307988066
2,1.56395840483663,2.13461124442627
2.36666666666667,2.25550382119741,2.18220656369112
2.3,1.45335226113312,1.58631485133305
2.65,1.6967507397813,1.8011951620523
3.05,1.67948457638623,1.58644062655012
1.2,1.88041827537773,2.10810229800081
1.46666666666667,1.72524453111591,2.0295152248591
1.66666666666667,1.7142824778439,2.07200954949813
0.9,1.16995232892524,1.5749959858653
3.65,1.7610695172987,2.00832675037484
1.3,1.16412292190489,1.60639533691537
1.9,1.24630283453379,1.53779924378859
1.3,2.02438201428574,1.71317608031154
1.46666666666667,1.93520016559796,2.1423574533428
1.86666666666667,1.93249089277427,1.70331394386332
1.3,1.42293797076167,1.31139965364672
1.26666666666667,1.79904579623628,1.82702700509522
1.6,1.67361834370838,1.34731070006982
2.85,2.19334607852261,2.43959302752402
1.4,2.51866555443991,1.826236381753
1.25,2.10343023778104,1.43227575967897
1.63333333333333,1.04184360853224,0.963984508494256
1.45,1.70355504366975,2.24031485876745
1.16666666666667,1.468298495209,1.57075357014942
1.75,1.43014139444231,1.3770217569242
2.33333333333333,1.73959148031257,1.86839470880799
1.6,1.5775948693942,1.78713097228469
1.36666666666667,1.49234168969771,1.6108209423068
1.7,1.57910829145385,1.86066503100814
2.05,1.62969079902679,1.9497299418301
4.35,2.68437535444216,3.33565481725736
2.3,3.39922161527867,3.18166495316502
4.9,2.54198977593212,2.15831498930798
2.75,2.32276778642281,2.65875280668337
2,1.50843734980189,1.45795843354958
1.5,1.80976404768228,1.50703050709596
2.25,1.34016361140736,1.5763199791948
1.73333333333333,1.83994193972738,2.18308509036145
3.45,3.18939346285154,3.00292561847777
1.6,1.43706228632548,1.52309779647309
1.56666666666667,2.20565819592521,2.77587384197125
1.86666666666667,1.79529326512129,1.52624170254087
5.3,4.02911288309281,3.28686269391563
2.85,2.1087004742126,1.79367653250959
1.4,1.73797164868993,1.41761254435209
1.86666666666667,2.31262311647929,1.82622107244834
2.43333333333333,1.97527436567272,1.72386801301535
0.95,1.44626282851769,1.12074890695343
2.35,2.03369136537692,1.9480596861572
5.95,3.50071040155199,2.24564504881083
3.05,3.17945077069408,3.03007035897676
1,1.22952967529931,1.15752148303954
1.8,2.28274363471211,1.50463411169753
1.3,1.29438060439724,1.63657159990885
1.85,2.37812763498952,1.90230500644454
1.65,2.06293547482898,2.28454305178314
1.2,2.1902418073018,2.15209892280762
0.7,1.22691652491089,1.38971745190255
3.6,3.43057994737673,3.22415712863575
1.73333333333333,1.49705962911011,1.99687337191137
2.75,1.95466470976631,1.47646022394777
1.46666666666667,1.67825543753757,1.74052744219205
3.2,1.27857430019632,1.57121923229843
1.43333333333333,1.53411673818398,1.64365374180924
2.7,2.64867695010865,2.85444035153762
1.6,2.2228670530771,1.45452745533301
1.35,1.41279484194722,1.57680772189172
2.8,2.43533016253607,2.55651494176826
1.26666666666667,1.30796364007635,1.63833749607759
1.7,2.13406560051596,1.76733279864746
3.95,2.2594303606785,2.77149718819396
3.83333333333333,2.92816355352521,3.49454420775573
1.7,1.46921563547805,1.36234342668154
3.06666666666667,2.38535870281968,2.40471974373723
1.93333333333333,1.75279089971308,1.87650230668745
2.1,1.81016723245119,1.7635790126223
1.46666666666667,1.76351646778603,2.01873727860501
2.8,2.00500320259035,2.33642533605308
3.13333333333333,1.65578587677928,1.19457435858571
1.43333333333333,1.73510855770482,1.84621353634058
0.95,1.07558242342949,1.22734993588046
1.4,1.93719084591252,1.66418344269602
1.85,2.09637495712612,1.65252381635695
1.76666666666667,2.04380210777067,2.12202270241526
1.25,1.25514191103266,1.84632922985408
1.7,1.60279688527421,1.4824343198039
1.2,1.60786099278541,1.48640320132172
1.75,2.23060802775893,1.9834943727828
1.9,2.10010602683592,2.57718294262102
2.56666666666667,2.24146992102982,1.76768171038564
1.3,1.75882123860837,1.69814713485113
1.7,1.81417472835863,2.00560804274282
2.3,1.73805753684794,1.87665665067409
1.2,1.69659828031952,1.98311282340116
1.4,1.76726713210914,1.54169354301891
1.63333333333333,1.1708282936259,1.38593528114211
2.25,1.47919897199347,1.68693616457885
1.13333333333333,1.26719516292471,1.27399198203563
1.46666666666667,1.89635203599624,1.44443588404374
1.93333333333333,2.02726135902377,2.36926593835565
1.76666666666667,1.4761150314772,1.40028628647825
1.56666666666667,1.87464293580687,1.52298926183167
1.13333333333333,1.52509586710929,1.84137976714809
1.5,2.29522091550133,2.10879678483623
2.03333333333333,2.20277421216066,2.4134814090744
2.05,2.26307677752758,2.12789630168878
2.25,2.27963450169407,2.24674223326369
2.1,1.76207188466962,1.827405522192
1.13333333333333,1.19948711481371,1.59048654163469
2.6,1.9906158824048,2.44960352977157
3.26666666666667,3.01268469533867,3.16246956657483
2,2.3651740632653,2.79631332193225
2.15,2.06994781628833,2.39448618065982
1.55,2.31140018079981,2.40644119096424
1.95,1.71308595706233,2.06323304709872
1.7,2.0118068832153,2.24943520655839
1.85,2.03517894888617,2.47555852995261
3.65,1.78716252915525,1.80340603102444
2.56666666666667,1.58644844584438,1.83568739938154
1.8,1.97110153721769,1.71046068198328
4.7,2.43748157099972,2.6218329883694
2.8,3.44701091408408,3.2060970995551
2.93333333333333,2.37950949753649,2.1397826108028
2.5,1.61166405563468,1.96588211541792
2.05,1.58007573021595,1.93092918801578
0.933333333333333,0.936775258721759,0.915452440869697
2.3,1.83486076445972,2.08913670697498
2.06666666666667,1.7354930973063,1.94203153942117
1.85,2.42341539457852,2.62739594727665
2.6,2.64906086495742,2.83160204747394
1.36666666666667,1.91205712334557,1.39225993882507
1.95,1.89331390419442,1.99619457655613
2.2,2.35320518015312,2.53101145096307
2.03333333333333,1.82180763872867,1.69532719290287
1.86666666666667,1.71629948715143,2.18893514750776
2.2,1.56864888225594,1.95559080098149
1.46666666666667,1.33655708922798,0.969254298690335
2.2,2.45040384910838,1.84580717458195
1.2,1.41435172648335,1.85621929721518
1.45,1.93343808588581,2.39836275026434
1.63333333333333,1.78981274795079,2.0806623645158
1.05,1.72047424711314,1.58447109536094
2.76666666666667,2.33167540947216,2.74839057742951
2.4,2.2611964395154,2.13059218355653
2,2.33182048105819,2.38413345906071
3.53333333333333,1.65584036284979,1.62989921360242
1.3,2.03270391291228,1.57156729242567
2.4,1.63043559391086,2.00908151664535
2.6,2.20424715119957,2.04175428295829
2.2,1.95982619605434,2.21855281106752
1.25,1.5766965379671,1.68042365373142
1.53333333333333,2.12720737467404,2.25940451281642
3.55,3.13308712798288,3.22868671771934
1.4,1.6811281084497,2.18446207742914
2.2,1.76001740741556,1.88608605954563
2.3,3.49575313137548,2.95566062574957
0.733333333333333,2.19461525980659,2.13015319096952
1.26666666666667,1.79213459006928,1.38981154710281
0.633333333333333,0.793331415467595,0.791545289469648
4.06666666666667,2.69733824569962,3.01925201296016
2.6,2.25689027978759,2.48457489972042
1.86666666666667,1.8544671022913,2.01111241165652
1.13333333333333,1.71156514765908,1.61439011677486
1.2,1.10655955303314,1.38731165030298
1.1,1.66952495259644,1.41491608083798
1.5,1.47214701216518,1.70225008425155
1.35,2.21749974111366,1.9041592217401
3.25,1.96828173670593,1.92889978081355
1.03333333333333,1.56450055629166,1.57371126407811
1.56666666666667,1.90803871010934,2.12225794879677
3,2.33665829093604,2.81732337509056
1.33333333333333,1.74052774306027,1.46683556485136
1.8,1.63678105383495,2.24595827335906
2.53333333333333,1.85885917036442,1.93168651653835
2,2.20978577136362,2.14212411410839
1.43333333333333,2.0956999106975,2.22956853871608
1.8,1.60727821459175,2.22375219027186
0.9,1.14331256856075,1.31977906390537
1.33333333333333,2.2145010894369,1.69460021961607
1.95,1.65083751146007,1.87646680212368
2.76666666666667,2.05350233242323,2.21354650178697
1.7,1.81862409827171,2.48686846778704
1.36666666666667,2.01896164127599,2.07827355191326
1.23333333333333,1.56525746169987,1.51274292376451
4.73333333333333,3.3817221571414,2.9928611017059
2.73333333333333,2.76823519437895,3.25623955355153
3.36666666666667,1.85772845049264,1.55929608412189
1.15,2.03453438302357,1.58588870135239
4.35,3.48188709317124,3.85105218631896
4.3,3.73158634445272,3.16129689220228
5.53333333333333,4.07541836565936,3.57119428273761
2.66666666666667,2.17327973929128,2.12177025962699
7.9,4.0144702064478,2.67693595459945
2.5,1.9348593832918,2.43360587336655
3.76666666666667,3.33067658268387,3.54788032626789
2.55,3.80264599869149,2.68059858720664
2.6,2.26146565423211,2.33057472017686
1.95,2.24617151711679,2.08417499449112
7.26666666666667,4.02909138427718,4.12016349004938
1.8,1.95246810217851,1.8423488107907
3.4,2.76009900392107,2.83574084297501
1.93333333333333,1.82428466413501,1.44250065190554
0.966666666666667,1.85288524685841,1.51086819987994
5.26666666666667,3.5972170626061,4.35454746564875
2.5,2.0206550801406,2.21806467938452
2.93333333333333,2.20930067694497,2.91719146481643
2.2,2.00692857268995,2.26212071761742
6.15,4.08922057715468,5.30278775213022
4.15,2.83348733587669,2.87428932384324
2.5,2.2319991636676,2.777070539376
1.15,1.39931503327606,1.37015569399065
1.4,1.7910690912247,2.05009841838604
2.03333333333333,2.03553137899683,2.25607799185547
2.06666666666667,1.98875429291313,2.6448774967281
3.46666666666667,2.04605001775856,2.21648060886284
3.03333333333333,1.79858964529734,2.24893515147787
3.76666666666667,2.04902150726015,1.95747522902296
1.3,1.74523117614211,2.499648805766
2.63333333333333,2.315276386669,2.34149678891161
1.63333333333333,1.77323332212541,1.42008530381149
1.36666666666667,1.9128259440231,2.33535908651645
3,2.5992425133841,2.88787624141027
3.33333333333333,2.28429337312078,2.43188929815649
3.5,3.01081483512851,2.78359172529435
3.03333333333333,1.63933252060999,1.59069219081219
2.3,2.83492136753018,2.56624961492353
2.86666666666667,1.71298415918896,1.99342873671041
2.36666666666667,1.51632922355622,1.83814080062405
0.9,1.18157874214864,1.60790334010997
1.65,2.47806725888325,3.45406884679927
0.95,0.990113119670379,1.19144781424837
1.2,2.38660453305774,2.10910918371588
1.25,1.45044914577279,1.46962926225159
2.5,3.05322419054517,2.34900053830718
1.45,1.88425207064029,1.39153858251076
2.2,2.95861485574128,1.89161630886663
2.05,1.52474519614816,1.38858671835147
1.6,0.784398332512154,0.777982587249375
1.4,2.57913781887094,3.289379635787
2.15,1.73664878092221,2.16850743649823
3.5,3.94129764156464,4.44803230090997
1.15,2.03481639184216,1.5608213978659
1.95,1.31906308295889,1.23989414703986
2.65,2.5450508277255,2.66993350419524
1.63333333333333,1.49144317995942,1.85334419328477
1.35,1.50350764421217,1.96712388717585
2,1.30243209220379,1.40575749857516
0.95,1.07253811734671,1.55118031957466
2.85,1.17030330990505,1.32155250349232
2.9,2.78190559498871,2.76159583747178
2.83333333333333,1.81714740434498,2.14947728501173
1.05,1.386383824743,1.30583843452329
1.75,2.31668239864456,2.41176901612133
1.05,1.50932829964035,1.11632907049869
2.6,1.31638049206452,1.33877692093842
2.2,1.82608267753553,1.98341509167892
1.46666666666667,2.20464259395339,2.17498762643078
1.8,1.47171230216016,1.87163930253952
1.65,2.40863403438984,1.78025269330586
1.5,1.66438530578132,2.25188891502135
1.43333333333333,1.57752577126558,1.74061410447144
1.4,1.4714230234816,1.91592754832058
1.45,2.12110567889472,2.52001500482739
2.03333333333333,2.03939640798685,2.08431511694635
2.55,2.50003438027746,3.11323800842787
1.25,1.07204897150439,1.3996978873396
1.55,1.94841210380405,1.76972356143346
1.55,2.20666428334021,1.95024756792146
2.4,2.43864381299814,2.80998640789382
3.95,4.59230156850491,3.98787715250006
3.15,3.34204185433747,2.6997982322215
3,3.77555478192925,3.81339039733717
3.05,1.70540689219283,2.15467634681133
1.4,2.35093120605668,1.57972243754483
1.75,1.5465890235348,1.6075508899887
2.65,3.06784458340913,3.03234445738271
1.55,2.27953695958957,2.07558111654687
1.75,1.49579591607666,1.59262241338056
3.25,2.34934508897401,2.18565681800592
1.3,2.0959195039894,1.47921413158657
3.15,4.44770556890012,3.72896426801543
1.45,1.56967850054652,1.71218922176512
1.73333333333333,1.8256543432971,1.94717278672674
1.8,2.57613127227159,2.26216744492492
1.6,2.42067082895799,1.97693863046431
2.25,3.01086019110135,4.53845963715317
1.3,1.49185498010057,1.21190115158062
1.25,0.842757487569422,1.34502158861336
3.05,1.54709404033728,1.94893167561764
1.95,1.92811168953434,2.15073352746009
1.03333333333333,2.2072918895364,1.59422718477618
2.35,2.31338778720967,2.94416701836602
1.2,1.55337751474383,1.50060553926342
1.45,1.87763089555577,1.73924728988324
2.4,4.36158285722831,3.76730855639951
1.4,2.02855280523402,1.46161014351812
1.33333333333333,1.62388935149853,1.54557386518977
0.9,1.25438067538045,1.7797571854931
1.05,1.73440720306186,1.70343093533568
3.4,4.09387918555277,3.34440246960864
1.8,1.80325368250006,1.69642490771472
3.2,3.25680485323388,3.65692317693333
2.5,2.18103144675693,2.3354108694401
6.25,4.11281566136226,3.31863080050576
1.56666666666667,1.62322567225406,2.18285504121914
0.95,1.5294312271579,1.44333519824087
1.25,1.66767627961575,2.01582716204794
1.4,2.37275646422011,1.52689061863227
1.05,1.24487086430608,1.21827348317786
1.3,1.30541705820785,1.51180911440167
3.35,1.12590065529676,1.46880166240321
2.45,1.93541005482155,1.99892468473289
1.25,1.53694700360731,2.02903585547491
1.65,2.28618891344857,2.39405964384108
1.2,1.52792980263547,1.64250163154979
1.7,2.30157016893849,2.09577135428272
1.2,0.909175065106968,1.46190360941634
2.75,3.05938541343289,2.64576936643501
2.3,2.35657869184813,2.63371155069785
3.36666666666667,2.6331156551916,2.75873933272626
1.25,2.17281537313422,1.7882153239724
2.2,1.21236468190069,1.45763324831727
1.3,1.41221054840775,1.78722465282328
1.7,1.16967940756787,1.33148893198579
2.53333333333333,1.85731304744565,1.89434693073875
1.9,1.672300045867,2.17879410187864
1.7,2.49551717697783,2.64932619108793
1.03333333333333,1.34939676271982,1.92445337224675
1.85,2.50870746823446,2.93050690779309
2.8,4.57391473956069,1.86596641498639
2.05,1.94742383483367,2.86800383464926
2.9,3.14796129594296,2.96433043774711
2.93333333333333,1.73306939783291,1.81236503387484
1.86666666666667,1.19856986095014,1.26992586596878
2.2,2.03215764564417,2.31717587851498
1.3,1.75991384486999,1.58633432278907
1.96666666666667,0.818729947375511,1.25313011443562
1.3,1.5811124371581,2.00879308009245
1.65,1.69680352127085,1.53355592823494
2.33333333333333,0.861919368989998,1.34025791590919
4.46666666666667,2.71296673833728,3.4713894663701
1.8,2.01295772956768,2.06287219379775
3.3,2.69752955422816,2.32055938807671
1.9,1.93032895820202,2.3106444413177
2.45,2.25409372572214,2.39984952363768
1.26666666666667,0.8694198302877,1.15255031026094
1.9,1.83000694758935,2.01779612540723
1.86666666666667,1.45928728793417,1.52220224806558
1.06666666666667,1.77821766130033,1.051563179888
5.1,4.12982629827227,3.76868719470733
1.66666666666667,1.42466550181046,1.45818245390893
3.9,1.82704798879728,2.25441192679842
1.8,1.07211769291778,1.15395650582027
2.15,1.20800284776244,1.23829595207174
1.3,1.00228959410785,1.28690085901347
1.75,2.17146630233661,1.52533585946902
2.1,0.831477174048014,1.39113087010916
0.95,1.12774605802636,1.46782847199514
1.3,1.92779897991662,1.75257514443876
1.6,1.39529027603573,1.75608124675376
3.5,2.38991133139167,1.64376105104812
1.75,1.3231384727834,1.48526246808242
3.6,3.9172145293521,3.54331804902824
1.75,3.16268077444112,2.56423971802372
1.45,3.1144426644072,1.76493280073383
1.35,1.75881450204182,2.03811203326484
1.5,1.5835325812624,1.39950613565467
1.7,2.24224018031262,2.41580174752925
2.23333333333333,2.1822736156418,2.0821207604969
1.9,1.93265843463829,2.16397666897511
2.7,1.75536447722698,2.11597382603226
5.3,3.93751890965336,3.46943426409832
1.6,1.80206961958573,1.6030669644372
2.65,2.07110694077026,1.93313984982116
1.6,1.42119676394139,1.38805374589897
3.4,3.09747940430171,2.78015473211447
3.96666666666667,2.12266851289117,2.4160157498407
2.4,2.32291218683897,2.33203666372861
1.6,2.7468465174768,1.65486984265402
2.25,2.54841067983725,2.76471158846531
1.9,3.18315766302148,3.82354518029183
2.1,0.948709256730332,1.19116817493664
1.45,1.45306254619596,1.4896123496095
3.53333333333333,1.66285454911827,1.21799227406451
1.4,2.09620143064805,1.67738043881175
3.95,3.66959635606706,3.19361572628744
3.25,2.44687082906286,2.52137241512333
3.5,2.65120885800766,2.50968961323826
1.55,2.61476056248714,2.54035787381566
3.8,4.43136338793908,3.18593766568838
1.46666666666667,3.4817446696547,2.2551164098754
2.23333333333333,1.91880787248207,2.00216460944921
1.95,1.16956803548343,1.30728255445749
1.9,1.40434729411204,1.61423933381453
2.63333333333333,1.47076258440695,1.50585160555177
5.6,2.24569127839333,2.4035696469308
1.35,1.6299561057598,1.9148313696743
2.05,1.56486638536804,1.7998359065792
1.55,1.38894126582197,1.72786444474505
2.7,1.20920840023045,1.43559429119504
3.1,2.26842506173865,2.62033342933153
1.6,2.13079662031597,2.2874823388875
1.9,1.40383553185402,1.66244673827877
1.5,1.7046826349759,1.89032850814636
0.9,1.22886005482794,1.40171958352851
1.95,2.01238829564805,2.29003190987125
2.1,1.28159658199206,1.69034786800605
1.4,2.00585062268318,1.4319784945119
1.5,1.82082563846765,1.74978073624963
2.05,2.39195755527665,2.57631109267713
2.1,1.15518835699237,1.25756723409491
2.3,2.28277257603793,2.13682561789939
1.1,0.8999965932072,1.17037411625072
1.65,0.903281591350419,1.23485678609146
1.85,2.19000458114348,2.33767357434858
1.63333333333333,1.63693616465814,1.47298019129238
1.96666666666667,1.92691058514015,2.64158760875567
1.6,1.93312579486276,2.20204480602513
4.8,4.04392117139343,4.19050697900309
1.43333333333333,1.05418896046132,1.1925112965794
1.7,1.40702247240341,1.50997790515444
1.2,1.8506821568106,2.33302468601999
1.15,1.88585626593401,2.21390928984404
2.1,2.5006343631253,2.06222323335249
5.5,2.32330632536658,2.59573699913784
3.65,3.7309921849493,2.84488436817795
2.03333333333333,1.38517695118261,1.22852094818995
1.15,0.951222921416487,1.16818321653297
1.3,1.69800367281624,1.51377514828311
1,1.01457769230913,1.13808064185942
2.03333333333333,1.50220671801569,2.06154775111087
1.4,1.14357178427266,1.23303144626963
2.35,1.81778198208864,2.17005431414203
1.9,1.79397220839339,1.9338463958998
1.4,1.16048236900094,0.977763093993594
1.13333333333333,1.45478109020905,1.44044995918873
2.25,1.90923035144707,2.34986418169527
2.1,2.14709355330122,2.00636828100372
1.55,1.66653197624331,2.08629570863486
2.05,1.2929289734203,1.53225900649546
1.1,1.24974281009288,1.397698440934
1.6,1.25279065080131,1.50665919289581
6.45,4.63056990360378,5.83296950726805
1.86666666666667,1.86670606363181,2.31614234664915
1.16666666666667,1.89488529385641,1.75234007075656
1.7,1.56862167751846,1.96560845208749
1.15,1.34690832917464,1.87843384494797
3.15,2.29207905957521,1.92193188307536
0.8,3.29046123360921,2.63695920415644
1.06666666666667,1.50667767833802,1.64545174365277
1.2,1.06464096005155,1.16267361868741
0.933333333333333,0.995387152773415,0.949114802009253
3.16666666666667,2.06004488888567,2.32530726716677
1.5,1.35099110388174,1.54960207853095
2.1,1.49280792016119,1.69033282625928
5.73333333333333,4.58316646893008,4.96337686816415
4.76666666666667,2.32553434242869,2.44270723173699
2.2,2.0133439620472,2.41689748091022
1.2,1.34588170921836,1.67497971758685
1.15,1.68231703350018,1.37389623448466
5.4,2.48387122976634,3.11698764087486
1.65,2.89505089897715,2.01880397606448
1.3,1.48271974943787,1.75151840982583
2.5,2.11959852263109,2.10447685005821
4.05,3.66113598773173,3.24608261900381
3.1,2.92107727151909,3.09775106799183
2,2.34708456147681,3.08703578204257
3.25,2.89004107688141,3.57719268885777
1.8,4.35329103446528,3.86639292138904
3.35,3.98874641374519,3.49365254766318
1.25,1.22620620753066,1.62930818409882
1.1,2.00571583203965,1.9054933292821
1.83333333333333,2.29735476977034,2.62929272917063
1.5,1.98168943850541,1.9317463914745
1.9,2.99084429828179,2.10682514195668
4,2.49800013290987,3.56913777003166
2.1,2.32028342200634,2.3147222564001
2.15,3.4386153681857,3.60946182370409
2,2.43135552965131,2.36164730883147
1.45,1.95504424676955,2.50408772376133
7,2.94315379723175,3.16170758865751
1.3,0.732103625385425,0.953297459664772
1.13333333333333,1.22721065462071,1.6205250212498
1.6,2.54891569049688,1.51999719078892
2,1.48278055480003,1.64338698740719
1.5,2.08140028489155,2.18194713297814
4.75,5.2170666688514,4.18687774333143
1.55,1.77771282057432,1.90571360771927
2.2,1.78732223304622,2.28909108997919
1.6,1.51030377955137,1.43289716846802
1.5,1.634431673138,1.74600489047518
1.65,1.95692382201228,2.12318512281289
3.25,4.36103025650513,4.22129660127608
1.2,1.98078002113935,1.64554897314316
1.7,1.67484185109632,1.17119629861385
4.15,2.44250517479927,2.65332568129204
1.4,1.31358477101739,1.62094358454583
1.23333333333333,1.08995948091201,1.22302061917825
1.35,2.97058455867264,2.60213215237741
2.05,2.36788850900418,2.68661974940642
1.4,1.76663854055514,1.8189374770779
2.6,1.35735305596368,1.69493949341779
3.85,2.64085335946395,5.34981862258668
1.23333333333333,1.41280271652627,1.64382468301955
2.4,1.26652747437738,1.36801932378485
3.05,2.66649565214323,2.41666152840838
1.75,1.49971712047625,1.49317889791648
3.45,3.18369888430468,3.51229392051487
2,2.2357572621088,2.16943362968916
2.35,2.39050005737345,3.43341745137028
1.8,3.49532834637097,2.8512831262872
1.23333333333333,1.5577139541902,1.66825773085949
1.66666666666667,1.88377143807384,1.57438271126236
1.55,1.61025337988634,1.55455695490428
1.4,2.79960760590358,2.52478215983081
0.95,1.599117743688,1.46647772747953
1.2,1.2824188264301,1.25285031707196
6,2.25815330876307,2.040138564409
2.8,1.77692214399908,1.95219651145967
1.4,2.2829875760326,2.27791109800369
2.7,3.08084846772441,3.31895867608033
1.25,1.59189956297819,1.65534044145099
1.55,1.22650118126327,1.0059279868352
1.56666666666667,1.98715496863913,1.96214594854454
1.3,1.87066700964022,1.50517862733174
3.83333333333333,1.72978046387931,2.04355595118346
1.1,1.20441320773978,1.32565831235266
1.95,1.73633285744479,1.62993615648311
2.25,1.42578151819893,1.28671130238787
1.9,1.7351641054071,2.04125260807165
1.05,1.37883549514935,1.45477135491052
1.95,2.34132413457075,2.47979982973188
1.35,1.9497521467976,1.66878932226641
0.9,1.42039688473666,1.41470789622146
1.2,1.66734220001134,1.55885835418049
1.4,1.84914934703417,1.51333953554723
1.3,1.37328173006923,1.49683877280429
1.4,1.79273551985924,2.03809557626145
0.95,1.16978976625022,1.29737854663427
1.4,1.80707042984654,2.05385805287008
1.5,2.24341318251691,1.95092278628748
1.75,1.61403287781338,1.60700165072669
5.35,1.77859931033129,1.51746363925401
1.8,1.75503049159226,1.47873034078457
1.15,1.34697096045714,1.54592001094249
1.1,1.40905342414882,1.58214244695897
0.933333333333333,1.14286242208729,1.29145278468774
2.1,1.86948285539253,2.28767071047088
3.4,1.79630956200967,1.92481580460521
1.4,1.72570143845769,1.66074533286848
2.1,2.55957843976408,2.8650455680941
1.45,1.17573936210031,1.62566627448544
1,1.6294974308585,1.74187903043668
1.85,1.66015721311673,1.42645459596052
2.75,2.22346887791742,1.99459848511487
2.73333333333333,1.92953587029109,2.05185438676034
1.4,2.6349151361457,2.30822384941095
2.13333333333333,2.18853397100839,2.41667807228328
1.65,1.31440056277338,1.41760255898022
1.9,1.84703767264116,1.81526266845502
2,1.67403925091446,1.82631828505376
1.96666666666667,1.65772417438087,2.16873872299069
1.53333333333333,1.54835876736246,1.7749512483766
1.15,1.23171673342658,1.32380373800976
2.06666666666667,1.71519218970549,1.66865673411631
1.36666666666667,1.30142435132451,1.30239022854279
1.65,2.39325589091769,1.43711019965292
1.9,2.03712451131486,1.34749138976906
1.2,0.989678888633265,1.1722162488386
1.05,0.909964607503812,1.09366229963222
1.2,1.09324238577109,1.17962076909525
0.8,0.981393255807335,1.05211176861217
2.26666666666667,2.58080060396958,2.31639347462416
1.05,1.29063042030508,1.3221844694144
2.05,2.91190406155942,2.76744871345949
1.4,1.44887607141242,1.51287746793282
2.85,2.97226358284575,3.0844417048218
2.05,2.69096872963208,2.12317561686745
1.4,1.61775140810654,2.10557570942747
1.6,1.53654999844263,1.43896608037931
8.85,4.21913624240013,4.53863144310528
1.3,1.08627273135198,1.25808452177219
1.8,1.33543804222889,1.60596983518868
2.55,3.28390022675382,2.58113230128214
1.3,1.04619750201007,1.09055701249694
1.85,1.2036006908466,1.55928659881355
4.6,1.90243761758205,2.58357736279388
1.65,2.08877894939238,1.99337592087511
3.1,2.69856102425307,2.71932007866998
0.85,1.49368235080936,1.29020977136544
1.3,2.16331777171652,1.46250074650669
0.8,0.857350037176024,0.988260478198829
2.36666666666667,1.91007646882584,2.00817853492305
2.2,2.74661257029431,2.62331322645063
2.13333333333333,1.85928589390532,1.86952905388861
2.46666666666667,1.57648650278852,1.78680070906179
1.93333333333333,1.99001723986504,2.81280446366025
1.65,1.97352504422078,2.83920549793728
2,1.98029139559226,1.75270967295754
2.76666666666667,2.34445011936015,2.40890529450716
2.13333333333333,1.46097175084648,1.66959400233661
1.7,1.59479575087727,2.14553138967687
1.1,1.49592918054838,1.45456388273351
3.5,2.69012580490914,3.14100677829683
0.8,0.860433910159697,0.956596113707843
2.7,1.69727764848614,1.79946992442868
3.16666666666667,2.41334152168268,2.6061158288553
1.1,1.47614237750813,1.71746638252472
4.05,3.99820013595183,3.71309996711738
1.65,2.00358140403075,2.3245825151318
1.6,2.5513637539774,2.19680108444493
1.53333333333333,1.93268453990858,2.08952441655873
2.8,5.43716729845212,4.22383200483892
3.06666666666667,2.77106270121736,2.89514268312599
1.96666666666667,1.95598672036873,2.38420206051396
0.85,1.04232314328042,0.913577374243487
1.45,2.37888909126289,1.49690777603469
0.633333333333333,1.0824908362815,0.773224277920057
1.3,0.987570617785026,1.08121272477579
2.03333333333333,1.94929204879509,2.06469898321333
1.36666666666667,1.60157273986538,1.60054233573128
1.2,1.46359294167977,2.46898208557236
1.7,2.8366322922498,1.88831306795999
0.65,1.32834358167887,0.8978265378227
1.4,1.2427780975331,1.15653394348312
0.8,1.16280741346802,1.00343786284763
2.2,1.4985300011171,1.28567116168988
1,1.30745149133318,1.04791463685061
2.9,2.27745841513579,2.28196528660105
0.8,1.05183333490414,0.984300775740968
0.7,0.873162205986672,1.2606378263455
1.9,2.88162490693918,3.26860632170655
1.15,2.113133560754,1.93210720105119
1.90005,1.65888613179258,1.52907126669445
2.6,1.26424248142968,1.55746196840189
1.43333333333333,1.23364226956657,1.41465283779863
1.4,1.30838202672153,1.27757975052515
1.76666666666667,2.23026234578303,2.501920624801
0.95,0.994378443169307,1.07946071275887
1.53333333333333,1.48672768292534,1.62761873052499
2.46666666666667,1.71570290988976,2.04120925943638
0.8,1.24621922508697,1.6110596973081
1.05,1.07847014623841,1.21792369093547
0.65,1.17230020537469,1.13109176155483
5.2,1.88555468893205,1.74140134052619
1.8,2.36185781899548,2.01007636751875
3.2,3.11364282140935,3.10648470595209
2.95,3.25498876382124,2.8494173946007
3.36666666666667,2.37463367758106,2.19983684942244
1.2,1.50641094866638,1.67879987087134
1.8,1.17184900779955,1.18106310778453
1.3,1.8237043439166,1.51280375941345
1.8,2.85653444577677,1.70100015116818
0.95,1.24283095047349,1.57754067077068
0.85,1.07266711345655,1.24615699164505
2.5,2.60526865052448,3.41425279370149
1,1.6613266868181,2.71547385993902
2.13333333333333,3.20825272790637,2.28261313385137
0.833333333333333,1.34671503316561,1.55807389724782
2.55,2.25332124036064,1.34713235177886
1.1,1.31646304190524,1.4099912374746
3.15,2.43461318677712,2.67803000027437
1.36666666666667,1.7854355351723,1.90486875629496
2.7,2.01806217457398,2.61035380953905
2.9,1.84587126167033,2.05389983658476
2.25,1.67230117280473,2.50058832986604
3.45,4.17454419917056,2.99419158825802
1.5,1.84702665826743,1.5616713818235
1.93333333333333,1.79637017192682,2.22408901368736
1.3,1.37873697269114,1.25991149038687
1.55,1.57667178940646,2.83335795329774
0.9,1.05680003200996,1.0745823827186
1.4,1.55855906911986,2.65409767430817
6,3.18623930839799,3.64436519613222
2.06666666666667,1.37162135321063,1.46751442430414
1.4,2.04396845755871,1.58371420294648
1.83333333333333,1.56574152358493,1.63642428125926
3.35,2.32478630148524,3.01304183961017
3.05,2.84642733173486,3.03911577396368
3.15,1.65199440850612,1.82297946374231
1.4,1.36717684154312,1.2524101813481
1,1.52515798615687,1.2191992951357
2.4,1.65347905846476,1.58493719654987
2.75,2.69040467121522,2.49860865804398
1.83333333333333,2.11658178859832,2.05859946295202
1.3,1.33779292378103,1.67300823492697
0.95,1.59373611008541,1.42625197397706
1,1.48371366942812,1.89314684491566
6.75,4.53330509358177,3.14141240278675
1.7,2.37585749288465,2.26124201948661
0.7,1.28748116235818,1.12683731125625
3.73333333333333,2.8283626880663,2.3434393500812
1.9,1.9635765558028,1.86021147520053
1.5,2.49190842202705,2.21194434776707
2.06666666666667,1.87912614539492,2.12208207604096
1.8,1.69147730938247,2.17116260302836
2.05,1.68136187533345,2.04776371010426
2.53333333333333,2.98210348658363,2.90613523476208
4.85,4.57977024370874,4.1447236678262
6.45,3.24497261246446,3.23676848065012
1.8,1.84486427293396,1.85175736514051
0.633333333333333,1.28769683344165,1.27974017091102
1.7,2.12475694303802,2.39733744482898
1.4,1.27876299846576,1.48022329430416
5.6,5.04545877248484,3.54859005056092
1.4,1.65832351257435,2.11768966452374
1.13333333333333,1.30303825420755,1.39970334612001
2,2.04944515089524,2.14976061210912
1.7,2.38021636141197,2.48074129690825
3.4,1.92908760332179,2.14677104243534
0.833333333333333,1.89372974533796,1.55208557134551
1.23333333333333,0.992159755121304,1.07007420242892
1.9,2.26047487948951,2.38003713021786
3.3,1.78207910395917,2.15152709369948
1.75,1.92893162980354,2.07914745128193
4.25,1.90882823181555,3.16531394658106
2.03333333333333,1.85056019496621,1.43007332072915
1,1.47140752994167,1.3264467099541
3.8,2.49522274715109,1.89763813982694
2.13333333333333,1.64305146877515,1.23038763242842
1.35,1.4982339834739,1.594624106427
1.1,1.56427741766609,1.84878837111877
1.66666666666667,1.6933599576293,2.04178714779604
1.95,1.45332174159744,1.56463264504528
2.73333333333333,1.88253694276184,2.20579867282283
2.63333333333333,2.87087873029003,2.49301274585517
1.6,2.06867376627483,2.19359357875588
2.06666666666667,2.24882424269583,2.4423788614662
2.1,1.58535784968845,1.67716069286935
1.53333333333333,1.28903297709017,1.35906371424919
2.13333333333333,1.69158094512867,1.6919682378487
1.48333333333333,3.79768596833415,2.90624233933062
1.8,2.23266752531443,2.40686803003782
1.5,1.22879915100611,1.33374584831256
2.13333333333333,1.76733747600585,1.57406974655683
3.06666666666667,1.38707889273067,1.92077014808433
1.35,1.48773465554003,1.76416669622374
1.85,1.50265285209662,1.80503181118865
1.5,1.71078638871439,1.93321085390404
1.46666666666667,2.02344828444264,1.72148050428952
2.8,2.61552045683769,2.64850245859646
1.9,2.79503776276974,2.47149144121094
1.56666666666667,1.15674898068154,1.20178756889261
1.85,1.98473678309619,2.08676953469612
2.55,2.14711874592527,2.7120254635351
2.4,1.78388773894874,1.69519062804018
1.06666666666667,1.36117934148756,1.71065211603077
2.2,1.79172362238194,2.04936950697171
1.125,1.26573135971319,1.64155215486792
1.45,1.58318354144074,2.04453566724353
1.4,1.84629700344718,1.77260106524281
1.3,1.92288913575316,1.68299673612709
2.33333333333333,1.10126976364664,1.46456508348747
1.25,2.47461485141721,1.7837779168898
1.75,1.58402716989018,1.8231507429582
2.23333333333333,1.5668021676689,2.05517814133041
1.8,2.34805934930671,1.81983576129694
1.4,1.72590700149518,1.74600842092052
2.75,2.79550154635565,2.89020349456939
1.63333333333333,1.20366635782445,1.2058192322366
1.7,1.67344231887448,1.42944135343655
5.6,2.19208686255227,2.13550822714675
1.75,1.46960104800867,1.82329682821977
1.7,1.67177999501298,2.23882014904886
2.33333333333333,2.29774057384049,2.37701136140523
1.8,2.34068169887667,2.15552426487043
1.36666666666667,2.0303422112812,1.99468160954382
3.2,2.27914505704306,2.00991789805509
0.9,2.09376838481971,1.32938915062127
0.75,1.34135388070008,1.62503007942873
1,1.28885657520883,1.39597452208826
1.2,1.3194962611342,1.48208507775212
3.9,3.32451301216643,5.17041914584691
2.16666666666667,1.71084815652381,1.40401445315779
2.43333333333333,2.20078063633283,2.07422995005297
1.86666666666667,1.3833455101325,2.04187540889916
2.8,2.77580301439532,2.86166336801675
0.55,1.44929859634839,1.67670992578532
1.7,1.8071928958566,2.28871185157311
1.33333333333333,1.94073981685616,1.65500048944284
1.73333333333333,1.62424430522988,1.80613445325138
2.63333333333333,1.41596091002849,1.56337966745183
1.3,2.13641787845184,2.22504409886598
2.26666666666667,1.64867235268633,1.59765834664792
1.83333333333333,1.68599738438233,2.0163037509977
1.33333333333333,1.52028716434054,1.77063095896855
1.2,2.56468844127988,1.59087407542801
1.53333333333333,1.29359985282947,1.48692057056416
6.65,2.76374302355649,3.58728898179543
1.3,2.17683334306682,2.01020888683541
2,2.01997711183559,2.73990190550244
2.45,2.13649454065417,2.40450622885467
1.56666666666667,1.87264737078387,1.7652786408429
1.36666666666667,1.62216674496386,2.10426084471383
1.4,2.09728443754268,1.7408625548846
0.6,1.14439831320551,0.681551697866877
1.36666666666667,1.21651099385614,1.52549162696962
1.05,0.80867214588903,0.799189688930234
1.5,1.97918878384235,1.61202455526388
2.13333333333333,1.39204517748357,1.29121358920939
1.73333333333333,1.78621388209895,2.04020330390881
1.45,1.46242017682121,2.34538384489484
1.05,1.34755755064669,1.56697567088012
1.1,1.18398098383901,1.4395014802473
0.85,2.28132794905603,1.27668260420571
1.2,1.47064087826919,1.69269067749544
1.83333333333333,1.44503299590635,1.36059443055388
1.26666666666667,1.60031761027937,1.80029216138804
1.43333333333333,1.86478020669407,2.14047043162419
1.3,1.93125587085354,1.80193962863463
1.23333333333333,1.62548882225868,1.40371075721048
1.85,1.81692825253767,2.09860677969015
1.43333333333333,1.02951910055967,1.1799043870206
1.7,1.99011765559382,1.66469182719715
1.13333333333333,1.39848940902916,1.28761190566099
1.56666666666667,0.980418391553509,1.0154127958675
0.95,1.73602407520779,1.89136056096809
1.65,2.39103355252955,2.86508282378251
1.73333333333333,1.01510661570779,1.17386320164623
1.2,1.89794736820688,1.62251801749529
1.55,1.72430636415286,1.99393707738273
1.85,2.04236376214801,1.96158174865403
3.06666666666667,1.44979892688915,1.64769738639671
1.43333333333333,2.05969142391212,1.53554243399517
1.33333333333333,2.34302187920537,2.21286701724716
1.3,1.45620150751715,1.9327590586097
1.9,1.95032619843523,1.66981808365255
1.7,1.40357493923695,1.68388067185445
1.05,1.77878600745272,1.78361037616592
2.53333333333333,1.46816212536478,2.04283305283795
4.15,2.3150771198402,2.00876734727038
2.26666666666667,3.06263596486045,2.88409169448425
1,1.43655337339155,1.13690070105724
3.2,2.0266775598606,2.57833498001157
1.9,1.25337360930696,1.63710134158594
3.6,2.75996582370165,2.78182264929036
1.45,2.08986201362788,1.7116484450936
0.966666666666667,1.06759386879815,1.28079228113872
1.55,2.03511810787642,2.36989472124013
1.3,1.67590835662417,1.61686684519224
2.53333333333333,1.90939131459171,1.76017520907408
1.93333333333333,2.01083939999305,2.04730780829203
1.2,1.43313364176204,1.31129386329947
1,1.94248577337294,1.39712048937146
1,1.10027503099712,0.948037050016283
1.16666666666667,1.7467377234931,1.87049112349301
1.16666666666667,1.1917961581609,1.23268629775552
1.85,1.64209854237416,1.91434630551566
1.25,1.70556154378255,1.74278955715387
1.25,2.80260627021916,3.27904040104863
1.1,1.20091803406673,1.36036097206638
1.06666666666667,1.15138009689119,1.20385184376573
3.13333333333333,2.07642732735425,2.3936621338386
1.46666666666667,1.7395417633721,1.43075350386957
0.85,0.784879484487661,0.932602415591896
1.86666666666667,1.74025462683684,1.93311864054811
2.23333333333333,1.47263159116622,1.75923395248827
1.06666666666667,1.0960958726425,1.1308094031037
1.5,1.59894018400196,1.62539902117956
4.4,2.73955351265935,2.54803189703217
1.93333333333333,1.45050808945947,1.46404120625064
1.56666666666667,1.9466935275105,1.90116790267472
1.36666666666667,1.42215025083208,1.57243448590851
2.13333333333333,1.75835703863971,1.6591206260152
10.1,6.63713611063869,3.15969499085527
1.5,1.35538903976132,1.53111376962362
7.76666666666667,2.88807851849676,3.35889413152524
2.03333333333333,1.37935570262009,1.43541989653563
2.5,1.99428900417964,2.1709427948208
1.9,1.65286670368814,1.87599225120012
1.45,1.7550969123224,1.85649564635353
0.95,1.67092479117771,1.39746324213149
1.46666666666667,1.78975938430933,2.23249659200591
1.65,3.24377535267809,1.8995298763236
1,1.36514762957852,1.61490675242846
1.43333333333333,1.75398293414668,1.86977102552128
1.8,2.12331748336417,2.02927527477087
1.83333333333333,2.00267602252459,2.24057275374598
1.5,1.5908905674448,2.2341829403305
4,2.15552876351848,1.9840374749636
2.45,2.02772251578707,2.3383071932014
3.8,2.55541645991292,2.6630703639826
2,2.08680343546968,1.55717662454169
0.85,1.07009071251623,1.4314848002346
1.2,1.2334044061123,1.69154163826941
0.85,1.00491335881715,1.25569281591158
0.95,1.07819130461182,1.31587825101341
1.6,1.65509970104371,1.9806852773488
1.73333333333333,2.18131139085225,1.90403993907805
0.95,1.13272873677035,1.1701865739627
0.933333333333333,1.2300498284355,1.18636587800925
1.2,1.31354878321579,1.49137275288293
1.13333333333333,1.44208094215388,1.26899113995797
1.26666666666667,1.57019769890119,1.98430297185258
1.65,2.51067227961891,1.89854950116029
1.1,1.23708145901426,1.22346691385717
0.8,1.21776684625088,1.27171342345515
2,1.46337633334635,1.69284241923477
1.23333333333333,1.13684935930792,0.86771817204461
2.25,2.26466465847457,1.96319011557703
2.23333333333333,2.23437390876821,2.29924136901659
1.1,1.32683279255999,1.2894314836283
12.25,3.44119769568241,3.3956340625389
0.666666666666667,1.00396176393235,0.847675321214674
1.63333333333333,1.04428466547721,1.37274748671276
1.2,1.48331984669312,1.76407731523367
1.85,1.567777476137,2.02145746248786
1.3,2.52847354019932,1.83382954126951
1.8,0.827703757317185,0.993790972572061
1,2.07545123664161,2.40230849103762
1.83333333333333,2.39603390079246,1.44727481500867
1.1,1.27436832427102,1.35164008696036
1.86666666666667,1.79078269358063,2.29937772530098
1.45,1.25545805054437,1.40701584000445
1.56666666666667,2.05724235953722,2.17166581553544
4.05,2.45076403090824,2.52779348218329
4.66666666666667,1.65626716839075,1.9540156985969
0.95,1.15135434779975,1.26756327927155
2.4,2.10045244986426,1.81512126147371
2.16666666666667,1.25055719944881,1.43081261804514
1.7,2.52340389391789,1.7126839068652
1.4,1.83518418347056,1.69588934640478
1.3,1.15388351110407,1.47041192787312
0.866666666666667,1.14966335786317,1.44643851464688
2.4,1.77310002924531,2.00502295282813
1.43333333333333,1.52891762735837,2.2064088130519
1.2,2.24194968968135,1.81327347378667
1.46666666666667,1.27618378065131,1.38108691585667
0.95,1.91194075695226,1.35660007776572
1.4,2.38006267308223,1.9036664982152
0.45,0.811979256581566,0.541178632073532
1.56666666666667,1.95975195285911,1.96435506914949
2.2,2.17510113525043,2.11275333728287
1.15,1.79869347484743,1.48494533313637
1.56666666666667,1.24012867946958,1.45919655487933
2.2,2.11993867253557,2.38278084903689
2.35,2.92391469856737,2.88950352179982
1.46666666666667,2.30684364430705,2.45985841617867
1.35,2.0636206201789,1.53838102115443
2.7,2.06708442183154,2.23592774844937
1.66666666666667,2.53895948149394,2.21554889690377
2,1.76808471776968,2.13512835505978
3.25,1.63094625390601,2.81995924625109
2.65,3.59498300181075,3.5255390539726
1.23333333333333,2.57866423888991,1.6697788332797
1.23333333333333,1.20435122517806,1.40337799377907
1.5,2.42843516921954,2.65422303127258
2.53333333333333,1.66808993012084,1.92766593936063
1.05,1.16649295684358,1.14420391948913
0.866666666666667,0.626384461745544,0.564961269019625
1.43333333333333,1.6714593295946,2.3121427376903
3.9,2.38148904241949,2.31201899704039
1.83333333333333,1.31603584282889,1.53517137394693
1.5,2.65370060396999,2.09953646179522
3.15,2.49073325161914,2.76060278354807
1.63333333333333,1.08461461640985,1.01039046939642
1.3,1.79591256952173,2.3485225799627
1.6,1.48844962500391,1.49209035947413
1.5,1.9714444396897,1.81076729453857
1.76666666666667,2.10995196794734,2.22249628398358
1.8,1.74603006409953,2.31405028757029
1.33333333333333,1.15989944666947,1.27803584911808
1.8,1.70923072943269,2.07160992867835
2.46666666666667,2.08416393557406,1.98232168418532
1.3,1.1766410836625,1.27469099855572
1.33333333333333,1.32864516677905,1.22890253584706
2.13333333333333,1.44399092627658,1.41946107356094
1.2,1.28998951334675,1.43486531102548
1.23333333333333,0.729923993555144,0.712144082302974
0.7,0.705819527819054,0.926257616490971
2.95,2.21514951039967,2.3892741826453
0.733333333333333,1.26911774863601,1.57265412748404
1.23333333333333,1.27366731002933,1.16585400411339
1.6,1.31513324746055,1.27801018872714
1.6,1.85937465485591,2.08516910275398
2.45,1.4840940593635,1.68997311422225
1.3,1.96991676517096,1.6251356738122
1.46666666666667,2.00637960175932,2.39312259595454
1.53333333333333,1.27787108066789,1.2800785892971
2.55,2.55076714432586,2.55378673232449
0.8,1.10941442363451,1.10586466081645
1.43333333333333,1.48917542902662,1.15056400735953
1.73333333333333,1.60151685227134,2.07319950198078
1.3,1.10085041382075,0.689614215903352
1.9,1.37473007083615,1.60425867265858
1.83333333333333,1.25321233047617,1.46194153733108
4.36666666666667,2.94153448945384,2.46314874751232
1.73333333333333,1.63663080908893,1.60139404807407
1.8,2.02882305714958,1.61087392191101
1.15,1.13445482660422,1.62393929949985
2.25,2.9503733980881,2.67389269039986
2.1,1.97185476840328,2.07486106787106
1.66666666666667,1.38356129734974,1.2644512196963
1.93333333333333,1.18863448902763,1.33868792538507
1.55,1.20620981731767,1.51979017821637
2.8,1.91296786143023,2.00973746911111
2.75,1.78564379432823,2.06648564402281
2.45,2.20509294494711,2.77080640384215
1.6,1.07556153639035,1.28790894571001
1,1.91861712534295,1.48574733140081
1.46666666666667,1.07208249097731,1.39395917524299
3.5,1.81071752938649,2.37886546455961
5.45,2.43616919103902,2.44485527409179
1.7,1.45074144045554,1.93121850779893
2.16666666666667,2.01886935452532,2.58353708940347
1.73333333333333,1.76536459568528,1.93326894655551
0.966666666666667,1.04086103831861,0.932663563848727
1.56666666666667,1.16380968140171,1.54170122190035
2.3,2.57568332683311,2.49727933907908
3.75,1.97283337793925,1.83904763384926
2.36666666666667,1.89977714747646,2.32011532885975
1.35,1.45729113924357,2.56263039907468
1.45,1.04478954254942,1.19983832488864
1,0.912353790423798,0.731151731123832
0.95,1.3656797077888,1.47452717488148
1.05,1.12123983774044,1.18043961778817
6.9,2.74898084367605,2.74878131030667
2.6,1.5738509900498,1.8311234159065
2.8,2.92180738184654,2.49071542112352
0.9,0.914824609734512,0.97370476424334
2.6,2.68125974947845,2.89635828579867
2,2.39373083201906,2.07393958199534
2.13333333333333,1.85846770221339,1.90740155560262
0.9,1.52772727859548,1.75814879158177
1.36666666666667,1.11984031888243,1.59706573163069
10.8,2.81408485773694,3.67528536274235
1.3,1.40013629017971,2.19330289947477
2.23333333333333,1.85106461581085,1.9195652775636
1.25,1.74366283740607,1.1061600731695
2.66666666666667,2.04634099188897,2.50653266069982
2.6,3.05459446857114,2.89822366390175
1.3,3.08478896706524,2.08533080302964
0.85,0.860876650806243,0.889871377690919
1.4,1.51288269346314,1.79935595217146
1.7,1.30035388091111,1.57324591521724
2.43333333333333,2.05723198010875,2.1242732362193
1.66666666666667,1.35028355777264,1.35183605234832
1.83333333333333,1.26189299708345,1.15398049482358
1.66666666666667,1.85751248983261,2.18280427113334
0.9,1.03834298542663,0.873118556030866
0.9,1.40482965478951,1.33215630558937
1.9,1.8170199156978,1.71633856513918
2.55,1.74500455997173,1.78953494036437
1.35,1.47749232823513,1.50441252343489
2.66666666666667,1.62739604075487,1.95451384547436
3.2,3.93439110418914,3.59287800540943
2.65,1.74702637300704,1.61820355798783
1.3,1.43551342093982,1.31364238787461
2.3,2.17022256881647,2.38587563300628
6.8,1.73316455988795,2.25104316009323
3.1,1.68197718036165,2.30273154375129
1.73333333333333,1.55571190313307,1.62772260210523
2.75,2.26025081283056,2.14203149205098
2.45,2.027893905154,1.81075387374088
1.16666666666667,1.80290704894499,1.51547691603712
0.95,1.52639443947688,1.51746424521488
1.06666666666667,0.972105169182886,1.52614950482624
2.5,1.36923392287887,1.0829433301563
1.6,1.61747368288843,1.73268850900605
2.46666666666667,2.06782487688202,2.28940640645285
0.25,1.00648836762867,0.515859566293669
3.65,3.23382999660029,2.63834190669658
3.26666666666667,2.12378401811681,2.72059046340802
2.1,1.66725372761531,1.16492335435345
2.65,1.68816415950608,1.92882935900514
4.75,2.59482446943635,2.14620294702874
1.75,1.79940818308199,1.64398677399258
1.36666666666667,1.31347834121762,1.30060839715887
1.66666666666667,1.86737678120604,1.49521876292039
2.36666666666667,1.73620191746559,1.91702226419459
1.1,0.879974127754333,1.29668469152658
2.03333333333333,1.55098279267186,1.96699720641989
1.4,1.67261359140649,1.82543805317655
2.1,1.50913543941715,1.48720552729656
1.73333333333333,1.54794473005645,1.60846497974619
2.53333333333333,1.7996088344466,2.08525671377107
1.73333333333333,2.05730647728857,2.33393690842063
2.33333333333333,1.64986824445442,1.93984239838441
2.03333333333333,2.55462965734634,2.36036067347153
1.4,1.45108881357898,1.52505734937286
2.45,1.48835540078183,1.72806582663989
2.25,2.02162428329308,1.93275686633094
1.5,1.9260576340801,1.73079943477362
2.06666666666667,1.26384404125279,1.31442799973268
1.3,2.08377343552117,2.11971794472536
1.3,1.48360945454971,1.53053426267421
2.45,2.13987502711422,1.9695708989196
1.85,1.87106856960276,1.93601738272013
1.1,1.02145409299327,1.18147448582523
2.46666666666667,2.86084555082641,2.04601051187669
3.1,2.28720276415031,1.95768513181544
1.86666666666667,1.61048371564892,1.4375121463579
3.93333333333333,2.67813912035558,2.46962639771145
1.96666666666667,1.71520632080343,1.81771153164376
1,1.1373577550478,1.05789086517006
3.05,2.26695391354795,2.68280059245783
0.5,1.19147968817071,0.842696419576237
3.46666666666667,1.97542964315396,1.91938745677736
1.13333333333333,1.2106608762078,1.54516743425118
2.85,1.74241994872288,1.58290740298564
5.1,2.48203888209866,2.58700411414598
1,1.34506418695859,1.64180707241049
1.2,2.42955082420476,2.45898324277601
5.53333333333333,1.46966084473662,1.53406508328899
1.5,1.84274952863506,1.50318246658908
1.7,1.43117240760478,1.65429304742297
2.15,1.69230354272358,2.0165931021432
4.96666666666667,1.70519132201243,1.8082161264025
1.53333333333333,1.23077985100308,1.58628157677108
2.1,1.80675301113067,1.74751678933048
0.7,0.73387164262537,0.829662458003202
2.03333333333333,1.69272665765863,1.9404705456717
6.73333333333333,2.34895421084052,2.66606974924418
1.4,1.17306505150934,1.47906868416777
1.95,1.75698951172099,1.63328197555634
8.53333333333333,1.94399490869648,2.08697531594746
1.06666666666667,1.87680927518722,1.74545700195002
2.95,1.50638446437468,1.42547731014027
1.7,1.51014442206427,1.95443450928449
2.16666666666667,1.99476476693726,2.2128664320946
1.3,0.710226657644737,0.845916161126101
1.66666666666667,1.26267536892006,1.608969823016
1.76666666666667,1.11991217717898,1.60881968638081
0.633333333333333,0.810385693798728,0.58022493175478
1.03333333333333,1.27509836446729,1.23356186716131
1.55,1.28255369219011,1.44002715330529
1,1.67732172858022,1.76501616549953
1.65,1.39576725204483,1.4605639304083
1.46666666666667,1.35000623969062,1.38080798992949
2.4,2.09304918319496,2.6086480375538
1.96666666666667,2.14485184383999,1.57328714178615
0.95,1.15168173202454,1.02353062640368
1.5,1.87430064851013,2.00405680196496
1.75,1.75202502753493,1.85427881938035
0.7,1.34766332487094,1.24167416624414
1.95,1.14440171462069,1.39866718532232
1.4,1.07644074559771,1.27304617512038
2.16666666666667,1.63026676516805,1.79424265146698
1.66666666666667,1.19019161075464,1.39713565454622
1.83333333333333,1.24067853739329,1.63634994378703
2.75,2.30546076727664,1.77615028090381
1.26666666666667,1.44378097840654,1.56655192913378
1.1,1.27497192876183,1.71873069967792
2.3,1.07008000377113,1.34398757417174
3.73333333333333,1.97567856501268,2.43404575705173
1.25,1.65010756104851,1.5333295140604
1.86666666666667,1.0695480242947,0.892968271801428
1.83333333333333,1.65699690063268,1.45852088824587
2.45,1.95318159243116,2.71375479413015
2.1,2.61064468577736,2.43126302027513
1.9,1.31905007725537,1.68006155405002
1.16666666666667,1.35027668517062,1.4000824092282
1.23333333333333,1.2084088401188,1.32091473692828
0.4,1.13581937672044,0.613328501296089
3.26666666666667,2.04710302350242,1.82104263961164
2.1,1.95877798994748,2.48019146582301
1.93333333333333,1.93167191743847,1.75847975565349
2.9,2.22211171645636,2.47757662944174
1.73333333333333,2.16396476641821,1.99773905119874
1.65,1.95712677894638,1.78200854444324
1,1.40740976853499,0.876966501039091
2.15,1.16319649959989,0.913521444150197
2.06666666666667,1.4974458719966,1.46266759285084
1.56666666666667,1.08756834510649,1.28232713464609
1.3,1.7937605899395,1.93500948193286
1.8,1.6674524510191,1.68749018763203
1.8,1.24851503594185,1.22012660886315
1.56666666666667,1.56250952558808,1.56340505061091
2.1,1.75575944023889,1.63674644250943
1.93333333333333,1.64366960042127,1.23268226152991
3.1,2.04870798001371,2.27615475182696
2.1,2.5790878364663,2.32560565123976
1.2,0.981515179485642,1.34502709183321
2.36666666666667,1.67615683363324,1.67001417108796
5.75,1.66348215979198,1.74590698488271
0.866666666666667,0.984691512335512,0.966695991942867
1.6,1.24527380012908,1.46200847935859
1.46666666666667,1.32969477357374,1.58312342945719
1.13333333333333,1.00996416102593,1.21046210464041
1.7,1.64177553709218,1.89758724051246
1.96666666666667,1.23533195028457,1.62105549357495
0.833333333333333,1.33049090591107,1.06548261817674
2.3,1.76077958054234,2.11132201492905
1.46666666666667,1.64781402541484,1.94824796783808
1.63333333333333,1.30895914899471,1.54761457554662
1.16666666666667,2.04557761473004,1.67331462255681
1.7,1.70120895519228,1.92593627106189
1.16666666666667,1.04982674040597,1.27002261179278
1.23333333333333,0.958770100021159,1.00053018787473
2.03333333333333,1.4043343873658,1.59180631785881
1.1,1.23726306268055,0.908222972996651
1.3,1.21837970334875,1.2504715693569
1.75,1.35135454282906,1.93502465630444
0.5,0.85526756315754,0.922185330435901
1.15,1.06668844248247,1.33986789587273
1.65,1.59049845882599,1.53784935498272
3.1,1.05908735530963,1.23956306684628
2.3,1.23520092393724,1.38391821666207
2.76666666666667,1.43657982055584,1.26522790207523
0.766666666666667,1.07531474445668,0.651237912986994
1.56666666666667,1.22239064057655,1.51797638593177
1.85,1.52218449921577,1.96060102256673
1.55,1.39894304419177,1.72328026686902
2,1.82396119587167,1.64239750806903
1.35,0.698165933450168,1.6720329802176
2.13333333333333,1.80300445499183,1.49943678240088
1.6,1.15650366765719,1.09900834878147
1.9,1.45917615797537,1.45370734902266
2.1,1.16015861209559,1.26816416585083
1.15,1.40906887953668,1.38579781516383
1.5,1.2775340209613,1.32051348788872
1.9,1.35376973274587,1.77048260000169
0.9,0.975250120047314,0.975324976227393
1.43333333333333,1.43244340040879,1.43304304772486
5.4,2.51390705198516,2.3380136593409
1.33333333333333,1.11927319899634,1.07634761562197
1.4,1.40864187981035,1.33307872160922
1.8,1.67194905465712,2.0409470228294
1.96666666666667,1.37745028521708,1.54187335699095
2.16666666666667,1.94062318233108,1.81843838379851
1.46666666666667,1.11706621840976,1.23762797453488
1.15,1.52091332174527,1.71404823214746
4.86666666666667,1.65241390391957,1.71215081857521
1.13333333333333,1.15576613468941,1.47387041910112
1.13333333333333,1.35217692973442,1.49491176628854
1.1,1.43843253065283,1.6225352473357
1.6,1.43593212283639,2.19627461445537
2.23333333333333,1.58322323265923,1.71482012409131
1.16666666666667,1.09945754558918,1.14619018420393
0.766666666666667,1.39688448031138,1.32630259385095
0.6,1.29664215678105,1.02656201023659
0.933333333333333,1.21172349233736,1.2710412426121
2,3.56895987809138,2.47745097469049
5.7,3.95992903162188,5.16526819883603
1.95,3.37934348378234,2.94911694971997
2.65,4.29616127185012,4.20390487270878
3.2,3.5663881829932,6.70283033820698
3.75,3.27422597354645,3.60815373953355
3.35,3.29257482633337,3.47391203225772
2.95,2.49731467523488,2.28163868033319
5.5,2.59947648805484,2.77522985764053
1.75,2.59828808028816,2.5788620775211
2.9,3.35884485072946,3.43481783479086
3.8,4.51808055521733,4.58317960665293
5.45,3.61626070491256,3.83199579855986
2.25,3.27880899248189,2.31653802018438
1.6,2.2343603390896,1.79084231891501
2,2.32771778225753,2.35583267823434
3.35,2.04621353859938,2.33512327194277
1.25,2.59848799107841,2.35349639994222
2.4,1.80418349002387,2.19656471546309
1.75,1.89637667164621,2.24636207539302
1.35,1.57427009002146,1.747707473972
2.75,1.69652802253427,2.16658142804883
2.5,2.09201602364856,2.2263222418181
7.95,4.38698140744555,5.38874423845023
4.55,1.96491668666418,2.02310589052164
6.15,3.78749447745283,4.20192029236219
7.55,3.11235444256547,2.85257206832293
17.9,4.83823687064507,5.24433663446739
9.05,6.40190243761533,6.51856859136383
1.15,3.01475592484236,1.27020057862169
0.7,1.8872373023745,0.775495451819741
2.55,2.49036041192204,1.75261554216641
1.4,2.72405602540576,2.03299732112253
0.95,2.822281768934,2.05319044998304
3.65,3.66815608008561,3.57866984732205
1.9,2.26078112291462,2.0578666431573
1.95,3.84129702630954,2.91642618513457
2.45,3.63556566949848,3.25371101346835
5.85,2.6956995616194,2.51022860458813
3.4,1.34124842567648,1.36966984380355
1.1,1.50063781835048,2.00279714025493
1.4,2.33661375859949,2.20545851141896
0.85,1.62800622357802,1.84121728017936
1,1.62763674400936,1.30948759713735
3.6,4.79920469298541,2.55989423565814
2.55,4.78649872558164,3.82281398979382
1.25,2.77003526729994,2.69796591307606
2.7,2.34846145941207,2.39849165586568
1.4,1.91076740171877,2.03104205410722
8.35,3.54625270237979,4.0356377254785
2.8,1.73058802311527,1.45023384607937
1.6,1.23508898100778,1.39192789297069
2.05,1.461832017303,1.57673355432807
2.25,1.58649331067181,2.14536100580694
3.55,2.19156093383907,1.90642315254043
2.15,2.18971121326043,1.58214274210697
3.3,1.93330938570864,2.28276993134687
1.5,1.65159445925991,1.7017889923861
18.75,3.09966710748671,3.35011941989293
1.45,1.75266694236703,1.8458404610816
1.6,1.74278997743962,1.4378600548865
3.8,3.47110127604511,4.65623948791104
4,3.11719912173347,3.40843098948084
1.8,2.06647940581952,2.75746624005103
6.65,3.70976235185617,4.06052785790406
3.8,3.27586395313364,5.19134859721642
0.9,1.58545442730249,1.62146290507318
1.7,3.11779593163089,2.69900401211771
2.65,2.90159104558765,3.12769745203034
2.5,2.35888748514746,2.84602808173786
2.45,2.57323122325631,2.15287638527728
1.2,1.92049735954606,1.7251607587789
2.15,2.46082623693291,2.92062529428791
1.25,2.28288380344886,1.82522031930558
0.95,1.59663993785652,1.27838307808327
1.25,2.19250086483837,2.18545051239688
2.9,2.92526247417699,2.47851468015026
3.6,2.06098508054087,2.23941803507601
2.7,3.59364695359298,3.72214708546
4.15,3.58862612084035,5.21288249109799
2.4,2.11905728555918,2.50593808341827
1.75,1.71192222938974,1.633890988997
5.5,2.63435630458702,3.14808934363553
1.3,2.11822903531432,2.06000390792251
1.35,1.8047154904496,1.69264684317295
1.4,1.44880723130945,1.60335116948317
2.9,2.27029757016537,2.43434370126095
2.5,2.75649293481493,2.25115976669794
2.35,1.98250624818578,1.77285386276222
1.55,1.9718249844359,1.84811101539446
0.9,0.963992574872264,1.05672263113192
1.3,1.7465339478874,1.79414680649019
3.9,4.82165573668155,3.80239600069425
1,1.60388240394459,1.33780003244165
7.9,2.66192698370643,2.84662845832218
2.05,2.31876256861471,2.67143960134568
1.6,2.9608548425519,2.37351530156896
2.05,2.10255176784185,3.34442956478203
1.85,2.10696893942067,2.31468133129359
1,2.5411640668729,2.05837951467265
1.25,1.87998366638135,2.08487842520512
1.3,1.76288352926541,2.05893695205696
1.65,1.90195894996575,1.96705618336636
1.65,1.82852053300748,1.70227573946984
1.45,1.74991784598023,1.9352475216525
4.9,4.83254680070667,3.34788198351281
1.2,1.56263299923646,1.81758818441091
1.8,1.91305220100107,2.11380763500025
1.3,1.44210451894756,1.64767982573223
1.85,2.25551012718822,2.40987799274155
4.9,3.14427003804502,3.83770361006702
7.55,12.4867748330692,5.42693796738311
1.6,3.16614227344421,1.99957946219217
1.4,1.89758832774131,1.91216816305175
1.55,4.18454285222948,2.26738296925759
2.7,2.18065717696635,2.73479270923676
2.85,3.04148105475726,2.07024331717126
2.8,1.84369489163204,1.9286018546437
1.25,2.58461095546735,2.88680682726928
8.9,4.71148970358644,5.07676464102513
1.9,2.89466777562993,3.51945427339248
1.1,1.40017612407018,1.65195422779131
1.3,1.17050589212293,1.32814179407935
0.9,1.08916171406849,1.43418618061093
3.6,3.02039850578447,3.38772112125779
2.1,2.14608547224464,2.42412124121083
6.9,2.86014214882575,2.73353948754794
1.15,1.71619447626476,1.40311526165357
1.55,1.60843317277033,1.52611480380704
1.25,1.25604530363448,1.47370700080876
1.5,1.72659744425225,1.7620500976514
1.5,2.32277292639637,2.47590077855438
6.7,4.9932773471147,4.36475731210493
4.85,2.75022726643467,3.62275594181697
7,4.72616663110942,5.61032577009327
3.45,2.64111954211258,2.24056914370445
2.1,2.08696587993375,2.81793637692376
1.9,1.95688678553149,1.84742111469745
2.7,1.93915223413554,1.99690140717196
2.9,2.6413593967369,2.54710715912751
4.25,4.61112176323815,4.08539239499951
3.2,2.01651056606497,2.50108826605534
0.9,2.74117716657044,2.19255174940698
3.4,2.37109546951927,2.6950500958876
24.25,2.04570633137419,1.68600145335617
7.75,4.91852438185762,5.48570267720202
4.05,6.23026763250525,5.29992309399305
2.15,1.6302415055375,2.61646322555954
1.9,1.54392255923524,2.10232436103998
1.8,1.45365327373986,1.76381078263237
1.9,1.65353948661375,1.94287407749203
3.8,2.15991212486813,2.53980158338234
2.9,2.55668452064925,2.37368772387964
4.4,3.34552608653014,2.65751315741279
5.7,3.0753990338809,3.08200692967245
2.35,2.63343942957657,2.72865445035592
5.95,3.53651296579171,2.43912264582635
3.45,2.5452620397098,2.83093526488222
4.65,3.53531423722248,2.84734235682269
7.9,4.48069321588443,3.44535478334299
3.05,1.76649599781665,2.26616326285223
5.05,2.5116180824668,2.64920309918325
3.15,1.96358104727783,2.43420142372742
2.45,2.00294943873451,2.31891998641207
2.7,1.88409974407991,2.42788048880145
2.3,1.88424919133081,1.94764197753169
1.55,2.51377969570604,2.78827431628559
3.75,2.86371156922678,3.55087260902879
2.9,1.90097422251028,1.72733051193091
3.2,2.51764276691909,2.59797749897184
5.15,2.59360141509772,2.18166501552437
2.3,2.61375944764043,2.99125565796464
4.2,2.21422695284311,2.18996621886336
3.25,2.98174778943344,2.60411253210642
4.85,3.53684209654997,3.14264152550019
4.15,3.7591341735728,3.73339029240969
7.9,4.53738717565957,4.84278740143537
2.75,1.61304603192247,1.62060374811596
14.45,3.62914693177002,4.10239506187232
6.15,3.33134516512337,4.81549141809166
4.1,4.07031153613545,2.85416236825588
3,2.37458890102719,2.50396188007737
4.2,3.89663306167004,4.44770036235622
6,3.45610180328383,3.90088486914878
5,4.54597480502807,3.66833268265805
2.65,2.22004236913635,2.40217566233782
2.75,2.8266254325661,3.0047310325303
2.5,3.37924859613428,3.12668886364909
5.95,3.96389456508594,4.94710328484975
2,2.1966500859052,2.60899366868703
4.55,2.80810071514259,3.29625840579973
15.2,3.85015181621558,6.00278683416238
4.35,3.62330240621442,3.40572439089565
8,2.89928400465034,3.05430175322015
5.8,2.54745563504626,2.66218832883158
10.15,3.23097082179214,3.24483167343716
10.1,5.20441585682283,5.51794949197194
6.05,3.53666225101201,3.94724414227503
9.65,3.23470404692637,5.54636722444406
9.1,3.0622673285827,4.77204479257194
11.3,3.44442208310524,4.85222014268011
2,2.07985295078921,2.06818482067721
5.2,3.14633913986452,3.69281708888152
4.7,2.56325190104785,2.48876181300403
3.55,1.76839342796693,2.19044938597963
4.85,2.63789564427555,3.0866405880775
5.4,3.1674891629855,4.01848344568294
4.25,2.4676479653418,2.21111726226069
3.2,2.01579761051132,2.49759241780454
7.65,3.31712682891814,3.69235130910435
2.2,3.93175854625235,3.64366507404003
1.95,1.53555757323417,1.76065963794435
3.25,2.91778278263699,3.62322401667076
12.1,3.39222492817936,4.5717627406619
2.55,1.66011272753208,1.91424213542349
1.85,3.07319150118549,3.0381228966714
3.8,3.13869234628139,3.00927143999781
5.2,4.57384371136877,4.73849699723453
9.5,3.4037731576179,3.47578437998679
2.05,2.30962827860057,1.66588726462304
2.9,4.38641817958549,3.40793061338797
1.35,1.39336542080514,1.25806604302098
7.25,4.0168332564002,5.35264965316582
0.8,1.01579526023944,0.911395625351985
2.3,2.70183396911366,2.10565482413533
0.85,1.03027632160601,1.15948337060662
1.35,1.23747308616364,1.23049954644418
3.35,3.33313545206851,2.97937539799165
4.05,3.04245663164812,2.76236341036713
2.85,2.99387994216786,3.05524091374147
7.55,2.7577284991729,2.60899823458184
9.35,4.17381050767099,5.557145054493
4.15,2.69387155679194,3.61441021558348
1.65,1.25307767170645,1.28565667125812
5.1,1.74212780913136,2.20468279251303
2.3,2.04196957376702,1.99212122368808
8.3,2.85789585845642,4.69439824036035
10.2,2.55204421157341,3.70966348118322
5.8,2.58487821966673,1.79155813567276
6.6,2.45762936772809,2.95005379177393
7.15,2.19522245354803,4.16780302969102
4.85,2.14927839774797,2.54305246854791
4.3,2.70776225284828,2.5826692574402
5.8,4.48590931508485,4.76541621254822
5.75,1.65593544818969,2.01612435648057
0.7,1.40618582280484,1.11547102048746
0.65,2.46250552897086,0.825291111153144
6.85,4.135754028195,5.66698573137087
0.5,1.17668684559931,0.674126784656605
1.65,2.35796923248673,1.45603662274846
0.9,3.4220623701474,1.40210598793261
0.95,2.09152772791962,0.585739856313641
0.10005,0.804178620337716,0.53924732686741
0.9,2.52343893176006,0.902603093438036
0.65,2.72374052198843,0.985738110652643
0.6,2.14744490181411,0.69584620691821
1.15,2.3762613275395,0.998655457309867
0.45,1.98211792884324,0.687762041367451
0.6,1.34889884245477,1.0619602812717
1.35,1.10069249261368,1.06993296637653
1.6,1.81147168461002,1.54461259074743
0.8,1.27641021916724,1.48070893630908
1.75,1.56279682282231,1.38745991107358
0.75,1.72556825304897,1.36451890565724
1.1,1.59171963066918,1.44956922604248
1.2,1.35659570307112,1.12542450576395
2.1,2.02594030631778,2.02607520554816
1.15,1.72539402734014,1.81799972715916
1.3,1.89283527074648,1.94328218939094
3.7,4.16598246218599,3.77892050197491
0.8,1.80226529459514,1.91760046622131
1.9,1.77413098405915,2.02578213137707
2.45,1.52448490967375,1.4981313317184
1.5,2.0390104825398,1.39593554060485
1.75,2.5634243861432,1.69890448488
2.55,1.82285175667955,1.55381985308172
2.6,2.00979677945216,1.57703981899355
3.15,1.98992564313242,2.53489534254904
0.9,0.976412493232565,1.1823668576256
2.15,1.5619789900991,1.34073066352154
1.6,1.98347487517107,2.01108943260499
2,2.05033835707892,1.24342181783269
1.5,1.63355971534731,1.22748067890391
1.1,1.91418154960478,1.58989762915778
0.55,1.12826669833225,1.08315369997402
1.65,2.32092994872532,2.29492221134968
0.7,1.23631015245906,0.997668898479756
3.1,1.87739855111382,2.01565130748581
1.35,2.79926287675461,1.81474737981952
3.3,2.71621069725917,2.80540813934779
1.2,1.17173116934238,1.24539752626725
0.95,0.863605469415098,0.839672629849003
1.3,1.49062590865945,1.3031351355475
0.95,1.09790828967716,0.923952493724866
1.15,1.23182998960653,1.13993739159164
2.75,1.96524144466981,2.17801543571129
4.6,2.53291851711489,2.88020245081727
0.95,1.22449826087207,1.03704993079821
1.85,1.37846837066469,1.59972317430896
2.55,1.9391524452223,2.08672071807651
1.9,2.24444464501547,2.12569028607339
1.35,2.26359504342967,1.44329748230619
3.05,1.99151033469801,1.62288919692534
1.25,2.68688423072265,2.07576136342358
2.05,2.05290402548971,2.33519823897125
0.85,1.45849559904881,1.22164632703461
2.35,2.10943193464679,2.8829618639867
3.2,3.34008237311222,3.4074865137259
0.9,1.19658472145148,1.39364150575271
0.95,1.20836855334734,1.16849003944064
3.35,0.899430767678365,1.25731325005109
1.25,1.38570914755591,1.48864083416701
2.35,2.50050863834036,2.09587255024859
3.75,3.52313848389613,3.01813823459981
2.2,2.31149001196351,2.14643696795126
2.75,3.34155848926268,3.28544135021531
3.25,4.58331936932309,3.55871584699603
0.9,1.01413768821605,0.974527265895484
2.55,1.8046003506041,1.79285912259703
1,1.58151865744524,1.37324647549856
1.25,1.39888260008788,1.20216811883905
1,1.32341400575208,1.11689231267066
3.35,2.26082556115619,2.66021103262246
7.55,4.45027996292738,3.76553215415727
4.2,2.27991062548081,3.3853773910514
9.15,4.22849632545327,4.12148541545127
2.5,1.62302669845092,1.0986569667904
2.05,2.02485853596757,1.76798936279959
2.15,2.11755768535324,1.91870990069901
5.15,2.44221053704535,2.28279759046564
12.05,2.19187580410613,3.12900240987835
1.9,3.68814063475875,3.12534857543975
2.75,3.07568033876057,2.94417260003474
1.85,2.78183110055386,2.8746477033768
2.15,2.4599985948241,2.66612410338785
2.3,1.33512436851855,1.28622130754651
1.3,2.22191340830413,1.5377317794741
3.3,3.10189199276754,3.97494727983504
1.5,1.9611184784183,1.95888507847613
1.7,1.7409425218187,1.6951773999797
1.9,3.09773513643989,2.82400738662394
2.35,2.01882300472966,1.8436710099338
1.15,1.33567577561973,1.17684099551767
2.45,1.61173149994613,1.79228825159583
2.55,1.7151086453896,2.14204184151501
2.7,2.04664986672549,2.14755661946378
1.3,1.27993431093749,1.3855332714978
1.1,2.20226828838452,1.34492361811102
1.25,1.36902293387307,1.22721840593146
3.25,1.93404452612078,1.77550624802928
2.6,1.73579606642705,2.05142851130537
2.6,3.24076459606727,2.68911854498567
2.7,3.48608914115939,2.91351007712799
1.6,1.03330804000144,1.07129921813868
1.15,1.5507714487578,1.47164296493665
1.6,2.35420044085261,2.05759317299889
1.25,1.57646698609521,1.26346909509872
2.5,2.28058936657881,2.10029290063621
1.2,1.44383922529413,1.16653395892859
3.2,2.1693471460784,2.91770565889091
3,2.41074426753471,2.70733471355211
0.8,1.30453032283763,1.03229308257151
1.25,1.83777634756022,1.75154991508984
3.55,2.23966599534539,2.19595226666146
0.55,0.757232740542739,0.695103995525382
1.9,2.07453235724501,2.0868142389389
1.7,1.3427473484808,1.35076515186051
1.1,1.26548414419436,1.37871507628466
1.95,1.60296076998648,1.65211397871542
3.1,1.94799294095363,2.98191081620119
3.2,1.82938967949666,1.48491955792722
1.65,1.56773586173777,1.92729233655431
0.6,0.855634825149427,0.917260109182551
2.15,2.09971160390113,2.84865575586123
0.55,0.865970913757829,0.826802729880879
2,2.00471955027792,1.91323094661217
0.7,1.01711003830938,1.30041403765573
1.25,1.33521597431572,1.27895310955781
1.1,1.31352958258603,1.42703298815856
1.45,1.58939998182797,1.50565457529725
1.25,1.3281329735413,1.18597145163897
2.45,2.06612773433779,2.02543434074711
0.5,0.675214618688347,0.630237546216568
2.1,1.55233916855151,1.8222028158094
2.4,1.6488531632774,1.55659515818321
1.65,1.09416684181544,1.39351916257201
3,2.29435213556361,2.62863842254479
1.1,1.46123887950212,1.10391752060493
1.75,1.69237923534443,1.66078210654387
1.55,2.58997725843728,2.77945737460364
1.6,1.61390939411571,2.05312041072221
4.2,2.32819278201348,2.28637154158336
3.5,1.96575926223155,2.20188010894002
0.9,1.23219856061734,0.987222163099673
1,1.63716686371046,1.37217913572468
7.25,2.51422395219109,2.7061420946768
0.85,1.12628386023714,1.1440197696634
1.25,1.71537249568463,1.84555045340844
2.5,1.80503468460431,1.81048461598006
2.65,1.4257520411188,1.56531951083288
5.95,2.05855588393411,2.0189002749919
0.8,1.69743631584774,1.24991330441416
1.9,1.63964843847118,1.45252615468631
4.2,2.48478501066276,2.75878756041536
3.5,2.22497237644823,1.68727245496306
1.1,1.64824064184424,1.4182175128039
2.7,1.44128562744677,1.2935973169119
2.5,1.64693678291236,1.53432455840025
1.5,1.79632421744496,1.57924222728943
1.2,1.25879237699454,1.09020627087009
2.05,2.1712389889707,1.75679620755416
1.45,1.76246984863722,1.26757012732862
5,2.87965847144254,3.57072277353181
1.35,1.42419792792587,1.41027800393089
2.05,1.52401326863235,1.35945160518338
2.05,1.34748464044724,1.67029943942227
1.85,1.1797410293421,1.08789548407056
3.55,2.10393188231153,1.84056963117358
3.7,2.03271451571046,2.5120806959524
1.75,2.20690260225602,2.18215276715198
1.1,1.33192158132891,1.09451767642235
4.15,2.07178389202983,2.80587925920364
5.15,2.3410188173552,3.74349513791308
2.75,2.09062279733614,3.26918072996102
3.65,3.38970181400449,3.75566242113833
4.05,1.16921370080769,1.0131529843431
1.4,1.46084403823535,1.28623335811777
2.2,1.8355181003566,1.18187659917565
2.8,2.1719214447447,2.8410079371994
3.45,2.02029053836224,2.21461746982145
1.95,1.28424668188719,1.00547340762794
1.55,1.72620054449539,1.76140648493704
2.2,1.98823419915177,1.39494566357315
3.1,2.30431605024091,1.62533830188298
3.6,2.84573489676803,2.72492822085651
4.2,2.13154832099158,1.90058526641311
3.45,2.50036739114851,2.36347297620658
1.25,1.49351159853347,1.26520294844071
1.05,1.26022024977087,0.972292116928367
0.7,0.822742915230893,0.970136485792033
1.85,1.48106678792033,1.36427341549225
3.15,2.14437263316343,2.3766355108201
1.75,2.01444289397681,1.88868889811564
0.75,1.25695699902484,1.24254585791241
2,1.99225831462567,2.34031240128018
0.75,1.16367495473569,1.16253473138325
1.7,1.67524495563546,1.46494366015782
2.75,2.82018928220717,2.37620406365855
0.75,1.0809683690977,0.772379544807263
3,1.74485551246513,1.67617835058824
2.4,1.4382783999576,1.41733323814816
2.1,1.46328031923706,1.5478403437219
2.2,1.60925108340693,1.42958893995816
5.25,2.12219924523097,2.27911281368884
7.45,2.95594648548091,3.05118186806147
7,2.49623963114392,2.46323650578715
5.7,2.1479747559676,2.26552255140098
1.15,1.61050747076209,1.71487206684249
1.3,1.27159469908415,1.01196118726544
1.8,2.11166793361718,2.04349022969224
0.95,1.41233627415963,1.24971235323641
0.5,1.05362894785099,0.762450594518164
0.8,1.98366823563209,1.63593489330878
2.3,2.09337862492024,1.79463164738632
1.15,1.20393425459764,1.03171255755096
4.3,2.04826438381705,2.08307500538811
1.45,1.80588385623315,1.63182589689772
3.15,1.75724576320958,1.75316693311041
1.6,1.6273651024663,1.69430739872579
1.55,1.90466469114353,1.95619701722461
1.65,2.06521846179708,1.71562778690785
1.7,1.56507238381421,1.35249165902511
2.35,1.80079467762012,1.71154946270767
2.15,1.88981438252828,2.11556706772757
1.6,2.07047090209786,1.66490692422414
3.25,1.69856642994602,2.11022419891782
0.65,1.0603092673919,0.808939354127144
1.4,1.93401867292334,2.52501699122144
2.85,2.04848676847257,2.80565744171191
1.85,2.08466166560208,1.41958513207461
1.7,2.71938929096771,2.36079981108332
1.25,1.42623398947839,1.34743721901336
1.45,0.97404379230029,0.909123290848676
0.7,0.998508660275856,1.20910048889195
0.4,2.2085871567742,1.68622761513114
2,2.07785773925785,1.93901601586447
0.75,1.84301612129101,1.10794255404961
1.5,1.52522608548395,1.31757163012109
2.65,2.46529311145657,2.93315857755319
1.5,1.49315669942371,1.17880017750443
3.3,1.88170147898708,1.88937249888127
2.25,2.2085158234839,2.48253185984147
1.05,1.52379421172582,1.46546995532655
1.65,1.51869021128064,1.55900863054079
1.85,1.65896931646619,1.53691958639351
1.3,1.45234701013608,1.52931397118059
1.4,1.32057438736125,1.17945348736509
1.55,1.94716250803335,1.6510849758042
2.05,2.14102222000736,1.85421749620283
2.05,1.79750992846245,1.99939268682329
1.45,1.50958912958246,1.48826232331196
3.3,2.07823775289475,1.9082671207912
1.1,1.07456010829021,1.05947711074148
5.55,2.34762457174994,2.23793348182426
1.8,1.61090351681168,1.77944104432163
1.55,1.70042402000009,1.69968913060151
1.5,1.46513484702668,1.41660759793674
1.8,1.49557491882733,1.66331271621816
1.1,1.18594135690081,1.18367743789999
1.2,1.53516814881285,1.26101762599846
1.3,1.24110078524808,1.11791266469285
1.75,1.62916087462048,1.83099094370012
4,3.17047908057925,2.60816772120208
2.7,2.53816110962295,2.45404212285837
5.3,2.04135916962275,2.11903937700872
4.9,2.22020714874742,1.90437959499582
1.9,2.32714885046411,1.74872656520347
2.35,1.36753325296896,1.56210244426718
1.35,1.48949548521035,1.27430246559682
2.35,3.09921123914635,2.62515314597252
1.95,1.62422279007617,1.49912732265329
0.6,1.53640686843094,1.38233113371039
2.25,2.58242461017885,2.00038469904087
1,1.33599537227538,1.25181167115012
1.55,2.05716824261108,1.66708234592533
1.85,2.04927358461738,2.12148672959312
2.05,3.20728551955024,2.37490143676727
2.45,3.38901269629085,2.99268571859163
2.5,2.72289792137885,2.83417694285435
2.55,2.47046267239012,1.48269695805095
1.55,1.49667131299189,1.10258762317254
3.55,2.14435572647949,2.65753754011811
1.9,3.17572308866172,2.14223572776246
0.7,0.920172527968024,1.02253379117565
1.75,1.89817302028692,2.10360862441537
1.3,1.63134985810368,1.54932247954498
1.2,1.67864756644629,1.09936207640246
1.5,1.25628802447067,1.06253755646298
1.5,2.76409532926952,1.95124441188804
3.7,2.19245161148538,2.54377329636187
1.25,1.59642107475994,1.73684563957258
2.2,2.05768165514575,1.46545425568831
2.9,2.12977758932983,2.4933477297804
0.6,0.99474491995765,0.976529077991983
0.6,1.32792076443541,1.03087951491528
3.85,2.51894236928107,2.15300744530384
1.8,2.37439500066597,1.71863377946686
3.35,2.11793736399266,1.66756021514709
1.35,1.68441871155907,1.29916613825088
1.05,2.25414429680025,1.495645194914
3.9,2.31407998310472,2.6103496635116
3.75,2.9581392555877,3.08368028024521
0.7,1.55810583650666,1.09852158335795
1.35,1.33240893551531,1.14462685117327
1.4,1.48768440781583,1.228760703145
2.2,2.13445680269497,2.38106897715755
1.75,1.39008745752822,1.3076859801568
1.35,1.76012373533495,1.84087498645225
1.5,1.45507882938818,1.0683816439124
4.25,2.53615233569118,2.39736005295289
2.55,2.44737581002951,2.31788656954159
0.45,0.57998440562141,0.652517642373241
1.1,2.01015957845593,2.15951844453197
1.25,2.44637552235621,1.38586889082911
1.5,2.50307450025364,1.75517076299245
1.55,2.28433680602302,1.93351630323798
0.95,1.89123554742539,1.511362339882
1.1,2.66211487329926,1.63694379865383
1.35,1.40466712335009,1.12889407005663
1.3,2.49911666154697,1.75443242967027
1.45,1.24968352875281,1.00402875723578
1.6,1.60637155766181,1.55771037337652
1.35,1.85189315333988,1.52717036238243
1.15,2.03840538738158,1.49200295055517
2.8,3.21021246891407,3.16727543967644
4.45,4.46275593344506,4.16941548456766
1.5,1.83984404650022,1.48802990511705
2.55,2.62069340436268,2.15058745174357
2.95,3.07444198013601,2.15679898570668
5.2,6.21355197543956,5.68842932931893
1.95,2.54974182046086,2.60634447510372
14.25,4.58228007924783,5.57661445819499
3.85,2.97402082122801,3.41460740827459
3.35,2.92042304953977,3.20655328588702
1.05,1.25394726409635,1.19155966881683
2.05,1.75307388547799,1.60790812954147
0.85,1.02267009947092,0.943739990773125
1.25,1.7133579557897,1.72347153118983
1.1,1.48808816048525,1.08109760366582
1.5,1.64848461583956,1.68602550425762
2.9,2.19255473942301,2.28290656169662
0.9,1.15991346362795,1.08590307806555
1.5,1.62041087271183,1.69651435650161
2.3,1.7622963282986,2.04703173270605
2.9,2.2837130898053,1.95233832038838
1.25,1.4358206420198,1.75081583979818
0.95,1.65710791610495,1.74744822115141
1.05,1.56058381113628,1.45568022485157
0.8,0.998278459643512,0.839778540267188
1.25,2.31395460773385,1.77922965566727
1.25,1.2267272094302,1.14200940430511
1.05,1.34355925024196,1.162713272232
0.8,0.974674040433894,1.00094574564631
1.25,1.32693494471509,1.1957718816794
3.85,1.95315517196376,1.44842202754457
0.7,1.1516818257087,0.946455769410547
2.15,2.12796040886338,2.38789281589827
2.1,1.81905911450741,2.0197547469065
1.8,2.61434758570231,1.98654978064174
1.15,1.90620295794941,1.75203913120305
1.75,1.98691342393481,1.80086464075536
2.75,1.87264330688646,1.9677734169478
1.8,1.70325615856314,1.51001420160305
1.3,1.31866464639371,1.12960099339723
1.3,1.30931082226018,1.48861514526147
2,2.21741615110985,2.33605724777193
1.1,1.39336251220657,1.25183010295875
1.4,1.52362377439416,1.51915183703195
1.8,2.06299349723645,1.63425030504671
1.45,2.02643712185281,1.53838309888595
1.65,1.77585113270003,2.18699397484231
2.1,2.33565557456615,2.56980794441911
2.5,1.77379991832219,2.14995835530972
1.75,1.56791230830659,1.56053619052566
2.1,1.70403760884306,1.83306227047505
0.8,1.07905788500042,1.0479602830252
1.2,1.27798539076656,1.42701972584684
1.25,1.61653588958043,1.66166053892601
5.55,2.51430888534477,2.55111515406665
1.7,2.31771283644543,1.95068767983013
1.25,2.52948620997259,1.94601311819358
3.2,2.18588232873718,2.11715308531207
2.85,2.46262694934675,2.7522655328847
1.35,1.29315984901932,1.28418125142563
4.95,3.37192500892372,3.9600689211854
2.25,1.72249309740935,2.07875017341009
1.3,1.8982967539899,1.77431444237045
0.4,1.09615821067259,0.721152247478276
1.45,2.20462929833498,1.71782115012201
1.45,2.10729547235066,1.53684250666023
1.15,1.50654002753399,1.49718668507665
1.45,1.60970480319704,1.40857515073585
3.3,2.57905502778656,3.26600618072614
2.4,2.31093785969561,1.94758696034904
0.85,1.4418303121221,1.31817639299608
3.1,2.30285941769202,2.9392181832675
1.5,1.67028219899492,2.00481476149394
5.5,1.85904342645936,2.67426283874809
1.55,2.10574856245917,1.94693520385782
0.75,1.73483254276438,1.45190715974952
1.35,1.3739617059025,1.35077463840315
0.75,1.70438044714235,1.35533443157035
1.1,0.635331306356434,1.42217239384276
2.3,3.34157996491133,2.71323003340152
4.95,2.16235040535451,2.64729036878019
1.1,1.50855043887873,1.00857517326764
1.4,1.97823655823249,1.42783484387613
0.65,0.980897585521001,0.910679491205884
0.7,1.22878073009263,1.11629445130179
0.7,1.16033517550231,1.32639519245807
0.85,1.00851499273289,0.952117924981411
1.3,1.85413693167221,1.39290365045995
0.9,0.983140156891376,0.980453951367264
2.05,1.91346775897947,1.8944370464277
0.8,1.16636051207019,1.04846789280329
2.1,2.20138811732146,2.13221714914675
0.85,1.17128114825195,1.52877807756394
4,1.91829519781977,2.28595269063538
0.55,1.8818987436975,1.46815849956965
0.5,3.00671271231631,1.68649861753442
2.35,2.08226461506024,1.73812992562441
1.75,2.23024472507474,1.64383787545203
1.25,1.59947837718629,1.65647769686027
1.4,2.2801952024958,1.50793387180686
0.85,0.949340409862232,0.781826774106608
5.05,2.89734671201328,3.57332089625989
1.1,2.74012319344862,1.42858723760784
1.4,1.31949112784655,1.24470776322594
1.85,2.87386599199362,2.42610919381394
1.95,3.02749932999772,2.16580809646511
1.4,2.10389281242862,2.11179762746891
3.25,2.58313160393389,2.79107863614299
0.45,1.03016988224829,0.959027201292221
1.7,1.89901242387733,2.01988022907653
3.2,2.67667409083736,3.164167152048
5.7,2.58190839285382,2.82564933227143
1.7,1.56793822938605,1.42819677821529
3.35,3.38942896641871,3.4341167004441
2,1.39964025184318,1.20839533908374
4.45,2.82743661486242,2.36066662728735
2.25,2.69613934443417,2.23467545191755
5.3,2.47835132771013,2.44574782704214
2.75,3.73358218923113,1.92541050906958
0.30005,1.21219714190915,0.931624071230246
5.05,2.73478289053726,3.20095732524077
3.7,2.48520508600137,2.85084420515846
2.1,1.4291023619136,1.49994399728513
0.85,1.82303981303808,0.886145862166212
1.2,1.41543162857797,1.22403794752623
3.25,1.89672901515278,2.17281018069569
6.3,3.98610301203407,4.57221153473882
4.95,6.5936981971731,5.01219886662334
3.25,1.62792085655458,1.76760533966086
2.1,2.14442036734247,1.34651048326186
1.25,1.43954163140973,1.43525596993527
1.25,2.24524568252962,2.53245726075607
1.05,1.22143247392016,1.18731775388408
1.3,1.24501000145961,1.07799855227568
0.95,1.41539260609729,1.04646056073456
0.85,1.24733037099647,1.12336785485794
2.25,1.63809368995716,1.33447198719217
7.65,2.74411839567745,2.29225609929609
0.95,2.03964659043766,1.43923301496658
1.25,2.36433753864293,1.35647670709638
1.35,0.89619223295044,0.954335714499452
1.7,1.31741052194023,1.21889011852119
2.55,1.58285660058541,1.65846288854223
0.8,1.36988460739898,0.981226832098518
2.15,1.83647844018383,1.58965794138069
0.5,1.24052116196496,1.07057526850213
1.05,1.11968783139546,0.996951915024095
2.15,1.31895605715647,1.27634593890217
1.45,0.964437546768906,1.12442516039014
1.8,1.70725886861885,1.42822074991957
2.8,3.33512014833363,2.21491942248571
1.85,2.70184045660891,2.16421276758888
1.3,1.60347221201616,1.60669144179533
1.65,1.53613383584158,1.57120657355788
2.75,2.8671781274128,2.40250377667891
0.5,0.849196427426761,0.836074477637761
0.85,1.01588773965331,0.917005362969865
2.2,1.23474816901315,1.33595008616834
0.65,1.00243306438478,0.939609395582043
3.85,3.11955770018551,3.22185984604876
1.5,1.98182520153278,1.43680707255802
1.8,1.73173027626548,1.53808629503537
3.9,2.65227826426155,3.1344121085826
2.85,1.48852824525657,1.52669271702401
1.6,1.67079903726677,2.18760770376813
1.25,1.96082786923246,1.9861271146094
3.7,2.53933017617531,2.27615578927568
3.65,3.92330768045162,2.78940860961134
1.1,2.70910404216998,2.13966636826873
3.95,1.99743672973066,2.43204663410249
2.95,4.49488395815873,4.06641823180007
3.3,3.55169626037141,3.80771932935701
1.35,2.33575591001614,2.07889591596966
1,1.70227266657037,1.3430143458744
1.45,1.52974426368455,1.40933132021083
2.5,3.5034363755495,2.70837607803862
1.6,2.63741313654432,1.62677345417776
1.15,1.50043264956165,1.41333404321572
3.55,3.12519733004602,2.30938691753361
6.4,3.61553575124899,3.66932183036521
2.1,2.86600263652419,2.11075234597982
1.85,2.2036414207808,1.83295746237278
0.7,1.23699652950274,0.916559254455462
2.55,1.87332221861026,2.02997859471966
1.2,1.13650626101449,1.01824103423212
3.25,1.82485301597209,1.94910689742795
2.3,2.24985195112274,2.34757435115233
1.3,1.77427238579602,1.39859263263625
1.4,1.48616370074606,1.3711539831095
0.8,1.50701369686807,1.176297652702
1.8,1.83066346704142,1.41681612700959
3.35,2.45997064805081,2.55841588209307
2.75,2.09344377059642,2.33991380346096
4.85,2.51110619111399,2.31856045221077
0.85,1.50093685106893,1.26141495866524
1.35,1.20892888115332,1.23332595295023
1.45,1.96007573582995,1.75804331268005
2.05,2.39576759811708,2.89516433914957
0.95,1.76154244834545,1.96862356831887
0.85,1.18812053267288,1.38295384740942
4.05,2.13303432248613,2.47053615042904
1.95,2.13206232967638,1.70348478836048
3.05,2.70646060747913,2.75507164426919
0.95,1.7959778216512,1.63561838267839
3.4,4.36635687378132,3.00036986543729
2,1.33170507528815,1.55090358415744
1.1,1.22923046944852,1.28949376902078
1,1.45800451745804,1.65205362139199
0.85,1.37552683078482,1.6058823241861
1.7,1.75473411271286,1.79117395269059
2.55,2.14697942676483,2.10482083630357
1.5,1.94326313453471,1.69753700632843
1,1.44621893613528,2.01838040893862
1.3,1.23083581193566,1.22468724426065
5.4,2.94114966444822,3.1060002039128
1.95,1.47308614848923,1.60753607380864
1.5,1.54469386768974,1.41520137862958
1.8,1.52996397439454,1.20693545813807
1.45,1.88304266449054,1.27812870998843
1.65,2.92497411007705,2.19021829889914
4,2.30817005975784,2.61715773387722
2.2,2.13702519763425,1.85030710487951
7.15,3.14028568360856,3.33822091251631
1.35,1.36657027278393,1.22221525797944
1.8,1.44228391473323,1.28755668630864
2.8,3.17395753663267,2.94643061032957
2.3,2.68608369972598,2.28938134578534
4.25,3.11343391817874,3.01406170603787
1.15,2.19735739316415,1.58378340473771
2.8,1.97941017446441,1.85321547814382
2.45,2.2838344987592,2.58635479947492
2.65,1.45888017459256,1.63332126518669
5.4,2.17960543965544,4.22880109158317
1.3,1.29665307413847,1.38888370772719
1.7,1.75287798424832,1.80417434419548
1.4,2.35114129698412,2.42065045114529
1.35,1.65412853252602,1.579501203786
0.95,1.23070396410179,1.19600041538952
1.6,1.9135328664155,2.46807663577966
1.6,1.59181310523818,2.26520604871698
1.3,1.3820187502448,1.39241128514865
0.10005,0.522716770406938,1.0699556731451
3.55,2.02309975488761,2.14117831299231
1,1.06472830842963,0.918066204295495
1.1,1.42625637889014,1.01980366648753
0.5,1.08390338523936,1.12205827207458
0.8,1.14856099218481,0.952779873255476
1.7,1.64339051001566,1.83003517194262
3,2.36130501531684,2.33619985954079
1.95,1.27025598924138,1.57942967011055
1.6,1.42540271660943,1.61421149403246
1.15,1.09994593319491,1.16191001781736
1.55,1.66175661340504,1.46408214183933
1.95,2.48220149979393,2.1179379182749
0.6,1.09381759442637,0.990582506565863
5.9,3.61339472151549,2.51762905427958
1.35,1.84945157215968,2.03552370733444
1,1.32241204033,1.33434203249513
1.15,1.25807365489486,1.42884097368655
1.9,1.56644515250771,2.0622175352526
3.95,2.59234871624032,3.15819567044179
2.35,2.5123551746303,2.83286018951913
1,1.8700558901167,2.07770078399621
1.5,1.63619379229861,1.58371978397328
2,1.58126707441368,1.46519588577183
1.3,1.57461017778442,1.67445721360597
1.55,1.89349489971735,2.18529950422477
2.25,2.61793449441276,2.72046444639563
2.95,2.05933937041242,1.9277074538402
2.1,2.05239661331522,1.96255689453772
1.2,1.96456567207338,2.08746828831012
1.2,1.58259610343505,1.60232484140698
1.35,2.38971039178716,2.84201580809111
1.4,1.12445080117811,1.13512397824008
1.65,1.20306471591991,1.6547205347124
1.35,1.91925220901761,2.44169881911436
1.3,1.8223992666174,1.59848269362437
1.25,1.72377852469484,1.91291526132239
2.15,1.86800877697731,2.18561586362869
1.45,1.77574756066078,1.70536074482952
1.25,1.36927819458035,1.64743410809063
1.4,1.89705569263271,1.76093986896257
2.35,1.32192986918169,1.56450563979952
1.1,1.46171503534968,1.80115230098773
1.2,1.55922917847721,2.19188232797005
1.45,1.36185921086575,1.56873266709923
2,1.98249374930608,2.42026626825076
3.65,6.32194864196736,4.37431228244507
3.1,2.59330469327518,4.50326956127183
2.95,1.42859647095641,1.66692450706166
5.15,3.73537721059951,4.71075873607931
7.1,2.79217275098216,3.4108692118673
6.7,3.53433998239234,5.26649724185331
9.65,2.50824579535563,4.89034597080031
4.55,3.42156473710313,2.86363495951997
3.5,3.27358950747112,3.06707534226001
3.75,2.59597472620408,3.50517821332044
7.2,3.51512447293871,4.96970434215739
3.85,3.02177566244344,4.7731757164108
3.6,3.92527445986764,4.74753826669767
4.4,4.70517725931024,4.93007092805659
4.3,2.52011829793621,2.15729054249993
6.15,3.09768348963333,3.62229942040936
4.05,3.7193256937547,4.42990030611715
7,2.73365676904608,3.3560375813592
3.6,3.12804422244337,4.42723244474972
4.65,3.36925679514242,4.08717754513341
1.75,2.90009675972775,1.83114532892675
2.4,2.14921646331359,2.75659080847834
2.05,2.35535582319121,2.47126848356707
3.5,2.327016302277,2.45477063034781
1.45,2.51589916242056,2.61957895351988
1.9,2.74570508957475,2.5711115838993
1,1.34622736141506,1.46704273140168
2.2,2.65713809407557,2.52298510898542
2.55,2.38776977968003,1.81197330362026
1.25,1.19384222638858,1.49865867676569
2.05,1.89788461021201,2.28884124019667
1.75,2.0500811743662,2.09755454358358
2.75,2.13220308260801,2.33800555572227
1.3,2.08997531638561,1.43338719849118
1.5,2.20449934047522,2.26925618025612
1,1.68059823024811,1.59297680512002
1.05,1.25259849828012,1.07681446285466
3.8,1.7513399537923,2.30164636363431
1.45,1.9407659018489,1.90173680127532
1.35,1.45894638805485,1.57655437191653
3.45,1.87048818850106,2.2703568085243
3.45,3.48923871696797,4.44447446447762
2.25,1.61698268621296,1.77351454842069
1.9,1.70359648629203,1.73204320471203
1.6,2.13700463822727,1.91555029065793
1.75,2.0227045935957,2.44790398605867
1.35,1.6986393042065,1.72555308297966
1.5,1.9881742837019,1.78871639039333
2.55,2.46539085865053,2.54847089318079
2.4,2.63171357291049,2.80887960284616
3.2,2.62216134173849,2.06541823773679
1.85,1.99277518521668,1.8507578781879
1.9,2.10918004962305,2.12066668985034
3.8,2.54048178216319,2.35773617488844
0.9,1.29410865586161,1.08366471896219
1.55,2.38839509174203,2.05470985349989
1.2,1.86139876483253,1.67048131363805
2,2.28232100188302,2.58724104565263
1.65,1.63645578439474,2.22351572360528
3.55,2.83897848696885,2.97061291750679
2.2,1.55034349844591,1.59007764580873
2.9,4.40927505830097,4.31183490543737
2.25,2.394973556906,3.39642182165188
1.65,1.68010563551489,1.63498418684329
2.35,1.86022909515031,1.56110284056867
1.6,1.91336287935069,2.35943515219256
2.5,3.32823300480793,2.95388815278942
1.85,2.74385796511237,2.42059971257646
1.3,1.49418441047191,1.55500071678416
1.3,1.91275010059484,1.89571568623878
1.65,2.17115495295446,2.1505129174198
2.05,2.36310988908187,2.00802413274182
1.75,1.62315076743534,1.53011025083143
2.5,2.54889528542551,2.63564137302202
2.7,2.34233354740878,2.38760060085435
2.6,2.23759673477321,1.87749370308866
2.3,4.70119730697428,3.02474603854777
1.8,2.04744482766153,1.93459373356498
0.95,1.22107154973583,1.22988295174899
3.25,2.35757274492946,2.20635615124689
2.75,2.10630482001575,3.04273560186289
1.5,1.87674379702755,1.38891241725515
1.95,2.35058356547008,2.04249715042009
3.65,1.82464601098892,2.05039912243421
2.75,1.88219713025629,1.95395289766121
2.1,1.44011391411645,1.27877838663148
3,3.06590849531916,3.43360485358094
3.15,2.19066674975637,2.5724294750121
4.4,2.24199322382388,2.64184369524479
2.75,1.90379667362137,2.07403909058701
3.9,2.56004802670968,2.44710029941266
2.7,1.67526662700785,1.92180262633843
1.4,1.85382226327991,2.10894357299692
2.35,2.1999106240345,1.97349490518399
2.65,2.60634629483551,2.57787434824904
1.6,1.9896570598808,1.86211645753705
1.9,2.25401675987614,2.02199625104594
1.35,2.54444896103266,2.54349204182688
2.25,2.48718723596168,2.19801012777341
1.5,2.14067115842042,1.98752108390188
2.35,2.41112757972912,2.13227374727664
1.4,1.4040470740032,1.63086998469782
1.35,1.30582696558416,1.21961027142796
2,1.40256005300411,1.46170761778917
2.65,1.98254608168352,2.83449244306206
2.05,1.92778501379938,2.14285508141735
2.5,2.28295644859791,2.78967226129846
2.05,2.23527436444801,1.62868665871869
2.45,1.75931719750906,1.58358154630868
1.6,2.27303981760776,2.15149706666317
1.7,1.16682899979554,1.20229967813885
8.15,3.17608620186492,2.65877768375375
2.45,1.87113633543076,2.26913682971325
2.95,3.19584059123571,3.04262344839793
2.45,1.7221069151236,2.03537484573765
1.1,1.37179124454758,1.61746744959752
3.4,2.36903617403956,2.75090271280965
1,1.19665462940707,1.32548133530206
2,3.67242414618831,3.56125761047794
1.25,1.77609012855723,1.63131743296893
1.45,1.54485861349645,1.3639436564713
1.35,2.14631026218223,2.1885769786926
1.8,1.60005732133676,1.78424727078943
2.1,1.61367886193497,1.56351111986749
3,2.2972088924528,1.97210570069259
5.15,3.54558254624177,3.21782454973968
3.3,1.69645125743854,1.94977973426918
1.15,1.24370087846775,1.30679536082308
1.85,1.31991024243156,1.5355451825361
2.05,1.73821309382637,1.60602249797629
2.1,2.15853725698656,1.53962537759264
0.8,1.51656523099397,1.42436380649334
1.85,1.59432168858805,2.14521433492045
1.25,1.38663580436241,1.55059037680463
1.35,1.16535322599967,0.990537669383417
1.75,1.31975893562359,1.95840474741626
1.2,1.31383014214019,1.347670161067
1.6,1.90137026893065,1.98769720912697
2.4,2.36933647386111,2.19770699846885
1.9,2.03133349051628,2.10725608682406
1.8,1.85289811310881,1.95800395811382
1.6,1.87608154936703,1.69657657437126
0.7,0.888601791107486,1.12535098222788
1.45,3.05925452584123,3.39583287746439
2,1.34259685602319,1.46384328450588
2.4,1.79521014707646,1.79239752531838
1.4,1.44691404792215,1.48824563684065
2.5,2.21006022700733,2.49640358226832
1.35,1.55254147138544,1.61854884841347
0.9,1.34700525427154,1.60240573999784
2.7,1.50942600101516,1.32272085407106
2.8,2.07565737319149,2.68361072604814
3.4,2.28051885759865,3.21890227194499
1.1,1.29111153968443,1.3123221740879
2.05,1.85448881021363,1.88968106887428
1.6,2.01152098303635,2.3668348413659
0.85,2.03819062745568,2.15913391219666
2.2,2.18309924978337,2.52944048326469
0.7,0.826578505642565,1.07463788504779
1.3,0.772246722441054,0.91047140062643
1.3,1.56490201812537,1.79195752358762
2.15,1.97255733595246,2.44933574655491
2.65,2.61634059448675,2.6080325501068
1,1.21968082306428,1.16409877988716
2.05,1.85612403499412,1.80087703523116
1.6,0.903103450182132,1.6139595657798
2.45,2.27859182432619,2.00060905648064
2.35,1.79688376861428,1.50530133834932
1.65,1.23923403749026,1.30145044907553
2.65,2.32834403656623,1.97682098816911
2.05,1.42147097138287,1.66735845358613
0.6,0.632530784279912,0.888632006711888
1.05,1.47482297318003,1.2787434821229
2.55,2.1442374800704,2.24515706865982
1.7,1.6353739091849,2.11595057194878
1.1,2.13786318416956,2.91302917603783
1.2,2.04949572873416,2.19990725374831
2,1.42541562842144,1.8028190060759
2.85,1.8014739331712,1.70484742760519
3.2,1.65367321824343,1.53291019069888
1.65,1.85647284281488,1.59791794427927
1.3,1.89836895241252,1.49284252555973
1.25,1.75088756027734,1.6466965141205
2.15,2.26450822798933,2.31469731286042
2.25,1.94567977201639,1.99591781445324
1.2,1.78605461101561,1.43935876285103
1.25,2.04706250058929,1.49697376196862
6.05,3.75708237740206,3.4892649870542
4.05,2.12434124990314,2.1977888603629
2,1.77355183922242,2.21594881234029
2.05,2.00382960803153,2.66090527148672
3.25,2.39491059667668,1.57525120266437
3.9,2.80007618550934,2.8803052620225
3,1.93833521934534,2.06801122358536
2.8,1.8546664796579,2.25784210677577
3.25,2.06373673519979,2.14671430638403
3.8,2.32979569078543,2.48081813521736
2.1,1.65365309953367,1.70957283900312
2.8,2.04364120795226,2.50409900391553
2.25,1.90995001972628,1.99814930579464
2.3,1.71382185661212,1.6583083466099
2.85,2.75417964965807,2.77320305937237
1.5,1.87252440320322,1.43680770441583
1.75,1.97348588075151,1.77065257277028
2.05,2.02265455841342,1.9652365941172
2.95,3.04146555336737,2.52209223107732
1.8,1.68558188073826,2.03047900874992
1.7,2.72507125979037,2.00953528312147
4,2.48328441960709,2.43722427197307
1.1,2.12053026358149,1.71821358846939
1.1,1.61159361157938,1.56714799207518
1.55,2.15677854692338,1.43903347248501
2.1,1.95768283426188,2.30149933937921
1.3,1.67157427645588,1.66501570894451
1.25,1.95050244687711,1.63228167164828
2.2,2.02016751959967,2.39449648897776
1.35,1.46678936979609,1.51187224093822
1.55,3.10721210657436,2.81496413831353
2.35,1.74541932454948,1.55734906805792
1.3,1.65277315173608,1.76080321849747
1.3,1.93204142359557,1.46919432123686
1.75,1.63810614902171,1.65163462735318
1,0.941633705106607,1.13682393301115
4,3.33341106499378,3.61479135524822
7,3.34612681540865,3.666451833392
1.95,1.65281793667528,2.34861814763478
1.05,0.997883333436254,0.973357474625332
1.3,1.26050750503373,1.36903256398157
1,1.01658162810871,1.00793126452158
2,1.33698271309306,1.40315343948244
1.3,1.47282053187141,1.4132032404012
2,1.41685620350142,1.40843058973078
0.6,1.5672049933575,1.65697758765237
1.35,1.88900111763611,2.59712494740495
1.25,1.7437850541876,2.29752127769211
4.95,1.73009799372572,2.04206236169681
1.6,1.25272446890617,1.23579497521817
0.55,0.885392588376842,0.848599806456431
1.45,1.42322501800479,1.1363868907813
1.1,1.17010672616655,1.10845198331662
1.2,1.13947379909947,1.48953715048273
1.45,1.71306492584691,1.41222107164188
1.05,1.66448304859724,1.58504473178364
3,1.74525522134338,1.5884872324002
2.55,1.56033241817096,1.45300134952949
1.55,1.91157470465326,1.83213471523926
5.8,3.25274150612085,4.93485631655904
0.9,1.30513877759827,1.29090432589534
1.15,1.22808942475234,1.11384700477637
0.85,1.13149772302338,1.00574435976005
0.9,1.32343138428234,1.32325240174389
1.4,1.70164877715873,1.57348203483729
1.8,0.950581623156687,1.4791919143814
1.05,1.54691411229806,1.58446277030731
1.6,1.63215656119933,1.40449691369712
0.45,1.88720165926578,1.63538132731957
1.1,1.18131995231935,1.24150347861121
1.65,1.33827102474176,1.11055910828447
2.15,1.80559234260684,1.80433544764806
2.35,1.47383182478256,1.45692841896096
1.3,1.26467981345779,1.31201989247119
1.9,1.68427320482125,1.59800879669669
1.55,1.14158589834151,1.29986466480412
2.75,1.82731366755477,2.14266512712213
1.05,1.65978326247659,1.46290251615922
1.45,1.64907506896371,2.09720943288717
1.45,1.64087409613371,1.67635990722013
2.05,2.29418779413699,1.54267473103771
1.15,1.10859849407442,1.25063407783852
0.75,1.63332507116036,0.900281967151908
0.95,1.4830518536998,1.56828769154056
1.9,1.56752732154083,2.04229873838213
2.25,2.70731196134105,2.28679305405284
1.7,2.53225899425198,1.73103597908287
1.9,1.6976737406227,2.43712494595858
2.05,1.33943106109531,1.35534372168429
2.8,1.68426366516583,2.0955709312931
2.2,1.90461642865462,1.91411668365652
1.95,1.97377914713313,1.89011379169297
1.85,1.93346648770786,1.90819625906245
2.2,1.69042972839832,2.05753447948639
2.45,2.13928209457386,2.13707427331088
2.1,1.25987160672528,1.55657167809672
2.15,1.57279611493639,1.32062754926173
1.7,2.29317878650514,2.79690927187952
1.65,1.42567857616064,1.54509535346307
0.85,1.18747040481239,1.32869332921701
1.75,1.79721235999098,1.94136476962667
0.85,1.14272459045307,1.01963691158778
0.95,1.23413349337253,1.36025890430387
1.65,1.46613760491417,2.22617517330891
1.7,1.82542535504751,2.07475271477746
1,1.50497893110936,1.74229899611579
1.05,1.99048346731423,1.58728885363713
2.8,2.54144371659389,2.23289743309054
1.4,1.37943942016395,1.44232969497959
3.55,4.60288502708346,2.41589476064849
1.95,1.35542858030593,1.56279644010088
4.3,2.80095184200606,2.53190816658571
1.35,1.32035446429362,1.69685322814758
2.1,1.770563614817,1.88622191107782
1.35,1.61199884520195,1.64423716351965
1.45,1.7536311584932,2.22411411522634
1.65,1.85876787087843,2.0704463935272
1.8,1.57784889391287,2.01643723422732
2.2,1.67211811807585,1.50122556498098
1.8,1.52721216115802,1.68496027429422
1.75,1.08858413414405,1.63967129579437
1.5,1.32376821387929,1.64805806152214
1.6,2.20447195648906,1.81160347632908
2.4,1.73949466963866,1.72603603846148
1.55,2.24889074706248,1.99599495716824
1.7,2.36859589771879,2.40092555739719
3.5,2.1967398165737,2.21262482581717
2.45,1.78472725218837,1.87655976029318
1.95,1.54929589185988,2.23852270011317
1.8,1.96106692195481,1.91062174087737
5.45,4.20956843291775,3.11785271266342
1.55,1.68596403215135,1.60255622213056
3.25,2.91400763121711,2.99073854561582
1.75,1.59922630025831,1.60069948232844
3.45,2.37475471986912,2.354291893636
1.05,1.44060775023775,1.85431194862691
1.65,2.03781662161538,1.65384305619372
4.1,1.53761712201369,1.58053127754488
1.65,2.5972014822593,2.3175582637957
1.85,1.9841459239318,2.11028735757512
1.55,1.55751475687785,1.74549379283085
2.3,2.00413864801766,2.48070166283677
2,1.95366237218336,1.98282023320698
1.4,1.76332672440601,1.81069966421648
2,1.89717223529638,1.43127594393674
1.5,1.7266288963052,1.61380796898744
2.05,3.10186775941022,3.12511661626069
3.65,2.10761334600331,2.55780509227892
4.45,2.7553503040372,2.38104515893199
1.85,1.28761303757789,1.8193779065848
1.7,2.14613601691815,1.90986431619819
3.5,3.59017137451181,3.55434602437029
2.95,1.82875687993679,1.65206222082306
3.05,2.81914587141818,2.93670336177684
2.95,2.66862841352719,2.19391608785424
2.35,1.8066640989847,2.57227390680425
1.55,1.85406204074193,1.74951673403997
2.1,1.88309210544087,1.78403500655101
2.35,1.67717008104784,1.74875105657292
1.35,1.2042107836439,1.78399578141285
1.4,1.69474134191625,1.90326293995824
1.45,2.3596986161254,2.03800063646264
1.5,3.52621592176905,2.56851751382737
2.3,2.1675199528506,2.07622306227967
4.25,2.83386619600254,2.46010997627484
1.75,2.03705945986699,1.63169535548403
3.8,2.35279818045949,2.34838477237818
1.95,1.87812861068362,1.86397635716589
4.95,2.68936495898389,1.81057912047088
1.95,1.22959989227742,1.07866011539459
1.25,1.31216287501495,1.61241427123942
